=== ts=1777256262 ===
Name:             hermod-coordinator-6b6ff849ff-ljl7h
Namespace:        coord-only
Priority:         0
Service Account:  default
Node:             <pi-host>/<pi-ip>
Start Time:       Mon, 27 Apr 2026 04:16:51 +0200
Labels:           app=hermod-coordinator
                  pod-template-hash=6b6ff849ff
Annotations:      cni.projectcalico.org/containerID: 65914434474649dba771d4b2431992103331e35491b31fb9900d17155f551459
                  cni.projectcalico.org/podIP: <pod-ip>/32
                  cni.projectcalico.org/podIPs: <pod-ip>/32
Status:           Running
IP:               <pod-ip>
IPs:
  IP:           <pod-ip>
Controlled By:  ReplicaSet/hermod-coordinator-6b6ff849ff
Init Containers:
  wait-for-postgres:
    Container ID:  containerd://e3cc5a720ea638ffe99c5ffa9d2c3585051426f28ba8cff4d7582443a3e4d8e4
    Image:         busybox:1.36
    Image ID:      docker.io/library/busybox@sha256:73aaf090f3d85aa34ee199857f03fa3a95c8ede2ffd4cc2cdb5b94e566b11662
    Port:          <none>
    Host Port:     <none>
    Command:
      sh
      -c
      until nc -z postgres 5432; do sleep 2; done
    State:          Terminated
      Reason:       Completed
      Exit Code:    0
      Started:      Mon, 27 Apr 2026 04:16:52 +0200
      Finished:     Mon, 27 Apr 2026 04:17:04 +0200
    Ready:          True
    Restart Count:  0
    Environment:    <none>
    Mounts:
      /var/run/secrets/kubernetes.io/serviceaccount from kube-api-access-x92ss (ro)
  wait-for-nanomq:
    Container ID:  containerd://c233eb0b1637c82ca28937ef1858f82e05cf885794579e32e57fe9a25dec4e2c
    Image:         busybox:1.36
    Image ID:      docker.io/library/busybox@sha256:73aaf090f3d85aa34ee199857f03fa3a95c8ede2ffd4cc2cdb5b94e566b11662
    Port:          <none>
    Host Port:     <none>
    Command:
      sh
      -c
      until nc -z nanomq 1883; do sleep 2; done
    State:          Terminated
      Reason:       Completed
      Exit Code:    0
      Started:      Mon, 27 Apr 2026 04:17:05 +0200
      Finished:     Mon, 27 Apr 2026 04:17:05 +0200
    Ready:          True
    Restart Count:  0
    Environment:    <none>
    Mounts:
      /var/run/secrets/kubernetes.io/serviceaccount from kube-api-access-x92ss (ro)
Containers:
  hermod-coordinator:
    Container ID:   containerd://5e27ffbb5bab1670da28270de2416671806fd51168401a1b71c30a84e8e9eb65
    Image:          hermod-coordinator:latest
    Image ID:       sha256:ca91ccdfcd269dd5e4e25d5ffe8d863ca5db57e5c4f62f08c8adf90d23c15eaf
    Port:           42069/TCP (http)
    Host Port:      0/TCP (http)
    State:          Running
      Started:      Mon, 27 Apr 2026 04:17:06 +0200
    Ready:          True
    Restart Count:  0
    Limits:
      cpu:     1500m
      memory:  1536Mi
    Requests:
      cpu:      200m
      memory:   256Mi
    Liveness:   http-get http://:42069/healthz delay=60s timeout=1s period=30s #success=1 #failure=3
    Readiness:  http-get http://:42069/healthz/ready delay=5s timeout=1s period=10s #success=1 #failure=3
    Startup:    http-get http://:42069/healthz delay=0s timeout=1s period=5s #success=1 #failure=30
    Environment:
      ASPNETCORE_ENVIRONMENT:               Production
      ASPNETCORE_URLS:                      http://+:42069
      DOTNET_USE_POLLING_FILE_WATCHER:      true
      Hermod__Security__AuthBypass:         true
      Hermod__Security__VaultRequireHttps:  false
      Hermod__Features__MetricsEndpoint:    true
      Hermod__Dev__Endpoints:               true
      Hermod__Mqtt__Host:                   nanomq
      Hermod__Mqtt__Port:                   1883
      Hermod__Mqtt__UseTls:                 false
      Hermod__Mqtt__Tls__UseTls:            false
      Hermod__Mqtt__Username:               <set to the key 'mqtt-username' in secret 'hermod-secrets'>  Optional: false
      Hermod__Mqtt__Password:               <set to the key 'mqtt-password' in secret 'hermod-secrets'>  Optional: false
      Hermod__Database__ConnectionString:   Host=postgres;Port=5432;Database=hermod;Username=hermod_app
      Hermod__Database__Password:           <set to the key 'hermod-db-password' in secret 'hermod-db-credentials'>  Optional: false
    Mounts:
      /var/run/secrets/kubernetes.io/serviceaccount from kube-api-access-x92ss (ro)
Conditions:
  Type                        Status
  PodReadyToStartContainers   True 
  Initialized                 True 
  Ready                       True 
  ContainersReady             True 
  PodScheduled                True 
Volumes:
  kube-api-access-x92ss:
    Type:                    Projected (a volume that contains injected data from multiple sources)
    TokenExpirationSeconds:  3607
    ConfigMapName:           kube-root-ca.crt
    Optional:                false
    DownwardAPI:             true
QoS Class:                   Burstable
Node-Selectors:              <none>
Tolerations:                 node.kubernetes.io/not-ready:NoExecute op=Exists for 300s
                             node.kubernetes.io/unreachable:NoExecute op=Exists for 300s
Events:
  Type    Reason     Age   From               Message
  ----    ------     ----  ----               -------
  Normal  Scheduled  51s   default-scheduler  Successfully assigned coord-only/hermod-coordinator-6b6ff849ff-ljl7h to <pi-host>
  Normal  Pulled     50s   kubelet            spec.initContainers{wait-for-postgres}: Container image "busybox:1.36" already present on machine
  Normal  Created    50s   kubelet            spec.initContainers{wait-for-postgres}: Created container: wait-for-postgres
  Normal  Started    50s   kubelet            spec.initContainers{wait-for-postgres}: Started container wait-for-postgres
  Normal  Pulled     37s   kubelet            spec.initContainers{wait-for-nanomq}: Container image "busybox:1.36" already present on machine
  Normal  Created    37s   kubelet            spec.initContainers{wait-for-nanomq}: Created container: wait-for-nanomq
  Normal  Started    37s   kubelet            spec.initContainers{wait-for-nanomq}: Started container wait-for-nanomq
  Normal  Pulled     36s   kubelet            spec.containers{hermod-coordinator}: Container image "hermod-coordinator:latest" already present on machine
  Normal  Created    36s   kubelet            spec.containers{hermod-coordinator}: Created container: hermod-coordinator
  Normal  Started    36s   kubelet            spec.containers{hermod-coordinator}: Started container hermod-coordinator


Name:             nanomq-7c49cc5d49-f4gtc
Namespace:        coord-only
Priority:         0
Service Account:  default
Node:             <pi-host>/<pi-ip>
Start Time:       Mon, 27 Apr 2026 04:16:51 +0200
Labels:           app=nanomq
                  pod-template-hash=7c49cc5d49
Annotations:      cni.projectcalico.org/containerID: 2f59c3687386fdbdbd9ad0cc3feb23976b03f94891cc90215bc3bc9ebc71f669
                  cni.projectcalico.org/podIP: <pod-ip>/32
                  cni.projectcalico.org/podIPs: <pod-ip>/32
Status:           Running
IP:               <pod-ip>
IPs:
  IP:           <pod-ip>
Controlled By:  ReplicaSet/nanomq-7c49cc5d49
Containers:
  nanomq:
    Container ID:   containerd://012c0814cfca7915f4e33fb84263528087b9060474093c358336374526ff4d07
    Image:          emqx/nanomq:0.21-slim
    Image ID:       docker.io/emqx/nanomq@sha256:53bea7acb547aced1cc45e08c514628f1e41c4da9ad544fd8c5fa96d3e9eb41b
    Ports:          1883/TCP (mqtt), 8081/TCP (http)
    Host Ports:     0/TCP (mqtt), 0/TCP (http)
    State:          Running
      Started:      Mon, 27 Apr 2026 04:16:52 +0200
    Ready:          True
    Restart Count:  0
    Limits:
      cpu:     1
      memory:  512Mi
    Requests:
      cpu:        50m
      memory:     64Mi
    Liveness:     tcp-socket :1883 delay=10s timeout=1s period=10s #success=1 #failure=3
    Readiness:    tcp-socket :1883 delay=3s timeout=1s period=5s #success=1 #failure=3
    Environment:  <none>
    Mounts:
      /etc/nanomq.conf from config (rw,path="nanomq.conf")
      /var/run/secrets/kubernetes.io/serviceaccount from kube-api-access-m8n2d (ro)
Conditions:
  Type                        Status
  PodReadyToStartContainers   True 
  Initialized                 True 
  Ready                       True 
  ContainersReady             True 
  PodScheduled                True 
Volumes:
  config:
    Type:      ConfigMap (a volume populated by a ConfigMap)
    Name:      nanomq-config
    Optional:  false
  kube-api-access-m8n2d:
    Type:                    Projected (a volume that contains injected data from multiple sources)
    TokenExpirationSeconds:  3607
    ConfigMapName:           kube-root-ca.crt
    Optional:                false
    DownwardAPI:             true
QoS Class:                   Burstable
Node-Selectors:              <none>
Tolerations:                 node.kubernetes.io/not-ready:NoExecute op=Exists for 300s
                             node.kubernetes.io/unreachable:NoExecute op=Exists for 300s
Events:
  Type    Reason     Age   From               Message
  ----    ------     ----  ----               -------
  Normal  Scheduled  51s   default-scheduler  Successfully assigned coord-only/nanomq-7c49cc5d49-f4gtc to <pi-host>
  Normal  Pulled     51s   kubelet            spec.containers{nanomq}: Container image "emqx/nanomq:0.21-slim" already present on machine
  Normal  Created    50s   kubelet            spec.containers{nanomq}: Created container: nanomq
  Normal  Started    50s   kubelet            spec.containers{nanomq}: Started container nanomq


Name:             postgres-0
Namespace:        coord-only
Priority:         0
Service Account:  default
Node:             <pi-host>/<pi-ip>
Start Time:       Mon, 27 Apr 2026 04:16:57 +0200
Labels:           app=postgres
                  apps.kubernetes.io/pod-index=0
                  controller-revision-hash=postgres-6497897965
                  statefulset.kubernetes.io/pod-name=postgres-0
Annotations:      cni.projectcalico.org/containerID: 69fb4823b666d3d2a1395c00ab9b26a33337431372918fb41d9f85f42d91a056
                  cni.projectcalico.org/podIP: <pod-ip>/32
                  cni.projectcalico.org/podIPs: <pod-ip>/32
Status:           Running
IP:               <pod-ip>
IPs:
  IP:           <pod-ip>
Controlled By:  StatefulSet/postgres
Containers:
  postgres:
    Container ID:  containerd://adf8585ccc9b705cf0261f22f8e1c254a24670c72b998bb7a052f31e3a5ae5be
    Image:         postgres:17-alpine
    Image ID:      docker.io/library/postgres@sha256:778d0b486d6daa02b77434d0358ec57a1b21fd8b6d22ac2eef56a33e816928f6
    Port:          5432/TCP
    Host Port:     0/TCP
    Args:
      -c
      shared_buffers=256MB
      -c
      max_connections=200
      -c
      work_mem=16MB
    State:          Running
      Started:      Mon, 27 Apr 2026 04:16:58 +0200
    Ready:          True
    Restart Count:  0
    Limits:
      cpu:     1500m
      memory:  1536Mi
    Requests:
      cpu:      100m
      memory:   256Mi
    Liveness:   exec [pg_isready -U postgres] delay=30s timeout=1s period=10s #success=1 #failure=3
    Readiness:  exec [pg_isready -U postgres] delay=5s timeout=1s period=5s #success=1 #failure=3
    Environment:
      POSTGRES_DB:        postgres
      POSTGRES_USER:      postgres
      POSTGRES_PASSWORD:  <set to the key 'postgres-superuser-password' in secret 'hermod-secrets'>  Optional: false
    Mounts:
      /docker-entrypoint-initdb.d from init (rw)
      /var/lib/postgresql/data from data (rw)
      /var/run/secrets/kubernetes.io/serviceaccount from kube-api-access-79j56 (ro)
Conditions:
  Type                        Status
  PodReadyToStartContainers   True 
  Initialized                 True 
  Ready                       True 
  ContainersReady             True 
  PodScheduled                True 
Volumes:
  data:
    Type:       PersistentVolumeClaim (a reference to a PersistentVolumeClaim in the same namespace)
    ClaimName:  data-postgres-0
    ReadOnly:   false
  init:
    Type:      ConfigMap (a volume populated by a ConfigMap)
    Name:      postgres-init
    Optional:  false
  kube-api-access-79j56:
    Type:                    Projected (a volume that contains injected data from multiple sources)
    TokenExpirationSeconds:  3607
    ConfigMapName:           kube-root-ca.crt
    Optional:                false
    DownwardAPI:             true
QoS Class:                   Burstable
Node-Selectors:              <none>
Tolerations:                 node.kubernetes.io/not-ready:NoExecute op=Exists for 300s
                             node.kubernetes.io/unreachable:NoExecute op=Exists for 300s
Events:
  Type    Reason     Age   From               Message
  ----    ------     ----  ----               -------
  Normal  Scheduled  45s   default-scheduler  Successfully assigned coord-only/postgres-0 to <pi-host>
  Normal  Pulled     45s   kubelet            spec.containers{postgres}: Container image "postgres:17-alpine" already present on machine
  Normal  Created    45s   kubelet            spec.containers{postgres}: Created container: postgres
  Normal  Started    44s   kubelet            spec.containers{postgres}: Started container postgres

=== ts=1777256273 ===
Name:             hermod-coordinator-6b6ff849ff-ljl7h
Namespace:        coord-only
Priority:         0
Service Account:  default
Node:             <pi-host>/<pi-ip>
Start Time:       Mon, 27 Apr 2026 04:16:51 +0200
Labels:           app=hermod-coordinator
                  pod-template-hash=6b6ff849ff
Annotations:      cni.projectcalico.org/containerID: 65914434474649dba771d4b2431992103331e35491b31fb9900d17155f551459
                  cni.projectcalico.org/podIP: <pod-ip>/32
                  cni.projectcalico.org/podIPs: <pod-ip>/32
Status:           Running
IP:               <pod-ip>
IPs:
  IP:           <pod-ip>
Controlled By:  ReplicaSet/hermod-coordinator-6b6ff849ff
Init Containers:
  wait-for-postgres:
    Container ID:  containerd://e3cc5a720ea638ffe99c5ffa9d2c3585051426f28ba8cff4d7582443a3e4d8e4
    Image:         busybox:1.36
    Image ID:      docker.io/library/busybox@sha256:73aaf090f3d85aa34ee199857f03fa3a95c8ede2ffd4cc2cdb5b94e566b11662
    Port:          <none>
    Host Port:     <none>
    Command:
      sh
      -c
      until nc -z postgres 5432; do sleep 2; done
    State:          Terminated
      Reason:       Completed
      Exit Code:    0
      Started:      Mon, 27 Apr 2026 04:16:52 +0200
      Finished:     Mon, 27 Apr 2026 04:17:04 +0200
    Ready:          True
    Restart Count:  0
    Environment:    <none>
    Mounts:
      /var/run/secrets/kubernetes.io/serviceaccount from kube-api-access-x92ss (ro)
  wait-for-nanomq:
    Container ID:  containerd://c233eb0b1637c82ca28937ef1858f82e05cf885794579e32e57fe9a25dec4e2c
    Image:         busybox:1.36
    Image ID:      docker.io/library/busybox@sha256:73aaf090f3d85aa34ee199857f03fa3a95c8ede2ffd4cc2cdb5b94e566b11662
    Port:          <none>
    Host Port:     <none>
    Command:
      sh
      -c
      until nc -z nanomq 1883; do sleep 2; done
    State:          Terminated
      Reason:       Completed
      Exit Code:    0
      Started:      Mon, 27 Apr 2026 04:17:05 +0200
      Finished:     Mon, 27 Apr 2026 04:17:05 +0200
    Ready:          True
    Restart Count:  0
    Environment:    <none>
    Mounts:
      /var/run/secrets/kubernetes.io/serviceaccount from kube-api-access-x92ss (ro)
Containers:
  hermod-coordinator:
    Container ID:   containerd://5e27ffbb5bab1670da28270de2416671806fd51168401a1b71c30a84e8e9eb65
    Image:          hermod-coordinator:latest
    Image ID:       sha256:ca91ccdfcd269dd5e4e25d5ffe8d863ca5db57e5c4f62f08c8adf90d23c15eaf
    Port:           42069/TCP (http)
    Host Port:      0/TCP (http)
    State:          Running
      Started:      Mon, 27 Apr 2026 04:17:06 +0200
    Ready:          True
    Restart Count:  0
    Limits:
      cpu:     1500m
      memory:  1536Mi
    Requests:
      cpu:      200m
      memory:   256Mi
    Liveness:   http-get http://:42069/healthz delay=60s timeout=1s period=30s #success=1 #failure=3
    Readiness:  http-get http://:42069/healthz/ready delay=5s timeout=1s period=10s #success=1 #failure=3
    Startup:    http-get http://:42069/healthz delay=0s timeout=1s period=5s #success=1 #failure=30
    Environment:
      ASPNETCORE_ENVIRONMENT:               Production
      ASPNETCORE_URLS:                      http://+:42069
      DOTNET_USE_POLLING_FILE_WATCHER:      true
      Hermod__Security__AuthBypass:         true
      Hermod__Security__VaultRequireHttps:  false
      Hermod__Features__MetricsEndpoint:    true
      Hermod__Dev__Endpoints:               true
      Hermod__Mqtt__Host:                   nanomq
      Hermod__Mqtt__Port:                   1883
      Hermod__Mqtt__UseTls:                 false
      Hermod__Mqtt__Tls__UseTls:            false
      Hermod__Mqtt__Username:               <set to the key 'mqtt-username' in secret 'hermod-secrets'>  Optional: false
      Hermod__Mqtt__Password:               <set to the key 'mqtt-password' in secret 'hermod-secrets'>  Optional: false
      Hermod__Database__ConnectionString:   Host=postgres;Port=5432;Database=hermod;Username=hermod_app
      Hermod__Database__Password:           <set to the key 'hermod-db-password' in secret 'hermod-db-credentials'>  Optional: false
    Mounts:
      /var/run/secrets/kubernetes.io/serviceaccount from kube-api-access-x92ss (ro)
Conditions:
  Type                        Status
  PodReadyToStartContainers   True 
  Initialized                 True 
  Ready                       True 
  ContainersReady             True 
  PodScheduled                True 
Volumes:
  kube-api-access-x92ss:
    Type:                    Projected (a volume that contains injected data from multiple sources)
    TokenExpirationSeconds:  3607
    ConfigMapName:           kube-root-ca.crt
    Optional:                false
    DownwardAPI:             true
QoS Class:                   Burstable
Node-Selectors:              <none>
Tolerations:                 node.kubernetes.io/not-ready:NoExecute op=Exists for 300s
                             node.kubernetes.io/unreachable:NoExecute op=Exists for 300s
Events:
  Type    Reason     Age   From               Message
  ----    ------     ----  ----               -------
  Normal  Scheduled  62s   default-scheduler  Successfully assigned coord-only/hermod-coordinator-6b6ff849ff-ljl7h to <pi-host>
  Normal  Pulled     61s   kubelet            spec.initContainers{wait-for-postgres}: Container image "busybox:1.36" already present on machine
  Normal  Created    61s   kubelet            spec.initContainers{wait-for-postgres}: Created container: wait-for-postgres
  Normal  Started    61s   kubelet            spec.initContainers{wait-for-postgres}: Started container wait-for-postgres
  Normal  Pulled     48s   kubelet            spec.initContainers{wait-for-nanomq}: Container image "busybox:1.36" already present on machine
  Normal  Created    48s   kubelet            spec.initContainers{wait-for-nanomq}: Created container: wait-for-nanomq
  Normal  Started    48s   kubelet            spec.initContainers{wait-for-nanomq}: Started container wait-for-nanomq
  Normal  Pulled     47s   kubelet            spec.containers{hermod-coordinator}: Container image "hermod-coordinator:latest" already present on machine
  Normal  Created    47s   kubelet            spec.containers{hermod-coordinator}: Created container: hermod-coordinator
  Normal  Started    47s   kubelet            spec.containers{hermod-coordinator}: Started container hermod-coordinator


Name:             nanomq-7c49cc5d49-f4gtc
Namespace:        coord-only
Priority:         0
Service Account:  default
Node:             <pi-host>/<pi-ip>
Start Time:       Mon, 27 Apr 2026 04:16:51 +0200
Labels:           app=nanomq
                  pod-template-hash=7c49cc5d49
Annotations:      cni.projectcalico.org/containerID: 2f59c3687386fdbdbd9ad0cc3feb23976b03f94891cc90215bc3bc9ebc71f669
                  cni.projectcalico.org/podIP: <pod-ip>/32
                  cni.projectcalico.org/podIPs: <pod-ip>/32
Status:           Running
IP:               <pod-ip>
IPs:
  IP:           <pod-ip>
Controlled By:  ReplicaSet/nanomq-7c49cc5d49
Containers:
  nanomq:
    Container ID:   containerd://012c0814cfca7915f4e33fb84263528087b9060474093c358336374526ff4d07
    Image:          emqx/nanomq:0.21-slim
    Image ID:       docker.io/emqx/nanomq@sha256:53bea7acb547aced1cc45e08c514628f1e41c4da9ad544fd8c5fa96d3e9eb41b
    Ports:          1883/TCP (mqtt), 8081/TCP (http)
    Host Ports:     0/TCP (mqtt), 0/TCP (http)
    State:          Running
      Started:      Mon, 27 Apr 2026 04:16:52 +0200
    Ready:          True
    Restart Count:  0
    Limits:
      cpu:     1
      memory:  512Mi
    Requests:
      cpu:        50m
      memory:     64Mi
    Liveness:     tcp-socket :1883 delay=10s timeout=1s period=10s #success=1 #failure=3
    Readiness:    tcp-socket :1883 delay=3s timeout=1s period=5s #success=1 #failure=3
    Environment:  <none>
    Mounts:
      /etc/nanomq.conf from config (rw,path="nanomq.conf")
      /var/run/secrets/kubernetes.io/serviceaccount from kube-api-access-m8n2d (ro)
Conditions:
  Type                        Status
  PodReadyToStartContainers   True 
  Initialized                 True 
  Ready                       True 
  ContainersReady             True 
  PodScheduled                True 
Volumes:
  config:
    Type:      ConfigMap (a volume populated by a ConfigMap)
    Name:      nanomq-config
    Optional:  false
  kube-api-access-m8n2d:
    Type:                    Projected (a volume that contains injected data from multiple sources)
    TokenExpirationSeconds:  3607
    ConfigMapName:           kube-root-ca.crt
    Optional:                false
    DownwardAPI:             true
QoS Class:                   Burstable
Node-Selectors:              <none>
Tolerations:                 node.kubernetes.io/not-ready:NoExecute op=Exists for 300s
                             node.kubernetes.io/unreachable:NoExecute op=Exists for 300s
Events:
  Type    Reason     Age   From               Message
  ----    ------     ----  ----               -------
  Normal  Scheduled  62s   default-scheduler  Successfully assigned coord-only/nanomq-7c49cc5d49-f4gtc to <pi-host>
  Normal  Pulled     62s   kubelet            spec.containers{nanomq}: Container image "emqx/nanomq:0.21-slim" already present on machine
  Normal  Created    61s   kubelet            spec.containers{nanomq}: Created container: nanomq
  Normal  Started    61s   kubelet            spec.containers{nanomq}: Started container nanomq


Name:             postgres-0
Namespace:        coord-only
Priority:         0
Service Account:  default
Node:             <pi-host>/<pi-ip>
Start Time:       Mon, 27 Apr 2026 04:16:57 +0200
Labels:           app=postgres
                  apps.kubernetes.io/pod-index=0
                  controller-revision-hash=postgres-6497897965
                  statefulset.kubernetes.io/pod-name=postgres-0
Annotations:      cni.projectcalico.org/containerID: 69fb4823b666d3d2a1395c00ab9b26a33337431372918fb41d9f85f42d91a056
                  cni.projectcalico.org/podIP: <pod-ip>/32
                  cni.projectcalico.org/podIPs: <pod-ip>/32
Status:           Running
IP:               <pod-ip>
IPs:
  IP:           <pod-ip>
Controlled By:  StatefulSet/postgres
Containers:
  postgres:
    Container ID:  containerd://adf8585ccc9b705cf0261f22f8e1c254a24670c72b998bb7a052f31e3a5ae5be
    Image:         postgres:17-alpine
    Image ID:      docker.io/library/postgres@sha256:778d0b486d6daa02b77434d0358ec57a1b21fd8b6d22ac2eef56a33e816928f6
    Port:          5432/TCP
    Host Port:     0/TCP
    Args:
      -c
      shared_buffers=256MB
      -c
      max_connections=200
      -c
      work_mem=16MB
    State:          Running
      Started:      Mon, 27 Apr 2026 04:16:58 +0200
    Ready:          True
    Restart Count:  0
    Limits:
      cpu:     1500m
      memory:  1536Mi
    Requests:
      cpu:      100m
      memory:   256Mi
    Liveness:   exec [pg_isready -U postgres] delay=30s timeout=1s period=10s #success=1 #failure=3
    Readiness:  exec [pg_isready -U postgres] delay=5s timeout=1s period=5s #success=1 #failure=3
    Environment:
      POSTGRES_DB:        postgres
      POSTGRES_USER:      postgres
      POSTGRES_PASSWORD:  <set to the key 'postgres-superuser-password' in secret 'hermod-secrets'>  Optional: false
    Mounts:
      /docker-entrypoint-initdb.d from init (rw)
      /var/lib/postgresql/data from data (rw)
      /var/run/secrets/kubernetes.io/serviceaccount from kube-api-access-79j56 (ro)
Conditions:
  Type                        Status
  PodReadyToStartContainers   True 
  Initialized                 True 
  Ready                       True 
  ContainersReady             True 
  PodScheduled                True 
Volumes:
  data:
    Type:       PersistentVolumeClaim (a reference to a PersistentVolumeClaim in the same namespace)
    ClaimName:  data-postgres-0
    ReadOnly:   false
  init:
    Type:      ConfigMap (a volume populated by a ConfigMap)
    Name:      postgres-init
    Optional:  false
  kube-api-access-79j56:
    Type:                    Projected (a volume that contains injected data from multiple sources)
    TokenExpirationSeconds:  3607
    ConfigMapName:           kube-root-ca.crt
    Optional:                false
    DownwardAPI:             true
QoS Class:                   Burstable
Node-Selectors:              <none>
Tolerations:                 node.kubernetes.io/not-ready:NoExecute op=Exists for 300s
                             node.kubernetes.io/unreachable:NoExecute op=Exists for 300s
Events:
  Type    Reason     Age   From               Message
  ----    ------     ----  ----               -------
  Normal  Scheduled  56s   default-scheduler  Successfully assigned coord-only/postgres-0 to <pi-host>
  Normal  Pulled     56s   kubelet            spec.containers{postgres}: Container image "postgres:17-alpine" already present on machine
  Normal  Created    56s   kubelet            spec.containers{postgres}: Created container: postgres
  Normal  Started    55s   kubelet            spec.containers{postgres}: Started container postgres

=== ts=1777256284 ===
Name:             hermod-coordinator-6b6ff849ff-ljl7h
Namespace:        coord-only
Priority:         0
Service Account:  default
Node:             <pi-host>/<pi-ip>
Start Time:       Mon, 27 Apr 2026 04:16:51 +0200
Labels:           app=hermod-coordinator
                  pod-template-hash=6b6ff849ff
Annotations:      cni.projectcalico.org/containerID: 65914434474649dba771d4b2431992103331e35491b31fb9900d17155f551459
                  cni.projectcalico.org/podIP: <pod-ip>/32
                  cni.projectcalico.org/podIPs: <pod-ip>/32
Status:           Running
IP:               <pod-ip>
IPs:
  IP:           <pod-ip>
Controlled By:  ReplicaSet/hermod-coordinator-6b6ff849ff
Init Containers:
  wait-for-postgres:
    Container ID:  containerd://e3cc5a720ea638ffe99c5ffa9d2c3585051426f28ba8cff4d7582443a3e4d8e4
    Image:         busybox:1.36
    Image ID:      docker.io/library/busybox@sha256:73aaf090f3d85aa34ee199857f03fa3a95c8ede2ffd4cc2cdb5b94e566b11662
    Port:          <none>
    Host Port:     <none>
    Command:
      sh
      -c
      until nc -z postgres 5432; do sleep 2; done
    State:          Terminated
      Reason:       Completed
      Exit Code:    0
      Started:      Mon, 27 Apr 2026 04:16:52 +0200
      Finished:     Mon, 27 Apr 2026 04:17:04 +0200
    Ready:          True
    Restart Count:  0
    Environment:    <none>
    Mounts:
      /var/run/secrets/kubernetes.io/serviceaccount from kube-api-access-x92ss (ro)
  wait-for-nanomq:
    Container ID:  containerd://c233eb0b1637c82ca28937ef1858f82e05cf885794579e32e57fe9a25dec4e2c
    Image:         busybox:1.36
    Image ID:      docker.io/library/busybox@sha256:73aaf090f3d85aa34ee199857f03fa3a95c8ede2ffd4cc2cdb5b94e566b11662
    Port:          <none>
    Host Port:     <none>
    Command:
      sh
      -c
      until nc -z nanomq 1883; do sleep 2; done
    State:          Terminated
      Reason:       Completed
      Exit Code:    0
      Started:      Mon, 27 Apr 2026 04:17:05 +0200
      Finished:     Mon, 27 Apr 2026 04:17:05 +0200
    Ready:          True
    Restart Count:  0
    Environment:    <none>
    Mounts:
      /var/run/secrets/kubernetes.io/serviceaccount from kube-api-access-x92ss (ro)
Containers:
  hermod-coordinator:
    Container ID:   containerd://5e27ffbb5bab1670da28270de2416671806fd51168401a1b71c30a84e8e9eb65
    Image:          hermod-coordinator:latest
    Image ID:       sha256:ca91ccdfcd269dd5e4e25d5ffe8d863ca5db57e5c4f62f08c8adf90d23c15eaf
    Port:           42069/TCP (http)
    Host Port:      0/TCP (http)
    State:          Running
      Started:      Mon, 27 Apr 2026 04:17:06 +0200
    Ready:          True
    Restart Count:  0
    Limits:
      cpu:     1500m
      memory:  1536Mi
    Requests:
      cpu:      200m
      memory:   256Mi
    Liveness:   http-get http://:42069/healthz delay=60s timeout=1s period=30s #success=1 #failure=3
    Readiness:  http-get http://:42069/healthz/ready delay=5s timeout=1s period=10s #success=1 #failure=3
    Startup:    http-get http://:42069/healthz delay=0s timeout=1s period=5s #success=1 #failure=30
    Environment:
      ASPNETCORE_ENVIRONMENT:               Production
      ASPNETCORE_URLS:                      http://+:42069
      DOTNET_USE_POLLING_FILE_WATCHER:      true
      Hermod__Security__AuthBypass:         true
      Hermod__Security__VaultRequireHttps:  false
      Hermod__Features__MetricsEndpoint:    true
      Hermod__Dev__Endpoints:               true
      Hermod__Mqtt__Host:                   nanomq
      Hermod__Mqtt__Port:                   1883
      Hermod__Mqtt__UseTls:                 false
      Hermod__Mqtt__Tls__UseTls:            false
      Hermod__Mqtt__Username:               <set to the key 'mqtt-username' in secret 'hermod-secrets'>  Optional: false
      Hermod__Mqtt__Password:               <set to the key 'mqtt-password' in secret 'hermod-secrets'>  Optional: false
      Hermod__Database__ConnectionString:   Host=postgres;Port=5432;Database=hermod;Username=hermod_app
      Hermod__Database__Password:           <set to the key 'hermod-db-password' in secret 'hermod-db-credentials'>  Optional: false
    Mounts:
      /var/run/secrets/kubernetes.io/serviceaccount from kube-api-access-x92ss (ro)
Conditions:
  Type                        Status
  PodReadyToStartContainers   True 
  Initialized                 True 
  Ready                       True 
  ContainersReady             True 
  PodScheduled                True 
Volumes:
  kube-api-access-x92ss:
    Type:                    Projected (a volume that contains injected data from multiple sources)
    TokenExpirationSeconds:  3607
    ConfigMapName:           kube-root-ca.crt
    Optional:                false
    DownwardAPI:             true
QoS Class:                   Burstable
Node-Selectors:              <none>
Tolerations:                 node.kubernetes.io/not-ready:NoExecute op=Exists for 300s
                             node.kubernetes.io/unreachable:NoExecute op=Exists for 300s
Events:
  Type    Reason     Age   From               Message
  ----    ------     ----  ----               -------
  Normal  Scheduled  73s   default-scheduler  Successfully assigned coord-only/hermod-coordinator-6b6ff849ff-ljl7h to <pi-host>
  Normal  Pulled     72s   kubelet            spec.initContainers{wait-for-postgres}: Container image "busybox:1.36" already present on machine
  Normal  Created    72s   kubelet            spec.initContainers{wait-for-postgres}: Created container: wait-for-postgres
  Normal  Started    72s   kubelet            spec.initContainers{wait-for-postgres}: Started container wait-for-postgres
  Normal  Pulled     59s   kubelet            spec.initContainers{wait-for-nanomq}: Container image "busybox:1.36" already present on machine
  Normal  Created    59s   kubelet            spec.initContainers{wait-for-nanomq}: Created container: wait-for-nanomq
  Normal  Started    59s   kubelet            spec.initContainers{wait-for-nanomq}: Started container wait-for-nanomq
  Normal  Pulled     58s   kubelet            spec.containers{hermod-coordinator}: Container image "hermod-coordinator:latest" already present on machine
  Normal  Created    58s   kubelet            spec.containers{hermod-coordinator}: Created container: hermod-coordinator
  Normal  Started    58s   kubelet            spec.containers{hermod-coordinator}: Started container hermod-coordinator


Name:             nanomq-7c49cc5d49-f4gtc
Namespace:        coord-only
Priority:         0
Service Account:  default
Node:             <pi-host>/<pi-ip>
Start Time:       Mon, 27 Apr 2026 04:16:51 +0200
Labels:           app=nanomq
                  pod-template-hash=7c49cc5d49
Annotations:      cni.projectcalico.org/containerID: 2f59c3687386fdbdbd9ad0cc3feb23976b03f94891cc90215bc3bc9ebc71f669
                  cni.projectcalico.org/podIP: <pod-ip>/32
                  cni.projectcalico.org/podIPs: <pod-ip>/32
Status:           Running
IP:               <pod-ip>
IPs:
  IP:           <pod-ip>
Controlled By:  ReplicaSet/nanomq-7c49cc5d49
Containers:
  nanomq:
    Container ID:   containerd://012c0814cfca7915f4e33fb84263528087b9060474093c358336374526ff4d07
    Image:          emqx/nanomq:0.21-slim
    Image ID:       docker.io/emqx/nanomq@sha256:53bea7acb547aced1cc45e08c514628f1e41c4da9ad544fd8c5fa96d3e9eb41b
    Ports:          1883/TCP (mqtt), 8081/TCP (http)
    Host Ports:     0/TCP (mqtt), 0/TCP (http)
    State:          Running
      Started:      Mon, 27 Apr 2026 04:16:52 +0200
    Ready:          True
    Restart Count:  0
    Limits:
      cpu:     1
      memory:  512Mi
    Requests:
      cpu:        50m
      memory:     64Mi
    Liveness:     tcp-socket :1883 delay=10s timeout=1s period=10s #success=1 #failure=3
    Readiness:    tcp-socket :1883 delay=3s timeout=1s period=5s #success=1 #failure=3
    Environment:  <none>
    Mounts:
      /etc/nanomq.conf from config (rw,path="nanomq.conf")
      /var/run/secrets/kubernetes.io/serviceaccount from kube-api-access-m8n2d (ro)
Conditions:
  Type                        Status
  PodReadyToStartContainers   True 
  Initialized                 True 
  Ready                       True 
  ContainersReady             True 
  PodScheduled                True 
Volumes:
  config:
    Type:      ConfigMap (a volume populated by a ConfigMap)
    Name:      nanomq-config
    Optional:  false
  kube-api-access-m8n2d:
    Type:                    Projected (a volume that contains injected data from multiple sources)
    TokenExpirationSeconds:  3607
    ConfigMapName:           kube-root-ca.crt
    Optional:                false
    DownwardAPI:             true
QoS Class:                   Burstable
Node-Selectors:              <none>
Tolerations:                 node.kubernetes.io/not-ready:NoExecute op=Exists for 300s
                             node.kubernetes.io/unreachable:NoExecute op=Exists for 300s
Events:
  Type    Reason     Age   From               Message
  ----    ------     ----  ----               -------
  Normal  Scheduled  73s   default-scheduler  Successfully assigned coord-only/nanomq-7c49cc5d49-f4gtc to <pi-host>
  Normal  Pulled     74s   kubelet            spec.containers{nanomq}: Container image "emqx/nanomq:0.21-slim" already present on machine
  Normal  Created    73s   kubelet            spec.containers{nanomq}: Created container: nanomq
  Normal  Started    73s   kubelet            spec.containers{nanomq}: Started container nanomq


Name:             postgres-0
Namespace:        coord-only
Priority:         0
Service Account:  default
Node:             <pi-host>/<pi-ip>
Start Time:       Mon, 27 Apr 2026 04:16:57 +0200
Labels:           app=postgres
                  apps.kubernetes.io/pod-index=0
                  controller-revision-hash=postgres-6497897965
                  statefulset.kubernetes.io/pod-name=postgres-0
Annotations:      cni.projectcalico.org/containerID: 69fb4823b666d3d2a1395c00ab9b26a33337431372918fb41d9f85f42d91a056
                  cni.projectcalico.org/podIP: <pod-ip>/32
                  cni.projectcalico.org/podIPs: <pod-ip>/32
Status:           Running
IP:               <pod-ip>
IPs:
  IP:           <pod-ip>
Controlled By:  StatefulSet/postgres
Containers:
  postgres:
    Container ID:  containerd://adf8585ccc9b705cf0261f22f8e1c254a24670c72b998bb7a052f31e3a5ae5be
    Image:         postgres:17-alpine
    Image ID:      docker.io/library/postgres@sha256:778d0b486d6daa02b77434d0358ec57a1b21fd8b6d22ac2eef56a33e816928f6
    Port:          5432/TCP
    Host Port:     0/TCP
    Args:
      -c
      shared_buffers=256MB
      -c
      max_connections=200
      -c
      work_mem=16MB
    State:          Running
      Started:      Mon, 27 Apr 2026 04:16:58 +0200
    Ready:          True
    Restart Count:  0
    Limits:
      cpu:     1500m
      memory:  1536Mi
    Requests:
      cpu:      100m
      memory:   256Mi
    Liveness:   exec [pg_isready -U postgres] delay=30s timeout=1s period=10s #success=1 #failure=3
    Readiness:  exec [pg_isready -U postgres] delay=5s timeout=1s period=5s #success=1 #failure=3
    Environment:
      POSTGRES_DB:        postgres
      POSTGRES_USER:      postgres
      POSTGRES_PASSWORD:  <set to the key 'postgres-superuser-password' in secret 'hermod-secrets'>  Optional: false
    Mounts:
      /docker-entrypoint-initdb.d from init (rw)
      /var/lib/postgresql/data from data (rw)
      /var/run/secrets/kubernetes.io/serviceaccount from kube-api-access-79j56 (ro)
Conditions:
  Type                        Status
  PodReadyToStartContainers   True 
  Initialized                 True 
  Ready                       True 
  ContainersReady             True 
  PodScheduled                True 
Volumes:
  data:
    Type:       PersistentVolumeClaim (a reference to a PersistentVolumeClaim in the same namespace)
    ClaimName:  data-postgres-0
    ReadOnly:   false
  init:
    Type:      ConfigMap (a volume populated by a ConfigMap)
    Name:      postgres-init
    Optional:  false
  kube-api-access-79j56:
    Type:                    Projected (a volume that contains injected data from multiple sources)
    TokenExpirationSeconds:  3607
    ConfigMapName:           kube-root-ca.crt
    Optional:                false
    DownwardAPI:             true
QoS Class:                   Burstable
Node-Selectors:              <none>
Tolerations:                 node.kubernetes.io/not-ready:NoExecute op=Exists for 300s
                             node.kubernetes.io/unreachable:NoExecute op=Exists for 300s
Events:
  Type    Reason     Age   From               Message
  ----    ------     ----  ----               -------
  Normal  Scheduled  67s   default-scheduler  Successfully assigned coord-only/postgres-0 to <pi-host>
  Normal  Pulled     68s   kubelet            spec.containers{postgres}: Container image "postgres:17-alpine" already present on machine
  Normal  Created    68s   kubelet            spec.containers{postgres}: Created container: postgres
  Normal  Started    67s   kubelet            spec.containers{postgres}: Started container postgres

=== ts=1777256296 ===
Name:             hermod-coordinator-6b6ff849ff-ljl7h
Namespace:        coord-only
Priority:         0
Service Account:  default
Node:             <pi-host>/<pi-ip>
Start Time:       Mon, 27 Apr 2026 04:16:51 +0200
Labels:           app=hermod-coordinator
                  pod-template-hash=6b6ff849ff
Annotations:      cni.projectcalico.org/containerID: 65914434474649dba771d4b2431992103331e35491b31fb9900d17155f551459
                  cni.projectcalico.org/podIP: <pod-ip>/32
                  cni.projectcalico.org/podIPs: <pod-ip>/32
Status:           Running
IP:               <pod-ip>
IPs:
  IP:           <pod-ip>
Controlled By:  ReplicaSet/hermod-coordinator-6b6ff849ff
Init Containers:
  wait-for-postgres:
    Container ID:  containerd://e3cc5a720ea638ffe99c5ffa9d2c3585051426f28ba8cff4d7582443a3e4d8e4
    Image:         busybox:1.36
    Image ID:      docker.io/library/busybox@sha256:73aaf090f3d85aa34ee199857f03fa3a95c8ede2ffd4cc2cdb5b94e566b11662
    Port:          <none>
    Host Port:     <none>
    Command:
      sh
      -c
      until nc -z postgres 5432; do sleep 2; done
    State:          Terminated
      Reason:       Completed
      Exit Code:    0
      Started:      Mon, 27 Apr 2026 04:16:52 +0200
      Finished:     Mon, 27 Apr 2026 04:17:04 +0200
    Ready:          True
    Restart Count:  0
    Environment:    <none>
    Mounts:
      /var/run/secrets/kubernetes.io/serviceaccount from kube-api-access-x92ss (ro)
  wait-for-nanomq:
    Container ID:  containerd://c233eb0b1637c82ca28937ef1858f82e05cf885794579e32e57fe9a25dec4e2c
    Image:         busybox:1.36
    Image ID:      docker.io/library/busybox@sha256:73aaf090f3d85aa34ee199857f03fa3a95c8ede2ffd4cc2cdb5b94e566b11662
    Port:          <none>
    Host Port:     <none>
    Command:
      sh
      -c
      until nc -z nanomq 1883; do sleep 2; done
    State:          Terminated
      Reason:       Completed
      Exit Code:    0
      Started:      Mon, 27 Apr 2026 04:17:05 +0200
      Finished:     Mon, 27 Apr 2026 04:17:05 +0200
    Ready:          True
    Restart Count:  0
    Environment:    <none>
    Mounts:
      /var/run/secrets/kubernetes.io/serviceaccount from kube-api-access-x92ss (ro)
Containers:
  hermod-coordinator:
    Container ID:   containerd://5e27ffbb5bab1670da28270de2416671806fd51168401a1b71c30a84e8e9eb65
    Image:          hermod-coordinator:latest
    Image ID:       sha256:ca91ccdfcd269dd5e4e25d5ffe8d863ca5db57e5c4f62f08c8adf90d23c15eaf
    Port:           42069/TCP (http)
    Host Port:      0/TCP (http)
    State:          Running
      Started:      Mon, 27 Apr 2026 04:17:06 +0200
    Ready:          True
    Restart Count:  0
    Limits:
      cpu:     1500m
      memory:  1536Mi
    Requests:
      cpu:      200m
      memory:   256Mi
    Liveness:   http-get http://:42069/healthz delay=60s timeout=1s period=30s #success=1 #failure=3
    Readiness:  http-get http://:42069/healthz/ready delay=5s timeout=1s period=10s #success=1 #failure=3
    Startup:    http-get http://:42069/healthz delay=0s timeout=1s period=5s #success=1 #failure=30
    Environment:
      ASPNETCORE_ENVIRONMENT:               Production
      ASPNETCORE_URLS:                      http://+:42069
      DOTNET_USE_POLLING_FILE_WATCHER:      true
      Hermod__Security__AuthBypass:         true
      Hermod__Security__VaultRequireHttps:  false
      Hermod__Features__MetricsEndpoint:    true
      Hermod__Dev__Endpoints:               true
      Hermod__Mqtt__Host:                   nanomq
      Hermod__Mqtt__Port:                   1883
      Hermod__Mqtt__UseTls:                 false
      Hermod__Mqtt__Tls__UseTls:            false
      Hermod__Mqtt__Username:               <set to the key 'mqtt-username' in secret 'hermod-secrets'>  Optional: false
      Hermod__Mqtt__Password:               <set to the key 'mqtt-password' in secret 'hermod-secrets'>  Optional: false
      Hermod__Database__ConnectionString:   Host=postgres;Port=5432;Database=hermod;Username=hermod_app
      Hermod__Database__Password:           <set to the key 'hermod-db-password' in secret 'hermod-db-credentials'>  Optional: false
    Mounts:
      /var/run/secrets/kubernetes.io/serviceaccount from kube-api-access-x92ss (ro)
Conditions:
  Type                        Status
  PodReadyToStartContainers   True 
  Initialized                 True 
  Ready                       True 
  ContainersReady             True 
  PodScheduled                True 
Volumes:
  kube-api-access-x92ss:
    Type:                    Projected (a volume that contains injected data from multiple sources)
    TokenExpirationSeconds:  3607
    ConfigMapName:           kube-root-ca.crt
    Optional:                false
    DownwardAPI:             true
QoS Class:                   Burstable
Node-Selectors:              <none>
Tolerations:                 node.kubernetes.io/not-ready:NoExecute op=Exists for 300s
                             node.kubernetes.io/unreachable:NoExecute op=Exists for 300s
Events:
  Type    Reason     Age   From               Message
  ----    ------     ----  ----               -------
  Normal  Scheduled  84s   default-scheduler  Successfully assigned coord-only/hermod-coordinator-6b6ff849ff-ljl7h to <pi-host>
  Normal  Pulled     84s   kubelet            spec.initContainers{wait-for-postgres}: Container image "busybox:1.36" already present on machine
  Normal  Created    84s   kubelet            spec.initContainers{wait-for-postgres}: Created container: wait-for-postgres
  Normal  Started    84s   kubelet            spec.initContainers{wait-for-postgres}: Started container wait-for-postgres
  Normal  Pulled     71s   kubelet            spec.initContainers{wait-for-nanomq}: Container image "busybox:1.36" already present on machine
  Normal  Created    71s   kubelet            spec.initContainers{wait-for-nanomq}: Created container: wait-for-nanomq
  Normal  Started    71s   kubelet            spec.initContainers{wait-for-nanomq}: Started container wait-for-nanomq
  Normal  Pulled     70s   kubelet            spec.containers{hermod-coordinator}: Container image "hermod-coordinator:latest" already present on machine
  Normal  Created    70s   kubelet            spec.containers{hermod-coordinator}: Created container: hermod-coordinator
  Normal  Started    70s   kubelet            spec.containers{hermod-coordinator}: Started container hermod-coordinator


Name:             nanomq-7c49cc5d49-f4gtc
Namespace:        coord-only
Priority:         0
Service Account:  default
Node:             <pi-host>/<pi-ip>
Start Time:       Mon, 27 Apr 2026 04:16:51 +0200
Labels:           app=nanomq
                  pod-template-hash=7c49cc5d49
Annotations:      cni.projectcalico.org/containerID: 2f59c3687386fdbdbd9ad0cc3feb23976b03f94891cc90215bc3bc9ebc71f669
                  cni.projectcalico.org/podIP: <pod-ip>/32
                  cni.projectcalico.org/podIPs: <pod-ip>/32
Status:           Running
IP:               <pod-ip>
IPs:
  IP:           <pod-ip>
Controlled By:  ReplicaSet/nanomq-7c49cc5d49
Containers:
  nanomq:
    Container ID:   containerd://012c0814cfca7915f4e33fb84263528087b9060474093c358336374526ff4d07
    Image:          emqx/nanomq:0.21-slim
    Image ID:       docker.io/emqx/nanomq@sha256:53bea7acb547aced1cc45e08c514628f1e41c4da9ad544fd8c5fa96d3e9eb41b
    Ports:          1883/TCP (mqtt), 8081/TCP (http)
    Host Ports:     0/TCP (mqtt), 0/TCP (http)
    State:          Running
      Started:      Mon, 27 Apr 2026 04:16:52 +0200
    Ready:          True
    Restart Count:  0
    Limits:
      cpu:     1
      memory:  512Mi
    Requests:
      cpu:        50m
      memory:     64Mi
    Liveness:     tcp-socket :1883 delay=10s timeout=1s period=10s #success=1 #failure=3
    Readiness:    tcp-socket :1883 delay=3s timeout=1s period=5s #success=1 #failure=3
    Environment:  <none>
    Mounts:
      /etc/nanomq.conf from config (rw,path="nanomq.conf")
      /var/run/secrets/kubernetes.io/serviceaccount from kube-api-access-m8n2d (ro)
Conditions:
  Type                        Status
  PodReadyToStartContainers   True 
  Initialized                 True 
  Ready                       True 
  ContainersReady             True 
  PodScheduled                True 
Volumes:
  config:
    Type:      ConfigMap (a volume populated by a ConfigMap)
    Name:      nanomq-config
    Optional:  false
  kube-api-access-m8n2d:
    Type:                    Projected (a volume that contains injected data from multiple sources)
    TokenExpirationSeconds:  3607
    ConfigMapName:           kube-root-ca.crt
    Optional:                false
    DownwardAPI:             true
QoS Class:                   Burstable
Node-Selectors:              <none>
Tolerations:                 node.kubernetes.io/not-ready:NoExecute op=Exists for 300s
                             node.kubernetes.io/unreachable:NoExecute op=Exists for 300s
Events:
  Type    Reason     Age   From               Message
  ----    ------     ----  ----               -------
  Normal  Scheduled  85s   default-scheduler  Successfully assigned coord-only/nanomq-7c49cc5d49-f4gtc to <pi-host>
  Normal  Pulled     85s   kubelet            spec.containers{nanomq}: Container image "emqx/nanomq:0.21-slim" already present on machine
  Normal  Created    84s   kubelet            spec.containers{nanomq}: Created container: nanomq
  Normal  Started    84s   kubelet            spec.containers{nanomq}: Started container nanomq


Name:             postgres-0
Namespace:        coord-only
Priority:         0
Service Account:  default
Node:             <pi-host>/<pi-ip>
Start Time:       Mon, 27 Apr 2026 04:16:57 +0200
Labels:           app=postgres
                  apps.kubernetes.io/pod-index=0
                  controller-revision-hash=postgres-6497897965
                  statefulset.kubernetes.io/pod-name=postgres-0
Annotations:      cni.projectcalico.org/containerID: 69fb4823b666d3d2a1395c00ab9b26a33337431372918fb41d9f85f42d91a056
                  cni.projectcalico.org/podIP: <pod-ip>/32
                  cni.projectcalico.org/podIPs: <pod-ip>/32
Status:           Running
IP:               <pod-ip>
IPs:
  IP:           <pod-ip>
Controlled By:  StatefulSet/postgres
Containers:
  postgres:
    Container ID:  containerd://adf8585ccc9b705cf0261f22f8e1c254a24670c72b998bb7a052f31e3a5ae5be
    Image:         postgres:17-alpine
    Image ID:      docker.io/library/postgres@sha256:778d0b486d6daa02b77434d0358ec57a1b21fd8b6d22ac2eef56a33e816928f6
    Port:          5432/TCP
    Host Port:     0/TCP
    Args:
      -c
      shared_buffers=256MB
      -c
      max_connections=200
      -c
      work_mem=16MB
    State:          Running
      Started:      Mon, 27 Apr 2026 04:16:58 +0200
    Ready:          True
    Restart Count:  0
    Limits:
      cpu:     1500m
      memory:  1536Mi
    Requests:
      cpu:      100m
      memory:   256Mi
    Liveness:   exec [pg_isready -U postgres] delay=30s timeout=1s period=10s #success=1 #failure=3
    Readiness:  exec [pg_isready -U postgres] delay=5s timeout=1s period=5s #success=1 #failure=3
    Environment:
      POSTGRES_DB:        postgres
      POSTGRES_USER:      postgres
      POSTGRES_PASSWORD:  <set to the key 'postgres-superuser-password' in secret 'hermod-secrets'>  Optional: false
    Mounts:
      /docker-entrypoint-initdb.d from init (rw)
      /var/lib/postgresql/data from data (rw)
      /var/run/secrets/kubernetes.io/serviceaccount from kube-api-access-79j56 (ro)
Conditions:
  Type                        Status
  PodReadyToStartContainers   True 
  Initialized                 True 
  Ready                       True 
  ContainersReady             True 
  PodScheduled                True 
Volumes:
  data:
    Type:       PersistentVolumeClaim (a reference to a PersistentVolumeClaim in the same namespace)
    ClaimName:  data-postgres-0
    ReadOnly:   false
  init:
    Type:      ConfigMap (a volume populated by a ConfigMap)
    Name:      postgres-init
    Optional:  false
  kube-api-access-79j56:
    Type:                    Projected (a volume that contains injected data from multiple sources)
    TokenExpirationSeconds:  3607
    ConfigMapName:           kube-root-ca.crt
    Optional:                false
    DownwardAPI:             true
QoS Class:                   Burstable
Node-Selectors:              <none>
Tolerations:                 node.kubernetes.io/not-ready:NoExecute op=Exists for 300s
                             node.kubernetes.io/unreachable:NoExecute op=Exists for 300s
Events:
  Type    Reason     Age   From               Message
  ----    ------     ----  ----               -------
  Normal  Scheduled  79s   default-scheduler  Successfully assigned coord-only/postgres-0 to <pi-host>
  Normal  Pulled     79s   kubelet            spec.containers{postgres}: Container image "postgres:17-alpine" already present on machine
  Normal  Created    79s   kubelet            spec.containers{postgres}: Created container: postgres
  Normal  Started    78s   kubelet            spec.containers{postgres}: Started container postgres

=== ts=1777256307 ===
Name:             hermod-coordinator-6b6ff849ff-ljl7h
Namespace:        coord-only
Priority:         0
Service Account:  default
Node:             <pi-host>/<pi-ip>
Start Time:       Mon, 27 Apr 2026 04:16:51 +0200
Labels:           app=hermod-coordinator
                  pod-template-hash=6b6ff849ff
Annotations:      cni.projectcalico.org/containerID: 65914434474649dba771d4b2431992103331e35491b31fb9900d17155f551459
                  cni.projectcalico.org/podIP: <pod-ip>/32
                  cni.projectcalico.org/podIPs: <pod-ip>/32
Status:           Running
IP:               <pod-ip>
IPs:
  IP:           <pod-ip>
Controlled By:  ReplicaSet/hermod-coordinator-6b6ff849ff
Init Containers:
  wait-for-postgres:
    Container ID:  containerd://e3cc5a720ea638ffe99c5ffa9d2c3585051426f28ba8cff4d7582443a3e4d8e4
    Image:         busybox:1.36
    Image ID:      docker.io/library/busybox@sha256:73aaf090f3d85aa34ee199857f03fa3a95c8ede2ffd4cc2cdb5b94e566b11662
    Port:          <none>
    Host Port:     <none>
    Command:
      sh
      -c
      until nc -z postgres 5432; do sleep 2; done
    State:          Terminated
      Reason:       Completed
      Exit Code:    0
      Started:      Mon, 27 Apr 2026 04:16:52 +0200
      Finished:     Mon, 27 Apr 2026 04:17:04 +0200
    Ready:          True
    Restart Count:  0
    Environment:    <none>
    Mounts:
      /var/run/secrets/kubernetes.io/serviceaccount from kube-api-access-x92ss (ro)
  wait-for-nanomq:
    Container ID:  containerd://c233eb0b1637c82ca28937ef1858f82e05cf885794579e32e57fe9a25dec4e2c
    Image:         busybox:1.36
    Image ID:      docker.io/library/busybox@sha256:73aaf090f3d85aa34ee199857f03fa3a95c8ede2ffd4cc2cdb5b94e566b11662
    Port:          <none>
    Host Port:     <none>
    Command:
      sh
      -c
      until nc -z nanomq 1883; do sleep 2; done
    State:          Terminated
      Reason:       Completed
      Exit Code:    0
      Started:      Mon, 27 Apr 2026 04:17:05 +0200
      Finished:     Mon, 27 Apr 2026 04:17:05 +0200
    Ready:          True
    Restart Count:  0
    Environment:    <none>
    Mounts:
      /var/run/secrets/kubernetes.io/serviceaccount from kube-api-access-x92ss (ro)
Containers:
  hermod-coordinator:
    Container ID:   containerd://5e27ffbb5bab1670da28270de2416671806fd51168401a1b71c30a84e8e9eb65
    Image:          hermod-coordinator:latest
    Image ID:       sha256:ca91ccdfcd269dd5e4e25d5ffe8d863ca5db57e5c4f62f08c8adf90d23c15eaf
    Port:           42069/TCP (http)
    Host Port:      0/TCP (http)
    State:          Running
      Started:      Mon, 27 Apr 2026 04:17:06 +0200
    Ready:          True
    Restart Count:  0
    Limits:
      cpu:     1500m
      memory:  1536Mi
    Requests:
      cpu:      200m
      memory:   256Mi
    Liveness:   http-get http://:42069/healthz delay=60s timeout=1s period=30s #success=1 #failure=3
    Readiness:  http-get http://:42069/healthz/ready delay=5s timeout=1s period=10s #success=1 #failure=3
    Startup:    http-get http://:42069/healthz delay=0s timeout=1s period=5s #success=1 #failure=30
    Environment:
      ASPNETCORE_ENVIRONMENT:               Production
      ASPNETCORE_URLS:                      http://+:42069
      DOTNET_USE_POLLING_FILE_WATCHER:      true
      Hermod__Security__AuthBypass:         true
      Hermod__Security__VaultRequireHttps:  false
      Hermod__Features__MetricsEndpoint:    true
      Hermod__Dev__Endpoints:               true
      Hermod__Mqtt__Host:                   nanomq
      Hermod__Mqtt__Port:                   1883
      Hermod__Mqtt__UseTls:                 false
      Hermod__Mqtt__Tls__UseTls:            false
      Hermod__Mqtt__Username:               <set to the key 'mqtt-username' in secret 'hermod-secrets'>  Optional: false
      Hermod__Mqtt__Password:               <set to the key 'mqtt-password' in secret 'hermod-secrets'>  Optional: false
      Hermod__Database__ConnectionString:   Host=postgres;Port=5432;Database=hermod;Username=hermod_app
      Hermod__Database__Password:           <set to the key 'hermod-db-password' in secret 'hermod-db-credentials'>  Optional: false
    Mounts:
      /var/run/secrets/kubernetes.io/serviceaccount from kube-api-access-x92ss (ro)
Conditions:
  Type                        Status
  PodReadyToStartContainers   True 
  Initialized                 True 
  Ready                       True 
  ContainersReady             True 
  PodScheduled                True 
Volumes:
  kube-api-access-x92ss:
    Type:                    Projected (a volume that contains injected data from multiple sources)
    TokenExpirationSeconds:  3607
    ConfigMapName:           kube-root-ca.crt
    Optional:                false
    DownwardAPI:             true
QoS Class:                   Burstable
Node-Selectors:              <none>
Tolerations:                 node.kubernetes.io/not-ready:NoExecute op=Exists for 300s
                             node.kubernetes.io/unreachable:NoExecute op=Exists for 300s
Events:
  Type    Reason     Age   From               Message
  ----    ------     ----  ----               -------
  Normal  Scheduled  95s   default-scheduler  Successfully assigned coord-only/hermod-coordinator-6b6ff849ff-ljl7h to <pi-host>
  Normal  Pulled     95s   kubelet            spec.initContainers{wait-for-postgres}: Container image "busybox:1.36" already present on machine
  Normal  Created    95s   kubelet            spec.initContainers{wait-for-postgres}: Created container: wait-for-postgres
  Normal  Started    95s   kubelet            spec.initContainers{wait-for-postgres}: Started container wait-for-postgres
  Normal  Pulled     82s   kubelet            spec.initContainers{wait-for-nanomq}: Container image "busybox:1.36" already present on machine
  Normal  Created    82s   kubelet            spec.initContainers{wait-for-nanomq}: Created container: wait-for-nanomq
  Normal  Started    82s   kubelet            spec.initContainers{wait-for-nanomq}: Started container wait-for-nanomq
  Normal  Pulled     81s   kubelet            spec.containers{hermod-coordinator}: Container image "hermod-coordinator:latest" already present on machine
  Normal  Created    81s   kubelet            spec.containers{hermod-coordinator}: Created container: hermod-coordinator
  Normal  Started    81s   kubelet            spec.containers{hermod-coordinator}: Started container hermod-coordinator


Name:             nanomq-7c49cc5d49-f4gtc
Namespace:        coord-only
Priority:         0
Service Account:  default
Node:             <pi-host>/<pi-ip>
Start Time:       Mon, 27 Apr 2026 04:16:51 +0200
Labels:           app=nanomq
                  pod-template-hash=7c49cc5d49
Annotations:      cni.projectcalico.org/containerID: 2f59c3687386fdbdbd9ad0cc3feb23976b03f94891cc90215bc3bc9ebc71f669
                  cni.projectcalico.org/podIP: <pod-ip>/32
                  cni.projectcalico.org/podIPs: <pod-ip>/32
Status:           Running
IP:               <pod-ip>
IPs:
  IP:           <pod-ip>
Controlled By:  ReplicaSet/nanomq-7c49cc5d49
Containers:
  nanomq:
    Container ID:   containerd://012c0814cfca7915f4e33fb84263528087b9060474093c358336374526ff4d07
    Image:          emqx/nanomq:0.21-slim
    Image ID:       docker.io/emqx/nanomq@sha256:53bea7acb547aced1cc45e08c514628f1e41c4da9ad544fd8c5fa96d3e9eb41b
    Ports:          1883/TCP (mqtt), 8081/TCP (http)
    Host Ports:     0/TCP (mqtt), 0/TCP (http)
    State:          Running
      Started:      Mon, 27 Apr 2026 04:16:52 +0200
    Ready:          True
    Restart Count:  0
    Limits:
      cpu:     1
      memory:  512Mi
    Requests:
      cpu:        50m
      memory:     64Mi
    Liveness:     tcp-socket :1883 delay=10s timeout=1s period=10s #success=1 #failure=3
    Readiness:    tcp-socket :1883 delay=3s timeout=1s period=5s #success=1 #failure=3
    Environment:  <none>
    Mounts:
      /etc/nanomq.conf from config (rw,path="nanomq.conf")
      /var/run/secrets/kubernetes.io/serviceaccount from kube-api-access-m8n2d (ro)
Conditions:
  Type                        Status
  PodReadyToStartContainers   True 
  Initialized                 True 
  Ready                       True 
  ContainersReady             True 
  PodScheduled                True 
Volumes:
  config:
    Type:      ConfigMap (a volume populated by a ConfigMap)
    Name:      nanomq-config
    Optional:  false
  kube-api-access-m8n2d:
    Type:                    Projected (a volume that contains injected data from multiple sources)
    TokenExpirationSeconds:  3607
    ConfigMapName:           kube-root-ca.crt
    Optional:                false
    DownwardAPI:             true
QoS Class:                   Burstable
Node-Selectors:              <none>
Tolerations:                 node.kubernetes.io/not-ready:NoExecute op=Exists for 300s
                             node.kubernetes.io/unreachable:NoExecute op=Exists for 300s
Events:
  Type    Reason     Age   From               Message
  ----    ------     ----  ----               -------
  Normal  Scheduled  96s   default-scheduler  Successfully assigned coord-only/nanomq-7c49cc5d49-f4gtc to <pi-host>
  Normal  Pulled     96s   kubelet            spec.containers{nanomq}: Container image "emqx/nanomq:0.21-slim" already present on machine
  Normal  Created    95s   kubelet            spec.containers{nanomq}: Created container: nanomq
  Normal  Started    95s   kubelet            spec.containers{nanomq}: Started container nanomq


Name:             postgres-0
Namespace:        coord-only
Priority:         0
Service Account:  default
Node:             <pi-host>/<pi-ip>
Start Time:       Mon, 27 Apr 2026 04:16:57 +0200
Labels:           app=postgres
                  apps.kubernetes.io/pod-index=0
                  controller-revision-hash=postgres-6497897965
                  statefulset.kubernetes.io/pod-name=postgres-0
Annotations:      cni.projectcalico.org/containerID: 69fb4823b666d3d2a1395c00ab9b26a33337431372918fb41d9f85f42d91a056
                  cni.projectcalico.org/podIP: <pod-ip>/32
                  cni.projectcalico.org/podIPs: <pod-ip>/32
Status:           Running
IP:               <pod-ip>
IPs:
  IP:           <pod-ip>
Controlled By:  StatefulSet/postgres
Containers:
  postgres:
    Container ID:  containerd://adf8585ccc9b705cf0261f22f8e1c254a24670c72b998bb7a052f31e3a5ae5be
    Image:         postgres:17-alpine
    Image ID:      docker.io/library/postgres@sha256:778d0b486d6daa02b77434d0358ec57a1b21fd8b6d22ac2eef56a33e816928f6
    Port:          5432/TCP
    Host Port:     0/TCP
    Args:
      -c
      shared_buffers=256MB
      -c
      max_connections=200
      -c
      work_mem=16MB
    State:          Running
      Started:      Mon, 27 Apr 2026 04:16:58 +0200
    Ready:          True
    Restart Count:  0
    Limits:
      cpu:     1500m
      memory:  1536Mi
    Requests:
      cpu:      100m
      memory:   256Mi
    Liveness:   exec [pg_isready -U postgres] delay=30s timeout=1s period=10s #success=1 #failure=3
    Readiness:  exec [pg_isready -U postgres] delay=5s timeout=1s period=5s #success=1 #failure=3
    Environment:
      POSTGRES_DB:        postgres
      POSTGRES_USER:      postgres
      POSTGRES_PASSWORD:  <set to the key 'postgres-superuser-password' in secret 'hermod-secrets'>  Optional: false
    Mounts:
      /docker-entrypoint-initdb.d from init (rw)
      /var/lib/postgresql/data from data (rw)
      /var/run/secrets/kubernetes.io/serviceaccount from kube-api-access-79j56 (ro)
Conditions:
  Type                        Status
  PodReadyToStartContainers   True 
  Initialized                 True 
  Ready                       True 
  ContainersReady             True 
  PodScheduled                True 
Volumes:
  data:
    Type:       PersistentVolumeClaim (a reference to a PersistentVolumeClaim in the same namespace)
    ClaimName:  data-postgres-0
    ReadOnly:   false
  init:
    Type:      ConfigMap (a volume populated by a ConfigMap)
    Name:      postgres-init
    Optional:  false
  kube-api-access-79j56:
    Type:                    Projected (a volume that contains injected data from multiple sources)
    TokenExpirationSeconds:  3607
    ConfigMapName:           kube-root-ca.crt
    Optional:                false
    DownwardAPI:             true
QoS Class:                   Burstable
Node-Selectors:              <none>
Tolerations:                 node.kubernetes.io/not-ready:NoExecute op=Exists for 300s
                             node.kubernetes.io/unreachable:NoExecute op=Exists for 300s
Events:
  Type    Reason     Age   From               Message
  ----    ------     ----  ----               -------
  Normal  Scheduled  90s   default-scheduler  Successfully assigned coord-only/postgres-0 to <pi-host>
  Normal  Pulled     90s   kubelet            spec.containers{postgres}: Container image "postgres:17-alpine" already present on machine
  Normal  Created    90s   kubelet            spec.containers{postgres}: Created container: postgres
  Normal  Started    89s   kubelet            spec.containers{postgres}: Started container postgres

=== ts=1777256318 ===
Name:             hermod-coordinator-6b6ff849ff-ljl7h
Namespace:        coord-only
Priority:         0
Service Account:  default
Node:             <pi-host>/<pi-ip>
Start Time:       Mon, 27 Apr 2026 04:16:51 +0200
Labels:           app=hermod-coordinator
                  pod-template-hash=6b6ff849ff
Annotations:      cni.projectcalico.org/containerID: 65914434474649dba771d4b2431992103331e35491b31fb9900d17155f551459
                  cni.projectcalico.org/podIP: <pod-ip>/32
                  cni.projectcalico.org/podIPs: <pod-ip>/32
Status:           Running
IP:               <pod-ip>
IPs:
  IP:           <pod-ip>
Controlled By:  ReplicaSet/hermod-coordinator-6b6ff849ff
Init Containers:
  wait-for-postgres:
    Container ID:  containerd://e3cc5a720ea638ffe99c5ffa9d2c3585051426f28ba8cff4d7582443a3e4d8e4
    Image:         busybox:1.36
    Image ID:      docker.io/library/busybox@sha256:73aaf090f3d85aa34ee199857f03fa3a95c8ede2ffd4cc2cdb5b94e566b11662
    Port:          <none>
    Host Port:     <none>
    Command:
      sh
      -c
      until nc -z postgres 5432; do sleep 2; done
    State:          Terminated
      Reason:       Completed
      Exit Code:    0
      Started:      Mon, 27 Apr 2026 04:16:52 +0200
      Finished:     Mon, 27 Apr 2026 04:17:04 +0200
    Ready:          True
    Restart Count:  0
    Environment:    <none>
    Mounts:
      /var/run/secrets/kubernetes.io/serviceaccount from kube-api-access-x92ss (ro)
  wait-for-nanomq:
    Container ID:  containerd://c233eb0b1637c82ca28937ef1858f82e05cf885794579e32e57fe9a25dec4e2c
    Image:         busybox:1.36
    Image ID:      docker.io/library/busybox@sha256:73aaf090f3d85aa34ee199857f03fa3a95c8ede2ffd4cc2cdb5b94e566b11662
    Port:          <none>
    Host Port:     <none>
    Command:
      sh
      -c
      until nc -z nanomq 1883; do sleep 2; done
    State:          Terminated
      Reason:       Completed
      Exit Code:    0
      Started:      Mon, 27 Apr 2026 04:17:05 +0200
      Finished:     Mon, 27 Apr 2026 04:17:05 +0200
    Ready:          True
    Restart Count:  0
    Environment:    <none>
    Mounts:
      /var/run/secrets/kubernetes.io/serviceaccount from kube-api-access-x92ss (ro)
Containers:
  hermod-coordinator:
    Container ID:   containerd://5e27ffbb5bab1670da28270de2416671806fd51168401a1b71c30a84e8e9eb65
    Image:          hermod-coordinator:latest
    Image ID:       sha256:ca91ccdfcd269dd5e4e25d5ffe8d863ca5db57e5c4f62f08c8adf90d23c15eaf
    Port:           42069/TCP (http)
    Host Port:      0/TCP (http)
    State:          Running
      Started:      Mon, 27 Apr 2026 04:17:06 +0200
    Ready:          True
    Restart Count:  0
    Limits:
      cpu:     1500m
      memory:  1536Mi
    Requests:
      cpu:      200m
      memory:   256Mi
    Liveness:   http-get http://:42069/healthz delay=60s timeout=1s period=30s #success=1 #failure=3
    Readiness:  http-get http://:42069/healthz/ready delay=5s timeout=1s period=10s #success=1 #failure=3
    Startup:    http-get http://:42069/healthz delay=0s timeout=1s period=5s #success=1 #failure=30
    Environment:
      ASPNETCORE_ENVIRONMENT:               Production
      ASPNETCORE_URLS:                      http://+:42069
      DOTNET_USE_POLLING_FILE_WATCHER:      true
      Hermod__Security__AuthBypass:         true
      Hermod__Security__VaultRequireHttps:  false
      Hermod__Features__MetricsEndpoint:    true
      Hermod__Dev__Endpoints:               true
      Hermod__Mqtt__Host:                   nanomq
      Hermod__Mqtt__Port:                   1883
      Hermod__Mqtt__UseTls:                 false
      Hermod__Mqtt__Tls__UseTls:            false
      Hermod__Mqtt__Username:               <set to the key 'mqtt-username' in secret 'hermod-secrets'>  Optional: false
      Hermod__Mqtt__Password:               <set to the key 'mqtt-password' in secret 'hermod-secrets'>  Optional: false
      Hermod__Database__ConnectionString:   Host=postgres;Port=5432;Database=hermod;Username=hermod_app
      Hermod__Database__Password:           <set to the key 'hermod-db-password' in secret 'hermod-db-credentials'>  Optional: false
    Mounts:
      /var/run/secrets/kubernetes.io/serviceaccount from kube-api-access-x92ss (ro)
Conditions:
  Type                        Status
  PodReadyToStartContainers   True 
  Initialized                 True 
  Ready                       True 
  ContainersReady             True 
  PodScheduled                True 
Volumes:
  kube-api-access-x92ss:
    Type:                    Projected (a volume that contains injected data from multiple sources)
    TokenExpirationSeconds:  3607
    ConfigMapName:           kube-root-ca.crt
    Optional:                false
    DownwardAPI:             true
QoS Class:                   Burstable
Node-Selectors:              <none>
Tolerations:                 node.kubernetes.io/not-ready:NoExecute op=Exists for 300s
                             node.kubernetes.io/unreachable:NoExecute op=Exists for 300s
Events:
  Type    Reason     Age   From               Message
  ----    ------     ----  ----               -------
  Normal  Scheduled  107s  default-scheduler  Successfully assigned coord-only/hermod-coordinator-6b6ff849ff-ljl7h to <pi-host>
  Normal  Pulled     107s  kubelet            spec.initContainers{wait-for-postgres}: Container image "busybox:1.36" already present on machine
  Normal  Created    107s  kubelet            spec.initContainers{wait-for-postgres}: Created container: wait-for-postgres
  Normal  Started    107s  kubelet            spec.initContainers{wait-for-postgres}: Started container wait-for-postgres
  Normal  Pulled     94s   kubelet            spec.initContainers{wait-for-nanomq}: Container image "busybox:1.36" already present on machine
  Normal  Created    94s   kubelet            spec.initContainers{wait-for-nanomq}: Created container: wait-for-nanomq
  Normal  Started    94s   kubelet            spec.initContainers{wait-for-nanomq}: Started container wait-for-nanomq
  Normal  Pulled     93s   kubelet            spec.containers{hermod-coordinator}: Container image "hermod-coordinator:latest" already present on machine
  Normal  Created    93s   kubelet            spec.containers{hermod-coordinator}: Created container: hermod-coordinator
  Normal  Started    93s   kubelet            spec.containers{hermod-coordinator}: Started container hermod-coordinator


Name:             nanomq-7c49cc5d49-f4gtc
Namespace:        coord-only
Priority:         0
Service Account:  default
Node:             <pi-host>/<pi-ip>
Start Time:       Mon, 27 Apr 2026 04:16:51 +0200
Labels:           app=nanomq
                  pod-template-hash=7c49cc5d49
Annotations:      cni.projectcalico.org/containerID: 2f59c3687386fdbdbd9ad0cc3feb23976b03f94891cc90215bc3bc9ebc71f669
                  cni.projectcalico.org/podIP: <pod-ip>/32
                  cni.projectcalico.org/podIPs: <pod-ip>/32
Status:           Running
IP:               <pod-ip>
IPs:
  IP:           <pod-ip>
Controlled By:  ReplicaSet/nanomq-7c49cc5d49
Containers:
  nanomq:
    Container ID:   containerd://012c0814cfca7915f4e33fb84263528087b9060474093c358336374526ff4d07
    Image:          emqx/nanomq:0.21-slim
    Image ID:       docker.io/emqx/nanomq@sha256:53bea7acb547aced1cc45e08c514628f1e41c4da9ad544fd8c5fa96d3e9eb41b
    Ports:          1883/TCP (mqtt), 8081/TCP (http)
    Host Ports:     0/TCP (mqtt), 0/TCP (http)
    State:          Running
      Started:      Mon, 27 Apr 2026 04:16:52 +0200
    Ready:          True
    Restart Count:  0
    Limits:
      cpu:     1
      memory:  512Mi
    Requests:
      cpu:        50m
      memory:     64Mi
    Liveness:     tcp-socket :1883 delay=10s timeout=1s period=10s #success=1 #failure=3
    Readiness:    tcp-socket :1883 delay=3s timeout=1s period=5s #success=1 #failure=3
    Environment:  <none>
    Mounts:
      /etc/nanomq.conf from config (rw,path="nanomq.conf")
      /var/run/secrets/kubernetes.io/serviceaccount from kube-api-access-m8n2d (ro)
Conditions:
  Type                        Status
  PodReadyToStartContainers   True 
  Initialized                 True 
  Ready                       True 
  ContainersReady             True 
  PodScheduled                True 
Volumes:
  config:
    Type:      ConfigMap (a volume populated by a ConfigMap)
    Name:      nanomq-config
    Optional:  false
  kube-api-access-m8n2d:
    Type:                    Projected (a volume that contains injected data from multiple sources)
    TokenExpirationSeconds:  3607
    ConfigMapName:           kube-root-ca.crt
    Optional:                false
    DownwardAPI:             true
QoS Class:                   Burstable
Node-Selectors:              <none>
Tolerations:                 node.kubernetes.io/not-ready:NoExecute op=Exists for 300s
                             node.kubernetes.io/unreachable:NoExecute op=Exists for 300s
Events:
  Type    Reason     Age   From               Message
  ----    ------     ----  ----               -------
  Normal  Scheduled  107s  default-scheduler  Successfully assigned coord-only/nanomq-7c49cc5d49-f4gtc to <pi-host>
  Normal  Pulled     108s  kubelet            spec.containers{nanomq}: Container image "emqx/nanomq:0.21-slim" already present on machine
  Normal  Created    107s  kubelet            spec.containers{nanomq}: Created container: nanomq
  Normal  Started    107s  kubelet            spec.containers{nanomq}: Started container nanomq


Name:             postgres-0
Namespace:        coord-only
Priority:         0
Service Account:  default
Node:             <pi-host>/<pi-ip>
Start Time:       Mon, 27 Apr 2026 04:16:57 +0200
Labels:           app=postgres
                  apps.kubernetes.io/pod-index=0
                  controller-revision-hash=postgres-6497897965
                  statefulset.kubernetes.io/pod-name=postgres-0
Annotations:      cni.projectcalico.org/containerID: 69fb4823b666d3d2a1395c00ab9b26a33337431372918fb41d9f85f42d91a056
                  cni.projectcalico.org/podIP: <pod-ip>/32
                  cni.projectcalico.org/podIPs: <pod-ip>/32
Status:           Running
IP:               <pod-ip>
IPs:
  IP:           <pod-ip>
Controlled By:  StatefulSet/postgres
Containers:
  postgres:
    Container ID:  containerd://adf8585ccc9b705cf0261f22f8e1c254a24670c72b998bb7a052f31e3a5ae5be
    Image:         postgres:17-alpine
    Image ID:      docker.io/library/postgres@sha256:778d0b486d6daa02b77434d0358ec57a1b21fd8b6d22ac2eef56a33e816928f6
    Port:          5432/TCP
    Host Port:     0/TCP
    Args:
      -c
      shared_buffers=256MB
      -c
      max_connections=200
      -c
      work_mem=16MB
    State:          Running
      Started:      Mon, 27 Apr 2026 04:16:58 +0200
    Ready:          True
    Restart Count:  0
    Limits:
      cpu:     1500m
      memory:  1536Mi
    Requests:
      cpu:      100m
      memory:   256Mi
    Liveness:   exec [pg_isready -U postgres] delay=30s timeout=1s period=10s #success=1 #failure=3
    Readiness:  exec [pg_isready -U postgres] delay=5s timeout=1s period=5s #success=1 #failure=3
    Environment:
      POSTGRES_DB:        postgres
      POSTGRES_USER:      postgres
      POSTGRES_PASSWORD:  <set to the key 'postgres-superuser-password' in secret 'hermod-secrets'>  Optional: false
    Mounts:
      /docker-entrypoint-initdb.d from init (rw)
      /var/lib/postgresql/data from data (rw)
      /var/run/secrets/kubernetes.io/serviceaccount from kube-api-access-79j56 (ro)
Conditions:
  Type                        Status
  PodReadyToStartContainers   True 
  Initialized                 True 
  Ready                       True 
  ContainersReady             True 
  PodScheduled                True 
Volumes:
  data:
    Type:       PersistentVolumeClaim (a reference to a PersistentVolumeClaim in the same namespace)
    ClaimName:  data-postgres-0
    ReadOnly:   false
  init:
    Type:      ConfigMap (a volume populated by a ConfigMap)
    Name:      postgres-init
    Optional:  false
  kube-api-access-79j56:
    Type:                    Projected (a volume that contains injected data from multiple sources)
    TokenExpirationSeconds:  3607
    ConfigMapName:           kube-root-ca.crt
    Optional:                false
    DownwardAPI:             true
QoS Class:                   Burstable
Node-Selectors:              <none>
Tolerations:                 node.kubernetes.io/not-ready:NoExecute op=Exists for 300s
                             node.kubernetes.io/unreachable:NoExecute op=Exists for 300s
Events:
  Type    Reason     Age   From               Message
  ----    ------     ----  ----               -------
  Normal  Scheduled  101s  default-scheduler  Successfully assigned coord-only/postgres-0 to <pi-host>
  Normal  Pulled     102s  kubelet            spec.containers{postgres}: Container image "postgres:17-alpine" already present on machine
  Normal  Created    102s  kubelet            spec.containers{postgres}: Created container: postgres
  Normal  Started    101s  kubelet            spec.containers{postgres}: Started container postgres

=== ts=1777256330 ===
Name:             hermod-coordinator-6b6ff849ff-ljl7h
Namespace:        coord-only
Priority:         0
Service Account:  default
Node:             <pi-host>/<pi-ip>
Start Time:       Mon, 27 Apr 2026 04:16:51 +0200
Labels:           app=hermod-coordinator
                  pod-template-hash=6b6ff849ff
Annotations:      cni.projectcalico.org/containerID: 65914434474649dba771d4b2431992103331e35491b31fb9900d17155f551459
                  cni.projectcalico.org/podIP: <pod-ip>/32
                  cni.projectcalico.org/podIPs: <pod-ip>/32
Status:           Running
IP:               <pod-ip>
IPs:
  IP:           <pod-ip>
Controlled By:  ReplicaSet/hermod-coordinator-6b6ff849ff
Init Containers:
  wait-for-postgres:
    Container ID:  containerd://e3cc5a720ea638ffe99c5ffa9d2c3585051426f28ba8cff4d7582443a3e4d8e4
    Image:         busybox:1.36
    Image ID:      docker.io/library/busybox@sha256:73aaf090f3d85aa34ee199857f03fa3a95c8ede2ffd4cc2cdb5b94e566b11662
    Port:          <none>
    Host Port:     <none>
    Command:
      sh
      -c
      until nc -z postgres 5432; do sleep 2; done
    State:          Terminated
      Reason:       Completed
      Exit Code:    0
      Started:      Mon, 27 Apr 2026 04:16:52 +0200
      Finished:     Mon, 27 Apr 2026 04:17:04 +0200
    Ready:          True
    Restart Count:  0
    Environment:    <none>
    Mounts:
      /var/run/secrets/kubernetes.io/serviceaccount from kube-api-access-x92ss (ro)
  wait-for-nanomq:
    Container ID:  containerd://c233eb0b1637c82ca28937ef1858f82e05cf885794579e32e57fe9a25dec4e2c
    Image:         busybox:1.36
    Image ID:      docker.io/library/busybox@sha256:73aaf090f3d85aa34ee199857f03fa3a95c8ede2ffd4cc2cdb5b94e566b11662
    Port:          <none>
    Host Port:     <none>
    Command:
      sh
      -c
      until nc -z nanomq 1883; do sleep 2; done
    State:          Terminated
      Reason:       Completed
      Exit Code:    0
      Started:      Mon, 27 Apr 2026 04:17:05 +0200
      Finished:     Mon, 27 Apr 2026 04:17:05 +0200
    Ready:          True
    Restart Count:  0
    Environment:    <none>
    Mounts:
      /var/run/secrets/kubernetes.io/serviceaccount from kube-api-access-x92ss (ro)
Containers:
  hermod-coordinator:
    Container ID:   containerd://5e27ffbb5bab1670da28270de2416671806fd51168401a1b71c30a84e8e9eb65
    Image:          hermod-coordinator:latest
    Image ID:       sha256:ca91ccdfcd269dd5e4e25d5ffe8d863ca5db57e5c4f62f08c8adf90d23c15eaf
    Port:           42069/TCP (http)
    Host Port:      0/TCP (http)
    State:          Running
      Started:      Mon, 27 Apr 2026 04:17:06 +0200
    Ready:          True
    Restart Count:  0
    Limits:
      cpu:     1500m
      memory:  1536Mi
    Requests:
      cpu:      200m
      memory:   256Mi
    Liveness:   http-get http://:42069/healthz delay=60s timeout=1s period=30s #success=1 #failure=3
    Readiness:  http-get http://:42069/healthz/ready delay=5s timeout=1s period=10s #success=1 #failure=3
    Startup:    http-get http://:42069/healthz delay=0s timeout=1s period=5s #success=1 #failure=30
    Environment:
      ASPNETCORE_ENVIRONMENT:               Production
      ASPNETCORE_URLS:                      http://+:42069
      DOTNET_USE_POLLING_FILE_WATCHER:      true
      Hermod__Security__AuthBypass:         true
      Hermod__Security__VaultRequireHttps:  false
      Hermod__Features__MetricsEndpoint:    true
      Hermod__Dev__Endpoints:               true
      Hermod__Mqtt__Host:                   nanomq
      Hermod__Mqtt__Port:                   1883
      Hermod__Mqtt__UseTls:                 false
      Hermod__Mqtt__Tls__UseTls:            false
      Hermod__Mqtt__Username:               <set to the key 'mqtt-username' in secret 'hermod-secrets'>  Optional: false
      Hermod__Mqtt__Password:               <set to the key 'mqtt-password' in secret 'hermod-secrets'>  Optional: false
      Hermod__Database__ConnectionString:   Host=postgres;Port=5432;Database=hermod;Username=hermod_app
      Hermod__Database__Password:           <set to the key 'hermod-db-password' in secret 'hermod-db-credentials'>  Optional: false
    Mounts:
      /var/run/secrets/kubernetes.io/serviceaccount from kube-api-access-x92ss (ro)
Conditions:
  Type                        Status
  PodReadyToStartContainers   True 
  Initialized                 True 
  Ready                       True 
  ContainersReady             True 
  PodScheduled                True 
Volumes:
  kube-api-access-x92ss:
    Type:                    Projected (a volume that contains injected data from multiple sources)
    TokenExpirationSeconds:  3607
    ConfigMapName:           kube-root-ca.crt
    Optional:                false
    DownwardAPI:             true
QoS Class:                   Burstable
Node-Selectors:              <none>
Tolerations:                 node.kubernetes.io/not-ready:NoExecute op=Exists for 300s
                             node.kubernetes.io/unreachable:NoExecute op=Exists for 300s
Events:
  Type    Reason     Age   From               Message
  ----    ------     ----  ----               -------
  Normal  Scheduled  118s  default-scheduler  Successfully assigned coord-only/hermod-coordinator-6b6ff849ff-ljl7h to <pi-host>
  Normal  Pulled     118s  kubelet            spec.initContainers{wait-for-postgres}: Container image "busybox:1.36" already present on machine
  Normal  Created    118s  kubelet            spec.initContainers{wait-for-postgres}: Created container: wait-for-postgres
  Normal  Started    118s  kubelet            spec.initContainers{wait-for-postgres}: Started container wait-for-postgres
  Normal  Pulled     105s  kubelet            spec.initContainers{wait-for-nanomq}: Container image "busybox:1.36" already present on machine
  Normal  Created    105s  kubelet            spec.initContainers{wait-for-nanomq}: Created container: wait-for-nanomq
  Normal  Started    105s  kubelet            spec.initContainers{wait-for-nanomq}: Started container wait-for-nanomq
  Normal  Pulled     104s  kubelet            spec.containers{hermod-coordinator}: Container image "hermod-coordinator:latest" already present on machine
  Normal  Created    104s  kubelet            spec.containers{hermod-coordinator}: Created container: hermod-coordinator
  Normal  Started    104s  kubelet            spec.containers{hermod-coordinator}: Started container hermod-coordinator


Name:             nanomq-7c49cc5d49-f4gtc
Namespace:        coord-only
Priority:         0
Service Account:  default
Node:             <pi-host>/<pi-ip>
Start Time:       Mon, 27 Apr 2026 04:16:51 +0200
Labels:           app=nanomq
                  pod-template-hash=7c49cc5d49
Annotations:      cni.projectcalico.org/containerID: 2f59c3687386fdbdbd9ad0cc3feb23976b03f94891cc90215bc3bc9ebc71f669
                  cni.projectcalico.org/podIP: <pod-ip>/32
                  cni.projectcalico.org/podIPs: <pod-ip>/32
Status:           Running
IP:               <pod-ip>
IPs:
  IP:           <pod-ip>
Controlled By:  ReplicaSet/nanomq-7c49cc5d49
Containers:
  nanomq:
    Container ID:   containerd://012c0814cfca7915f4e33fb84263528087b9060474093c358336374526ff4d07
    Image:          emqx/nanomq:0.21-slim
    Image ID:       docker.io/emqx/nanomq@sha256:53bea7acb547aced1cc45e08c514628f1e41c4da9ad544fd8c5fa96d3e9eb41b
    Ports:          1883/TCP (mqtt), 8081/TCP (http)
    Host Ports:     0/TCP (mqtt), 0/TCP (http)
    State:          Running
      Started:      Mon, 27 Apr 2026 04:16:52 +0200
    Ready:          True
    Restart Count:  0
    Limits:
      cpu:     1
      memory:  512Mi
    Requests:
      cpu:        50m
      memory:     64Mi
    Liveness:     tcp-socket :1883 delay=10s timeout=1s period=10s #success=1 #failure=3
    Readiness:    tcp-socket :1883 delay=3s timeout=1s period=5s #success=1 #failure=3
    Environment:  <none>
    Mounts:
      /etc/nanomq.conf from config (rw,path="nanomq.conf")
      /var/run/secrets/kubernetes.io/serviceaccount from kube-api-access-m8n2d (ro)
Conditions:
  Type                        Status
  PodReadyToStartContainers   True 
  Initialized                 True 
  Ready                       True 
  ContainersReady             True 
  PodScheduled                True 
Volumes:
  config:
    Type:      ConfigMap (a volume populated by a ConfigMap)
    Name:      nanomq-config
    Optional:  false
  kube-api-access-m8n2d:
    Type:                    Projected (a volume that contains injected data from multiple sources)
    TokenExpirationSeconds:  3607
    ConfigMapName:           kube-root-ca.crt
    Optional:                false
    DownwardAPI:             true
QoS Class:                   Burstable
Node-Selectors:              <none>
Tolerations:                 node.kubernetes.io/not-ready:NoExecute op=Exists for 300s
                             node.kubernetes.io/unreachable:NoExecute op=Exists for 300s
Events:
  Type    Reason     Age   From               Message
  ----    ------     ----  ----               -------
  Normal  Scheduled  119s  default-scheduler  Successfully assigned coord-only/nanomq-7c49cc5d49-f4gtc to <pi-host>
  Normal  Pulled     119s  kubelet            spec.containers{nanomq}: Container image "emqx/nanomq:0.21-slim" already present on machine
  Normal  Created    118s  kubelet            spec.containers{nanomq}: Created container: nanomq
  Normal  Started    118s  kubelet            spec.containers{nanomq}: Started container nanomq


Name:             postgres-0
Namespace:        coord-only
Priority:         0
Service Account:  default
Node:             <pi-host>/<pi-ip>
Start Time:       Mon, 27 Apr 2026 04:16:57 +0200
Labels:           app=postgres
                  apps.kubernetes.io/pod-index=0
                  controller-revision-hash=postgres-6497897965
                  statefulset.kubernetes.io/pod-name=postgres-0
Annotations:      cni.projectcalico.org/containerID: 69fb4823b666d3d2a1395c00ab9b26a33337431372918fb41d9f85f42d91a056
                  cni.projectcalico.org/podIP: <pod-ip>/32
                  cni.projectcalico.org/podIPs: <pod-ip>/32
Status:           Running
IP:               <pod-ip>
IPs:
  IP:           <pod-ip>
Controlled By:  StatefulSet/postgres
Containers:
  postgres:
    Container ID:  containerd://adf8585ccc9b705cf0261f22f8e1c254a24670c72b998bb7a052f31e3a5ae5be
    Image:         postgres:17-alpine
    Image ID:      docker.io/library/postgres@sha256:778d0b486d6daa02b77434d0358ec57a1b21fd8b6d22ac2eef56a33e816928f6
    Port:          5432/TCP
    Host Port:     0/TCP
    Args:
      -c
      shared_buffers=256MB
      -c
      max_connections=200
      -c
      work_mem=16MB
    State:          Running
      Started:      Mon, 27 Apr 2026 04:16:58 +0200
    Ready:          True
    Restart Count:  0
    Limits:
      cpu:     1500m
      memory:  1536Mi
    Requests:
      cpu:      100m
      memory:   256Mi
    Liveness:   exec [pg_isready -U postgres] delay=30s timeout=1s period=10s #success=1 #failure=3
    Readiness:  exec [pg_isready -U postgres] delay=5s timeout=1s period=5s #success=1 #failure=3
    Environment:
      POSTGRES_DB:        postgres
      POSTGRES_USER:      postgres
      POSTGRES_PASSWORD:  <set to the key 'postgres-superuser-password' in secret 'hermod-secrets'>  Optional: false
    Mounts:
      /docker-entrypoint-initdb.d from init (rw)
      /var/lib/postgresql/data from data (rw)
      /var/run/secrets/kubernetes.io/serviceaccount from kube-api-access-79j56 (ro)
Conditions:
  Type                        Status
  PodReadyToStartContainers   True 
  Initialized                 True 
  Ready                       True 
  ContainersReady             True 
  PodScheduled                True 
Volumes:
  data:
    Type:       PersistentVolumeClaim (a reference to a PersistentVolumeClaim in the same namespace)
    ClaimName:  data-postgres-0
    ReadOnly:   false
  init:
    Type:      ConfigMap (a volume populated by a ConfigMap)
    Name:      postgres-init
    Optional:  false
  kube-api-access-79j56:
    Type:                    Projected (a volume that contains injected data from multiple sources)
    TokenExpirationSeconds:  3607
    ConfigMapName:           kube-root-ca.crt
    Optional:                false
    DownwardAPI:             true
QoS Class:                   Burstable
Node-Selectors:              <none>
Tolerations:                 node.kubernetes.io/not-ready:NoExecute op=Exists for 300s
                             node.kubernetes.io/unreachable:NoExecute op=Exists for 300s
Events:
  Type    Reason     Age   From               Message
  ----    ------     ----  ----               -------
  Normal  Scheduled  113s  default-scheduler  Successfully assigned coord-only/postgres-0 to <pi-host>
  Normal  Pulled     113s  kubelet            spec.containers{postgres}: Container image "postgres:17-alpine" already present on machine
  Normal  Created    113s  kubelet            spec.containers{postgres}: Created container: postgres
  Normal  Started    112s  kubelet            spec.containers{postgres}: Started container postgres

=== ts=1777256341 ===
Name:             hermod-coordinator-6b6ff849ff-ljl7h
Namespace:        coord-only
Priority:         0
Service Account:  default
Node:             <pi-host>/<pi-ip>
Start Time:       Mon, 27 Apr 2026 04:16:51 +0200
Labels:           app=hermod-coordinator
                  pod-template-hash=6b6ff849ff
Annotations:      cni.projectcalico.org/containerID: 65914434474649dba771d4b2431992103331e35491b31fb9900d17155f551459
                  cni.projectcalico.org/podIP: <pod-ip>/32
                  cni.projectcalico.org/podIPs: <pod-ip>/32
Status:           Running
IP:               <pod-ip>
IPs:
  IP:           <pod-ip>
Controlled By:  ReplicaSet/hermod-coordinator-6b6ff849ff
Init Containers:
  wait-for-postgres:
    Container ID:  containerd://e3cc5a720ea638ffe99c5ffa9d2c3585051426f28ba8cff4d7582443a3e4d8e4
    Image:         busybox:1.36
    Image ID:      docker.io/library/busybox@sha256:73aaf090f3d85aa34ee199857f03fa3a95c8ede2ffd4cc2cdb5b94e566b11662
    Port:          <none>
    Host Port:     <none>
    Command:
      sh
      -c
      until nc -z postgres 5432; do sleep 2; done
    State:          Terminated
      Reason:       Completed
      Exit Code:    0
      Started:      Mon, 27 Apr 2026 04:16:52 +0200
      Finished:     Mon, 27 Apr 2026 04:17:04 +0200
    Ready:          True
    Restart Count:  0
    Environment:    <none>
    Mounts:
      /var/run/secrets/kubernetes.io/serviceaccount from kube-api-access-x92ss (ro)
  wait-for-nanomq:
    Container ID:  containerd://c233eb0b1637c82ca28937ef1858f82e05cf885794579e32e57fe9a25dec4e2c
    Image:         busybox:1.36
    Image ID:      docker.io/library/busybox@sha256:73aaf090f3d85aa34ee199857f03fa3a95c8ede2ffd4cc2cdb5b94e566b11662
    Port:          <none>
    Host Port:     <none>
    Command:
      sh
      -c
      until nc -z nanomq 1883; do sleep 2; done
    State:          Terminated
      Reason:       Completed
      Exit Code:    0
      Started:      Mon, 27 Apr 2026 04:17:05 +0200
      Finished:     Mon, 27 Apr 2026 04:17:05 +0200
    Ready:          True
    Restart Count:  0
    Environment:    <none>
    Mounts:
      /var/run/secrets/kubernetes.io/serviceaccount from kube-api-access-x92ss (ro)
Containers:
  hermod-coordinator:
    Container ID:   containerd://5e27ffbb5bab1670da28270de2416671806fd51168401a1b71c30a84e8e9eb65
    Image:          hermod-coordinator:latest
    Image ID:       sha256:ca91ccdfcd269dd5e4e25d5ffe8d863ca5db57e5c4f62f08c8adf90d23c15eaf
    Port:           42069/TCP (http)
    Host Port:      0/TCP (http)
    State:          Running
      Started:      Mon, 27 Apr 2026 04:17:06 +0200
    Ready:          True
    Restart Count:  0
    Limits:
      cpu:     1500m
      memory:  1536Mi
    Requests:
      cpu:      200m
      memory:   256Mi
    Liveness:   http-get http://:42069/healthz delay=60s timeout=1s period=30s #success=1 #failure=3
    Readiness:  http-get http://:42069/healthz/ready delay=5s timeout=1s period=10s #success=1 #failure=3
    Startup:    http-get http://:42069/healthz delay=0s timeout=1s period=5s #success=1 #failure=30
    Environment:
      ASPNETCORE_ENVIRONMENT:               Production
      ASPNETCORE_URLS:                      http://+:42069
      DOTNET_USE_POLLING_FILE_WATCHER:      true
      Hermod__Security__AuthBypass:         true
      Hermod__Security__VaultRequireHttps:  false
      Hermod__Features__MetricsEndpoint:    true
      Hermod__Dev__Endpoints:               true
      Hermod__Mqtt__Host:                   nanomq
      Hermod__Mqtt__Port:                   1883
      Hermod__Mqtt__UseTls:                 false
      Hermod__Mqtt__Tls__UseTls:            false
      Hermod__Mqtt__Username:               <set to the key 'mqtt-username' in secret 'hermod-secrets'>  Optional: false
      Hermod__Mqtt__Password:               <set to the key 'mqtt-password' in secret 'hermod-secrets'>  Optional: false
      Hermod__Database__ConnectionString:   Host=postgres;Port=5432;Database=hermod;Username=hermod_app
      Hermod__Database__Password:           <set to the key 'hermod-db-password' in secret 'hermod-db-credentials'>  Optional: false
    Mounts:
      /var/run/secrets/kubernetes.io/serviceaccount from kube-api-access-x92ss (ro)
Conditions:
  Type                        Status
  PodReadyToStartContainers   True 
  Initialized                 True 
  Ready                       True 
  ContainersReady             True 
  PodScheduled                True 
Volumes:
  kube-api-access-x92ss:
    Type:                    Projected (a volume that contains injected data from multiple sources)
    TokenExpirationSeconds:  3607
    ConfigMapName:           kube-root-ca.crt
    Optional:                false
    DownwardAPI:             true
QoS Class:                   Burstable
Node-Selectors:              <none>
Tolerations:                 node.kubernetes.io/not-ready:NoExecute op=Exists for 300s
                             node.kubernetes.io/unreachable:NoExecute op=Exists for 300s
Events:
  Type    Reason     Age   From               Message
  ----    ------     ----  ----               -------
  Normal  Scheduled  2m9s  default-scheduler  Successfully assigned coord-only/hermod-coordinator-6b6ff849ff-ljl7h to <pi-host>
  Normal  Pulled     2m9s  kubelet            spec.initContainers{wait-for-postgres}: Container image "busybox:1.36" already present on machine
  Normal  Created    2m9s  kubelet            spec.initContainers{wait-for-postgres}: Created container: wait-for-postgres
  Normal  Started    2m9s  kubelet            spec.initContainers{wait-for-postgres}: Started container wait-for-postgres
  Normal  Pulled     116s  kubelet            spec.initContainers{wait-for-nanomq}: Container image "busybox:1.36" already present on machine
  Normal  Created    116s  kubelet            spec.initContainers{wait-for-nanomq}: Created container: wait-for-nanomq
  Normal  Started    116s  kubelet            spec.initContainers{wait-for-nanomq}: Started container wait-for-nanomq
  Normal  Pulled     115s  kubelet            spec.containers{hermod-coordinator}: Container image "hermod-coordinator:latest" already present on machine
  Normal  Created    115s  kubelet            spec.containers{hermod-coordinator}: Created container: hermod-coordinator
  Normal  Started    115s  kubelet            spec.containers{hermod-coordinator}: Started container hermod-coordinator


Name:             nanomq-7c49cc5d49-f4gtc
Namespace:        coord-only
Priority:         0
Service Account:  default
Node:             <pi-host>/<pi-ip>
Start Time:       Mon, 27 Apr 2026 04:16:51 +0200
Labels:           app=nanomq
                  pod-template-hash=7c49cc5d49
Annotations:      cni.projectcalico.org/containerID: 2f59c3687386fdbdbd9ad0cc3feb23976b03f94891cc90215bc3bc9ebc71f669
                  cni.projectcalico.org/podIP: <pod-ip>/32
                  cni.projectcalico.org/podIPs: <pod-ip>/32
Status:           Running
IP:               <pod-ip>
IPs:
  IP:           <pod-ip>
Controlled By:  ReplicaSet/nanomq-7c49cc5d49
Containers:
  nanomq:
    Container ID:   containerd://012c0814cfca7915f4e33fb84263528087b9060474093c358336374526ff4d07
    Image:          emqx/nanomq:0.21-slim
    Image ID:       docker.io/emqx/nanomq@sha256:53bea7acb547aced1cc45e08c514628f1e41c4da9ad544fd8c5fa96d3e9eb41b
    Ports:          1883/TCP (mqtt), 8081/TCP (http)
    Host Ports:     0/TCP (mqtt), 0/TCP (http)
    State:          Running
      Started:      Mon, 27 Apr 2026 04:16:52 +0200
    Ready:          True
    Restart Count:  0
    Limits:
      cpu:     1
      memory:  512Mi
    Requests:
      cpu:        50m
      memory:     64Mi
    Liveness:     tcp-socket :1883 delay=10s timeout=1s period=10s #success=1 #failure=3
    Readiness:    tcp-socket :1883 delay=3s timeout=1s period=5s #success=1 #failure=3
    Environment:  <none>
    Mounts:
      /etc/nanomq.conf from config (rw,path="nanomq.conf")
      /var/run/secrets/kubernetes.io/serviceaccount from kube-api-access-m8n2d (ro)
Conditions:
  Type                        Status
  PodReadyToStartContainers   True 
  Initialized                 True 
  Ready                       True 
  ContainersReady             True 
  PodScheduled                True 
Volumes:
  config:
    Type:      ConfigMap (a volume populated by a ConfigMap)
    Name:      nanomq-config
    Optional:  false
  kube-api-access-m8n2d:
    Type:                    Projected (a volume that contains injected data from multiple sources)
    TokenExpirationSeconds:  3607
    ConfigMapName:           kube-root-ca.crt
    Optional:                false
    DownwardAPI:             true
QoS Class:                   Burstable
Node-Selectors:              <none>
Tolerations:                 node.kubernetes.io/not-ready:NoExecute op=Exists for 300s
                             node.kubernetes.io/unreachable:NoExecute op=Exists for 300s
Events:
  Type    Reason     Age    From               Message
  ----    ------     ----   ----               -------
  Normal  Scheduled  2m10s  default-scheduler  Successfully assigned coord-only/nanomq-7c49cc5d49-f4gtc to <pi-host>
  Normal  Pulled     2m10s  kubelet            spec.containers{nanomq}: Container image "emqx/nanomq:0.21-slim" already present on machine
  Normal  Created    2m9s   kubelet            spec.containers{nanomq}: Created container: nanomq
  Normal  Started    2m9s   kubelet            spec.containers{nanomq}: Started container nanomq


Name:             postgres-0
Namespace:        coord-only
Priority:         0
Service Account:  default
Node:             <pi-host>/<pi-ip>
Start Time:       Mon, 27 Apr 2026 04:16:57 +0200
Labels:           app=postgres
                  apps.kubernetes.io/pod-index=0
                  controller-revision-hash=postgres-6497897965
                  statefulset.kubernetes.io/pod-name=postgres-0
Annotations:      cni.projectcalico.org/containerID: 69fb4823b666d3d2a1395c00ab9b26a33337431372918fb41d9f85f42d91a056
                  cni.projectcalico.org/podIP: <pod-ip>/32
                  cni.projectcalico.org/podIPs: <pod-ip>/32
Status:           Running
IP:               <pod-ip>
IPs:
  IP:           <pod-ip>
Controlled By:  StatefulSet/postgres
Containers:
  postgres:
    Container ID:  containerd://adf8585ccc9b705cf0261f22f8e1c254a24670c72b998bb7a052f31e3a5ae5be
    Image:         postgres:17-alpine
    Image ID:      docker.io/library/postgres@sha256:778d0b486d6daa02b77434d0358ec57a1b21fd8b6d22ac2eef56a33e816928f6
    Port:          5432/TCP
    Host Port:     0/TCP
    Args:
      -c
      shared_buffers=256MB
      -c
      max_connections=200
      -c
      work_mem=16MB
    State:          Running
      Started:      Mon, 27 Apr 2026 04:16:58 +0200
    Ready:          True
    Restart Count:  0
    Limits:
      cpu:     1500m
      memory:  1536Mi
    Requests:
      cpu:      100m
      memory:   256Mi
    Liveness:   exec [pg_isready -U postgres] delay=30s timeout=1s period=10s #success=1 #failure=3
    Readiness:  exec [pg_isready -U postgres] delay=5s timeout=1s period=5s #success=1 #failure=3
    Environment:
      POSTGRES_DB:        postgres
      POSTGRES_USER:      postgres
      POSTGRES_PASSWORD:  <set to the key 'postgres-superuser-password' in secret 'hermod-secrets'>  Optional: false
    Mounts:
      /docker-entrypoint-initdb.d from init (rw)
      /var/lib/postgresql/data from data (rw)
      /var/run/secrets/kubernetes.io/serviceaccount from kube-api-access-79j56 (ro)
Conditions:
  Type                        Status
  PodReadyToStartContainers   True 
  Initialized                 True 
  Ready                       True 
  ContainersReady             True 
  PodScheduled                True 
Volumes:
  data:
    Type:       PersistentVolumeClaim (a reference to a PersistentVolumeClaim in the same namespace)
    ClaimName:  data-postgres-0
    ReadOnly:   false
  init:
    Type:      ConfigMap (a volume populated by a ConfigMap)
    Name:      postgres-init
    Optional:  false
  kube-api-access-79j56:
    Type:                    Projected (a volume that contains injected data from multiple sources)
    TokenExpirationSeconds:  3607
    ConfigMapName:           kube-root-ca.crt
    Optional:                false
    DownwardAPI:             true
QoS Class:                   Burstable
Node-Selectors:              <none>
Tolerations:                 node.kubernetes.io/not-ready:NoExecute op=Exists for 300s
                             node.kubernetes.io/unreachable:NoExecute op=Exists for 300s
Events:
  Type    Reason     Age   From               Message
  ----    ------     ----  ----               -------
  Normal  Scheduled  2m4s  default-scheduler  Successfully assigned coord-only/postgres-0 to <pi-host>
  Normal  Pulled     2m4s  kubelet            spec.containers{postgres}: Container image "postgres:17-alpine" already present on machine
  Normal  Created    2m4s  kubelet            spec.containers{postgres}: Created container: postgres
  Normal  Started    2m3s  kubelet            spec.containers{postgres}: Started container postgres

=== ts=1777256352 ===
Name:             hermod-coordinator-6b6ff849ff-ljl7h
Namespace:        coord-only
Priority:         0
Service Account:  default
Node:             <pi-host>/<pi-ip>
Start Time:       Mon, 27 Apr 2026 04:16:51 +0200
Labels:           app=hermod-coordinator
                  pod-template-hash=6b6ff849ff
Annotations:      cni.projectcalico.org/containerID: 65914434474649dba771d4b2431992103331e35491b31fb9900d17155f551459
                  cni.projectcalico.org/podIP: <pod-ip>/32
                  cni.projectcalico.org/podIPs: <pod-ip>/32
Status:           Running
IP:               <pod-ip>
IPs:
  IP:           <pod-ip>
Controlled By:  ReplicaSet/hermod-coordinator-6b6ff849ff
Init Containers:
  wait-for-postgres:
    Container ID:  containerd://e3cc5a720ea638ffe99c5ffa9d2c3585051426f28ba8cff4d7582443a3e4d8e4
    Image:         busybox:1.36
    Image ID:      docker.io/library/busybox@sha256:73aaf090f3d85aa34ee199857f03fa3a95c8ede2ffd4cc2cdb5b94e566b11662
    Port:          <none>
    Host Port:     <none>
    Command:
      sh
      -c
      until nc -z postgres 5432; do sleep 2; done
    State:          Terminated
      Reason:       Completed
      Exit Code:    0
      Started:      Mon, 27 Apr 2026 04:16:52 +0200
      Finished:     Mon, 27 Apr 2026 04:17:04 +0200
    Ready:          True
    Restart Count:  0
    Environment:    <none>
    Mounts:
      /var/run/secrets/kubernetes.io/serviceaccount from kube-api-access-x92ss (ro)
  wait-for-nanomq:
    Container ID:  containerd://c233eb0b1637c82ca28937ef1858f82e05cf885794579e32e57fe9a25dec4e2c
    Image:         busybox:1.36
    Image ID:      docker.io/library/busybox@sha256:73aaf090f3d85aa34ee199857f03fa3a95c8ede2ffd4cc2cdb5b94e566b11662
    Port:          <none>
    Host Port:     <none>
    Command:
      sh
      -c
      until nc -z nanomq 1883; do sleep 2; done
    State:          Terminated
      Reason:       Completed
      Exit Code:    0
      Started:      Mon, 27 Apr 2026 04:17:05 +0200
      Finished:     Mon, 27 Apr 2026 04:17:05 +0200
    Ready:          True
    Restart Count:  0
    Environment:    <none>
    Mounts:
      /var/run/secrets/kubernetes.io/serviceaccount from kube-api-access-x92ss (ro)
Containers:
  hermod-coordinator:
    Container ID:   containerd://5e27ffbb5bab1670da28270de2416671806fd51168401a1b71c30a84e8e9eb65
    Image:          hermod-coordinator:latest
    Image ID:       sha256:ca91ccdfcd269dd5e4e25d5ffe8d863ca5db57e5c4f62f08c8adf90d23c15eaf
    Port:           42069/TCP (http)
    Host Port:      0/TCP (http)
    State:          Running
      Started:      Mon, 27 Apr 2026 04:17:06 +0200
    Ready:          True
    Restart Count:  0
    Limits:
      cpu:     1500m
      memory:  1536Mi
    Requests:
      cpu:      200m
      memory:   256Mi
    Liveness:   http-get http://:42069/healthz delay=60s timeout=1s period=30s #success=1 #failure=3
    Readiness:  http-get http://:42069/healthz/ready delay=5s timeout=1s period=10s #success=1 #failure=3
    Startup:    http-get http://:42069/healthz delay=0s timeout=1s period=5s #success=1 #failure=30
    Environment:
      ASPNETCORE_ENVIRONMENT:               Production
      ASPNETCORE_URLS:                      http://+:42069
      DOTNET_USE_POLLING_FILE_WATCHER:      true
      Hermod__Security__AuthBypass:         true
      Hermod__Security__VaultRequireHttps:  false
      Hermod__Features__MetricsEndpoint:    true
      Hermod__Dev__Endpoints:               true
      Hermod__Mqtt__Host:                   nanomq
      Hermod__Mqtt__Port:                   1883
      Hermod__Mqtt__UseTls:                 false
      Hermod__Mqtt__Tls__UseTls:            false
      Hermod__Mqtt__Username:               <set to the key 'mqtt-username' in secret 'hermod-secrets'>  Optional: false
      Hermod__Mqtt__Password:               <set to the key 'mqtt-password' in secret 'hermod-secrets'>  Optional: false
      Hermod__Database__ConnectionString:   Host=postgres;Port=5432;Database=hermod;Username=hermod_app
      Hermod__Database__Password:           <set to the key 'hermod-db-password' in secret 'hermod-db-credentials'>  Optional: false
    Mounts:
      /var/run/secrets/kubernetes.io/serviceaccount from kube-api-access-x92ss (ro)
Conditions:
  Type                        Status
  PodReadyToStartContainers   True 
  Initialized                 True 
  Ready                       True 
  ContainersReady             True 
  PodScheduled                True 
Volumes:
  kube-api-access-x92ss:
    Type:                    Projected (a volume that contains injected data from multiple sources)
    TokenExpirationSeconds:  3607
    ConfigMapName:           kube-root-ca.crt
    Optional:                false
    DownwardAPI:             true
QoS Class:                   Burstable
Node-Selectors:              <none>
Tolerations:                 node.kubernetes.io/not-ready:NoExecute op=Exists for 300s
                             node.kubernetes.io/unreachable:NoExecute op=Exists for 300s
Events:
  Type    Reason     Age    From               Message
  ----    ------     ----   ----               -------
  Normal  Scheduled  2m21s  default-scheduler  Successfully assigned coord-only/hermod-coordinator-6b6ff849ff-ljl7h to <pi-host>
  Normal  Pulled     2m20s  kubelet            spec.initContainers{wait-for-postgres}: Container image "busybox:1.36" already present on machine
  Normal  Created    2m20s  kubelet            spec.initContainers{wait-for-postgres}: Created container: wait-for-postgres
  Normal  Started    2m20s  kubelet            spec.initContainers{wait-for-postgres}: Started container wait-for-postgres
  Normal  Pulled     2m7s   kubelet            spec.initContainers{wait-for-nanomq}: Container image "busybox:1.36" already present on machine
  Normal  Created    2m7s   kubelet            spec.initContainers{wait-for-nanomq}: Created container: wait-for-nanomq
  Normal  Started    2m7s   kubelet            spec.initContainers{wait-for-nanomq}: Started container wait-for-nanomq
  Normal  Pulled     2m6s   kubelet            spec.containers{hermod-coordinator}: Container image "hermod-coordinator:latest" already present on machine
  Normal  Created    2m6s   kubelet            spec.containers{hermod-coordinator}: Created container: hermod-coordinator
  Normal  Started    2m6s   kubelet            spec.containers{hermod-coordinator}: Started container hermod-coordinator


Name:             nanomq-7c49cc5d49-f4gtc
Namespace:        coord-only
Priority:         0
Service Account:  default
Node:             <pi-host>/<pi-ip>
Start Time:       Mon, 27 Apr 2026 04:16:51 +0200
Labels:           app=nanomq
                  pod-template-hash=7c49cc5d49
Annotations:      cni.projectcalico.org/containerID: 2f59c3687386fdbdbd9ad0cc3feb23976b03f94891cc90215bc3bc9ebc71f669
                  cni.projectcalico.org/podIP: <pod-ip>/32
                  cni.projectcalico.org/podIPs: <pod-ip>/32
Status:           Running
IP:               <pod-ip>
IPs:
  IP:           <pod-ip>
Controlled By:  ReplicaSet/nanomq-7c49cc5d49
Containers:
  nanomq:
    Container ID:   containerd://012c0814cfca7915f4e33fb84263528087b9060474093c358336374526ff4d07
    Image:          emqx/nanomq:0.21-slim
    Image ID:       docker.io/emqx/nanomq@sha256:53bea7acb547aced1cc45e08c514628f1e41c4da9ad544fd8c5fa96d3e9eb41b
    Ports:          1883/TCP (mqtt), 8081/TCP (http)
    Host Ports:     0/TCP (mqtt), 0/TCP (http)
    State:          Running
      Started:      Mon, 27 Apr 2026 04:16:52 +0200
    Ready:          True
    Restart Count:  0
    Limits:
      cpu:     1
      memory:  512Mi
    Requests:
      cpu:        50m
      memory:     64Mi
    Liveness:     tcp-socket :1883 delay=10s timeout=1s period=10s #success=1 #failure=3
    Readiness:    tcp-socket :1883 delay=3s timeout=1s period=5s #success=1 #failure=3
    Environment:  <none>
    Mounts:
      /etc/nanomq.conf from config (rw,path="nanomq.conf")
      /var/run/secrets/kubernetes.io/serviceaccount from kube-api-access-m8n2d (ro)
Conditions:
  Type                        Status
  PodReadyToStartContainers   True 
  Initialized                 True 
  Ready                       True 
  ContainersReady             True 
  PodScheduled                True 
Volumes:
  config:
    Type:      ConfigMap (a volume populated by a ConfigMap)
    Name:      nanomq-config
    Optional:  false
  kube-api-access-m8n2d:
    Type:                    Projected (a volume that contains injected data from multiple sources)
    TokenExpirationSeconds:  3607
    ConfigMapName:           kube-root-ca.crt
    Optional:                false
    DownwardAPI:             true
QoS Class:                   Burstable
Node-Selectors:              <none>
Tolerations:                 node.kubernetes.io/not-ready:NoExecute op=Exists for 300s
                             node.kubernetes.io/unreachable:NoExecute op=Exists for 300s
Events:
  Type    Reason     Age    From               Message
  ----    ------     ----   ----               -------
  Normal  Scheduled  2m21s  default-scheduler  Successfully assigned coord-only/nanomq-7c49cc5d49-f4gtc to <pi-host>
  Normal  Pulled     2m21s  kubelet            spec.containers{nanomq}: Container image "emqx/nanomq:0.21-slim" already present on machine
  Normal  Created    2m20s  kubelet            spec.containers{nanomq}: Created container: nanomq
  Normal  Started    2m20s  kubelet            spec.containers{nanomq}: Started container nanomq


Name:             postgres-0
Namespace:        coord-only
Priority:         0
Service Account:  default
Node:             <pi-host>/<pi-ip>
Start Time:       Mon, 27 Apr 2026 04:16:57 +0200
Labels:           app=postgres
                  apps.kubernetes.io/pod-index=0
                  controller-revision-hash=postgres-6497897965
                  statefulset.kubernetes.io/pod-name=postgres-0
Annotations:      cni.projectcalico.org/containerID: 69fb4823b666d3d2a1395c00ab9b26a33337431372918fb41d9f85f42d91a056
                  cni.projectcalico.org/podIP: <pod-ip>/32
                  cni.projectcalico.org/podIPs: <pod-ip>/32
Status:           Running
IP:               <pod-ip>
IPs:
  IP:           <pod-ip>
Controlled By:  StatefulSet/postgres
Containers:
  postgres:
    Container ID:  containerd://adf8585ccc9b705cf0261f22f8e1c254a24670c72b998bb7a052f31e3a5ae5be
    Image:         postgres:17-alpine
    Image ID:      docker.io/library/postgres@sha256:778d0b486d6daa02b77434d0358ec57a1b21fd8b6d22ac2eef56a33e816928f6
    Port:          5432/TCP
    Host Port:     0/TCP
    Args:
      -c
      shared_buffers=256MB
      -c
      max_connections=200
      -c
      work_mem=16MB
    State:          Running
      Started:      Mon, 27 Apr 2026 04:16:58 +0200
    Ready:          True
    Restart Count:  0
    Limits:
      cpu:     1500m
      memory:  1536Mi
    Requests:
      cpu:      100m
      memory:   256Mi
    Liveness:   exec [pg_isready -U postgres] delay=30s timeout=1s period=10s #success=1 #failure=3
    Readiness:  exec [pg_isready -U postgres] delay=5s timeout=1s period=5s #success=1 #failure=3
    Environment:
      POSTGRES_DB:        postgres
      POSTGRES_USER:      postgres
      POSTGRES_PASSWORD:  <set to the key 'postgres-superuser-password' in secret 'hermod-secrets'>  Optional: false
    Mounts:
      /docker-entrypoint-initdb.d from init (rw)
      /var/lib/postgresql/data from data (rw)
      /var/run/secrets/kubernetes.io/serviceaccount from kube-api-access-79j56 (ro)
Conditions:
  Type                        Status
  PodReadyToStartContainers   True 
  Initialized                 True 
  Ready                       True 
  ContainersReady             True 
  PodScheduled                True 
Volumes:
  data:
    Type:       PersistentVolumeClaim (a reference to a PersistentVolumeClaim in the same namespace)
    ClaimName:  data-postgres-0
    ReadOnly:   false
  init:
    Type:      ConfigMap (a volume populated by a ConfigMap)
    Name:      postgres-init
    Optional:  false
  kube-api-access-79j56:
    Type:                    Projected (a volume that contains injected data from multiple sources)
    TokenExpirationSeconds:  3607
    ConfigMapName:           kube-root-ca.crt
    Optional:                false
    DownwardAPI:             true
QoS Class:                   Burstable
Node-Selectors:              <none>
Tolerations:                 node.kubernetes.io/not-ready:NoExecute op=Exists for 300s
                             node.kubernetes.io/unreachable:NoExecute op=Exists for 300s
Events:
  Type    Reason     Age    From               Message
  ----    ------     ----   ----               -------
  Normal  Scheduled  2m15s  default-scheduler  Successfully assigned coord-only/postgres-0 to <pi-host>
  Normal  Pulled     2m15s  kubelet            spec.containers{postgres}: Container image "postgres:17-alpine" already present on machine
  Normal  Created    2m15s  kubelet            spec.containers{postgres}: Created container: postgres
  Normal  Started    2m14s  kubelet            spec.containers{postgres}: Started container postgres

=== ts=1777256363 ===
Name:             hermod-coordinator-6b6ff849ff-ljl7h
Namespace:        coord-only
Priority:         0
Service Account:  default
Node:             <pi-host>/<pi-ip>
Start Time:       Mon, 27 Apr 2026 04:16:51 +0200
Labels:           app=hermod-coordinator
                  pod-template-hash=6b6ff849ff
Annotations:      cni.projectcalico.org/containerID: 65914434474649dba771d4b2431992103331e35491b31fb9900d17155f551459
                  cni.projectcalico.org/podIP: <pod-ip>/32
                  cni.projectcalico.org/podIPs: <pod-ip>/32
Status:           Running
IP:               <pod-ip>
IPs:
  IP:           <pod-ip>
Controlled By:  ReplicaSet/hermod-coordinator-6b6ff849ff
Init Containers:
  wait-for-postgres:
    Container ID:  containerd://e3cc5a720ea638ffe99c5ffa9d2c3585051426f28ba8cff4d7582443a3e4d8e4
    Image:         busybox:1.36
    Image ID:      docker.io/library/busybox@sha256:73aaf090f3d85aa34ee199857f03fa3a95c8ede2ffd4cc2cdb5b94e566b11662
    Port:          <none>
    Host Port:     <none>
    Command:
      sh
      -c
      until nc -z postgres 5432; do sleep 2; done
    State:          Terminated
      Reason:       Completed
      Exit Code:    0
      Started:      Mon, 27 Apr 2026 04:16:52 +0200
      Finished:     Mon, 27 Apr 2026 04:17:04 +0200
    Ready:          True
    Restart Count:  0
    Environment:    <none>
    Mounts:
      /var/run/secrets/kubernetes.io/serviceaccount from kube-api-access-x92ss (ro)
  wait-for-nanomq:
    Container ID:  containerd://c233eb0b1637c82ca28937ef1858f82e05cf885794579e32e57fe9a25dec4e2c
    Image:         busybox:1.36
    Image ID:      docker.io/library/busybox@sha256:73aaf090f3d85aa34ee199857f03fa3a95c8ede2ffd4cc2cdb5b94e566b11662
    Port:          <none>
    Host Port:     <none>
    Command:
      sh
      -c
      until nc -z nanomq 1883; do sleep 2; done
    State:          Terminated
      Reason:       Completed
      Exit Code:    0
      Started:      Mon, 27 Apr 2026 04:17:05 +0200
      Finished:     Mon, 27 Apr 2026 04:17:05 +0200
    Ready:          True
    Restart Count:  0
    Environment:    <none>
    Mounts:
      /var/run/secrets/kubernetes.io/serviceaccount from kube-api-access-x92ss (ro)
Containers:
  hermod-coordinator:
    Container ID:   containerd://5e27ffbb5bab1670da28270de2416671806fd51168401a1b71c30a84e8e9eb65
    Image:          hermod-coordinator:latest
    Image ID:       sha256:ca91ccdfcd269dd5e4e25d5ffe8d863ca5db57e5c4f62f08c8adf90d23c15eaf
    Port:           42069/TCP (http)
    Host Port:      0/TCP (http)
    State:          Running
      Started:      Mon, 27 Apr 2026 04:17:06 +0200
    Ready:          True
    Restart Count:  0
    Limits:
      cpu:     1500m
      memory:  1536Mi
    Requests:
      cpu:      200m
      memory:   256Mi
    Liveness:   http-get http://:42069/healthz delay=60s timeout=1s period=30s #success=1 #failure=3
    Readiness:  http-get http://:42069/healthz/ready delay=5s timeout=1s period=10s #success=1 #failure=3
    Startup:    http-get http://:42069/healthz delay=0s timeout=1s period=5s #success=1 #failure=30
    Environment:
      ASPNETCORE_ENVIRONMENT:               Production
      ASPNETCORE_URLS:                      http://+:42069
      DOTNET_USE_POLLING_FILE_WATCHER:      true
      Hermod__Security__AuthBypass:         true
      Hermod__Security__VaultRequireHttps:  false
      Hermod__Features__MetricsEndpoint:    true
      Hermod__Dev__Endpoints:               true
      Hermod__Mqtt__Host:                   nanomq
      Hermod__Mqtt__Port:                   1883
      Hermod__Mqtt__UseTls:                 false
      Hermod__Mqtt__Tls__UseTls:            false
      Hermod__Mqtt__Username:               <set to the key 'mqtt-username' in secret 'hermod-secrets'>  Optional: false
      Hermod__Mqtt__Password:               <set to the key 'mqtt-password' in secret 'hermod-secrets'>  Optional: false
      Hermod__Database__ConnectionString:   Host=postgres;Port=5432;Database=hermod;Username=hermod_app
      Hermod__Database__Password:           <set to the key 'hermod-db-password' in secret 'hermod-db-credentials'>  Optional: false
    Mounts:
      /var/run/secrets/kubernetes.io/serviceaccount from kube-api-access-x92ss (ro)
Conditions:
  Type                        Status
  PodReadyToStartContainers   True 
  Initialized                 True 
  Ready                       True 
  ContainersReady             True 
  PodScheduled                True 
Volumes:
  kube-api-access-x92ss:
    Type:                    Projected (a volume that contains injected data from multiple sources)
    TokenExpirationSeconds:  3607
    ConfigMapName:           kube-root-ca.crt
    Optional:                false
    DownwardAPI:             true
QoS Class:                   Burstable
Node-Selectors:              <none>
Tolerations:                 node.kubernetes.io/not-ready:NoExecute op=Exists for 300s
                             node.kubernetes.io/unreachable:NoExecute op=Exists for 300s
Events:
  Type    Reason     Age    From               Message
  ----    ------     ----   ----               -------
  Normal  Scheduled  2m32s  default-scheduler  Successfully assigned coord-only/hermod-coordinator-6b6ff849ff-ljl7h to <pi-host>
  Normal  Pulled     2m31s  kubelet            spec.initContainers{wait-for-postgres}: Container image "busybox:1.36" already present on machine
  Normal  Created    2m31s  kubelet            spec.initContainers{wait-for-postgres}: Created container: wait-for-postgres
  Normal  Started    2m31s  kubelet            spec.initContainers{wait-for-postgres}: Started container wait-for-postgres
  Normal  Pulled     2m18s  kubelet            spec.initContainers{wait-for-nanomq}: Container image "busybox:1.36" already present on machine
  Normal  Created    2m18s  kubelet            spec.initContainers{wait-for-nanomq}: Created container: wait-for-nanomq
  Normal  Started    2m18s  kubelet            spec.initContainers{wait-for-nanomq}: Started container wait-for-nanomq
  Normal  Pulled     2m17s  kubelet            spec.containers{hermod-coordinator}: Container image "hermod-coordinator:latest" already present on machine
  Normal  Created    2m17s  kubelet            spec.containers{hermod-coordinator}: Created container: hermod-coordinator
  Normal  Started    2m17s  kubelet            spec.containers{hermod-coordinator}: Started container hermod-coordinator


Name:             nanomq-7c49cc5d49-f4gtc
Namespace:        coord-only
Priority:         0
Service Account:  default
Node:             <pi-host>/<pi-ip>
Start Time:       Mon, 27 Apr 2026 04:16:51 +0200
Labels:           app=nanomq
                  pod-template-hash=7c49cc5d49
Annotations:      cni.projectcalico.org/containerID: 2f59c3687386fdbdbd9ad0cc3feb23976b03f94891cc90215bc3bc9ebc71f669
                  cni.projectcalico.org/podIP: <pod-ip>/32
                  cni.projectcalico.org/podIPs: <pod-ip>/32
Status:           Running
IP:               <pod-ip>
IPs:
  IP:           <pod-ip>
Controlled By:  ReplicaSet/nanomq-7c49cc5d49
Containers:
  nanomq:
    Container ID:   containerd://012c0814cfca7915f4e33fb84263528087b9060474093c358336374526ff4d07
    Image:          emqx/nanomq:0.21-slim
    Image ID:       docker.io/emqx/nanomq@sha256:53bea7acb547aced1cc45e08c514628f1e41c4da9ad544fd8c5fa96d3e9eb41b
    Ports:          1883/TCP (mqtt), 8081/TCP (http)
    Host Ports:     0/TCP (mqtt), 0/TCP (http)
    State:          Running
      Started:      Mon, 27 Apr 2026 04:16:52 +0200
    Ready:          True
    Restart Count:  0
    Limits:
      cpu:     1
      memory:  512Mi
    Requests:
      cpu:        50m
      memory:     64Mi
    Liveness:     tcp-socket :1883 delay=10s timeout=1s period=10s #success=1 #failure=3
    Readiness:    tcp-socket :1883 delay=3s timeout=1s period=5s #success=1 #failure=3
    Environment:  <none>
    Mounts:
      /etc/nanomq.conf from config (rw,path="nanomq.conf")
      /var/run/secrets/kubernetes.io/serviceaccount from kube-api-access-m8n2d (ro)
Conditions:
  Type                        Status
  PodReadyToStartContainers   True 
  Initialized                 True 
  Ready                       True 
  ContainersReady             True 
  PodScheduled                True 
Volumes:
  config:
    Type:      ConfigMap (a volume populated by a ConfigMap)
    Name:      nanomq-config
    Optional:  false
  kube-api-access-m8n2d:
    Type:                    Projected (a volume that contains injected data from multiple sources)
    TokenExpirationSeconds:  3607
    ConfigMapName:           kube-root-ca.crt
    Optional:                false
    DownwardAPI:             true
QoS Class:                   Burstable
Node-Selectors:              <none>
Tolerations:                 node.kubernetes.io/not-ready:NoExecute op=Exists for 300s
                             node.kubernetes.io/unreachable:NoExecute op=Exists for 300s
Events:
  Type    Reason     Age    From               Message
  ----    ------     ----   ----               -------
  Normal  Scheduled  2m32s  default-scheduler  Successfully assigned coord-only/nanomq-7c49cc5d49-f4gtc to <pi-host>
  Normal  Pulled     2m32s  kubelet            spec.containers{nanomq}: Container image "emqx/nanomq:0.21-slim" already present on machine
  Normal  Created    2m31s  kubelet            spec.containers{nanomq}: Created container: nanomq
  Normal  Started    2m31s  kubelet            spec.containers{nanomq}: Started container nanomq


Name:             postgres-0
Namespace:        coord-only
Priority:         0
Service Account:  default
Node:             <pi-host>/<pi-ip>
Start Time:       Mon, 27 Apr 2026 04:16:57 +0200
Labels:           app=postgres
                  apps.kubernetes.io/pod-index=0
                  controller-revision-hash=postgres-6497897965
                  statefulset.kubernetes.io/pod-name=postgres-0
Annotations:      cni.projectcalico.org/containerID: 69fb4823b666d3d2a1395c00ab9b26a33337431372918fb41d9f85f42d91a056
                  cni.projectcalico.org/podIP: <pod-ip>/32
                  cni.projectcalico.org/podIPs: <pod-ip>/32
Status:           Running
IP:               <pod-ip>
IPs:
  IP:           <pod-ip>
Controlled By:  StatefulSet/postgres
Containers:
  postgres:
    Container ID:  containerd://adf8585ccc9b705cf0261f22f8e1c254a24670c72b998bb7a052f31e3a5ae5be
    Image:         postgres:17-alpine
    Image ID:      docker.io/library/postgres@sha256:778d0b486d6daa02b77434d0358ec57a1b21fd8b6d22ac2eef56a33e816928f6
    Port:          5432/TCP
    Host Port:     0/TCP
    Args:
      -c
      shared_buffers=256MB
      -c
      max_connections=200
      -c
      work_mem=16MB
    State:          Running
      Started:      Mon, 27 Apr 2026 04:16:58 +0200
    Ready:          True
    Restart Count:  0
    Limits:
      cpu:     1500m
      memory:  1536Mi
    Requests:
      cpu:      100m
      memory:   256Mi
    Liveness:   exec [pg_isready -U postgres] delay=30s timeout=1s period=10s #success=1 #failure=3
    Readiness:  exec [pg_isready -U postgres] delay=5s timeout=1s period=5s #success=1 #failure=3
    Environment:
      POSTGRES_DB:        postgres
      POSTGRES_USER:      postgres
      POSTGRES_PASSWORD:  <set to the key 'postgres-superuser-password' in secret 'hermod-secrets'>  Optional: false
    Mounts:
      /docker-entrypoint-initdb.d from init (rw)
      /var/lib/postgresql/data from data (rw)
      /var/run/secrets/kubernetes.io/serviceaccount from kube-api-access-79j56 (ro)
Conditions:
  Type                        Status
  PodReadyToStartContainers   True 
  Initialized                 True 
  Ready                       True 
  ContainersReady             True 
  PodScheduled                True 
Volumes:
  data:
    Type:       PersistentVolumeClaim (a reference to a PersistentVolumeClaim in the same namespace)
    ClaimName:  data-postgres-0
    ReadOnly:   false
  init:
    Type:      ConfigMap (a volume populated by a ConfigMap)
    Name:      postgres-init
    Optional:  false
  kube-api-access-79j56:
    Type:                    Projected (a volume that contains injected data from multiple sources)
    TokenExpirationSeconds:  3607
    ConfigMapName:           kube-root-ca.crt
    Optional:                false
    DownwardAPI:             true
QoS Class:                   Burstable
Node-Selectors:              <none>
Tolerations:                 node.kubernetes.io/not-ready:NoExecute op=Exists for 300s
                             node.kubernetes.io/unreachable:NoExecute op=Exists for 300s
Events:
  Type    Reason     Age    From               Message
  ----    ------     ----   ----               -------
  Normal  Scheduled  2m26s  default-scheduler  Successfully assigned coord-only/postgres-0 to <pi-host>
  Normal  Pulled     2m26s  kubelet            spec.containers{postgres}: Container image "postgres:17-alpine" already present on machine
  Normal  Created    2m26s  kubelet            spec.containers{postgres}: Created container: postgres
  Normal  Started    2m25s  kubelet            spec.containers{postgres}: Started container postgres

=== ts=1777256374 ===
Name:             hermod-coordinator-6b6ff849ff-ljl7h
Namespace:        coord-only
Priority:         0
Service Account:  default
Node:             <pi-host>/<pi-ip>
Start Time:       Mon, 27 Apr 2026 04:16:51 +0200
Labels:           app=hermod-coordinator
                  pod-template-hash=6b6ff849ff
Annotations:      cni.projectcalico.org/containerID: 65914434474649dba771d4b2431992103331e35491b31fb9900d17155f551459
                  cni.projectcalico.org/podIP: <pod-ip>/32
                  cni.projectcalico.org/podIPs: <pod-ip>/32
Status:           Running
IP:               <pod-ip>
IPs:
  IP:           <pod-ip>
Controlled By:  ReplicaSet/hermod-coordinator-6b6ff849ff
Init Containers:
  wait-for-postgres:
    Container ID:  containerd://e3cc5a720ea638ffe99c5ffa9d2c3585051426f28ba8cff4d7582443a3e4d8e4
    Image:         busybox:1.36
    Image ID:      docker.io/library/busybox@sha256:73aaf090f3d85aa34ee199857f03fa3a95c8ede2ffd4cc2cdb5b94e566b11662
    Port:          <none>
    Host Port:     <none>
    Command:
      sh
      -c
      until nc -z postgres 5432; do sleep 2; done
    State:          Terminated
      Reason:       Completed
      Exit Code:    0
      Started:      Mon, 27 Apr 2026 04:16:52 +0200
      Finished:     Mon, 27 Apr 2026 04:17:04 +0200
    Ready:          True
    Restart Count:  0
    Environment:    <none>
    Mounts:
      /var/run/secrets/kubernetes.io/serviceaccount from kube-api-access-x92ss (ro)
  wait-for-nanomq:
    Container ID:  containerd://c233eb0b1637c82ca28937ef1858f82e05cf885794579e32e57fe9a25dec4e2c
    Image:         busybox:1.36
    Image ID:      docker.io/library/busybox@sha256:73aaf090f3d85aa34ee199857f03fa3a95c8ede2ffd4cc2cdb5b94e566b11662
    Port:          <none>
    Host Port:     <none>
    Command:
      sh
      -c
      until nc -z nanomq 1883; do sleep 2; done
    State:          Terminated
      Reason:       Completed
      Exit Code:    0
      Started:      Mon, 27 Apr 2026 04:17:05 +0200
      Finished:     Mon, 27 Apr 2026 04:17:05 +0200
    Ready:          True
    Restart Count:  0
    Environment:    <none>
    Mounts:
      /var/run/secrets/kubernetes.io/serviceaccount from kube-api-access-x92ss (ro)
Containers:
  hermod-coordinator:
    Container ID:   containerd://5e27ffbb5bab1670da28270de2416671806fd51168401a1b71c30a84e8e9eb65
    Image:          hermod-coordinator:latest
    Image ID:       sha256:ca91ccdfcd269dd5e4e25d5ffe8d863ca5db57e5c4f62f08c8adf90d23c15eaf
    Port:           42069/TCP (http)
    Host Port:      0/TCP (http)
    State:          Running
      Started:      Mon, 27 Apr 2026 04:17:06 +0200
    Ready:          True
    Restart Count:  0
    Limits:
      cpu:     1500m
      memory:  1536Mi
    Requests:
      cpu:      200m
      memory:   256Mi
    Liveness:   http-get http://:42069/healthz delay=60s timeout=1s period=30s #success=1 #failure=3
    Readiness:  http-get http://:42069/healthz/ready delay=5s timeout=1s period=10s #success=1 #failure=3
    Startup:    http-get http://:42069/healthz delay=0s timeout=1s period=5s #success=1 #failure=30
    Environment:
      ASPNETCORE_ENVIRONMENT:               Production
      ASPNETCORE_URLS:                      http://+:42069
      DOTNET_USE_POLLING_FILE_WATCHER:      true
      Hermod__Security__AuthBypass:         true
      Hermod__Security__VaultRequireHttps:  false
      Hermod__Features__MetricsEndpoint:    true
      Hermod__Dev__Endpoints:               true
      Hermod__Mqtt__Host:                   nanomq
      Hermod__Mqtt__Port:                   1883
      Hermod__Mqtt__UseTls:                 false
      Hermod__Mqtt__Tls__UseTls:            false
      Hermod__Mqtt__Username:               <set to the key 'mqtt-username' in secret 'hermod-secrets'>  Optional: false
      Hermod__Mqtt__Password:               <set to the key 'mqtt-password' in secret 'hermod-secrets'>  Optional: false
      Hermod__Database__ConnectionString:   Host=postgres;Port=5432;Database=hermod;Username=hermod_app
      Hermod__Database__Password:           <set to the key 'hermod-db-password' in secret 'hermod-db-credentials'>  Optional: false
    Mounts:
      /var/run/secrets/kubernetes.io/serviceaccount from kube-api-access-x92ss (ro)
Conditions:
  Type                        Status
  PodReadyToStartContainers   True 
  Initialized                 True 
  Ready                       True 
  ContainersReady             True 
  PodScheduled                True 
Volumes:
  kube-api-access-x92ss:
    Type:                    Projected (a volume that contains injected data from multiple sources)
    TokenExpirationSeconds:  3607
    ConfigMapName:           kube-root-ca.crt
    Optional:                false
    DownwardAPI:             true
QoS Class:                   Burstable
Node-Selectors:              <none>
Tolerations:                 node.kubernetes.io/not-ready:NoExecute op=Exists for 300s
                             node.kubernetes.io/unreachable:NoExecute op=Exists for 300s
Events:
  Type    Reason     Age    From               Message
  ----    ------     ----   ----               -------
  Normal  Scheduled  2m43s  default-scheduler  Successfully assigned coord-only/hermod-coordinator-6b6ff849ff-ljl7h to <pi-host>
  Normal  Pulled     2m42s  kubelet            spec.initContainers{wait-for-postgres}: Container image "busybox:1.36" already present on machine
  Normal  Created    2m42s  kubelet            spec.initContainers{wait-for-postgres}: Created container: wait-for-postgres
  Normal  Started    2m42s  kubelet            spec.initContainers{wait-for-postgres}: Started container wait-for-postgres
  Normal  Pulled     2m29s  kubelet            spec.initContainers{wait-for-nanomq}: Container image "busybox:1.36" already present on machine
  Normal  Created    2m29s  kubelet            spec.initContainers{wait-for-nanomq}: Created container: wait-for-nanomq
  Normal  Started    2m29s  kubelet            spec.initContainers{wait-for-nanomq}: Started container wait-for-nanomq
  Normal  Pulled     2m28s  kubelet            spec.containers{hermod-coordinator}: Container image "hermod-coordinator:latest" already present on machine
  Normal  Created    2m28s  kubelet            spec.containers{hermod-coordinator}: Created container: hermod-coordinator
  Normal  Started    2m28s  kubelet            spec.containers{hermod-coordinator}: Started container hermod-coordinator


Name:             nanomq-7c49cc5d49-f4gtc
Namespace:        coord-only
Priority:         0
Service Account:  default
Node:             <pi-host>/<pi-ip>
Start Time:       Mon, 27 Apr 2026 04:16:51 +0200
Labels:           app=nanomq
                  pod-template-hash=7c49cc5d49
Annotations:      cni.projectcalico.org/containerID: 2f59c3687386fdbdbd9ad0cc3feb23976b03f94891cc90215bc3bc9ebc71f669
                  cni.projectcalico.org/podIP: <pod-ip>/32
                  cni.projectcalico.org/podIPs: <pod-ip>/32
Status:           Running
IP:               <pod-ip>
IPs:
  IP:           <pod-ip>
Controlled By:  ReplicaSet/nanomq-7c49cc5d49
Containers:
  nanomq:
    Container ID:   containerd://012c0814cfca7915f4e33fb84263528087b9060474093c358336374526ff4d07
    Image:          emqx/nanomq:0.21-slim
    Image ID:       docker.io/emqx/nanomq@sha256:53bea7acb547aced1cc45e08c514628f1e41c4da9ad544fd8c5fa96d3e9eb41b
    Ports:          1883/TCP (mqtt), 8081/TCP (http)
    Host Ports:     0/TCP (mqtt), 0/TCP (http)
    State:          Running
      Started:      Mon, 27 Apr 2026 04:16:52 +0200
    Ready:          True
    Restart Count:  0
    Limits:
      cpu:     1
      memory:  512Mi
    Requests:
      cpu:        50m
      memory:     64Mi
    Liveness:     tcp-socket :1883 delay=10s timeout=1s period=10s #success=1 #failure=3
    Readiness:    tcp-socket :1883 delay=3s timeout=1s period=5s #success=1 #failure=3
    Environment:  <none>
    Mounts:
      /etc/nanomq.conf from config (rw,path="nanomq.conf")
      /var/run/secrets/kubernetes.io/serviceaccount from kube-api-access-m8n2d (ro)
Conditions:
  Type                        Status
  PodReadyToStartContainers   True 
  Initialized                 True 
  Ready                       True 
  ContainersReady             True 
  PodScheduled                True 
Volumes:
  config:
    Type:      ConfigMap (a volume populated by a ConfigMap)
    Name:      nanomq-config
    Optional:  false
  kube-api-access-m8n2d:
    Type:                    Projected (a volume that contains injected data from multiple sources)
    TokenExpirationSeconds:  3607
    ConfigMapName:           kube-root-ca.crt
    Optional:                false
    DownwardAPI:             true
QoS Class:                   Burstable
Node-Selectors:              <none>
Tolerations:                 node.kubernetes.io/not-ready:NoExecute op=Exists for 300s
                             node.kubernetes.io/unreachable:NoExecute op=Exists for 300s
Events:
  Type    Reason     Age    From               Message
  ----    ------     ----   ----               -------
  Normal  Scheduled  2m43s  default-scheduler  Successfully assigned coord-only/nanomq-7c49cc5d49-f4gtc to <pi-host>
  Normal  Pulled     2m43s  kubelet            spec.containers{nanomq}: Container image "emqx/nanomq:0.21-slim" already present on machine
  Normal  Created    2m42s  kubelet            spec.containers{nanomq}: Created container: nanomq
  Normal  Started    2m42s  kubelet            spec.containers{nanomq}: Started container nanomq


Name:             postgres-0
Namespace:        coord-only
Priority:         0
Service Account:  default
Node:             <pi-host>/<pi-ip>
Start Time:       Mon, 27 Apr 2026 04:16:57 +0200
Labels:           app=postgres
                  apps.kubernetes.io/pod-index=0
                  controller-revision-hash=postgres-6497897965
                  statefulset.kubernetes.io/pod-name=postgres-0
Annotations:      cni.projectcalico.org/containerID: 69fb4823b666d3d2a1395c00ab9b26a33337431372918fb41d9f85f42d91a056
                  cni.projectcalico.org/podIP: <pod-ip>/32
                  cni.projectcalico.org/podIPs: <pod-ip>/32
Status:           Running
IP:               <pod-ip>
IPs:
  IP:           <pod-ip>
Controlled By:  StatefulSet/postgres
Containers:
  postgres:
    Container ID:  containerd://adf8585ccc9b705cf0261f22f8e1c254a24670c72b998bb7a052f31e3a5ae5be
    Image:         postgres:17-alpine
    Image ID:      docker.io/library/postgres@sha256:778d0b486d6daa02b77434d0358ec57a1b21fd8b6d22ac2eef56a33e816928f6
    Port:          5432/TCP
    Host Port:     0/TCP
    Args:
      -c
      shared_buffers=256MB
      -c
      max_connections=200
      -c
      work_mem=16MB
    State:          Running
      Started:      Mon, 27 Apr 2026 04:16:58 +0200
    Ready:          True
    Restart Count:  0
    Limits:
      cpu:     1500m
      memory:  1536Mi
    Requests:
      cpu:      100m
      memory:   256Mi
    Liveness:   exec [pg_isready -U postgres] delay=30s timeout=1s period=10s #success=1 #failure=3
    Readiness:  exec [pg_isready -U postgres] delay=5s timeout=1s period=5s #success=1 #failure=3
    Environment:
      POSTGRES_DB:        postgres
      POSTGRES_USER:      postgres
      POSTGRES_PASSWORD:  <set to the key 'postgres-superuser-password' in secret 'hermod-secrets'>  Optional: false
    Mounts:
      /docker-entrypoint-initdb.d from init (rw)
      /var/lib/postgresql/data from data (rw)
      /var/run/secrets/kubernetes.io/serviceaccount from kube-api-access-79j56 (ro)
Conditions:
  Type                        Status
  PodReadyToStartContainers   True 
  Initialized                 True 
  Ready                       True 
  ContainersReady             True 
  PodScheduled                True 
Volumes:
  data:
    Type:       PersistentVolumeClaim (a reference to a PersistentVolumeClaim in the same namespace)
    ClaimName:  data-postgres-0
    ReadOnly:   false
  init:
    Type:      ConfigMap (a volume populated by a ConfigMap)
    Name:      postgres-init
    Optional:  false
  kube-api-access-79j56:
    Type:                    Projected (a volume that contains injected data from multiple sources)
    TokenExpirationSeconds:  3607
    ConfigMapName:           kube-root-ca.crt
    Optional:                false
    DownwardAPI:             true
QoS Class:                   Burstable
Node-Selectors:              <none>
Tolerations:                 node.kubernetes.io/not-ready:NoExecute op=Exists for 300s
                             node.kubernetes.io/unreachable:NoExecute op=Exists for 300s
Events:
  Type    Reason     Age    From               Message
  ----    ------     ----   ----               -------
  Normal  Scheduled  2m37s  default-scheduler  Successfully assigned coord-only/postgres-0 to <pi-host>
  Normal  Pulled     2m37s  kubelet            spec.containers{postgres}: Container image "postgres:17-alpine" already present on machine
  Normal  Created    2m37s  kubelet            spec.containers{postgres}: Created container: postgres
  Normal  Started    2m36s  kubelet            spec.containers{postgres}: Started container postgres

=== ts=1777256386 ===
Name:             hermod-coordinator-6b6ff849ff-ljl7h
Namespace:        coord-only
Priority:         0
Service Account:  default
Node:             <pi-host>/<pi-ip>
Start Time:       Mon, 27 Apr 2026 04:16:51 +0200
Labels:           app=hermod-coordinator
                  pod-template-hash=6b6ff849ff
Annotations:      cni.projectcalico.org/containerID: 65914434474649dba771d4b2431992103331e35491b31fb9900d17155f551459
                  cni.projectcalico.org/podIP: <pod-ip>/32
                  cni.projectcalico.org/podIPs: <pod-ip>/32
Status:           Running
IP:               <pod-ip>
IPs:
  IP:           <pod-ip>
Controlled By:  ReplicaSet/hermod-coordinator-6b6ff849ff
Init Containers:
  wait-for-postgres:
    Container ID:  containerd://e3cc5a720ea638ffe99c5ffa9d2c3585051426f28ba8cff4d7582443a3e4d8e4
    Image:         busybox:1.36
    Image ID:      docker.io/library/busybox@sha256:73aaf090f3d85aa34ee199857f03fa3a95c8ede2ffd4cc2cdb5b94e566b11662
    Port:          <none>
    Host Port:     <none>
    Command:
      sh
      -c
      until nc -z postgres 5432; do sleep 2; done
    State:          Terminated
      Reason:       Completed
      Exit Code:    0
      Started:      Mon, 27 Apr 2026 04:16:52 +0200
      Finished:     Mon, 27 Apr 2026 04:17:04 +0200
    Ready:          True
    Restart Count:  0
    Environment:    <none>
    Mounts:
      /var/run/secrets/kubernetes.io/serviceaccount from kube-api-access-x92ss (ro)
  wait-for-nanomq:
    Container ID:  containerd://c233eb0b1637c82ca28937ef1858f82e05cf885794579e32e57fe9a25dec4e2c
    Image:         busybox:1.36
    Image ID:      docker.io/library/busybox@sha256:73aaf090f3d85aa34ee199857f03fa3a95c8ede2ffd4cc2cdb5b94e566b11662
    Port:          <none>
    Host Port:     <none>
    Command:
      sh
      -c
      until nc -z nanomq 1883; do sleep 2; done
    State:          Terminated
      Reason:       Completed
      Exit Code:    0
      Started:      Mon, 27 Apr 2026 04:17:05 +0200
      Finished:     Mon, 27 Apr 2026 04:17:05 +0200
    Ready:          True
    Restart Count:  0
    Environment:    <none>
    Mounts:
      /var/run/secrets/kubernetes.io/serviceaccount from kube-api-access-x92ss (ro)
Containers:
  hermod-coordinator:
    Container ID:   containerd://5e27ffbb5bab1670da28270de2416671806fd51168401a1b71c30a84e8e9eb65
    Image:          hermod-coordinator:latest
    Image ID:       sha256:ca91ccdfcd269dd5e4e25d5ffe8d863ca5db57e5c4f62f08c8adf90d23c15eaf
    Port:           42069/TCP (http)
    Host Port:      0/TCP (http)
    State:          Running
      Started:      Mon, 27 Apr 2026 04:17:06 +0200
    Ready:          True
    Restart Count:  0
    Limits:
      cpu:     1500m
      memory:  1536Mi
    Requests:
      cpu:      200m
      memory:   256Mi
    Liveness:   http-get http://:42069/healthz delay=60s timeout=1s period=30s #success=1 #failure=3
    Readiness:  http-get http://:42069/healthz/ready delay=5s timeout=1s period=10s #success=1 #failure=3
    Startup:    http-get http://:42069/healthz delay=0s timeout=1s period=5s #success=1 #failure=30
    Environment:
      ASPNETCORE_ENVIRONMENT:               Production
      ASPNETCORE_URLS:                      http://+:42069
      DOTNET_USE_POLLING_FILE_WATCHER:      true
      Hermod__Security__AuthBypass:         true
      Hermod__Security__VaultRequireHttps:  false
      Hermod__Features__MetricsEndpoint:    true
      Hermod__Dev__Endpoints:               true
      Hermod__Mqtt__Host:                   nanomq
      Hermod__Mqtt__Port:                   1883
      Hermod__Mqtt__UseTls:                 false
      Hermod__Mqtt__Tls__UseTls:            false
      Hermod__Mqtt__Username:               <set to the key 'mqtt-username' in secret 'hermod-secrets'>  Optional: false
      Hermod__Mqtt__Password:               <set to the key 'mqtt-password' in secret 'hermod-secrets'>  Optional: false
      Hermod__Database__ConnectionString:   Host=postgres;Port=5432;Database=hermod;Username=hermod_app
      Hermod__Database__Password:           <set to the key 'hermod-db-password' in secret 'hermod-db-credentials'>  Optional: false
    Mounts:
      /var/run/secrets/kubernetes.io/serviceaccount from kube-api-access-x92ss (ro)
Conditions:
  Type                        Status
  PodReadyToStartContainers   True 
  Initialized                 True 
  Ready                       True 
  ContainersReady             True 
  PodScheduled                True 
Volumes:
  kube-api-access-x92ss:
    Type:                    Projected (a volume that contains injected data from multiple sources)
    TokenExpirationSeconds:  3607
    ConfigMapName:           kube-root-ca.crt
    Optional:                false
    DownwardAPI:             true
QoS Class:                   Burstable
Node-Selectors:              <none>
Tolerations:                 node.kubernetes.io/not-ready:NoExecute op=Exists for 300s
                             node.kubernetes.io/unreachable:NoExecute op=Exists for 300s
Events:
  Type    Reason     Age    From               Message
  ----    ------     ----   ----               -------
  Normal  Scheduled  2m55s  default-scheduler  Successfully assigned coord-only/hermod-coordinator-6b6ff849ff-ljl7h to <pi-host>
  Normal  Pulled     2m54s  kubelet            spec.initContainers{wait-for-postgres}: Container image "busybox:1.36" already present on machine
  Normal  Created    2m54s  kubelet            spec.initContainers{wait-for-postgres}: Created container: wait-for-postgres
  Normal  Started    2m54s  kubelet            spec.initContainers{wait-for-postgres}: Started container wait-for-postgres
  Normal  Pulled     2m41s  kubelet            spec.initContainers{wait-for-nanomq}: Container image "busybox:1.36" already present on machine
  Normal  Created    2m41s  kubelet            spec.initContainers{wait-for-nanomq}: Created container: wait-for-nanomq
  Normal  Started    2m41s  kubelet            spec.initContainers{wait-for-nanomq}: Started container wait-for-nanomq
  Normal  Pulled     2m40s  kubelet            spec.containers{hermod-coordinator}: Container image "hermod-coordinator:latest" already present on machine
  Normal  Created    2m40s  kubelet            spec.containers{hermod-coordinator}: Created container: hermod-coordinator
  Normal  Started    2m40s  kubelet            spec.containers{hermod-coordinator}: Started container hermod-coordinator


Name:             nanomq-7c49cc5d49-f4gtc
Namespace:        coord-only
Priority:         0
Service Account:  default
Node:             <pi-host>/<pi-ip>
Start Time:       Mon, 27 Apr 2026 04:16:51 +0200
Labels:           app=nanomq
                  pod-template-hash=7c49cc5d49
Annotations:      cni.projectcalico.org/containerID: 2f59c3687386fdbdbd9ad0cc3feb23976b03f94891cc90215bc3bc9ebc71f669
                  cni.projectcalico.org/podIP: <pod-ip>/32
                  cni.projectcalico.org/podIPs: <pod-ip>/32
Status:           Running
IP:               <pod-ip>
IPs:
  IP:           <pod-ip>
Controlled By:  ReplicaSet/nanomq-7c49cc5d49
Containers:
  nanomq:
    Container ID:   containerd://012c0814cfca7915f4e33fb84263528087b9060474093c358336374526ff4d07
    Image:          emqx/nanomq:0.21-slim
    Image ID:       docker.io/emqx/nanomq@sha256:53bea7acb547aced1cc45e08c514628f1e41c4da9ad544fd8c5fa96d3e9eb41b
    Ports:          1883/TCP (mqtt), 8081/TCP (http)
    Host Ports:     0/TCP (mqtt), 0/TCP (http)
    State:          Running
      Started:      Mon, 27 Apr 2026 04:16:52 +0200
    Ready:          True
    Restart Count:  0
    Limits:
      cpu:     1
      memory:  512Mi
    Requests:
      cpu:        50m
      memory:     64Mi
    Liveness:     tcp-socket :1883 delay=10s timeout=1s period=10s #success=1 #failure=3
    Readiness:    tcp-socket :1883 delay=3s timeout=1s period=5s #success=1 #failure=3
    Environment:  <none>
    Mounts:
      /etc/nanomq.conf from config (rw,path="nanomq.conf")
      /var/run/secrets/kubernetes.io/serviceaccount from kube-api-access-m8n2d (ro)
Conditions:
  Type                        Status
  PodReadyToStartContainers   True 
  Initialized                 True 
  Ready                       True 
  ContainersReady             True 
  PodScheduled                True 
Volumes:
  config:
    Type:      ConfigMap (a volume populated by a ConfigMap)
    Name:      nanomq-config
    Optional:  false
  kube-api-access-m8n2d:
    Type:                    Projected (a volume that contains injected data from multiple sources)
    TokenExpirationSeconds:  3607
    ConfigMapName:           kube-root-ca.crt
    Optional:                false
    DownwardAPI:             true
QoS Class:                   Burstable
Node-Selectors:              <none>
Tolerations:                 node.kubernetes.io/not-ready:NoExecute op=Exists for 300s
                             node.kubernetes.io/unreachable:NoExecute op=Exists for 300s
Events:
  Type    Reason     Age    From               Message
  ----    ------     ----   ----               -------
  Normal  Scheduled  2m55s  default-scheduler  Successfully assigned coord-only/nanomq-7c49cc5d49-f4gtc to <pi-host>
  Normal  Pulled     2m55s  kubelet            spec.containers{nanomq}: Container image "emqx/nanomq:0.21-slim" already present on machine
  Normal  Created    2m54s  kubelet            spec.containers{nanomq}: Created container: nanomq
  Normal  Started    2m54s  kubelet            spec.containers{nanomq}: Started container nanomq


Name:             postgres-0
Namespace:        coord-only
Priority:         0
Service Account:  default
Node:             <pi-host>/<pi-ip>
Start Time:       Mon, 27 Apr 2026 04:16:57 +0200
Labels:           app=postgres
                  apps.kubernetes.io/pod-index=0
                  controller-revision-hash=postgres-6497897965
                  statefulset.kubernetes.io/pod-name=postgres-0
Annotations:      cni.projectcalico.org/containerID: 69fb4823b666d3d2a1395c00ab9b26a33337431372918fb41d9f85f42d91a056
                  cni.projectcalico.org/podIP: <pod-ip>/32
                  cni.projectcalico.org/podIPs: <pod-ip>/32
Status:           Running
IP:               <pod-ip>
IPs:
  IP:           <pod-ip>
Controlled By:  StatefulSet/postgres
Containers:
  postgres:
    Container ID:  containerd://adf8585ccc9b705cf0261f22f8e1c254a24670c72b998bb7a052f31e3a5ae5be
    Image:         postgres:17-alpine
    Image ID:      docker.io/library/postgres@sha256:778d0b486d6daa02b77434d0358ec57a1b21fd8b6d22ac2eef56a33e816928f6
    Port:          5432/TCP
    Host Port:     0/TCP
    Args:
      -c
      shared_buffers=256MB
      -c
      max_connections=200
      -c
      work_mem=16MB
    State:          Running
      Started:      Mon, 27 Apr 2026 04:16:58 +0200
    Ready:          True
    Restart Count:  0
    Limits:
      cpu:     1500m
      memory:  1536Mi
    Requests:
      cpu:      100m
      memory:   256Mi
    Liveness:   exec [pg_isready -U postgres] delay=30s timeout=1s period=10s #success=1 #failure=3
    Readiness:  exec [pg_isready -U postgres] delay=5s timeout=1s period=5s #success=1 #failure=3
    Environment:
      POSTGRES_DB:        postgres
      POSTGRES_USER:      postgres
      POSTGRES_PASSWORD:  <set to the key 'postgres-superuser-password' in secret 'hermod-secrets'>  Optional: false
    Mounts:
      /docker-entrypoint-initdb.d from init (rw)
      /var/lib/postgresql/data from data (rw)
      /var/run/secrets/kubernetes.io/serviceaccount from kube-api-access-79j56 (ro)
Conditions:
  Type                        Status
  PodReadyToStartContainers   True 
  Initialized                 True 
  Ready                       True 
  ContainersReady             True 
  PodScheduled                True 
Volumes:
  data:
    Type:       PersistentVolumeClaim (a reference to a PersistentVolumeClaim in the same namespace)
    ClaimName:  data-postgres-0
    ReadOnly:   false
  init:
    Type:      ConfigMap (a volume populated by a ConfigMap)
    Name:      postgres-init
    Optional:  false
  kube-api-access-79j56:
    Type:                    Projected (a volume that contains injected data from multiple sources)
    TokenExpirationSeconds:  3607
    ConfigMapName:           kube-root-ca.crt
    Optional:                false
    DownwardAPI:             true
QoS Class:                   Burstable
Node-Selectors:              <none>
Tolerations:                 node.kubernetes.io/not-ready:NoExecute op=Exists for 300s
                             node.kubernetes.io/unreachable:NoExecute op=Exists for 300s
Events:
  Type    Reason     Age    From               Message
  ----    ------     ----   ----               -------
  Normal  Scheduled  2m49s  default-scheduler  Successfully assigned coord-only/postgres-0 to <pi-host>
  Normal  Pulled     2m49s  kubelet            spec.containers{postgres}: Container image "postgres:17-alpine" already present on machine
  Normal  Created    2m49s  kubelet            spec.containers{postgres}: Created container: postgres
  Normal  Started    2m48s  kubelet            spec.containers{postgres}: Started container postgres

=== ts=1777256397 ===
Name:             hermod-coordinator-6b6ff849ff-ljl7h
Namespace:        coord-only
Priority:         0
Service Account:  default
Node:             <pi-host>/<pi-ip>
Start Time:       Mon, 27 Apr 2026 04:16:51 +0200
Labels:           app=hermod-coordinator
                  pod-template-hash=6b6ff849ff
Annotations:      cni.projectcalico.org/containerID: 65914434474649dba771d4b2431992103331e35491b31fb9900d17155f551459
                  cni.projectcalico.org/podIP: <pod-ip>/32
                  cni.projectcalico.org/podIPs: <pod-ip>/32
Status:           Running
IP:               <pod-ip>
IPs:
  IP:           <pod-ip>
Controlled By:  ReplicaSet/hermod-coordinator-6b6ff849ff
Init Containers:
  wait-for-postgres:
    Container ID:  containerd://e3cc5a720ea638ffe99c5ffa9d2c3585051426f28ba8cff4d7582443a3e4d8e4
    Image:         busybox:1.36
    Image ID:      docker.io/library/busybox@sha256:73aaf090f3d85aa34ee199857f03fa3a95c8ede2ffd4cc2cdb5b94e566b11662
    Port:          <none>
    Host Port:     <none>
    Command:
      sh
      -c
      until nc -z postgres 5432; do sleep 2; done
    State:          Terminated
      Reason:       Completed
      Exit Code:    0
      Started:      Mon, 27 Apr 2026 04:16:52 +0200
      Finished:     Mon, 27 Apr 2026 04:17:04 +0200
    Ready:          True
    Restart Count:  0
    Environment:    <none>
    Mounts:
      /var/run/secrets/kubernetes.io/serviceaccount from kube-api-access-x92ss (ro)
  wait-for-nanomq:
    Container ID:  containerd://c233eb0b1637c82ca28937ef1858f82e05cf885794579e32e57fe9a25dec4e2c
    Image:         busybox:1.36
    Image ID:      docker.io/library/busybox@sha256:73aaf090f3d85aa34ee199857f03fa3a95c8ede2ffd4cc2cdb5b94e566b11662
    Port:          <none>
    Host Port:     <none>
    Command:
      sh
      -c
      until nc -z nanomq 1883; do sleep 2; done
    State:          Terminated
      Reason:       Completed
      Exit Code:    0
      Started:      Mon, 27 Apr 2026 04:17:05 +0200
      Finished:     Mon, 27 Apr 2026 04:17:05 +0200
    Ready:          True
    Restart Count:  0
    Environment:    <none>
    Mounts:
      /var/run/secrets/kubernetes.io/serviceaccount from kube-api-access-x92ss (ro)
Containers:
  hermod-coordinator:
    Container ID:   containerd://5e27ffbb5bab1670da28270de2416671806fd51168401a1b71c30a84e8e9eb65
    Image:          hermod-coordinator:latest
    Image ID:       sha256:ca91ccdfcd269dd5e4e25d5ffe8d863ca5db57e5c4f62f08c8adf90d23c15eaf
    Port:           42069/TCP (http)
    Host Port:      0/TCP (http)
    State:          Running
      Started:      Mon, 27 Apr 2026 04:17:06 +0200
    Ready:          True
    Restart Count:  0
    Limits:
      cpu:     1500m
      memory:  1536Mi
    Requests:
      cpu:      200m
      memory:   256Mi
    Liveness:   http-get http://:42069/healthz delay=60s timeout=1s period=30s #success=1 #failure=3
    Readiness:  http-get http://:42069/healthz/ready delay=5s timeout=1s period=10s #success=1 #failure=3
    Startup:    http-get http://:42069/healthz delay=0s timeout=1s period=5s #success=1 #failure=30
    Environment:
      ASPNETCORE_ENVIRONMENT:               Production
      ASPNETCORE_URLS:                      http://+:42069
      DOTNET_USE_POLLING_FILE_WATCHER:      true
      Hermod__Security__AuthBypass:         true
      Hermod__Security__VaultRequireHttps:  false
      Hermod__Features__MetricsEndpoint:    true
      Hermod__Dev__Endpoints:               true
      Hermod__Mqtt__Host:                   nanomq
      Hermod__Mqtt__Port:                   1883
      Hermod__Mqtt__UseTls:                 false
      Hermod__Mqtt__Tls__UseTls:            false
      Hermod__Mqtt__Username:               <set to the key 'mqtt-username' in secret 'hermod-secrets'>  Optional: false
      Hermod__Mqtt__Password:               <set to the key 'mqtt-password' in secret 'hermod-secrets'>  Optional: false
      Hermod__Database__ConnectionString:   Host=postgres;Port=5432;Database=hermod;Username=hermod_app
      Hermod__Database__Password:           <set to the key 'hermod-db-password' in secret 'hermod-db-credentials'>  Optional: false
    Mounts:
      /var/run/secrets/kubernetes.io/serviceaccount from kube-api-access-x92ss (ro)
Conditions:
  Type                        Status
  PodReadyToStartContainers   True 
  Initialized                 True 
  Ready                       True 
  ContainersReady             True 
  PodScheduled                True 
Volumes:
  kube-api-access-x92ss:
    Type:                    Projected (a volume that contains injected data from multiple sources)
    TokenExpirationSeconds:  3607
    ConfigMapName:           kube-root-ca.crt
    Optional:                false
    DownwardAPI:             true
QoS Class:                   Burstable
Node-Selectors:              <none>
Tolerations:                 node.kubernetes.io/not-ready:NoExecute op=Exists for 300s
                             node.kubernetes.io/unreachable:NoExecute op=Exists for 300s
Events:
  Type    Reason     Age    From               Message
  ----    ------     ----   ----               -------
  Normal  Scheduled  3m6s   default-scheduler  Successfully assigned coord-only/hermod-coordinator-6b6ff849ff-ljl7h to <pi-host>
  Normal  Pulled     3m5s   kubelet            spec.initContainers{wait-for-postgres}: Container image "busybox:1.36" already present on machine
  Normal  Created    3m5s   kubelet            spec.initContainers{wait-for-postgres}: Created container: wait-for-postgres
  Normal  Started    3m5s   kubelet            spec.initContainers{wait-for-postgres}: Started container wait-for-postgres
  Normal  Pulled     2m52s  kubelet            spec.initContainers{wait-for-nanomq}: Container image "busybox:1.36" already present on machine
  Normal  Created    2m52s  kubelet            spec.initContainers{wait-for-nanomq}: Created container: wait-for-nanomq
  Normal  Started    2m52s  kubelet            spec.initContainers{wait-for-nanomq}: Started container wait-for-nanomq
  Normal  Pulled     2m51s  kubelet            spec.containers{hermod-coordinator}: Container image "hermod-coordinator:latest" already present on machine
  Normal  Created    2m51s  kubelet            spec.containers{hermod-coordinator}: Created container: hermod-coordinator
  Normal  Started    2m51s  kubelet            spec.containers{hermod-coordinator}: Started container hermod-coordinator


Name:             nanomq-7c49cc5d49-f4gtc
Namespace:        coord-only
Priority:         0
Service Account:  default
Node:             <pi-host>/<pi-ip>
Start Time:       Mon, 27 Apr 2026 04:16:51 +0200
Labels:           app=nanomq
                  pod-template-hash=7c49cc5d49
Annotations:      cni.projectcalico.org/containerID: 2f59c3687386fdbdbd9ad0cc3feb23976b03f94891cc90215bc3bc9ebc71f669
                  cni.projectcalico.org/podIP: <pod-ip>/32
                  cni.projectcalico.org/podIPs: <pod-ip>/32
Status:           Running
IP:               <pod-ip>
IPs:
  IP:           <pod-ip>
Controlled By:  ReplicaSet/nanomq-7c49cc5d49
Containers:
  nanomq:
    Container ID:   containerd://012c0814cfca7915f4e33fb84263528087b9060474093c358336374526ff4d07
    Image:          emqx/nanomq:0.21-slim
    Image ID:       docker.io/emqx/nanomq@sha256:53bea7acb547aced1cc45e08c514628f1e41c4da9ad544fd8c5fa96d3e9eb41b
    Ports:          1883/TCP (mqtt), 8081/TCP (http)
    Host Ports:     0/TCP (mqtt), 0/TCP (http)
    State:          Running
      Started:      Mon, 27 Apr 2026 04:16:52 +0200
    Ready:          True
    Restart Count:  0
    Limits:
      cpu:     1
      memory:  512Mi
    Requests:
      cpu:        50m
      memory:     64Mi
    Liveness:     tcp-socket :1883 delay=10s timeout=1s period=10s #success=1 #failure=3
    Readiness:    tcp-socket :1883 delay=3s timeout=1s period=5s #success=1 #failure=3
    Environment:  <none>
    Mounts:
      /etc/nanomq.conf from config (rw,path="nanomq.conf")
      /var/run/secrets/kubernetes.io/serviceaccount from kube-api-access-m8n2d (ro)
Conditions:
  Type                        Status
  PodReadyToStartContainers   True 
  Initialized                 True 
  Ready                       True 
  ContainersReady             True 
  PodScheduled                True 
Volumes:
  config:
    Type:      ConfigMap (a volume populated by a ConfigMap)
    Name:      nanomq-config
    Optional:  false
  kube-api-access-m8n2d:
    Type:                    Projected (a volume that contains injected data from multiple sources)
    TokenExpirationSeconds:  3607
    ConfigMapName:           kube-root-ca.crt
    Optional:                false
    DownwardAPI:             true
QoS Class:                   Burstable
Node-Selectors:              <none>
Tolerations:                 node.kubernetes.io/not-ready:NoExecute op=Exists for 300s
                             node.kubernetes.io/unreachable:NoExecute op=Exists for 300s
Events:
  Type    Reason     Age   From               Message
  ----    ------     ----  ----               -------
  Normal  Scheduled  3m6s  default-scheduler  Successfully assigned coord-only/nanomq-7c49cc5d49-f4gtc to <pi-host>
  Normal  Pulled     3m6s  kubelet            spec.containers{nanomq}: Container image "emqx/nanomq:0.21-slim" already present on machine
  Normal  Created    3m5s  kubelet            spec.containers{nanomq}: Created container: nanomq
  Normal  Started    3m5s  kubelet            spec.containers{nanomq}: Started container nanomq


Name:             postgres-0
Namespace:        coord-only
Priority:         0
Service Account:  default
Node:             <pi-host>/<pi-ip>
Start Time:       Mon, 27 Apr 2026 04:16:57 +0200
Labels:           app=postgres
                  apps.kubernetes.io/pod-index=0
                  controller-revision-hash=postgres-6497897965
                  statefulset.kubernetes.io/pod-name=postgres-0
Annotations:      cni.projectcalico.org/containerID: 69fb4823b666d3d2a1395c00ab9b26a33337431372918fb41d9f85f42d91a056
                  cni.projectcalico.org/podIP: <pod-ip>/32
                  cni.projectcalico.org/podIPs: <pod-ip>/32
Status:           Running
IP:               <pod-ip>
IPs:
  IP:           <pod-ip>
Controlled By:  StatefulSet/postgres
Containers:
  postgres:
    Container ID:  containerd://adf8585ccc9b705cf0261f22f8e1c254a24670c72b998bb7a052f31e3a5ae5be
    Image:         postgres:17-alpine
    Image ID:      docker.io/library/postgres@sha256:778d0b486d6daa02b77434d0358ec57a1b21fd8b6d22ac2eef56a33e816928f6
    Port:          5432/TCP
    Host Port:     0/TCP
    Args:
      -c
      shared_buffers=256MB
      -c
      max_connections=200
      -c
      work_mem=16MB
    State:          Running
      Started:      Mon, 27 Apr 2026 04:16:58 +0200
    Ready:          True
    Restart Count:  0
    Limits:
      cpu:     1500m
      memory:  1536Mi
    Requests:
      cpu:      100m
      memory:   256Mi
    Liveness:   exec [pg_isready -U postgres] delay=30s timeout=1s period=10s #success=1 #failure=3
    Readiness:  exec [pg_isready -U postgres] delay=5s timeout=1s period=5s #success=1 #failure=3
    Environment:
      POSTGRES_DB:        postgres
      POSTGRES_USER:      postgres
      POSTGRES_PASSWORD:  <set to the key 'postgres-superuser-password' in secret 'hermod-secrets'>  Optional: false
    Mounts:
      /docker-entrypoint-initdb.d from init (rw)
      /var/lib/postgresql/data from data (rw)
      /var/run/secrets/kubernetes.io/serviceaccount from kube-api-access-79j56 (ro)
Conditions:
  Type                        Status
  PodReadyToStartContainers   True 
  Initialized                 True 
  Ready                       True 
  ContainersReady             True 
  PodScheduled                True 
Volumes:
  data:
    Type:       PersistentVolumeClaim (a reference to a PersistentVolumeClaim in the same namespace)
    ClaimName:  data-postgres-0
    ReadOnly:   false
  init:
    Type:      ConfigMap (a volume populated by a ConfigMap)
    Name:      postgres-init
    Optional:  false
  kube-api-access-79j56:
    Type:                    Projected (a volume that contains injected data from multiple sources)
    TokenExpirationSeconds:  3607
    ConfigMapName:           kube-root-ca.crt
    Optional:                false
    DownwardAPI:             true
QoS Class:                   Burstable
Node-Selectors:              <none>
Tolerations:                 node.kubernetes.io/not-ready:NoExecute op=Exists for 300s
                             node.kubernetes.io/unreachable:NoExecute op=Exists for 300s
Events:
  Type    Reason     Age    From               Message
  ----    ------     ----   ----               -------
  Normal  Scheduled  3m     default-scheduler  Successfully assigned coord-only/postgres-0 to <pi-host>
  Normal  Pulled     3m     kubelet            spec.containers{postgres}: Container image "postgres:17-alpine" already present on machine
  Normal  Created    3m     kubelet            spec.containers{postgres}: Created container: postgres
  Normal  Started    2m59s  kubelet            spec.containers{postgres}: Started container postgres

=== ts=1777256408 ===
Name:             hermod-coordinator-6b6ff849ff-ljl7h
Namespace:        coord-only
Priority:         0
Service Account:  default
Node:             <pi-host>/<pi-ip>
Start Time:       Mon, 27 Apr 2026 04:16:51 +0200
Labels:           app=hermod-coordinator
                  pod-template-hash=6b6ff849ff
Annotations:      cni.projectcalico.org/containerID: 65914434474649dba771d4b2431992103331e35491b31fb9900d17155f551459
                  cni.projectcalico.org/podIP: <pod-ip>/32
                  cni.projectcalico.org/podIPs: <pod-ip>/32
Status:           Running
IP:               <pod-ip>
IPs:
  IP:           <pod-ip>
Controlled By:  ReplicaSet/hermod-coordinator-6b6ff849ff
Init Containers:
  wait-for-postgres:
    Container ID:  containerd://e3cc5a720ea638ffe99c5ffa9d2c3585051426f28ba8cff4d7582443a3e4d8e4
    Image:         busybox:1.36
    Image ID:      docker.io/library/busybox@sha256:73aaf090f3d85aa34ee199857f03fa3a95c8ede2ffd4cc2cdb5b94e566b11662
    Port:          <none>
    Host Port:     <none>
    Command:
      sh
      -c
      until nc -z postgres 5432; do sleep 2; done
    State:          Terminated
      Reason:       Completed
      Exit Code:    0
      Started:      Mon, 27 Apr 2026 04:16:52 +0200
      Finished:     Mon, 27 Apr 2026 04:17:04 +0200
    Ready:          True
    Restart Count:  0
    Environment:    <none>
    Mounts:
      /var/run/secrets/kubernetes.io/serviceaccount from kube-api-access-x92ss (ro)
  wait-for-nanomq:
    Container ID:  containerd://c233eb0b1637c82ca28937ef1858f82e05cf885794579e32e57fe9a25dec4e2c
    Image:         busybox:1.36
    Image ID:      docker.io/library/busybox@sha256:73aaf090f3d85aa34ee199857f03fa3a95c8ede2ffd4cc2cdb5b94e566b11662
    Port:          <none>
    Host Port:     <none>
    Command:
      sh
      -c
      until nc -z nanomq 1883; do sleep 2; done
    State:          Terminated
      Reason:       Completed
      Exit Code:    0
      Started:      Mon, 27 Apr 2026 04:17:05 +0200
      Finished:     Mon, 27 Apr 2026 04:17:05 +0200
    Ready:          True
    Restart Count:  0
    Environment:    <none>
    Mounts:
      /var/run/secrets/kubernetes.io/serviceaccount from kube-api-access-x92ss (ro)
Containers:
  hermod-coordinator:
    Container ID:   containerd://5e27ffbb5bab1670da28270de2416671806fd51168401a1b71c30a84e8e9eb65
    Image:          hermod-coordinator:latest
    Image ID:       sha256:ca91ccdfcd269dd5e4e25d5ffe8d863ca5db57e5c4f62f08c8adf90d23c15eaf
    Port:           42069/TCP (http)
    Host Port:      0/TCP (http)
    State:          Running
      Started:      Mon, 27 Apr 2026 04:17:06 +0200
    Ready:          True
    Restart Count:  0
    Limits:
      cpu:     1500m
      memory:  1536Mi
    Requests:
      cpu:      200m
      memory:   256Mi
    Liveness:   http-get http://:42069/healthz delay=60s timeout=1s period=30s #success=1 #failure=3
    Readiness:  http-get http://:42069/healthz/ready delay=5s timeout=1s period=10s #success=1 #failure=3
    Startup:    http-get http://:42069/healthz delay=0s timeout=1s period=5s #success=1 #failure=30
    Environment:
      ASPNETCORE_ENVIRONMENT:               Production
      ASPNETCORE_URLS:                      http://+:42069
      DOTNET_USE_POLLING_FILE_WATCHER:      true
      Hermod__Security__AuthBypass:         true
      Hermod__Security__VaultRequireHttps:  false
      Hermod__Features__MetricsEndpoint:    true
      Hermod__Dev__Endpoints:               true
      Hermod__Mqtt__Host:                   nanomq
      Hermod__Mqtt__Port:                   1883
      Hermod__Mqtt__UseTls:                 false
      Hermod__Mqtt__Tls__UseTls:            false
      Hermod__Mqtt__Username:               <set to the key 'mqtt-username' in secret 'hermod-secrets'>  Optional: false
      Hermod__Mqtt__Password:               <set to the key 'mqtt-password' in secret 'hermod-secrets'>  Optional: false
      Hermod__Database__ConnectionString:   Host=postgres;Port=5432;Database=hermod;Username=hermod_app
      Hermod__Database__Password:           <set to the key 'hermod-db-password' in secret 'hermod-db-credentials'>  Optional: false
    Mounts:
      /var/run/secrets/kubernetes.io/serviceaccount from kube-api-access-x92ss (ro)
Conditions:
  Type                        Status
  PodReadyToStartContainers   True 
  Initialized                 True 
  Ready                       True 
  ContainersReady             True 
  PodScheduled                True 
Volumes:
  kube-api-access-x92ss:
    Type:                    Projected (a volume that contains injected data from multiple sources)
    TokenExpirationSeconds:  3607
    ConfigMapName:           kube-root-ca.crt
    Optional:                false
    DownwardAPI:             true
QoS Class:                   Burstable
Node-Selectors:              <none>
Tolerations:                 node.kubernetes.io/not-ready:NoExecute op=Exists for 300s
                             node.kubernetes.io/unreachable:NoExecute op=Exists for 300s
Events:
  Type    Reason     Age    From               Message
  ----    ------     ----   ----               -------
  Normal  Scheduled  3m17s  default-scheduler  Successfully assigned coord-only/hermod-coordinator-6b6ff849ff-ljl7h to <pi-host>
  Normal  Pulled     3m16s  kubelet            spec.initContainers{wait-for-postgres}: Container image "busybox:1.36" already present on machine
  Normal  Created    3m16s  kubelet            spec.initContainers{wait-for-postgres}: Created container: wait-for-postgres
  Normal  Started    3m16s  kubelet            spec.initContainers{wait-for-postgres}: Started container wait-for-postgres
  Normal  Pulled     3m3s   kubelet            spec.initContainers{wait-for-nanomq}: Container image "busybox:1.36" already present on machine
  Normal  Created    3m3s   kubelet            spec.initContainers{wait-for-nanomq}: Created container: wait-for-nanomq
  Normal  Started    3m3s   kubelet            spec.initContainers{wait-for-nanomq}: Started container wait-for-nanomq
  Normal  Pulled     3m2s   kubelet            spec.containers{hermod-coordinator}: Container image "hermod-coordinator:latest" already present on machine
  Normal  Created    3m2s   kubelet            spec.containers{hermod-coordinator}: Created container: hermod-coordinator
  Normal  Started    3m2s   kubelet            spec.containers{hermod-coordinator}: Started container hermod-coordinator


Name:             nanomq-7c49cc5d49-f4gtc
Namespace:        coord-only
Priority:         0
Service Account:  default
Node:             <pi-host>/<pi-ip>
Start Time:       Mon, 27 Apr 2026 04:16:51 +0200
Labels:           app=nanomq
                  pod-template-hash=7c49cc5d49
Annotations:      cni.projectcalico.org/containerID: 2f59c3687386fdbdbd9ad0cc3feb23976b03f94891cc90215bc3bc9ebc71f669
                  cni.projectcalico.org/podIP: <pod-ip>/32
                  cni.projectcalico.org/podIPs: <pod-ip>/32
Status:           Running
IP:               <pod-ip>
IPs:
  IP:           <pod-ip>
Controlled By:  ReplicaSet/nanomq-7c49cc5d49
Containers:
  nanomq:
    Container ID:   containerd://012c0814cfca7915f4e33fb84263528087b9060474093c358336374526ff4d07
    Image:          emqx/nanomq:0.21-slim
    Image ID:       docker.io/emqx/nanomq@sha256:53bea7acb547aced1cc45e08c514628f1e41c4da9ad544fd8c5fa96d3e9eb41b
    Ports:          1883/TCP (mqtt), 8081/TCP (http)
    Host Ports:     0/TCP (mqtt), 0/TCP (http)
    State:          Running
      Started:      Mon, 27 Apr 2026 04:16:52 +0200
    Ready:          True
    Restart Count:  0
    Limits:
      cpu:     1
      memory:  512Mi
    Requests:
      cpu:        50m
      memory:     64Mi
    Liveness:     tcp-socket :1883 delay=10s timeout=1s period=10s #success=1 #failure=3
    Readiness:    tcp-socket :1883 delay=3s timeout=1s period=5s #success=1 #failure=3
    Environment:  <none>
    Mounts:
      /etc/nanomq.conf from config (rw,path="nanomq.conf")
      /var/run/secrets/kubernetes.io/serviceaccount from kube-api-access-m8n2d (ro)
Conditions:
  Type                        Status
  PodReadyToStartContainers   True 
  Initialized                 True 
  Ready                       True 
  ContainersReady             True 
  PodScheduled                True 
Volumes:
  config:
    Type:      ConfigMap (a volume populated by a ConfigMap)
    Name:      nanomq-config
    Optional:  false
  kube-api-access-m8n2d:
    Type:                    Projected (a volume that contains injected data from multiple sources)
    TokenExpirationSeconds:  3607
    ConfigMapName:           kube-root-ca.crt
    Optional:                false
    DownwardAPI:             true
QoS Class:                   Burstable
Node-Selectors:              <none>
Tolerations:                 node.kubernetes.io/not-ready:NoExecute op=Exists for 300s
                             node.kubernetes.io/unreachable:NoExecute op=Exists for 300s
Events:
  Type    Reason     Age    From               Message
  ----    ------     ----   ----               -------
  Normal  Scheduled  3m17s  default-scheduler  Successfully assigned coord-only/nanomq-7c49cc5d49-f4gtc to <pi-host>
  Normal  Pulled     3m17s  kubelet            spec.containers{nanomq}: Container image "emqx/nanomq:0.21-slim" already present on machine
  Normal  Created    3m16s  kubelet            spec.containers{nanomq}: Created container: nanomq
  Normal  Started    3m16s  kubelet            spec.containers{nanomq}: Started container nanomq


Name:             postgres-0
Namespace:        coord-only
Priority:         0
Service Account:  default
Node:             <pi-host>/<pi-ip>
Start Time:       Mon, 27 Apr 2026 04:16:57 +0200
Labels:           app=postgres
                  apps.kubernetes.io/pod-index=0
                  controller-revision-hash=postgres-6497897965
                  statefulset.kubernetes.io/pod-name=postgres-0
Annotations:      cni.projectcalico.org/containerID: 69fb4823b666d3d2a1395c00ab9b26a33337431372918fb41d9f85f42d91a056
                  cni.projectcalico.org/podIP: <pod-ip>/32
                  cni.projectcalico.org/podIPs: <pod-ip>/32
Status:           Running
IP:               <pod-ip>
IPs:
  IP:           <pod-ip>
Controlled By:  StatefulSet/postgres
Containers:
  postgres:
    Container ID:  containerd://adf8585ccc9b705cf0261f22f8e1c254a24670c72b998bb7a052f31e3a5ae5be
    Image:         postgres:17-alpine
    Image ID:      docker.io/library/postgres@sha256:778d0b486d6daa02b77434d0358ec57a1b21fd8b6d22ac2eef56a33e816928f6
    Port:          5432/TCP
    Host Port:     0/TCP
    Args:
      -c
      shared_buffers=256MB
      -c
      max_connections=200
      -c
      work_mem=16MB
    State:          Running
      Started:      Mon, 27 Apr 2026 04:16:58 +0200
    Ready:          True
    Restart Count:  0
    Limits:
      cpu:     1500m
      memory:  1536Mi
    Requests:
      cpu:      100m
      memory:   256Mi
    Liveness:   exec [pg_isready -U postgres] delay=30s timeout=1s period=10s #success=1 #failure=3
    Readiness:  exec [pg_isready -U postgres] delay=5s timeout=1s period=5s #success=1 #failure=3
    Environment:
      POSTGRES_DB:        postgres
      POSTGRES_USER:      postgres
      POSTGRES_PASSWORD:  <set to the key 'postgres-superuser-password' in secret 'hermod-secrets'>  Optional: false
    Mounts:
      /docker-entrypoint-initdb.d from init (rw)
      /var/lib/postgresql/data from data (rw)
      /var/run/secrets/kubernetes.io/serviceaccount from kube-api-access-79j56 (ro)
Conditions:
  Type                        Status
  PodReadyToStartContainers   True 
  Initialized                 True 
  Ready                       True 
  ContainersReady             True 
  PodScheduled                True 
Volumes:
  data:
    Type:       PersistentVolumeClaim (a reference to a PersistentVolumeClaim in the same namespace)
    ClaimName:  data-postgres-0
    ReadOnly:   false
  init:
    Type:      ConfigMap (a volume populated by a ConfigMap)
    Name:      postgres-init
    Optional:  false
  kube-api-access-79j56:
    Type:                    Projected (a volume that contains injected data from multiple sources)
    TokenExpirationSeconds:  3607
    ConfigMapName:           kube-root-ca.crt
    Optional:                false
    DownwardAPI:             true
QoS Class:                   Burstable
Node-Selectors:              <none>
Tolerations:                 node.kubernetes.io/not-ready:NoExecute op=Exists for 300s
                             node.kubernetes.io/unreachable:NoExecute op=Exists for 300s
Events:
  Type    Reason     Age    From               Message
  ----    ------     ----   ----               -------
  Normal  Scheduled  3m11s  default-scheduler  Successfully assigned coord-only/postgres-0 to <pi-host>
  Normal  Pulled     3m11s  kubelet            spec.containers{postgres}: Container image "postgres:17-alpine" already present on machine
  Normal  Created    3m11s  kubelet            spec.containers{postgres}: Created container: postgres
  Normal  Started    3m10s  kubelet            spec.containers{postgres}: Started container postgres

=== ts=1777256420 ===
Name:             hermod-coordinator-6b6ff849ff-ljl7h
Namespace:        coord-only
Priority:         0
Service Account:  default
Node:             <pi-host>/<pi-ip>
Start Time:       Mon, 27 Apr 2026 04:16:51 +0200
Labels:           app=hermod-coordinator
                  pod-template-hash=6b6ff849ff
Annotations:      cni.projectcalico.org/containerID: 65914434474649dba771d4b2431992103331e35491b31fb9900d17155f551459
                  cni.projectcalico.org/podIP: <pod-ip>/32
                  cni.projectcalico.org/podIPs: <pod-ip>/32
Status:           Running
IP:               <pod-ip>
IPs:
  IP:           <pod-ip>
Controlled By:  ReplicaSet/hermod-coordinator-6b6ff849ff
Init Containers:
  wait-for-postgres:
    Container ID:  containerd://e3cc5a720ea638ffe99c5ffa9d2c3585051426f28ba8cff4d7582443a3e4d8e4
    Image:         busybox:1.36
    Image ID:      docker.io/library/busybox@sha256:73aaf090f3d85aa34ee199857f03fa3a95c8ede2ffd4cc2cdb5b94e566b11662
    Port:          <none>
    Host Port:     <none>
    Command:
      sh
      -c
      until nc -z postgres 5432; do sleep 2; done
    State:          Terminated
      Reason:       Completed
      Exit Code:    0
      Started:      Mon, 27 Apr 2026 04:16:52 +0200
      Finished:     Mon, 27 Apr 2026 04:17:04 +0200
    Ready:          True
    Restart Count:  0
    Environment:    <none>
    Mounts:
      /var/run/secrets/kubernetes.io/serviceaccount from kube-api-access-x92ss (ro)
  wait-for-nanomq:
    Container ID:  containerd://c233eb0b1637c82ca28937ef1858f82e05cf885794579e32e57fe9a25dec4e2c
    Image:         busybox:1.36
    Image ID:      docker.io/library/busybox@sha256:73aaf090f3d85aa34ee199857f03fa3a95c8ede2ffd4cc2cdb5b94e566b11662
    Port:          <none>
    Host Port:     <none>
    Command:
      sh
      -c
      until nc -z nanomq 1883; do sleep 2; done
    State:          Terminated
      Reason:       Completed
      Exit Code:    0
      Started:      Mon, 27 Apr 2026 04:17:05 +0200
      Finished:     Mon, 27 Apr 2026 04:17:05 +0200
    Ready:          True
    Restart Count:  0
    Environment:    <none>
    Mounts:
      /var/run/secrets/kubernetes.io/serviceaccount from kube-api-access-x92ss (ro)
Containers:
  hermod-coordinator:
    Container ID:   containerd://5e27ffbb5bab1670da28270de2416671806fd51168401a1b71c30a84e8e9eb65
    Image:          hermod-coordinator:latest
    Image ID:       sha256:ca91ccdfcd269dd5e4e25d5ffe8d863ca5db57e5c4f62f08c8adf90d23c15eaf
    Port:           42069/TCP (http)
    Host Port:      0/TCP (http)
    State:          Running
      Started:      Mon, 27 Apr 2026 04:17:06 +0200
    Ready:          True
    Restart Count:  0
    Limits:
      cpu:     1500m
      memory:  1536Mi
    Requests:
      cpu:      200m
      memory:   256Mi
    Liveness:   http-get http://:42069/healthz delay=60s timeout=1s period=30s #success=1 #failure=3
    Readiness:  http-get http://:42069/healthz/ready delay=5s timeout=1s period=10s #success=1 #failure=3
    Startup:    http-get http://:42069/healthz delay=0s timeout=1s period=5s #success=1 #failure=30
    Environment:
      ASPNETCORE_ENVIRONMENT:               Production
      ASPNETCORE_URLS:                      http://+:42069
      DOTNET_USE_POLLING_FILE_WATCHER:      true
      Hermod__Security__AuthBypass:         true
      Hermod__Security__VaultRequireHttps:  false
      Hermod__Features__MetricsEndpoint:    true
      Hermod__Dev__Endpoints:               true
      Hermod__Mqtt__Host:                   nanomq
      Hermod__Mqtt__Port:                   1883
      Hermod__Mqtt__UseTls:                 false
      Hermod__Mqtt__Tls__UseTls:            false
      Hermod__Mqtt__Username:               <set to the key 'mqtt-username' in secret 'hermod-secrets'>  Optional: false
      Hermod__Mqtt__Password:               <set to the key 'mqtt-password' in secret 'hermod-secrets'>  Optional: false
      Hermod__Database__ConnectionString:   Host=postgres;Port=5432;Database=hermod;Username=hermod_app
      Hermod__Database__Password:           <set to the key 'hermod-db-password' in secret 'hermod-db-credentials'>  Optional: false
    Mounts:
      /var/run/secrets/kubernetes.io/serviceaccount from kube-api-access-x92ss (ro)
Conditions:
  Type                        Status
  PodReadyToStartContainers   True 
  Initialized                 True 
  Ready                       True 
  ContainersReady             True 
  PodScheduled                True 
Volumes:
  kube-api-access-x92ss:
    Type:                    Projected (a volume that contains injected data from multiple sources)
    TokenExpirationSeconds:  3607
    ConfigMapName:           kube-root-ca.crt
    Optional:                false
    DownwardAPI:             true
QoS Class:                   Burstable
Node-Selectors:              <none>
Tolerations:                 node.kubernetes.io/not-ready:NoExecute op=Exists for 300s
                             node.kubernetes.io/unreachable:NoExecute op=Exists for 300s
Events:
  Type    Reason     Age    From               Message
  ----    ------     ----   ----               -------
  Normal  Scheduled  3m28s  default-scheduler  Successfully assigned coord-only/hermod-coordinator-6b6ff849ff-ljl7h to <pi-host>
  Normal  Pulled     3m28s  kubelet            spec.initContainers{wait-for-postgres}: Container image "busybox:1.36" already present on machine
  Normal  Created    3m28s  kubelet            spec.initContainers{wait-for-postgres}: Created container: wait-for-postgres
  Normal  Started    3m28s  kubelet            spec.initContainers{wait-for-postgres}: Started container wait-for-postgres
  Normal  Pulled     3m15s  kubelet            spec.initContainers{wait-for-nanomq}: Container image "busybox:1.36" already present on machine
  Normal  Created    3m15s  kubelet            spec.initContainers{wait-for-nanomq}: Created container: wait-for-nanomq
  Normal  Started    3m15s  kubelet            spec.initContainers{wait-for-nanomq}: Started container wait-for-nanomq
  Normal  Pulled     3m14s  kubelet            spec.containers{hermod-coordinator}: Container image "hermod-coordinator:latest" already present on machine
  Normal  Created    3m14s  kubelet            spec.containers{hermod-coordinator}: Created container: hermod-coordinator
  Normal  Started    3m14s  kubelet            spec.containers{hermod-coordinator}: Started container hermod-coordinator


Name:             nanomq-7c49cc5d49-f4gtc
Namespace:        coord-only
Priority:         0
Service Account:  default
Node:             <pi-host>/<pi-ip>
Start Time:       Mon, 27 Apr 2026 04:16:51 +0200
Labels:           app=nanomq
                  pod-template-hash=7c49cc5d49
Annotations:      cni.projectcalico.org/containerID: 2f59c3687386fdbdbd9ad0cc3feb23976b03f94891cc90215bc3bc9ebc71f669
                  cni.projectcalico.org/podIP: <pod-ip>/32
                  cni.projectcalico.org/podIPs: <pod-ip>/32
Status:           Running
IP:               <pod-ip>
IPs:
  IP:           <pod-ip>
Controlled By:  ReplicaSet/nanomq-7c49cc5d49
Containers:
  nanomq:
    Container ID:   containerd://012c0814cfca7915f4e33fb84263528087b9060474093c358336374526ff4d07
    Image:          emqx/nanomq:0.21-slim
    Image ID:       docker.io/emqx/nanomq@sha256:53bea7acb547aced1cc45e08c514628f1e41c4da9ad544fd8c5fa96d3e9eb41b
    Ports:          1883/TCP (mqtt), 8081/TCP (http)
    Host Ports:     0/TCP (mqtt), 0/TCP (http)
    State:          Running
      Started:      Mon, 27 Apr 2026 04:16:52 +0200
    Ready:          True
    Restart Count:  0
    Limits:
      cpu:     1
      memory:  512Mi
    Requests:
      cpu:        50m
      memory:     64Mi
    Liveness:     tcp-socket :1883 delay=10s timeout=1s period=10s #success=1 #failure=3
    Readiness:    tcp-socket :1883 delay=3s timeout=1s period=5s #success=1 #failure=3
    Environment:  <none>
    Mounts:
      /etc/nanomq.conf from config (rw,path="nanomq.conf")
      /var/run/secrets/kubernetes.io/serviceaccount from kube-api-access-m8n2d (ro)
Conditions:
  Type                        Status
  PodReadyToStartContainers   True 
  Initialized                 True 
  Ready                       True 
  ContainersReady             True 
  PodScheduled                True 
Volumes:
  config:
    Type:      ConfigMap (a volume populated by a ConfigMap)
    Name:      nanomq-config
    Optional:  false
  kube-api-access-m8n2d:
    Type:                    Projected (a volume that contains injected data from multiple sources)
    TokenExpirationSeconds:  3607
    ConfigMapName:           kube-root-ca.crt
    Optional:                false
    DownwardAPI:             true
QoS Class:                   Burstable
Node-Selectors:              <none>
Tolerations:                 node.kubernetes.io/not-ready:NoExecute op=Exists for 300s
                             node.kubernetes.io/unreachable:NoExecute op=Exists for 300s
Events:
  Type    Reason     Age    From               Message
  ----    ------     ----   ----               -------
  Normal  Scheduled  3m28s  default-scheduler  Successfully assigned coord-only/nanomq-7c49cc5d49-f4gtc to <pi-host>
  Normal  Pulled     3m29s  kubelet            spec.containers{nanomq}: Container image "emqx/nanomq:0.21-slim" already present on machine
  Normal  Created    3m28s  kubelet            spec.containers{nanomq}: Created container: nanomq
  Normal  Started    3m28s  kubelet            spec.containers{nanomq}: Started container nanomq


Name:             postgres-0
Namespace:        coord-only
Priority:         0
Service Account:  default
Node:             <pi-host>/<pi-ip>
Start Time:       Mon, 27 Apr 2026 04:16:57 +0200
Labels:           app=postgres
                  apps.kubernetes.io/pod-index=0
                  controller-revision-hash=postgres-6497897965
                  statefulset.kubernetes.io/pod-name=postgres-0
Annotations:      cni.projectcalico.org/containerID: 69fb4823b666d3d2a1395c00ab9b26a33337431372918fb41d9f85f42d91a056
                  cni.projectcalico.org/podIP: <pod-ip>/32
                  cni.projectcalico.org/podIPs: <pod-ip>/32
Status:           Running
IP:               <pod-ip>
IPs:
  IP:           <pod-ip>
Controlled By:  StatefulSet/postgres
Containers:
  postgres:
    Container ID:  containerd://adf8585ccc9b705cf0261f22f8e1c254a24670c72b998bb7a052f31e3a5ae5be
    Image:         postgres:17-alpine
    Image ID:      docker.io/library/postgres@sha256:778d0b486d6daa02b77434d0358ec57a1b21fd8b6d22ac2eef56a33e816928f6
    Port:          5432/TCP
    Host Port:     0/TCP
    Args:
      -c
      shared_buffers=256MB
      -c
      max_connections=200
      -c
      work_mem=16MB
    State:          Running
      Started:      Mon, 27 Apr 2026 04:16:58 +0200
    Ready:          True
    Restart Count:  0
    Limits:
      cpu:     1500m
      memory:  1536Mi
    Requests:
      cpu:      100m
      memory:   256Mi
    Liveness:   exec [pg_isready -U postgres] delay=30s timeout=1s period=10s #success=1 #failure=3
    Readiness:  exec [pg_isready -U postgres] delay=5s timeout=1s period=5s #success=1 #failure=3
    Environment:
      POSTGRES_DB:        postgres
      POSTGRES_USER:      postgres
      POSTGRES_PASSWORD:  <set to the key 'postgres-superuser-password' in secret 'hermod-secrets'>  Optional: false
    Mounts:
      /docker-entrypoint-initdb.d from init (rw)
      /var/lib/postgresql/data from data (rw)
      /var/run/secrets/kubernetes.io/serviceaccount from kube-api-access-79j56 (ro)
Conditions:
  Type                        Status
  PodReadyToStartContainers   True 
  Initialized                 True 
  Ready                       True 
  ContainersReady             True 
  PodScheduled                True 
Volumes:
  data:
    Type:       PersistentVolumeClaim (a reference to a PersistentVolumeClaim in the same namespace)
    ClaimName:  data-postgres-0
    ReadOnly:   false
  init:
    Type:      ConfigMap (a volume populated by a ConfigMap)
    Name:      postgres-init
    Optional:  false
  kube-api-access-79j56:
    Type:                    Projected (a volume that contains injected data from multiple sources)
    TokenExpirationSeconds:  3607
    ConfigMapName:           kube-root-ca.crt
    Optional:                false
    DownwardAPI:             true
QoS Class:                   Burstable
Node-Selectors:              <none>
Tolerations:                 node.kubernetes.io/not-ready:NoExecute op=Exists for 300s
                             node.kubernetes.io/unreachable:NoExecute op=Exists for 300s
Events:
  Type    Reason     Age    From               Message
  ----    ------     ----   ----               -------
  Normal  Scheduled  3m22s  default-scheduler  Successfully assigned coord-only/postgres-0 to <pi-host>
  Normal  Pulled     3m23s  kubelet            spec.containers{postgres}: Container image "postgres:17-alpine" already present on machine
  Normal  Created    3m23s  kubelet            spec.containers{postgres}: Created container: postgres
  Normal  Started    3m22s  kubelet            spec.containers{postgres}: Started container postgres

=== ts=1777256431 ===
Name:             hermod-coordinator-6b6ff849ff-ljl7h
Namespace:        coord-only
Priority:         0
Service Account:  default
Node:             <pi-host>/<pi-ip>
Start Time:       Mon, 27 Apr 2026 04:16:51 +0200
Labels:           app=hermod-coordinator
                  pod-template-hash=6b6ff849ff
Annotations:      cni.projectcalico.org/containerID: 65914434474649dba771d4b2431992103331e35491b31fb9900d17155f551459
                  cni.projectcalico.org/podIP: <pod-ip>/32
                  cni.projectcalico.org/podIPs: <pod-ip>/32
Status:           Running
IP:               <pod-ip>
IPs:
  IP:           <pod-ip>
Controlled By:  ReplicaSet/hermod-coordinator-6b6ff849ff
Init Containers:
  wait-for-postgres:
    Container ID:  containerd://e3cc5a720ea638ffe99c5ffa9d2c3585051426f28ba8cff4d7582443a3e4d8e4
    Image:         busybox:1.36
    Image ID:      docker.io/library/busybox@sha256:73aaf090f3d85aa34ee199857f03fa3a95c8ede2ffd4cc2cdb5b94e566b11662
    Port:          <none>
    Host Port:     <none>
    Command:
      sh
      -c
      until nc -z postgres 5432; do sleep 2; done
    State:          Terminated
      Reason:       Completed
      Exit Code:    0
      Started:      Mon, 27 Apr 2026 04:16:52 +0200
      Finished:     Mon, 27 Apr 2026 04:17:04 +0200
    Ready:          True
    Restart Count:  0
    Environment:    <none>
    Mounts:
      /var/run/secrets/kubernetes.io/serviceaccount from kube-api-access-x92ss (ro)
  wait-for-nanomq:
    Container ID:  containerd://c233eb0b1637c82ca28937ef1858f82e05cf885794579e32e57fe9a25dec4e2c
    Image:         busybox:1.36
    Image ID:      docker.io/library/busybox@sha256:73aaf090f3d85aa34ee199857f03fa3a95c8ede2ffd4cc2cdb5b94e566b11662
    Port:          <none>
    Host Port:     <none>
    Command:
      sh
      -c
      until nc -z nanomq 1883; do sleep 2; done
    State:          Terminated
      Reason:       Completed
      Exit Code:    0
      Started:      Mon, 27 Apr 2026 04:17:05 +0200
      Finished:     Mon, 27 Apr 2026 04:17:05 +0200
    Ready:          True
    Restart Count:  0
    Environment:    <none>
    Mounts:
      /var/run/secrets/kubernetes.io/serviceaccount from kube-api-access-x92ss (ro)
Containers:
  hermod-coordinator:
    Container ID:   containerd://5e27ffbb5bab1670da28270de2416671806fd51168401a1b71c30a84e8e9eb65
    Image:          hermod-coordinator:latest
    Image ID:       sha256:ca91ccdfcd269dd5e4e25d5ffe8d863ca5db57e5c4f62f08c8adf90d23c15eaf
    Port:           42069/TCP (http)
    Host Port:      0/TCP (http)
    State:          Running
      Started:      Mon, 27 Apr 2026 04:17:06 +0200
    Ready:          True
    Restart Count:  0
    Limits:
      cpu:     1500m
      memory:  1536Mi
    Requests:
      cpu:      200m
      memory:   256Mi
    Liveness:   http-get http://:42069/healthz delay=60s timeout=1s period=30s #success=1 #failure=3
    Readiness:  http-get http://:42069/healthz/ready delay=5s timeout=1s period=10s #success=1 #failure=3
    Startup:    http-get http://:42069/healthz delay=0s timeout=1s period=5s #success=1 #failure=30
    Environment:
      ASPNETCORE_ENVIRONMENT:               Production
      ASPNETCORE_URLS:                      http://+:42069
      DOTNET_USE_POLLING_FILE_WATCHER:      true
      Hermod__Security__AuthBypass:         true
      Hermod__Security__VaultRequireHttps:  false
      Hermod__Features__MetricsEndpoint:    true
      Hermod__Dev__Endpoints:               true
      Hermod__Mqtt__Host:                   nanomq
      Hermod__Mqtt__Port:                   1883
      Hermod__Mqtt__UseTls:                 false
      Hermod__Mqtt__Tls__UseTls:            false
      Hermod__Mqtt__Username:               <set to the key 'mqtt-username' in secret 'hermod-secrets'>  Optional: false
      Hermod__Mqtt__Password:               <set to the key 'mqtt-password' in secret 'hermod-secrets'>  Optional: false
      Hermod__Database__ConnectionString:   Host=postgres;Port=5432;Database=hermod;Username=hermod_app
      Hermod__Database__Password:           <set to the key 'hermod-db-password' in secret 'hermod-db-credentials'>  Optional: false
    Mounts:
      /var/run/secrets/kubernetes.io/serviceaccount from kube-api-access-x92ss (ro)
Conditions:
  Type                        Status
  PodReadyToStartContainers   True 
  Initialized                 True 
  Ready                       True 
  ContainersReady             True 
  PodScheduled                True 
Volumes:
  kube-api-access-x92ss:
    Type:                    Projected (a volume that contains injected data from multiple sources)
    TokenExpirationSeconds:  3607
    ConfigMapName:           kube-root-ca.crt
    Optional:                false
    DownwardAPI:             true
QoS Class:                   Burstable
Node-Selectors:              <none>
Tolerations:                 node.kubernetes.io/not-ready:NoExecute op=Exists for 300s
                             node.kubernetes.io/unreachable:NoExecute op=Exists for 300s
Events:
  Type    Reason     Age    From               Message
  ----    ------     ----   ----               -------
  Normal  Scheduled  3m39s  default-scheduler  Successfully assigned coord-only/hermod-coordinator-6b6ff849ff-ljl7h to <pi-host>
  Normal  Pulled     3m39s  kubelet            spec.initContainers{wait-for-postgres}: Container image "busybox:1.36" already present on machine
  Normal  Created    3m39s  kubelet            spec.initContainers{wait-for-postgres}: Created container: wait-for-postgres
  Normal  Started    3m39s  kubelet            spec.initContainers{wait-for-postgres}: Started container wait-for-postgres
  Normal  Pulled     3m26s  kubelet            spec.initContainers{wait-for-nanomq}: Container image "busybox:1.36" already present on machine
  Normal  Created    3m26s  kubelet            spec.initContainers{wait-for-nanomq}: Created container: wait-for-nanomq
  Normal  Started    3m26s  kubelet            spec.initContainers{wait-for-nanomq}: Started container wait-for-nanomq
  Normal  Pulled     3m25s  kubelet            spec.containers{hermod-coordinator}: Container image "hermod-coordinator:latest" already present on machine
  Normal  Created    3m25s  kubelet            spec.containers{hermod-coordinator}: Created container: hermod-coordinator
  Normal  Started    3m25s  kubelet            spec.containers{hermod-coordinator}: Started container hermod-coordinator


Name:             nanomq-7c49cc5d49-f4gtc
Namespace:        coord-only
Priority:         0
Service Account:  default
Node:             <pi-host>/<pi-ip>
Start Time:       Mon, 27 Apr 2026 04:16:51 +0200
Labels:           app=nanomq
                  pod-template-hash=7c49cc5d49
Annotations:      cni.projectcalico.org/containerID: 2f59c3687386fdbdbd9ad0cc3feb23976b03f94891cc90215bc3bc9ebc71f669
                  cni.projectcalico.org/podIP: <pod-ip>/32
                  cni.projectcalico.org/podIPs: <pod-ip>/32
Status:           Running
IP:               <pod-ip>
IPs:
  IP:           <pod-ip>
Controlled By:  ReplicaSet/nanomq-7c49cc5d49
Containers:
  nanomq:
    Container ID:   containerd://012c0814cfca7915f4e33fb84263528087b9060474093c358336374526ff4d07
    Image:          emqx/nanomq:0.21-slim
    Image ID:       docker.io/emqx/nanomq@sha256:53bea7acb547aced1cc45e08c514628f1e41c4da9ad544fd8c5fa96d3e9eb41b
    Ports:          1883/TCP (mqtt), 8081/TCP (http)
    Host Ports:     0/TCP (mqtt), 0/TCP (http)
    State:          Running
      Started:      Mon, 27 Apr 2026 04:16:52 +0200
    Ready:          True
    Restart Count:  0
    Limits:
      cpu:     1
      memory:  512Mi
    Requests:
      cpu:        50m
      memory:     64Mi
    Liveness:     tcp-socket :1883 delay=10s timeout=1s period=10s #success=1 #failure=3
    Readiness:    tcp-socket :1883 delay=3s timeout=1s period=5s #success=1 #failure=3
    Environment:  <none>
    Mounts:
      /etc/nanomq.conf from config (rw,path="nanomq.conf")
      /var/run/secrets/kubernetes.io/serviceaccount from kube-api-access-m8n2d (ro)
Conditions:
  Type                        Status
  PodReadyToStartContainers   True 
  Initialized                 True 
  Ready                       True 
  ContainersReady             True 
  PodScheduled                True 
Volumes:
  config:
    Type:      ConfigMap (a volume populated by a ConfigMap)
    Name:      nanomq-config
    Optional:  false
  kube-api-access-m8n2d:
    Type:                    Projected (a volume that contains injected data from multiple sources)
    TokenExpirationSeconds:  3607
    ConfigMapName:           kube-root-ca.crt
    Optional:                false
    DownwardAPI:             true
QoS Class:                   Burstable
Node-Selectors:              <none>
Tolerations:                 node.kubernetes.io/not-ready:NoExecute op=Exists for 300s
                             node.kubernetes.io/unreachable:NoExecute op=Exists for 300s
Events:
  Type    Reason     Age    From               Message
  ----    ------     ----   ----               -------
  Normal  Scheduled  3m40s  default-scheduler  Successfully assigned coord-only/nanomq-7c49cc5d49-f4gtc to <pi-host>
  Normal  Pulled     3m40s  kubelet            spec.containers{nanomq}: Container image "emqx/nanomq:0.21-slim" already present on machine
  Normal  Created    3m39s  kubelet            spec.containers{nanomq}: Created container: nanomq
  Normal  Started    3m39s  kubelet            spec.containers{nanomq}: Started container nanomq


Name:             postgres-0
Namespace:        coord-only
Priority:         0
Service Account:  default
Node:             <pi-host>/<pi-ip>
Start Time:       Mon, 27 Apr 2026 04:16:57 +0200
Labels:           app=postgres
                  apps.kubernetes.io/pod-index=0
                  controller-revision-hash=postgres-6497897965
                  statefulset.kubernetes.io/pod-name=postgres-0
Annotations:      cni.projectcalico.org/containerID: 69fb4823b666d3d2a1395c00ab9b26a33337431372918fb41d9f85f42d91a056
                  cni.projectcalico.org/podIP: <pod-ip>/32
                  cni.projectcalico.org/podIPs: <pod-ip>/32
Status:           Running
IP:               <pod-ip>
IPs:
  IP:           <pod-ip>
Controlled By:  StatefulSet/postgres
Containers:
  postgres:
    Container ID:  containerd://adf8585ccc9b705cf0261f22f8e1c254a24670c72b998bb7a052f31e3a5ae5be
    Image:         postgres:17-alpine
    Image ID:      docker.io/library/postgres@sha256:778d0b486d6daa02b77434d0358ec57a1b21fd8b6d22ac2eef56a33e816928f6
    Port:          5432/TCP
    Host Port:     0/TCP
    Args:
      -c
      shared_buffers=256MB
      -c
      max_connections=200
      -c
      work_mem=16MB
    State:          Running
      Started:      Mon, 27 Apr 2026 04:16:58 +0200
    Ready:          True
    Restart Count:  0
    Limits:
      cpu:     1500m
      memory:  1536Mi
    Requests:
      cpu:      100m
      memory:   256Mi
    Liveness:   exec [pg_isready -U postgres] delay=30s timeout=1s period=10s #success=1 #failure=3
    Readiness:  exec [pg_isready -U postgres] delay=5s timeout=1s period=5s #success=1 #failure=3
    Environment:
      POSTGRES_DB:        postgres
      POSTGRES_USER:      postgres
      POSTGRES_PASSWORD:  <set to the key 'postgres-superuser-password' in secret 'hermod-secrets'>  Optional: false
    Mounts:
      /docker-entrypoint-initdb.d from init (rw)
      /var/lib/postgresql/data from data (rw)
      /var/run/secrets/kubernetes.io/serviceaccount from kube-api-access-79j56 (ro)
Conditions:
  Type                        Status
  PodReadyToStartContainers   True 
  Initialized                 True 
  Ready                       True 
  ContainersReady             True 
  PodScheduled                True 
Volumes:
  data:
    Type:       PersistentVolumeClaim (a reference to a PersistentVolumeClaim in the same namespace)
    ClaimName:  data-postgres-0
    ReadOnly:   false
  init:
    Type:      ConfigMap (a volume populated by a ConfigMap)
    Name:      postgres-init
    Optional:  false
  kube-api-access-79j56:
    Type:                    Projected (a volume that contains injected data from multiple sources)
    TokenExpirationSeconds:  3607
    ConfigMapName:           kube-root-ca.crt
    Optional:                false
    DownwardAPI:             true
QoS Class:                   Burstable
Node-Selectors:              <none>
Tolerations:                 node.kubernetes.io/not-ready:NoExecute op=Exists for 300s
                             node.kubernetes.io/unreachable:NoExecute op=Exists for 300s
Events:
  Type    Reason     Age    From               Message
  ----    ------     ----   ----               -------
  Normal  Scheduled  3m34s  default-scheduler  Successfully assigned coord-only/postgres-0 to <pi-host>
  Normal  Pulled     3m34s  kubelet            spec.containers{postgres}: Container image "postgres:17-alpine" already present on machine
  Normal  Created    3m34s  kubelet            spec.containers{postgres}: Created container: postgres
  Normal  Started    3m33s  kubelet            spec.containers{postgres}: Started container postgres

=== ts=1777256442 ===
Name:             hermod-coordinator-6b6ff849ff-ljl7h
Namespace:        coord-only
Priority:         0
Service Account:  default
Node:             <pi-host>/<pi-ip>
Start Time:       Mon, 27 Apr 2026 04:16:51 +0200
Labels:           app=hermod-coordinator
                  pod-template-hash=6b6ff849ff
Annotations:      cni.projectcalico.org/containerID: 65914434474649dba771d4b2431992103331e35491b31fb9900d17155f551459
                  cni.projectcalico.org/podIP: <pod-ip>/32
                  cni.projectcalico.org/podIPs: <pod-ip>/32
Status:           Running
IP:               <pod-ip>
IPs:
  IP:           <pod-ip>
Controlled By:  ReplicaSet/hermod-coordinator-6b6ff849ff
Init Containers:
  wait-for-postgres:
    Container ID:  containerd://e3cc5a720ea638ffe99c5ffa9d2c3585051426f28ba8cff4d7582443a3e4d8e4
    Image:         busybox:1.36
    Image ID:      docker.io/library/busybox@sha256:73aaf090f3d85aa34ee199857f03fa3a95c8ede2ffd4cc2cdb5b94e566b11662
    Port:          <none>
    Host Port:     <none>
    Command:
      sh
      -c
      until nc -z postgres 5432; do sleep 2; done
    State:          Terminated
      Reason:       Completed
      Exit Code:    0
      Started:      Mon, 27 Apr 2026 04:16:52 +0200
      Finished:     Mon, 27 Apr 2026 04:17:04 +0200
    Ready:          True
    Restart Count:  0
    Environment:    <none>
    Mounts:
      /var/run/secrets/kubernetes.io/serviceaccount from kube-api-access-x92ss (ro)
  wait-for-nanomq:
    Container ID:  containerd://c233eb0b1637c82ca28937ef1858f82e05cf885794579e32e57fe9a25dec4e2c
    Image:         busybox:1.36
    Image ID:      docker.io/library/busybox@sha256:73aaf090f3d85aa34ee199857f03fa3a95c8ede2ffd4cc2cdb5b94e566b11662
    Port:          <none>
    Host Port:     <none>
    Command:
      sh
      -c
      until nc -z nanomq 1883; do sleep 2; done
    State:          Terminated
      Reason:       Completed
      Exit Code:    0
      Started:      Mon, 27 Apr 2026 04:17:05 +0200
      Finished:     Mon, 27 Apr 2026 04:17:05 +0200
    Ready:          True
    Restart Count:  0
    Environment:    <none>
    Mounts:
      /var/run/secrets/kubernetes.io/serviceaccount from kube-api-access-x92ss (ro)
Containers:
  hermod-coordinator:
    Container ID:   containerd://5e27ffbb5bab1670da28270de2416671806fd51168401a1b71c30a84e8e9eb65
    Image:          hermod-coordinator:latest
    Image ID:       sha256:ca91ccdfcd269dd5e4e25d5ffe8d863ca5db57e5c4f62f08c8adf90d23c15eaf
    Port:           42069/TCP (http)
    Host Port:      0/TCP (http)
    State:          Running
      Started:      Mon, 27 Apr 2026 04:17:06 +0200
    Ready:          True
    Restart Count:  0
    Limits:
      cpu:     1500m
      memory:  1536Mi
    Requests:
      cpu:      200m
      memory:   256Mi
    Liveness:   http-get http://:42069/healthz delay=60s timeout=1s period=30s #success=1 #failure=3
    Readiness:  http-get http://:42069/healthz/ready delay=5s timeout=1s period=10s #success=1 #failure=3
    Startup:    http-get http://:42069/healthz delay=0s timeout=1s period=5s #success=1 #failure=30
    Environment:
      ASPNETCORE_ENVIRONMENT:               Production
      ASPNETCORE_URLS:                      http://+:42069
      DOTNET_USE_POLLING_FILE_WATCHER:      true
      Hermod__Security__AuthBypass:         true
      Hermod__Security__VaultRequireHttps:  false
      Hermod__Features__MetricsEndpoint:    true
      Hermod__Dev__Endpoints:               true
      Hermod__Mqtt__Host:                   nanomq
      Hermod__Mqtt__Port:                   1883
      Hermod__Mqtt__UseTls:                 false
      Hermod__Mqtt__Tls__UseTls:            false
      Hermod__Mqtt__Username:               <set to the key 'mqtt-username' in secret 'hermod-secrets'>  Optional: false
      Hermod__Mqtt__Password:               <set to the key 'mqtt-password' in secret 'hermod-secrets'>  Optional: false
      Hermod__Database__ConnectionString:   Host=postgres;Port=5432;Database=hermod;Username=hermod_app
      Hermod__Database__Password:           <set to the key 'hermod-db-password' in secret 'hermod-db-credentials'>  Optional: false
    Mounts:
      /var/run/secrets/kubernetes.io/serviceaccount from kube-api-access-x92ss (ro)
Conditions:
  Type                        Status
  PodReadyToStartContainers   True 
  Initialized                 True 
  Ready                       True 
  ContainersReady             True 
  PodScheduled                True 
Volumes:
  kube-api-access-x92ss:
    Type:                    Projected (a volume that contains injected data from multiple sources)
    TokenExpirationSeconds:  3607
    ConfigMapName:           kube-root-ca.crt
    Optional:                false
    DownwardAPI:             true
QoS Class:                   Burstable
Node-Selectors:              <none>
Tolerations:                 node.kubernetes.io/not-ready:NoExecute op=Exists for 300s
                             node.kubernetes.io/unreachable:NoExecute op=Exists for 300s
Events:
  Type    Reason     Age    From               Message
  ----    ------     ----   ----               -------
  Normal  Scheduled  3m51s  default-scheduler  Successfully assigned coord-only/hermod-coordinator-6b6ff849ff-ljl7h to <pi-host>
  Normal  Pulled     3m50s  kubelet            spec.initContainers{wait-for-postgres}: Container image "busybox:1.36" already present on machine
  Normal  Created    3m50s  kubelet            spec.initContainers{wait-for-postgres}: Created container: wait-for-postgres
  Normal  Started    3m50s  kubelet            spec.initContainers{wait-for-postgres}: Started container wait-for-postgres
  Normal  Pulled     3m37s  kubelet            spec.initContainers{wait-for-nanomq}: Container image "busybox:1.36" already present on machine
  Normal  Created    3m37s  kubelet            spec.initContainers{wait-for-nanomq}: Created container: wait-for-nanomq
  Normal  Started    3m37s  kubelet            spec.initContainers{wait-for-nanomq}: Started container wait-for-nanomq
  Normal  Pulled     3m36s  kubelet            spec.containers{hermod-coordinator}: Container image "hermod-coordinator:latest" already present on machine
  Normal  Created    3m36s  kubelet            spec.containers{hermod-coordinator}: Created container: hermod-coordinator
  Normal  Started    3m36s  kubelet            spec.containers{hermod-coordinator}: Started container hermod-coordinator


Name:             nanomq-7c49cc5d49-f4gtc
Namespace:        coord-only
Priority:         0
Service Account:  default
Node:             <pi-host>/<pi-ip>
Start Time:       Mon, 27 Apr 2026 04:16:51 +0200
Labels:           app=nanomq
                  pod-template-hash=7c49cc5d49
Annotations:      cni.projectcalico.org/containerID: 2f59c3687386fdbdbd9ad0cc3feb23976b03f94891cc90215bc3bc9ebc71f669
                  cni.projectcalico.org/podIP: <pod-ip>/32
                  cni.projectcalico.org/podIPs: <pod-ip>/32
Status:           Running
IP:               <pod-ip>
IPs:
  IP:           <pod-ip>
Controlled By:  ReplicaSet/nanomq-7c49cc5d49
Containers:
  nanomq:
    Container ID:   containerd://012c0814cfca7915f4e33fb84263528087b9060474093c358336374526ff4d07
    Image:          emqx/nanomq:0.21-slim
    Image ID:       docker.io/emqx/nanomq@sha256:53bea7acb547aced1cc45e08c514628f1e41c4da9ad544fd8c5fa96d3e9eb41b
    Ports:          1883/TCP (mqtt), 8081/TCP (http)
    Host Ports:     0/TCP (mqtt), 0/TCP (http)
    State:          Running
      Started:      Mon, 27 Apr 2026 04:16:52 +0200
    Ready:          True
    Restart Count:  0
    Limits:
      cpu:     1
      memory:  512Mi
    Requests:
      cpu:        50m
      memory:     64Mi
    Liveness:     tcp-socket :1883 delay=10s timeout=1s period=10s #success=1 #failure=3
    Readiness:    tcp-socket :1883 delay=3s timeout=1s period=5s #success=1 #failure=3
    Environment:  <none>
    Mounts:
      /etc/nanomq.conf from config (rw,path="nanomq.conf")
      /var/run/secrets/kubernetes.io/serviceaccount from kube-api-access-m8n2d (ro)
Conditions:
  Type                        Status
  PodReadyToStartContainers   True 
  Initialized                 True 
  Ready                       True 
  ContainersReady             True 
  PodScheduled                True 
Volumes:
  config:
    Type:      ConfigMap (a volume populated by a ConfigMap)
    Name:      nanomq-config
    Optional:  false
  kube-api-access-m8n2d:
    Type:                    Projected (a volume that contains injected data from multiple sources)
    TokenExpirationSeconds:  3607
    ConfigMapName:           kube-root-ca.crt
    Optional:                false
    DownwardAPI:             true
QoS Class:                   Burstable
Node-Selectors:              <none>
Tolerations:                 node.kubernetes.io/not-ready:NoExecute op=Exists for 300s
                             node.kubernetes.io/unreachable:NoExecute op=Exists for 300s
Events:
  Type    Reason     Age    From               Message
  ----    ------     ----   ----               -------
  Normal  Scheduled  3m51s  default-scheduler  Successfully assigned coord-only/nanomq-7c49cc5d49-f4gtc to <pi-host>
  Normal  Pulled     3m51s  kubelet            spec.containers{nanomq}: Container image "emqx/nanomq:0.21-slim" already present on machine
  Normal  Created    3m50s  kubelet            spec.containers{nanomq}: Created container: nanomq
  Normal  Started    3m50s  kubelet            spec.containers{nanomq}: Started container nanomq


Name:             postgres-0
Namespace:        coord-only
Priority:         0
Service Account:  default
Node:             <pi-host>/<pi-ip>
Start Time:       Mon, 27 Apr 2026 04:16:57 +0200
Labels:           app=postgres
                  apps.kubernetes.io/pod-index=0
                  controller-revision-hash=postgres-6497897965
                  statefulset.kubernetes.io/pod-name=postgres-0
Annotations:      cni.projectcalico.org/containerID: 69fb4823b666d3d2a1395c00ab9b26a33337431372918fb41d9f85f42d91a056
                  cni.projectcalico.org/podIP: <pod-ip>/32
                  cni.projectcalico.org/podIPs: <pod-ip>/32
Status:           Running
IP:               <pod-ip>
IPs:
  IP:           <pod-ip>
Controlled By:  StatefulSet/postgres
Containers:
  postgres:
    Container ID:  containerd://adf8585ccc9b705cf0261f22f8e1c254a24670c72b998bb7a052f31e3a5ae5be
    Image:         postgres:17-alpine
    Image ID:      docker.io/library/postgres@sha256:778d0b486d6daa02b77434d0358ec57a1b21fd8b6d22ac2eef56a33e816928f6
    Port:          5432/TCP
    Host Port:     0/TCP
    Args:
      -c
      shared_buffers=256MB
      -c
      max_connections=200
      -c
      work_mem=16MB
    State:          Running
      Started:      Mon, 27 Apr 2026 04:16:58 +0200
    Ready:          True
    Restart Count:  0
    Limits:
      cpu:     1500m
      memory:  1536Mi
    Requests:
      cpu:      100m
      memory:   256Mi
    Liveness:   exec [pg_isready -U postgres] delay=30s timeout=1s period=10s #success=1 #failure=3
    Readiness:  exec [pg_isready -U postgres] delay=5s timeout=1s period=5s #success=1 #failure=3
    Environment:
      POSTGRES_DB:        postgres
      POSTGRES_USER:      postgres
      POSTGRES_PASSWORD:  <set to the key 'postgres-superuser-password' in secret 'hermod-secrets'>  Optional: false
    Mounts:
      /docker-entrypoint-initdb.d from init (rw)
      /var/lib/postgresql/data from data (rw)
      /var/run/secrets/kubernetes.io/serviceaccount from kube-api-access-79j56 (ro)
Conditions:
  Type                        Status
  PodReadyToStartContainers   True 
  Initialized                 True 
  Ready                       True 
  ContainersReady             True 
  PodScheduled                True 
Volumes:
  data:
    Type:       PersistentVolumeClaim (a reference to a PersistentVolumeClaim in the same namespace)
    ClaimName:  data-postgres-0
    ReadOnly:   false
  init:
    Type:      ConfigMap (a volume populated by a ConfigMap)
    Name:      postgres-init
    Optional:  false
  kube-api-access-79j56:
    Type:                    Projected (a volume that contains injected data from multiple sources)
    TokenExpirationSeconds:  3607
    ConfigMapName:           kube-root-ca.crt
    Optional:                false
    DownwardAPI:             true
QoS Class:                   Burstable
Node-Selectors:              <none>
Tolerations:                 node.kubernetes.io/not-ready:NoExecute op=Exists for 300s
                             node.kubernetes.io/unreachable:NoExecute op=Exists for 300s
Events:
  Type    Reason     Age    From               Message
  ----    ------     ----   ----               -------
  Normal  Scheduled  3m45s  default-scheduler  Successfully assigned coord-only/postgres-0 to <pi-host>
  Normal  Pulled     3m45s  kubelet            spec.containers{postgres}: Container image "postgres:17-alpine" already present on machine
  Normal  Created    3m45s  kubelet            spec.containers{postgres}: Created container: postgres
  Normal  Started    3m44s  kubelet            spec.containers{postgres}: Started container postgres

=== ts=1777256454 ===
Name:             hermod-coordinator-6b6ff849ff-ljl7h
Namespace:        coord-only
Priority:         0
Service Account:  default
Node:             <pi-host>/<pi-ip>
Start Time:       Mon, 27 Apr 2026 04:16:51 +0200
Labels:           app=hermod-coordinator
                  pod-template-hash=6b6ff849ff
Annotations:      cni.projectcalico.org/containerID: 65914434474649dba771d4b2431992103331e35491b31fb9900d17155f551459
                  cni.projectcalico.org/podIP: <pod-ip>/32
                  cni.projectcalico.org/podIPs: <pod-ip>/32
Status:           Running
IP:               <pod-ip>
IPs:
  IP:           <pod-ip>
Controlled By:  ReplicaSet/hermod-coordinator-6b6ff849ff
Init Containers:
  wait-for-postgres:
    Container ID:  containerd://e3cc5a720ea638ffe99c5ffa9d2c3585051426f28ba8cff4d7582443a3e4d8e4
    Image:         busybox:1.36
    Image ID:      docker.io/library/busybox@sha256:73aaf090f3d85aa34ee199857f03fa3a95c8ede2ffd4cc2cdb5b94e566b11662
    Port:          <none>
    Host Port:     <none>
    Command:
      sh
      -c
      until nc -z postgres 5432; do sleep 2; done
    State:          Terminated
      Reason:       Completed
      Exit Code:    0
      Started:      Mon, 27 Apr 2026 04:16:52 +0200
      Finished:     Mon, 27 Apr 2026 04:17:04 +0200
    Ready:          True
    Restart Count:  0
    Environment:    <none>
    Mounts:
      /var/run/secrets/kubernetes.io/serviceaccount from kube-api-access-x92ss (ro)
  wait-for-nanomq:
    Container ID:  containerd://c233eb0b1637c82ca28937ef1858f82e05cf885794579e32e57fe9a25dec4e2c
    Image:         busybox:1.36
    Image ID:      docker.io/library/busybox@sha256:73aaf090f3d85aa34ee199857f03fa3a95c8ede2ffd4cc2cdb5b94e566b11662
    Port:          <none>
    Host Port:     <none>
    Command:
      sh
      -c
      until nc -z nanomq 1883; do sleep 2; done
    State:          Terminated
      Reason:       Completed
      Exit Code:    0
      Started:      Mon, 27 Apr 2026 04:17:05 +0200
      Finished:     Mon, 27 Apr 2026 04:17:05 +0200
    Ready:          True
    Restart Count:  0
    Environment:    <none>
    Mounts:
      /var/run/secrets/kubernetes.io/serviceaccount from kube-api-access-x92ss (ro)
Containers:
  hermod-coordinator:
    Container ID:   containerd://5e27ffbb5bab1670da28270de2416671806fd51168401a1b71c30a84e8e9eb65
    Image:          hermod-coordinator:latest
    Image ID:       sha256:ca91ccdfcd269dd5e4e25d5ffe8d863ca5db57e5c4f62f08c8adf90d23c15eaf
    Port:           42069/TCP (http)
    Host Port:      0/TCP (http)
    State:          Running
      Started:      Mon, 27 Apr 2026 04:17:06 +0200
    Ready:          True
    Restart Count:  0
    Limits:
      cpu:     1500m
      memory:  1536Mi
    Requests:
      cpu:      200m
      memory:   256Mi
    Liveness:   http-get http://:42069/healthz delay=60s timeout=1s period=30s #success=1 #failure=3
    Readiness:  http-get http://:42069/healthz/ready delay=5s timeout=1s period=10s #success=1 #failure=3
    Startup:    http-get http://:42069/healthz delay=0s timeout=1s period=5s #success=1 #failure=30
    Environment:
      ASPNETCORE_ENVIRONMENT:               Production
      ASPNETCORE_URLS:                      http://+:42069
      DOTNET_USE_POLLING_FILE_WATCHER:      true
      Hermod__Security__AuthBypass:         true
      Hermod__Security__VaultRequireHttps:  false
      Hermod__Features__MetricsEndpoint:    true
      Hermod__Dev__Endpoints:               true
      Hermod__Mqtt__Host:                   nanomq
      Hermod__Mqtt__Port:                   1883
      Hermod__Mqtt__UseTls:                 false
      Hermod__Mqtt__Tls__UseTls:            false
      Hermod__Mqtt__Username:               <set to the key 'mqtt-username' in secret 'hermod-secrets'>  Optional: false
      Hermod__Mqtt__Password:               <set to the key 'mqtt-password' in secret 'hermod-secrets'>  Optional: false
      Hermod__Database__ConnectionString:   Host=postgres;Port=5432;Database=hermod;Username=hermod_app
      Hermod__Database__Password:           <set to the key 'hermod-db-password' in secret 'hermod-db-credentials'>  Optional: false
    Mounts:
      /var/run/secrets/kubernetes.io/serviceaccount from kube-api-access-x92ss (ro)
Conditions:
  Type                        Status
  PodReadyToStartContainers   True 
  Initialized                 True 
  Ready                       True 
  ContainersReady             True 
  PodScheduled                True 
Volumes:
  kube-api-access-x92ss:
    Type:                    Projected (a volume that contains injected data from multiple sources)
    TokenExpirationSeconds:  3607
    ConfigMapName:           kube-root-ca.crt
    Optional:                false
    DownwardAPI:             true
QoS Class:                   Burstable
Node-Selectors:              <none>
Tolerations:                 node.kubernetes.io/not-ready:NoExecute op=Exists for 300s
                             node.kubernetes.io/unreachable:NoExecute op=Exists for 300s
Events:
  Type    Reason     Age    From               Message
  ----    ------     ----   ----               -------
  Normal  Scheduled  4m2s   default-scheduler  Successfully assigned coord-only/hermod-coordinator-6b6ff849ff-ljl7h to <pi-host>
  Normal  Pulled     4m2s   kubelet            spec.initContainers{wait-for-postgres}: Container image "busybox:1.36" already present on machine
  Normal  Created    4m2s   kubelet            spec.initContainers{wait-for-postgres}: Created container: wait-for-postgres
  Normal  Started    4m2s   kubelet            spec.initContainers{wait-for-postgres}: Started container wait-for-postgres
  Normal  Pulled     3m49s  kubelet            spec.initContainers{wait-for-nanomq}: Container image "busybox:1.36" already present on machine
  Normal  Created    3m49s  kubelet            spec.initContainers{wait-for-nanomq}: Created container: wait-for-nanomq
  Normal  Started    3m49s  kubelet            spec.initContainers{wait-for-nanomq}: Started container wait-for-nanomq
  Normal  Pulled     3m48s  kubelet            spec.containers{hermod-coordinator}: Container image "hermod-coordinator:latest" already present on machine
  Normal  Created    3m48s  kubelet            spec.containers{hermod-coordinator}: Created container: hermod-coordinator
  Normal  Started    3m48s  kubelet            spec.containers{hermod-coordinator}: Started container hermod-coordinator


Name:             nanomq-7c49cc5d49-f4gtc
Namespace:        coord-only
Priority:         0
Service Account:  default
Node:             <pi-host>/<pi-ip>
Start Time:       Mon, 27 Apr 2026 04:16:51 +0200
Labels:           app=nanomq
                  pod-template-hash=7c49cc5d49
Annotations:      cni.projectcalico.org/containerID: 2f59c3687386fdbdbd9ad0cc3feb23976b03f94891cc90215bc3bc9ebc71f669
                  cni.projectcalico.org/podIP: <pod-ip>/32
                  cni.projectcalico.org/podIPs: <pod-ip>/32
Status:           Running
IP:               <pod-ip>
IPs:
  IP:           <pod-ip>
Controlled By:  ReplicaSet/nanomq-7c49cc5d49
Containers:
  nanomq:
    Container ID:   containerd://012c0814cfca7915f4e33fb84263528087b9060474093c358336374526ff4d07
    Image:          emqx/nanomq:0.21-slim
    Image ID:       docker.io/emqx/nanomq@sha256:53bea7acb547aced1cc45e08c514628f1e41c4da9ad544fd8c5fa96d3e9eb41b
    Ports:          1883/TCP (mqtt), 8081/TCP (http)
    Host Ports:     0/TCP (mqtt), 0/TCP (http)
    State:          Running
      Started:      Mon, 27 Apr 2026 04:16:52 +0200
    Ready:          True
    Restart Count:  0
    Limits:
      cpu:     1
      memory:  512Mi
    Requests:
      cpu:        50m
      memory:     64Mi
    Liveness:     tcp-socket :1883 delay=10s timeout=1s period=10s #success=1 #failure=3
    Readiness:    tcp-socket :1883 delay=3s timeout=1s period=5s #success=1 #failure=3
    Environment:  <none>
    Mounts:
      /etc/nanomq.conf from config (rw,path="nanomq.conf")
      /var/run/secrets/kubernetes.io/serviceaccount from kube-api-access-m8n2d (ro)
Conditions:
  Type                        Status
  PodReadyToStartContainers   True 
  Initialized                 True 
  Ready                       True 
  ContainersReady             True 
  PodScheduled                True 
Volumes:
  config:
    Type:      ConfigMap (a volume populated by a ConfigMap)
    Name:      nanomq-config
    Optional:  false
  kube-api-access-m8n2d:
    Type:                    Projected (a volume that contains injected data from multiple sources)
    TokenExpirationSeconds:  3607
    ConfigMapName:           kube-root-ca.crt
    Optional:                false
    DownwardAPI:             true
QoS Class:                   Burstable
Node-Selectors:              <none>
Tolerations:                 node.kubernetes.io/not-ready:NoExecute op=Exists for 300s
                             node.kubernetes.io/unreachable:NoExecute op=Exists for 300s
Events:
  Type    Reason     Age   From               Message
  ----    ------     ----  ----               -------
  Normal  Scheduled  4m2s  default-scheduler  Successfully assigned coord-only/nanomq-7c49cc5d49-f4gtc to <pi-host>
  Normal  Pulled     4m3s  kubelet            spec.containers{nanomq}: Container image "emqx/nanomq:0.21-slim" already present on machine
  Normal  Created    4m2s  kubelet            spec.containers{nanomq}: Created container: nanomq
  Normal  Started    4m2s  kubelet            spec.containers{nanomq}: Started container nanomq


Name:             postgres-0
Namespace:        coord-only
Priority:         0
Service Account:  default
Node:             <pi-host>/<pi-ip>
Start Time:       Mon, 27 Apr 2026 04:16:57 +0200
Labels:           app=postgres
                  apps.kubernetes.io/pod-index=0
                  controller-revision-hash=postgres-6497897965
                  statefulset.kubernetes.io/pod-name=postgres-0
Annotations:      cni.projectcalico.org/containerID: 69fb4823b666d3d2a1395c00ab9b26a33337431372918fb41d9f85f42d91a056
                  cni.projectcalico.org/podIP: <pod-ip>/32
                  cni.projectcalico.org/podIPs: <pod-ip>/32
Status:           Running
IP:               <pod-ip>
IPs:
  IP:           <pod-ip>
Controlled By:  StatefulSet/postgres
Containers:
  postgres:
    Container ID:  containerd://adf8585ccc9b705cf0261f22f8e1c254a24670c72b998bb7a052f31e3a5ae5be
    Image:         postgres:17-alpine
    Image ID:      docker.io/library/postgres@sha256:778d0b486d6daa02b77434d0358ec57a1b21fd8b6d22ac2eef56a33e816928f6
    Port:          5432/TCP
    Host Port:     0/TCP
    Args:
      -c
      shared_buffers=256MB
      -c
      max_connections=200
      -c
      work_mem=16MB
    State:          Running
      Started:      Mon, 27 Apr 2026 04:16:58 +0200
    Ready:          True
    Restart Count:  0
    Limits:
      cpu:     1500m
      memory:  1536Mi
    Requests:
      cpu:      100m
      memory:   256Mi
    Liveness:   exec [pg_isready -U postgres] delay=30s timeout=1s period=10s #success=1 #failure=3
    Readiness:  exec [pg_isready -U postgres] delay=5s timeout=1s period=5s #success=1 #failure=3
    Environment:
      POSTGRES_DB:        postgres
      POSTGRES_USER:      postgres
      POSTGRES_PASSWORD:  <set to the key 'postgres-superuser-password' in secret 'hermod-secrets'>  Optional: false
    Mounts:
      /docker-entrypoint-initdb.d from init (rw)
      /var/lib/postgresql/data from data (rw)
      /var/run/secrets/kubernetes.io/serviceaccount from kube-api-access-79j56 (ro)
Conditions:
  Type                        Status
  PodReadyToStartContainers   True 
  Initialized                 True 
  Ready                       True 
  ContainersReady             True 
  PodScheduled                True 
Volumes:
  data:
    Type:       PersistentVolumeClaim (a reference to a PersistentVolumeClaim in the same namespace)
    ClaimName:  data-postgres-0
    ReadOnly:   false
  init:
    Type:      ConfigMap (a volume populated by a ConfigMap)
    Name:      postgres-init
    Optional:  false
  kube-api-access-79j56:
    Type:                    Projected (a volume that contains injected data from multiple sources)
    TokenExpirationSeconds:  3607
    ConfigMapName:           kube-root-ca.crt
    Optional:                false
    DownwardAPI:             true
QoS Class:                   Burstable
Node-Selectors:              <none>
Tolerations:                 node.kubernetes.io/not-ready:NoExecute op=Exists for 300s
                             node.kubernetes.io/unreachable:NoExecute op=Exists for 300s
Events:
  Type    Reason     Age    From               Message
  ----    ------     ----   ----               -------
  Normal  Scheduled  3m57s  default-scheduler  Successfully assigned coord-only/postgres-0 to <pi-host>
  Normal  Pulled     3m57s  kubelet            spec.containers{postgres}: Container image "postgres:17-alpine" already present on machine
  Normal  Created    3m57s  kubelet            spec.containers{postgres}: Created container: postgres
  Normal  Started    3m56s  kubelet            spec.containers{postgres}: Started container postgres

=== ts=1777256465 ===
Name:             hermod-coordinator-6b6ff849ff-ljl7h
Namespace:        coord-only
Priority:         0
Service Account:  default
Node:             <pi-host>/<pi-ip>
Start Time:       Mon, 27 Apr 2026 04:16:51 +0200
Labels:           app=hermod-coordinator
                  pod-template-hash=6b6ff849ff
Annotations:      cni.projectcalico.org/containerID: 65914434474649dba771d4b2431992103331e35491b31fb9900d17155f551459
                  cni.projectcalico.org/podIP: <pod-ip>/32
                  cni.projectcalico.org/podIPs: <pod-ip>/32
Status:           Running
IP:               <pod-ip>
IPs:
  IP:           <pod-ip>
Controlled By:  ReplicaSet/hermod-coordinator-6b6ff849ff
Init Containers:
  wait-for-postgres:
    Container ID:  containerd://e3cc5a720ea638ffe99c5ffa9d2c3585051426f28ba8cff4d7582443a3e4d8e4
    Image:         busybox:1.36
    Image ID:      docker.io/library/busybox@sha256:73aaf090f3d85aa34ee199857f03fa3a95c8ede2ffd4cc2cdb5b94e566b11662
    Port:          <none>
    Host Port:     <none>
    Command:
      sh
      -c
      until nc -z postgres 5432; do sleep 2; done
    State:          Terminated
      Reason:       Completed
      Exit Code:    0
      Started:      Mon, 27 Apr 2026 04:16:52 +0200
      Finished:     Mon, 27 Apr 2026 04:17:04 +0200
    Ready:          True
    Restart Count:  0
    Environment:    <none>
    Mounts:
      /var/run/secrets/kubernetes.io/serviceaccount from kube-api-access-x92ss (ro)
  wait-for-nanomq:
    Container ID:  containerd://c233eb0b1637c82ca28937ef1858f82e05cf885794579e32e57fe9a25dec4e2c
    Image:         busybox:1.36
    Image ID:      docker.io/library/busybox@sha256:73aaf090f3d85aa34ee199857f03fa3a95c8ede2ffd4cc2cdb5b94e566b11662
    Port:          <none>
    Host Port:     <none>
    Command:
      sh
      -c
      until nc -z nanomq 1883; do sleep 2; done
    State:          Terminated
      Reason:       Completed
      Exit Code:    0
      Started:      Mon, 27 Apr 2026 04:17:05 +0200
      Finished:     Mon, 27 Apr 2026 04:17:05 +0200
    Ready:          True
    Restart Count:  0
    Environment:    <none>
    Mounts:
      /var/run/secrets/kubernetes.io/serviceaccount from kube-api-access-x92ss (ro)
Containers:
  hermod-coordinator:
    Container ID:   containerd://5e27ffbb5bab1670da28270de2416671806fd51168401a1b71c30a84e8e9eb65
    Image:          hermod-coordinator:latest
    Image ID:       sha256:ca91ccdfcd269dd5e4e25d5ffe8d863ca5db57e5c4f62f08c8adf90d23c15eaf
    Port:           42069/TCP (http)
    Host Port:      0/TCP (http)
    State:          Running
      Started:      Mon, 27 Apr 2026 04:17:06 +0200
    Ready:          True
    Restart Count:  0
    Limits:
      cpu:     1500m
      memory:  1536Mi
    Requests:
      cpu:      200m
      memory:   256Mi
    Liveness:   http-get http://:42069/healthz delay=60s timeout=1s period=30s #success=1 #failure=3
    Readiness:  http-get http://:42069/healthz/ready delay=5s timeout=1s period=10s #success=1 #failure=3
    Startup:    http-get http://:42069/healthz delay=0s timeout=1s period=5s #success=1 #failure=30
    Environment:
      ASPNETCORE_ENVIRONMENT:               Production
      ASPNETCORE_URLS:                      http://+:42069
      DOTNET_USE_POLLING_FILE_WATCHER:      true
      Hermod__Security__AuthBypass:         true
      Hermod__Security__VaultRequireHttps:  false
      Hermod__Features__MetricsEndpoint:    true
      Hermod__Dev__Endpoints:               true
      Hermod__Mqtt__Host:                   nanomq
      Hermod__Mqtt__Port:                   1883
      Hermod__Mqtt__UseTls:                 false
      Hermod__Mqtt__Tls__UseTls:            false
      Hermod__Mqtt__Username:               <set to the key 'mqtt-username' in secret 'hermod-secrets'>  Optional: false
      Hermod__Mqtt__Password:               <set to the key 'mqtt-password' in secret 'hermod-secrets'>  Optional: false
      Hermod__Database__ConnectionString:   Host=postgres;Port=5432;Database=hermod;Username=hermod_app
      Hermod__Database__Password:           <set to the key 'hermod-db-password' in secret 'hermod-db-credentials'>  Optional: false
    Mounts:
      /var/run/secrets/kubernetes.io/serviceaccount from kube-api-access-x92ss (ro)
Conditions:
  Type                        Status
  PodReadyToStartContainers   True 
  Initialized                 True 
  Ready                       True 
  ContainersReady             True 
  PodScheduled                True 
Volumes:
  kube-api-access-x92ss:
    Type:                    Projected (a volume that contains injected data from multiple sources)
    TokenExpirationSeconds:  3607
    ConfigMapName:           kube-root-ca.crt
    Optional:                false
    DownwardAPI:             true
QoS Class:                   Burstable
Node-Selectors:              <none>
Tolerations:                 node.kubernetes.io/not-ready:NoExecute op=Exists for 300s
                             node.kubernetes.io/unreachable:NoExecute op=Exists for 300s
Events:
  Type    Reason     Age    From               Message
  ----    ------     ----   ----               -------
  Normal  Scheduled  4m13s  default-scheduler  Successfully assigned coord-only/hermod-coordinator-6b6ff849ff-ljl7h to <pi-host>
  Normal  Pulled     4m13s  kubelet            spec.initContainers{wait-for-postgres}: Container image "busybox:1.36" already present on machine
  Normal  Created    4m13s  kubelet            spec.initContainers{wait-for-postgres}: Created container: wait-for-postgres
  Normal  Started    4m13s  kubelet            spec.initContainers{wait-for-postgres}: Started container wait-for-postgres
  Normal  Pulled     4m     kubelet            spec.initContainers{wait-for-nanomq}: Container image "busybox:1.36" already present on machine
  Normal  Created    4m     kubelet            spec.initContainers{wait-for-nanomq}: Created container: wait-for-nanomq
  Normal  Started    4m     kubelet            spec.initContainers{wait-for-nanomq}: Started container wait-for-nanomq
  Normal  Pulled     3m59s  kubelet            spec.containers{hermod-coordinator}: Container image "hermod-coordinator:latest" already present on machine
  Normal  Created    3m59s  kubelet            spec.containers{hermod-coordinator}: Created container: hermod-coordinator
  Normal  Started    3m59s  kubelet            spec.containers{hermod-coordinator}: Started container hermod-coordinator


Name:             nanomq-7c49cc5d49-f4gtc
Namespace:        coord-only
Priority:         0
Service Account:  default
Node:             <pi-host>/<pi-ip>
Start Time:       Mon, 27 Apr 2026 04:16:51 +0200
Labels:           app=nanomq
                  pod-template-hash=7c49cc5d49
Annotations:      cni.projectcalico.org/containerID: 2f59c3687386fdbdbd9ad0cc3feb23976b03f94891cc90215bc3bc9ebc71f669
                  cni.projectcalico.org/podIP: <pod-ip>/32
                  cni.projectcalico.org/podIPs: <pod-ip>/32
Status:           Running
IP:               <pod-ip>
IPs:
  IP:           <pod-ip>
Controlled By:  ReplicaSet/nanomq-7c49cc5d49
Containers:
  nanomq:
    Container ID:   containerd://012c0814cfca7915f4e33fb84263528087b9060474093c358336374526ff4d07
    Image:          emqx/nanomq:0.21-slim
    Image ID:       docker.io/emqx/nanomq@sha256:53bea7acb547aced1cc45e08c514628f1e41c4da9ad544fd8c5fa96d3e9eb41b
    Ports:          1883/TCP (mqtt), 8081/TCP (http)
    Host Ports:     0/TCP (mqtt), 0/TCP (http)
    State:          Running
      Started:      Mon, 27 Apr 2026 04:16:52 +0200
    Ready:          True
    Restart Count:  0
    Limits:
      cpu:     1
      memory:  512Mi
    Requests:
      cpu:        50m
      memory:     64Mi
    Liveness:     tcp-socket :1883 delay=10s timeout=1s period=10s #success=1 #failure=3
    Readiness:    tcp-socket :1883 delay=3s timeout=1s period=5s #success=1 #failure=3
    Environment:  <none>
    Mounts:
      /etc/nanomq.conf from config (rw,path="nanomq.conf")
      /var/run/secrets/kubernetes.io/serviceaccount from kube-api-access-m8n2d (ro)
Conditions:
  Type                        Status
  PodReadyToStartContainers   True 
  Initialized                 True 
  Ready                       True 
  ContainersReady             True 
  PodScheduled                True 
Volumes:
  config:
    Type:      ConfigMap (a volume populated by a ConfigMap)
    Name:      nanomq-config
    Optional:  false
  kube-api-access-m8n2d:
    Type:                    Projected (a volume that contains injected data from multiple sources)
    TokenExpirationSeconds:  3607
    ConfigMapName:           kube-root-ca.crt
    Optional:                false
    DownwardAPI:             true
QoS Class:                   Burstable
Node-Selectors:              <none>
Tolerations:                 node.kubernetes.io/not-ready:NoExecute op=Exists for 300s
                             node.kubernetes.io/unreachable:NoExecute op=Exists for 300s
Events:
  Type    Reason     Age    From               Message
  ----    ------     ----   ----               -------
  Normal  Scheduled  4m14s  default-scheduler  Successfully assigned coord-only/nanomq-7c49cc5d49-f4gtc to <pi-host>
  Normal  Pulled     4m14s  kubelet            spec.containers{nanomq}: Container image "emqx/nanomq:0.21-slim" already present on machine
  Normal  Created    4m13s  kubelet            spec.containers{nanomq}: Created container: nanomq
  Normal  Started    4m13s  kubelet            spec.containers{nanomq}: Started container nanomq


Name:             postgres-0
Namespace:        coord-only
Priority:         0
Service Account:  default
Node:             <pi-host>/<pi-ip>
Start Time:       Mon, 27 Apr 2026 04:16:57 +0200
Labels:           app=postgres
                  apps.kubernetes.io/pod-index=0
                  controller-revision-hash=postgres-6497897965
                  statefulset.kubernetes.io/pod-name=postgres-0
Annotations:      cni.projectcalico.org/containerID: 69fb4823b666d3d2a1395c00ab9b26a33337431372918fb41d9f85f42d91a056
                  cni.projectcalico.org/podIP: <pod-ip>/32
                  cni.projectcalico.org/podIPs: <pod-ip>/32
Status:           Running
IP:               <pod-ip>
IPs:
  IP:           <pod-ip>
Controlled By:  StatefulSet/postgres
Containers:
  postgres:
    Container ID:  containerd://adf8585ccc9b705cf0261f22f8e1c254a24670c72b998bb7a052f31e3a5ae5be
    Image:         postgres:17-alpine
    Image ID:      docker.io/library/postgres@sha256:778d0b486d6daa02b77434d0358ec57a1b21fd8b6d22ac2eef56a33e816928f6
    Port:          5432/TCP
    Host Port:     0/TCP
    Args:
      -c
      shared_buffers=256MB
      -c
      max_connections=200
      -c
      work_mem=16MB
    State:          Running
      Started:      Mon, 27 Apr 2026 04:16:58 +0200
    Ready:          True
    Restart Count:  0
    Limits:
      cpu:     1500m
      memory:  1536Mi
    Requests:
      cpu:      100m
      memory:   256Mi
    Liveness:   exec [pg_isready -U postgres] delay=30s timeout=1s period=10s #success=1 #failure=3
    Readiness:  exec [pg_isready -U postgres] delay=5s timeout=1s period=5s #success=1 #failure=3
    Environment:
      POSTGRES_DB:        postgres
      POSTGRES_USER:      postgres
      POSTGRES_PASSWORD:  <set to the key 'postgres-superuser-password' in secret 'hermod-secrets'>  Optional: false
    Mounts:
      /docker-entrypoint-initdb.d from init (rw)
      /var/lib/postgresql/data from data (rw)
      /var/run/secrets/kubernetes.io/serviceaccount from kube-api-access-79j56 (ro)
Conditions:
  Type                        Status
  PodReadyToStartContainers   True 
  Initialized                 True 
  Ready                       True 
  ContainersReady             True 
  PodScheduled                True 
Volumes:
  data:
    Type:       PersistentVolumeClaim (a reference to a PersistentVolumeClaim in the same namespace)
    ClaimName:  data-postgres-0
    ReadOnly:   false
  init:
    Type:      ConfigMap (a volume populated by a ConfigMap)
    Name:      postgres-init
    Optional:  false
  kube-api-access-79j56:
    Type:                    Projected (a volume that contains injected data from multiple sources)
    TokenExpirationSeconds:  3607
    ConfigMapName:           kube-root-ca.crt
    Optional:                false
    DownwardAPI:             true
QoS Class:                   Burstable
Node-Selectors:              <none>
Tolerations:                 node.kubernetes.io/not-ready:NoExecute op=Exists for 300s
                             node.kubernetes.io/unreachable:NoExecute op=Exists for 300s
Events:
  Type    Reason     Age   From               Message
  ----    ------     ----  ----               -------
  Normal  Scheduled  4m8s  default-scheduler  Successfully assigned coord-only/postgres-0 to <pi-host>
  Normal  Pulled     4m8s  kubelet            spec.containers{postgres}: Container image "postgres:17-alpine" already present on machine
  Normal  Created    4m8s  kubelet            spec.containers{postgres}: Created container: postgres
  Normal  Started    4m7s  kubelet            spec.containers{postgres}: Started container postgres

=== ts=1777256476 ===
Name:             hermod-coordinator-6b6ff849ff-ljl7h
Namespace:        coord-only
Priority:         0
Service Account:  default
Node:             <pi-host>/<pi-ip>
Start Time:       Mon, 27 Apr 2026 04:16:51 +0200
Labels:           app=hermod-coordinator
                  pod-template-hash=6b6ff849ff
Annotations:      cni.projectcalico.org/containerID: 65914434474649dba771d4b2431992103331e35491b31fb9900d17155f551459
                  cni.projectcalico.org/podIP: <pod-ip>/32
                  cni.projectcalico.org/podIPs: <pod-ip>/32
Status:           Running
IP:               <pod-ip>
IPs:
  IP:           <pod-ip>
Controlled By:  ReplicaSet/hermod-coordinator-6b6ff849ff
Init Containers:
  wait-for-postgres:
    Container ID:  containerd://e3cc5a720ea638ffe99c5ffa9d2c3585051426f28ba8cff4d7582443a3e4d8e4
    Image:         busybox:1.36
    Image ID:      docker.io/library/busybox@sha256:73aaf090f3d85aa34ee199857f03fa3a95c8ede2ffd4cc2cdb5b94e566b11662
    Port:          <none>
    Host Port:     <none>
    Command:
      sh
      -c
      until nc -z postgres 5432; do sleep 2; done
    State:          Terminated
      Reason:       Completed
      Exit Code:    0
      Started:      Mon, 27 Apr 2026 04:16:52 +0200
      Finished:     Mon, 27 Apr 2026 04:17:04 +0200
    Ready:          True
    Restart Count:  0
    Environment:    <none>
    Mounts:
      /var/run/secrets/kubernetes.io/serviceaccount from kube-api-access-x92ss (ro)
  wait-for-nanomq:
    Container ID:  containerd://c233eb0b1637c82ca28937ef1858f82e05cf885794579e32e57fe9a25dec4e2c
    Image:         busybox:1.36
    Image ID:      docker.io/library/busybox@sha256:73aaf090f3d85aa34ee199857f03fa3a95c8ede2ffd4cc2cdb5b94e566b11662
    Port:          <none>
    Host Port:     <none>
    Command:
      sh
      -c
      until nc -z nanomq 1883; do sleep 2; done
    State:          Terminated
      Reason:       Completed
      Exit Code:    0
      Started:      Mon, 27 Apr 2026 04:17:05 +0200
      Finished:     Mon, 27 Apr 2026 04:17:05 +0200
    Ready:          True
    Restart Count:  0
    Environment:    <none>
    Mounts:
      /var/run/secrets/kubernetes.io/serviceaccount from kube-api-access-x92ss (ro)
Containers:
  hermod-coordinator:
    Container ID:   containerd://5e27ffbb5bab1670da28270de2416671806fd51168401a1b71c30a84e8e9eb65
    Image:          hermod-coordinator:latest
    Image ID:       sha256:ca91ccdfcd269dd5e4e25d5ffe8d863ca5db57e5c4f62f08c8adf90d23c15eaf
    Port:           42069/TCP (http)
    Host Port:      0/TCP (http)
    State:          Running
      Started:      Mon, 27 Apr 2026 04:17:06 +0200
    Ready:          True
    Restart Count:  0
    Limits:
      cpu:     1500m
      memory:  1536Mi
    Requests:
      cpu:      200m
      memory:   256Mi
    Liveness:   http-get http://:42069/healthz delay=60s timeout=1s period=30s #success=1 #failure=3
    Readiness:  http-get http://:42069/healthz/ready delay=5s timeout=1s period=10s #success=1 #failure=3
    Startup:    http-get http://:42069/healthz delay=0s timeout=1s period=5s #success=1 #failure=30
    Environment:
      ASPNETCORE_ENVIRONMENT:               Production
      ASPNETCORE_URLS:                      http://+:42069
      DOTNET_USE_POLLING_FILE_WATCHER:      true
      Hermod__Security__AuthBypass:         true
      Hermod__Security__VaultRequireHttps:  false
      Hermod__Features__MetricsEndpoint:    true
      Hermod__Dev__Endpoints:               true
      Hermod__Mqtt__Host:                   nanomq
      Hermod__Mqtt__Port:                   1883
      Hermod__Mqtt__UseTls:                 false
      Hermod__Mqtt__Tls__UseTls:            false
      Hermod__Mqtt__Username:               <set to the key 'mqtt-username' in secret 'hermod-secrets'>  Optional: false
      Hermod__Mqtt__Password:               <set to the key 'mqtt-password' in secret 'hermod-secrets'>  Optional: false
      Hermod__Database__ConnectionString:   Host=postgres;Port=5432;Database=hermod;Username=hermod_app
      Hermod__Database__Password:           <set to the key 'hermod-db-password' in secret 'hermod-db-credentials'>  Optional: false
    Mounts:
      /var/run/secrets/kubernetes.io/serviceaccount from kube-api-access-x92ss (ro)
Conditions:
  Type                        Status
  PodReadyToStartContainers   True 
  Initialized                 True 
  Ready                       True 
  ContainersReady             True 
  PodScheduled                True 
Volumes:
  kube-api-access-x92ss:
    Type:                    Projected (a volume that contains injected data from multiple sources)
    TokenExpirationSeconds:  3607
    ConfigMapName:           kube-root-ca.crt
    Optional:                false
    DownwardAPI:             true
QoS Class:                   Burstable
Node-Selectors:              <none>
Tolerations:                 node.kubernetes.io/not-ready:NoExecute op=Exists for 300s
                             node.kubernetes.io/unreachable:NoExecute op=Exists for 300s
Events:
  Type    Reason     Age    From               Message
  ----    ------     ----   ----               -------
  Normal  Scheduled  4m25s  default-scheduler  Successfully assigned coord-only/hermod-coordinator-6b6ff849ff-ljl7h to <pi-host>
  Normal  Pulled     4m24s  kubelet            spec.initContainers{wait-for-postgres}: Container image "busybox:1.36" already present on machine
  Normal  Created    4m24s  kubelet            spec.initContainers{wait-for-postgres}: Created container: wait-for-postgres
  Normal  Started    4m24s  kubelet            spec.initContainers{wait-for-postgres}: Started container wait-for-postgres
  Normal  Pulled     4m11s  kubelet            spec.initContainers{wait-for-nanomq}: Container image "busybox:1.36" already present on machine
  Normal  Created    4m11s  kubelet            spec.initContainers{wait-for-nanomq}: Created container: wait-for-nanomq
  Normal  Started    4m11s  kubelet            spec.initContainers{wait-for-nanomq}: Started container wait-for-nanomq
  Normal  Pulled     4m10s  kubelet            spec.containers{hermod-coordinator}: Container image "hermod-coordinator:latest" already present on machine
  Normal  Created    4m10s  kubelet            spec.containers{hermod-coordinator}: Created container: hermod-coordinator
  Normal  Started    4m10s  kubelet            spec.containers{hermod-coordinator}: Started container hermod-coordinator


Name:             nanomq-7c49cc5d49-f4gtc
Namespace:        coord-only
Priority:         0
Service Account:  default
Node:             <pi-host>/<pi-ip>
Start Time:       Mon, 27 Apr 2026 04:16:51 +0200
Labels:           app=nanomq
                  pod-template-hash=7c49cc5d49
Annotations:      cni.projectcalico.org/containerID: 2f59c3687386fdbdbd9ad0cc3feb23976b03f94891cc90215bc3bc9ebc71f669
                  cni.projectcalico.org/podIP: <pod-ip>/32
                  cni.projectcalico.org/podIPs: <pod-ip>/32
Status:           Running
IP:               <pod-ip>
IPs:
  IP:           <pod-ip>
Controlled By:  ReplicaSet/nanomq-7c49cc5d49
Containers:
  nanomq:
    Container ID:   containerd://012c0814cfca7915f4e33fb84263528087b9060474093c358336374526ff4d07
    Image:          emqx/nanomq:0.21-slim
    Image ID:       docker.io/emqx/nanomq@sha256:53bea7acb547aced1cc45e08c514628f1e41c4da9ad544fd8c5fa96d3e9eb41b
    Ports:          1883/TCP (mqtt), 8081/TCP (http)
    Host Ports:     0/TCP (mqtt), 0/TCP (http)
    State:          Running
      Started:      Mon, 27 Apr 2026 04:16:52 +0200
    Ready:          True
    Restart Count:  0
    Limits:
      cpu:     1
      memory:  512Mi
    Requests:
      cpu:        50m
      memory:     64Mi
    Liveness:     tcp-socket :1883 delay=10s timeout=1s period=10s #success=1 #failure=3
    Readiness:    tcp-socket :1883 delay=3s timeout=1s period=5s #success=1 #failure=3
    Environment:  <none>
    Mounts:
      /etc/nanomq.conf from config (rw,path="nanomq.conf")
      /var/run/secrets/kubernetes.io/serviceaccount from kube-api-access-m8n2d (ro)
Conditions:
  Type                        Status
  PodReadyToStartContainers   True 
  Initialized                 True 
  Ready                       True 
  ContainersReady             True 
  PodScheduled                True 
Volumes:
  config:
    Type:      ConfigMap (a volume populated by a ConfigMap)
    Name:      nanomq-config
    Optional:  false
  kube-api-access-m8n2d:
    Type:                    Projected (a volume that contains injected data from multiple sources)
    TokenExpirationSeconds:  3607
    ConfigMapName:           kube-root-ca.crt
    Optional:                false
    DownwardAPI:             true
QoS Class:                   Burstable
Node-Selectors:              <none>
Tolerations:                 node.kubernetes.io/not-ready:NoExecute op=Exists for 300s
                             node.kubernetes.io/unreachable:NoExecute op=Exists for 300s
Events:
  Type    Reason     Age    From               Message
  ----    ------     ----   ----               -------
  Normal  Scheduled  4m25s  default-scheduler  Successfully assigned coord-only/nanomq-7c49cc5d49-f4gtc to <pi-host>
  Normal  Pulled     4m25s  kubelet            spec.containers{nanomq}: Container image "emqx/nanomq:0.21-slim" already present on machine
  Normal  Created    4m24s  kubelet            spec.containers{nanomq}: Created container: nanomq
  Normal  Started    4m24s  kubelet            spec.containers{nanomq}: Started container nanomq


Name:             postgres-0
Namespace:        coord-only
Priority:         0
Service Account:  default
Node:             <pi-host>/<pi-ip>
Start Time:       Mon, 27 Apr 2026 04:16:57 +0200
Labels:           app=postgres
                  apps.kubernetes.io/pod-index=0
                  controller-revision-hash=postgres-6497897965
                  statefulset.kubernetes.io/pod-name=postgres-0
Annotations:      cni.projectcalico.org/containerID: 69fb4823b666d3d2a1395c00ab9b26a33337431372918fb41d9f85f42d91a056
                  cni.projectcalico.org/podIP: <pod-ip>/32
                  cni.projectcalico.org/podIPs: <pod-ip>/32
Status:           Running
IP:               <pod-ip>
IPs:
  IP:           <pod-ip>
Controlled By:  StatefulSet/postgres
Containers:
  postgres:
    Container ID:  containerd://adf8585ccc9b705cf0261f22f8e1c254a24670c72b998bb7a052f31e3a5ae5be
    Image:         postgres:17-alpine
    Image ID:      docker.io/library/postgres@sha256:778d0b486d6daa02b77434d0358ec57a1b21fd8b6d22ac2eef56a33e816928f6
    Port:          5432/TCP
    Host Port:     0/TCP
    Args:
      -c
      shared_buffers=256MB
      -c
      max_connections=200
      -c
      work_mem=16MB
    State:          Running
      Started:      Mon, 27 Apr 2026 04:16:58 +0200
    Ready:          True
    Restart Count:  0
    Limits:
      cpu:     1500m
      memory:  1536Mi
    Requests:
      cpu:      100m
      memory:   256Mi
    Liveness:   exec [pg_isready -U postgres] delay=30s timeout=1s period=10s #success=1 #failure=3
    Readiness:  exec [pg_isready -U postgres] delay=5s timeout=1s period=5s #success=1 #failure=3
    Environment:
      POSTGRES_DB:        postgres
      POSTGRES_USER:      postgres
      POSTGRES_PASSWORD:  <set to the key 'postgres-superuser-password' in secret 'hermod-secrets'>  Optional: false
    Mounts:
      /docker-entrypoint-initdb.d from init (rw)
      /var/lib/postgresql/data from data (rw)
      /var/run/secrets/kubernetes.io/serviceaccount from kube-api-access-79j56 (ro)
Conditions:
  Type                        Status
  PodReadyToStartContainers   True 
  Initialized                 True 
  Ready                       True 
  ContainersReady             True 
  PodScheduled                True 
Volumes:
  data:
    Type:       PersistentVolumeClaim (a reference to a PersistentVolumeClaim in the same namespace)
    ClaimName:  data-postgres-0
    ReadOnly:   false
  init:
    Type:      ConfigMap (a volume populated by a ConfigMap)
    Name:      postgres-init
    Optional:  false
  kube-api-access-79j56:
    Type:                    Projected (a volume that contains injected data from multiple sources)
    TokenExpirationSeconds:  3607
    ConfigMapName:           kube-root-ca.crt
    Optional:                false
    DownwardAPI:             true
QoS Class:                   Burstable
Node-Selectors:              <none>
Tolerations:                 node.kubernetes.io/not-ready:NoExecute op=Exists for 300s
                             node.kubernetes.io/unreachable:NoExecute op=Exists for 300s
Events:
  Type    Reason     Age    From               Message
  ----    ------     ----   ----               -------
  Normal  Scheduled  4m19s  default-scheduler  Successfully assigned coord-only/postgres-0 to <pi-host>
  Normal  Pulled     4m19s  kubelet            spec.containers{postgres}: Container image "postgres:17-alpine" already present on machine
  Normal  Created    4m19s  kubelet            spec.containers{postgres}: Created container: postgres
  Normal  Started    4m18s  kubelet            spec.containers{postgres}: Started container postgres

=== ts=1777256487 ===
Name:             hermod-coordinator-6b6ff849ff-ljl7h
Namespace:        coord-only
Priority:         0
Service Account:  default
Node:             <pi-host>/<pi-ip>
Start Time:       Mon, 27 Apr 2026 04:16:51 +0200
Labels:           app=hermod-coordinator
                  pod-template-hash=6b6ff849ff
Annotations:      cni.projectcalico.org/containerID: 65914434474649dba771d4b2431992103331e35491b31fb9900d17155f551459
                  cni.projectcalico.org/podIP: <pod-ip>/32
                  cni.projectcalico.org/podIPs: <pod-ip>/32
Status:           Running
IP:               <pod-ip>
IPs:
  IP:           <pod-ip>
Controlled By:  ReplicaSet/hermod-coordinator-6b6ff849ff
Init Containers:
  wait-for-postgres:
    Container ID:  containerd://e3cc5a720ea638ffe99c5ffa9d2c3585051426f28ba8cff4d7582443a3e4d8e4
    Image:         busybox:1.36
    Image ID:      docker.io/library/busybox@sha256:73aaf090f3d85aa34ee199857f03fa3a95c8ede2ffd4cc2cdb5b94e566b11662
    Port:          <none>
    Host Port:     <none>
    Command:
      sh
      -c
      until nc -z postgres 5432; do sleep 2; done
    State:          Terminated
      Reason:       Completed
      Exit Code:    0
      Started:      Mon, 27 Apr 2026 04:16:52 +0200
      Finished:     Mon, 27 Apr 2026 04:17:04 +0200
    Ready:          True
    Restart Count:  0
    Environment:    <none>
    Mounts:
      /var/run/secrets/kubernetes.io/serviceaccount from kube-api-access-x92ss (ro)
  wait-for-nanomq:
    Container ID:  containerd://c233eb0b1637c82ca28937ef1858f82e05cf885794579e32e57fe9a25dec4e2c
    Image:         busybox:1.36
    Image ID:      docker.io/library/busybox@sha256:73aaf090f3d85aa34ee199857f03fa3a95c8ede2ffd4cc2cdb5b94e566b11662
    Port:          <none>
    Host Port:     <none>
    Command:
      sh
      -c
      until nc -z nanomq 1883; do sleep 2; done
    State:          Terminated
      Reason:       Completed
      Exit Code:    0
      Started:      Mon, 27 Apr 2026 04:17:05 +0200
      Finished:     Mon, 27 Apr 2026 04:17:05 +0200
    Ready:          True
    Restart Count:  0
    Environment:    <none>
    Mounts:
      /var/run/secrets/kubernetes.io/serviceaccount from kube-api-access-x92ss (ro)
Containers:
  hermod-coordinator:
    Container ID:   containerd://5e27ffbb5bab1670da28270de2416671806fd51168401a1b71c30a84e8e9eb65
    Image:          hermod-coordinator:latest
    Image ID:       sha256:ca91ccdfcd269dd5e4e25d5ffe8d863ca5db57e5c4f62f08c8adf90d23c15eaf
    Port:           42069/TCP (http)
    Host Port:      0/TCP (http)
    State:          Running
      Started:      Mon, 27 Apr 2026 04:17:06 +0200
    Ready:          True
    Restart Count:  0
    Limits:
      cpu:     1500m
      memory:  1536Mi
    Requests:
      cpu:      200m
      memory:   256Mi
    Liveness:   http-get http://:42069/healthz delay=60s timeout=1s period=30s #success=1 #failure=3
    Readiness:  http-get http://:42069/healthz/ready delay=5s timeout=1s period=10s #success=1 #failure=3
    Startup:    http-get http://:42069/healthz delay=0s timeout=1s period=5s #success=1 #failure=30
    Environment:
      ASPNETCORE_ENVIRONMENT:               Production
      ASPNETCORE_URLS:                      http://+:42069
      DOTNET_USE_POLLING_FILE_WATCHER:      true
      Hermod__Security__AuthBypass:         true
      Hermod__Security__VaultRequireHttps:  false
      Hermod__Features__MetricsEndpoint:    true
      Hermod__Dev__Endpoints:               true
      Hermod__Mqtt__Host:                   nanomq
      Hermod__Mqtt__Port:                   1883
      Hermod__Mqtt__UseTls:                 false
      Hermod__Mqtt__Tls__UseTls:            false
      Hermod__Mqtt__Username:               <set to the key 'mqtt-username' in secret 'hermod-secrets'>  Optional: false
      Hermod__Mqtt__Password:               <set to the key 'mqtt-password' in secret 'hermod-secrets'>  Optional: false
      Hermod__Database__ConnectionString:   Host=postgres;Port=5432;Database=hermod;Username=hermod_app
      Hermod__Database__Password:           <set to the key 'hermod-db-password' in secret 'hermod-db-credentials'>  Optional: false
    Mounts:
      /var/run/secrets/kubernetes.io/serviceaccount from kube-api-access-x92ss (ro)
Conditions:
  Type                        Status
  PodReadyToStartContainers   True 
  Initialized                 True 
  Ready                       True 
  ContainersReady             True 
  PodScheduled                True 
Volumes:
  kube-api-access-x92ss:
    Type:                    Projected (a volume that contains injected data from multiple sources)
    TokenExpirationSeconds:  3607
    ConfigMapName:           kube-root-ca.crt
    Optional:                false
    DownwardAPI:             true
QoS Class:                   Burstable
Node-Selectors:              <none>
Tolerations:                 node.kubernetes.io/not-ready:NoExecute op=Exists for 300s
                             node.kubernetes.io/unreachable:NoExecute op=Exists for 300s
Events:
  Type    Reason     Age    From               Message
  ----    ------     ----   ----               -------
  Normal  Scheduled  4m36s  default-scheduler  Successfully assigned coord-only/hermod-coordinator-6b6ff849ff-ljl7h to <pi-host>
  Normal  Pulled     4m35s  kubelet            spec.initContainers{wait-for-postgres}: Container image "busybox:1.36" already present on machine
  Normal  Created    4m35s  kubelet            spec.initContainers{wait-for-postgres}: Created container: wait-for-postgres
  Normal  Started    4m35s  kubelet            spec.initContainers{wait-for-postgres}: Started container wait-for-postgres
  Normal  Pulled     4m22s  kubelet            spec.initContainers{wait-for-nanomq}: Container image "busybox:1.36" already present on machine
  Normal  Created    4m22s  kubelet            spec.initContainers{wait-for-nanomq}: Created container: wait-for-nanomq
  Normal  Started    4m22s  kubelet            spec.initContainers{wait-for-nanomq}: Started container wait-for-nanomq
  Normal  Pulled     4m21s  kubelet            spec.containers{hermod-coordinator}: Container image "hermod-coordinator:latest" already present on machine
  Normal  Created    4m21s  kubelet            spec.containers{hermod-coordinator}: Created container: hermod-coordinator
  Normal  Started    4m21s  kubelet            spec.containers{hermod-coordinator}: Started container hermod-coordinator


Name:             nanomq-7c49cc5d49-f4gtc
Namespace:        coord-only
Priority:         0
Service Account:  default
Node:             <pi-host>/<pi-ip>
Start Time:       Mon, 27 Apr 2026 04:16:51 +0200
Labels:           app=nanomq
                  pod-template-hash=7c49cc5d49
Annotations:      cni.projectcalico.org/containerID: 2f59c3687386fdbdbd9ad0cc3feb23976b03f94891cc90215bc3bc9ebc71f669
                  cni.projectcalico.org/podIP: <pod-ip>/32
                  cni.projectcalico.org/podIPs: <pod-ip>/32
Status:           Running
IP:               <pod-ip>
IPs:
  IP:           <pod-ip>
Controlled By:  ReplicaSet/nanomq-7c49cc5d49
Containers:
  nanomq:
    Container ID:   containerd://012c0814cfca7915f4e33fb84263528087b9060474093c358336374526ff4d07
    Image:          emqx/nanomq:0.21-slim
    Image ID:       docker.io/emqx/nanomq@sha256:53bea7acb547aced1cc45e08c514628f1e41c4da9ad544fd8c5fa96d3e9eb41b
    Ports:          1883/TCP (mqtt), 8081/TCP (http)
    Host Ports:     0/TCP (mqtt), 0/TCP (http)
    State:          Running
      Started:      Mon, 27 Apr 2026 04:16:52 +0200
    Ready:          True
    Restart Count:  0
    Limits:
      cpu:     1
      memory:  512Mi
    Requests:
      cpu:        50m
      memory:     64Mi
    Liveness:     tcp-socket :1883 delay=10s timeout=1s period=10s #success=1 #failure=3
    Readiness:    tcp-socket :1883 delay=3s timeout=1s period=5s #success=1 #failure=3
    Environment:  <none>
    Mounts:
      /etc/nanomq.conf from config (rw,path="nanomq.conf")
      /var/run/secrets/kubernetes.io/serviceaccount from kube-api-access-m8n2d (ro)
Conditions:
  Type                        Status
  PodReadyToStartContainers   True 
  Initialized                 True 
  Ready                       True 
  ContainersReady             True 
  PodScheduled                True 
Volumes:
  config:
    Type:      ConfigMap (a volume populated by a ConfigMap)
    Name:      nanomq-config
    Optional:  false
  kube-api-access-m8n2d:
    Type:                    Projected (a volume that contains injected data from multiple sources)
    TokenExpirationSeconds:  3607
    ConfigMapName:           kube-root-ca.crt
    Optional:                false
    DownwardAPI:             true
QoS Class:                   Burstable
Node-Selectors:              <none>
Tolerations:                 node.kubernetes.io/not-ready:NoExecute op=Exists for 300s
                             node.kubernetes.io/unreachable:NoExecute op=Exists for 300s
Events:
  Type    Reason     Age    From               Message
  ----    ------     ----   ----               -------
  Normal  Scheduled  4m36s  default-scheduler  Successfully assigned coord-only/nanomq-7c49cc5d49-f4gtc to <pi-host>
  Normal  Pulled     4m36s  kubelet            spec.containers{nanomq}: Container image "emqx/nanomq:0.21-slim" already present on machine
  Normal  Created    4m35s  kubelet            spec.containers{nanomq}: Created container: nanomq
  Normal  Started    4m35s  kubelet            spec.containers{nanomq}: Started container nanomq


Name:             postgres-0
Namespace:        coord-only
Priority:         0
Service Account:  default
Node:             <pi-host>/<pi-ip>
Start Time:       Mon, 27 Apr 2026 04:16:57 +0200
Labels:           app=postgres
                  apps.kubernetes.io/pod-index=0
                  controller-revision-hash=postgres-6497897965
                  statefulset.kubernetes.io/pod-name=postgres-0
Annotations:      cni.projectcalico.org/containerID: 69fb4823b666d3d2a1395c00ab9b26a33337431372918fb41d9f85f42d91a056
                  cni.projectcalico.org/podIP: <pod-ip>/32
                  cni.projectcalico.org/podIPs: <pod-ip>/32
Status:           Running
IP:               <pod-ip>
IPs:
  IP:           <pod-ip>
Controlled By:  StatefulSet/postgres
Containers:
  postgres:
    Container ID:  containerd://adf8585ccc9b705cf0261f22f8e1c254a24670c72b998bb7a052f31e3a5ae5be
    Image:         postgres:17-alpine
    Image ID:      docker.io/library/postgres@sha256:778d0b486d6daa02b77434d0358ec57a1b21fd8b6d22ac2eef56a33e816928f6
    Port:          5432/TCP
    Host Port:     0/TCP
    Args:
      -c
      shared_buffers=256MB
      -c
      max_connections=200
      -c
      work_mem=16MB
    State:          Running
      Started:      Mon, 27 Apr 2026 04:16:58 +0200
    Ready:          True
    Restart Count:  0
    Limits:
      cpu:     1500m
      memory:  1536Mi
    Requests:
      cpu:      100m
      memory:   256Mi
    Liveness:   exec [pg_isready -U postgres] delay=30s timeout=1s period=10s #success=1 #failure=3
    Readiness:  exec [pg_isready -U postgres] delay=5s timeout=1s period=5s #success=1 #failure=3
    Environment:
      POSTGRES_DB:        postgres
      POSTGRES_USER:      postgres
      POSTGRES_PASSWORD:  <set to the key 'postgres-superuser-password' in secret 'hermod-secrets'>  Optional: false
    Mounts:
      /docker-entrypoint-initdb.d from init (rw)
      /var/lib/postgresql/data from data (rw)
      /var/run/secrets/kubernetes.io/serviceaccount from kube-api-access-79j56 (ro)
Conditions:
  Type                        Status
  PodReadyToStartContainers   True 
  Initialized                 True 
  Ready                       True 
  ContainersReady             True 
  PodScheduled                True 
Volumes:
  data:
    Type:       PersistentVolumeClaim (a reference to a PersistentVolumeClaim in the same namespace)
    ClaimName:  data-postgres-0
    ReadOnly:   false
  init:
    Type:      ConfigMap (a volume populated by a ConfigMap)
    Name:      postgres-init
    Optional:  false
  kube-api-access-79j56:
    Type:                    Projected (a volume that contains injected data from multiple sources)
    TokenExpirationSeconds:  3607
    ConfigMapName:           kube-root-ca.crt
    Optional:                false
    DownwardAPI:             true
QoS Class:                   Burstable
Node-Selectors:              <none>
Tolerations:                 node.kubernetes.io/not-ready:NoExecute op=Exists for 300s
                             node.kubernetes.io/unreachable:NoExecute op=Exists for 300s
Events:
  Type    Reason     Age    From               Message
  ----    ------     ----   ----               -------
  Normal  Scheduled  4m30s  default-scheduler  Successfully assigned coord-only/postgres-0 to <pi-host>
  Normal  Pulled     4m30s  kubelet            spec.containers{postgres}: Container image "postgres:17-alpine" already present on machine
  Normal  Created    4m30s  kubelet            spec.containers{postgres}: Created container: postgres
  Normal  Started    4m29s  kubelet            spec.containers{postgres}: Started container postgres

=== ts=1777256499 ===
Name:             hermod-coordinator-6b6ff849ff-ljl7h
Namespace:        coord-only
Priority:         0
Service Account:  default
Node:             <pi-host>/<pi-ip>
Start Time:       Mon, 27 Apr 2026 04:16:51 +0200
Labels:           app=hermod-coordinator
                  pod-template-hash=6b6ff849ff
Annotations:      cni.projectcalico.org/containerID: 65914434474649dba771d4b2431992103331e35491b31fb9900d17155f551459
                  cni.projectcalico.org/podIP: <pod-ip>/32
                  cni.projectcalico.org/podIPs: <pod-ip>/32
Status:           Running
IP:               <pod-ip>
IPs:
  IP:           <pod-ip>
Controlled By:  ReplicaSet/hermod-coordinator-6b6ff849ff
Init Containers:
  wait-for-postgres:
    Container ID:  containerd://e3cc5a720ea638ffe99c5ffa9d2c3585051426f28ba8cff4d7582443a3e4d8e4
    Image:         busybox:1.36
    Image ID:      docker.io/library/busybox@sha256:73aaf090f3d85aa34ee199857f03fa3a95c8ede2ffd4cc2cdb5b94e566b11662
    Port:          <none>
    Host Port:     <none>
    Command:
      sh
      -c
      until nc -z postgres 5432; do sleep 2; done
    State:          Terminated
      Reason:       Completed
      Exit Code:    0
      Started:      Mon, 27 Apr 2026 04:16:52 +0200
      Finished:     Mon, 27 Apr 2026 04:17:04 +0200
    Ready:          True
    Restart Count:  0
    Environment:    <none>
    Mounts:
      /var/run/secrets/kubernetes.io/serviceaccount from kube-api-access-x92ss (ro)
  wait-for-nanomq:
    Container ID:  containerd://c233eb0b1637c82ca28937ef1858f82e05cf885794579e32e57fe9a25dec4e2c
    Image:         busybox:1.36
    Image ID:      docker.io/library/busybox@sha256:73aaf090f3d85aa34ee199857f03fa3a95c8ede2ffd4cc2cdb5b94e566b11662
    Port:          <none>
    Host Port:     <none>
    Command:
      sh
      -c
      until nc -z nanomq 1883; do sleep 2; done
    State:          Terminated
      Reason:       Completed
      Exit Code:    0
      Started:      Mon, 27 Apr 2026 04:17:05 +0200
      Finished:     Mon, 27 Apr 2026 04:17:05 +0200
    Ready:          True
    Restart Count:  0
    Environment:    <none>
    Mounts:
      /var/run/secrets/kubernetes.io/serviceaccount from kube-api-access-x92ss (ro)
Containers:
  hermod-coordinator:
    Container ID:   containerd://5e27ffbb5bab1670da28270de2416671806fd51168401a1b71c30a84e8e9eb65
    Image:          hermod-coordinator:latest
    Image ID:       sha256:ca91ccdfcd269dd5e4e25d5ffe8d863ca5db57e5c4f62f08c8adf90d23c15eaf
    Port:           42069/TCP (http)
    Host Port:      0/TCP (http)
    State:          Running
      Started:      Mon, 27 Apr 2026 04:17:06 +0200
    Ready:          True
    Restart Count:  0
    Limits:
      cpu:     1500m
      memory:  1536Mi
    Requests:
      cpu:      200m
      memory:   256Mi
    Liveness:   http-get http://:42069/healthz delay=60s timeout=1s period=30s #success=1 #failure=3
    Readiness:  http-get http://:42069/healthz/ready delay=5s timeout=1s period=10s #success=1 #failure=3
    Startup:    http-get http://:42069/healthz delay=0s timeout=1s period=5s #success=1 #failure=30
    Environment:
      ASPNETCORE_ENVIRONMENT:               Production
      ASPNETCORE_URLS:                      http://+:42069
      DOTNET_USE_POLLING_FILE_WATCHER:      true
      Hermod__Security__AuthBypass:         true
      Hermod__Security__VaultRequireHttps:  false
      Hermod__Features__MetricsEndpoint:    true
      Hermod__Dev__Endpoints:               true
      Hermod__Mqtt__Host:                   nanomq
      Hermod__Mqtt__Port:                   1883
      Hermod__Mqtt__UseTls:                 false
      Hermod__Mqtt__Tls__UseTls:            false
      Hermod__Mqtt__Username:               <set to the key 'mqtt-username' in secret 'hermod-secrets'>  Optional: false
      Hermod__Mqtt__Password:               <set to the key 'mqtt-password' in secret 'hermod-secrets'>  Optional: false
      Hermod__Database__ConnectionString:   Host=postgres;Port=5432;Database=hermod;Username=hermod_app
      Hermod__Database__Password:           <set to the key 'hermod-db-password' in secret 'hermod-db-credentials'>  Optional: false
    Mounts:
      /var/run/secrets/kubernetes.io/serviceaccount from kube-api-access-x92ss (ro)
Conditions:
  Type                        Status
  PodReadyToStartContainers   True 
  Initialized                 True 
  Ready                       True 
  ContainersReady             True 
  PodScheduled                True 
Volumes:
  kube-api-access-x92ss:
    Type:                    Projected (a volume that contains injected data from multiple sources)
    TokenExpirationSeconds:  3607
    ConfigMapName:           kube-root-ca.crt
    Optional:                false
    DownwardAPI:             true
QoS Class:                   Burstable
Node-Selectors:              <none>
Tolerations:                 node.kubernetes.io/not-ready:NoExecute op=Exists for 300s
                             node.kubernetes.io/unreachable:NoExecute op=Exists for 300s
Events:
  Type    Reason     Age    From               Message
  ----    ------     ----   ----               -------
  Normal  Scheduled  4m47s  default-scheduler  Successfully assigned coord-only/hermod-coordinator-6b6ff849ff-ljl7h to <pi-host>
  Normal  Pulled     4m47s  kubelet            spec.initContainers{wait-for-postgres}: Container image "busybox:1.36" already present on machine
  Normal  Created    4m47s  kubelet            spec.initContainers{wait-for-postgres}: Created container: wait-for-postgres
  Normal  Started    4m47s  kubelet            spec.initContainers{wait-for-postgres}: Started container wait-for-postgres
  Normal  Pulled     4m34s  kubelet            spec.initContainers{wait-for-nanomq}: Container image "busybox:1.36" already present on machine
  Normal  Created    4m34s  kubelet            spec.initContainers{wait-for-nanomq}: Created container: wait-for-nanomq
  Normal  Started    4m34s  kubelet            spec.initContainers{wait-for-nanomq}: Started container wait-for-nanomq
  Normal  Pulled     4m33s  kubelet            spec.containers{hermod-coordinator}: Container image "hermod-coordinator:latest" already present on machine
  Normal  Created    4m33s  kubelet            spec.containers{hermod-coordinator}: Created container: hermod-coordinator
  Normal  Started    4m33s  kubelet            spec.containers{hermod-coordinator}: Started container hermod-coordinator


Name:             nanomq-7c49cc5d49-f4gtc
Namespace:        coord-only
Priority:         0
Service Account:  default
Node:             <pi-host>/<pi-ip>
Start Time:       Mon, 27 Apr 2026 04:16:51 +0200
Labels:           app=nanomq
                  pod-template-hash=7c49cc5d49
Annotations:      cni.projectcalico.org/containerID: 2f59c3687386fdbdbd9ad0cc3feb23976b03f94891cc90215bc3bc9ebc71f669
                  cni.projectcalico.org/podIP: <pod-ip>/32
                  cni.projectcalico.org/podIPs: <pod-ip>/32
Status:           Running
IP:               <pod-ip>
IPs:
  IP:           <pod-ip>
Controlled By:  ReplicaSet/nanomq-7c49cc5d49
Containers:
  nanomq:
    Container ID:   containerd://012c0814cfca7915f4e33fb84263528087b9060474093c358336374526ff4d07
    Image:          emqx/nanomq:0.21-slim
    Image ID:       docker.io/emqx/nanomq@sha256:53bea7acb547aced1cc45e08c514628f1e41c4da9ad544fd8c5fa96d3e9eb41b
    Ports:          1883/TCP (mqtt), 8081/TCP (http)
    Host Ports:     0/TCP (mqtt), 0/TCP (http)
    State:          Running
      Started:      Mon, 27 Apr 2026 04:16:52 +0200
    Ready:          True
    Restart Count:  0
    Limits:
      cpu:     1
      memory:  512Mi
    Requests:
      cpu:        50m
      memory:     64Mi
    Liveness:     tcp-socket :1883 delay=10s timeout=1s period=10s #success=1 #failure=3
    Readiness:    tcp-socket :1883 delay=3s timeout=1s period=5s #success=1 #failure=3
    Environment:  <none>
    Mounts:
      /etc/nanomq.conf from config (rw,path="nanomq.conf")
      /var/run/secrets/kubernetes.io/serviceaccount from kube-api-access-m8n2d (ro)
Conditions:
  Type                        Status
  PodReadyToStartContainers   True 
  Initialized                 True 
  Ready                       True 
  ContainersReady             True 
  PodScheduled                True 
Volumes:
  config:
    Type:      ConfigMap (a volume populated by a ConfigMap)
    Name:      nanomq-config
    Optional:  false
  kube-api-access-m8n2d:
    Type:                    Projected (a volume that contains injected data from multiple sources)
    TokenExpirationSeconds:  3607
    ConfigMapName:           kube-root-ca.crt
    Optional:                false
    DownwardAPI:             true
QoS Class:                   Burstable
Node-Selectors:              <none>
Tolerations:                 node.kubernetes.io/not-ready:NoExecute op=Exists for 300s
                             node.kubernetes.io/unreachable:NoExecute op=Exists for 300s
Events:
  Type    Reason     Age    From               Message
  ----    ------     ----   ----               -------
  Normal  Scheduled  4m47s  default-scheduler  Successfully assigned coord-only/nanomq-7c49cc5d49-f4gtc to <pi-host>
  Normal  Pulled     4m48s  kubelet            spec.containers{nanomq}: Container image "emqx/nanomq:0.21-slim" already present on machine
  Normal  Created    4m47s  kubelet            spec.containers{nanomq}: Created container: nanomq
  Normal  Started    4m47s  kubelet            spec.containers{nanomq}: Started container nanomq


Name:             postgres-0
Namespace:        coord-only
Priority:         0
Service Account:  default
Node:             <pi-host>/<pi-ip>
Start Time:       Mon, 27 Apr 2026 04:16:57 +0200
Labels:           app=postgres
                  apps.kubernetes.io/pod-index=0
                  controller-revision-hash=postgres-6497897965
                  statefulset.kubernetes.io/pod-name=postgres-0
Annotations:      cni.projectcalico.org/containerID: 69fb4823b666d3d2a1395c00ab9b26a33337431372918fb41d9f85f42d91a056
                  cni.projectcalico.org/podIP: <pod-ip>/32
                  cni.projectcalico.org/podIPs: <pod-ip>/32
Status:           Running
IP:               <pod-ip>
IPs:
  IP:           <pod-ip>
Controlled By:  StatefulSet/postgres
Containers:
  postgres:
    Container ID:  containerd://adf8585ccc9b705cf0261f22f8e1c254a24670c72b998bb7a052f31e3a5ae5be
    Image:         postgres:17-alpine
    Image ID:      docker.io/library/postgres@sha256:778d0b486d6daa02b77434d0358ec57a1b21fd8b6d22ac2eef56a33e816928f6
    Port:          5432/TCP
    Host Port:     0/TCP
    Args:
      -c
      shared_buffers=256MB
      -c
      max_connections=200
      -c
      work_mem=16MB
    State:          Running
      Started:      Mon, 27 Apr 2026 04:16:58 +0200
    Ready:          True
    Restart Count:  0
    Limits:
      cpu:     1500m
      memory:  1536Mi
    Requests:
      cpu:      100m
      memory:   256Mi
    Liveness:   exec [pg_isready -U postgres] delay=30s timeout=1s period=10s #success=1 #failure=3
    Readiness:  exec [pg_isready -U postgres] delay=5s timeout=1s period=5s #success=1 #failure=3
    Environment:
      POSTGRES_DB:        postgres
      POSTGRES_USER:      postgres
      POSTGRES_PASSWORD:  <set to the key 'postgres-superuser-password' in secret 'hermod-secrets'>  Optional: false
    Mounts:
      /docker-entrypoint-initdb.d from init (rw)
      /var/lib/postgresql/data from data (rw)
      /var/run/secrets/kubernetes.io/serviceaccount from kube-api-access-79j56 (ro)
Conditions:
  Type                        Status
  PodReadyToStartContainers   True 
  Initialized                 True 
  Ready                       True 
  ContainersReady             True 
  PodScheduled                True 
Volumes:
  data:
    Type:       PersistentVolumeClaim (a reference to a PersistentVolumeClaim in the same namespace)
    ClaimName:  data-postgres-0
    ReadOnly:   false
  init:
    Type:      ConfigMap (a volume populated by a ConfigMap)
    Name:      postgres-init
    Optional:  false
  kube-api-access-79j56:
    Type:                    Projected (a volume that contains injected data from multiple sources)
    TokenExpirationSeconds:  3607
    ConfigMapName:           kube-root-ca.crt
    Optional:                false
    DownwardAPI:             true
QoS Class:                   Burstable
Node-Selectors:              <none>
Tolerations:                 node.kubernetes.io/not-ready:NoExecute op=Exists for 300s
                             node.kubernetes.io/unreachable:NoExecute op=Exists for 300s
Events:
  Type    Reason     Age    From               Message
  ----    ------     ----   ----               -------
  Normal  Scheduled  4m41s  default-scheduler  Successfully assigned coord-only/postgres-0 to <pi-host>
  Normal  Pulled     4m42s  kubelet            spec.containers{postgres}: Container image "postgres:17-alpine" already present on machine
  Normal  Created    4m42s  kubelet            spec.containers{postgres}: Created container: postgres
  Normal  Started    4m41s  kubelet            spec.containers{postgres}: Started container postgres

=== ts=1777256510 ===
Name:             hermod-coordinator-6b6ff849ff-ljl7h
Namespace:        coord-only
Priority:         0
Service Account:  default
Node:             <pi-host>/<pi-ip>
Start Time:       Mon, 27 Apr 2026 04:16:51 +0200
Labels:           app=hermod-coordinator
                  pod-template-hash=6b6ff849ff
Annotations:      cni.projectcalico.org/containerID: 65914434474649dba771d4b2431992103331e35491b31fb9900d17155f551459
                  cni.projectcalico.org/podIP: <pod-ip>/32
                  cni.projectcalico.org/podIPs: <pod-ip>/32
Status:           Running
IP:               <pod-ip>
IPs:
  IP:           <pod-ip>
Controlled By:  ReplicaSet/hermod-coordinator-6b6ff849ff
Init Containers:
  wait-for-postgres:
    Container ID:  containerd://e3cc5a720ea638ffe99c5ffa9d2c3585051426f28ba8cff4d7582443a3e4d8e4
    Image:         busybox:1.36
    Image ID:      docker.io/library/busybox@sha256:73aaf090f3d85aa34ee199857f03fa3a95c8ede2ffd4cc2cdb5b94e566b11662
    Port:          <none>
    Host Port:     <none>
    Command:
      sh
      -c
      until nc -z postgres 5432; do sleep 2; done
    State:          Terminated
      Reason:       Completed
      Exit Code:    0
      Started:      Mon, 27 Apr 2026 04:16:52 +0200
      Finished:     Mon, 27 Apr 2026 04:17:04 +0200
    Ready:          True
    Restart Count:  0
    Environment:    <none>
    Mounts:
      /var/run/secrets/kubernetes.io/serviceaccount from kube-api-access-x92ss (ro)
  wait-for-nanomq:
    Container ID:  containerd://c233eb0b1637c82ca28937ef1858f82e05cf885794579e32e57fe9a25dec4e2c
    Image:         busybox:1.36
    Image ID:      docker.io/library/busybox@sha256:73aaf090f3d85aa34ee199857f03fa3a95c8ede2ffd4cc2cdb5b94e566b11662
    Port:          <none>
    Host Port:     <none>
    Command:
      sh
      -c
      until nc -z nanomq 1883; do sleep 2; done
    State:          Terminated
      Reason:       Completed
      Exit Code:    0
      Started:      Mon, 27 Apr 2026 04:17:05 +0200
      Finished:     Mon, 27 Apr 2026 04:17:05 +0200
    Ready:          True
    Restart Count:  0
    Environment:    <none>
    Mounts:
      /var/run/secrets/kubernetes.io/serviceaccount from kube-api-access-x92ss (ro)
Containers:
  hermod-coordinator:
    Container ID:   containerd://5e27ffbb5bab1670da28270de2416671806fd51168401a1b71c30a84e8e9eb65
    Image:          hermod-coordinator:latest
    Image ID:       sha256:ca91ccdfcd269dd5e4e25d5ffe8d863ca5db57e5c4f62f08c8adf90d23c15eaf
    Port:           42069/TCP (http)
    Host Port:      0/TCP (http)
    State:          Running
      Started:      Mon, 27 Apr 2026 04:17:06 +0200
    Ready:          True
    Restart Count:  0
    Limits:
      cpu:     1500m
      memory:  1536Mi
    Requests:
      cpu:      200m
      memory:   256Mi
    Liveness:   http-get http://:42069/healthz delay=60s timeout=1s period=30s #success=1 #failure=3
    Readiness:  http-get http://:42069/healthz/ready delay=5s timeout=1s period=10s #success=1 #failure=3
    Startup:    http-get http://:42069/healthz delay=0s timeout=1s period=5s #success=1 #failure=30
    Environment:
      ASPNETCORE_ENVIRONMENT:               Production
      ASPNETCORE_URLS:                      http://+:42069
      DOTNET_USE_POLLING_FILE_WATCHER:      true
      Hermod__Security__AuthBypass:         true
      Hermod__Security__VaultRequireHttps:  false
      Hermod__Features__MetricsEndpoint:    true
      Hermod__Dev__Endpoints:               true
      Hermod__Mqtt__Host:                   nanomq
      Hermod__Mqtt__Port:                   1883
      Hermod__Mqtt__UseTls:                 false
      Hermod__Mqtt__Tls__UseTls:            false
      Hermod__Mqtt__Username:               <set to the key 'mqtt-username' in secret 'hermod-secrets'>  Optional: false
      Hermod__Mqtt__Password:               <set to the key 'mqtt-password' in secret 'hermod-secrets'>  Optional: false
      Hermod__Database__ConnectionString:   Host=postgres;Port=5432;Database=hermod;Username=hermod_app
      Hermod__Database__Password:           <set to the key 'hermod-db-password' in secret 'hermod-db-credentials'>  Optional: false
    Mounts:
      /var/run/secrets/kubernetes.io/serviceaccount from kube-api-access-x92ss (ro)
Conditions:
  Type                        Status
  PodReadyToStartContainers   True 
  Initialized                 True 
  Ready                       True 
  ContainersReady             True 
  PodScheduled                True 
Volumes:
  kube-api-access-x92ss:
    Type:                    Projected (a volume that contains injected data from multiple sources)
    TokenExpirationSeconds:  3607
    ConfigMapName:           kube-root-ca.crt
    Optional:                false
    DownwardAPI:             true
QoS Class:                   Burstable
Node-Selectors:              <none>
Tolerations:                 node.kubernetes.io/not-ready:NoExecute op=Exists for 300s
                             node.kubernetes.io/unreachable:NoExecute op=Exists for 300s
Events:
  Type    Reason     Age    From               Message
  ----    ------     ----   ----               -------
  Normal  Scheduled  4m58s  default-scheduler  Successfully assigned coord-only/hermod-coordinator-6b6ff849ff-ljl7h to <pi-host>
  Normal  Pulled     4m58s  kubelet            spec.initContainers{wait-for-postgres}: Container image "busybox:1.36" already present on machine
  Normal  Created    4m58s  kubelet            spec.initContainers{wait-for-postgres}: Created container: wait-for-postgres
  Normal  Started    4m58s  kubelet            spec.initContainers{wait-for-postgres}: Started container wait-for-postgres
  Normal  Pulled     4m45s  kubelet            spec.initContainers{wait-for-nanomq}: Container image "busybox:1.36" already present on machine
  Normal  Created    4m45s  kubelet            spec.initContainers{wait-for-nanomq}: Created container: wait-for-nanomq
  Normal  Started    4m45s  kubelet            spec.initContainers{wait-for-nanomq}: Started container wait-for-nanomq
  Normal  Pulled     4m44s  kubelet            spec.containers{hermod-coordinator}: Container image "hermod-coordinator:latest" already present on machine
  Normal  Created    4m44s  kubelet            spec.containers{hermod-coordinator}: Created container: hermod-coordinator
  Normal  Started    4m44s  kubelet            spec.containers{hermod-coordinator}: Started container hermod-coordinator


Name:             nanomq-7c49cc5d49-f4gtc
Namespace:        coord-only
Priority:         0
Service Account:  default
Node:             <pi-host>/<pi-ip>
Start Time:       Mon, 27 Apr 2026 04:16:51 +0200
Labels:           app=nanomq
                  pod-template-hash=7c49cc5d49
Annotations:      cni.projectcalico.org/containerID: 2f59c3687386fdbdbd9ad0cc3feb23976b03f94891cc90215bc3bc9ebc71f669
                  cni.projectcalico.org/podIP: <pod-ip>/32
                  cni.projectcalico.org/podIPs: <pod-ip>/32
Status:           Running
IP:               <pod-ip>
IPs:
  IP:           <pod-ip>
Controlled By:  ReplicaSet/nanomq-7c49cc5d49
Containers:
  nanomq:
    Container ID:   containerd://012c0814cfca7915f4e33fb84263528087b9060474093c358336374526ff4d07
    Image:          emqx/nanomq:0.21-slim
    Image ID:       docker.io/emqx/nanomq@sha256:53bea7acb547aced1cc45e08c514628f1e41c4da9ad544fd8c5fa96d3e9eb41b
    Ports:          1883/TCP (mqtt), 8081/TCP (http)
    Host Ports:     0/TCP (mqtt), 0/TCP (http)
    State:          Running
      Started:      Mon, 27 Apr 2026 04:16:52 +0200
    Ready:          True
    Restart Count:  0
    Limits:
      cpu:     1
      memory:  512Mi
    Requests:
      cpu:        50m
      memory:     64Mi
    Liveness:     tcp-socket :1883 delay=10s timeout=1s period=10s #success=1 #failure=3
    Readiness:    tcp-socket :1883 delay=3s timeout=1s period=5s #success=1 #failure=3
    Environment:  <none>
    Mounts:
      /etc/nanomq.conf from config (rw,path="nanomq.conf")
      /var/run/secrets/kubernetes.io/serviceaccount from kube-api-access-m8n2d (ro)
Conditions:
  Type                        Status
  PodReadyToStartContainers   True 
  Initialized                 True 
  Ready                       True 
  ContainersReady             True 
  PodScheduled                True 
Volumes:
  config:
    Type:      ConfigMap (a volume populated by a ConfigMap)
    Name:      nanomq-config
    Optional:  false
  kube-api-access-m8n2d:
    Type:                    Projected (a volume that contains injected data from multiple sources)
    TokenExpirationSeconds:  3607
    ConfigMapName:           kube-root-ca.crt
    Optional:                false
    DownwardAPI:             true
QoS Class:                   Burstable
Node-Selectors:              <none>
Tolerations:                 node.kubernetes.io/not-ready:NoExecute op=Exists for 300s
                             node.kubernetes.io/unreachable:NoExecute op=Exists for 300s
Events:
  Type    Reason     Age    From               Message
  ----    ------     ----   ----               -------
  Normal  Scheduled  4m59s  default-scheduler  Successfully assigned coord-only/nanomq-7c49cc5d49-f4gtc to <pi-host>
  Normal  Pulled     4m59s  kubelet            spec.containers{nanomq}: Container image "emqx/nanomq:0.21-slim" already present on machine
  Normal  Created    4m58s  kubelet            spec.containers{nanomq}: Created container: nanomq
  Normal  Started    4m58s  kubelet            spec.containers{nanomq}: Started container nanomq


Name:             postgres-0
Namespace:        coord-only
Priority:         0
Service Account:  default
Node:             <pi-host>/<pi-ip>
Start Time:       Mon, 27 Apr 2026 04:16:57 +0200
Labels:           app=postgres
                  apps.kubernetes.io/pod-index=0
                  controller-revision-hash=postgres-6497897965
                  statefulset.kubernetes.io/pod-name=postgres-0
Annotations:      cni.projectcalico.org/containerID: 69fb4823b666d3d2a1395c00ab9b26a33337431372918fb41d9f85f42d91a056
                  cni.projectcalico.org/podIP: <pod-ip>/32
                  cni.projectcalico.org/podIPs: <pod-ip>/32
Status:           Running
IP:               <pod-ip>
IPs:
  IP:           <pod-ip>
Controlled By:  StatefulSet/postgres
Containers:
  postgres:
    Container ID:  containerd://adf8585ccc9b705cf0261f22f8e1c254a24670c72b998bb7a052f31e3a5ae5be
    Image:         postgres:17-alpine
    Image ID:      docker.io/library/postgres@sha256:778d0b486d6daa02b77434d0358ec57a1b21fd8b6d22ac2eef56a33e816928f6
    Port:          5432/TCP
    Host Port:     0/TCP
    Args:
      -c
      shared_buffers=256MB
      -c
      max_connections=200
      -c
      work_mem=16MB
    State:          Running
      Started:      Mon, 27 Apr 2026 04:16:58 +0200
    Ready:          True
    Restart Count:  0
    Limits:
      cpu:     1500m
      memory:  1536Mi
    Requests:
      cpu:      100m
      memory:   256Mi
    Liveness:   exec [pg_isready -U postgres] delay=30s timeout=1s period=10s #success=1 #failure=3
    Readiness:  exec [pg_isready -U postgres] delay=5s timeout=1s period=5s #success=1 #failure=3
    Environment:
      POSTGRES_DB:        postgres
      POSTGRES_USER:      postgres
      POSTGRES_PASSWORD:  <set to the key 'postgres-superuser-password' in secret 'hermod-secrets'>  Optional: false
    Mounts:
      /docker-entrypoint-initdb.d from init (rw)
      /var/lib/postgresql/data from data (rw)
      /var/run/secrets/kubernetes.io/serviceaccount from kube-api-access-79j56 (ro)
Conditions:
  Type                        Status
  PodReadyToStartContainers   True 
  Initialized                 True 
  Ready                       True 
  ContainersReady             True 
  PodScheduled                True 
Volumes:
  data:
    Type:       PersistentVolumeClaim (a reference to a PersistentVolumeClaim in the same namespace)
    ClaimName:  data-postgres-0
    ReadOnly:   false
  init:
    Type:      ConfigMap (a volume populated by a ConfigMap)
    Name:      postgres-init
    Optional:  false
  kube-api-access-79j56:
    Type:                    Projected (a volume that contains injected data from multiple sources)
    TokenExpirationSeconds:  3607
    ConfigMapName:           kube-root-ca.crt
    Optional:                false
    DownwardAPI:             true
QoS Class:                   Burstable
Node-Selectors:              <none>
Tolerations:                 node.kubernetes.io/not-ready:NoExecute op=Exists for 300s
                             node.kubernetes.io/unreachable:NoExecute op=Exists for 300s
Events:
  Type    Reason     Age    From               Message
  ----    ------     ----   ----               -------
  Normal  Scheduled  4m53s  default-scheduler  Successfully assigned coord-only/postgres-0 to <pi-host>
  Normal  Pulled     4m53s  kubelet            spec.containers{postgres}: Container image "postgres:17-alpine" already present on machine
  Normal  Created    4m53s  kubelet            spec.containers{postgres}: Created container: postgres
  Normal  Started    4m52s  kubelet            spec.containers{postgres}: Started container postgres

=== ts=1777256521 ===
Name:             hermod-coordinator-6b6ff849ff-ljl7h
Namespace:        coord-only
Priority:         0
Service Account:  default
Node:             <pi-host>/<pi-ip>
Start Time:       Mon, 27 Apr 2026 04:16:51 +0200
Labels:           app=hermod-coordinator
                  pod-template-hash=6b6ff849ff
Annotations:      cni.projectcalico.org/containerID: 65914434474649dba771d4b2431992103331e35491b31fb9900d17155f551459
                  cni.projectcalico.org/podIP: <pod-ip>/32
                  cni.projectcalico.org/podIPs: <pod-ip>/32
Status:           Running
IP:               <pod-ip>
IPs:
  IP:           <pod-ip>
Controlled By:  ReplicaSet/hermod-coordinator-6b6ff849ff
Init Containers:
  wait-for-postgres:
    Container ID:  containerd://e3cc5a720ea638ffe99c5ffa9d2c3585051426f28ba8cff4d7582443a3e4d8e4
    Image:         busybox:1.36
    Image ID:      docker.io/library/busybox@sha256:73aaf090f3d85aa34ee199857f03fa3a95c8ede2ffd4cc2cdb5b94e566b11662
    Port:          <none>
    Host Port:     <none>
    Command:
      sh
      -c
      until nc -z postgres 5432; do sleep 2; done
    State:          Terminated
      Reason:       Completed
      Exit Code:    0
      Started:      Mon, 27 Apr 2026 04:16:52 +0200
      Finished:     Mon, 27 Apr 2026 04:17:04 +0200
    Ready:          True
    Restart Count:  0
    Environment:    <none>
    Mounts:
      /var/run/secrets/kubernetes.io/serviceaccount from kube-api-access-x92ss (ro)
  wait-for-nanomq:
    Container ID:  containerd://c233eb0b1637c82ca28937ef1858f82e05cf885794579e32e57fe9a25dec4e2c
    Image:         busybox:1.36
    Image ID:      docker.io/library/busybox@sha256:73aaf090f3d85aa34ee199857f03fa3a95c8ede2ffd4cc2cdb5b94e566b11662
    Port:          <none>
    Host Port:     <none>
    Command:
      sh
      -c
      until nc -z nanomq 1883; do sleep 2; done
    State:          Terminated
      Reason:       Completed
      Exit Code:    0
      Started:      Mon, 27 Apr 2026 04:17:05 +0200
      Finished:     Mon, 27 Apr 2026 04:17:05 +0200
    Ready:          True
    Restart Count:  0
    Environment:    <none>
    Mounts:
      /var/run/secrets/kubernetes.io/serviceaccount from kube-api-access-x92ss (ro)
Containers:
  hermod-coordinator:
    Container ID:   containerd://5e27ffbb5bab1670da28270de2416671806fd51168401a1b71c30a84e8e9eb65
    Image:          hermod-coordinator:latest
    Image ID:       sha256:ca91ccdfcd269dd5e4e25d5ffe8d863ca5db57e5c4f62f08c8adf90d23c15eaf
    Port:           42069/TCP (http)
    Host Port:      0/TCP (http)
    State:          Running
      Started:      Mon, 27 Apr 2026 04:17:06 +0200
    Ready:          True
    Restart Count:  0
    Limits:
      cpu:     1500m
      memory:  1536Mi
    Requests:
      cpu:      200m
      memory:   256Mi
    Liveness:   http-get http://:42069/healthz delay=60s timeout=1s period=30s #success=1 #failure=3
    Readiness:  http-get http://:42069/healthz/ready delay=5s timeout=1s period=10s #success=1 #failure=3
    Startup:    http-get http://:42069/healthz delay=0s timeout=1s period=5s #success=1 #failure=30
    Environment:
      ASPNETCORE_ENVIRONMENT:               Production
      ASPNETCORE_URLS:                      http://+:42069
      DOTNET_USE_POLLING_FILE_WATCHER:      true
      Hermod__Security__AuthBypass:         true
      Hermod__Security__VaultRequireHttps:  false
      Hermod__Features__MetricsEndpoint:    true
      Hermod__Dev__Endpoints:               true
      Hermod__Mqtt__Host:                   nanomq
      Hermod__Mqtt__Port:                   1883
      Hermod__Mqtt__UseTls:                 false
      Hermod__Mqtt__Tls__UseTls:            false
      Hermod__Mqtt__Username:               <set to the key 'mqtt-username' in secret 'hermod-secrets'>  Optional: false
      Hermod__Mqtt__Password:               <set to the key 'mqtt-password' in secret 'hermod-secrets'>  Optional: false
      Hermod__Database__ConnectionString:   Host=postgres;Port=5432;Database=hermod;Username=hermod_app
      Hermod__Database__Password:           <set to the key 'hermod-db-password' in secret 'hermod-db-credentials'>  Optional: false
    Mounts:
      /var/run/secrets/kubernetes.io/serviceaccount from kube-api-access-x92ss (ro)
Conditions:
  Type                        Status
  PodReadyToStartContainers   True 
  Initialized                 True 
  Ready                       True 
  ContainersReady             True 
  PodScheduled                True 
Volumes:
  kube-api-access-x92ss:
    Type:                    Projected (a volume that contains injected data from multiple sources)
    TokenExpirationSeconds:  3607
    ConfigMapName:           kube-root-ca.crt
    Optional:                false
    DownwardAPI:             true
QoS Class:                   Burstable
Node-Selectors:              <none>
Tolerations:                 node.kubernetes.io/not-ready:NoExecute op=Exists for 300s
                             node.kubernetes.io/unreachable:NoExecute op=Exists for 300s
Events:
  Type    Reason     Age    From               Message
  ----    ------     ----   ----               -------
  Normal  Scheduled  5m10s  default-scheduler  Successfully assigned coord-only/hermod-coordinator-6b6ff849ff-ljl7h to <pi-host>
  Normal  Pulled     5m9s   kubelet            spec.initContainers{wait-for-postgres}: Container image "busybox:1.36" already present on machine
  Normal  Created    5m9s   kubelet            spec.initContainers{wait-for-postgres}: Created container: wait-for-postgres
  Normal  Started    5m9s   kubelet            spec.initContainers{wait-for-postgres}: Started container wait-for-postgres
  Normal  Pulled     4m56s  kubelet            spec.initContainers{wait-for-nanomq}: Container image "busybox:1.36" already present on machine
  Normal  Created    4m56s  kubelet            spec.initContainers{wait-for-nanomq}: Created container: wait-for-nanomq
  Normal  Started    4m56s  kubelet            spec.initContainers{wait-for-nanomq}: Started container wait-for-nanomq
  Normal  Pulled     4m55s  kubelet            spec.containers{hermod-coordinator}: Container image "hermod-coordinator:latest" already present on machine
  Normal  Created    4m55s  kubelet            spec.containers{hermod-coordinator}: Created container: hermod-coordinator
  Normal  Started    4m55s  kubelet            spec.containers{hermod-coordinator}: Started container hermod-coordinator


Name:             nanomq-7c49cc5d49-f4gtc
Namespace:        coord-only
Priority:         0
Service Account:  default
Node:             <pi-host>/<pi-ip>
Start Time:       Mon, 27 Apr 2026 04:16:51 +0200
Labels:           app=nanomq
                  pod-template-hash=7c49cc5d49
Annotations:      cni.projectcalico.org/containerID: 2f59c3687386fdbdbd9ad0cc3feb23976b03f94891cc90215bc3bc9ebc71f669
                  cni.projectcalico.org/podIP: <pod-ip>/32
                  cni.projectcalico.org/podIPs: <pod-ip>/32
Status:           Running
IP:               <pod-ip>
IPs:
  IP:           <pod-ip>
Controlled By:  ReplicaSet/nanomq-7c49cc5d49
Containers:
  nanomq:
    Container ID:   containerd://012c0814cfca7915f4e33fb84263528087b9060474093c358336374526ff4d07
    Image:          emqx/nanomq:0.21-slim
    Image ID:       docker.io/emqx/nanomq@sha256:53bea7acb547aced1cc45e08c514628f1e41c4da9ad544fd8c5fa96d3e9eb41b
    Ports:          1883/TCP (mqtt), 8081/TCP (http)
    Host Ports:     0/TCP (mqtt), 0/TCP (http)
    State:          Running
      Started:      Mon, 27 Apr 2026 04:16:52 +0200
    Ready:          True
    Restart Count:  0
    Limits:
      cpu:     1
      memory:  512Mi
    Requests:
      cpu:        50m
      memory:     64Mi
    Liveness:     tcp-socket :1883 delay=10s timeout=1s period=10s #success=1 #failure=3
    Readiness:    tcp-socket :1883 delay=3s timeout=1s period=5s #success=1 #failure=3
    Environment:  <none>
    Mounts:
      /etc/nanomq.conf from config (rw,path="nanomq.conf")
      /var/run/secrets/kubernetes.io/serviceaccount from kube-api-access-m8n2d (ro)
Conditions:
  Type                        Status
  PodReadyToStartContainers   True 
  Initialized                 True 
  Ready                       True 
  ContainersReady             True 
  PodScheduled                True 
Volumes:
  config:
    Type:      ConfigMap (a volume populated by a ConfigMap)
    Name:      nanomq-config
    Optional:  false
  kube-api-access-m8n2d:
    Type:                    Projected (a volume that contains injected data from multiple sources)
    TokenExpirationSeconds:  3607
    ConfigMapName:           kube-root-ca.crt
    Optional:                false
    DownwardAPI:             true
QoS Class:                   Burstable
Node-Selectors:              <none>
Tolerations:                 node.kubernetes.io/not-ready:NoExecute op=Exists for 300s
                             node.kubernetes.io/unreachable:NoExecute op=Exists for 300s
Events:
  Type    Reason     Age    From               Message
  ----    ------     ----   ----               -------
  Normal  Scheduled  5m10s  default-scheduler  Successfully assigned coord-only/nanomq-7c49cc5d49-f4gtc to <pi-host>
  Normal  Pulled     5m10s  kubelet            spec.containers{nanomq}: Container image "emqx/nanomq:0.21-slim" already present on machine
  Normal  Created    5m9s   kubelet            spec.containers{nanomq}: Created container: nanomq
  Normal  Started    5m9s   kubelet            spec.containers{nanomq}: Started container nanomq


Name:             postgres-0
Namespace:        coord-only
Priority:         0
Service Account:  default
Node:             <pi-host>/<pi-ip>
Start Time:       Mon, 27 Apr 2026 04:16:57 +0200
Labels:           app=postgres
                  apps.kubernetes.io/pod-index=0
                  controller-revision-hash=postgres-6497897965
                  statefulset.kubernetes.io/pod-name=postgres-0
Annotations:      cni.projectcalico.org/containerID: 69fb4823b666d3d2a1395c00ab9b26a33337431372918fb41d9f85f42d91a056
                  cni.projectcalico.org/podIP: <pod-ip>/32
                  cni.projectcalico.org/podIPs: <pod-ip>/32
Status:           Running
IP:               <pod-ip>
IPs:
  IP:           <pod-ip>
Controlled By:  StatefulSet/postgres
Containers:
  postgres:
    Container ID:  containerd://adf8585ccc9b705cf0261f22f8e1c254a24670c72b998bb7a052f31e3a5ae5be
    Image:         postgres:17-alpine
    Image ID:      docker.io/library/postgres@sha256:778d0b486d6daa02b77434d0358ec57a1b21fd8b6d22ac2eef56a33e816928f6
    Port:          5432/TCP
    Host Port:     0/TCP
    Args:
      -c
      shared_buffers=256MB
      -c
      max_connections=200
      -c
      work_mem=16MB
    State:          Running
      Started:      Mon, 27 Apr 2026 04:16:58 +0200
    Ready:          True
    Restart Count:  0
    Limits:
      cpu:     1500m
      memory:  1536Mi
    Requests:
      cpu:      100m
      memory:   256Mi
    Liveness:   exec [pg_isready -U postgres] delay=30s timeout=1s period=10s #success=1 #failure=3
    Readiness:  exec [pg_isready -U postgres] delay=5s timeout=1s period=5s #success=1 #failure=3
    Environment:
      POSTGRES_DB:        postgres
      POSTGRES_USER:      postgres
      POSTGRES_PASSWORD:  <set to the key 'postgres-superuser-password' in secret 'hermod-secrets'>  Optional: false
    Mounts:
      /docker-entrypoint-initdb.d from init (rw)
      /var/lib/postgresql/data from data (rw)
      /var/run/secrets/kubernetes.io/serviceaccount from kube-api-access-79j56 (ro)
Conditions:
  Type                        Status
  PodReadyToStartContainers   True 
  Initialized                 True 
  Ready                       True 
  ContainersReady             True 
  PodScheduled                True 
Volumes:
  data:
    Type:       PersistentVolumeClaim (a reference to a PersistentVolumeClaim in the same namespace)
    ClaimName:  data-postgres-0
    ReadOnly:   false
  init:
    Type:      ConfigMap (a volume populated by a ConfigMap)
    Name:      postgres-init
    Optional:  false
  kube-api-access-79j56:
    Type:                    Projected (a volume that contains injected data from multiple sources)
    TokenExpirationSeconds:  3607
    ConfigMapName:           kube-root-ca.crt
    Optional:                false
    DownwardAPI:             true
QoS Class:                   Burstable
Node-Selectors:              <none>
Tolerations:                 node.kubernetes.io/not-ready:NoExecute op=Exists for 300s
                             node.kubernetes.io/unreachable:NoExecute op=Exists for 300s
Events:
  Type    Reason     Age   From               Message
  ----    ------     ----  ----               -------
  Normal  Scheduled  5m4s  default-scheduler  Successfully assigned coord-only/postgres-0 to <pi-host>
  Normal  Pulled     5m4s  kubelet            spec.containers{postgres}: Container image "postgres:17-alpine" already present on machine
  Normal  Created    5m4s  kubelet            spec.containers{postgres}: Created container: postgres
  Normal  Started    5m3s  kubelet            spec.containers{postgres}: Started container postgres

=== ts=1777256532 ===
Name:             hermod-coordinator-6b6ff849ff-ljl7h
Namespace:        coord-only
Priority:         0
Service Account:  default
Node:             <pi-host>/<pi-ip>
Start Time:       Mon, 27 Apr 2026 04:16:51 +0200
Labels:           app=hermod-coordinator
                  pod-template-hash=6b6ff849ff
Annotations:      cni.projectcalico.org/containerID: 65914434474649dba771d4b2431992103331e35491b31fb9900d17155f551459
                  cni.projectcalico.org/podIP: <pod-ip>/32
                  cni.projectcalico.org/podIPs: <pod-ip>/32
Status:           Running
IP:               <pod-ip>
IPs:
  IP:           <pod-ip>
Controlled By:  ReplicaSet/hermod-coordinator-6b6ff849ff
Init Containers:
  wait-for-postgres:
    Container ID:  containerd://e3cc5a720ea638ffe99c5ffa9d2c3585051426f28ba8cff4d7582443a3e4d8e4
    Image:         busybox:1.36
    Image ID:      docker.io/library/busybox@sha256:73aaf090f3d85aa34ee199857f03fa3a95c8ede2ffd4cc2cdb5b94e566b11662
    Port:          <none>
    Host Port:     <none>
    Command:
      sh
      -c
      until nc -z postgres 5432; do sleep 2; done
    State:          Terminated
      Reason:       Completed
      Exit Code:    0
      Started:      Mon, 27 Apr 2026 04:16:52 +0200
      Finished:     Mon, 27 Apr 2026 04:17:04 +0200
    Ready:          True
    Restart Count:  0
    Environment:    <none>
    Mounts:
      /var/run/secrets/kubernetes.io/serviceaccount from kube-api-access-x92ss (ro)
  wait-for-nanomq:
    Container ID:  containerd://c233eb0b1637c82ca28937ef1858f82e05cf885794579e32e57fe9a25dec4e2c
    Image:         busybox:1.36
    Image ID:      docker.io/library/busybox@sha256:73aaf090f3d85aa34ee199857f03fa3a95c8ede2ffd4cc2cdb5b94e566b11662
    Port:          <none>
    Host Port:     <none>
    Command:
      sh
      -c
      until nc -z nanomq 1883; do sleep 2; done
    State:          Terminated
      Reason:       Completed
      Exit Code:    0
      Started:      Mon, 27 Apr 2026 04:17:05 +0200
      Finished:     Mon, 27 Apr 2026 04:17:05 +0200
    Ready:          True
    Restart Count:  0
    Environment:    <none>
    Mounts:
      /var/run/secrets/kubernetes.io/serviceaccount from kube-api-access-x92ss (ro)
Containers:
  hermod-coordinator:
    Container ID:   containerd://5e27ffbb5bab1670da28270de2416671806fd51168401a1b71c30a84e8e9eb65
    Image:          hermod-coordinator:latest
    Image ID:       sha256:ca91ccdfcd269dd5e4e25d5ffe8d863ca5db57e5c4f62f08c8adf90d23c15eaf
    Port:           42069/TCP (http)
    Host Port:      0/TCP (http)
    State:          Running
      Started:      Mon, 27 Apr 2026 04:17:06 +0200
    Ready:          True
    Restart Count:  0
    Limits:
      cpu:     1500m
      memory:  1536Mi
    Requests:
      cpu:      200m
      memory:   256Mi
    Liveness:   http-get http://:42069/healthz delay=60s timeout=1s period=30s #success=1 #failure=3
    Readiness:  http-get http://:42069/healthz/ready delay=5s timeout=1s period=10s #success=1 #failure=3
    Startup:    http-get http://:42069/healthz delay=0s timeout=1s period=5s #success=1 #failure=30
    Environment:
      ASPNETCORE_ENVIRONMENT:               Production
      ASPNETCORE_URLS:                      http://+:42069
      DOTNET_USE_POLLING_FILE_WATCHER:      true
      Hermod__Security__AuthBypass:         true
      Hermod__Security__VaultRequireHttps:  false
      Hermod__Features__MetricsEndpoint:    true
      Hermod__Dev__Endpoints:               true
      Hermod__Mqtt__Host:                   nanomq
      Hermod__Mqtt__Port:                   1883
      Hermod__Mqtt__UseTls:                 false
      Hermod__Mqtt__Tls__UseTls:            false
      Hermod__Mqtt__Username:               <set to the key 'mqtt-username' in secret 'hermod-secrets'>  Optional: false
      Hermod__Mqtt__Password:               <set to the key 'mqtt-password' in secret 'hermod-secrets'>  Optional: false
      Hermod__Database__ConnectionString:   Host=postgres;Port=5432;Database=hermod;Username=hermod_app
      Hermod__Database__Password:           <set to the key 'hermod-db-password' in secret 'hermod-db-credentials'>  Optional: false
    Mounts:
      /var/run/secrets/kubernetes.io/serviceaccount from kube-api-access-x92ss (ro)
Conditions:
  Type                        Status
  PodReadyToStartContainers   True 
  Initialized                 True 
  Ready                       True 
  ContainersReady             True 
  PodScheduled                True 
Volumes:
  kube-api-access-x92ss:
    Type:                    Projected (a volume that contains injected data from multiple sources)
    TokenExpirationSeconds:  3607
    ConfigMapName:           kube-root-ca.crt
    Optional:                false
    DownwardAPI:             true
QoS Class:                   Burstable
Node-Selectors:              <none>
Tolerations:                 node.kubernetes.io/not-ready:NoExecute op=Exists for 300s
                             node.kubernetes.io/unreachable:NoExecute op=Exists for 300s
Events:
  Type    Reason   Age   From     Message
  ----    ------   ----  ----     -------
  Normal  Pulled   5m8s  kubelet  spec.initContainers{wait-for-nanomq}: Container image "busybox:1.36" already present on machine
  Normal  Created  5m8s  kubelet  spec.initContainers{wait-for-nanomq}: Created container: wait-for-nanomq
  Normal  Started  5m8s  kubelet  spec.initContainers{wait-for-nanomq}: Started container wait-for-nanomq
  Normal  Pulled   5m7s  kubelet  spec.containers{hermod-coordinator}: Container image "hermod-coordinator:latest" already present on machine
  Normal  Created  5m7s  kubelet  spec.containers{hermod-coordinator}: Created container: hermod-coordinator
  Normal  Started  5m7s  kubelet  spec.containers{hermod-coordinator}: Started container hermod-coordinator


Name:             nanomq-7c49cc5d49-f4gtc
Namespace:        coord-only
Priority:         0
Service Account:  default
Node:             <pi-host>/<pi-ip>
Start Time:       Mon, 27 Apr 2026 04:16:51 +0200
Labels:           app=nanomq
                  pod-template-hash=7c49cc5d49
Annotations:      cni.projectcalico.org/containerID: 2f59c3687386fdbdbd9ad0cc3feb23976b03f94891cc90215bc3bc9ebc71f669
                  cni.projectcalico.org/podIP: <pod-ip>/32
                  cni.projectcalico.org/podIPs: <pod-ip>/32
Status:           Running
IP:               <pod-ip>
IPs:
  IP:           <pod-ip>
Controlled By:  ReplicaSet/nanomq-7c49cc5d49
Containers:
  nanomq:
    Container ID:   containerd://012c0814cfca7915f4e33fb84263528087b9060474093c358336374526ff4d07
    Image:          emqx/nanomq:0.21-slim
    Image ID:       docker.io/emqx/nanomq@sha256:53bea7acb547aced1cc45e08c514628f1e41c4da9ad544fd8c5fa96d3e9eb41b
    Ports:          1883/TCP (mqtt), 8081/TCP (http)
    Host Ports:     0/TCP (mqtt), 0/TCP (http)
    State:          Running
      Started:      Mon, 27 Apr 2026 04:16:52 +0200
    Ready:          True
    Restart Count:  0
    Limits:
      cpu:     1
      memory:  512Mi
    Requests:
      cpu:        50m
      memory:     64Mi
    Liveness:     tcp-socket :1883 delay=10s timeout=1s period=10s #success=1 #failure=3
    Readiness:    tcp-socket :1883 delay=3s timeout=1s period=5s #success=1 #failure=3
    Environment:  <none>
    Mounts:
      /etc/nanomq.conf from config (rw,path="nanomq.conf")
      /var/run/secrets/kubernetes.io/serviceaccount from kube-api-access-m8n2d (ro)
Conditions:
  Type                        Status
  PodReadyToStartContainers   True 
  Initialized                 True 
  Ready                       True 
  ContainersReady             True 
  PodScheduled                True 
Volumes:
  config:
    Type:      ConfigMap (a volume populated by a ConfigMap)
    Name:      nanomq-config
    Optional:  false
  kube-api-access-m8n2d:
    Type:                    Projected (a volume that contains injected data from multiple sources)
    TokenExpirationSeconds:  3607
    ConfigMapName:           kube-root-ca.crt
    Optional:                false
    DownwardAPI:             true
QoS Class:                   Burstable
Node-Selectors:              <none>
Tolerations:                 node.kubernetes.io/not-ready:NoExecute op=Exists for 300s
                             node.kubernetes.io/unreachable:NoExecute op=Exists for 300s
Events:                      <none>


Name:             postgres-0
Namespace:        coord-only
Priority:         0
Service Account:  default
Node:             <pi-host>/<pi-ip>
Start Time:       Mon, 27 Apr 2026 04:16:57 +0200
Labels:           app=postgres
                  apps.kubernetes.io/pod-index=0
                  controller-revision-hash=postgres-6497897965
                  statefulset.kubernetes.io/pod-name=postgres-0
Annotations:      cni.projectcalico.org/containerID: 69fb4823b666d3d2a1395c00ab9b26a33337431372918fb41d9f85f42d91a056
                  cni.projectcalico.org/podIP: <pod-ip>/32
                  cni.projectcalico.org/podIPs: <pod-ip>/32
Status:           Running
IP:               <pod-ip>
IPs:
  IP:           <pod-ip>
Controlled By:  StatefulSet/postgres
Containers:
  postgres:
    Container ID:  containerd://adf8585ccc9b705cf0261f22f8e1c254a24670c72b998bb7a052f31e3a5ae5be
    Image:         postgres:17-alpine
    Image ID:      docker.io/library/postgres@sha256:778d0b486d6daa02b77434d0358ec57a1b21fd8b6d22ac2eef56a33e816928f6
    Port:          5432/TCP
    Host Port:     0/TCP
    Args:
      -c
      shared_buffers=256MB
      -c
      max_connections=200
      -c
      work_mem=16MB
    State:          Running
      Started:      Mon, 27 Apr 2026 04:16:58 +0200
    Ready:          True
    Restart Count:  0
    Limits:
      cpu:     1500m
      memory:  1536Mi
    Requests:
      cpu:      100m
      memory:   256Mi
    Liveness:   exec [pg_isready -U postgres] delay=30s timeout=1s period=10s #success=1 #failure=3
    Readiness:  exec [pg_isready -U postgres] delay=5s timeout=1s period=5s #success=1 #failure=3
    Environment:
      POSTGRES_DB:        postgres
      POSTGRES_USER:      postgres
      POSTGRES_PASSWORD:  <set to the key 'postgres-superuser-password' in secret 'hermod-secrets'>  Optional: false
    Mounts:
      /docker-entrypoint-initdb.d from init (rw)
      /var/lib/postgresql/data from data (rw)
      /var/run/secrets/kubernetes.io/serviceaccount from kube-api-access-79j56 (ro)
Conditions:
  Type                        Status
  PodReadyToStartContainers   True 
  Initialized                 True 
  Ready                       True 
  ContainersReady             True 
  PodScheduled                True 
Volumes:
  data:
    Type:       PersistentVolumeClaim (a reference to a PersistentVolumeClaim in the same namespace)
    ClaimName:  data-postgres-0
    ReadOnly:   false
  init:
    Type:      ConfigMap (a volume populated by a ConfigMap)
    Name:      postgres-init
    Optional:  false
  kube-api-access-79j56:
    Type:                    Projected (a volume that contains injected data from multiple sources)
    TokenExpirationSeconds:  3607
    ConfigMapName:           kube-root-ca.crt
    Optional:                false
    DownwardAPI:             true
QoS Class:                   Burstable
Node-Selectors:              <none>
Tolerations:                 node.kubernetes.io/not-ready:NoExecute op=Exists for 300s
                             node.kubernetes.io/unreachable:NoExecute op=Exists for 300s
Events:
  Type    Reason     Age    From               Message
  ----    ------     ----   ----               -------
  Normal  Scheduled  5m15s  default-scheduler  Successfully assigned coord-only/postgres-0 to <pi-host>
  Normal  Pulled     5m16s  kubelet            spec.containers{postgres}: Container image "postgres:17-alpine" already present on machine
  Normal  Created    5m16s  kubelet            spec.containers{postgres}: Created container: postgres
  Normal  Started    5m15s  kubelet            spec.containers{postgres}: Started container postgres

