=== ts=1777269969 ===
Name:             hermod-coordinator-7f54785469-57gts
Namespace:        coord-only
Priority:         0
Service Account:  default
Node:             <pi-host>/<pi-ip>
Start Time:       Mon, 27 Apr 2026 08:05:47 +0200
Labels:           app=hermod-coordinator
                  pod-template-hash=7f54785469
Annotations:      cni.projectcalico.org/containerID: e961a70f73d61ec4251ac88e34fecb68b298bee0ab42b4894c3eac555d0b8b6d
                  cni.projectcalico.org/podIP: <pod-ip>/32
                  cni.projectcalico.org/podIPs: <pod-ip>/32
                  kubectl.kubernetes.io/restartedAt: 2026-04-27T08:05:45+02:00
Status:           Running
IP:               <pod-ip>
IPs:
  IP:           <pod-ip>
Controlled By:  ReplicaSet/hermod-coordinator-7f54785469
Init Containers:
  wait-for-postgres:
    Container ID:  containerd://86504101a3ede8e597f39e35f2dd9e342eb112c8c7c3c309221949f47a06a9b7
    Image:         busybox:1.36
    Image ID:      docker.io/library/busybox@sha256:73aaf090f3d85aa34ee199857f03fa3a95c8ede2ffd4cc2cdb5b94e566b11662
    Port:          <none>
    Host Port:     <none>
    Command:
      sh
      -c
      until nc -z postgres 5432; do sleep 2; done
    State:          Terminated
      Reason:       Completed
      Exit Code:    0
      Started:      Mon, 27 Apr 2026 08:05:48 +0200
      Finished:     Mon, 27 Apr 2026 08:05:48 +0200
    Ready:          True
    Restart Count:  0
    Environment:
      Hermod__Features__DeviceStateTracking:    true
      Hermod__Engine__LogBatchSize:             100
      Hermod__Engine__LogBatching:              true
      Hermod__Engine__Parallelism:              0
      Hermod__Features__MessagePersistence:     true
      Hermod__Features__RuleAuditLog:           true
      Hermod__Features__RuleCache:              true
      Hermod__Features__StatsRollup:            true
      Hermod__Storage__Mode:                    Postgres
      Logging__LogLevel__Hermod:                Information
      Logging__LogLevel__Microsoft.AspNetCore:  Warning
      HERMOD_UUID_TRACE_ENABLED:                true
    Mounts:
      /var/run/secrets/kubernetes.io/serviceaccount from kube-api-access-t9f6j (ro)
  wait-for-nanomq:
    Container ID:  containerd://d28c97b1c0c976a43db2b75983d2c332664fb5b3ac6524504c05f03adcc4e63f
    Image:         busybox:1.36
    Image ID:      docker.io/library/busybox@sha256:73aaf090f3d85aa34ee199857f03fa3a95c8ede2ffd4cc2cdb5b94e566b11662
    Port:          <none>
    Host Port:     <none>
    Command:
      sh
      -c
      until nc -z nanomq 1883; do sleep 2; done
    State:          Terminated
      Reason:       Completed
      Exit Code:    0
      Started:      Mon, 27 Apr 2026 08:05:50 +0200
      Finished:     Mon, 27 Apr 2026 08:05:53 +0200
    Ready:          True
    Restart Count:  0
    Environment:
      Hermod__Features__DeviceStateTracking:    true
      Hermod__Engine__LogBatchSize:             100
      Hermod__Engine__LogBatching:              true
      Hermod__Engine__Parallelism:              0
      Hermod__Features__MessagePersistence:     true
      Hermod__Features__RuleAuditLog:           true
      Hermod__Features__RuleCache:              true
      Hermod__Features__StatsRollup:            true
      Hermod__Storage__Mode:                    Postgres
      Logging__LogLevel__Hermod:                Information
      Logging__LogLevel__Microsoft.AspNetCore:  Warning
      HERMOD_UUID_TRACE_ENABLED:                true
    Mounts:
      /var/run/secrets/kubernetes.io/serviceaccount from kube-api-access-t9f6j (ro)
Containers:
  hermod-coordinator:
    Container ID:   containerd://02ed37077c8ebe690ded6462852f8682a4757ca81884a36ae3c833ded0d86bad
    Image:          hermod-coordinator:latest
    Image ID:       sha256:ca91ccdfcd269dd5e4e25d5ffe8d863ca5db57e5c4f62f08c8adf90d23c15eaf
    Port:           42069/TCP (http)
    Host Port:      0/TCP (http)
    State:          Running
      Started:      Mon, 27 Apr 2026 08:05:54 +0200
    Ready:          True
    Restart Count:  0
    Limits:
      cpu:     1500m
      memory:  1536Mi
    Requests:
      cpu:      200m
      memory:   256Mi
    Liveness:   http-get http://:42069/healthz delay=60s timeout=1s period=30s #success=1 #failure=3
    Readiness:  http-get http://:42069/healthz/ready delay=5s timeout=1s period=10s #success=1 #failure=3
    Startup:    http-get http://:42069/healthz delay=0s timeout=1s period=5s #success=1 #failure=30
    Environment:
      ASPNETCORE_ENVIRONMENT:                   Production
      ASPNETCORE_URLS:                          http://+:42069
      DOTNET_USE_POLLING_FILE_WATCHER:          true
      Hermod__Security__AuthBypass:             true
      Hermod__Security__VaultRequireHttps:      false
      Hermod__Features__MetricsEndpoint:        true
      Hermod__Dev__Endpoints:                   true
      Hermod__Mqtt__Host:                       nanomq
      Hermod__Mqtt__Port:                       1883
      Hermod__Mqtt__UseTls:                     false
      Hermod__Mqtt__Tls__UseTls:                false
      Hermod__Mqtt__Username:                   <set to the key 'mqtt-username' in secret 'hermod-secrets'>  Optional: false
      Hermod__Mqtt__Password:                   <set to the key 'mqtt-password' in secret 'hermod-secrets'>  Optional: false
      Hermod__Database__ConnectionString:       Host=postgres;Port=5432;Database=hermod;Username=hermod_app
      Hermod__Database__Password:               <set to the key 'hermod-db-password' in secret 'hermod-db-credentials'>  Optional: false
      Hermod__Features__DeviceStateTracking:    true
      Hermod__Engine__LogBatchSize:             100
      Hermod__Engine__LogBatching:              true
      Hermod__Engine__Parallelism:              0
      Hermod__Features__MessagePersistence:     true
      Hermod__Features__RuleAuditLog:           true
      Hermod__Features__RuleCache:              true
      Hermod__Features__StatsRollup:            true
      Hermod__Storage__Mode:                    Postgres
      Logging__LogLevel__Hermod:                Information
      Logging__LogLevel__Microsoft.AspNetCore:  Warning
      HERMOD_UUID_TRACE_ENABLED:                true
    Mounts:
      /var/run/secrets/kubernetes.io/serviceaccount from kube-api-access-t9f6j (ro)
Conditions:
  Type                        Status
  PodReadyToStartContainers   True 
  Initialized                 True 
  Ready                       True 
  ContainersReady             True 
  PodScheduled                True 
Volumes:
  kube-api-access-t9f6j:
    Type:                    Projected (a volume that contains injected data from multiple sources)
    TokenExpirationSeconds:  3607
    ConfigMapName:           kube-root-ca.crt
    Optional:                false
    DownwardAPI:             true
QoS Class:                   Burstable
Node-Selectors:              <none>
Tolerations:                 node.kubernetes.io/not-ready:NoExecute op=Exists for 300s
                             node.kubernetes.io/unreachable:NoExecute op=Exists for 300s
Events:
  Type    Reason     Age   From               Message
  ----    ------     ----  ----               -------
  Normal  Scheduled  22s   default-scheduler  Successfully assigned coord-only/hermod-coordinator-7f54785469-57gts to <pi-host>
  Normal  Pulled     22s   kubelet            spec.initContainers{wait-for-postgres}: Container image "busybox:1.36" already present on machine
  Normal  Created    21s   kubelet            spec.initContainers{wait-for-postgres}: Created container: wait-for-postgres
  Normal  Started    21s   kubelet            spec.initContainers{wait-for-postgres}: Started container wait-for-postgres
  Normal  Pulled     20s   kubelet            spec.initContainers{wait-for-nanomq}: Container image "busybox:1.36" already present on machine
  Normal  Created    19s   kubelet            spec.initContainers{wait-for-nanomq}: Created container: wait-for-nanomq
  Normal  Started    19s   kubelet            spec.initContainers{wait-for-nanomq}: Started container wait-for-nanomq
  Normal  Pulled     15s   kubelet            spec.containers{hermod-coordinator}: Container image "hermod-coordinator:latest" already present on machine
  Normal  Created    15s   kubelet            spec.containers{hermod-coordinator}: Created container: hermod-coordinator
  Normal  Started    15s   kubelet            spec.containers{hermod-coordinator}: Started container hermod-coordinator


Name:             nanomq-84d7ff9f78-mjr8j
Namespace:        coord-only
Priority:         0
Service Account:  default
Node:             <pi-host>/<pi-ip>
Start Time:       Mon, 27 Apr 2026 08:05:47 +0200
Labels:           app=nanomq
                  pod-template-hash=84d7ff9f78
Annotations:      cni.projectcalico.org/containerID: 2e458f45695cb930774c7edd1eaefbe32746ff854c07edaed8bff56c563d8383
                  cni.projectcalico.org/podIP: <pod-ip>/32
                  cni.projectcalico.org/podIPs: <pod-ip>/32
                  kubectl.kubernetes.io/restartedAt: 2026-04-27T08:05:45+02:00
Status:           Running
IP:               <pod-ip>
IPs:
  IP:           <pod-ip>
Controlled By:  ReplicaSet/nanomq-84d7ff9f78
Containers:
  nanomq:
    Container ID:   containerd://ba1b52c8cdaff99ad609dee35d7b4b9fd9521b8dc75d41041bb6859365501cf6
    Image:          emqx/nanomq:0.21-slim
    Image ID:       docker.io/emqx/nanomq@sha256:53bea7acb547aced1cc45e08c514628f1e41c4da9ad544fd8c5fa96d3e9eb41b
    Ports:          1883/TCP (mqtt), 8081/TCP (http)
    Host Ports:     0/TCP (mqtt), 0/TCP (http)
    State:          Running
      Started:      Mon, 27 Apr 2026 08:05:49 +0200
    Ready:          True
    Restart Count:  0
    Limits:
      cpu:     1
      memory:  512Mi
    Requests:
      cpu:        50m
      memory:     64Mi
    Liveness:     tcp-socket :1883 delay=10s timeout=1s period=10s #success=1 #failure=3
    Readiness:    tcp-socket :1883 delay=3s timeout=1s period=5s #success=1 #failure=3
    Environment:  <none>
    Mounts:
      /etc/nanomq.conf from config (rw,path="nanomq.conf")
      /var/run/secrets/kubernetes.io/serviceaccount from kube-api-access-hgthz (ro)
Conditions:
  Type                        Status
  PodReadyToStartContainers   True 
  Initialized                 True 
  Ready                       True 
  ContainersReady             True 
  PodScheduled                True 
Volumes:
  config:
    Type:      ConfigMap (a volume populated by a ConfigMap)
    Name:      nanomq-config
    Optional:  false
  kube-api-access-hgthz:
    Type:                    Projected (a volume that contains injected data from multiple sources)
    TokenExpirationSeconds:  3607
    ConfigMapName:           kube-root-ca.crt
    Optional:                false
    DownwardAPI:             true
QoS Class:                   Burstable
Node-Selectors:              <none>
Tolerations:                 node.kubernetes.io/not-ready:NoExecute op=Exists for 300s
                             node.kubernetes.io/unreachable:NoExecute op=Exists for 300s
Events:
  Type    Reason     Age   From               Message
  ----    ------     ----  ----               -------
  Normal  Scheduled  22s   default-scheduler  Successfully assigned coord-only/nanomq-84d7ff9f78-mjr8j to <pi-host>
  Normal  Pulled     21s   kubelet            spec.containers{nanomq}: Container image "emqx/nanomq:0.21-slim" already present on machine
  Normal  Created    21s   kubelet            spec.containers{nanomq}: Created container: nanomq
  Normal  Started    20s   kubelet            spec.containers{nanomq}: Started container nanomq


Name:             postgres-0
Namespace:        coord-only
Priority:         0
Service Account:  default
Node:             <pi-host>/<pi-ip>
Start Time:       Mon, 27 Apr 2026 04:16:57 +0200
Labels:           app=postgres
                  apps.kubernetes.io/pod-index=0
                  controller-revision-hash=postgres-6497897965
                  statefulset.kubernetes.io/pod-name=postgres-0
Annotations:      cni.projectcalico.org/containerID: 69fb4823b666d3d2a1395c00ab9b26a33337431372918fb41d9f85f42d91a056
                  cni.projectcalico.org/podIP: <pod-ip>/32
                  cni.projectcalico.org/podIPs: <pod-ip>/32
Status:           Running
IP:               <pod-ip>
IPs:
  IP:           <pod-ip>
Controlled By:  StatefulSet/postgres
Containers:
  postgres:
    Container ID:  containerd://adf8585ccc9b705cf0261f22f8e1c254a24670c72b998bb7a052f31e3a5ae5be
    Image:         postgres:17-alpine
    Image ID:      docker.io/library/postgres@sha256:778d0b486d6daa02b77434d0358ec57a1b21fd8b6d22ac2eef56a33e816928f6
    Port:          5432/TCP
    Host Port:     0/TCP
    Args:
      -c
      shared_buffers=256MB
      -c
      max_connections=200
      -c
      work_mem=16MB
    State:          Running
      Started:      Mon, 27 Apr 2026 04:16:58 +0200
    Ready:          True
    Restart Count:  0
    Limits:
      cpu:     1500m
      memory:  1536Mi
    Requests:
      cpu:      100m
      memory:   256Mi
    Liveness:   exec [pg_isready -U postgres] delay=30s timeout=1s period=10s #success=1 #failure=3
    Readiness:  exec [pg_isready -U postgres] delay=5s timeout=1s period=5s #success=1 #failure=3
    Environment:
      POSTGRES_DB:        postgres
      POSTGRES_USER:      postgres
      POSTGRES_PASSWORD:  <set to the key 'postgres-superuser-password' in secret 'hermod-secrets'>  Optional: false
    Mounts:
      /docker-entrypoint-initdb.d from init (rw)
      /var/lib/postgresql/data from data (rw)
      /var/run/secrets/kubernetes.io/serviceaccount from kube-api-access-79j56 (ro)
Conditions:
  Type                        Status
  PodReadyToStartContainers   True 
  Initialized                 True 
  Ready                       True 
  ContainersReady             True 
  PodScheduled                True 
Volumes:
  data:
    Type:       PersistentVolumeClaim (a reference to a PersistentVolumeClaim in the same namespace)
    ClaimName:  data-postgres-0
    ReadOnly:   false
  init:
    Type:      ConfigMap (a volume populated by a ConfigMap)
    Name:      postgres-init
    Optional:  false
  kube-api-access-79j56:
    Type:                    Projected (a volume that contains injected data from multiple sources)
    TokenExpirationSeconds:  3607
    ConfigMapName:           kube-root-ca.crt
    Optional:                false
    DownwardAPI:             true
QoS Class:                   Burstable
Node-Selectors:              <none>
Tolerations:                 node.kubernetes.io/not-ready:NoExecute op=Exists for 300s
                             node.kubernetes.io/unreachable:NoExecute op=Exists for 300s
Events:                      <none>

=== ts=1777269980 ===
Name:             hermod-coordinator-7f54785469-57gts
Namespace:        coord-only
Priority:         0
Service Account:  default
Node:             <pi-host>/<pi-ip>
Start Time:       Mon, 27 Apr 2026 08:05:47 +0200
Labels:           app=hermod-coordinator
                  pod-template-hash=7f54785469
Annotations:      cni.projectcalico.org/containerID: e961a70f73d61ec4251ac88e34fecb68b298bee0ab42b4894c3eac555d0b8b6d
                  cni.projectcalico.org/podIP: <pod-ip>/32
                  cni.projectcalico.org/podIPs: <pod-ip>/32
                  kubectl.kubernetes.io/restartedAt: 2026-04-27T08:05:45+02:00
Status:           Running
IP:               <pod-ip>
IPs:
  IP:           <pod-ip>
Controlled By:  ReplicaSet/hermod-coordinator-7f54785469
Init Containers:
  wait-for-postgres:
    Container ID:  containerd://86504101a3ede8e597f39e35f2dd9e342eb112c8c7c3c309221949f47a06a9b7
    Image:         busybox:1.36
    Image ID:      docker.io/library/busybox@sha256:73aaf090f3d85aa34ee199857f03fa3a95c8ede2ffd4cc2cdb5b94e566b11662
    Port:          <none>
    Host Port:     <none>
    Command:
      sh
      -c
      until nc -z postgres 5432; do sleep 2; done
    State:          Terminated
      Reason:       Completed
      Exit Code:    0
      Started:      Mon, 27 Apr 2026 08:05:48 +0200
      Finished:     Mon, 27 Apr 2026 08:05:48 +0200
    Ready:          True
    Restart Count:  0
    Environment:
      Hermod__Features__DeviceStateTracking:    true
      Hermod__Engine__LogBatchSize:             100
      Hermod__Engine__LogBatching:              true
      Hermod__Engine__Parallelism:              0
      Hermod__Features__MessagePersistence:     true
      Hermod__Features__RuleAuditLog:           true
      Hermod__Features__RuleCache:              true
      Hermod__Features__StatsRollup:            true
      Hermod__Storage__Mode:                    Postgres
      Logging__LogLevel__Hermod:                Information
      Logging__LogLevel__Microsoft.AspNetCore:  Warning
      HERMOD_UUID_TRACE_ENABLED:                true
    Mounts:
      /var/run/secrets/kubernetes.io/serviceaccount from kube-api-access-t9f6j (ro)
  wait-for-nanomq:
    Container ID:  containerd://d28c97b1c0c976a43db2b75983d2c332664fb5b3ac6524504c05f03adcc4e63f
    Image:         busybox:1.36
    Image ID:      docker.io/library/busybox@sha256:73aaf090f3d85aa34ee199857f03fa3a95c8ede2ffd4cc2cdb5b94e566b11662
    Port:          <none>
    Host Port:     <none>
    Command:
      sh
      -c
      until nc -z nanomq 1883; do sleep 2; done
    State:          Terminated
      Reason:       Completed
      Exit Code:    0
      Started:      Mon, 27 Apr 2026 08:05:50 +0200
      Finished:     Mon, 27 Apr 2026 08:05:53 +0200
    Ready:          True
    Restart Count:  0
    Environment:
      Hermod__Features__DeviceStateTracking:    true
      Hermod__Engine__LogBatchSize:             100
      Hermod__Engine__LogBatching:              true
      Hermod__Engine__Parallelism:              0
      Hermod__Features__MessagePersistence:     true
      Hermod__Features__RuleAuditLog:           true
      Hermod__Features__RuleCache:              true
      Hermod__Features__StatsRollup:            true
      Hermod__Storage__Mode:                    Postgres
      Logging__LogLevel__Hermod:                Information
      Logging__LogLevel__Microsoft.AspNetCore:  Warning
      HERMOD_UUID_TRACE_ENABLED:                true
    Mounts:
      /var/run/secrets/kubernetes.io/serviceaccount from kube-api-access-t9f6j (ro)
Containers:
  hermod-coordinator:
    Container ID:   containerd://02ed37077c8ebe690ded6462852f8682a4757ca81884a36ae3c833ded0d86bad
    Image:          hermod-coordinator:latest
    Image ID:       sha256:ca91ccdfcd269dd5e4e25d5ffe8d863ca5db57e5c4f62f08c8adf90d23c15eaf
    Port:           42069/TCP (http)
    Host Port:      0/TCP (http)
    State:          Running
      Started:      Mon, 27 Apr 2026 08:05:54 +0200
    Ready:          True
    Restart Count:  0
    Limits:
      cpu:     1500m
      memory:  1536Mi
    Requests:
      cpu:      200m
      memory:   256Mi
    Liveness:   http-get http://:42069/healthz delay=60s timeout=1s period=30s #success=1 #failure=3
    Readiness:  http-get http://:42069/healthz/ready delay=5s timeout=1s period=10s #success=1 #failure=3
    Startup:    http-get http://:42069/healthz delay=0s timeout=1s period=5s #success=1 #failure=30
    Environment:
      ASPNETCORE_ENVIRONMENT:                   Production
      ASPNETCORE_URLS:                          http://+:42069
      DOTNET_USE_POLLING_FILE_WATCHER:          true
      Hermod__Security__AuthBypass:             true
      Hermod__Security__VaultRequireHttps:      false
      Hermod__Features__MetricsEndpoint:        true
      Hermod__Dev__Endpoints:                   true
      Hermod__Mqtt__Host:                       nanomq
      Hermod__Mqtt__Port:                       1883
      Hermod__Mqtt__UseTls:                     false
      Hermod__Mqtt__Tls__UseTls:                false
      Hermod__Mqtt__Username:                   <set to the key 'mqtt-username' in secret 'hermod-secrets'>  Optional: false
      Hermod__Mqtt__Password:                   <set to the key 'mqtt-password' in secret 'hermod-secrets'>  Optional: false
      Hermod__Database__ConnectionString:       Host=postgres;Port=5432;Database=hermod;Username=hermod_app
      Hermod__Database__Password:               <set to the key 'hermod-db-password' in secret 'hermod-db-credentials'>  Optional: false
      Hermod__Features__DeviceStateTracking:    true
      Hermod__Engine__LogBatchSize:             100
      Hermod__Engine__LogBatching:              true
      Hermod__Engine__Parallelism:              0
      Hermod__Features__MessagePersistence:     true
      Hermod__Features__RuleAuditLog:           true
      Hermod__Features__RuleCache:              true
      Hermod__Features__StatsRollup:            true
      Hermod__Storage__Mode:                    Postgres
      Logging__LogLevel__Hermod:                Information
      Logging__LogLevel__Microsoft.AspNetCore:  Warning
      HERMOD_UUID_TRACE_ENABLED:                true
    Mounts:
      /var/run/secrets/kubernetes.io/serviceaccount from kube-api-access-t9f6j (ro)
Conditions:
  Type                        Status
  PodReadyToStartContainers   True 
  Initialized                 True 
  Ready                       True 
  ContainersReady             True 
  PodScheduled                True 
Volumes:
  kube-api-access-t9f6j:
    Type:                    Projected (a volume that contains injected data from multiple sources)
    TokenExpirationSeconds:  3607
    ConfigMapName:           kube-root-ca.crt
    Optional:                false
    DownwardAPI:             true
QoS Class:                   Burstable
Node-Selectors:              <none>
Tolerations:                 node.kubernetes.io/not-ready:NoExecute op=Exists for 300s
                             node.kubernetes.io/unreachable:NoExecute op=Exists for 300s
Events:
  Type    Reason     Age   From               Message
  ----    ------     ----  ----               -------
  Normal  Scheduled  33s   default-scheduler  Successfully assigned coord-only/hermod-coordinator-7f54785469-57gts to <pi-host>
  Normal  Pulled     33s   kubelet            spec.initContainers{wait-for-postgres}: Container image "busybox:1.36" already present on machine
  Normal  Created    32s   kubelet            spec.initContainers{wait-for-postgres}: Created container: wait-for-postgres
  Normal  Started    32s   kubelet            spec.initContainers{wait-for-postgres}: Started container wait-for-postgres
  Normal  Pulled     31s   kubelet            spec.initContainers{wait-for-nanomq}: Container image "busybox:1.36" already present on machine
  Normal  Created    30s   kubelet            spec.initContainers{wait-for-nanomq}: Created container: wait-for-nanomq
  Normal  Started    30s   kubelet            spec.initContainers{wait-for-nanomq}: Started container wait-for-nanomq
  Normal  Pulled     26s   kubelet            spec.containers{hermod-coordinator}: Container image "hermod-coordinator:latest" already present on machine
  Normal  Created    26s   kubelet            spec.containers{hermod-coordinator}: Created container: hermod-coordinator
  Normal  Started    26s   kubelet            spec.containers{hermod-coordinator}: Started container hermod-coordinator


Name:             nanomq-84d7ff9f78-mjr8j
Namespace:        coord-only
Priority:         0
Service Account:  default
Node:             <pi-host>/<pi-ip>
Start Time:       Mon, 27 Apr 2026 08:05:47 +0200
Labels:           app=nanomq
                  pod-template-hash=84d7ff9f78
Annotations:      cni.projectcalico.org/containerID: 2e458f45695cb930774c7edd1eaefbe32746ff854c07edaed8bff56c563d8383
                  cni.projectcalico.org/podIP: <pod-ip>/32
                  cni.projectcalico.org/podIPs: <pod-ip>/32
                  kubectl.kubernetes.io/restartedAt: 2026-04-27T08:05:45+02:00
Status:           Running
IP:               <pod-ip>
IPs:
  IP:           <pod-ip>
Controlled By:  ReplicaSet/nanomq-84d7ff9f78
Containers:
  nanomq:
    Container ID:   containerd://ba1b52c8cdaff99ad609dee35d7b4b9fd9521b8dc75d41041bb6859365501cf6
    Image:          emqx/nanomq:0.21-slim
    Image ID:       docker.io/emqx/nanomq@sha256:53bea7acb547aced1cc45e08c514628f1e41c4da9ad544fd8c5fa96d3e9eb41b
    Ports:          1883/TCP (mqtt), 8081/TCP (http)
    Host Ports:     0/TCP (mqtt), 0/TCP (http)
    State:          Running
      Started:      Mon, 27 Apr 2026 08:05:49 +0200
    Ready:          True
    Restart Count:  0
    Limits:
      cpu:     1
      memory:  512Mi
    Requests:
      cpu:        50m
      memory:     64Mi
    Liveness:     tcp-socket :1883 delay=10s timeout=1s period=10s #success=1 #failure=3
    Readiness:    tcp-socket :1883 delay=3s timeout=1s period=5s #success=1 #failure=3
    Environment:  <none>
    Mounts:
      /etc/nanomq.conf from config (rw,path="nanomq.conf")
      /var/run/secrets/kubernetes.io/serviceaccount from kube-api-access-hgthz (ro)
Conditions:
  Type                        Status
  PodReadyToStartContainers   True 
  Initialized                 True 
  Ready                       True 
  ContainersReady             True 
  PodScheduled                True 
Volumes:
  config:
    Type:      ConfigMap (a volume populated by a ConfigMap)
    Name:      nanomq-config
    Optional:  false
  kube-api-access-hgthz:
    Type:                    Projected (a volume that contains injected data from multiple sources)
    TokenExpirationSeconds:  3607
    ConfigMapName:           kube-root-ca.crt
    Optional:                false
    DownwardAPI:             true
QoS Class:                   Burstable
Node-Selectors:              <none>
Tolerations:                 node.kubernetes.io/not-ready:NoExecute op=Exists for 300s
                             node.kubernetes.io/unreachable:NoExecute op=Exists for 300s
Events:
  Type    Reason     Age   From               Message
  ----    ------     ----  ----               -------
  Normal  Scheduled  33s   default-scheduler  Successfully assigned coord-only/nanomq-84d7ff9f78-mjr8j to <pi-host>
  Normal  Pulled     32s   kubelet            spec.containers{nanomq}: Container image "emqx/nanomq:0.21-slim" already present on machine
  Normal  Created    32s   kubelet            spec.containers{nanomq}: Created container: nanomq
  Normal  Started    31s   kubelet            spec.containers{nanomq}: Started container nanomq


Name:             postgres-0
Namespace:        coord-only
Priority:         0
Service Account:  default
Node:             <pi-host>/<pi-ip>
Start Time:       Mon, 27 Apr 2026 04:16:57 +0200
Labels:           app=postgres
                  apps.kubernetes.io/pod-index=0
                  controller-revision-hash=postgres-6497897965
                  statefulset.kubernetes.io/pod-name=postgres-0
Annotations:      cni.projectcalico.org/containerID: 69fb4823b666d3d2a1395c00ab9b26a33337431372918fb41d9f85f42d91a056
                  cni.projectcalico.org/podIP: <pod-ip>/32
                  cni.projectcalico.org/podIPs: <pod-ip>/32
Status:           Running
IP:               <pod-ip>
IPs:
  IP:           <pod-ip>
Controlled By:  StatefulSet/postgres
Containers:
  postgres:
    Container ID:  containerd://adf8585ccc9b705cf0261f22f8e1c254a24670c72b998bb7a052f31e3a5ae5be
    Image:         postgres:17-alpine
    Image ID:      docker.io/library/postgres@sha256:778d0b486d6daa02b77434d0358ec57a1b21fd8b6d22ac2eef56a33e816928f6
    Port:          5432/TCP
    Host Port:     0/TCP
    Args:
      -c
      shared_buffers=256MB
      -c
      max_connections=200
      -c
      work_mem=16MB
    State:          Running
      Started:      Mon, 27 Apr 2026 04:16:58 +0200
    Ready:          True
    Restart Count:  0
    Limits:
      cpu:     1500m
      memory:  1536Mi
    Requests:
      cpu:      100m
      memory:   256Mi
    Liveness:   exec [pg_isready -U postgres] delay=30s timeout=1s period=10s #success=1 #failure=3
    Readiness:  exec [pg_isready -U postgres] delay=5s timeout=1s period=5s #success=1 #failure=3
    Environment:
      POSTGRES_DB:        postgres
      POSTGRES_USER:      postgres
      POSTGRES_PASSWORD:  <set to the key 'postgres-superuser-password' in secret 'hermod-secrets'>  Optional: false
    Mounts:
      /docker-entrypoint-initdb.d from init (rw)
      /var/lib/postgresql/data from data (rw)
      /var/run/secrets/kubernetes.io/serviceaccount from kube-api-access-79j56 (ro)
Conditions:
  Type                        Status
  PodReadyToStartContainers   True 
  Initialized                 True 
  Ready                       True 
  ContainersReady             True 
  PodScheduled                True 
Volumes:
  data:
    Type:       PersistentVolumeClaim (a reference to a PersistentVolumeClaim in the same namespace)
    ClaimName:  data-postgres-0
    ReadOnly:   false
  init:
    Type:      ConfigMap (a volume populated by a ConfigMap)
    Name:      postgres-init
    Optional:  false
  kube-api-access-79j56:
    Type:                    Projected (a volume that contains injected data from multiple sources)
    TokenExpirationSeconds:  3607
    ConfigMapName:           kube-root-ca.crt
    Optional:                false
    DownwardAPI:             true
QoS Class:                   Burstable
Node-Selectors:              <none>
Tolerations:                 node.kubernetes.io/not-ready:NoExecute op=Exists for 300s
                             node.kubernetes.io/unreachable:NoExecute op=Exists for 300s
Events:                      <none>

=== ts=1777269991 ===
Name:             hermod-coordinator-7f54785469-57gts
Namespace:        coord-only
Priority:         0
Service Account:  default
Node:             <pi-host>/<pi-ip>
Start Time:       Mon, 27 Apr 2026 08:05:47 +0200
Labels:           app=hermod-coordinator
                  pod-template-hash=7f54785469
Annotations:      cni.projectcalico.org/containerID: e961a70f73d61ec4251ac88e34fecb68b298bee0ab42b4894c3eac555d0b8b6d
                  cni.projectcalico.org/podIP: <pod-ip>/32
                  cni.projectcalico.org/podIPs: <pod-ip>/32
                  kubectl.kubernetes.io/restartedAt: 2026-04-27T08:05:45+02:00
Status:           Running
IP:               <pod-ip>
IPs:
  IP:           <pod-ip>
Controlled By:  ReplicaSet/hermod-coordinator-7f54785469
Init Containers:
  wait-for-postgres:
    Container ID:  containerd://86504101a3ede8e597f39e35f2dd9e342eb112c8c7c3c309221949f47a06a9b7
    Image:         busybox:1.36
    Image ID:      docker.io/library/busybox@sha256:73aaf090f3d85aa34ee199857f03fa3a95c8ede2ffd4cc2cdb5b94e566b11662
    Port:          <none>
    Host Port:     <none>
    Command:
      sh
      -c
      until nc -z postgres 5432; do sleep 2; done
    State:          Terminated
      Reason:       Completed
      Exit Code:    0
      Started:      Mon, 27 Apr 2026 08:05:48 +0200
      Finished:     Mon, 27 Apr 2026 08:05:48 +0200
    Ready:          True
    Restart Count:  0
    Environment:
      Hermod__Features__DeviceStateTracking:    true
      Hermod__Engine__LogBatchSize:             100
      Hermod__Engine__LogBatching:              true
      Hermod__Engine__Parallelism:              0
      Hermod__Features__MessagePersistence:     true
      Hermod__Features__RuleAuditLog:           true
      Hermod__Features__RuleCache:              true
      Hermod__Features__StatsRollup:            true
      Hermod__Storage__Mode:                    Postgres
      Logging__LogLevel__Hermod:                Information
      Logging__LogLevel__Microsoft.AspNetCore:  Warning
      HERMOD_UUID_TRACE_ENABLED:                true
    Mounts:
      /var/run/secrets/kubernetes.io/serviceaccount from kube-api-access-t9f6j (ro)
  wait-for-nanomq:
    Container ID:  containerd://d28c97b1c0c976a43db2b75983d2c332664fb5b3ac6524504c05f03adcc4e63f
    Image:         busybox:1.36
    Image ID:      docker.io/library/busybox@sha256:73aaf090f3d85aa34ee199857f03fa3a95c8ede2ffd4cc2cdb5b94e566b11662
    Port:          <none>
    Host Port:     <none>
    Command:
      sh
      -c
      until nc -z nanomq 1883; do sleep 2; done
    State:          Terminated
      Reason:       Completed
      Exit Code:    0
      Started:      Mon, 27 Apr 2026 08:05:50 +0200
      Finished:     Mon, 27 Apr 2026 08:05:53 +0200
    Ready:          True
    Restart Count:  0
    Environment:
      Hermod__Features__DeviceStateTracking:    true
      Hermod__Engine__LogBatchSize:             100
      Hermod__Engine__LogBatching:              true
      Hermod__Engine__Parallelism:              0
      Hermod__Features__MessagePersistence:     true
      Hermod__Features__RuleAuditLog:           true
      Hermod__Features__RuleCache:              true
      Hermod__Features__StatsRollup:            true
      Hermod__Storage__Mode:                    Postgres
      Logging__LogLevel__Hermod:                Information
      Logging__LogLevel__Microsoft.AspNetCore:  Warning
      HERMOD_UUID_TRACE_ENABLED:                true
    Mounts:
      /var/run/secrets/kubernetes.io/serviceaccount from kube-api-access-t9f6j (ro)
Containers:
  hermod-coordinator:
    Container ID:   containerd://02ed37077c8ebe690ded6462852f8682a4757ca81884a36ae3c833ded0d86bad
    Image:          hermod-coordinator:latest
    Image ID:       sha256:ca91ccdfcd269dd5e4e25d5ffe8d863ca5db57e5c4f62f08c8adf90d23c15eaf
    Port:           42069/TCP (http)
    Host Port:      0/TCP (http)
    State:          Running
      Started:      Mon, 27 Apr 2026 08:05:54 +0200
    Ready:          True
    Restart Count:  0
    Limits:
      cpu:     1500m
      memory:  1536Mi
    Requests:
      cpu:      200m
      memory:   256Mi
    Liveness:   http-get http://:42069/healthz delay=60s timeout=1s period=30s #success=1 #failure=3
    Readiness:  http-get http://:42069/healthz/ready delay=5s timeout=1s period=10s #success=1 #failure=3
    Startup:    http-get http://:42069/healthz delay=0s timeout=1s period=5s #success=1 #failure=30
    Environment:
      ASPNETCORE_ENVIRONMENT:                   Production
      ASPNETCORE_URLS:                          http://+:42069
      DOTNET_USE_POLLING_FILE_WATCHER:          true
      Hermod__Security__AuthBypass:             true
      Hermod__Security__VaultRequireHttps:      false
      Hermod__Features__MetricsEndpoint:        true
      Hermod__Dev__Endpoints:                   true
      Hermod__Mqtt__Host:                       nanomq
      Hermod__Mqtt__Port:                       1883
      Hermod__Mqtt__UseTls:                     false
      Hermod__Mqtt__Tls__UseTls:                false
      Hermod__Mqtt__Username:                   <set to the key 'mqtt-username' in secret 'hermod-secrets'>  Optional: false
      Hermod__Mqtt__Password:                   <set to the key 'mqtt-password' in secret 'hermod-secrets'>  Optional: false
      Hermod__Database__ConnectionString:       Host=postgres;Port=5432;Database=hermod;Username=hermod_app
      Hermod__Database__Password:               <set to the key 'hermod-db-password' in secret 'hermod-db-credentials'>  Optional: false
      Hermod__Features__DeviceStateTracking:    true
      Hermod__Engine__LogBatchSize:             100
      Hermod__Engine__LogBatching:              true
      Hermod__Engine__Parallelism:              0
      Hermod__Features__MessagePersistence:     true
      Hermod__Features__RuleAuditLog:           true
      Hermod__Features__RuleCache:              true
      Hermod__Features__StatsRollup:            true
      Hermod__Storage__Mode:                    Postgres
      Logging__LogLevel__Hermod:                Information
      Logging__LogLevel__Microsoft.AspNetCore:  Warning
      HERMOD_UUID_TRACE_ENABLED:                true
    Mounts:
      /var/run/secrets/kubernetes.io/serviceaccount from kube-api-access-t9f6j (ro)
Conditions:
  Type                        Status
  PodReadyToStartContainers   True 
  Initialized                 True 
  Ready                       True 
  ContainersReady             True 
  PodScheduled                True 
Volumes:
  kube-api-access-t9f6j:
    Type:                    Projected (a volume that contains injected data from multiple sources)
    TokenExpirationSeconds:  3607
    ConfigMapName:           kube-root-ca.crt
    Optional:                false
    DownwardAPI:             true
QoS Class:                   Burstable
Node-Selectors:              <none>
Tolerations:                 node.kubernetes.io/not-ready:NoExecute op=Exists for 300s
                             node.kubernetes.io/unreachable:NoExecute op=Exists for 300s
Events:
  Type    Reason     Age   From               Message
  ----    ------     ----  ----               -------
  Normal  Scheduled  44s   default-scheduler  Successfully assigned coord-only/hermod-coordinator-7f54785469-57gts to <pi-host>
  Normal  Pulled     44s   kubelet            spec.initContainers{wait-for-postgres}: Container image "busybox:1.36" already present on machine
  Normal  Created    43s   kubelet            spec.initContainers{wait-for-postgres}: Created container: wait-for-postgres
  Normal  Started    43s   kubelet            spec.initContainers{wait-for-postgres}: Started container wait-for-postgres
  Normal  Pulled     42s   kubelet            spec.initContainers{wait-for-nanomq}: Container image "busybox:1.36" already present on machine
  Normal  Created    41s   kubelet            spec.initContainers{wait-for-nanomq}: Created container: wait-for-nanomq
  Normal  Started    41s   kubelet            spec.initContainers{wait-for-nanomq}: Started container wait-for-nanomq
  Normal  Pulled     37s   kubelet            spec.containers{hermod-coordinator}: Container image "hermod-coordinator:latest" already present on machine
  Normal  Created    37s   kubelet            spec.containers{hermod-coordinator}: Created container: hermod-coordinator
  Normal  Started    37s   kubelet            spec.containers{hermod-coordinator}: Started container hermod-coordinator


Name:             nanomq-84d7ff9f78-mjr8j
Namespace:        coord-only
Priority:         0
Service Account:  default
Node:             <pi-host>/<pi-ip>
Start Time:       Mon, 27 Apr 2026 08:05:47 +0200
Labels:           app=nanomq
                  pod-template-hash=84d7ff9f78
Annotations:      cni.projectcalico.org/containerID: 2e458f45695cb930774c7edd1eaefbe32746ff854c07edaed8bff56c563d8383
                  cni.projectcalico.org/podIP: <pod-ip>/32
                  cni.projectcalico.org/podIPs: <pod-ip>/32
                  kubectl.kubernetes.io/restartedAt: 2026-04-27T08:05:45+02:00
Status:           Running
IP:               <pod-ip>
IPs:
  IP:           <pod-ip>
Controlled By:  ReplicaSet/nanomq-84d7ff9f78
Containers:
  nanomq:
    Container ID:   containerd://ba1b52c8cdaff99ad609dee35d7b4b9fd9521b8dc75d41041bb6859365501cf6
    Image:          emqx/nanomq:0.21-slim
    Image ID:       docker.io/emqx/nanomq@sha256:53bea7acb547aced1cc45e08c514628f1e41c4da9ad544fd8c5fa96d3e9eb41b
    Ports:          1883/TCP (mqtt), 8081/TCP (http)
    Host Ports:     0/TCP (mqtt), 0/TCP (http)
    State:          Running
      Started:      Mon, 27 Apr 2026 08:05:49 +0200
    Ready:          True
    Restart Count:  0
    Limits:
      cpu:     1
      memory:  512Mi
    Requests:
      cpu:        50m
      memory:     64Mi
    Liveness:     tcp-socket :1883 delay=10s timeout=1s period=10s #success=1 #failure=3
    Readiness:    tcp-socket :1883 delay=3s timeout=1s period=5s #success=1 #failure=3
    Environment:  <none>
    Mounts:
      /etc/nanomq.conf from config (rw,path="nanomq.conf")
      /var/run/secrets/kubernetes.io/serviceaccount from kube-api-access-hgthz (ro)
Conditions:
  Type                        Status
  PodReadyToStartContainers   True 
  Initialized                 True 
  Ready                       True 
  ContainersReady             True 
  PodScheduled                True 
Volumes:
  config:
    Type:      ConfigMap (a volume populated by a ConfigMap)
    Name:      nanomq-config
    Optional:  false
  kube-api-access-hgthz:
    Type:                    Projected (a volume that contains injected data from multiple sources)
    TokenExpirationSeconds:  3607
    ConfigMapName:           kube-root-ca.crt
    Optional:                false
    DownwardAPI:             true
QoS Class:                   Burstable
Node-Selectors:              <none>
Tolerations:                 node.kubernetes.io/not-ready:NoExecute op=Exists for 300s
                             node.kubernetes.io/unreachable:NoExecute op=Exists for 300s
Events:
  Type    Reason     Age   From               Message
  ----    ------     ----  ----               -------
  Normal  Scheduled  44s   default-scheduler  Successfully assigned coord-only/nanomq-84d7ff9f78-mjr8j to <pi-host>
  Normal  Pulled     43s   kubelet            spec.containers{nanomq}: Container image "emqx/nanomq:0.21-slim" already present on machine
  Normal  Created    43s   kubelet            spec.containers{nanomq}: Created container: nanomq
  Normal  Started    42s   kubelet            spec.containers{nanomq}: Started container nanomq


Name:             postgres-0
Namespace:        coord-only
Priority:         0
Service Account:  default
Node:             <pi-host>/<pi-ip>
Start Time:       Mon, 27 Apr 2026 04:16:57 +0200
Labels:           app=postgres
                  apps.kubernetes.io/pod-index=0
                  controller-revision-hash=postgres-6497897965
                  statefulset.kubernetes.io/pod-name=postgres-0
Annotations:      cni.projectcalico.org/containerID: 69fb4823b666d3d2a1395c00ab9b26a33337431372918fb41d9f85f42d91a056
                  cni.projectcalico.org/podIP: <pod-ip>/32
                  cni.projectcalico.org/podIPs: <pod-ip>/32
Status:           Running
IP:               <pod-ip>
IPs:
  IP:           <pod-ip>
Controlled By:  StatefulSet/postgres
Containers:
  postgres:
    Container ID:  containerd://adf8585ccc9b705cf0261f22f8e1c254a24670c72b998bb7a052f31e3a5ae5be
    Image:         postgres:17-alpine
    Image ID:      docker.io/library/postgres@sha256:778d0b486d6daa02b77434d0358ec57a1b21fd8b6d22ac2eef56a33e816928f6
    Port:          5432/TCP
    Host Port:     0/TCP
    Args:
      -c
      shared_buffers=256MB
      -c
      max_connections=200
      -c
      work_mem=16MB
    State:          Running
      Started:      Mon, 27 Apr 2026 04:16:58 +0200
    Ready:          True
    Restart Count:  0
    Limits:
      cpu:     1500m
      memory:  1536Mi
    Requests:
      cpu:      100m
      memory:   256Mi
    Liveness:   exec [pg_isready -U postgres] delay=30s timeout=1s period=10s #success=1 #failure=3
    Readiness:  exec [pg_isready -U postgres] delay=5s timeout=1s period=5s #success=1 #failure=3
    Environment:
      POSTGRES_DB:        postgres
      POSTGRES_USER:      postgres
      POSTGRES_PASSWORD:  <set to the key 'postgres-superuser-password' in secret 'hermod-secrets'>  Optional: false
    Mounts:
      /docker-entrypoint-initdb.d from init (rw)
      /var/lib/postgresql/data from data (rw)
      /var/run/secrets/kubernetes.io/serviceaccount from kube-api-access-79j56 (ro)
Conditions:
  Type                        Status
  PodReadyToStartContainers   True 
  Initialized                 True 
  Ready                       True 
  ContainersReady             True 
  PodScheduled                True 
Volumes:
  data:
    Type:       PersistentVolumeClaim (a reference to a PersistentVolumeClaim in the same namespace)
    ClaimName:  data-postgres-0
    ReadOnly:   false
  init:
    Type:      ConfigMap (a volume populated by a ConfigMap)
    Name:      postgres-init
    Optional:  false
  kube-api-access-79j56:
    Type:                    Projected (a volume that contains injected data from multiple sources)
    TokenExpirationSeconds:  3607
    ConfigMapName:           kube-root-ca.crt
    Optional:                false
    DownwardAPI:             true
QoS Class:                   Burstable
Node-Selectors:              <none>
Tolerations:                 node.kubernetes.io/not-ready:NoExecute op=Exists for 300s
                             node.kubernetes.io/unreachable:NoExecute op=Exists for 300s
Events:                      <none>

=== ts=1777270003 ===
Name:             hermod-coordinator-7f54785469-57gts
Namespace:        coord-only
Priority:         0
Service Account:  default
Node:             <pi-host>/<pi-ip>
Start Time:       Mon, 27 Apr 2026 08:05:47 +0200
Labels:           app=hermod-coordinator
                  pod-template-hash=7f54785469
Annotations:      cni.projectcalico.org/containerID: e961a70f73d61ec4251ac88e34fecb68b298bee0ab42b4894c3eac555d0b8b6d
                  cni.projectcalico.org/podIP: <pod-ip>/32
                  cni.projectcalico.org/podIPs: <pod-ip>/32
                  kubectl.kubernetes.io/restartedAt: 2026-04-27T08:05:45+02:00
Status:           Running
IP:               <pod-ip>
IPs:
  IP:           <pod-ip>
Controlled By:  ReplicaSet/hermod-coordinator-7f54785469
Init Containers:
  wait-for-postgres:
    Container ID:  containerd://86504101a3ede8e597f39e35f2dd9e342eb112c8c7c3c309221949f47a06a9b7
    Image:         busybox:1.36
    Image ID:      docker.io/library/busybox@sha256:73aaf090f3d85aa34ee199857f03fa3a95c8ede2ffd4cc2cdb5b94e566b11662
    Port:          <none>
    Host Port:     <none>
    Command:
      sh
      -c
      until nc -z postgres 5432; do sleep 2; done
    State:          Terminated
      Reason:       Completed
      Exit Code:    0
      Started:      Mon, 27 Apr 2026 08:05:48 +0200
      Finished:     Mon, 27 Apr 2026 08:05:48 +0200
    Ready:          True
    Restart Count:  0
    Environment:
      Hermod__Features__DeviceStateTracking:    true
      Hermod__Engine__LogBatchSize:             100
      Hermod__Engine__LogBatching:              true
      Hermod__Engine__Parallelism:              0
      Hermod__Features__MessagePersistence:     true
      Hermod__Features__RuleAuditLog:           true
      Hermod__Features__RuleCache:              true
      Hermod__Features__StatsRollup:            true
      Hermod__Storage__Mode:                    Postgres
      Logging__LogLevel__Hermod:                Information
      Logging__LogLevel__Microsoft.AspNetCore:  Warning
      HERMOD_UUID_TRACE_ENABLED:                true
    Mounts:
      /var/run/secrets/kubernetes.io/serviceaccount from kube-api-access-t9f6j (ro)
  wait-for-nanomq:
    Container ID:  containerd://d28c97b1c0c976a43db2b75983d2c332664fb5b3ac6524504c05f03adcc4e63f
    Image:         busybox:1.36
    Image ID:      docker.io/library/busybox@sha256:73aaf090f3d85aa34ee199857f03fa3a95c8ede2ffd4cc2cdb5b94e566b11662
    Port:          <none>
    Host Port:     <none>
    Command:
      sh
      -c
      until nc -z nanomq 1883; do sleep 2; done
    State:          Terminated
      Reason:       Completed
      Exit Code:    0
      Started:      Mon, 27 Apr 2026 08:05:50 +0200
      Finished:     Mon, 27 Apr 2026 08:05:53 +0200
    Ready:          True
    Restart Count:  0
    Environment:
      Hermod__Features__DeviceStateTracking:    true
      Hermod__Engine__LogBatchSize:             100
      Hermod__Engine__LogBatching:              true
      Hermod__Engine__Parallelism:              0
      Hermod__Features__MessagePersistence:     true
      Hermod__Features__RuleAuditLog:           true
      Hermod__Features__RuleCache:              true
      Hermod__Features__StatsRollup:            true
      Hermod__Storage__Mode:                    Postgres
      Logging__LogLevel__Hermod:                Information
      Logging__LogLevel__Microsoft.AspNetCore:  Warning
      HERMOD_UUID_TRACE_ENABLED:                true
    Mounts:
      /var/run/secrets/kubernetes.io/serviceaccount from kube-api-access-t9f6j (ro)
Containers:
  hermod-coordinator:
    Container ID:   containerd://02ed37077c8ebe690ded6462852f8682a4757ca81884a36ae3c833ded0d86bad
    Image:          hermod-coordinator:latest
    Image ID:       sha256:ca91ccdfcd269dd5e4e25d5ffe8d863ca5db57e5c4f62f08c8adf90d23c15eaf
    Port:           42069/TCP (http)
    Host Port:      0/TCP (http)
    State:          Running
      Started:      Mon, 27 Apr 2026 08:05:54 +0200
    Ready:          True
    Restart Count:  0
    Limits:
      cpu:     1500m
      memory:  1536Mi
    Requests:
      cpu:      200m
      memory:   256Mi
    Liveness:   http-get http://:42069/healthz delay=60s timeout=1s period=30s #success=1 #failure=3
    Readiness:  http-get http://:42069/healthz/ready delay=5s timeout=1s period=10s #success=1 #failure=3
    Startup:    http-get http://:42069/healthz delay=0s timeout=1s period=5s #success=1 #failure=30
    Environment:
      ASPNETCORE_ENVIRONMENT:                   Production
      ASPNETCORE_URLS:                          http://+:42069
      DOTNET_USE_POLLING_FILE_WATCHER:          true
      Hermod__Security__AuthBypass:             true
      Hermod__Security__VaultRequireHttps:      false
      Hermod__Features__MetricsEndpoint:        true
      Hermod__Dev__Endpoints:                   true
      Hermod__Mqtt__Host:                       nanomq
      Hermod__Mqtt__Port:                       1883
      Hermod__Mqtt__UseTls:                     false
      Hermod__Mqtt__Tls__UseTls:                false
      Hermod__Mqtt__Username:                   <set to the key 'mqtt-username' in secret 'hermod-secrets'>  Optional: false
      Hermod__Mqtt__Password:                   <set to the key 'mqtt-password' in secret 'hermod-secrets'>  Optional: false
      Hermod__Database__ConnectionString:       Host=postgres;Port=5432;Database=hermod;Username=hermod_app
      Hermod__Database__Password:               <set to the key 'hermod-db-password' in secret 'hermod-db-credentials'>  Optional: false
      Hermod__Features__DeviceStateTracking:    true
      Hermod__Engine__LogBatchSize:             100
      Hermod__Engine__LogBatching:              true
      Hermod__Engine__Parallelism:              0
      Hermod__Features__MessagePersistence:     true
      Hermod__Features__RuleAuditLog:           true
      Hermod__Features__RuleCache:              true
      Hermod__Features__StatsRollup:            true
      Hermod__Storage__Mode:                    Postgres
      Logging__LogLevel__Hermod:                Information
      Logging__LogLevel__Microsoft.AspNetCore:  Warning
      HERMOD_UUID_TRACE_ENABLED:                true
    Mounts:
      /var/run/secrets/kubernetes.io/serviceaccount from kube-api-access-t9f6j (ro)
Conditions:
  Type                        Status
  PodReadyToStartContainers   True 
  Initialized                 True 
  Ready                       True 
  ContainersReady             True 
  PodScheduled                True 
Volumes:
  kube-api-access-t9f6j:
    Type:                    Projected (a volume that contains injected data from multiple sources)
    TokenExpirationSeconds:  3607
    ConfigMapName:           kube-root-ca.crt
    Optional:                false
    DownwardAPI:             true
QoS Class:                   Burstable
Node-Selectors:              <none>
Tolerations:                 node.kubernetes.io/not-ready:NoExecute op=Exists for 300s
                             node.kubernetes.io/unreachable:NoExecute op=Exists for 300s
Events:
  Type    Reason     Age   From               Message
  ----    ------     ----  ----               -------
  Normal  Scheduled  56s   default-scheduler  Successfully assigned coord-only/hermod-coordinator-7f54785469-57gts to <pi-host>
  Normal  Pulled     56s   kubelet            spec.initContainers{wait-for-postgres}: Container image "busybox:1.36" already present on machine
  Normal  Created    55s   kubelet            spec.initContainers{wait-for-postgres}: Created container: wait-for-postgres
  Normal  Started    55s   kubelet            spec.initContainers{wait-for-postgres}: Started container wait-for-postgres
  Normal  Pulled     54s   kubelet            spec.initContainers{wait-for-nanomq}: Container image "busybox:1.36" already present on machine
  Normal  Created    53s   kubelet            spec.initContainers{wait-for-nanomq}: Created container: wait-for-nanomq
  Normal  Started    53s   kubelet            spec.initContainers{wait-for-nanomq}: Started container wait-for-nanomq
  Normal  Pulled     49s   kubelet            spec.containers{hermod-coordinator}: Container image "hermod-coordinator:latest" already present on machine
  Normal  Created    49s   kubelet            spec.containers{hermod-coordinator}: Created container: hermod-coordinator
  Normal  Started    49s   kubelet            spec.containers{hermod-coordinator}: Started container hermod-coordinator


Name:             nanomq-84d7ff9f78-mjr8j
Namespace:        coord-only
Priority:         0
Service Account:  default
Node:             <pi-host>/<pi-ip>
Start Time:       Mon, 27 Apr 2026 08:05:47 +0200
Labels:           app=nanomq
                  pod-template-hash=84d7ff9f78
Annotations:      cni.projectcalico.org/containerID: 2e458f45695cb930774c7edd1eaefbe32746ff854c07edaed8bff56c563d8383
                  cni.projectcalico.org/podIP: <pod-ip>/32
                  cni.projectcalico.org/podIPs: <pod-ip>/32
                  kubectl.kubernetes.io/restartedAt: 2026-04-27T08:05:45+02:00
Status:           Running
IP:               <pod-ip>
IPs:
  IP:           <pod-ip>
Controlled By:  ReplicaSet/nanomq-84d7ff9f78
Containers:
  nanomq:
    Container ID:   containerd://ba1b52c8cdaff99ad609dee35d7b4b9fd9521b8dc75d41041bb6859365501cf6
    Image:          emqx/nanomq:0.21-slim
    Image ID:       docker.io/emqx/nanomq@sha256:53bea7acb547aced1cc45e08c514628f1e41c4da9ad544fd8c5fa96d3e9eb41b
    Ports:          1883/TCP (mqtt), 8081/TCP (http)
    Host Ports:     0/TCP (mqtt), 0/TCP (http)
    State:          Running
      Started:      Mon, 27 Apr 2026 08:05:49 +0200
    Ready:          True
    Restart Count:  0
    Limits:
      cpu:     1
      memory:  512Mi
    Requests:
      cpu:        50m
      memory:     64Mi
    Liveness:     tcp-socket :1883 delay=10s timeout=1s period=10s #success=1 #failure=3
    Readiness:    tcp-socket :1883 delay=3s timeout=1s period=5s #success=1 #failure=3
    Environment:  <none>
    Mounts:
      /etc/nanomq.conf from config (rw,path="nanomq.conf")
      /var/run/secrets/kubernetes.io/serviceaccount from kube-api-access-hgthz (ro)
Conditions:
  Type                        Status
  PodReadyToStartContainers   True 
  Initialized                 True 
  Ready                       True 
  ContainersReady             True 
  PodScheduled                True 
Volumes:
  config:
    Type:      ConfigMap (a volume populated by a ConfigMap)
    Name:      nanomq-config
    Optional:  false
  kube-api-access-hgthz:
    Type:                    Projected (a volume that contains injected data from multiple sources)
    TokenExpirationSeconds:  3607
    ConfigMapName:           kube-root-ca.crt
    Optional:                false
    DownwardAPI:             true
QoS Class:                   Burstable
Node-Selectors:              <none>
Tolerations:                 node.kubernetes.io/not-ready:NoExecute op=Exists for 300s
                             node.kubernetes.io/unreachable:NoExecute op=Exists for 300s
Events:
  Type    Reason     Age   From               Message
  ----    ------     ----  ----               -------
  Normal  Scheduled  55s   default-scheduler  Successfully assigned coord-only/nanomq-84d7ff9f78-mjr8j to <pi-host>
  Normal  Pulled     55s   kubelet            spec.containers{nanomq}: Container image "emqx/nanomq:0.21-slim" already present on machine
  Normal  Created    55s   kubelet            spec.containers{nanomq}: Created container: nanomq
  Normal  Started    54s   kubelet            spec.containers{nanomq}: Started container nanomq


Name:             postgres-0
Namespace:        coord-only
Priority:         0
Service Account:  default
Node:             <pi-host>/<pi-ip>
Start Time:       Mon, 27 Apr 2026 04:16:57 +0200
Labels:           app=postgres
                  apps.kubernetes.io/pod-index=0
                  controller-revision-hash=postgres-6497897965
                  statefulset.kubernetes.io/pod-name=postgres-0
Annotations:      cni.projectcalico.org/containerID: 69fb4823b666d3d2a1395c00ab9b26a33337431372918fb41d9f85f42d91a056
                  cni.projectcalico.org/podIP: <pod-ip>/32
                  cni.projectcalico.org/podIPs: <pod-ip>/32
Status:           Running
IP:               <pod-ip>
IPs:
  IP:           <pod-ip>
Controlled By:  StatefulSet/postgres
Containers:
  postgres:
    Container ID:  containerd://adf8585ccc9b705cf0261f22f8e1c254a24670c72b998bb7a052f31e3a5ae5be
    Image:         postgres:17-alpine
    Image ID:      docker.io/library/postgres@sha256:778d0b486d6daa02b77434d0358ec57a1b21fd8b6d22ac2eef56a33e816928f6
    Port:          5432/TCP
    Host Port:     0/TCP
    Args:
      -c
      shared_buffers=256MB
      -c
      max_connections=200
      -c
      work_mem=16MB
    State:          Running
      Started:      Mon, 27 Apr 2026 04:16:58 +0200
    Ready:          True
    Restart Count:  0
    Limits:
      cpu:     1500m
      memory:  1536Mi
    Requests:
      cpu:      100m
      memory:   256Mi
    Liveness:   exec [pg_isready -U postgres] delay=30s timeout=1s period=10s #success=1 #failure=3
    Readiness:  exec [pg_isready -U postgres] delay=5s timeout=1s period=5s #success=1 #failure=3
    Environment:
      POSTGRES_DB:        postgres
      POSTGRES_USER:      postgres
      POSTGRES_PASSWORD:  <set to the key 'postgres-superuser-password' in secret 'hermod-secrets'>  Optional: false
    Mounts:
      /docker-entrypoint-initdb.d from init (rw)
      /var/lib/postgresql/data from data (rw)
      /var/run/secrets/kubernetes.io/serviceaccount from kube-api-access-79j56 (ro)
Conditions:
  Type                        Status
  PodReadyToStartContainers   True 
  Initialized                 True 
  Ready                       True 
  ContainersReady             True 
  PodScheduled                True 
Volumes:
  data:
    Type:       PersistentVolumeClaim (a reference to a PersistentVolumeClaim in the same namespace)
    ClaimName:  data-postgres-0
    ReadOnly:   false
  init:
    Type:      ConfigMap (a volume populated by a ConfigMap)
    Name:      postgres-init
    Optional:  false
  kube-api-access-79j56:
    Type:                    Projected (a volume that contains injected data from multiple sources)
    TokenExpirationSeconds:  3607
    ConfigMapName:           kube-root-ca.crt
    Optional:                false
    DownwardAPI:             true
QoS Class:                   Burstable
Node-Selectors:              <none>
Tolerations:                 node.kubernetes.io/not-ready:NoExecute op=Exists for 300s
                             node.kubernetes.io/unreachable:NoExecute op=Exists for 300s
Events:                      <none>

=== ts=1777270014 ===
Name:             hermod-coordinator-7f54785469-57gts
Namespace:        coord-only
Priority:         0
Service Account:  default
Node:             <pi-host>/<pi-ip>
Start Time:       Mon, 27 Apr 2026 08:05:47 +0200
Labels:           app=hermod-coordinator
                  pod-template-hash=7f54785469
Annotations:      cni.projectcalico.org/containerID: e961a70f73d61ec4251ac88e34fecb68b298bee0ab42b4894c3eac555d0b8b6d
                  cni.projectcalico.org/podIP: <pod-ip>/32
                  cni.projectcalico.org/podIPs: <pod-ip>/32
                  kubectl.kubernetes.io/restartedAt: 2026-04-27T08:05:45+02:00
Status:           Running
IP:               <pod-ip>
IPs:
  IP:           <pod-ip>
Controlled By:  ReplicaSet/hermod-coordinator-7f54785469
Init Containers:
  wait-for-postgres:
    Container ID:  containerd://86504101a3ede8e597f39e35f2dd9e342eb112c8c7c3c309221949f47a06a9b7
    Image:         busybox:1.36
    Image ID:      docker.io/library/busybox@sha256:73aaf090f3d85aa34ee199857f03fa3a95c8ede2ffd4cc2cdb5b94e566b11662
    Port:          <none>
    Host Port:     <none>
    Command:
      sh
      -c
      until nc -z postgres 5432; do sleep 2; done
    State:          Terminated
      Reason:       Completed
      Exit Code:    0
      Started:      Mon, 27 Apr 2026 08:05:48 +0200
      Finished:     Mon, 27 Apr 2026 08:05:48 +0200
    Ready:          True
    Restart Count:  0
    Environment:
      Hermod__Features__DeviceStateTracking:    true
      Hermod__Engine__LogBatchSize:             100
      Hermod__Engine__LogBatching:              true
      Hermod__Engine__Parallelism:              0
      Hermod__Features__MessagePersistence:     true
      Hermod__Features__RuleAuditLog:           true
      Hermod__Features__RuleCache:              true
      Hermod__Features__StatsRollup:            true
      Hermod__Storage__Mode:                    Postgres
      Logging__LogLevel__Hermod:                Information
      Logging__LogLevel__Microsoft.AspNetCore:  Warning
      HERMOD_UUID_TRACE_ENABLED:                true
    Mounts:
      /var/run/secrets/kubernetes.io/serviceaccount from kube-api-access-t9f6j (ro)
  wait-for-nanomq:
    Container ID:  containerd://d28c97b1c0c976a43db2b75983d2c332664fb5b3ac6524504c05f03adcc4e63f
    Image:         busybox:1.36
    Image ID:      docker.io/library/busybox@sha256:73aaf090f3d85aa34ee199857f03fa3a95c8ede2ffd4cc2cdb5b94e566b11662
    Port:          <none>
    Host Port:     <none>
    Command:
      sh
      -c
      until nc -z nanomq 1883; do sleep 2; done
    State:          Terminated
      Reason:       Completed
      Exit Code:    0
      Started:      Mon, 27 Apr 2026 08:05:50 +0200
      Finished:     Mon, 27 Apr 2026 08:05:53 +0200
    Ready:          True
    Restart Count:  0
    Environment:
      Hermod__Features__DeviceStateTracking:    true
      Hermod__Engine__LogBatchSize:             100
      Hermod__Engine__LogBatching:              true
      Hermod__Engine__Parallelism:              0
      Hermod__Features__MessagePersistence:     true
      Hermod__Features__RuleAuditLog:           true
      Hermod__Features__RuleCache:              true
      Hermod__Features__StatsRollup:            true
      Hermod__Storage__Mode:                    Postgres
      Logging__LogLevel__Hermod:                Information
      Logging__LogLevel__Microsoft.AspNetCore:  Warning
      HERMOD_UUID_TRACE_ENABLED:                true
    Mounts:
      /var/run/secrets/kubernetes.io/serviceaccount from kube-api-access-t9f6j (ro)
Containers:
  hermod-coordinator:
    Container ID:   containerd://02ed37077c8ebe690ded6462852f8682a4757ca81884a36ae3c833ded0d86bad
    Image:          hermod-coordinator:latest
    Image ID:       sha256:ca91ccdfcd269dd5e4e25d5ffe8d863ca5db57e5c4f62f08c8adf90d23c15eaf
    Port:           42069/TCP (http)
    Host Port:      0/TCP (http)
    State:          Running
      Started:      Mon, 27 Apr 2026 08:05:54 +0200
    Ready:          True
    Restart Count:  0
    Limits:
      cpu:     1500m
      memory:  1536Mi
    Requests:
      cpu:      200m
      memory:   256Mi
    Liveness:   http-get http://:42069/healthz delay=60s timeout=1s period=30s #success=1 #failure=3
    Readiness:  http-get http://:42069/healthz/ready delay=5s timeout=1s period=10s #success=1 #failure=3
    Startup:    http-get http://:42069/healthz delay=0s timeout=1s period=5s #success=1 #failure=30
    Environment:
      ASPNETCORE_ENVIRONMENT:                   Production
      ASPNETCORE_URLS:                          http://+:42069
      DOTNET_USE_POLLING_FILE_WATCHER:          true
      Hermod__Security__AuthBypass:             true
      Hermod__Security__VaultRequireHttps:      false
      Hermod__Features__MetricsEndpoint:        true
      Hermod__Dev__Endpoints:                   true
      Hermod__Mqtt__Host:                       nanomq
      Hermod__Mqtt__Port:                       1883
      Hermod__Mqtt__UseTls:                     false
      Hermod__Mqtt__Tls__UseTls:                false
      Hermod__Mqtt__Username:                   <set to the key 'mqtt-username' in secret 'hermod-secrets'>  Optional: false
      Hermod__Mqtt__Password:                   <set to the key 'mqtt-password' in secret 'hermod-secrets'>  Optional: false
      Hermod__Database__ConnectionString:       Host=postgres;Port=5432;Database=hermod;Username=hermod_app
      Hermod__Database__Password:               <set to the key 'hermod-db-password' in secret 'hermod-db-credentials'>  Optional: false
      Hermod__Features__DeviceStateTracking:    true
      Hermod__Engine__LogBatchSize:             100
      Hermod__Engine__LogBatching:              true
      Hermod__Engine__Parallelism:              0
      Hermod__Features__MessagePersistence:     true
      Hermod__Features__RuleAuditLog:           true
      Hermod__Features__RuleCache:              true
      Hermod__Features__StatsRollup:            true
      Hermod__Storage__Mode:                    Postgres
      Logging__LogLevel__Hermod:                Information
      Logging__LogLevel__Microsoft.AspNetCore:  Warning
      HERMOD_UUID_TRACE_ENABLED:                true
    Mounts:
      /var/run/secrets/kubernetes.io/serviceaccount from kube-api-access-t9f6j (ro)
Conditions:
  Type                        Status
  PodReadyToStartContainers   True 
  Initialized                 True 
  Ready                       True 
  ContainersReady             True 
  PodScheduled                True 
Volumes:
  kube-api-access-t9f6j:
    Type:                    Projected (a volume that contains injected data from multiple sources)
    TokenExpirationSeconds:  3607
    ConfigMapName:           kube-root-ca.crt
    Optional:                false
    DownwardAPI:             true
QoS Class:                   Burstable
Node-Selectors:              <none>
Tolerations:                 node.kubernetes.io/not-ready:NoExecute op=Exists for 300s
                             node.kubernetes.io/unreachable:NoExecute op=Exists for 300s
Events:
  Type    Reason     Age   From               Message
  ----    ------     ----  ----               -------
  Normal  Scheduled  67s   default-scheduler  Successfully assigned coord-only/hermod-coordinator-7f54785469-57gts to <pi-host>
  Normal  Pulled     67s   kubelet            spec.initContainers{wait-for-postgres}: Container image "busybox:1.36" already present on machine
  Normal  Created    66s   kubelet            spec.initContainers{wait-for-postgres}: Created container: wait-for-postgres
  Normal  Started    66s   kubelet            spec.initContainers{wait-for-postgres}: Started container wait-for-postgres
  Normal  Pulled     65s   kubelet            spec.initContainers{wait-for-nanomq}: Container image "busybox:1.36" already present on machine
  Normal  Created    64s   kubelet            spec.initContainers{wait-for-nanomq}: Created container: wait-for-nanomq
  Normal  Started    64s   kubelet            spec.initContainers{wait-for-nanomq}: Started container wait-for-nanomq
  Normal  Pulled     60s   kubelet            spec.containers{hermod-coordinator}: Container image "hermod-coordinator:latest" already present on machine
  Normal  Created    60s   kubelet            spec.containers{hermod-coordinator}: Created container: hermod-coordinator
  Normal  Started    60s   kubelet            spec.containers{hermod-coordinator}: Started container hermod-coordinator


Name:             nanomq-84d7ff9f78-mjr8j
Namespace:        coord-only
Priority:         0
Service Account:  default
Node:             <pi-host>/<pi-ip>
Start Time:       Mon, 27 Apr 2026 08:05:47 +0200
Labels:           app=nanomq
                  pod-template-hash=84d7ff9f78
Annotations:      cni.projectcalico.org/containerID: 2e458f45695cb930774c7edd1eaefbe32746ff854c07edaed8bff56c563d8383
                  cni.projectcalico.org/podIP: <pod-ip>/32
                  cni.projectcalico.org/podIPs: <pod-ip>/32
                  kubectl.kubernetes.io/restartedAt: 2026-04-27T08:05:45+02:00
Status:           Running
IP:               <pod-ip>
IPs:
  IP:           <pod-ip>
Controlled By:  ReplicaSet/nanomq-84d7ff9f78
Containers:
  nanomq:
    Container ID:   containerd://ba1b52c8cdaff99ad609dee35d7b4b9fd9521b8dc75d41041bb6859365501cf6
    Image:          emqx/nanomq:0.21-slim
    Image ID:       docker.io/emqx/nanomq@sha256:53bea7acb547aced1cc45e08c514628f1e41c4da9ad544fd8c5fa96d3e9eb41b
    Ports:          1883/TCP (mqtt), 8081/TCP (http)
    Host Ports:     0/TCP (mqtt), 0/TCP (http)
    State:          Running
      Started:      Mon, 27 Apr 2026 08:05:49 +0200
    Ready:          True
    Restart Count:  0
    Limits:
      cpu:     1
      memory:  512Mi
    Requests:
      cpu:        50m
      memory:     64Mi
    Liveness:     tcp-socket :1883 delay=10s timeout=1s period=10s #success=1 #failure=3
    Readiness:    tcp-socket :1883 delay=3s timeout=1s period=5s #success=1 #failure=3
    Environment:  <none>
    Mounts:
      /etc/nanomq.conf from config (rw,path="nanomq.conf")
      /var/run/secrets/kubernetes.io/serviceaccount from kube-api-access-hgthz (ro)
Conditions:
  Type                        Status
  PodReadyToStartContainers   True 
  Initialized                 True 
  Ready                       True 
  ContainersReady             True 
  PodScheduled                True 
Volumes:
  config:
    Type:      ConfigMap (a volume populated by a ConfigMap)
    Name:      nanomq-config
    Optional:  false
  kube-api-access-hgthz:
    Type:                    Projected (a volume that contains injected data from multiple sources)
    TokenExpirationSeconds:  3607
    ConfigMapName:           kube-root-ca.crt
    Optional:                false
    DownwardAPI:             true
QoS Class:                   Burstable
Node-Selectors:              <none>
Tolerations:                 node.kubernetes.io/not-ready:NoExecute op=Exists for 300s
                             node.kubernetes.io/unreachable:NoExecute op=Exists for 300s
Events:
  Type    Reason     Age   From               Message
  ----    ------     ----  ----               -------
  Normal  Scheduled  67s   default-scheduler  Successfully assigned coord-only/nanomq-84d7ff9f78-mjr8j to <pi-host>
  Normal  Pulled     66s   kubelet            spec.containers{nanomq}: Container image "emqx/nanomq:0.21-slim" already present on machine
  Normal  Created    66s   kubelet            spec.containers{nanomq}: Created container: nanomq
  Normal  Started    65s   kubelet            spec.containers{nanomq}: Started container nanomq


Name:             postgres-0
Namespace:        coord-only
Priority:         0
Service Account:  default
Node:             <pi-host>/<pi-ip>
Start Time:       Mon, 27 Apr 2026 04:16:57 +0200
Labels:           app=postgres
                  apps.kubernetes.io/pod-index=0
                  controller-revision-hash=postgres-6497897965
                  statefulset.kubernetes.io/pod-name=postgres-0
Annotations:      cni.projectcalico.org/containerID: 69fb4823b666d3d2a1395c00ab9b26a33337431372918fb41d9f85f42d91a056
                  cni.projectcalico.org/podIP: <pod-ip>/32
                  cni.projectcalico.org/podIPs: <pod-ip>/32
Status:           Running
IP:               <pod-ip>
IPs:
  IP:           <pod-ip>
Controlled By:  StatefulSet/postgres
Containers:
  postgres:
    Container ID:  containerd://adf8585ccc9b705cf0261f22f8e1c254a24670c72b998bb7a052f31e3a5ae5be
    Image:         postgres:17-alpine
    Image ID:      docker.io/library/postgres@sha256:778d0b486d6daa02b77434d0358ec57a1b21fd8b6d22ac2eef56a33e816928f6
    Port:          5432/TCP
    Host Port:     0/TCP
    Args:
      -c
      shared_buffers=256MB
      -c
      max_connections=200
      -c
      work_mem=16MB
    State:          Running
      Started:      Mon, 27 Apr 2026 04:16:58 +0200
    Ready:          True
    Restart Count:  0
    Limits:
      cpu:     1500m
      memory:  1536Mi
    Requests:
      cpu:      100m
      memory:   256Mi
    Liveness:   exec [pg_isready -U postgres] delay=30s timeout=1s period=10s #success=1 #failure=3
    Readiness:  exec [pg_isready -U postgres] delay=5s timeout=1s period=5s #success=1 #failure=3
    Environment:
      POSTGRES_DB:        postgres
      POSTGRES_USER:      postgres
      POSTGRES_PASSWORD:  <set to the key 'postgres-superuser-password' in secret 'hermod-secrets'>  Optional: false
    Mounts:
      /docker-entrypoint-initdb.d from init (rw)
      /var/lib/postgresql/data from data (rw)
      /var/run/secrets/kubernetes.io/serviceaccount from kube-api-access-79j56 (ro)
Conditions:
  Type                        Status
  PodReadyToStartContainers   True 
  Initialized                 True 
  Ready                       True 
  ContainersReady             True 
  PodScheduled                True 
Volumes:
  data:
    Type:       PersistentVolumeClaim (a reference to a PersistentVolumeClaim in the same namespace)
    ClaimName:  data-postgres-0
    ReadOnly:   false
  init:
    Type:      ConfigMap (a volume populated by a ConfigMap)
    Name:      postgres-init
    Optional:  false
  kube-api-access-79j56:
    Type:                    Projected (a volume that contains injected data from multiple sources)
    TokenExpirationSeconds:  3607
    ConfigMapName:           kube-root-ca.crt
    Optional:                false
    DownwardAPI:             true
QoS Class:                   Burstable
Node-Selectors:              <none>
Tolerations:                 node.kubernetes.io/not-ready:NoExecute op=Exists for 300s
                             node.kubernetes.io/unreachable:NoExecute op=Exists for 300s
Events:                      <none>

=== ts=1777270025 ===
Name:             hermod-coordinator-7f54785469-57gts
Namespace:        coord-only
Priority:         0
Service Account:  default
Node:             <pi-host>/<pi-ip>
Start Time:       Mon, 27 Apr 2026 08:05:47 +0200
Labels:           app=hermod-coordinator
                  pod-template-hash=7f54785469
Annotations:      cni.projectcalico.org/containerID: e961a70f73d61ec4251ac88e34fecb68b298bee0ab42b4894c3eac555d0b8b6d
                  cni.projectcalico.org/podIP: <pod-ip>/32
                  cni.projectcalico.org/podIPs: <pod-ip>/32
                  kubectl.kubernetes.io/restartedAt: 2026-04-27T08:05:45+02:00
Status:           Running
IP:               <pod-ip>
IPs:
  IP:           <pod-ip>
Controlled By:  ReplicaSet/hermod-coordinator-7f54785469
Init Containers:
  wait-for-postgres:
    Container ID:  containerd://86504101a3ede8e597f39e35f2dd9e342eb112c8c7c3c309221949f47a06a9b7
    Image:         busybox:1.36
    Image ID:      docker.io/library/busybox@sha256:73aaf090f3d85aa34ee199857f03fa3a95c8ede2ffd4cc2cdb5b94e566b11662
    Port:          <none>
    Host Port:     <none>
    Command:
      sh
      -c
      until nc -z postgres 5432; do sleep 2; done
    State:          Terminated
      Reason:       Completed
      Exit Code:    0
      Started:      Mon, 27 Apr 2026 08:05:48 +0200
      Finished:     Mon, 27 Apr 2026 08:05:48 +0200
    Ready:          True
    Restart Count:  0
    Environment:
      Hermod__Features__DeviceStateTracking:    true
      Hermod__Engine__LogBatchSize:             100
      Hermod__Engine__LogBatching:              true
      Hermod__Engine__Parallelism:              0
      Hermod__Features__MessagePersistence:     true
      Hermod__Features__RuleAuditLog:           true
      Hermod__Features__RuleCache:              true
      Hermod__Features__StatsRollup:            true
      Hermod__Storage__Mode:                    Postgres
      Logging__LogLevel__Hermod:                Information
      Logging__LogLevel__Microsoft.AspNetCore:  Warning
      HERMOD_UUID_TRACE_ENABLED:                true
    Mounts:
      /var/run/secrets/kubernetes.io/serviceaccount from kube-api-access-t9f6j (ro)
  wait-for-nanomq:
    Container ID:  containerd://d28c97b1c0c976a43db2b75983d2c332664fb5b3ac6524504c05f03adcc4e63f
    Image:         busybox:1.36
    Image ID:      docker.io/library/busybox@sha256:73aaf090f3d85aa34ee199857f03fa3a95c8ede2ffd4cc2cdb5b94e566b11662
    Port:          <none>
    Host Port:     <none>
    Command:
      sh
      -c
      until nc -z nanomq 1883; do sleep 2; done
    State:          Terminated
      Reason:       Completed
      Exit Code:    0
      Started:      Mon, 27 Apr 2026 08:05:50 +0200
      Finished:     Mon, 27 Apr 2026 08:05:53 +0200
    Ready:          True
    Restart Count:  0
    Environment:
      Hermod__Features__DeviceStateTracking:    true
      Hermod__Engine__LogBatchSize:             100
      Hermod__Engine__LogBatching:              true
      Hermod__Engine__Parallelism:              0
      Hermod__Features__MessagePersistence:     true
      Hermod__Features__RuleAuditLog:           true
      Hermod__Features__RuleCache:              true
      Hermod__Features__StatsRollup:            true
      Hermod__Storage__Mode:                    Postgres
      Logging__LogLevel__Hermod:                Information
      Logging__LogLevel__Microsoft.AspNetCore:  Warning
      HERMOD_UUID_TRACE_ENABLED:                true
    Mounts:
      /var/run/secrets/kubernetes.io/serviceaccount from kube-api-access-t9f6j (ro)
Containers:
  hermod-coordinator:
    Container ID:   containerd://02ed37077c8ebe690ded6462852f8682a4757ca81884a36ae3c833ded0d86bad
    Image:          hermod-coordinator:latest
    Image ID:       sha256:ca91ccdfcd269dd5e4e25d5ffe8d863ca5db57e5c4f62f08c8adf90d23c15eaf
    Port:           42069/TCP (http)
    Host Port:      0/TCP (http)
    State:          Running
      Started:      Mon, 27 Apr 2026 08:05:54 +0200
    Ready:          True
    Restart Count:  0
    Limits:
      cpu:     1500m
      memory:  1536Mi
    Requests:
      cpu:      200m
      memory:   256Mi
    Liveness:   http-get http://:42069/healthz delay=60s timeout=1s period=30s #success=1 #failure=3
    Readiness:  http-get http://:42069/healthz/ready delay=5s timeout=1s period=10s #success=1 #failure=3
    Startup:    http-get http://:42069/healthz delay=0s timeout=1s period=5s #success=1 #failure=30
    Environment:
      ASPNETCORE_ENVIRONMENT:                   Production
      ASPNETCORE_URLS:                          http://+:42069
      DOTNET_USE_POLLING_FILE_WATCHER:          true
      Hermod__Security__AuthBypass:             true
      Hermod__Security__VaultRequireHttps:      false
      Hermod__Features__MetricsEndpoint:        true
      Hermod__Dev__Endpoints:                   true
      Hermod__Mqtt__Host:                       nanomq
      Hermod__Mqtt__Port:                       1883
      Hermod__Mqtt__UseTls:                     false
      Hermod__Mqtt__Tls__UseTls:                false
      Hermod__Mqtt__Username:                   <set to the key 'mqtt-username' in secret 'hermod-secrets'>  Optional: false
      Hermod__Mqtt__Password:                   <set to the key 'mqtt-password' in secret 'hermod-secrets'>  Optional: false
      Hermod__Database__ConnectionString:       Host=postgres;Port=5432;Database=hermod;Username=hermod_app
      Hermod__Database__Password:               <set to the key 'hermod-db-password' in secret 'hermod-db-credentials'>  Optional: false
      Hermod__Features__DeviceStateTracking:    true
      Hermod__Engine__LogBatchSize:             100
      Hermod__Engine__LogBatching:              true
      Hermod__Engine__Parallelism:              0
      Hermod__Features__MessagePersistence:     true
      Hermod__Features__RuleAuditLog:           true
      Hermod__Features__RuleCache:              true
      Hermod__Features__StatsRollup:            true
      Hermod__Storage__Mode:                    Postgres
      Logging__LogLevel__Hermod:                Information
      Logging__LogLevel__Microsoft.AspNetCore:  Warning
      HERMOD_UUID_TRACE_ENABLED:                true
    Mounts:
      /var/run/secrets/kubernetes.io/serviceaccount from kube-api-access-t9f6j (ro)
Conditions:
  Type                        Status
  PodReadyToStartContainers   True 
  Initialized                 True 
  Ready                       True 
  ContainersReady             True 
  PodScheduled                True 
Volumes:
  kube-api-access-t9f6j:
    Type:                    Projected (a volume that contains injected data from multiple sources)
    TokenExpirationSeconds:  3607
    ConfigMapName:           kube-root-ca.crt
    Optional:                false
    DownwardAPI:             true
QoS Class:                   Burstable
Node-Selectors:              <none>
Tolerations:                 node.kubernetes.io/not-ready:NoExecute op=Exists for 300s
                             node.kubernetes.io/unreachable:NoExecute op=Exists for 300s
Events:
  Type    Reason     Age   From               Message
  ----    ------     ----  ----               -------
  Normal  Scheduled  78s   default-scheduler  Successfully assigned coord-only/hermod-coordinator-7f54785469-57gts to <pi-host>
  Normal  Pulled     78s   kubelet            spec.initContainers{wait-for-postgres}: Container image "busybox:1.36" already present on machine
  Normal  Created    77s   kubelet            spec.initContainers{wait-for-postgres}: Created container: wait-for-postgres
  Normal  Started    77s   kubelet            spec.initContainers{wait-for-postgres}: Started container wait-for-postgres
  Normal  Pulled     76s   kubelet            spec.initContainers{wait-for-nanomq}: Container image "busybox:1.36" already present on machine
  Normal  Created    75s   kubelet            spec.initContainers{wait-for-nanomq}: Created container: wait-for-nanomq
  Normal  Started    75s   kubelet            spec.initContainers{wait-for-nanomq}: Started container wait-for-nanomq
  Normal  Pulled     71s   kubelet            spec.containers{hermod-coordinator}: Container image "hermod-coordinator:latest" already present on machine
  Normal  Created    71s   kubelet            spec.containers{hermod-coordinator}: Created container: hermod-coordinator
  Normal  Started    71s   kubelet            spec.containers{hermod-coordinator}: Started container hermod-coordinator


Name:             nanomq-84d7ff9f78-mjr8j
Namespace:        coord-only
Priority:         0
Service Account:  default
Node:             <pi-host>/<pi-ip>
Start Time:       Mon, 27 Apr 2026 08:05:47 +0200
Labels:           app=nanomq
                  pod-template-hash=84d7ff9f78
Annotations:      cni.projectcalico.org/containerID: 2e458f45695cb930774c7edd1eaefbe32746ff854c07edaed8bff56c563d8383
                  cni.projectcalico.org/podIP: <pod-ip>/32
                  cni.projectcalico.org/podIPs: <pod-ip>/32
                  kubectl.kubernetes.io/restartedAt: 2026-04-27T08:05:45+02:00
Status:           Running
IP:               <pod-ip>
IPs:
  IP:           <pod-ip>
Controlled By:  ReplicaSet/nanomq-84d7ff9f78
Containers:
  nanomq:
    Container ID:   containerd://ba1b52c8cdaff99ad609dee35d7b4b9fd9521b8dc75d41041bb6859365501cf6
    Image:          emqx/nanomq:0.21-slim
    Image ID:       docker.io/emqx/nanomq@sha256:53bea7acb547aced1cc45e08c514628f1e41c4da9ad544fd8c5fa96d3e9eb41b
    Ports:          1883/TCP (mqtt), 8081/TCP (http)
    Host Ports:     0/TCP (mqtt), 0/TCP (http)
    State:          Running
      Started:      Mon, 27 Apr 2026 08:05:49 +0200
    Ready:          True
    Restart Count:  0
    Limits:
      cpu:     1
      memory:  512Mi
    Requests:
      cpu:        50m
      memory:     64Mi
    Liveness:     tcp-socket :1883 delay=10s timeout=1s period=10s #success=1 #failure=3
    Readiness:    tcp-socket :1883 delay=3s timeout=1s period=5s #success=1 #failure=3
    Environment:  <none>
    Mounts:
      /etc/nanomq.conf from config (rw,path="nanomq.conf")
      /var/run/secrets/kubernetes.io/serviceaccount from kube-api-access-hgthz (ro)
Conditions:
  Type                        Status
  PodReadyToStartContainers   True 
  Initialized                 True 
  Ready                       True 
  ContainersReady             True 
  PodScheduled                True 
Volumes:
  config:
    Type:      ConfigMap (a volume populated by a ConfigMap)
    Name:      nanomq-config
    Optional:  false
  kube-api-access-hgthz:
    Type:                    Projected (a volume that contains injected data from multiple sources)
    TokenExpirationSeconds:  3607
    ConfigMapName:           kube-root-ca.crt
    Optional:                false
    DownwardAPI:             true
QoS Class:                   Burstable
Node-Selectors:              <none>
Tolerations:                 node.kubernetes.io/not-ready:NoExecute op=Exists for 300s
                             node.kubernetes.io/unreachable:NoExecute op=Exists for 300s
Events:
  Type    Reason     Age   From               Message
  ----    ------     ----  ----               -------
  Normal  Scheduled  78s   default-scheduler  Successfully assigned coord-only/nanomq-84d7ff9f78-mjr8j to <pi-host>
  Normal  Pulled     77s   kubelet            spec.containers{nanomq}: Container image "emqx/nanomq:0.21-slim" already present on machine
  Normal  Created    77s   kubelet            spec.containers{nanomq}: Created container: nanomq
  Normal  Started    76s   kubelet            spec.containers{nanomq}: Started container nanomq


Name:             postgres-0
Namespace:        coord-only
Priority:         0
Service Account:  default
Node:             <pi-host>/<pi-ip>
Start Time:       Mon, 27 Apr 2026 04:16:57 +0200
Labels:           app=postgres
                  apps.kubernetes.io/pod-index=0
                  controller-revision-hash=postgres-6497897965
                  statefulset.kubernetes.io/pod-name=postgres-0
Annotations:      cni.projectcalico.org/containerID: 69fb4823b666d3d2a1395c00ab9b26a33337431372918fb41d9f85f42d91a056
                  cni.projectcalico.org/podIP: <pod-ip>/32
                  cni.projectcalico.org/podIPs: <pod-ip>/32
Status:           Running
IP:               <pod-ip>
IPs:
  IP:           <pod-ip>
Controlled By:  StatefulSet/postgres
Containers:
  postgres:
    Container ID:  containerd://adf8585ccc9b705cf0261f22f8e1c254a24670c72b998bb7a052f31e3a5ae5be
    Image:         postgres:17-alpine
    Image ID:      docker.io/library/postgres@sha256:778d0b486d6daa02b77434d0358ec57a1b21fd8b6d22ac2eef56a33e816928f6
    Port:          5432/TCP
    Host Port:     0/TCP
    Args:
      -c
      shared_buffers=256MB
      -c
      max_connections=200
      -c
      work_mem=16MB
    State:          Running
      Started:      Mon, 27 Apr 2026 04:16:58 +0200
    Ready:          True
    Restart Count:  0
    Limits:
      cpu:     1500m
      memory:  1536Mi
    Requests:
      cpu:      100m
      memory:   256Mi
    Liveness:   exec [pg_isready -U postgres] delay=30s timeout=1s period=10s #success=1 #failure=3
    Readiness:  exec [pg_isready -U postgres] delay=5s timeout=1s period=5s #success=1 #failure=3
    Environment:
      POSTGRES_DB:        postgres
      POSTGRES_USER:      postgres
      POSTGRES_PASSWORD:  <set to the key 'postgres-superuser-password' in secret 'hermod-secrets'>  Optional: false
    Mounts:
      /docker-entrypoint-initdb.d from init (rw)
      /var/lib/postgresql/data from data (rw)
      /var/run/secrets/kubernetes.io/serviceaccount from kube-api-access-79j56 (ro)
Conditions:
  Type                        Status
  PodReadyToStartContainers   True 
  Initialized                 True 
  Ready                       True 
  ContainersReady             True 
  PodScheduled                True 
Volumes:
  data:
    Type:       PersistentVolumeClaim (a reference to a PersistentVolumeClaim in the same namespace)
    ClaimName:  data-postgres-0
    ReadOnly:   false
  init:
    Type:      ConfigMap (a volume populated by a ConfigMap)
    Name:      postgres-init
    Optional:  false
  kube-api-access-79j56:
    Type:                    Projected (a volume that contains injected data from multiple sources)
    TokenExpirationSeconds:  3607
    ConfigMapName:           kube-root-ca.crt
    Optional:                false
    DownwardAPI:             true
QoS Class:                   Burstable
Node-Selectors:              <none>
Tolerations:                 node.kubernetes.io/not-ready:NoExecute op=Exists for 300s
                             node.kubernetes.io/unreachable:NoExecute op=Exists for 300s
Events:                      <none>

=== ts=1777270037 ===
Name:             hermod-coordinator-7f54785469-57gts
Namespace:        coord-only
Priority:         0
Service Account:  default
Node:             <pi-host>/<pi-ip>
Start Time:       Mon, 27 Apr 2026 08:05:47 +0200
Labels:           app=hermod-coordinator
                  pod-template-hash=7f54785469
Annotations:      cni.projectcalico.org/containerID: e961a70f73d61ec4251ac88e34fecb68b298bee0ab42b4894c3eac555d0b8b6d
                  cni.projectcalico.org/podIP: <pod-ip>/32
                  cni.projectcalico.org/podIPs: <pod-ip>/32
                  kubectl.kubernetes.io/restartedAt: 2026-04-27T08:05:45+02:00
Status:           Running
IP:               <pod-ip>
IPs:
  IP:           <pod-ip>
Controlled By:  ReplicaSet/hermod-coordinator-7f54785469
Init Containers:
  wait-for-postgres:
    Container ID:  containerd://86504101a3ede8e597f39e35f2dd9e342eb112c8c7c3c309221949f47a06a9b7
    Image:         busybox:1.36
    Image ID:      docker.io/library/busybox@sha256:73aaf090f3d85aa34ee199857f03fa3a95c8ede2ffd4cc2cdb5b94e566b11662
    Port:          <none>
    Host Port:     <none>
    Command:
      sh
      -c
      until nc -z postgres 5432; do sleep 2; done
    State:          Terminated
      Reason:       Completed
      Exit Code:    0
      Started:      Mon, 27 Apr 2026 08:05:48 +0200
      Finished:     Mon, 27 Apr 2026 08:05:48 +0200
    Ready:          True
    Restart Count:  0
    Environment:
      Hermod__Features__DeviceStateTracking:    true
      Hermod__Engine__LogBatchSize:             100
      Hermod__Engine__LogBatching:              true
      Hermod__Engine__Parallelism:              0
      Hermod__Features__MessagePersistence:     true
      Hermod__Features__RuleAuditLog:           true
      Hermod__Features__RuleCache:              true
      Hermod__Features__StatsRollup:            true
      Hermod__Storage__Mode:                    Postgres
      Logging__LogLevel__Hermod:                Information
      Logging__LogLevel__Microsoft.AspNetCore:  Warning
      HERMOD_UUID_TRACE_ENABLED:                true
    Mounts:
      /var/run/secrets/kubernetes.io/serviceaccount from kube-api-access-t9f6j (ro)
  wait-for-nanomq:
    Container ID:  containerd://d28c97b1c0c976a43db2b75983d2c332664fb5b3ac6524504c05f03adcc4e63f
    Image:         busybox:1.36
    Image ID:      docker.io/library/busybox@sha256:73aaf090f3d85aa34ee199857f03fa3a95c8ede2ffd4cc2cdb5b94e566b11662
    Port:          <none>
    Host Port:     <none>
    Command:
      sh
      -c
      until nc -z nanomq 1883; do sleep 2; done
    State:          Terminated
      Reason:       Completed
      Exit Code:    0
      Started:      Mon, 27 Apr 2026 08:05:50 +0200
      Finished:     Mon, 27 Apr 2026 08:05:53 +0200
    Ready:          True
    Restart Count:  0
    Environment:
      Hermod__Features__DeviceStateTracking:    true
      Hermod__Engine__LogBatchSize:             100
      Hermod__Engine__LogBatching:              true
      Hermod__Engine__Parallelism:              0
      Hermod__Features__MessagePersistence:     true
      Hermod__Features__RuleAuditLog:           true
      Hermod__Features__RuleCache:              true
      Hermod__Features__StatsRollup:            true
      Hermod__Storage__Mode:                    Postgres
      Logging__LogLevel__Hermod:                Information
      Logging__LogLevel__Microsoft.AspNetCore:  Warning
      HERMOD_UUID_TRACE_ENABLED:                true
    Mounts:
      /var/run/secrets/kubernetes.io/serviceaccount from kube-api-access-t9f6j (ro)
Containers:
  hermod-coordinator:
    Container ID:   containerd://02ed37077c8ebe690ded6462852f8682a4757ca81884a36ae3c833ded0d86bad
    Image:          hermod-coordinator:latest
    Image ID:       sha256:ca91ccdfcd269dd5e4e25d5ffe8d863ca5db57e5c4f62f08c8adf90d23c15eaf
    Port:           42069/TCP (http)
    Host Port:      0/TCP (http)
    State:          Running
      Started:      Mon, 27 Apr 2026 08:05:54 +0200
    Ready:          True
    Restart Count:  0
    Limits:
      cpu:     1500m
      memory:  1536Mi
    Requests:
      cpu:      200m
      memory:   256Mi
    Liveness:   http-get http://:42069/healthz delay=60s timeout=1s period=30s #success=1 #failure=3
    Readiness:  http-get http://:42069/healthz/ready delay=5s timeout=1s period=10s #success=1 #failure=3
    Startup:    http-get http://:42069/healthz delay=0s timeout=1s period=5s #success=1 #failure=30
    Environment:
      ASPNETCORE_ENVIRONMENT:                   Production
      ASPNETCORE_URLS:                          http://+:42069
      DOTNET_USE_POLLING_FILE_WATCHER:          true
      Hermod__Security__AuthBypass:             true
      Hermod__Security__VaultRequireHttps:      false
      Hermod__Features__MetricsEndpoint:        true
      Hermod__Dev__Endpoints:                   true
      Hermod__Mqtt__Host:                       nanomq
      Hermod__Mqtt__Port:                       1883
      Hermod__Mqtt__UseTls:                     false
      Hermod__Mqtt__Tls__UseTls:                false
      Hermod__Mqtt__Username:                   <set to the key 'mqtt-username' in secret 'hermod-secrets'>  Optional: false
      Hermod__Mqtt__Password:                   <set to the key 'mqtt-password' in secret 'hermod-secrets'>  Optional: false
      Hermod__Database__ConnectionString:       Host=postgres;Port=5432;Database=hermod;Username=hermod_app
      Hermod__Database__Password:               <set to the key 'hermod-db-password' in secret 'hermod-db-credentials'>  Optional: false
      Hermod__Features__DeviceStateTracking:    true
      Hermod__Engine__LogBatchSize:             100
      Hermod__Engine__LogBatching:              true
      Hermod__Engine__Parallelism:              0
      Hermod__Features__MessagePersistence:     true
      Hermod__Features__RuleAuditLog:           true
      Hermod__Features__RuleCache:              true
      Hermod__Features__StatsRollup:            true
      Hermod__Storage__Mode:                    Postgres
      Logging__LogLevel__Hermod:                Information
      Logging__LogLevel__Microsoft.AspNetCore:  Warning
      HERMOD_UUID_TRACE_ENABLED:                true
    Mounts:
      /var/run/secrets/kubernetes.io/serviceaccount from kube-api-access-t9f6j (ro)
Conditions:
  Type                        Status
  PodReadyToStartContainers   True 
  Initialized                 True 
  Ready                       True 
  ContainersReady             True 
  PodScheduled                True 
Volumes:
  kube-api-access-t9f6j:
    Type:                    Projected (a volume that contains injected data from multiple sources)
    TokenExpirationSeconds:  3607
    ConfigMapName:           kube-root-ca.crt
    Optional:                false
    DownwardAPI:             true
QoS Class:                   Burstable
Node-Selectors:              <none>
Tolerations:                 node.kubernetes.io/not-ready:NoExecute op=Exists for 300s
                             node.kubernetes.io/unreachable:NoExecute op=Exists for 300s
Events:
  Type    Reason     Age   From               Message
  ----    ------     ----  ----               -------
  Normal  Scheduled  90s   default-scheduler  Successfully assigned coord-only/hermod-coordinator-7f54785469-57gts to <pi-host>
  Normal  Pulled     90s   kubelet            spec.initContainers{wait-for-postgres}: Container image "busybox:1.36" already present on machine
  Normal  Created    89s   kubelet            spec.initContainers{wait-for-postgres}: Created container: wait-for-postgres
  Normal  Started    89s   kubelet            spec.initContainers{wait-for-postgres}: Started container wait-for-postgres
  Normal  Pulled     88s   kubelet            spec.initContainers{wait-for-nanomq}: Container image "busybox:1.36" already present on machine
  Normal  Created    87s   kubelet            spec.initContainers{wait-for-nanomq}: Created container: wait-for-nanomq
  Normal  Started    87s   kubelet            spec.initContainers{wait-for-nanomq}: Started container wait-for-nanomq
  Normal  Pulled     83s   kubelet            spec.containers{hermod-coordinator}: Container image "hermod-coordinator:latest" already present on machine
  Normal  Created    83s   kubelet            spec.containers{hermod-coordinator}: Created container: hermod-coordinator
  Normal  Started    83s   kubelet            spec.containers{hermod-coordinator}: Started container hermod-coordinator


Name:             nanomq-84d7ff9f78-mjr8j
Namespace:        coord-only
Priority:         0
Service Account:  default
Node:             <pi-host>/<pi-ip>
Start Time:       Mon, 27 Apr 2026 08:05:47 +0200
Labels:           app=nanomq
                  pod-template-hash=84d7ff9f78
Annotations:      cni.projectcalico.org/containerID: 2e458f45695cb930774c7edd1eaefbe32746ff854c07edaed8bff56c563d8383
                  cni.projectcalico.org/podIP: <pod-ip>/32
                  cni.projectcalico.org/podIPs: <pod-ip>/32
                  kubectl.kubernetes.io/restartedAt: 2026-04-27T08:05:45+02:00
Status:           Running
IP:               <pod-ip>
IPs:
  IP:           <pod-ip>
Controlled By:  ReplicaSet/nanomq-84d7ff9f78
Containers:
  nanomq:
    Container ID:   containerd://ba1b52c8cdaff99ad609dee35d7b4b9fd9521b8dc75d41041bb6859365501cf6
    Image:          emqx/nanomq:0.21-slim
    Image ID:       docker.io/emqx/nanomq@sha256:53bea7acb547aced1cc45e08c514628f1e41c4da9ad544fd8c5fa96d3e9eb41b
    Ports:          1883/TCP (mqtt), 8081/TCP (http)
    Host Ports:     0/TCP (mqtt), 0/TCP (http)
    State:          Running
      Started:      Mon, 27 Apr 2026 08:05:49 +0200
    Ready:          True
    Restart Count:  0
    Limits:
      cpu:     1
      memory:  512Mi
    Requests:
      cpu:        50m
      memory:     64Mi
    Liveness:     tcp-socket :1883 delay=10s timeout=1s period=10s #success=1 #failure=3
    Readiness:    tcp-socket :1883 delay=3s timeout=1s period=5s #success=1 #failure=3
    Environment:  <none>
    Mounts:
      /etc/nanomq.conf from config (rw,path="nanomq.conf")
      /var/run/secrets/kubernetes.io/serviceaccount from kube-api-access-hgthz (ro)
Conditions:
  Type                        Status
  PodReadyToStartContainers   True 
  Initialized                 True 
  Ready                       True 
  ContainersReady             True 
  PodScheduled                True 
Volumes:
  config:
    Type:      ConfigMap (a volume populated by a ConfigMap)
    Name:      nanomq-config
    Optional:  false
  kube-api-access-hgthz:
    Type:                    Projected (a volume that contains injected data from multiple sources)
    TokenExpirationSeconds:  3607
    ConfigMapName:           kube-root-ca.crt
    Optional:                false
    DownwardAPI:             true
QoS Class:                   Burstable
Node-Selectors:              <none>
Tolerations:                 node.kubernetes.io/not-ready:NoExecute op=Exists for 300s
                             node.kubernetes.io/unreachable:NoExecute op=Exists for 300s
Events:
  Type    Reason     Age   From               Message
  ----    ------     ----  ----               -------
  Normal  Scheduled  90s   default-scheduler  Successfully assigned coord-only/nanomq-84d7ff9f78-mjr8j to <pi-host>
  Normal  Pulled     89s   kubelet            spec.containers{nanomq}: Container image "emqx/nanomq:0.21-slim" already present on machine
  Normal  Created    89s   kubelet            spec.containers{nanomq}: Created container: nanomq
  Normal  Started    88s   kubelet            spec.containers{nanomq}: Started container nanomq


Name:             postgres-0
Namespace:        coord-only
Priority:         0
Service Account:  default
Node:             <pi-host>/<pi-ip>
Start Time:       Mon, 27 Apr 2026 04:16:57 +0200
Labels:           app=postgres
                  apps.kubernetes.io/pod-index=0
                  controller-revision-hash=postgres-6497897965
                  statefulset.kubernetes.io/pod-name=postgres-0
Annotations:      cni.projectcalico.org/containerID: 69fb4823b666d3d2a1395c00ab9b26a33337431372918fb41d9f85f42d91a056
                  cni.projectcalico.org/podIP: <pod-ip>/32
                  cni.projectcalico.org/podIPs: <pod-ip>/32
Status:           Running
IP:               <pod-ip>
IPs:
  IP:           <pod-ip>
Controlled By:  StatefulSet/postgres
Containers:
  postgres:
    Container ID:  containerd://adf8585ccc9b705cf0261f22f8e1c254a24670c72b998bb7a052f31e3a5ae5be
    Image:         postgres:17-alpine
    Image ID:      docker.io/library/postgres@sha256:778d0b486d6daa02b77434d0358ec57a1b21fd8b6d22ac2eef56a33e816928f6
    Port:          5432/TCP
    Host Port:     0/TCP
    Args:
      -c
      shared_buffers=256MB
      -c
      max_connections=200
      -c
      work_mem=16MB
    State:          Running
      Started:      Mon, 27 Apr 2026 04:16:58 +0200
    Ready:          True
    Restart Count:  0
    Limits:
      cpu:     1500m
      memory:  1536Mi
    Requests:
      cpu:      100m
      memory:   256Mi
    Liveness:   exec [pg_isready -U postgres] delay=30s timeout=1s period=10s #success=1 #failure=3
    Readiness:  exec [pg_isready -U postgres] delay=5s timeout=1s period=5s #success=1 #failure=3
    Environment:
      POSTGRES_DB:        postgres
      POSTGRES_USER:      postgres
      POSTGRES_PASSWORD:  <set to the key 'postgres-superuser-password' in secret 'hermod-secrets'>  Optional: false
    Mounts:
      /docker-entrypoint-initdb.d from init (rw)
      /var/lib/postgresql/data from data (rw)
      /var/run/secrets/kubernetes.io/serviceaccount from kube-api-access-79j56 (ro)
Conditions:
  Type                        Status
  PodReadyToStartContainers   True 
  Initialized                 True 
  Ready                       True 
  ContainersReady             True 
  PodScheduled                True 
Volumes:
  data:
    Type:       PersistentVolumeClaim (a reference to a PersistentVolumeClaim in the same namespace)
    ClaimName:  data-postgres-0
    ReadOnly:   false
  init:
    Type:      ConfigMap (a volume populated by a ConfigMap)
    Name:      postgres-init
    Optional:  false
  kube-api-access-79j56:
    Type:                    Projected (a volume that contains injected data from multiple sources)
    TokenExpirationSeconds:  3607
    ConfigMapName:           kube-root-ca.crt
    Optional:                false
    DownwardAPI:             true
QoS Class:                   Burstable
Node-Selectors:              <none>
Tolerations:                 node.kubernetes.io/not-ready:NoExecute op=Exists for 300s
                             node.kubernetes.io/unreachable:NoExecute op=Exists for 300s
Events:                      <none>

=== ts=1777270049 ===
Name:             hermod-coordinator-7f54785469-57gts
Namespace:        coord-only
Priority:         0
Service Account:  default
Node:             <pi-host>/<pi-ip>
Start Time:       Mon, 27 Apr 2026 08:05:47 +0200
Labels:           app=hermod-coordinator
                  pod-template-hash=7f54785469
Annotations:      cni.projectcalico.org/containerID: e961a70f73d61ec4251ac88e34fecb68b298bee0ab42b4894c3eac555d0b8b6d
                  cni.projectcalico.org/podIP: <pod-ip>/32
                  cni.projectcalico.org/podIPs: <pod-ip>/32
                  kubectl.kubernetes.io/restartedAt: 2026-04-27T08:05:45+02:00
Status:           Running
IP:               <pod-ip>
IPs:
  IP:           <pod-ip>
Controlled By:  ReplicaSet/hermod-coordinator-7f54785469
Init Containers:
  wait-for-postgres:
    Container ID:  containerd://86504101a3ede8e597f39e35f2dd9e342eb112c8c7c3c309221949f47a06a9b7
    Image:         busybox:1.36
    Image ID:      docker.io/library/busybox@sha256:73aaf090f3d85aa34ee199857f03fa3a95c8ede2ffd4cc2cdb5b94e566b11662
    Port:          <none>
    Host Port:     <none>
    Command:
      sh
      -c
      until nc -z postgres 5432; do sleep 2; done
    State:          Terminated
      Reason:       Completed
      Exit Code:    0
      Started:      Mon, 27 Apr 2026 08:05:48 +0200
      Finished:     Mon, 27 Apr 2026 08:05:48 +0200
    Ready:          True
    Restart Count:  0
    Environment:
      Hermod__Features__DeviceStateTracking:    true
      Hermod__Engine__LogBatchSize:             100
      Hermod__Engine__LogBatching:              true
      Hermod__Engine__Parallelism:              0
      Hermod__Features__MessagePersistence:     true
      Hermod__Features__RuleAuditLog:           true
      Hermod__Features__RuleCache:              true
      Hermod__Features__StatsRollup:            true
      Hermod__Storage__Mode:                    Postgres
      Logging__LogLevel__Hermod:                Information
      Logging__LogLevel__Microsoft.AspNetCore:  Warning
      HERMOD_UUID_TRACE_ENABLED:                true
    Mounts:
      /var/run/secrets/kubernetes.io/serviceaccount from kube-api-access-t9f6j (ro)
  wait-for-nanomq:
    Container ID:  containerd://d28c97b1c0c976a43db2b75983d2c332664fb5b3ac6524504c05f03adcc4e63f
    Image:         busybox:1.36
    Image ID:      docker.io/library/busybox@sha256:73aaf090f3d85aa34ee199857f03fa3a95c8ede2ffd4cc2cdb5b94e566b11662
    Port:          <none>
    Host Port:     <none>
    Command:
      sh
      -c
      until nc -z nanomq 1883; do sleep 2; done
    State:          Terminated
      Reason:       Completed
      Exit Code:    0
      Started:      Mon, 27 Apr 2026 08:05:50 +0200
      Finished:     Mon, 27 Apr 2026 08:05:53 +0200
    Ready:          True
    Restart Count:  0
    Environment:
      Hermod__Features__DeviceStateTracking:    true
      Hermod__Engine__LogBatchSize:             100
      Hermod__Engine__LogBatching:              true
      Hermod__Engine__Parallelism:              0
      Hermod__Features__MessagePersistence:     true
      Hermod__Features__RuleAuditLog:           true
      Hermod__Features__RuleCache:              true
      Hermod__Features__StatsRollup:            true
      Hermod__Storage__Mode:                    Postgres
      Logging__LogLevel__Hermod:                Information
      Logging__LogLevel__Microsoft.AspNetCore:  Warning
      HERMOD_UUID_TRACE_ENABLED:                true
    Mounts:
      /var/run/secrets/kubernetes.io/serviceaccount from kube-api-access-t9f6j (ro)
Containers:
  hermod-coordinator:
    Container ID:   containerd://02ed37077c8ebe690ded6462852f8682a4757ca81884a36ae3c833ded0d86bad
    Image:          hermod-coordinator:latest
    Image ID:       sha256:ca91ccdfcd269dd5e4e25d5ffe8d863ca5db57e5c4f62f08c8adf90d23c15eaf
    Port:           42069/TCP (http)
    Host Port:      0/TCP (http)
    State:          Running
      Started:      Mon, 27 Apr 2026 08:05:54 +0200
    Ready:          True
    Restart Count:  0
    Limits:
      cpu:     1500m
      memory:  1536Mi
    Requests:
      cpu:      200m
      memory:   256Mi
    Liveness:   http-get http://:42069/healthz delay=60s timeout=1s period=30s #success=1 #failure=3
    Readiness:  http-get http://:42069/healthz/ready delay=5s timeout=1s period=10s #success=1 #failure=3
    Startup:    http-get http://:42069/healthz delay=0s timeout=1s period=5s #success=1 #failure=30
    Environment:
      ASPNETCORE_ENVIRONMENT:                   Production
      ASPNETCORE_URLS:                          http://+:42069
      DOTNET_USE_POLLING_FILE_WATCHER:          true
      Hermod__Security__AuthBypass:             true
      Hermod__Security__VaultRequireHttps:      false
      Hermod__Features__MetricsEndpoint:        true
      Hermod__Dev__Endpoints:                   true
      Hermod__Mqtt__Host:                       nanomq
      Hermod__Mqtt__Port:                       1883
      Hermod__Mqtt__UseTls:                     false
      Hermod__Mqtt__Tls__UseTls:                false
      Hermod__Mqtt__Username:                   <set to the key 'mqtt-username' in secret 'hermod-secrets'>  Optional: false
      Hermod__Mqtt__Password:                   <set to the key 'mqtt-password' in secret 'hermod-secrets'>  Optional: false
      Hermod__Database__ConnectionString:       Host=postgres;Port=5432;Database=hermod;Username=hermod_app
      Hermod__Database__Password:               <set to the key 'hermod-db-password' in secret 'hermod-db-credentials'>  Optional: false
      Hermod__Features__DeviceStateTracking:    true
      Hermod__Engine__LogBatchSize:             100
      Hermod__Engine__LogBatching:              true
      Hermod__Engine__Parallelism:              0
      Hermod__Features__MessagePersistence:     true
      Hermod__Features__RuleAuditLog:           true
      Hermod__Features__RuleCache:              true
      Hermod__Features__StatsRollup:            true
      Hermod__Storage__Mode:                    Postgres
      Logging__LogLevel__Hermod:                Information
      Logging__LogLevel__Microsoft.AspNetCore:  Warning
      HERMOD_UUID_TRACE_ENABLED:                true
    Mounts:
      /var/run/secrets/kubernetes.io/serviceaccount from kube-api-access-t9f6j (ro)
Conditions:
  Type                        Status
  PodReadyToStartContainers   True 
  Initialized                 True 
  Ready                       True 
  ContainersReady             True 
  PodScheduled                True 
Volumes:
  kube-api-access-t9f6j:
    Type:                    Projected (a volume that contains injected data from multiple sources)
    TokenExpirationSeconds:  3607
    ConfigMapName:           kube-root-ca.crt
    Optional:                false
    DownwardAPI:             true
QoS Class:                   Burstable
Node-Selectors:              <none>
Tolerations:                 node.kubernetes.io/not-ready:NoExecute op=Exists for 300s
                             node.kubernetes.io/unreachable:NoExecute op=Exists for 300s
Events:
  Type    Reason     Age   From               Message
  ----    ------     ----  ----               -------
  Normal  Scheduled  102s  default-scheduler  Successfully assigned coord-only/hermod-coordinator-7f54785469-57gts to <pi-host>
  Normal  Pulled     102s  kubelet            spec.initContainers{wait-for-postgres}: Container image "busybox:1.36" already present on machine
  Normal  Created    101s  kubelet            spec.initContainers{wait-for-postgres}: Created container: wait-for-postgres
  Normal  Started    101s  kubelet            spec.initContainers{wait-for-postgres}: Started container wait-for-postgres
  Normal  Pulled     100s  kubelet            spec.initContainers{wait-for-nanomq}: Container image "busybox:1.36" already present on machine
  Normal  Created    99s   kubelet            spec.initContainers{wait-for-nanomq}: Created container: wait-for-nanomq
  Normal  Started    99s   kubelet            spec.initContainers{wait-for-nanomq}: Started container wait-for-nanomq
  Normal  Pulled     95s   kubelet            spec.containers{hermod-coordinator}: Container image "hermod-coordinator:latest" already present on machine
  Normal  Created    95s   kubelet            spec.containers{hermod-coordinator}: Created container: hermod-coordinator
  Normal  Started    95s   kubelet            spec.containers{hermod-coordinator}: Started container hermod-coordinator


Name:             nanomq-84d7ff9f78-mjr8j
Namespace:        coord-only
Priority:         0
Service Account:  default
Node:             <pi-host>/<pi-ip>
Start Time:       Mon, 27 Apr 2026 08:05:47 +0200
Labels:           app=nanomq
                  pod-template-hash=84d7ff9f78
Annotations:      cni.projectcalico.org/containerID: 2e458f45695cb930774c7edd1eaefbe32746ff854c07edaed8bff56c563d8383
                  cni.projectcalico.org/podIP: <pod-ip>/32
                  cni.projectcalico.org/podIPs: <pod-ip>/32
                  kubectl.kubernetes.io/restartedAt: 2026-04-27T08:05:45+02:00
Status:           Running
IP:               <pod-ip>
IPs:
  IP:           <pod-ip>
Controlled By:  ReplicaSet/nanomq-84d7ff9f78
Containers:
  nanomq:
    Container ID:   containerd://ba1b52c8cdaff99ad609dee35d7b4b9fd9521b8dc75d41041bb6859365501cf6
    Image:          emqx/nanomq:0.21-slim
    Image ID:       docker.io/emqx/nanomq@sha256:53bea7acb547aced1cc45e08c514628f1e41c4da9ad544fd8c5fa96d3e9eb41b
    Ports:          1883/TCP (mqtt), 8081/TCP (http)
    Host Ports:     0/TCP (mqtt), 0/TCP (http)
    State:          Running
      Started:      Mon, 27 Apr 2026 08:05:49 +0200
    Ready:          True
    Restart Count:  0
    Limits:
      cpu:     1
      memory:  512Mi
    Requests:
      cpu:        50m
      memory:     64Mi
    Liveness:     tcp-socket :1883 delay=10s timeout=1s period=10s #success=1 #failure=3
    Readiness:    tcp-socket :1883 delay=3s timeout=1s period=5s #success=1 #failure=3
    Environment:  <none>
    Mounts:
      /etc/nanomq.conf from config (rw,path="nanomq.conf")
      /var/run/secrets/kubernetes.io/serviceaccount from kube-api-access-hgthz (ro)
Conditions:
  Type                        Status
  PodReadyToStartContainers   True 
  Initialized                 True 
  Ready                       True 
  ContainersReady             True 
  PodScheduled                True 
Volumes:
  config:
    Type:      ConfigMap (a volume populated by a ConfigMap)
    Name:      nanomq-config
    Optional:  false
  kube-api-access-hgthz:
    Type:                    Projected (a volume that contains injected data from multiple sources)
    TokenExpirationSeconds:  3607
    ConfigMapName:           kube-root-ca.crt
    Optional:                false
    DownwardAPI:             true
QoS Class:                   Burstable
Node-Selectors:              <none>
Tolerations:                 node.kubernetes.io/not-ready:NoExecute op=Exists for 300s
                             node.kubernetes.io/unreachable:NoExecute op=Exists for 300s
Events:
  Type    Reason     Age   From               Message
  ----    ------     ----  ----               -------
  Normal  Scheduled  102s  default-scheduler  Successfully assigned coord-only/nanomq-84d7ff9f78-mjr8j to <pi-host>
  Normal  Pulled     101s  kubelet            spec.containers{nanomq}: Container image "emqx/nanomq:0.21-slim" already present on machine
  Normal  Created    101s  kubelet            spec.containers{nanomq}: Created container: nanomq
  Normal  Started    100s  kubelet            spec.containers{nanomq}: Started container nanomq


Name:             postgres-0
Namespace:        coord-only
Priority:         0
Service Account:  default
Node:             <pi-host>/<pi-ip>
Start Time:       Mon, 27 Apr 2026 04:16:57 +0200
Labels:           app=postgres
                  apps.kubernetes.io/pod-index=0
                  controller-revision-hash=postgres-6497897965
                  statefulset.kubernetes.io/pod-name=postgres-0
Annotations:      cni.projectcalico.org/containerID: 69fb4823b666d3d2a1395c00ab9b26a33337431372918fb41d9f85f42d91a056
                  cni.projectcalico.org/podIP: <pod-ip>/32
                  cni.projectcalico.org/podIPs: <pod-ip>/32
Status:           Running
IP:               <pod-ip>
IPs:
  IP:           <pod-ip>
Controlled By:  StatefulSet/postgres
Containers:
  postgres:
    Container ID:  containerd://adf8585ccc9b705cf0261f22f8e1c254a24670c72b998bb7a052f31e3a5ae5be
    Image:         postgres:17-alpine
    Image ID:      docker.io/library/postgres@sha256:778d0b486d6daa02b77434d0358ec57a1b21fd8b6d22ac2eef56a33e816928f6
    Port:          5432/TCP
    Host Port:     0/TCP
    Args:
      -c
      shared_buffers=256MB
      -c
      max_connections=200
      -c
      work_mem=16MB
    State:          Running
      Started:      Mon, 27 Apr 2026 04:16:58 +0200
    Ready:          True
    Restart Count:  0
    Limits:
      cpu:     1500m
      memory:  1536Mi
    Requests:
      cpu:      100m
      memory:   256Mi
    Liveness:   exec [pg_isready -U postgres] delay=30s timeout=1s period=10s #success=1 #failure=3
    Readiness:  exec [pg_isready -U postgres] delay=5s timeout=1s period=5s #success=1 #failure=3
    Environment:
      POSTGRES_DB:        postgres
      POSTGRES_USER:      postgres
      POSTGRES_PASSWORD:  <set to the key 'postgres-superuser-password' in secret 'hermod-secrets'>  Optional: false
    Mounts:
      /docker-entrypoint-initdb.d from init (rw)
      /var/lib/postgresql/data from data (rw)
      /var/run/secrets/kubernetes.io/serviceaccount from kube-api-access-79j56 (ro)
Conditions:
  Type                        Status
  PodReadyToStartContainers   True 
  Initialized                 True 
  Ready                       True 
  ContainersReady             True 
  PodScheduled                True 
Volumes:
  data:
    Type:       PersistentVolumeClaim (a reference to a PersistentVolumeClaim in the same namespace)
    ClaimName:  data-postgres-0
    ReadOnly:   false
  init:
    Type:      ConfigMap (a volume populated by a ConfigMap)
    Name:      postgres-init
    Optional:  false
  kube-api-access-79j56:
    Type:                    Projected (a volume that contains injected data from multiple sources)
    TokenExpirationSeconds:  3607
    ConfigMapName:           kube-root-ca.crt
    Optional:                false
    DownwardAPI:             true
QoS Class:                   Burstable
Node-Selectors:              <none>
Tolerations:                 node.kubernetes.io/not-ready:NoExecute op=Exists for 300s
                             node.kubernetes.io/unreachable:NoExecute op=Exists for 300s
Events:                      <none>

=== ts=1777270060 ===
Name:             hermod-coordinator-7f54785469-57gts
Namespace:        coord-only
Priority:         0
Service Account:  default
Node:             <pi-host>/<pi-ip>
Start Time:       Mon, 27 Apr 2026 08:05:47 +0200
Labels:           app=hermod-coordinator
                  pod-template-hash=7f54785469
Annotations:      cni.projectcalico.org/containerID: e961a70f73d61ec4251ac88e34fecb68b298bee0ab42b4894c3eac555d0b8b6d
                  cni.projectcalico.org/podIP: <pod-ip>/32
                  cni.projectcalico.org/podIPs: <pod-ip>/32
                  kubectl.kubernetes.io/restartedAt: 2026-04-27T08:05:45+02:00
Status:           Running
IP:               <pod-ip>
IPs:
  IP:           <pod-ip>
Controlled By:  ReplicaSet/hermod-coordinator-7f54785469
Init Containers:
  wait-for-postgres:
    Container ID:  containerd://86504101a3ede8e597f39e35f2dd9e342eb112c8c7c3c309221949f47a06a9b7
    Image:         busybox:1.36
    Image ID:      docker.io/library/busybox@sha256:73aaf090f3d85aa34ee199857f03fa3a95c8ede2ffd4cc2cdb5b94e566b11662
    Port:          <none>
    Host Port:     <none>
    Command:
      sh
      -c
      until nc -z postgres 5432; do sleep 2; done
    State:          Terminated
      Reason:       Completed
      Exit Code:    0
      Started:      Mon, 27 Apr 2026 08:05:48 +0200
      Finished:     Mon, 27 Apr 2026 08:05:48 +0200
    Ready:          True
    Restart Count:  0
    Environment:
      Hermod__Features__DeviceStateTracking:    true
      Hermod__Engine__LogBatchSize:             100
      Hermod__Engine__LogBatching:              true
      Hermod__Engine__Parallelism:              0
      Hermod__Features__MessagePersistence:     true
      Hermod__Features__RuleAuditLog:           true
      Hermod__Features__RuleCache:              true
      Hermod__Features__StatsRollup:            true
      Hermod__Storage__Mode:                    Postgres
      Logging__LogLevel__Hermod:                Information
      Logging__LogLevel__Microsoft.AspNetCore:  Warning
      HERMOD_UUID_TRACE_ENABLED:                true
    Mounts:
      /var/run/secrets/kubernetes.io/serviceaccount from kube-api-access-t9f6j (ro)
  wait-for-nanomq:
    Container ID:  containerd://d28c97b1c0c976a43db2b75983d2c332664fb5b3ac6524504c05f03adcc4e63f
    Image:         busybox:1.36
    Image ID:      docker.io/library/busybox@sha256:73aaf090f3d85aa34ee199857f03fa3a95c8ede2ffd4cc2cdb5b94e566b11662
    Port:          <none>
    Host Port:     <none>
    Command:
      sh
      -c
      until nc -z nanomq 1883; do sleep 2; done
    State:          Terminated
      Reason:       Completed
      Exit Code:    0
      Started:      Mon, 27 Apr 2026 08:05:50 +0200
      Finished:     Mon, 27 Apr 2026 08:05:53 +0200
    Ready:          True
    Restart Count:  0
    Environment:
      Hermod__Features__DeviceStateTracking:    true
      Hermod__Engine__LogBatchSize:             100
      Hermod__Engine__LogBatching:              true
      Hermod__Engine__Parallelism:              0
      Hermod__Features__MessagePersistence:     true
      Hermod__Features__RuleAuditLog:           true
      Hermod__Features__RuleCache:              true
      Hermod__Features__StatsRollup:            true
      Hermod__Storage__Mode:                    Postgres
      Logging__LogLevel__Hermod:                Information
      Logging__LogLevel__Microsoft.AspNetCore:  Warning
      HERMOD_UUID_TRACE_ENABLED:                true
    Mounts:
      /var/run/secrets/kubernetes.io/serviceaccount from kube-api-access-t9f6j (ro)
Containers:
  hermod-coordinator:
    Container ID:   containerd://02ed37077c8ebe690ded6462852f8682a4757ca81884a36ae3c833ded0d86bad
    Image:          hermod-coordinator:latest
    Image ID:       sha256:ca91ccdfcd269dd5e4e25d5ffe8d863ca5db57e5c4f62f08c8adf90d23c15eaf
    Port:           42069/TCP (http)
    Host Port:      0/TCP (http)
    State:          Running
      Started:      Mon, 27 Apr 2026 08:05:54 +0200
    Ready:          True
    Restart Count:  0
    Limits:
      cpu:     1500m
      memory:  1536Mi
    Requests:
      cpu:      200m
      memory:   256Mi
    Liveness:   http-get http://:42069/healthz delay=60s timeout=1s period=30s #success=1 #failure=3
    Readiness:  http-get http://:42069/healthz/ready delay=5s timeout=1s period=10s #success=1 #failure=3
    Startup:    http-get http://:42069/healthz delay=0s timeout=1s period=5s #success=1 #failure=30
    Environment:
      ASPNETCORE_ENVIRONMENT:                   Production
      ASPNETCORE_URLS:                          http://+:42069
      DOTNET_USE_POLLING_FILE_WATCHER:          true
      Hermod__Security__AuthBypass:             true
      Hermod__Security__VaultRequireHttps:      false
      Hermod__Features__MetricsEndpoint:        true
      Hermod__Dev__Endpoints:                   true
      Hermod__Mqtt__Host:                       nanomq
      Hermod__Mqtt__Port:                       1883
      Hermod__Mqtt__UseTls:                     false
      Hermod__Mqtt__Tls__UseTls:                false
      Hermod__Mqtt__Username:                   <set to the key 'mqtt-username' in secret 'hermod-secrets'>  Optional: false
      Hermod__Mqtt__Password:                   <set to the key 'mqtt-password' in secret 'hermod-secrets'>  Optional: false
      Hermod__Database__ConnectionString:       Host=postgres;Port=5432;Database=hermod;Username=hermod_app
      Hermod__Database__Password:               <set to the key 'hermod-db-password' in secret 'hermod-db-credentials'>  Optional: false
      Hermod__Features__DeviceStateTracking:    true
      Hermod__Engine__LogBatchSize:             100
      Hermod__Engine__LogBatching:              true
      Hermod__Engine__Parallelism:              0
      Hermod__Features__MessagePersistence:     true
      Hermod__Features__RuleAuditLog:           true
      Hermod__Features__RuleCache:              true
      Hermod__Features__StatsRollup:            true
      Hermod__Storage__Mode:                    Postgres
      Logging__LogLevel__Hermod:                Information
      Logging__LogLevel__Microsoft.AspNetCore:  Warning
      HERMOD_UUID_TRACE_ENABLED:                true
    Mounts:
      /var/run/secrets/kubernetes.io/serviceaccount from kube-api-access-t9f6j (ro)
Conditions:
  Type                        Status
  PodReadyToStartContainers   True 
  Initialized                 True 
  Ready                       True 
  ContainersReady             True 
  PodScheduled                True 
Volumes:
  kube-api-access-t9f6j:
    Type:                    Projected (a volume that contains injected data from multiple sources)
    TokenExpirationSeconds:  3607
    ConfigMapName:           kube-root-ca.crt
    Optional:                false
    DownwardAPI:             true
QoS Class:                   Burstable
Node-Selectors:              <none>
Tolerations:                 node.kubernetes.io/not-ready:NoExecute op=Exists for 300s
                             node.kubernetes.io/unreachable:NoExecute op=Exists for 300s
Events:
  Type    Reason     Age   From               Message
  ----    ------     ----  ----               -------
  Normal  Scheduled  113s  default-scheduler  Successfully assigned coord-only/hermod-coordinator-7f54785469-57gts to <pi-host>
  Normal  Pulled     113s  kubelet            spec.initContainers{wait-for-postgres}: Container image "busybox:1.36" already present on machine
  Normal  Created    112s  kubelet            spec.initContainers{wait-for-postgres}: Created container: wait-for-postgres
  Normal  Started    112s  kubelet            spec.initContainers{wait-for-postgres}: Started container wait-for-postgres
  Normal  Pulled     111s  kubelet            spec.initContainers{wait-for-nanomq}: Container image "busybox:1.36" already present on machine
  Normal  Created    110s  kubelet            spec.initContainers{wait-for-nanomq}: Created container: wait-for-nanomq
  Normal  Started    110s  kubelet            spec.initContainers{wait-for-nanomq}: Started container wait-for-nanomq
  Normal  Pulled     106s  kubelet            spec.containers{hermod-coordinator}: Container image "hermod-coordinator:latest" already present on machine
  Normal  Created    106s  kubelet            spec.containers{hermod-coordinator}: Created container: hermod-coordinator
  Normal  Started    106s  kubelet            spec.containers{hermod-coordinator}: Started container hermod-coordinator


Name:             nanomq-84d7ff9f78-mjr8j
Namespace:        coord-only
Priority:         0
Service Account:  default
Node:             <pi-host>/<pi-ip>
Start Time:       Mon, 27 Apr 2026 08:05:47 +0200
Labels:           app=nanomq
                  pod-template-hash=84d7ff9f78
Annotations:      cni.projectcalico.org/containerID: 2e458f45695cb930774c7edd1eaefbe32746ff854c07edaed8bff56c563d8383
                  cni.projectcalico.org/podIP: <pod-ip>/32
                  cni.projectcalico.org/podIPs: <pod-ip>/32
                  kubectl.kubernetes.io/restartedAt: 2026-04-27T08:05:45+02:00
Status:           Running
IP:               <pod-ip>
IPs:
  IP:           <pod-ip>
Controlled By:  ReplicaSet/nanomq-84d7ff9f78
Containers:
  nanomq:
    Container ID:   containerd://ba1b52c8cdaff99ad609dee35d7b4b9fd9521b8dc75d41041bb6859365501cf6
    Image:          emqx/nanomq:0.21-slim
    Image ID:       docker.io/emqx/nanomq@sha256:53bea7acb547aced1cc45e08c514628f1e41c4da9ad544fd8c5fa96d3e9eb41b
    Ports:          1883/TCP (mqtt), 8081/TCP (http)
    Host Ports:     0/TCP (mqtt), 0/TCP (http)
    State:          Running
      Started:      Mon, 27 Apr 2026 08:05:49 +0200
    Ready:          True
    Restart Count:  0
    Limits:
      cpu:     1
      memory:  512Mi
    Requests:
      cpu:        50m
      memory:     64Mi
    Liveness:     tcp-socket :1883 delay=10s timeout=1s period=10s #success=1 #failure=3
    Readiness:    tcp-socket :1883 delay=3s timeout=1s period=5s #success=1 #failure=3
    Environment:  <none>
    Mounts:
      /etc/nanomq.conf from config (rw,path="nanomq.conf")
      /var/run/secrets/kubernetes.io/serviceaccount from kube-api-access-hgthz (ro)
Conditions:
  Type                        Status
  PodReadyToStartContainers   True 
  Initialized                 True 
  Ready                       True 
  ContainersReady             True 
  PodScheduled                True 
Volumes:
  config:
    Type:      ConfigMap (a volume populated by a ConfigMap)
    Name:      nanomq-config
    Optional:  false
  kube-api-access-hgthz:
    Type:                    Projected (a volume that contains injected data from multiple sources)
    TokenExpirationSeconds:  3607
    ConfigMapName:           kube-root-ca.crt
    Optional:                false
    DownwardAPI:             true
QoS Class:                   Burstable
Node-Selectors:              <none>
Tolerations:                 node.kubernetes.io/not-ready:NoExecute op=Exists for 300s
                             node.kubernetes.io/unreachable:NoExecute op=Exists for 300s
Events:
  Type    Reason     Age   From               Message
  ----    ------     ----  ----               -------
  Normal  Scheduled  113s  default-scheduler  Successfully assigned coord-only/nanomq-84d7ff9f78-mjr8j to <pi-host>
  Normal  Pulled     112s  kubelet            spec.containers{nanomq}: Container image "emqx/nanomq:0.21-slim" already present on machine
  Normal  Created    112s  kubelet            spec.containers{nanomq}: Created container: nanomq
  Normal  Started    111s  kubelet            spec.containers{nanomq}: Started container nanomq


Name:             postgres-0
Namespace:        coord-only
Priority:         0
Service Account:  default
Node:             <pi-host>/<pi-ip>
Start Time:       Mon, 27 Apr 2026 04:16:57 +0200
Labels:           app=postgres
                  apps.kubernetes.io/pod-index=0
                  controller-revision-hash=postgres-6497897965
                  statefulset.kubernetes.io/pod-name=postgres-0
Annotations:      cni.projectcalico.org/containerID: 69fb4823b666d3d2a1395c00ab9b26a33337431372918fb41d9f85f42d91a056
                  cni.projectcalico.org/podIP: <pod-ip>/32
                  cni.projectcalico.org/podIPs: <pod-ip>/32
Status:           Running
IP:               <pod-ip>
IPs:
  IP:           <pod-ip>
Controlled By:  StatefulSet/postgres
Containers:
  postgres:
    Container ID:  containerd://adf8585ccc9b705cf0261f22f8e1c254a24670c72b998bb7a052f31e3a5ae5be
    Image:         postgres:17-alpine
    Image ID:      docker.io/library/postgres@sha256:778d0b486d6daa02b77434d0358ec57a1b21fd8b6d22ac2eef56a33e816928f6
    Port:          5432/TCP
    Host Port:     0/TCP
    Args:
      -c
      shared_buffers=256MB
      -c
      max_connections=200
      -c
      work_mem=16MB
    State:          Running
      Started:      Mon, 27 Apr 2026 04:16:58 +0200
    Ready:          True
    Restart Count:  0
    Limits:
      cpu:     1500m
      memory:  1536Mi
    Requests:
      cpu:      100m
      memory:   256Mi
    Liveness:   exec [pg_isready -U postgres] delay=30s timeout=1s period=10s #success=1 #failure=3
    Readiness:  exec [pg_isready -U postgres] delay=5s timeout=1s period=5s #success=1 #failure=3
    Environment:
      POSTGRES_DB:        postgres
      POSTGRES_USER:      postgres
      POSTGRES_PASSWORD:  <set to the key 'postgres-superuser-password' in secret 'hermod-secrets'>  Optional: false
    Mounts:
      /docker-entrypoint-initdb.d from init (rw)
      /var/lib/postgresql/data from data (rw)
      /var/run/secrets/kubernetes.io/serviceaccount from kube-api-access-79j56 (ro)
Conditions:
  Type                        Status
  PodReadyToStartContainers   True 
  Initialized                 True 
  Ready                       True 
  ContainersReady             True 
  PodScheduled                True 
Volumes:
  data:
    Type:       PersistentVolumeClaim (a reference to a PersistentVolumeClaim in the same namespace)
    ClaimName:  data-postgres-0
    ReadOnly:   false
  init:
    Type:      ConfigMap (a volume populated by a ConfigMap)
    Name:      postgres-init
    Optional:  false
  kube-api-access-79j56:
    Type:                    Projected (a volume that contains injected data from multiple sources)
    TokenExpirationSeconds:  3607
    ConfigMapName:           kube-root-ca.crt
    Optional:                false
    DownwardAPI:             true
QoS Class:                   Burstable
Node-Selectors:              <none>
Tolerations:                 node.kubernetes.io/not-ready:NoExecute op=Exists for 300s
                             node.kubernetes.io/unreachable:NoExecute op=Exists for 300s
Events:                      <none>

=== ts=1777270071 ===
Name:             hermod-coordinator-7f54785469-57gts
Namespace:        coord-only
Priority:         0
Service Account:  default
Node:             <pi-host>/<pi-ip>
Start Time:       Mon, 27 Apr 2026 08:05:47 +0200
Labels:           app=hermod-coordinator
                  pod-template-hash=7f54785469
Annotations:      cni.projectcalico.org/containerID: e961a70f73d61ec4251ac88e34fecb68b298bee0ab42b4894c3eac555d0b8b6d
                  cni.projectcalico.org/podIP: <pod-ip>/32
                  cni.projectcalico.org/podIPs: <pod-ip>/32
                  kubectl.kubernetes.io/restartedAt: 2026-04-27T08:05:45+02:00
Status:           Running
IP:               <pod-ip>
IPs:
  IP:           <pod-ip>
Controlled By:  ReplicaSet/hermod-coordinator-7f54785469
Init Containers:
  wait-for-postgres:
    Container ID:  containerd://86504101a3ede8e597f39e35f2dd9e342eb112c8c7c3c309221949f47a06a9b7
    Image:         busybox:1.36
    Image ID:      docker.io/library/busybox@sha256:73aaf090f3d85aa34ee199857f03fa3a95c8ede2ffd4cc2cdb5b94e566b11662
    Port:          <none>
    Host Port:     <none>
    Command:
      sh
      -c
      until nc -z postgres 5432; do sleep 2; done
    State:          Terminated
      Reason:       Completed
      Exit Code:    0
      Started:      Mon, 27 Apr 2026 08:05:48 +0200
      Finished:     Mon, 27 Apr 2026 08:05:48 +0200
    Ready:          True
    Restart Count:  0
    Environment:
      Hermod__Features__DeviceStateTracking:    true
      Hermod__Engine__LogBatchSize:             100
      Hermod__Engine__LogBatching:              true
      Hermod__Engine__Parallelism:              0
      Hermod__Features__MessagePersistence:     true
      Hermod__Features__RuleAuditLog:           true
      Hermod__Features__RuleCache:              true
      Hermod__Features__StatsRollup:            true
      Hermod__Storage__Mode:                    Postgres
      Logging__LogLevel__Hermod:                Information
      Logging__LogLevel__Microsoft.AspNetCore:  Warning
      HERMOD_UUID_TRACE_ENABLED:                true
    Mounts:
      /var/run/secrets/kubernetes.io/serviceaccount from kube-api-access-t9f6j (ro)
  wait-for-nanomq:
    Container ID:  containerd://d28c97b1c0c976a43db2b75983d2c332664fb5b3ac6524504c05f03adcc4e63f
    Image:         busybox:1.36
    Image ID:      docker.io/library/busybox@sha256:73aaf090f3d85aa34ee199857f03fa3a95c8ede2ffd4cc2cdb5b94e566b11662
    Port:          <none>
    Host Port:     <none>
    Command:
      sh
      -c
      until nc -z nanomq 1883; do sleep 2; done
    State:          Terminated
      Reason:       Completed
      Exit Code:    0
      Started:      Mon, 27 Apr 2026 08:05:50 +0200
      Finished:     Mon, 27 Apr 2026 08:05:53 +0200
    Ready:          True
    Restart Count:  0
    Environment:
      Hermod__Features__DeviceStateTracking:    true
      Hermod__Engine__LogBatchSize:             100
      Hermod__Engine__LogBatching:              true
      Hermod__Engine__Parallelism:              0
      Hermod__Features__MessagePersistence:     true
      Hermod__Features__RuleAuditLog:           true
      Hermod__Features__RuleCache:              true
      Hermod__Features__StatsRollup:            true
      Hermod__Storage__Mode:                    Postgres
      Logging__LogLevel__Hermod:                Information
      Logging__LogLevel__Microsoft.AspNetCore:  Warning
      HERMOD_UUID_TRACE_ENABLED:                true
    Mounts:
      /var/run/secrets/kubernetes.io/serviceaccount from kube-api-access-t9f6j (ro)
Containers:
  hermod-coordinator:
    Container ID:   containerd://02ed37077c8ebe690ded6462852f8682a4757ca81884a36ae3c833ded0d86bad
    Image:          hermod-coordinator:latest
    Image ID:       sha256:ca91ccdfcd269dd5e4e25d5ffe8d863ca5db57e5c4f62f08c8adf90d23c15eaf
    Port:           42069/TCP (http)
    Host Port:      0/TCP (http)
    State:          Running
      Started:      Mon, 27 Apr 2026 08:05:54 +0200
    Ready:          True
    Restart Count:  0
    Limits:
      cpu:     1500m
      memory:  1536Mi
    Requests:
      cpu:      200m
      memory:   256Mi
    Liveness:   http-get http://:42069/healthz delay=60s timeout=1s period=30s #success=1 #failure=3
    Readiness:  http-get http://:42069/healthz/ready delay=5s timeout=1s period=10s #success=1 #failure=3
    Startup:    http-get http://:42069/healthz delay=0s timeout=1s period=5s #success=1 #failure=30
    Environment:
      ASPNETCORE_ENVIRONMENT:                   Production
      ASPNETCORE_URLS:                          http://+:42069
      DOTNET_USE_POLLING_FILE_WATCHER:          true
      Hermod__Security__AuthBypass:             true
      Hermod__Security__VaultRequireHttps:      false
      Hermod__Features__MetricsEndpoint:        true
      Hermod__Dev__Endpoints:                   true
      Hermod__Mqtt__Host:                       nanomq
      Hermod__Mqtt__Port:                       1883
      Hermod__Mqtt__UseTls:                     false
      Hermod__Mqtt__Tls__UseTls:                false
      Hermod__Mqtt__Username:                   <set to the key 'mqtt-username' in secret 'hermod-secrets'>  Optional: false
      Hermod__Mqtt__Password:                   <set to the key 'mqtt-password' in secret 'hermod-secrets'>  Optional: false
      Hermod__Database__ConnectionString:       Host=postgres;Port=5432;Database=hermod;Username=hermod_app
      Hermod__Database__Password:               <set to the key 'hermod-db-password' in secret 'hermod-db-credentials'>  Optional: false
      Hermod__Features__DeviceStateTracking:    true
      Hermod__Engine__LogBatchSize:             100
      Hermod__Engine__LogBatching:              true
      Hermod__Engine__Parallelism:              0
      Hermod__Features__MessagePersistence:     true
      Hermod__Features__RuleAuditLog:           true
      Hermod__Features__RuleCache:              true
      Hermod__Features__StatsRollup:            true
      Hermod__Storage__Mode:                    Postgres
      Logging__LogLevel__Hermod:                Information
      Logging__LogLevel__Microsoft.AspNetCore:  Warning
      HERMOD_UUID_TRACE_ENABLED:                true
    Mounts:
      /var/run/secrets/kubernetes.io/serviceaccount from kube-api-access-t9f6j (ro)
Conditions:
  Type                        Status
  PodReadyToStartContainers   True 
  Initialized                 True 
  Ready                       True 
  ContainersReady             True 
  PodScheduled                True 
Volumes:
  kube-api-access-t9f6j:
    Type:                    Projected (a volume that contains injected data from multiple sources)
    TokenExpirationSeconds:  3607
    ConfigMapName:           kube-root-ca.crt
    Optional:                false
    DownwardAPI:             true
QoS Class:                   Burstable
Node-Selectors:              <none>
Tolerations:                 node.kubernetes.io/not-ready:NoExecute op=Exists for 300s
                             node.kubernetes.io/unreachable:NoExecute op=Exists for 300s
Events:
  Type    Reason     Age   From               Message
  ----    ------     ----  ----               -------
  Normal  Scheduled  2m4s  default-scheduler  Successfully assigned coord-only/hermod-coordinator-7f54785469-57gts to <pi-host>
  Normal  Pulled     2m4s  kubelet            spec.initContainers{wait-for-postgres}: Container image "busybox:1.36" already present on machine
  Normal  Created    2m3s  kubelet            spec.initContainers{wait-for-postgres}: Created container: wait-for-postgres
  Normal  Started    2m3s  kubelet            spec.initContainers{wait-for-postgres}: Started container wait-for-postgres
  Normal  Pulled     2m2s  kubelet            spec.initContainers{wait-for-nanomq}: Container image "busybox:1.36" already present on machine
  Normal  Created    2m1s  kubelet            spec.initContainers{wait-for-nanomq}: Created container: wait-for-nanomq
  Normal  Started    2m1s  kubelet            spec.initContainers{wait-for-nanomq}: Started container wait-for-nanomq
  Normal  Pulled     117s  kubelet            spec.containers{hermod-coordinator}: Container image "hermod-coordinator:latest" already present on machine
  Normal  Created    117s  kubelet            spec.containers{hermod-coordinator}: Created container: hermod-coordinator
  Normal  Started    117s  kubelet            spec.containers{hermod-coordinator}: Started container hermod-coordinator


Name:             nanomq-84d7ff9f78-mjr8j
Namespace:        coord-only
Priority:         0
Service Account:  default
Node:             <pi-host>/<pi-ip>
Start Time:       Mon, 27 Apr 2026 08:05:47 +0200
Labels:           app=nanomq
                  pod-template-hash=84d7ff9f78
Annotations:      cni.projectcalico.org/containerID: 2e458f45695cb930774c7edd1eaefbe32746ff854c07edaed8bff56c563d8383
                  cni.projectcalico.org/podIP: <pod-ip>/32
                  cni.projectcalico.org/podIPs: <pod-ip>/32
                  kubectl.kubernetes.io/restartedAt: 2026-04-27T08:05:45+02:00
Status:           Running
IP:               <pod-ip>
IPs:
  IP:           <pod-ip>
Controlled By:  ReplicaSet/nanomq-84d7ff9f78
Containers:
  nanomq:
    Container ID:   containerd://ba1b52c8cdaff99ad609dee35d7b4b9fd9521b8dc75d41041bb6859365501cf6
    Image:          emqx/nanomq:0.21-slim
    Image ID:       docker.io/emqx/nanomq@sha256:53bea7acb547aced1cc45e08c514628f1e41c4da9ad544fd8c5fa96d3e9eb41b
    Ports:          1883/TCP (mqtt), 8081/TCP (http)
    Host Ports:     0/TCP (mqtt), 0/TCP (http)
    State:          Running
      Started:      Mon, 27 Apr 2026 08:05:49 +0200
    Ready:          True
    Restart Count:  0
    Limits:
      cpu:     1
      memory:  512Mi
    Requests:
      cpu:        50m
      memory:     64Mi
    Liveness:     tcp-socket :1883 delay=10s timeout=1s period=10s #success=1 #failure=3
    Readiness:    tcp-socket :1883 delay=3s timeout=1s period=5s #success=1 #failure=3
    Environment:  <none>
    Mounts:
      /etc/nanomq.conf from config (rw,path="nanomq.conf")
      /var/run/secrets/kubernetes.io/serviceaccount from kube-api-access-hgthz (ro)
Conditions:
  Type                        Status
  PodReadyToStartContainers   True 
  Initialized                 True 
  Ready                       True 
  ContainersReady             True 
  PodScheduled                True 
Volumes:
  config:
    Type:      ConfigMap (a volume populated by a ConfigMap)
    Name:      nanomq-config
    Optional:  false
  kube-api-access-hgthz:
    Type:                    Projected (a volume that contains injected data from multiple sources)
    TokenExpirationSeconds:  3607
    ConfigMapName:           kube-root-ca.crt
    Optional:                false
    DownwardAPI:             true
QoS Class:                   Burstable
Node-Selectors:              <none>
Tolerations:                 node.kubernetes.io/not-ready:NoExecute op=Exists for 300s
                             node.kubernetes.io/unreachable:NoExecute op=Exists for 300s
Events:
  Type    Reason     Age   From               Message
  ----    ------     ----  ----               -------
  Normal  Scheduled  2m4s  default-scheduler  Successfully assigned coord-only/nanomq-84d7ff9f78-mjr8j to <pi-host>
  Normal  Pulled     2m3s  kubelet            spec.containers{nanomq}: Container image "emqx/nanomq:0.21-slim" already present on machine
  Normal  Created    2m3s  kubelet            spec.containers{nanomq}: Created container: nanomq
  Normal  Started    2m2s  kubelet            spec.containers{nanomq}: Started container nanomq


Name:             postgres-0
Namespace:        coord-only
Priority:         0
Service Account:  default
Node:             <pi-host>/<pi-ip>
Start Time:       Mon, 27 Apr 2026 04:16:57 +0200
Labels:           app=postgres
                  apps.kubernetes.io/pod-index=0
                  controller-revision-hash=postgres-6497897965
                  statefulset.kubernetes.io/pod-name=postgres-0
Annotations:      cni.projectcalico.org/containerID: 69fb4823b666d3d2a1395c00ab9b26a33337431372918fb41d9f85f42d91a056
                  cni.projectcalico.org/podIP: <pod-ip>/32
                  cni.projectcalico.org/podIPs: <pod-ip>/32
Status:           Running
IP:               <pod-ip>
IPs:
  IP:           <pod-ip>
Controlled By:  StatefulSet/postgres
Containers:
  postgres:
    Container ID:  containerd://adf8585ccc9b705cf0261f22f8e1c254a24670c72b998bb7a052f31e3a5ae5be
    Image:         postgres:17-alpine
    Image ID:      docker.io/library/postgres@sha256:778d0b486d6daa02b77434d0358ec57a1b21fd8b6d22ac2eef56a33e816928f6
    Port:          5432/TCP
    Host Port:     0/TCP
    Args:
      -c
      shared_buffers=256MB
      -c
      max_connections=200
      -c
      work_mem=16MB
    State:          Running
      Started:      Mon, 27 Apr 2026 04:16:58 +0200
    Ready:          True
    Restart Count:  0
    Limits:
      cpu:     1500m
      memory:  1536Mi
    Requests:
      cpu:      100m
      memory:   256Mi
    Liveness:   exec [pg_isready -U postgres] delay=30s timeout=1s period=10s #success=1 #failure=3
    Readiness:  exec [pg_isready -U postgres] delay=5s timeout=1s period=5s #success=1 #failure=3
    Environment:
      POSTGRES_DB:        postgres
      POSTGRES_USER:      postgres
      POSTGRES_PASSWORD:  <set to the key 'postgres-superuser-password' in secret 'hermod-secrets'>  Optional: false
    Mounts:
      /docker-entrypoint-initdb.d from init (rw)
      /var/lib/postgresql/data from data (rw)
      /var/run/secrets/kubernetes.io/serviceaccount from kube-api-access-79j56 (ro)
Conditions:
  Type                        Status
  PodReadyToStartContainers   True 
  Initialized                 True 
  Ready                       True 
  ContainersReady             True 
  PodScheduled                True 
Volumes:
  data:
    Type:       PersistentVolumeClaim (a reference to a PersistentVolumeClaim in the same namespace)
    ClaimName:  data-postgres-0
    ReadOnly:   false
  init:
    Type:      ConfigMap (a volume populated by a ConfigMap)
    Name:      postgres-init
    Optional:  false
  kube-api-access-79j56:
    Type:                    Projected (a volume that contains injected data from multiple sources)
    TokenExpirationSeconds:  3607
    ConfigMapName:           kube-root-ca.crt
    Optional:                false
    DownwardAPI:             true
QoS Class:                   Burstable
Node-Selectors:              <none>
Tolerations:                 node.kubernetes.io/not-ready:NoExecute op=Exists for 300s
                             node.kubernetes.io/unreachable:NoExecute op=Exists for 300s
Events:                      <none>

=== ts=1777270083 ===
Name:             hermod-coordinator-7f54785469-57gts
Namespace:        coord-only
Priority:         0
Service Account:  default
Node:             <pi-host>/<pi-ip>
Start Time:       Mon, 27 Apr 2026 08:05:47 +0200
Labels:           app=hermod-coordinator
                  pod-template-hash=7f54785469
Annotations:      cni.projectcalico.org/containerID: e961a70f73d61ec4251ac88e34fecb68b298bee0ab42b4894c3eac555d0b8b6d
                  cni.projectcalico.org/podIP: <pod-ip>/32
                  cni.projectcalico.org/podIPs: <pod-ip>/32
                  kubectl.kubernetes.io/restartedAt: 2026-04-27T08:05:45+02:00
Status:           Running
IP:               <pod-ip>
IPs:
  IP:           <pod-ip>
Controlled By:  ReplicaSet/hermod-coordinator-7f54785469
Init Containers:
  wait-for-postgres:
    Container ID:  containerd://86504101a3ede8e597f39e35f2dd9e342eb112c8c7c3c309221949f47a06a9b7
    Image:         busybox:1.36
    Image ID:      docker.io/library/busybox@sha256:73aaf090f3d85aa34ee199857f03fa3a95c8ede2ffd4cc2cdb5b94e566b11662
    Port:          <none>
    Host Port:     <none>
    Command:
      sh
      -c
      until nc -z postgres 5432; do sleep 2; done
    State:          Terminated
      Reason:       Completed
      Exit Code:    0
      Started:      Mon, 27 Apr 2026 08:05:48 +0200
      Finished:     Mon, 27 Apr 2026 08:05:48 +0200
    Ready:          True
    Restart Count:  0
    Environment:
      Hermod__Features__DeviceStateTracking:    true
      Hermod__Engine__LogBatchSize:             100
      Hermod__Engine__LogBatching:              true
      Hermod__Engine__Parallelism:              0
      Hermod__Features__MessagePersistence:     true
      Hermod__Features__RuleAuditLog:           true
      Hermod__Features__RuleCache:              true
      Hermod__Features__StatsRollup:            true
      Hermod__Storage__Mode:                    Postgres
      Logging__LogLevel__Hermod:                Information
      Logging__LogLevel__Microsoft.AspNetCore:  Warning
      HERMOD_UUID_TRACE_ENABLED:                true
    Mounts:
      /var/run/secrets/kubernetes.io/serviceaccount from kube-api-access-t9f6j (ro)
  wait-for-nanomq:
    Container ID:  containerd://d28c97b1c0c976a43db2b75983d2c332664fb5b3ac6524504c05f03adcc4e63f
    Image:         busybox:1.36
    Image ID:      docker.io/library/busybox@sha256:73aaf090f3d85aa34ee199857f03fa3a95c8ede2ffd4cc2cdb5b94e566b11662
    Port:          <none>
    Host Port:     <none>
    Command:
      sh
      -c
      until nc -z nanomq 1883; do sleep 2; done
    State:          Terminated
      Reason:       Completed
      Exit Code:    0
      Started:      Mon, 27 Apr 2026 08:05:50 +0200
      Finished:     Mon, 27 Apr 2026 08:05:53 +0200
    Ready:          True
    Restart Count:  0
    Environment:
      Hermod__Features__DeviceStateTracking:    true
      Hermod__Engine__LogBatchSize:             100
      Hermod__Engine__LogBatching:              true
      Hermod__Engine__Parallelism:              0
      Hermod__Features__MessagePersistence:     true
      Hermod__Features__RuleAuditLog:           true
      Hermod__Features__RuleCache:              true
      Hermod__Features__StatsRollup:            true
      Hermod__Storage__Mode:                    Postgres
      Logging__LogLevel__Hermod:                Information
      Logging__LogLevel__Microsoft.AspNetCore:  Warning
      HERMOD_UUID_TRACE_ENABLED:                true
    Mounts:
      /var/run/secrets/kubernetes.io/serviceaccount from kube-api-access-t9f6j (ro)
Containers:
  hermod-coordinator:
    Container ID:   containerd://02ed37077c8ebe690ded6462852f8682a4757ca81884a36ae3c833ded0d86bad
    Image:          hermod-coordinator:latest
    Image ID:       sha256:ca91ccdfcd269dd5e4e25d5ffe8d863ca5db57e5c4f62f08c8adf90d23c15eaf
    Port:           42069/TCP (http)
    Host Port:      0/TCP (http)
    State:          Running
      Started:      Mon, 27 Apr 2026 08:05:54 +0200
    Ready:          True
    Restart Count:  0
    Limits:
      cpu:     1500m
      memory:  1536Mi
    Requests:
      cpu:      200m
      memory:   256Mi
    Liveness:   http-get http://:42069/healthz delay=60s timeout=1s period=30s #success=1 #failure=3
    Readiness:  http-get http://:42069/healthz/ready delay=5s timeout=1s period=10s #success=1 #failure=3
    Startup:    http-get http://:42069/healthz delay=0s timeout=1s period=5s #success=1 #failure=30
    Environment:
      ASPNETCORE_ENVIRONMENT:                   Production
      ASPNETCORE_URLS:                          http://+:42069
      DOTNET_USE_POLLING_FILE_WATCHER:          true
      Hermod__Security__AuthBypass:             true
      Hermod__Security__VaultRequireHttps:      false
      Hermod__Features__MetricsEndpoint:        true
      Hermod__Dev__Endpoints:                   true
      Hermod__Mqtt__Host:                       nanomq
      Hermod__Mqtt__Port:                       1883
      Hermod__Mqtt__UseTls:                     false
      Hermod__Mqtt__Tls__UseTls:                false
      Hermod__Mqtt__Username:                   <set to the key 'mqtt-username' in secret 'hermod-secrets'>  Optional: false
      Hermod__Mqtt__Password:                   <set to the key 'mqtt-password' in secret 'hermod-secrets'>  Optional: false
      Hermod__Database__ConnectionString:       Host=postgres;Port=5432;Database=hermod;Username=hermod_app
      Hermod__Database__Password:               <set to the key 'hermod-db-password' in secret 'hermod-db-credentials'>  Optional: false
      Hermod__Features__DeviceStateTracking:    true
      Hermod__Engine__LogBatchSize:             100
      Hermod__Engine__LogBatching:              true
      Hermod__Engine__Parallelism:              0
      Hermod__Features__MessagePersistence:     true
      Hermod__Features__RuleAuditLog:           true
      Hermod__Features__RuleCache:              true
      Hermod__Features__StatsRollup:            true
      Hermod__Storage__Mode:                    Postgres
      Logging__LogLevel__Hermod:                Information
      Logging__LogLevel__Microsoft.AspNetCore:  Warning
      HERMOD_UUID_TRACE_ENABLED:                true
    Mounts:
      /var/run/secrets/kubernetes.io/serviceaccount from kube-api-access-t9f6j (ro)
Conditions:
  Type                        Status
  PodReadyToStartContainers   True 
  Initialized                 True 
  Ready                       True 
  ContainersReady             True 
  PodScheduled                True 
Volumes:
  kube-api-access-t9f6j:
    Type:                    Projected (a volume that contains injected data from multiple sources)
    TokenExpirationSeconds:  3607
    ConfigMapName:           kube-root-ca.crt
    Optional:                false
    DownwardAPI:             true
QoS Class:                   Burstable
Node-Selectors:              <none>
Tolerations:                 node.kubernetes.io/not-ready:NoExecute op=Exists for 300s
                             node.kubernetes.io/unreachable:NoExecute op=Exists for 300s
Events:
  Type    Reason     Age    From               Message
  ----    ------     ----   ----               -------
  Normal  Scheduled  2m16s  default-scheduler  Successfully assigned coord-only/hermod-coordinator-7f54785469-57gts to <pi-host>
  Normal  Pulled     2m16s  kubelet            spec.initContainers{wait-for-postgres}: Container image "busybox:1.36" already present on machine
  Normal  Created    2m15s  kubelet            spec.initContainers{wait-for-postgres}: Created container: wait-for-postgres
  Normal  Started    2m15s  kubelet            spec.initContainers{wait-for-postgres}: Started container wait-for-postgres
  Normal  Pulled     2m14s  kubelet            spec.initContainers{wait-for-nanomq}: Container image "busybox:1.36" already present on machine
  Normal  Created    2m13s  kubelet            spec.initContainers{wait-for-nanomq}: Created container: wait-for-nanomq
  Normal  Started    2m13s  kubelet            spec.initContainers{wait-for-nanomq}: Started container wait-for-nanomq
  Normal  Pulled     2m9s   kubelet            spec.containers{hermod-coordinator}: Container image "hermod-coordinator:latest" already present on machine
  Normal  Created    2m9s   kubelet            spec.containers{hermod-coordinator}: Created container: hermod-coordinator
  Normal  Started    2m9s   kubelet            spec.containers{hermod-coordinator}: Started container hermod-coordinator


Name:             nanomq-84d7ff9f78-mjr8j
Namespace:        coord-only
Priority:         0
Service Account:  default
Node:             <pi-host>/<pi-ip>
Start Time:       Mon, 27 Apr 2026 08:05:47 +0200
Labels:           app=nanomq
                  pod-template-hash=84d7ff9f78
Annotations:      cni.projectcalico.org/containerID: 2e458f45695cb930774c7edd1eaefbe32746ff854c07edaed8bff56c563d8383
                  cni.projectcalico.org/podIP: <pod-ip>/32
                  cni.projectcalico.org/podIPs: <pod-ip>/32
                  kubectl.kubernetes.io/restartedAt: 2026-04-27T08:05:45+02:00
Status:           Running
IP:               <pod-ip>
IPs:
  IP:           <pod-ip>
Controlled By:  ReplicaSet/nanomq-84d7ff9f78
Containers:
  nanomq:
    Container ID:   containerd://ba1b52c8cdaff99ad609dee35d7b4b9fd9521b8dc75d41041bb6859365501cf6
    Image:          emqx/nanomq:0.21-slim
    Image ID:       docker.io/emqx/nanomq@sha256:53bea7acb547aced1cc45e08c514628f1e41c4da9ad544fd8c5fa96d3e9eb41b
    Ports:          1883/TCP (mqtt), 8081/TCP (http)
    Host Ports:     0/TCP (mqtt), 0/TCP (http)
    State:          Running
      Started:      Mon, 27 Apr 2026 08:05:49 +0200
    Ready:          True
    Restart Count:  0
    Limits:
      cpu:     1
      memory:  512Mi
    Requests:
      cpu:        50m
      memory:     64Mi
    Liveness:     tcp-socket :1883 delay=10s timeout=1s period=10s #success=1 #failure=3
    Readiness:    tcp-socket :1883 delay=3s timeout=1s period=5s #success=1 #failure=3
    Environment:  <none>
    Mounts:
      /etc/nanomq.conf from config (rw,path="nanomq.conf")
      /var/run/secrets/kubernetes.io/serviceaccount from kube-api-access-hgthz (ro)
Conditions:
  Type                        Status
  PodReadyToStartContainers   True 
  Initialized                 True 
  Ready                       True 
  ContainersReady             True 
  PodScheduled                True 
Volumes:
  config:
    Type:      ConfigMap (a volume populated by a ConfigMap)
    Name:      nanomq-config
    Optional:  false
  kube-api-access-hgthz:
    Type:                    Projected (a volume that contains injected data from multiple sources)
    TokenExpirationSeconds:  3607
    ConfigMapName:           kube-root-ca.crt
    Optional:                false
    DownwardAPI:             true
QoS Class:                   Burstable
Node-Selectors:              <none>
Tolerations:                 node.kubernetes.io/not-ready:NoExecute op=Exists for 300s
                             node.kubernetes.io/unreachable:NoExecute op=Exists for 300s
Events:
  Type    Reason     Age    From               Message
  ----    ------     ----   ----               -------
  Normal  Scheduled  2m16s  default-scheduler  Successfully assigned coord-only/nanomq-84d7ff9f78-mjr8j to <pi-host>
  Normal  Pulled     2m15s  kubelet            spec.containers{nanomq}: Container image "emqx/nanomq:0.21-slim" already present on machine
  Normal  Created    2m15s  kubelet            spec.containers{nanomq}: Created container: nanomq
  Normal  Started    2m14s  kubelet            spec.containers{nanomq}: Started container nanomq


Name:             postgres-0
Namespace:        coord-only
Priority:         0
Service Account:  default
Node:             <pi-host>/<pi-ip>
Start Time:       Mon, 27 Apr 2026 04:16:57 +0200
Labels:           app=postgres
                  apps.kubernetes.io/pod-index=0
                  controller-revision-hash=postgres-6497897965
                  statefulset.kubernetes.io/pod-name=postgres-0
Annotations:      cni.projectcalico.org/containerID: 69fb4823b666d3d2a1395c00ab9b26a33337431372918fb41d9f85f42d91a056
                  cni.projectcalico.org/podIP: <pod-ip>/32
                  cni.projectcalico.org/podIPs: <pod-ip>/32
Status:           Running
IP:               <pod-ip>
IPs:
  IP:           <pod-ip>
Controlled By:  StatefulSet/postgres
Containers:
  postgres:
    Container ID:  containerd://adf8585ccc9b705cf0261f22f8e1c254a24670c72b998bb7a052f31e3a5ae5be
    Image:         postgres:17-alpine
    Image ID:      docker.io/library/postgres@sha256:778d0b486d6daa02b77434d0358ec57a1b21fd8b6d22ac2eef56a33e816928f6
    Port:          5432/TCP
    Host Port:     0/TCP
    Args:
      -c
      shared_buffers=256MB
      -c
      max_connections=200
      -c
      work_mem=16MB
    State:          Running
      Started:      Mon, 27 Apr 2026 04:16:58 +0200
    Ready:          True
    Restart Count:  0
    Limits:
      cpu:     1500m
      memory:  1536Mi
    Requests:
      cpu:      100m
      memory:   256Mi
    Liveness:   exec [pg_isready -U postgres] delay=30s timeout=1s period=10s #success=1 #failure=3
    Readiness:  exec [pg_isready -U postgres] delay=5s timeout=1s period=5s #success=1 #failure=3
    Environment:
      POSTGRES_DB:        postgres
      POSTGRES_USER:      postgres
      POSTGRES_PASSWORD:  <set to the key 'postgres-superuser-password' in secret 'hermod-secrets'>  Optional: false
    Mounts:
      /docker-entrypoint-initdb.d from init (rw)
      /var/lib/postgresql/data from data (rw)
      /var/run/secrets/kubernetes.io/serviceaccount from kube-api-access-79j56 (ro)
Conditions:
  Type                        Status
  PodReadyToStartContainers   True 
  Initialized                 True 
  Ready                       True 
  ContainersReady             True 
  PodScheduled                True 
Volumes:
  data:
    Type:       PersistentVolumeClaim (a reference to a PersistentVolumeClaim in the same namespace)
    ClaimName:  data-postgres-0
    ReadOnly:   false
  init:
    Type:      ConfigMap (a volume populated by a ConfigMap)
    Name:      postgres-init
    Optional:  false
  kube-api-access-79j56:
    Type:                    Projected (a volume that contains injected data from multiple sources)
    TokenExpirationSeconds:  3607
    ConfigMapName:           kube-root-ca.crt
    Optional:                false
    DownwardAPI:             true
QoS Class:                   Burstable
Node-Selectors:              <none>
Tolerations:                 node.kubernetes.io/not-ready:NoExecute op=Exists for 300s
                             node.kubernetes.io/unreachable:NoExecute op=Exists for 300s
Events:                      <none>

=== ts=1777270094 ===
Name:             hermod-coordinator-7f54785469-57gts
Namespace:        coord-only
Priority:         0
Service Account:  default
Node:             <pi-host>/<pi-ip>
Start Time:       Mon, 27 Apr 2026 08:05:47 +0200
Labels:           app=hermod-coordinator
                  pod-template-hash=7f54785469
Annotations:      cni.projectcalico.org/containerID: e961a70f73d61ec4251ac88e34fecb68b298bee0ab42b4894c3eac555d0b8b6d
                  cni.projectcalico.org/podIP: <pod-ip>/32
                  cni.projectcalico.org/podIPs: <pod-ip>/32
                  kubectl.kubernetes.io/restartedAt: 2026-04-27T08:05:45+02:00
Status:           Running
IP:               <pod-ip>
IPs:
  IP:           <pod-ip>
Controlled By:  ReplicaSet/hermod-coordinator-7f54785469
Init Containers:
  wait-for-postgres:
    Container ID:  containerd://86504101a3ede8e597f39e35f2dd9e342eb112c8c7c3c309221949f47a06a9b7
    Image:         busybox:1.36
    Image ID:      docker.io/library/busybox@sha256:73aaf090f3d85aa34ee199857f03fa3a95c8ede2ffd4cc2cdb5b94e566b11662
    Port:          <none>
    Host Port:     <none>
    Command:
      sh
      -c
      until nc -z postgres 5432; do sleep 2; done
    State:          Terminated
      Reason:       Completed
      Exit Code:    0
      Started:      Mon, 27 Apr 2026 08:05:48 +0200
      Finished:     Mon, 27 Apr 2026 08:05:48 +0200
    Ready:          True
    Restart Count:  0
    Environment:
      Hermod__Features__DeviceStateTracking:    true
      Hermod__Engine__LogBatchSize:             100
      Hermod__Engine__LogBatching:              true
      Hermod__Engine__Parallelism:              0
      Hermod__Features__MessagePersistence:     true
      Hermod__Features__RuleAuditLog:           true
      Hermod__Features__RuleCache:              true
      Hermod__Features__StatsRollup:            true
      Hermod__Storage__Mode:                    Postgres
      Logging__LogLevel__Hermod:                Information
      Logging__LogLevel__Microsoft.AspNetCore:  Warning
      HERMOD_UUID_TRACE_ENABLED:                true
    Mounts:
      /var/run/secrets/kubernetes.io/serviceaccount from kube-api-access-t9f6j (ro)
  wait-for-nanomq:
    Container ID:  containerd://d28c97b1c0c976a43db2b75983d2c332664fb5b3ac6524504c05f03adcc4e63f
    Image:         busybox:1.36
    Image ID:      docker.io/library/busybox@sha256:73aaf090f3d85aa34ee199857f03fa3a95c8ede2ffd4cc2cdb5b94e566b11662
    Port:          <none>
    Host Port:     <none>
    Command:
      sh
      -c
      until nc -z nanomq 1883; do sleep 2; done
    State:          Terminated
      Reason:       Completed
      Exit Code:    0
      Started:      Mon, 27 Apr 2026 08:05:50 +0200
      Finished:     Mon, 27 Apr 2026 08:05:53 +0200
    Ready:          True
    Restart Count:  0
    Environment:
      Hermod__Features__DeviceStateTracking:    true
      Hermod__Engine__LogBatchSize:             100
      Hermod__Engine__LogBatching:              true
      Hermod__Engine__Parallelism:              0
      Hermod__Features__MessagePersistence:     true
      Hermod__Features__RuleAuditLog:           true
      Hermod__Features__RuleCache:              true
      Hermod__Features__StatsRollup:            true
      Hermod__Storage__Mode:                    Postgres
      Logging__LogLevel__Hermod:                Information
      Logging__LogLevel__Microsoft.AspNetCore:  Warning
      HERMOD_UUID_TRACE_ENABLED:                true
    Mounts:
      /var/run/secrets/kubernetes.io/serviceaccount from kube-api-access-t9f6j (ro)
Containers:
  hermod-coordinator:
    Container ID:   containerd://02ed37077c8ebe690ded6462852f8682a4757ca81884a36ae3c833ded0d86bad
    Image:          hermod-coordinator:latest
    Image ID:       sha256:ca91ccdfcd269dd5e4e25d5ffe8d863ca5db57e5c4f62f08c8adf90d23c15eaf
    Port:           42069/TCP (http)
    Host Port:      0/TCP (http)
    State:          Running
      Started:      Mon, 27 Apr 2026 08:05:54 +0200
    Ready:          True
    Restart Count:  0
    Limits:
      cpu:     1500m
      memory:  1536Mi
    Requests:
      cpu:      200m
      memory:   256Mi
    Liveness:   http-get http://:42069/healthz delay=60s timeout=1s period=30s #success=1 #failure=3
    Readiness:  http-get http://:42069/healthz/ready delay=5s timeout=1s period=10s #success=1 #failure=3
    Startup:    http-get http://:42069/healthz delay=0s timeout=1s period=5s #success=1 #failure=30
    Environment:
      ASPNETCORE_ENVIRONMENT:                   Production
      ASPNETCORE_URLS:                          http://+:42069
      DOTNET_USE_POLLING_FILE_WATCHER:          true
      Hermod__Security__AuthBypass:             true
      Hermod__Security__VaultRequireHttps:      false
      Hermod__Features__MetricsEndpoint:        true
      Hermod__Dev__Endpoints:                   true
      Hermod__Mqtt__Host:                       nanomq
      Hermod__Mqtt__Port:                       1883
      Hermod__Mqtt__UseTls:                     false
      Hermod__Mqtt__Tls__UseTls:                false
      Hermod__Mqtt__Username:                   <set to the key 'mqtt-username' in secret 'hermod-secrets'>  Optional: false
      Hermod__Mqtt__Password:                   <set to the key 'mqtt-password' in secret 'hermod-secrets'>  Optional: false
      Hermod__Database__ConnectionString:       Host=postgres;Port=5432;Database=hermod;Username=hermod_app
      Hermod__Database__Password:               <set to the key 'hermod-db-password' in secret 'hermod-db-credentials'>  Optional: false
      Hermod__Features__DeviceStateTracking:    true
      Hermod__Engine__LogBatchSize:             100
      Hermod__Engine__LogBatching:              true
      Hermod__Engine__Parallelism:              0
      Hermod__Features__MessagePersistence:     true
      Hermod__Features__RuleAuditLog:           true
      Hermod__Features__RuleCache:              true
      Hermod__Features__StatsRollup:            true
      Hermod__Storage__Mode:                    Postgres
      Logging__LogLevel__Hermod:                Information
      Logging__LogLevel__Microsoft.AspNetCore:  Warning
      HERMOD_UUID_TRACE_ENABLED:                true
    Mounts:
      /var/run/secrets/kubernetes.io/serviceaccount from kube-api-access-t9f6j (ro)
Conditions:
  Type                        Status
  PodReadyToStartContainers   True 
  Initialized                 True 
  Ready                       True 
  ContainersReady             True 
  PodScheduled                True 
Volumes:
  kube-api-access-t9f6j:
    Type:                    Projected (a volume that contains injected data from multiple sources)
    TokenExpirationSeconds:  3607
    ConfigMapName:           kube-root-ca.crt
    Optional:                false
    DownwardAPI:             true
QoS Class:                   Burstable
Node-Selectors:              <none>
Tolerations:                 node.kubernetes.io/not-ready:NoExecute op=Exists for 300s
                             node.kubernetes.io/unreachable:NoExecute op=Exists for 300s
Events:
  Type    Reason     Age    From               Message
  ----    ------     ----   ----               -------
  Normal  Scheduled  2m27s  default-scheduler  Successfully assigned coord-only/hermod-coordinator-7f54785469-57gts to <pi-host>
  Normal  Pulled     2m27s  kubelet            spec.initContainers{wait-for-postgres}: Container image "busybox:1.36" already present on machine
  Normal  Created    2m26s  kubelet            spec.initContainers{wait-for-postgres}: Created container: wait-for-postgres
  Normal  Started    2m26s  kubelet            spec.initContainers{wait-for-postgres}: Started container wait-for-postgres
  Normal  Pulled     2m25s  kubelet            spec.initContainers{wait-for-nanomq}: Container image "busybox:1.36" already present on machine
  Normal  Created    2m24s  kubelet            spec.initContainers{wait-for-nanomq}: Created container: wait-for-nanomq
  Normal  Started    2m24s  kubelet            spec.initContainers{wait-for-nanomq}: Started container wait-for-nanomq
  Normal  Pulled     2m20s  kubelet            spec.containers{hermod-coordinator}: Container image "hermod-coordinator:latest" already present on machine
  Normal  Created    2m20s  kubelet            spec.containers{hermod-coordinator}: Created container: hermod-coordinator
  Normal  Started    2m20s  kubelet            spec.containers{hermod-coordinator}: Started container hermod-coordinator


Name:             nanomq-84d7ff9f78-mjr8j
Namespace:        coord-only
Priority:         0
Service Account:  default
Node:             <pi-host>/<pi-ip>
Start Time:       Mon, 27 Apr 2026 08:05:47 +0200
Labels:           app=nanomq
                  pod-template-hash=84d7ff9f78
Annotations:      cni.projectcalico.org/containerID: 2e458f45695cb930774c7edd1eaefbe32746ff854c07edaed8bff56c563d8383
                  cni.projectcalico.org/podIP: <pod-ip>/32
                  cni.projectcalico.org/podIPs: <pod-ip>/32
                  kubectl.kubernetes.io/restartedAt: 2026-04-27T08:05:45+02:00
Status:           Running
IP:               <pod-ip>
IPs:
  IP:           <pod-ip>
Controlled By:  ReplicaSet/nanomq-84d7ff9f78
Containers:
  nanomq:
    Container ID:   containerd://ba1b52c8cdaff99ad609dee35d7b4b9fd9521b8dc75d41041bb6859365501cf6
    Image:          emqx/nanomq:0.21-slim
    Image ID:       docker.io/emqx/nanomq@sha256:53bea7acb547aced1cc45e08c514628f1e41c4da9ad544fd8c5fa96d3e9eb41b
    Ports:          1883/TCP (mqtt), 8081/TCP (http)
    Host Ports:     0/TCP (mqtt), 0/TCP (http)
    State:          Running
      Started:      Mon, 27 Apr 2026 08:05:49 +0200
    Ready:          True
    Restart Count:  0
    Limits:
      cpu:     1
      memory:  512Mi
    Requests:
      cpu:        50m
      memory:     64Mi
    Liveness:     tcp-socket :1883 delay=10s timeout=1s period=10s #success=1 #failure=3
    Readiness:    tcp-socket :1883 delay=3s timeout=1s period=5s #success=1 #failure=3
    Environment:  <none>
    Mounts:
      /etc/nanomq.conf from config (rw,path="nanomq.conf")
      /var/run/secrets/kubernetes.io/serviceaccount from kube-api-access-hgthz (ro)
Conditions:
  Type                        Status
  PodReadyToStartContainers   True 
  Initialized                 True 
  Ready                       True 
  ContainersReady             True 
  PodScheduled                True 
Volumes:
  config:
    Type:      ConfigMap (a volume populated by a ConfigMap)
    Name:      nanomq-config
    Optional:  false
  kube-api-access-hgthz:
    Type:                    Projected (a volume that contains injected data from multiple sources)
    TokenExpirationSeconds:  3607
    ConfigMapName:           kube-root-ca.crt
    Optional:                false
    DownwardAPI:             true
QoS Class:                   Burstable
Node-Selectors:              <none>
Tolerations:                 node.kubernetes.io/not-ready:NoExecute op=Exists for 300s
                             node.kubernetes.io/unreachable:NoExecute op=Exists for 300s
Events:
  Type    Reason     Age    From               Message
  ----    ------     ----   ----               -------
  Normal  Scheduled  2m27s  default-scheduler  Successfully assigned coord-only/nanomq-84d7ff9f78-mjr8j to <pi-host>
  Normal  Pulled     2m26s  kubelet            spec.containers{nanomq}: Container image "emqx/nanomq:0.21-slim" already present on machine
  Normal  Created    2m26s  kubelet            spec.containers{nanomq}: Created container: nanomq
  Normal  Started    2m25s  kubelet            spec.containers{nanomq}: Started container nanomq


Name:             postgres-0
Namespace:        coord-only
Priority:         0
Service Account:  default
Node:             <pi-host>/<pi-ip>
Start Time:       Mon, 27 Apr 2026 04:16:57 +0200
Labels:           app=postgres
                  apps.kubernetes.io/pod-index=0
                  controller-revision-hash=postgres-6497897965
                  statefulset.kubernetes.io/pod-name=postgres-0
Annotations:      cni.projectcalico.org/containerID: 69fb4823b666d3d2a1395c00ab9b26a33337431372918fb41d9f85f42d91a056
                  cni.projectcalico.org/podIP: <pod-ip>/32
                  cni.projectcalico.org/podIPs: <pod-ip>/32
Status:           Running
IP:               <pod-ip>
IPs:
  IP:           <pod-ip>
Controlled By:  StatefulSet/postgres
Containers:
  postgres:
    Container ID:  containerd://adf8585ccc9b705cf0261f22f8e1c254a24670c72b998bb7a052f31e3a5ae5be
    Image:         postgres:17-alpine
    Image ID:      docker.io/library/postgres@sha256:778d0b486d6daa02b77434d0358ec57a1b21fd8b6d22ac2eef56a33e816928f6
    Port:          5432/TCP
    Host Port:     0/TCP
    Args:
      -c
      shared_buffers=256MB
      -c
      max_connections=200
      -c
      work_mem=16MB
    State:          Running
      Started:      Mon, 27 Apr 2026 04:16:58 +0200
    Ready:          True
    Restart Count:  0
    Limits:
      cpu:     1500m
      memory:  1536Mi
    Requests:
      cpu:      100m
      memory:   256Mi
    Liveness:   exec [pg_isready -U postgres] delay=30s timeout=1s period=10s #success=1 #failure=3
    Readiness:  exec [pg_isready -U postgres] delay=5s timeout=1s period=5s #success=1 #failure=3
    Environment:
      POSTGRES_DB:        postgres
      POSTGRES_USER:      postgres
      POSTGRES_PASSWORD:  <set to the key 'postgres-superuser-password' in secret 'hermod-secrets'>  Optional: false
    Mounts:
      /docker-entrypoint-initdb.d from init (rw)
      /var/lib/postgresql/data from data (rw)
      /var/run/secrets/kubernetes.io/serviceaccount from kube-api-access-79j56 (ro)
Conditions:
  Type                        Status
  PodReadyToStartContainers   True 
  Initialized                 True 
  Ready                       True 
  ContainersReady             True 
  PodScheduled                True 
Volumes:
  data:
    Type:       PersistentVolumeClaim (a reference to a PersistentVolumeClaim in the same namespace)
    ClaimName:  data-postgres-0
    ReadOnly:   false
  init:
    Type:      ConfigMap (a volume populated by a ConfigMap)
    Name:      postgres-init
    Optional:  false
  kube-api-access-79j56:
    Type:                    Projected (a volume that contains injected data from multiple sources)
    TokenExpirationSeconds:  3607
    ConfigMapName:           kube-root-ca.crt
    Optional:                false
    DownwardAPI:             true
QoS Class:                   Burstable
Node-Selectors:              <none>
Tolerations:                 node.kubernetes.io/not-ready:NoExecute op=Exists for 300s
                             node.kubernetes.io/unreachable:NoExecute op=Exists for 300s
Events:                      <none>

=== ts=1777270106 ===
Name:             hermod-coordinator-7f54785469-57gts
Namespace:        coord-only
Priority:         0
Service Account:  default
Node:             <pi-host>/<pi-ip>
Start Time:       Mon, 27 Apr 2026 08:05:47 +0200
Labels:           app=hermod-coordinator
                  pod-template-hash=7f54785469
Annotations:      cni.projectcalico.org/containerID: e961a70f73d61ec4251ac88e34fecb68b298bee0ab42b4894c3eac555d0b8b6d
                  cni.projectcalico.org/podIP: <pod-ip>/32
                  cni.projectcalico.org/podIPs: <pod-ip>/32
                  kubectl.kubernetes.io/restartedAt: 2026-04-27T08:05:45+02:00
Status:           Running
IP:               <pod-ip>
IPs:
  IP:           <pod-ip>
Controlled By:  ReplicaSet/hermod-coordinator-7f54785469
Init Containers:
  wait-for-postgres:
    Container ID:  containerd://86504101a3ede8e597f39e35f2dd9e342eb112c8c7c3c309221949f47a06a9b7
    Image:         busybox:1.36
    Image ID:      docker.io/library/busybox@sha256:73aaf090f3d85aa34ee199857f03fa3a95c8ede2ffd4cc2cdb5b94e566b11662
    Port:          <none>
    Host Port:     <none>
    Command:
      sh
      -c
      until nc -z postgres 5432; do sleep 2; done
    State:          Terminated
      Reason:       Completed
      Exit Code:    0
      Started:      Mon, 27 Apr 2026 08:05:48 +0200
      Finished:     Mon, 27 Apr 2026 08:05:48 +0200
    Ready:          True
    Restart Count:  0
    Environment:
      Hermod__Features__DeviceStateTracking:    true
      Hermod__Engine__LogBatchSize:             100
      Hermod__Engine__LogBatching:              true
      Hermod__Engine__Parallelism:              0
      Hermod__Features__MessagePersistence:     true
      Hermod__Features__RuleAuditLog:           true
      Hermod__Features__RuleCache:              true
      Hermod__Features__StatsRollup:            true
      Hermod__Storage__Mode:                    Postgres
      Logging__LogLevel__Hermod:                Information
      Logging__LogLevel__Microsoft.AspNetCore:  Warning
      HERMOD_UUID_TRACE_ENABLED:                true
    Mounts:
      /var/run/secrets/kubernetes.io/serviceaccount from kube-api-access-t9f6j (ro)
  wait-for-nanomq:
    Container ID:  containerd://d28c97b1c0c976a43db2b75983d2c332664fb5b3ac6524504c05f03adcc4e63f
    Image:         busybox:1.36
    Image ID:      docker.io/library/busybox@sha256:73aaf090f3d85aa34ee199857f03fa3a95c8ede2ffd4cc2cdb5b94e566b11662
    Port:          <none>
    Host Port:     <none>
    Command:
      sh
      -c
      until nc -z nanomq 1883; do sleep 2; done
    State:          Terminated
      Reason:       Completed
      Exit Code:    0
      Started:      Mon, 27 Apr 2026 08:05:50 +0200
      Finished:     Mon, 27 Apr 2026 08:05:53 +0200
    Ready:          True
    Restart Count:  0
    Environment:
      Hermod__Features__DeviceStateTracking:    true
      Hermod__Engine__LogBatchSize:             100
      Hermod__Engine__LogBatching:              true
      Hermod__Engine__Parallelism:              0
      Hermod__Features__MessagePersistence:     true
      Hermod__Features__RuleAuditLog:           true
      Hermod__Features__RuleCache:              true
      Hermod__Features__StatsRollup:            true
      Hermod__Storage__Mode:                    Postgres
      Logging__LogLevel__Hermod:                Information
      Logging__LogLevel__Microsoft.AspNetCore:  Warning
      HERMOD_UUID_TRACE_ENABLED:                true
    Mounts:
      /var/run/secrets/kubernetes.io/serviceaccount from kube-api-access-t9f6j (ro)
Containers:
  hermod-coordinator:
    Container ID:   containerd://02ed37077c8ebe690ded6462852f8682a4757ca81884a36ae3c833ded0d86bad
    Image:          hermod-coordinator:latest
    Image ID:       sha256:ca91ccdfcd269dd5e4e25d5ffe8d863ca5db57e5c4f62f08c8adf90d23c15eaf
    Port:           42069/TCP (http)
    Host Port:      0/TCP (http)
    State:          Running
      Started:      Mon, 27 Apr 2026 08:05:54 +0200
    Ready:          True
    Restart Count:  0
    Limits:
      cpu:     1500m
      memory:  1536Mi
    Requests:
      cpu:      200m
      memory:   256Mi
    Liveness:   http-get http://:42069/healthz delay=60s timeout=1s period=30s #success=1 #failure=3
    Readiness:  http-get http://:42069/healthz/ready delay=5s timeout=1s period=10s #success=1 #failure=3
    Startup:    http-get http://:42069/healthz delay=0s timeout=1s period=5s #success=1 #failure=30
    Environment:
      ASPNETCORE_ENVIRONMENT:                   Production
      ASPNETCORE_URLS:                          http://+:42069
      DOTNET_USE_POLLING_FILE_WATCHER:          true
      Hermod__Security__AuthBypass:             true
      Hermod__Security__VaultRequireHttps:      false
      Hermod__Features__MetricsEndpoint:        true
      Hermod__Dev__Endpoints:                   true
      Hermod__Mqtt__Host:                       nanomq
      Hermod__Mqtt__Port:                       1883
      Hermod__Mqtt__UseTls:                     false
      Hermod__Mqtt__Tls__UseTls:                false
      Hermod__Mqtt__Username:                   <set to the key 'mqtt-username' in secret 'hermod-secrets'>  Optional: false
      Hermod__Mqtt__Password:                   <set to the key 'mqtt-password' in secret 'hermod-secrets'>  Optional: false
      Hermod__Database__ConnectionString:       Host=postgres;Port=5432;Database=hermod;Username=hermod_app
      Hermod__Database__Password:               <set to the key 'hermod-db-password' in secret 'hermod-db-credentials'>  Optional: false
      Hermod__Features__DeviceStateTracking:    true
      Hermod__Engine__LogBatchSize:             100
      Hermod__Engine__LogBatching:              true
      Hermod__Engine__Parallelism:              0
      Hermod__Features__MessagePersistence:     true
      Hermod__Features__RuleAuditLog:           true
      Hermod__Features__RuleCache:              true
      Hermod__Features__StatsRollup:            true
      Hermod__Storage__Mode:                    Postgres
      Logging__LogLevel__Hermod:                Information
      Logging__LogLevel__Microsoft.AspNetCore:  Warning
      HERMOD_UUID_TRACE_ENABLED:                true
    Mounts:
      /var/run/secrets/kubernetes.io/serviceaccount from kube-api-access-t9f6j (ro)
Conditions:
  Type                        Status
  PodReadyToStartContainers   True 
  Initialized                 True 
  Ready                       True 
  ContainersReady             True 
  PodScheduled                True 
Volumes:
  kube-api-access-t9f6j:
    Type:                    Projected (a volume that contains injected data from multiple sources)
    TokenExpirationSeconds:  3607
    ConfigMapName:           kube-root-ca.crt
    Optional:                false
    DownwardAPI:             true
QoS Class:                   Burstable
Node-Selectors:              <none>
Tolerations:                 node.kubernetes.io/not-ready:NoExecute op=Exists for 300s
                             node.kubernetes.io/unreachable:NoExecute op=Exists for 300s
Events:
  Type    Reason     Age    From               Message
  ----    ------     ----   ----               -------
  Normal  Scheduled  2m39s  default-scheduler  Successfully assigned coord-only/hermod-coordinator-7f54785469-57gts to <pi-host>
  Normal  Pulled     2m39s  kubelet            spec.initContainers{wait-for-postgres}: Container image "busybox:1.36" already present on machine
  Normal  Created    2m38s  kubelet            spec.initContainers{wait-for-postgres}: Created container: wait-for-postgres
  Normal  Started    2m38s  kubelet            spec.initContainers{wait-for-postgres}: Started container wait-for-postgres
  Normal  Pulled     2m37s  kubelet            spec.initContainers{wait-for-nanomq}: Container image "busybox:1.36" already present on machine
  Normal  Created    2m36s  kubelet            spec.initContainers{wait-for-nanomq}: Created container: wait-for-nanomq
  Normal  Started    2m36s  kubelet            spec.initContainers{wait-for-nanomq}: Started container wait-for-nanomq
  Normal  Pulled     2m32s  kubelet            spec.containers{hermod-coordinator}: Container image "hermod-coordinator:latest" already present on machine
  Normal  Created    2m32s  kubelet            spec.containers{hermod-coordinator}: Created container: hermod-coordinator
  Normal  Started    2m32s  kubelet            spec.containers{hermod-coordinator}: Started container hermod-coordinator


Name:             nanomq-84d7ff9f78-mjr8j
Namespace:        coord-only
Priority:         0
Service Account:  default
Node:             <pi-host>/<pi-ip>
Start Time:       Mon, 27 Apr 2026 08:05:47 +0200
Labels:           app=nanomq
                  pod-template-hash=84d7ff9f78
Annotations:      cni.projectcalico.org/containerID: 2e458f45695cb930774c7edd1eaefbe32746ff854c07edaed8bff56c563d8383
                  cni.projectcalico.org/podIP: <pod-ip>/32
                  cni.projectcalico.org/podIPs: <pod-ip>/32
                  kubectl.kubernetes.io/restartedAt: 2026-04-27T08:05:45+02:00
Status:           Running
IP:               <pod-ip>
IPs:
  IP:           <pod-ip>
Controlled By:  ReplicaSet/nanomq-84d7ff9f78
Containers:
  nanomq:
    Container ID:   containerd://ba1b52c8cdaff99ad609dee35d7b4b9fd9521b8dc75d41041bb6859365501cf6
    Image:          emqx/nanomq:0.21-slim
    Image ID:       docker.io/emqx/nanomq@sha256:53bea7acb547aced1cc45e08c514628f1e41c4da9ad544fd8c5fa96d3e9eb41b
    Ports:          1883/TCP (mqtt), 8081/TCP (http)
    Host Ports:     0/TCP (mqtt), 0/TCP (http)
    State:          Running
      Started:      Mon, 27 Apr 2026 08:05:49 +0200
    Ready:          True
    Restart Count:  0
    Limits:
      cpu:     1
      memory:  512Mi
    Requests:
      cpu:        50m
      memory:     64Mi
    Liveness:     tcp-socket :1883 delay=10s timeout=1s period=10s #success=1 #failure=3
    Readiness:    tcp-socket :1883 delay=3s timeout=1s period=5s #success=1 #failure=3
    Environment:  <none>
    Mounts:
      /etc/nanomq.conf from config (rw,path="nanomq.conf")
      /var/run/secrets/kubernetes.io/serviceaccount from kube-api-access-hgthz (ro)
Conditions:
  Type                        Status
  PodReadyToStartContainers   True 
  Initialized                 True 
  Ready                       True 
  ContainersReady             True 
  PodScheduled                True 
Volumes:
  config:
    Type:      ConfigMap (a volume populated by a ConfigMap)
    Name:      nanomq-config
    Optional:  false
  kube-api-access-hgthz:
    Type:                    Projected (a volume that contains injected data from multiple sources)
    TokenExpirationSeconds:  3607
    ConfigMapName:           kube-root-ca.crt
    Optional:                false
    DownwardAPI:             true
QoS Class:                   Burstable
Node-Selectors:              <none>
Tolerations:                 node.kubernetes.io/not-ready:NoExecute op=Exists for 300s
                             node.kubernetes.io/unreachable:NoExecute op=Exists for 300s
Events:
  Type    Reason     Age    From               Message
  ----    ------     ----   ----               -------
  Normal  Scheduled  2m39s  default-scheduler  Successfully assigned coord-only/nanomq-84d7ff9f78-mjr8j to <pi-host>
  Normal  Pulled     2m38s  kubelet            spec.containers{nanomq}: Container image "emqx/nanomq:0.21-slim" already present on machine
  Normal  Created    2m38s  kubelet            spec.containers{nanomq}: Created container: nanomq
  Normal  Started    2m37s  kubelet            spec.containers{nanomq}: Started container nanomq


Name:             postgres-0
Namespace:        coord-only
Priority:         0
Service Account:  default
Node:             <pi-host>/<pi-ip>
Start Time:       Mon, 27 Apr 2026 04:16:57 +0200
Labels:           app=postgres
                  apps.kubernetes.io/pod-index=0
                  controller-revision-hash=postgres-6497897965
                  statefulset.kubernetes.io/pod-name=postgres-0
Annotations:      cni.projectcalico.org/containerID: 69fb4823b666d3d2a1395c00ab9b26a33337431372918fb41d9f85f42d91a056
                  cni.projectcalico.org/podIP: <pod-ip>/32
                  cni.projectcalico.org/podIPs: <pod-ip>/32
Status:           Running
IP:               <pod-ip>
IPs:
  IP:           <pod-ip>
Controlled By:  StatefulSet/postgres
Containers:
  postgres:
    Container ID:  containerd://adf8585ccc9b705cf0261f22f8e1c254a24670c72b998bb7a052f31e3a5ae5be
    Image:         postgres:17-alpine
    Image ID:      docker.io/library/postgres@sha256:778d0b486d6daa02b77434d0358ec57a1b21fd8b6d22ac2eef56a33e816928f6
    Port:          5432/TCP
    Host Port:     0/TCP
    Args:
      -c
      shared_buffers=256MB
      -c
      max_connections=200
      -c
      work_mem=16MB
    State:          Running
      Started:      Mon, 27 Apr 2026 04:16:58 +0200
    Ready:          True
    Restart Count:  0
    Limits:
      cpu:     1500m
      memory:  1536Mi
    Requests:
      cpu:      100m
      memory:   256Mi
    Liveness:   exec [pg_isready -U postgres] delay=30s timeout=1s period=10s #success=1 #failure=3
    Readiness:  exec [pg_isready -U postgres] delay=5s timeout=1s period=5s #success=1 #failure=3
    Environment:
      POSTGRES_DB:        postgres
      POSTGRES_USER:      postgres
      POSTGRES_PASSWORD:  <set to the key 'postgres-superuser-password' in secret 'hermod-secrets'>  Optional: false
    Mounts:
      /docker-entrypoint-initdb.d from init (rw)
      /var/lib/postgresql/data from data (rw)
      /var/run/secrets/kubernetes.io/serviceaccount from kube-api-access-79j56 (ro)
Conditions:
  Type                        Status
  PodReadyToStartContainers   True 
  Initialized                 True 
  Ready                       True 
  ContainersReady             True 
  PodScheduled                True 
Volumes:
  data:
    Type:       PersistentVolumeClaim (a reference to a PersistentVolumeClaim in the same namespace)
    ClaimName:  data-postgres-0
    ReadOnly:   false
  init:
    Type:      ConfigMap (a volume populated by a ConfigMap)
    Name:      postgres-init
    Optional:  false
  kube-api-access-79j56:
    Type:                    Projected (a volume that contains injected data from multiple sources)
    TokenExpirationSeconds:  3607
    ConfigMapName:           kube-root-ca.crt
    Optional:                false
    DownwardAPI:             true
QoS Class:                   Burstable
Node-Selectors:              <none>
Tolerations:                 node.kubernetes.io/not-ready:NoExecute op=Exists for 300s
                             node.kubernetes.io/unreachable:NoExecute op=Exists for 300s
Events:                      <none>

=== ts=1777270117 ===
Name:             hermod-coordinator-7f54785469-57gts
Namespace:        coord-only
Priority:         0
Service Account:  default
Node:             <pi-host>/<pi-ip>
Start Time:       Mon, 27 Apr 2026 08:05:47 +0200
Labels:           app=hermod-coordinator
                  pod-template-hash=7f54785469
Annotations:      cni.projectcalico.org/containerID: e961a70f73d61ec4251ac88e34fecb68b298bee0ab42b4894c3eac555d0b8b6d
                  cni.projectcalico.org/podIP: <pod-ip>/32
                  cni.projectcalico.org/podIPs: <pod-ip>/32
                  kubectl.kubernetes.io/restartedAt: 2026-04-27T08:05:45+02:00
Status:           Running
IP:               <pod-ip>
IPs:
  IP:           <pod-ip>
Controlled By:  ReplicaSet/hermod-coordinator-7f54785469
Init Containers:
  wait-for-postgres:
    Container ID:  containerd://86504101a3ede8e597f39e35f2dd9e342eb112c8c7c3c309221949f47a06a9b7
    Image:         busybox:1.36
    Image ID:      docker.io/library/busybox@sha256:73aaf090f3d85aa34ee199857f03fa3a95c8ede2ffd4cc2cdb5b94e566b11662
    Port:          <none>
    Host Port:     <none>
    Command:
      sh
      -c
      until nc -z postgres 5432; do sleep 2; done
    State:          Terminated
      Reason:       Completed
      Exit Code:    0
      Started:      Mon, 27 Apr 2026 08:05:48 +0200
      Finished:     Mon, 27 Apr 2026 08:05:48 +0200
    Ready:          True
    Restart Count:  0
    Environment:
      Hermod__Features__DeviceStateTracking:    true
      Hermod__Engine__LogBatchSize:             100
      Hermod__Engine__LogBatching:              true
      Hermod__Engine__Parallelism:              0
      Hermod__Features__MessagePersistence:     true
      Hermod__Features__RuleAuditLog:           true
      Hermod__Features__RuleCache:              true
      Hermod__Features__StatsRollup:            true
      Hermod__Storage__Mode:                    Postgres
      Logging__LogLevel__Hermod:                Information
      Logging__LogLevel__Microsoft.AspNetCore:  Warning
      HERMOD_UUID_TRACE_ENABLED:                true
    Mounts:
      /var/run/secrets/kubernetes.io/serviceaccount from kube-api-access-t9f6j (ro)
  wait-for-nanomq:
    Container ID:  containerd://d28c97b1c0c976a43db2b75983d2c332664fb5b3ac6524504c05f03adcc4e63f
    Image:         busybox:1.36
    Image ID:      docker.io/library/busybox@sha256:73aaf090f3d85aa34ee199857f03fa3a95c8ede2ffd4cc2cdb5b94e566b11662
    Port:          <none>
    Host Port:     <none>
    Command:
      sh
      -c
      until nc -z nanomq 1883; do sleep 2; done
    State:          Terminated
      Reason:       Completed
      Exit Code:    0
      Started:      Mon, 27 Apr 2026 08:05:50 +0200
      Finished:     Mon, 27 Apr 2026 08:05:53 +0200
    Ready:          True
    Restart Count:  0
    Environment:
      Hermod__Features__DeviceStateTracking:    true
      Hermod__Engine__LogBatchSize:             100
      Hermod__Engine__LogBatching:              true
      Hermod__Engine__Parallelism:              0
      Hermod__Features__MessagePersistence:     true
      Hermod__Features__RuleAuditLog:           true
      Hermod__Features__RuleCache:              true
      Hermod__Features__StatsRollup:            true
      Hermod__Storage__Mode:                    Postgres
      Logging__LogLevel__Hermod:                Information
      Logging__LogLevel__Microsoft.AspNetCore:  Warning
      HERMOD_UUID_TRACE_ENABLED:                true
    Mounts:
      /var/run/secrets/kubernetes.io/serviceaccount from kube-api-access-t9f6j (ro)
Containers:
  hermod-coordinator:
    Container ID:   containerd://02ed37077c8ebe690ded6462852f8682a4757ca81884a36ae3c833ded0d86bad
    Image:          hermod-coordinator:latest
    Image ID:       sha256:ca91ccdfcd269dd5e4e25d5ffe8d863ca5db57e5c4f62f08c8adf90d23c15eaf
    Port:           42069/TCP (http)
    Host Port:      0/TCP (http)
    State:          Running
      Started:      Mon, 27 Apr 2026 08:05:54 +0200
    Ready:          True
    Restart Count:  0
    Limits:
      cpu:     1500m
      memory:  1536Mi
    Requests:
      cpu:      200m
      memory:   256Mi
    Liveness:   http-get http://:42069/healthz delay=60s timeout=1s period=30s #success=1 #failure=3
    Readiness:  http-get http://:42069/healthz/ready delay=5s timeout=1s period=10s #success=1 #failure=3
    Startup:    http-get http://:42069/healthz delay=0s timeout=1s period=5s #success=1 #failure=30
    Environment:
      ASPNETCORE_ENVIRONMENT:                   Production
      ASPNETCORE_URLS:                          http://+:42069
      DOTNET_USE_POLLING_FILE_WATCHER:          true
      Hermod__Security__AuthBypass:             true
      Hermod__Security__VaultRequireHttps:      false
      Hermod__Features__MetricsEndpoint:        true
      Hermod__Dev__Endpoints:                   true
      Hermod__Mqtt__Host:                       nanomq
      Hermod__Mqtt__Port:                       1883
      Hermod__Mqtt__UseTls:                     false
      Hermod__Mqtt__Tls__UseTls:                false
      Hermod__Mqtt__Username:                   <set to the key 'mqtt-username' in secret 'hermod-secrets'>  Optional: false
      Hermod__Mqtt__Password:                   <set to the key 'mqtt-password' in secret 'hermod-secrets'>  Optional: false
      Hermod__Database__ConnectionString:       Host=postgres;Port=5432;Database=hermod;Username=hermod_app
      Hermod__Database__Password:               <set to the key 'hermod-db-password' in secret 'hermod-db-credentials'>  Optional: false
      Hermod__Features__DeviceStateTracking:    true
      Hermod__Engine__LogBatchSize:             100
      Hermod__Engine__LogBatching:              true
      Hermod__Engine__Parallelism:              0
      Hermod__Features__MessagePersistence:     true
      Hermod__Features__RuleAuditLog:           true
      Hermod__Features__RuleCache:              true
      Hermod__Features__StatsRollup:            true
      Hermod__Storage__Mode:                    Postgres
      Logging__LogLevel__Hermod:                Information
      Logging__LogLevel__Microsoft.AspNetCore:  Warning
      HERMOD_UUID_TRACE_ENABLED:                true
    Mounts:
      /var/run/secrets/kubernetes.io/serviceaccount from kube-api-access-t9f6j (ro)
Conditions:
  Type                        Status
  PodReadyToStartContainers   True 
  Initialized                 True 
  Ready                       True 
  ContainersReady             True 
  PodScheduled                True 
Volumes:
  kube-api-access-t9f6j:
    Type:                    Projected (a volume that contains injected data from multiple sources)
    TokenExpirationSeconds:  3607
    ConfigMapName:           kube-root-ca.crt
    Optional:                false
    DownwardAPI:             true
QoS Class:                   Burstable
Node-Selectors:              <none>
Tolerations:                 node.kubernetes.io/not-ready:NoExecute op=Exists for 300s
                             node.kubernetes.io/unreachable:NoExecute op=Exists for 300s
Events:
  Type    Reason     Age    From               Message
  ----    ------     ----   ----               -------
  Normal  Scheduled  2m50s  default-scheduler  Successfully assigned coord-only/hermod-coordinator-7f54785469-57gts to <pi-host>
  Normal  Pulled     2m50s  kubelet            spec.initContainers{wait-for-postgres}: Container image "busybox:1.36" already present on machine
  Normal  Created    2m49s  kubelet            spec.initContainers{wait-for-postgres}: Created container: wait-for-postgres
  Normal  Started    2m49s  kubelet            spec.initContainers{wait-for-postgres}: Started container wait-for-postgres
  Normal  Pulled     2m48s  kubelet            spec.initContainers{wait-for-nanomq}: Container image "busybox:1.36" already present on machine
  Normal  Created    2m47s  kubelet            spec.initContainers{wait-for-nanomq}: Created container: wait-for-nanomq
  Normal  Started    2m47s  kubelet            spec.initContainers{wait-for-nanomq}: Started container wait-for-nanomq
  Normal  Pulled     2m43s  kubelet            spec.containers{hermod-coordinator}: Container image "hermod-coordinator:latest" already present on machine
  Normal  Created    2m43s  kubelet            spec.containers{hermod-coordinator}: Created container: hermod-coordinator
  Normal  Started    2m43s  kubelet            spec.containers{hermod-coordinator}: Started container hermod-coordinator


Name:             nanomq-84d7ff9f78-mjr8j
Namespace:        coord-only
Priority:         0
Service Account:  default
Node:             <pi-host>/<pi-ip>
Start Time:       Mon, 27 Apr 2026 08:05:47 +0200
Labels:           app=nanomq
                  pod-template-hash=84d7ff9f78
Annotations:      cni.projectcalico.org/containerID: 2e458f45695cb930774c7edd1eaefbe32746ff854c07edaed8bff56c563d8383
                  cni.projectcalico.org/podIP: <pod-ip>/32
                  cni.projectcalico.org/podIPs: <pod-ip>/32
                  kubectl.kubernetes.io/restartedAt: 2026-04-27T08:05:45+02:00
Status:           Running
IP:               <pod-ip>
IPs:
  IP:           <pod-ip>
Controlled By:  ReplicaSet/nanomq-84d7ff9f78
Containers:
  nanomq:
    Container ID:   containerd://ba1b52c8cdaff99ad609dee35d7b4b9fd9521b8dc75d41041bb6859365501cf6
    Image:          emqx/nanomq:0.21-slim
    Image ID:       docker.io/emqx/nanomq@sha256:53bea7acb547aced1cc45e08c514628f1e41c4da9ad544fd8c5fa96d3e9eb41b
    Ports:          1883/TCP (mqtt), 8081/TCP (http)
    Host Ports:     0/TCP (mqtt), 0/TCP (http)
    State:          Running
      Started:      Mon, 27 Apr 2026 08:05:49 +0200
    Ready:          True
    Restart Count:  0
    Limits:
      cpu:     1
      memory:  512Mi
    Requests:
      cpu:        50m
      memory:     64Mi
    Liveness:     tcp-socket :1883 delay=10s timeout=1s period=10s #success=1 #failure=3
    Readiness:    tcp-socket :1883 delay=3s timeout=1s period=5s #success=1 #failure=3
    Environment:  <none>
    Mounts:
      /etc/nanomq.conf from config (rw,path="nanomq.conf")
      /var/run/secrets/kubernetes.io/serviceaccount from kube-api-access-hgthz (ro)
Conditions:
  Type                        Status
  PodReadyToStartContainers   True 
  Initialized                 True 
  Ready                       True 
  ContainersReady             True 
  PodScheduled                True 
Volumes:
  config:
    Type:      ConfigMap (a volume populated by a ConfigMap)
    Name:      nanomq-config
    Optional:  false
  kube-api-access-hgthz:
    Type:                    Projected (a volume that contains injected data from multiple sources)
    TokenExpirationSeconds:  3607
    ConfigMapName:           kube-root-ca.crt
    Optional:                false
    DownwardAPI:             true
QoS Class:                   Burstable
Node-Selectors:              <none>
Tolerations:                 node.kubernetes.io/not-ready:NoExecute op=Exists for 300s
                             node.kubernetes.io/unreachable:NoExecute op=Exists for 300s
Events:
  Type    Reason     Age    From               Message
  ----    ------     ----   ----               -------
  Normal  Scheduled  2m50s  default-scheduler  Successfully assigned coord-only/nanomq-84d7ff9f78-mjr8j to <pi-host>
  Normal  Pulled     2m49s  kubelet            spec.containers{nanomq}: Container image "emqx/nanomq:0.21-slim" already present on machine
  Normal  Created    2m49s  kubelet            spec.containers{nanomq}: Created container: nanomq
  Normal  Started    2m48s  kubelet            spec.containers{nanomq}: Started container nanomq


Name:             postgres-0
Namespace:        coord-only
Priority:         0
Service Account:  default
Node:             <pi-host>/<pi-ip>
Start Time:       Mon, 27 Apr 2026 04:16:57 +0200
Labels:           app=postgres
                  apps.kubernetes.io/pod-index=0
                  controller-revision-hash=postgres-6497897965
                  statefulset.kubernetes.io/pod-name=postgres-0
Annotations:      cni.projectcalico.org/containerID: 69fb4823b666d3d2a1395c00ab9b26a33337431372918fb41d9f85f42d91a056
                  cni.projectcalico.org/podIP: <pod-ip>/32
                  cni.projectcalico.org/podIPs: <pod-ip>/32
Status:           Running
IP:               <pod-ip>
IPs:
  IP:           <pod-ip>
Controlled By:  StatefulSet/postgres
Containers:
  postgres:
    Container ID:  containerd://adf8585ccc9b705cf0261f22f8e1c254a24670c72b998bb7a052f31e3a5ae5be
    Image:         postgres:17-alpine
    Image ID:      docker.io/library/postgres@sha256:778d0b486d6daa02b77434d0358ec57a1b21fd8b6d22ac2eef56a33e816928f6
    Port:          5432/TCP
    Host Port:     0/TCP
    Args:
      -c
      shared_buffers=256MB
      -c
      max_connections=200
      -c
      work_mem=16MB
    State:          Running
      Started:      Mon, 27 Apr 2026 04:16:58 +0200
    Ready:          True
    Restart Count:  0
    Limits:
      cpu:     1500m
      memory:  1536Mi
    Requests:
      cpu:      100m
      memory:   256Mi
    Liveness:   exec [pg_isready -U postgres] delay=30s timeout=1s period=10s #success=1 #failure=3
    Readiness:  exec [pg_isready -U postgres] delay=5s timeout=1s period=5s #success=1 #failure=3
    Environment:
      POSTGRES_DB:        postgres
      POSTGRES_USER:      postgres
      POSTGRES_PASSWORD:  <set to the key 'postgres-superuser-password' in secret 'hermod-secrets'>  Optional: false
    Mounts:
      /docker-entrypoint-initdb.d from init (rw)
      /var/lib/postgresql/data from data (rw)
      /var/run/secrets/kubernetes.io/serviceaccount from kube-api-access-79j56 (ro)
Conditions:
  Type                        Status
  PodReadyToStartContainers   True 
  Initialized                 True 
  Ready                       True 
  ContainersReady             True 
  PodScheduled                True 
Volumes:
  data:
    Type:       PersistentVolumeClaim (a reference to a PersistentVolumeClaim in the same namespace)
    ClaimName:  data-postgres-0
    ReadOnly:   false
  init:
    Type:      ConfigMap (a volume populated by a ConfigMap)
    Name:      postgres-init
    Optional:  false
  kube-api-access-79j56:
    Type:                    Projected (a volume that contains injected data from multiple sources)
    TokenExpirationSeconds:  3607
    ConfigMapName:           kube-root-ca.crt
    Optional:                false
    DownwardAPI:             true
QoS Class:                   Burstable
Node-Selectors:              <none>
Tolerations:                 node.kubernetes.io/not-ready:NoExecute op=Exists for 300s
                             node.kubernetes.io/unreachable:NoExecute op=Exists for 300s
Events:                      <none>

=== ts=1777270129 ===
Name:             hermod-coordinator-7f54785469-57gts
Namespace:        coord-only
Priority:         0
Service Account:  default
Node:             <pi-host>/<pi-ip>
Start Time:       Mon, 27 Apr 2026 08:05:47 +0200
Labels:           app=hermod-coordinator
                  pod-template-hash=7f54785469
Annotations:      cni.projectcalico.org/containerID: e961a70f73d61ec4251ac88e34fecb68b298bee0ab42b4894c3eac555d0b8b6d
                  cni.projectcalico.org/podIP: <pod-ip>/32
                  cni.projectcalico.org/podIPs: <pod-ip>/32
                  kubectl.kubernetes.io/restartedAt: 2026-04-27T08:05:45+02:00
Status:           Running
IP:               <pod-ip>
IPs:
  IP:           <pod-ip>
Controlled By:  ReplicaSet/hermod-coordinator-7f54785469
Init Containers:
  wait-for-postgres:
    Container ID:  containerd://86504101a3ede8e597f39e35f2dd9e342eb112c8c7c3c309221949f47a06a9b7
    Image:         busybox:1.36
    Image ID:      docker.io/library/busybox@sha256:73aaf090f3d85aa34ee199857f03fa3a95c8ede2ffd4cc2cdb5b94e566b11662
    Port:          <none>
    Host Port:     <none>
    Command:
      sh
      -c
      until nc -z postgres 5432; do sleep 2; done
    State:          Terminated
      Reason:       Completed
      Exit Code:    0
      Started:      Mon, 27 Apr 2026 08:05:48 +0200
      Finished:     Mon, 27 Apr 2026 08:05:48 +0200
    Ready:          True
    Restart Count:  0
    Environment:
      Hermod__Features__DeviceStateTracking:    true
      Hermod__Engine__LogBatchSize:             100
      Hermod__Engine__LogBatching:              true
      Hermod__Engine__Parallelism:              0
      Hermod__Features__MessagePersistence:     true
      Hermod__Features__RuleAuditLog:           true
      Hermod__Features__RuleCache:              true
      Hermod__Features__StatsRollup:            true
      Hermod__Storage__Mode:                    Postgres
      Logging__LogLevel__Hermod:                Information
      Logging__LogLevel__Microsoft.AspNetCore:  Warning
      HERMOD_UUID_TRACE_ENABLED:                true
    Mounts:
      /var/run/secrets/kubernetes.io/serviceaccount from kube-api-access-t9f6j (ro)
  wait-for-nanomq:
    Container ID:  containerd://d28c97b1c0c976a43db2b75983d2c332664fb5b3ac6524504c05f03adcc4e63f
    Image:         busybox:1.36
    Image ID:      docker.io/library/busybox@sha256:73aaf090f3d85aa34ee199857f03fa3a95c8ede2ffd4cc2cdb5b94e566b11662
    Port:          <none>
    Host Port:     <none>
    Command:
      sh
      -c
      until nc -z nanomq 1883; do sleep 2; done
    State:          Terminated
      Reason:       Completed
      Exit Code:    0
      Started:      Mon, 27 Apr 2026 08:05:50 +0200
      Finished:     Mon, 27 Apr 2026 08:05:53 +0200
    Ready:          True
    Restart Count:  0
    Environment:
      Hermod__Features__DeviceStateTracking:    true
      Hermod__Engine__LogBatchSize:             100
      Hermod__Engine__LogBatching:              true
      Hermod__Engine__Parallelism:              0
      Hermod__Features__MessagePersistence:     true
      Hermod__Features__RuleAuditLog:           true
      Hermod__Features__RuleCache:              true
      Hermod__Features__StatsRollup:            true
      Hermod__Storage__Mode:                    Postgres
      Logging__LogLevel__Hermod:                Information
      Logging__LogLevel__Microsoft.AspNetCore:  Warning
      HERMOD_UUID_TRACE_ENABLED:                true
    Mounts:
      /var/run/secrets/kubernetes.io/serviceaccount from kube-api-access-t9f6j (ro)
Containers:
  hermod-coordinator:
    Container ID:   containerd://02ed37077c8ebe690ded6462852f8682a4757ca81884a36ae3c833ded0d86bad
    Image:          hermod-coordinator:latest
    Image ID:       sha256:ca91ccdfcd269dd5e4e25d5ffe8d863ca5db57e5c4f62f08c8adf90d23c15eaf
    Port:           42069/TCP (http)
    Host Port:      0/TCP (http)
    State:          Running
      Started:      Mon, 27 Apr 2026 08:05:54 +0200
    Ready:          True
    Restart Count:  0
    Limits:
      cpu:     1500m
      memory:  1536Mi
    Requests:
      cpu:      200m
      memory:   256Mi
    Liveness:   http-get http://:42069/healthz delay=60s timeout=1s period=30s #success=1 #failure=3
    Readiness:  http-get http://:42069/healthz/ready delay=5s timeout=1s period=10s #success=1 #failure=3
    Startup:    http-get http://:42069/healthz delay=0s timeout=1s period=5s #success=1 #failure=30
    Environment:
      ASPNETCORE_ENVIRONMENT:                   Production
      ASPNETCORE_URLS:                          http://+:42069
      DOTNET_USE_POLLING_FILE_WATCHER:          true
      Hermod__Security__AuthBypass:             true
      Hermod__Security__VaultRequireHttps:      false
      Hermod__Features__MetricsEndpoint:        true
      Hermod__Dev__Endpoints:                   true
      Hermod__Mqtt__Host:                       nanomq
      Hermod__Mqtt__Port:                       1883
      Hermod__Mqtt__UseTls:                     false
      Hermod__Mqtt__Tls__UseTls:                false
      Hermod__Mqtt__Username:                   <set to the key 'mqtt-username' in secret 'hermod-secrets'>  Optional: false
      Hermod__Mqtt__Password:                   <set to the key 'mqtt-password' in secret 'hermod-secrets'>  Optional: false
      Hermod__Database__ConnectionString:       Host=postgres;Port=5432;Database=hermod;Username=hermod_app
      Hermod__Database__Password:               <set to the key 'hermod-db-password' in secret 'hermod-db-credentials'>  Optional: false
      Hermod__Features__DeviceStateTracking:    true
      Hermod__Engine__LogBatchSize:             100
      Hermod__Engine__LogBatching:              true
      Hermod__Engine__Parallelism:              0
      Hermod__Features__MessagePersistence:     true
      Hermod__Features__RuleAuditLog:           true
      Hermod__Features__RuleCache:              true
      Hermod__Features__StatsRollup:            true
      Hermod__Storage__Mode:                    Postgres
      Logging__LogLevel__Hermod:                Information
      Logging__LogLevel__Microsoft.AspNetCore:  Warning
      HERMOD_UUID_TRACE_ENABLED:                true
    Mounts:
      /var/run/secrets/kubernetes.io/serviceaccount from kube-api-access-t9f6j (ro)
Conditions:
  Type                        Status
  PodReadyToStartContainers   True 
  Initialized                 True 
  Ready                       True 
  ContainersReady             True 
  PodScheduled                True 
Volumes:
  kube-api-access-t9f6j:
    Type:                    Projected (a volume that contains injected data from multiple sources)
    TokenExpirationSeconds:  3607
    ConfigMapName:           kube-root-ca.crt
    Optional:                false
    DownwardAPI:             true
QoS Class:                   Burstable
Node-Selectors:              <none>
Tolerations:                 node.kubernetes.io/not-ready:NoExecute op=Exists for 300s
                             node.kubernetes.io/unreachable:NoExecute op=Exists for 300s
Events:
  Type    Reason     Age    From               Message
  ----    ------     ----   ----               -------
  Normal  Scheduled  3m2s   default-scheduler  Successfully assigned coord-only/hermod-coordinator-7f54785469-57gts to <pi-host>
  Normal  Pulled     3m2s   kubelet            spec.initContainers{wait-for-postgres}: Container image "busybox:1.36" already present on machine
  Normal  Created    3m1s   kubelet            spec.initContainers{wait-for-postgres}: Created container: wait-for-postgres
  Normal  Started    3m1s   kubelet            spec.initContainers{wait-for-postgres}: Started container wait-for-postgres
  Normal  Pulled     3m     kubelet            spec.initContainers{wait-for-nanomq}: Container image "busybox:1.36" already present on machine
  Normal  Created    2m59s  kubelet            spec.initContainers{wait-for-nanomq}: Created container: wait-for-nanomq
  Normal  Started    2m59s  kubelet            spec.initContainers{wait-for-nanomq}: Started container wait-for-nanomq
  Normal  Pulled     2m55s  kubelet            spec.containers{hermod-coordinator}: Container image "hermod-coordinator:latest" already present on machine
  Normal  Created    2m55s  kubelet            spec.containers{hermod-coordinator}: Created container: hermod-coordinator
  Normal  Started    2m55s  kubelet            spec.containers{hermod-coordinator}: Started container hermod-coordinator


Name:             nanomq-84d7ff9f78-mjr8j
Namespace:        coord-only
Priority:         0
Service Account:  default
Node:             <pi-host>/<pi-ip>
Start Time:       Mon, 27 Apr 2026 08:05:47 +0200
Labels:           app=nanomq
                  pod-template-hash=84d7ff9f78
Annotations:      cni.projectcalico.org/containerID: 2e458f45695cb930774c7edd1eaefbe32746ff854c07edaed8bff56c563d8383
                  cni.projectcalico.org/podIP: <pod-ip>/32
                  cni.projectcalico.org/podIPs: <pod-ip>/32
                  kubectl.kubernetes.io/restartedAt: 2026-04-27T08:05:45+02:00
Status:           Running
IP:               <pod-ip>
IPs:
  IP:           <pod-ip>
Controlled By:  ReplicaSet/nanomq-84d7ff9f78
Containers:
  nanomq:
    Container ID:   containerd://ba1b52c8cdaff99ad609dee35d7b4b9fd9521b8dc75d41041bb6859365501cf6
    Image:          emqx/nanomq:0.21-slim
    Image ID:       docker.io/emqx/nanomq@sha256:53bea7acb547aced1cc45e08c514628f1e41c4da9ad544fd8c5fa96d3e9eb41b
    Ports:          1883/TCP (mqtt), 8081/TCP (http)
    Host Ports:     0/TCP (mqtt), 0/TCP (http)
    State:          Running
      Started:      Mon, 27 Apr 2026 08:05:49 +0200
    Ready:          True
    Restart Count:  0
    Limits:
      cpu:     1
      memory:  512Mi
    Requests:
      cpu:        50m
      memory:     64Mi
    Liveness:     tcp-socket :1883 delay=10s timeout=1s period=10s #success=1 #failure=3
    Readiness:    tcp-socket :1883 delay=3s timeout=1s period=5s #success=1 #failure=3
    Environment:  <none>
    Mounts:
      /etc/nanomq.conf from config (rw,path="nanomq.conf")
      /var/run/secrets/kubernetes.io/serviceaccount from kube-api-access-hgthz (ro)
Conditions:
  Type                        Status
  PodReadyToStartContainers   True 
  Initialized                 True 
  Ready                       True 
  ContainersReady             True 
  PodScheduled                True 
Volumes:
  config:
    Type:      ConfigMap (a volume populated by a ConfigMap)
    Name:      nanomq-config
    Optional:  false
  kube-api-access-hgthz:
    Type:                    Projected (a volume that contains injected data from multiple sources)
    TokenExpirationSeconds:  3607
    ConfigMapName:           kube-root-ca.crt
    Optional:                false
    DownwardAPI:             true
QoS Class:                   Burstable
Node-Selectors:              <none>
Tolerations:                 node.kubernetes.io/not-ready:NoExecute op=Exists for 300s
                             node.kubernetes.io/unreachable:NoExecute op=Exists for 300s
Events:
  Type    Reason     Age   From               Message
  ----    ------     ----  ----               -------
  Normal  Scheduled  3m2s  default-scheduler  Successfully assigned coord-only/nanomq-84d7ff9f78-mjr8j to <pi-host>
  Normal  Pulled     3m1s  kubelet            spec.containers{nanomq}: Container image "emqx/nanomq:0.21-slim" already present on machine
  Normal  Created    3m1s  kubelet            spec.containers{nanomq}: Created container: nanomq
  Normal  Started    3m    kubelet            spec.containers{nanomq}: Started container nanomq


Name:             postgres-0
Namespace:        coord-only
Priority:         0
Service Account:  default
Node:             <pi-host>/<pi-ip>
Start Time:       Mon, 27 Apr 2026 04:16:57 +0200
Labels:           app=postgres
                  apps.kubernetes.io/pod-index=0
                  controller-revision-hash=postgres-6497897965
                  statefulset.kubernetes.io/pod-name=postgres-0
Annotations:      cni.projectcalico.org/containerID: 69fb4823b666d3d2a1395c00ab9b26a33337431372918fb41d9f85f42d91a056
                  cni.projectcalico.org/podIP: <pod-ip>/32
                  cni.projectcalico.org/podIPs: <pod-ip>/32
Status:           Running
IP:               <pod-ip>
IPs:
  IP:           <pod-ip>
Controlled By:  StatefulSet/postgres
Containers:
  postgres:
    Container ID:  containerd://adf8585ccc9b705cf0261f22f8e1c254a24670c72b998bb7a052f31e3a5ae5be
    Image:         postgres:17-alpine
    Image ID:      docker.io/library/postgres@sha256:778d0b486d6daa02b77434d0358ec57a1b21fd8b6d22ac2eef56a33e816928f6
    Port:          5432/TCP
    Host Port:     0/TCP
    Args:
      -c
      shared_buffers=256MB
      -c
      max_connections=200
      -c
      work_mem=16MB
    State:          Running
      Started:      Mon, 27 Apr 2026 04:16:58 +0200
    Ready:          True
    Restart Count:  0
    Limits:
      cpu:     1500m
      memory:  1536Mi
    Requests:
      cpu:      100m
      memory:   256Mi
    Liveness:   exec [pg_isready -U postgres] delay=30s timeout=1s period=10s #success=1 #failure=3
    Readiness:  exec [pg_isready -U postgres] delay=5s timeout=1s period=5s #success=1 #failure=3
    Environment:
      POSTGRES_DB:        postgres
      POSTGRES_USER:      postgres
      POSTGRES_PASSWORD:  <set to the key 'postgres-superuser-password' in secret 'hermod-secrets'>  Optional: false
    Mounts:
      /docker-entrypoint-initdb.d from init (rw)
      /var/lib/postgresql/data from data (rw)
      /var/run/secrets/kubernetes.io/serviceaccount from kube-api-access-79j56 (ro)
Conditions:
  Type                        Status
  PodReadyToStartContainers   True 
  Initialized                 True 
  Ready                       True 
  ContainersReady             True 
  PodScheduled                True 
Volumes:
  data:
    Type:       PersistentVolumeClaim (a reference to a PersistentVolumeClaim in the same namespace)
    ClaimName:  data-postgres-0
    ReadOnly:   false
  init:
    Type:      ConfigMap (a volume populated by a ConfigMap)
    Name:      postgres-init
    Optional:  false
  kube-api-access-79j56:
    Type:                    Projected (a volume that contains injected data from multiple sources)
    TokenExpirationSeconds:  3607
    ConfigMapName:           kube-root-ca.crt
    Optional:                false
    DownwardAPI:             true
QoS Class:                   Burstable
Node-Selectors:              <none>
Tolerations:                 node.kubernetes.io/not-ready:NoExecute op=Exists for 300s
                             node.kubernetes.io/unreachable:NoExecute op=Exists for 300s
Events:                      <none>

=== ts=1777270140 ===
Name:             hermod-coordinator-7f54785469-57gts
Namespace:        coord-only
Priority:         0
Service Account:  default
Node:             <pi-host>/<pi-ip>
Start Time:       Mon, 27 Apr 2026 08:05:47 +0200
Labels:           app=hermod-coordinator
                  pod-template-hash=7f54785469
Annotations:      cni.projectcalico.org/containerID: e961a70f73d61ec4251ac88e34fecb68b298bee0ab42b4894c3eac555d0b8b6d
                  cni.projectcalico.org/podIP: <pod-ip>/32
                  cni.projectcalico.org/podIPs: <pod-ip>/32
                  kubectl.kubernetes.io/restartedAt: 2026-04-27T08:05:45+02:00
Status:           Running
IP:               <pod-ip>
IPs:
  IP:           <pod-ip>
Controlled By:  ReplicaSet/hermod-coordinator-7f54785469
Init Containers:
  wait-for-postgres:
    Container ID:  containerd://86504101a3ede8e597f39e35f2dd9e342eb112c8c7c3c309221949f47a06a9b7
    Image:         busybox:1.36
    Image ID:      docker.io/library/busybox@sha256:73aaf090f3d85aa34ee199857f03fa3a95c8ede2ffd4cc2cdb5b94e566b11662
    Port:          <none>
    Host Port:     <none>
    Command:
      sh
      -c
      until nc -z postgres 5432; do sleep 2; done
    State:          Terminated
      Reason:       Completed
      Exit Code:    0
      Started:      Mon, 27 Apr 2026 08:05:48 +0200
      Finished:     Mon, 27 Apr 2026 08:05:48 +0200
    Ready:          True
    Restart Count:  0
    Environment:
      Hermod__Features__DeviceStateTracking:    true
      Hermod__Engine__LogBatchSize:             100
      Hermod__Engine__LogBatching:              true
      Hermod__Engine__Parallelism:              0
      Hermod__Features__MessagePersistence:     true
      Hermod__Features__RuleAuditLog:           true
      Hermod__Features__RuleCache:              true
      Hermod__Features__StatsRollup:            true
      Hermod__Storage__Mode:                    Postgres
      Logging__LogLevel__Hermod:                Information
      Logging__LogLevel__Microsoft.AspNetCore:  Warning
      HERMOD_UUID_TRACE_ENABLED:                true
    Mounts:
      /var/run/secrets/kubernetes.io/serviceaccount from kube-api-access-t9f6j (ro)
  wait-for-nanomq:
    Container ID:  containerd://d28c97b1c0c976a43db2b75983d2c332664fb5b3ac6524504c05f03adcc4e63f
    Image:         busybox:1.36
    Image ID:      docker.io/library/busybox@sha256:73aaf090f3d85aa34ee199857f03fa3a95c8ede2ffd4cc2cdb5b94e566b11662
    Port:          <none>
    Host Port:     <none>
    Command:
      sh
      -c
      until nc -z nanomq 1883; do sleep 2; done
    State:          Terminated
      Reason:       Completed
      Exit Code:    0
      Started:      Mon, 27 Apr 2026 08:05:50 +0200
      Finished:     Mon, 27 Apr 2026 08:05:53 +0200
    Ready:          True
    Restart Count:  0
    Environment:
      Hermod__Features__DeviceStateTracking:    true
      Hermod__Engine__LogBatchSize:             100
      Hermod__Engine__LogBatching:              true
      Hermod__Engine__Parallelism:              0
      Hermod__Features__MessagePersistence:     true
      Hermod__Features__RuleAuditLog:           true
      Hermod__Features__RuleCache:              true
      Hermod__Features__StatsRollup:            true
      Hermod__Storage__Mode:                    Postgres
      Logging__LogLevel__Hermod:                Information
      Logging__LogLevel__Microsoft.AspNetCore:  Warning
      HERMOD_UUID_TRACE_ENABLED:                true
    Mounts:
      /var/run/secrets/kubernetes.io/serviceaccount from kube-api-access-t9f6j (ro)
Containers:
  hermod-coordinator:
    Container ID:   containerd://02ed37077c8ebe690ded6462852f8682a4757ca81884a36ae3c833ded0d86bad
    Image:          hermod-coordinator:latest
    Image ID:       sha256:ca91ccdfcd269dd5e4e25d5ffe8d863ca5db57e5c4f62f08c8adf90d23c15eaf
    Port:           42069/TCP (http)
    Host Port:      0/TCP (http)
    State:          Running
      Started:      Mon, 27 Apr 2026 08:05:54 +0200
    Ready:          True
    Restart Count:  0
    Limits:
      cpu:     1500m
      memory:  1536Mi
    Requests:
      cpu:      200m
      memory:   256Mi
    Liveness:   http-get http://:42069/healthz delay=60s timeout=1s period=30s #success=1 #failure=3
    Readiness:  http-get http://:42069/healthz/ready delay=5s timeout=1s period=10s #success=1 #failure=3
    Startup:    http-get http://:42069/healthz delay=0s timeout=1s period=5s #success=1 #failure=30
    Environment:
      ASPNETCORE_ENVIRONMENT:                   Production
      ASPNETCORE_URLS:                          http://+:42069
      DOTNET_USE_POLLING_FILE_WATCHER:          true
      Hermod__Security__AuthBypass:             true
      Hermod__Security__VaultRequireHttps:      false
      Hermod__Features__MetricsEndpoint:        true
      Hermod__Dev__Endpoints:                   true
      Hermod__Mqtt__Host:                       nanomq
      Hermod__Mqtt__Port:                       1883
      Hermod__Mqtt__UseTls:                     false
      Hermod__Mqtt__Tls__UseTls:                false
      Hermod__Mqtt__Username:                   <set to the key 'mqtt-username' in secret 'hermod-secrets'>  Optional: false
      Hermod__Mqtt__Password:                   <set to the key 'mqtt-password' in secret 'hermod-secrets'>  Optional: false
      Hermod__Database__ConnectionString:       Host=postgres;Port=5432;Database=hermod;Username=hermod_app
      Hermod__Database__Password:               <set to the key 'hermod-db-password' in secret 'hermod-db-credentials'>  Optional: false
      Hermod__Features__DeviceStateTracking:    true
      Hermod__Engine__LogBatchSize:             100
      Hermod__Engine__LogBatching:              true
      Hermod__Engine__Parallelism:              0
      Hermod__Features__MessagePersistence:     true
      Hermod__Features__RuleAuditLog:           true
      Hermod__Features__RuleCache:              true
      Hermod__Features__StatsRollup:            true
      Hermod__Storage__Mode:                    Postgres
      Logging__LogLevel__Hermod:                Information
      Logging__LogLevel__Microsoft.AspNetCore:  Warning
      HERMOD_UUID_TRACE_ENABLED:                true
    Mounts:
      /var/run/secrets/kubernetes.io/serviceaccount from kube-api-access-t9f6j (ro)
Conditions:
  Type                        Status
  PodReadyToStartContainers   True 
  Initialized                 True 
  Ready                       True 
  ContainersReady             True 
  PodScheduled                True 
Volumes:
  kube-api-access-t9f6j:
    Type:                    Projected (a volume that contains injected data from multiple sources)
    TokenExpirationSeconds:  3607
    ConfigMapName:           kube-root-ca.crt
    Optional:                false
    DownwardAPI:             true
QoS Class:                   Burstable
Node-Selectors:              <none>
Tolerations:                 node.kubernetes.io/not-ready:NoExecute op=Exists for 300s
                             node.kubernetes.io/unreachable:NoExecute op=Exists for 300s
Events:
  Type    Reason     Age    From               Message
  ----    ------     ----   ----               -------
  Normal  Scheduled  3m13s  default-scheduler  Successfully assigned coord-only/hermod-coordinator-7f54785469-57gts to <pi-host>
  Normal  Pulled     3m13s  kubelet            spec.initContainers{wait-for-postgres}: Container image "busybox:1.36" already present on machine
  Normal  Created    3m12s  kubelet            spec.initContainers{wait-for-postgres}: Created container: wait-for-postgres
  Normal  Started    3m12s  kubelet            spec.initContainers{wait-for-postgres}: Started container wait-for-postgres
  Normal  Pulled     3m11s  kubelet            spec.initContainers{wait-for-nanomq}: Container image "busybox:1.36" already present on machine
  Normal  Created    3m10s  kubelet            spec.initContainers{wait-for-nanomq}: Created container: wait-for-nanomq
  Normal  Started    3m10s  kubelet            spec.initContainers{wait-for-nanomq}: Started container wait-for-nanomq
  Normal  Pulled     3m6s   kubelet            spec.containers{hermod-coordinator}: Container image "hermod-coordinator:latest" already present on machine
  Normal  Created    3m6s   kubelet            spec.containers{hermod-coordinator}: Created container: hermod-coordinator
  Normal  Started    3m6s   kubelet            spec.containers{hermod-coordinator}: Started container hermod-coordinator


Name:             nanomq-84d7ff9f78-mjr8j
Namespace:        coord-only
Priority:         0
Service Account:  default
Node:             <pi-host>/<pi-ip>
Start Time:       Mon, 27 Apr 2026 08:05:47 +0200
Labels:           app=nanomq
                  pod-template-hash=84d7ff9f78
Annotations:      cni.projectcalico.org/containerID: 2e458f45695cb930774c7edd1eaefbe32746ff854c07edaed8bff56c563d8383
                  cni.projectcalico.org/podIP: <pod-ip>/32
                  cni.projectcalico.org/podIPs: <pod-ip>/32
                  kubectl.kubernetes.io/restartedAt: 2026-04-27T08:05:45+02:00
Status:           Running
IP:               <pod-ip>
IPs:
  IP:           <pod-ip>
Controlled By:  ReplicaSet/nanomq-84d7ff9f78
Containers:
  nanomq:
    Container ID:   containerd://ba1b52c8cdaff99ad609dee35d7b4b9fd9521b8dc75d41041bb6859365501cf6
    Image:          emqx/nanomq:0.21-slim
    Image ID:       docker.io/emqx/nanomq@sha256:53bea7acb547aced1cc45e08c514628f1e41c4da9ad544fd8c5fa96d3e9eb41b
    Ports:          1883/TCP (mqtt), 8081/TCP (http)
    Host Ports:     0/TCP (mqtt), 0/TCP (http)
    State:          Running
      Started:      Mon, 27 Apr 2026 08:05:49 +0200
    Ready:          True
    Restart Count:  0
    Limits:
      cpu:     1
      memory:  512Mi
    Requests:
      cpu:        50m
      memory:     64Mi
    Liveness:     tcp-socket :1883 delay=10s timeout=1s period=10s #success=1 #failure=3
    Readiness:    tcp-socket :1883 delay=3s timeout=1s period=5s #success=1 #failure=3
    Environment:  <none>
    Mounts:
      /etc/nanomq.conf from config (rw,path="nanomq.conf")
      /var/run/secrets/kubernetes.io/serviceaccount from kube-api-access-hgthz (ro)
Conditions:
  Type                        Status
  PodReadyToStartContainers   True 
  Initialized                 True 
  Ready                       True 
  ContainersReady             True 
  PodScheduled                True 
Volumes:
  config:
    Type:      ConfigMap (a volume populated by a ConfigMap)
    Name:      nanomq-config
    Optional:  false
  kube-api-access-hgthz:
    Type:                    Projected (a volume that contains injected data from multiple sources)
    TokenExpirationSeconds:  3607
    ConfigMapName:           kube-root-ca.crt
    Optional:                false
    DownwardAPI:             true
QoS Class:                   Burstable
Node-Selectors:              <none>
Tolerations:                 node.kubernetes.io/not-ready:NoExecute op=Exists for 300s
                             node.kubernetes.io/unreachable:NoExecute op=Exists for 300s
Events:
  Type    Reason     Age    From               Message
  ----    ------     ----   ----               -------
  Normal  Scheduled  3m13s  default-scheduler  Successfully assigned coord-only/nanomq-84d7ff9f78-mjr8j to <pi-host>
  Normal  Pulled     3m12s  kubelet            spec.containers{nanomq}: Container image "emqx/nanomq:0.21-slim" already present on machine
  Normal  Created    3m12s  kubelet            spec.containers{nanomq}: Created container: nanomq
  Normal  Started    3m11s  kubelet            spec.containers{nanomq}: Started container nanomq


Name:             postgres-0
Namespace:        coord-only
Priority:         0
Service Account:  default
Node:             <pi-host>/<pi-ip>
Start Time:       Mon, 27 Apr 2026 04:16:57 +0200
Labels:           app=postgres
                  apps.kubernetes.io/pod-index=0
                  controller-revision-hash=postgres-6497897965
                  statefulset.kubernetes.io/pod-name=postgres-0
Annotations:      cni.projectcalico.org/containerID: 69fb4823b666d3d2a1395c00ab9b26a33337431372918fb41d9f85f42d91a056
                  cni.projectcalico.org/podIP: <pod-ip>/32
                  cni.projectcalico.org/podIPs: <pod-ip>/32
Status:           Running
IP:               <pod-ip>
IPs:
  IP:           <pod-ip>
Controlled By:  StatefulSet/postgres
Containers:
  postgres:
    Container ID:  containerd://adf8585ccc9b705cf0261f22f8e1c254a24670c72b998bb7a052f31e3a5ae5be
    Image:         postgres:17-alpine
    Image ID:      docker.io/library/postgres@sha256:778d0b486d6daa02b77434d0358ec57a1b21fd8b6d22ac2eef56a33e816928f6
    Port:          5432/TCP
    Host Port:     0/TCP
    Args:
      -c
      shared_buffers=256MB
      -c
      max_connections=200
      -c
      work_mem=16MB
    State:          Running
      Started:      Mon, 27 Apr 2026 04:16:58 +0200
    Ready:          True
    Restart Count:  0
    Limits:
      cpu:     1500m
      memory:  1536Mi
    Requests:
      cpu:      100m
      memory:   256Mi
    Liveness:   exec [pg_isready -U postgres] delay=30s timeout=1s period=10s #success=1 #failure=3
    Readiness:  exec [pg_isready -U postgres] delay=5s timeout=1s period=5s #success=1 #failure=3
    Environment:
      POSTGRES_DB:        postgres
      POSTGRES_USER:      postgres
      POSTGRES_PASSWORD:  <set to the key 'postgres-superuser-password' in secret 'hermod-secrets'>  Optional: false
    Mounts:
      /docker-entrypoint-initdb.d from init (rw)
      /var/lib/postgresql/data from data (rw)
      /var/run/secrets/kubernetes.io/serviceaccount from kube-api-access-79j56 (ro)
Conditions:
  Type                        Status
  PodReadyToStartContainers   True 
  Initialized                 True 
  Ready                       True 
  ContainersReady             True 
  PodScheduled                True 
Volumes:
  data:
    Type:       PersistentVolumeClaim (a reference to a PersistentVolumeClaim in the same namespace)
    ClaimName:  data-postgres-0
    ReadOnly:   false
  init:
    Type:      ConfigMap (a volume populated by a ConfigMap)
    Name:      postgres-init
    Optional:  false
  kube-api-access-79j56:
    Type:                    Projected (a volume that contains injected data from multiple sources)
    TokenExpirationSeconds:  3607
    ConfigMapName:           kube-root-ca.crt
    Optional:                false
    DownwardAPI:             true
QoS Class:                   Burstable
Node-Selectors:              <none>
Tolerations:                 node.kubernetes.io/not-ready:NoExecute op=Exists for 300s
                             node.kubernetes.io/unreachable:NoExecute op=Exists for 300s
Events:                      <none>

=== ts=1777270153 ===
Name:             hermod-coordinator-7f54785469-57gts
Namespace:        coord-only
Priority:         0
Service Account:  default
Node:             <pi-host>/<pi-ip>
Start Time:       Mon, 27 Apr 2026 08:05:47 +0200
Labels:           app=hermod-coordinator
                  pod-template-hash=7f54785469
Annotations:      cni.projectcalico.org/containerID: e961a70f73d61ec4251ac88e34fecb68b298bee0ab42b4894c3eac555d0b8b6d
                  cni.projectcalico.org/podIP: <pod-ip>/32
                  cni.projectcalico.org/podIPs: <pod-ip>/32
                  kubectl.kubernetes.io/restartedAt: 2026-04-27T08:05:45+02:00
Status:           Running
IP:               <pod-ip>
IPs:
  IP:           <pod-ip>
Controlled By:  ReplicaSet/hermod-coordinator-7f54785469
Init Containers:
  wait-for-postgres:
    Container ID:  containerd://86504101a3ede8e597f39e35f2dd9e342eb112c8c7c3c309221949f47a06a9b7
    Image:         busybox:1.36
    Image ID:      docker.io/library/busybox@sha256:73aaf090f3d85aa34ee199857f03fa3a95c8ede2ffd4cc2cdb5b94e566b11662
    Port:          <none>
    Host Port:     <none>
    Command:
      sh
      -c
      until nc -z postgres 5432; do sleep 2; done
    State:          Terminated
      Reason:       Completed
      Exit Code:    0
      Started:      Mon, 27 Apr 2026 08:05:48 +0200
      Finished:     Mon, 27 Apr 2026 08:05:48 +0200
    Ready:          True
    Restart Count:  0
    Environment:
      Hermod__Features__DeviceStateTracking:    true
      Hermod__Engine__LogBatchSize:             100
      Hermod__Engine__LogBatching:              true
      Hermod__Engine__Parallelism:              0
      Hermod__Features__MessagePersistence:     true
      Hermod__Features__RuleAuditLog:           true
      Hermod__Features__RuleCache:              true
      Hermod__Features__StatsRollup:            true
      Hermod__Storage__Mode:                    Postgres
      Logging__LogLevel__Hermod:                Information
      Logging__LogLevel__Microsoft.AspNetCore:  Warning
      HERMOD_UUID_TRACE_ENABLED:                true
    Mounts:
      /var/run/secrets/kubernetes.io/serviceaccount from kube-api-access-t9f6j (ro)
  wait-for-nanomq:
    Container ID:  containerd://d28c97b1c0c976a43db2b75983d2c332664fb5b3ac6524504c05f03adcc4e63f
    Image:         busybox:1.36
    Image ID:      docker.io/library/busybox@sha256:73aaf090f3d85aa34ee199857f03fa3a95c8ede2ffd4cc2cdb5b94e566b11662
    Port:          <none>
    Host Port:     <none>
    Command:
      sh
      -c
      until nc -z nanomq 1883; do sleep 2; done
    State:          Terminated
      Reason:       Completed
      Exit Code:    0
      Started:      Mon, 27 Apr 2026 08:05:50 +0200
      Finished:     Mon, 27 Apr 2026 08:05:53 +0200
    Ready:          True
    Restart Count:  0
    Environment:
      Hermod__Features__DeviceStateTracking:    true
      Hermod__Engine__LogBatchSize:             100
      Hermod__Engine__LogBatching:              true
      Hermod__Engine__Parallelism:              0
      Hermod__Features__MessagePersistence:     true
      Hermod__Features__RuleAuditLog:           true
      Hermod__Features__RuleCache:              true
      Hermod__Features__StatsRollup:            true
      Hermod__Storage__Mode:                    Postgres
      Logging__LogLevel__Hermod:                Information
      Logging__LogLevel__Microsoft.AspNetCore:  Warning
      HERMOD_UUID_TRACE_ENABLED:                true
    Mounts:
      /var/run/secrets/kubernetes.io/serviceaccount from kube-api-access-t9f6j (ro)
Containers:
  hermod-coordinator:
    Container ID:   containerd://02ed37077c8ebe690ded6462852f8682a4757ca81884a36ae3c833ded0d86bad
    Image:          hermod-coordinator:latest
    Image ID:       sha256:ca91ccdfcd269dd5e4e25d5ffe8d863ca5db57e5c4f62f08c8adf90d23c15eaf
    Port:           42069/TCP (http)
    Host Port:      0/TCP (http)
    State:          Running
      Started:      Mon, 27 Apr 2026 08:05:54 +0200
    Ready:          True
    Restart Count:  0
    Limits:
      cpu:     1500m
      memory:  1536Mi
    Requests:
      cpu:      200m
      memory:   256Mi
    Liveness:   http-get http://:42069/healthz delay=60s timeout=1s period=30s #success=1 #failure=3
    Readiness:  http-get http://:42069/healthz/ready delay=5s timeout=1s period=10s #success=1 #failure=3
    Startup:    http-get http://:42069/healthz delay=0s timeout=1s period=5s #success=1 #failure=30
    Environment:
      ASPNETCORE_ENVIRONMENT:                   Production
      ASPNETCORE_URLS:                          http://+:42069
      DOTNET_USE_POLLING_FILE_WATCHER:          true
      Hermod__Security__AuthBypass:             true
      Hermod__Security__VaultRequireHttps:      false
      Hermod__Features__MetricsEndpoint:        true
      Hermod__Dev__Endpoints:                   true
      Hermod__Mqtt__Host:                       nanomq
      Hermod__Mqtt__Port:                       1883
      Hermod__Mqtt__UseTls:                     false
      Hermod__Mqtt__Tls__UseTls:                false
      Hermod__Mqtt__Username:                   <set to the key 'mqtt-username' in secret 'hermod-secrets'>  Optional: false
      Hermod__Mqtt__Password:                   <set to the key 'mqtt-password' in secret 'hermod-secrets'>  Optional: false
      Hermod__Database__ConnectionString:       Host=postgres;Port=5432;Database=hermod;Username=hermod_app
      Hermod__Database__Password:               <set to the key 'hermod-db-password' in secret 'hermod-db-credentials'>  Optional: false
      Hermod__Features__DeviceStateTracking:    true
      Hermod__Engine__LogBatchSize:             100
      Hermod__Engine__LogBatching:              true
      Hermod__Engine__Parallelism:              0
      Hermod__Features__MessagePersistence:     true
      Hermod__Features__RuleAuditLog:           true
      Hermod__Features__RuleCache:              true
      Hermod__Features__StatsRollup:            true
      Hermod__Storage__Mode:                    Postgres
      Logging__LogLevel__Hermod:                Information
      Logging__LogLevel__Microsoft.AspNetCore:  Warning
      HERMOD_UUID_TRACE_ENABLED:                true
    Mounts:
      /var/run/secrets/kubernetes.io/serviceaccount from kube-api-access-t9f6j (ro)
Conditions:
  Type                        Status
  PodReadyToStartContainers   True 
  Initialized                 True 
  Ready                       True 
  ContainersReady             True 
  PodScheduled                True 
Volumes:
  kube-api-access-t9f6j:
    Type:                    Projected (a volume that contains injected data from multiple sources)
    TokenExpirationSeconds:  3607
    ConfigMapName:           kube-root-ca.crt
    Optional:                false
    DownwardAPI:             true
QoS Class:                   Burstable
Node-Selectors:              <none>
Tolerations:                 node.kubernetes.io/not-ready:NoExecute op=Exists for 300s
                             node.kubernetes.io/unreachable:NoExecute op=Exists for 300s
Events:
  Type    Reason     Age    From               Message
  ----    ------     ----   ----               -------
  Normal  Scheduled  3m26s  default-scheduler  Successfully assigned coord-only/hermod-coordinator-7f54785469-57gts to <pi-host>
  Normal  Pulled     3m26s  kubelet            spec.initContainers{wait-for-postgres}: Container image "busybox:1.36" already present on machine
  Normal  Created    3m25s  kubelet            spec.initContainers{wait-for-postgres}: Created container: wait-for-postgres
  Normal  Started    3m25s  kubelet            spec.initContainers{wait-for-postgres}: Started container wait-for-postgres
  Normal  Pulled     3m24s  kubelet            spec.initContainers{wait-for-nanomq}: Container image "busybox:1.36" already present on machine
  Normal  Created    3m23s  kubelet            spec.initContainers{wait-for-nanomq}: Created container: wait-for-nanomq
  Normal  Started    3m23s  kubelet            spec.initContainers{wait-for-nanomq}: Started container wait-for-nanomq
  Normal  Pulled     3m19s  kubelet            spec.containers{hermod-coordinator}: Container image "hermod-coordinator:latest" already present on machine
  Normal  Created    3m19s  kubelet            spec.containers{hermod-coordinator}: Created container: hermod-coordinator
  Normal  Started    3m19s  kubelet            spec.containers{hermod-coordinator}: Started container hermod-coordinator


Name:             nanomq-84d7ff9f78-mjr8j
Namespace:        coord-only
Priority:         0
Service Account:  default
Node:             <pi-host>/<pi-ip>
Start Time:       Mon, 27 Apr 2026 08:05:47 +0200
Labels:           app=nanomq
                  pod-template-hash=84d7ff9f78
Annotations:      cni.projectcalico.org/containerID: 2e458f45695cb930774c7edd1eaefbe32746ff854c07edaed8bff56c563d8383
                  cni.projectcalico.org/podIP: <pod-ip>/32
                  cni.projectcalico.org/podIPs: <pod-ip>/32
                  kubectl.kubernetes.io/restartedAt: 2026-04-27T08:05:45+02:00
Status:           Running
IP:               <pod-ip>
IPs:
  IP:           <pod-ip>
Controlled By:  ReplicaSet/nanomq-84d7ff9f78
Containers:
  nanomq:
    Container ID:   containerd://ba1b52c8cdaff99ad609dee35d7b4b9fd9521b8dc75d41041bb6859365501cf6
    Image:          emqx/nanomq:0.21-slim
    Image ID:       docker.io/emqx/nanomq@sha256:53bea7acb547aced1cc45e08c514628f1e41c4da9ad544fd8c5fa96d3e9eb41b
    Ports:          1883/TCP (mqtt), 8081/TCP (http)
    Host Ports:     0/TCP (mqtt), 0/TCP (http)
    State:          Running
      Started:      Mon, 27 Apr 2026 08:05:49 +0200
    Ready:          True
    Restart Count:  0
    Limits:
      cpu:     1
      memory:  512Mi
    Requests:
      cpu:        50m
      memory:     64Mi
    Liveness:     tcp-socket :1883 delay=10s timeout=1s period=10s #success=1 #failure=3
    Readiness:    tcp-socket :1883 delay=3s timeout=1s period=5s #success=1 #failure=3
    Environment:  <none>
    Mounts:
      /etc/nanomq.conf from config (rw,path="nanomq.conf")
      /var/run/secrets/kubernetes.io/serviceaccount from kube-api-access-hgthz (ro)
Conditions:
  Type                        Status
  PodReadyToStartContainers   True 
  Initialized                 True 
  Ready                       True 
  ContainersReady             True 
  PodScheduled                True 
Volumes:
  config:
    Type:      ConfigMap (a volume populated by a ConfigMap)
    Name:      nanomq-config
    Optional:  false
  kube-api-access-hgthz:
    Type:                    Projected (a volume that contains injected data from multiple sources)
    TokenExpirationSeconds:  3607
    ConfigMapName:           kube-root-ca.crt
    Optional:                false
    DownwardAPI:             true
QoS Class:                   Burstable
Node-Selectors:              <none>
Tolerations:                 node.kubernetes.io/not-ready:NoExecute op=Exists for 300s
                             node.kubernetes.io/unreachable:NoExecute op=Exists for 300s
Events:
  Type    Reason     Age    From               Message
  ----    ------     ----   ----               -------
  Normal  Scheduled  3m26s  default-scheduler  Successfully assigned coord-only/nanomq-84d7ff9f78-mjr8j to <pi-host>
  Normal  Pulled     3m25s  kubelet            spec.containers{nanomq}: Container image "emqx/nanomq:0.21-slim" already present on machine
  Normal  Created    3m25s  kubelet            spec.containers{nanomq}: Created container: nanomq
  Normal  Started    3m24s  kubelet            spec.containers{nanomq}: Started container nanomq


Name:             postgres-0
Namespace:        coord-only
Priority:         0
Service Account:  default
Node:             <pi-host>/<pi-ip>
Start Time:       Mon, 27 Apr 2026 04:16:57 +0200
Labels:           app=postgres
                  apps.kubernetes.io/pod-index=0
                  controller-revision-hash=postgres-6497897965
                  statefulset.kubernetes.io/pod-name=postgres-0
Annotations:      cni.projectcalico.org/containerID: 69fb4823b666d3d2a1395c00ab9b26a33337431372918fb41d9f85f42d91a056
                  cni.projectcalico.org/podIP: <pod-ip>/32
                  cni.projectcalico.org/podIPs: <pod-ip>/32
Status:           Running
IP:               <pod-ip>
IPs:
  IP:           <pod-ip>
Controlled By:  StatefulSet/postgres
Containers:
  postgres:
    Container ID:  containerd://adf8585ccc9b705cf0261f22f8e1c254a24670c72b998bb7a052f31e3a5ae5be
    Image:         postgres:17-alpine
    Image ID:      docker.io/library/postgres@sha256:778d0b486d6daa02b77434d0358ec57a1b21fd8b6d22ac2eef56a33e816928f6
    Port:          5432/TCP
    Host Port:     0/TCP
    Args:
      -c
      shared_buffers=256MB
      -c
      max_connections=200
      -c
      work_mem=16MB
    State:          Running
      Started:      Mon, 27 Apr 2026 04:16:58 +0200
    Ready:          True
    Restart Count:  0
    Limits:
      cpu:     1500m
      memory:  1536Mi
    Requests:
      cpu:      100m
      memory:   256Mi
    Liveness:   exec [pg_isready -U postgres] delay=30s timeout=1s period=10s #success=1 #failure=3
    Readiness:  exec [pg_isready -U postgres] delay=5s timeout=1s period=5s #success=1 #failure=3
    Environment:
      POSTGRES_DB:        postgres
      POSTGRES_USER:      postgres
      POSTGRES_PASSWORD:  <set to the key 'postgres-superuser-password' in secret 'hermod-secrets'>  Optional: false
    Mounts:
      /docker-entrypoint-initdb.d from init (rw)
      /var/lib/postgresql/data from data (rw)
      /var/run/secrets/kubernetes.io/serviceaccount from kube-api-access-79j56 (ro)
Conditions:
  Type                        Status
  PodReadyToStartContainers   True 
  Initialized                 True 
  Ready                       True 
  ContainersReady             True 
  PodScheduled                True 
Volumes:
  data:
    Type:       PersistentVolumeClaim (a reference to a PersistentVolumeClaim in the same namespace)
    ClaimName:  data-postgres-0
    ReadOnly:   false
  init:
    Type:      ConfigMap (a volume populated by a ConfigMap)
    Name:      postgres-init
    Optional:  false
  kube-api-access-79j56:
    Type:                    Projected (a volume that contains injected data from multiple sources)
    TokenExpirationSeconds:  3607
    ConfigMapName:           kube-root-ca.crt
    Optional:                false
    DownwardAPI:             true
QoS Class:                   Burstable
Node-Selectors:              <none>
Tolerations:                 node.kubernetes.io/not-ready:NoExecute op=Exists for 300s
                             node.kubernetes.io/unreachable:NoExecute op=Exists for 300s
Events:                      <none>

=== ts=1777270164 ===
Name:             hermod-coordinator-7f54785469-57gts
Namespace:        coord-only
Priority:         0
Service Account:  default
Node:             <pi-host>/<pi-ip>
Start Time:       Mon, 27 Apr 2026 08:05:47 +0200
Labels:           app=hermod-coordinator
                  pod-template-hash=7f54785469
Annotations:      cni.projectcalico.org/containerID: e961a70f73d61ec4251ac88e34fecb68b298bee0ab42b4894c3eac555d0b8b6d
                  cni.projectcalico.org/podIP: <pod-ip>/32
                  cni.projectcalico.org/podIPs: <pod-ip>/32
                  kubectl.kubernetes.io/restartedAt: 2026-04-27T08:05:45+02:00
Status:           Running
IP:               <pod-ip>
IPs:
  IP:           <pod-ip>
Controlled By:  ReplicaSet/hermod-coordinator-7f54785469
Init Containers:
  wait-for-postgres:
    Container ID:  containerd://86504101a3ede8e597f39e35f2dd9e342eb112c8c7c3c309221949f47a06a9b7
    Image:         busybox:1.36
    Image ID:      docker.io/library/busybox@sha256:73aaf090f3d85aa34ee199857f03fa3a95c8ede2ffd4cc2cdb5b94e566b11662
    Port:          <none>
    Host Port:     <none>
    Command:
      sh
      -c
      until nc -z postgres 5432; do sleep 2; done
    State:          Terminated
      Reason:       Completed
      Exit Code:    0
      Started:      Mon, 27 Apr 2026 08:05:48 +0200
      Finished:     Mon, 27 Apr 2026 08:05:48 +0200
    Ready:          True
    Restart Count:  0
    Environment:
      Hermod__Features__DeviceStateTracking:    true
      Hermod__Engine__LogBatchSize:             100
      Hermod__Engine__LogBatching:              true
      Hermod__Engine__Parallelism:              0
      Hermod__Features__MessagePersistence:     true
      Hermod__Features__RuleAuditLog:           true
      Hermod__Features__RuleCache:              true
      Hermod__Features__StatsRollup:            true
      Hermod__Storage__Mode:                    Postgres
      Logging__LogLevel__Hermod:                Information
      Logging__LogLevel__Microsoft.AspNetCore:  Warning
      HERMOD_UUID_TRACE_ENABLED:                true
    Mounts:
      /var/run/secrets/kubernetes.io/serviceaccount from kube-api-access-t9f6j (ro)
  wait-for-nanomq:
    Container ID:  containerd://d28c97b1c0c976a43db2b75983d2c332664fb5b3ac6524504c05f03adcc4e63f
    Image:         busybox:1.36
    Image ID:      docker.io/library/busybox@sha256:73aaf090f3d85aa34ee199857f03fa3a95c8ede2ffd4cc2cdb5b94e566b11662
    Port:          <none>
    Host Port:     <none>
    Command:
      sh
      -c
      until nc -z nanomq 1883; do sleep 2; done
    State:          Terminated
      Reason:       Completed
      Exit Code:    0
      Started:      Mon, 27 Apr 2026 08:05:50 +0200
      Finished:     Mon, 27 Apr 2026 08:05:53 +0200
    Ready:          True
    Restart Count:  0
    Environment:
      Hermod__Features__DeviceStateTracking:    true
      Hermod__Engine__LogBatchSize:             100
      Hermod__Engine__LogBatching:              true
      Hermod__Engine__Parallelism:              0
      Hermod__Features__MessagePersistence:     true
      Hermod__Features__RuleAuditLog:           true
      Hermod__Features__RuleCache:              true
      Hermod__Features__StatsRollup:            true
      Hermod__Storage__Mode:                    Postgres
      Logging__LogLevel__Hermod:                Information
      Logging__LogLevel__Microsoft.AspNetCore:  Warning
      HERMOD_UUID_TRACE_ENABLED:                true
    Mounts:
      /var/run/secrets/kubernetes.io/serviceaccount from kube-api-access-t9f6j (ro)
Containers:
  hermod-coordinator:
    Container ID:   containerd://02ed37077c8ebe690ded6462852f8682a4757ca81884a36ae3c833ded0d86bad
    Image:          hermod-coordinator:latest
    Image ID:       sha256:ca91ccdfcd269dd5e4e25d5ffe8d863ca5db57e5c4f62f08c8adf90d23c15eaf
    Port:           42069/TCP (http)
    Host Port:      0/TCP (http)
    State:          Running
      Started:      Mon, 27 Apr 2026 08:05:54 +0200
    Ready:          True
    Restart Count:  0
    Limits:
      cpu:     1500m
      memory:  1536Mi
    Requests:
      cpu:      200m
      memory:   256Mi
    Liveness:   http-get http://:42069/healthz delay=60s timeout=1s period=30s #success=1 #failure=3
    Readiness:  http-get http://:42069/healthz/ready delay=5s timeout=1s period=10s #success=1 #failure=3
    Startup:    http-get http://:42069/healthz delay=0s timeout=1s period=5s #success=1 #failure=30
    Environment:
      ASPNETCORE_ENVIRONMENT:                   Production
      ASPNETCORE_URLS:                          http://+:42069
      DOTNET_USE_POLLING_FILE_WATCHER:          true
      Hermod__Security__AuthBypass:             true
      Hermod__Security__VaultRequireHttps:      false
      Hermod__Features__MetricsEndpoint:        true
      Hermod__Dev__Endpoints:                   true
      Hermod__Mqtt__Host:                       nanomq
      Hermod__Mqtt__Port:                       1883
      Hermod__Mqtt__UseTls:                     false
      Hermod__Mqtt__Tls__UseTls:                false
      Hermod__Mqtt__Username:                   <set to the key 'mqtt-username' in secret 'hermod-secrets'>  Optional: false
      Hermod__Mqtt__Password:                   <set to the key 'mqtt-password' in secret 'hermod-secrets'>  Optional: false
      Hermod__Database__ConnectionString:       Host=postgres;Port=5432;Database=hermod;Username=hermod_app
      Hermod__Database__Password:               <set to the key 'hermod-db-password' in secret 'hermod-db-credentials'>  Optional: false
      Hermod__Features__DeviceStateTracking:    true
      Hermod__Engine__LogBatchSize:             100
      Hermod__Engine__LogBatching:              true
      Hermod__Engine__Parallelism:              0
      Hermod__Features__MessagePersistence:     true
      Hermod__Features__RuleAuditLog:           true
      Hermod__Features__RuleCache:              true
      Hermod__Features__StatsRollup:            true
      Hermod__Storage__Mode:                    Postgres
      Logging__LogLevel__Hermod:                Information
      Logging__LogLevel__Microsoft.AspNetCore:  Warning
      HERMOD_UUID_TRACE_ENABLED:                true
    Mounts:
      /var/run/secrets/kubernetes.io/serviceaccount from kube-api-access-t9f6j (ro)
Conditions:
  Type                        Status
  PodReadyToStartContainers   True 
  Initialized                 True 
  Ready                       True 
  ContainersReady             True 
  PodScheduled                True 
Volumes:
  kube-api-access-t9f6j:
    Type:                    Projected (a volume that contains injected data from multiple sources)
    TokenExpirationSeconds:  3607
    ConfigMapName:           kube-root-ca.crt
    Optional:                false
    DownwardAPI:             true
QoS Class:                   Burstable
Node-Selectors:              <none>
Tolerations:                 node.kubernetes.io/not-ready:NoExecute op=Exists for 300s
                             node.kubernetes.io/unreachable:NoExecute op=Exists for 300s
Events:
  Type    Reason     Age    From               Message
  ----    ------     ----   ----               -------
  Normal  Scheduled  3m37s  default-scheduler  Successfully assigned coord-only/hermod-coordinator-7f54785469-57gts to <pi-host>
  Normal  Pulled     3m37s  kubelet            spec.initContainers{wait-for-postgres}: Container image "busybox:1.36" already present on machine
  Normal  Created    3m36s  kubelet            spec.initContainers{wait-for-postgres}: Created container: wait-for-postgres
  Normal  Started    3m36s  kubelet            spec.initContainers{wait-for-postgres}: Started container wait-for-postgres
  Normal  Pulled     3m35s  kubelet            spec.initContainers{wait-for-nanomq}: Container image "busybox:1.36" already present on machine
  Normal  Created    3m34s  kubelet            spec.initContainers{wait-for-nanomq}: Created container: wait-for-nanomq
  Normal  Started    3m34s  kubelet            spec.initContainers{wait-for-nanomq}: Started container wait-for-nanomq
  Normal  Pulled     3m30s  kubelet            spec.containers{hermod-coordinator}: Container image "hermod-coordinator:latest" already present on machine
  Normal  Created    3m30s  kubelet            spec.containers{hermod-coordinator}: Created container: hermod-coordinator
  Normal  Started    3m30s  kubelet            spec.containers{hermod-coordinator}: Started container hermod-coordinator


Name:             nanomq-84d7ff9f78-mjr8j
Namespace:        coord-only
Priority:         0
Service Account:  default
Node:             <pi-host>/<pi-ip>
Start Time:       Mon, 27 Apr 2026 08:05:47 +0200
Labels:           app=nanomq
                  pod-template-hash=84d7ff9f78
Annotations:      cni.projectcalico.org/containerID: 2e458f45695cb930774c7edd1eaefbe32746ff854c07edaed8bff56c563d8383
                  cni.projectcalico.org/podIP: <pod-ip>/32
                  cni.projectcalico.org/podIPs: <pod-ip>/32
                  kubectl.kubernetes.io/restartedAt: 2026-04-27T08:05:45+02:00
Status:           Running
IP:               <pod-ip>
IPs:
  IP:           <pod-ip>
Controlled By:  ReplicaSet/nanomq-84d7ff9f78
Containers:
  nanomq:
    Container ID:   containerd://ba1b52c8cdaff99ad609dee35d7b4b9fd9521b8dc75d41041bb6859365501cf6
    Image:          emqx/nanomq:0.21-slim
    Image ID:       docker.io/emqx/nanomq@sha256:53bea7acb547aced1cc45e08c514628f1e41c4da9ad544fd8c5fa96d3e9eb41b
    Ports:          1883/TCP (mqtt), 8081/TCP (http)
    Host Ports:     0/TCP (mqtt), 0/TCP (http)
    State:          Running
      Started:      Mon, 27 Apr 2026 08:05:49 +0200
    Ready:          True
    Restart Count:  0
    Limits:
      cpu:     1
      memory:  512Mi
    Requests:
      cpu:        50m
      memory:     64Mi
    Liveness:     tcp-socket :1883 delay=10s timeout=1s period=10s #success=1 #failure=3
    Readiness:    tcp-socket :1883 delay=3s timeout=1s period=5s #success=1 #failure=3
    Environment:  <none>
    Mounts:
      /etc/nanomq.conf from config (rw,path="nanomq.conf")
      /var/run/secrets/kubernetes.io/serviceaccount from kube-api-access-hgthz (ro)
Conditions:
  Type                        Status
  PodReadyToStartContainers   True 
  Initialized                 True 
  Ready                       True 
  ContainersReady             True 
  PodScheduled                True 
Volumes:
  config:
    Type:      ConfigMap (a volume populated by a ConfigMap)
    Name:      nanomq-config
    Optional:  false
  kube-api-access-hgthz:
    Type:                    Projected (a volume that contains injected data from multiple sources)
    TokenExpirationSeconds:  3607
    ConfigMapName:           kube-root-ca.crt
    Optional:                false
    DownwardAPI:             true
QoS Class:                   Burstable
Node-Selectors:              <none>
Tolerations:                 node.kubernetes.io/not-ready:NoExecute op=Exists for 300s
                             node.kubernetes.io/unreachable:NoExecute op=Exists for 300s
Events:
  Type    Reason     Age    From               Message
  ----    ------     ----   ----               -------
  Normal  Scheduled  3m37s  default-scheduler  Successfully assigned coord-only/nanomq-84d7ff9f78-mjr8j to <pi-host>
  Normal  Pulled     3m36s  kubelet            spec.containers{nanomq}: Container image "emqx/nanomq:0.21-slim" already present on machine
  Normal  Created    3m36s  kubelet            spec.containers{nanomq}: Created container: nanomq
  Normal  Started    3m35s  kubelet            spec.containers{nanomq}: Started container nanomq


Name:             postgres-0
Namespace:        coord-only
Priority:         0
Service Account:  default
Node:             <pi-host>/<pi-ip>
Start Time:       Mon, 27 Apr 2026 04:16:57 +0200
Labels:           app=postgres
                  apps.kubernetes.io/pod-index=0
                  controller-revision-hash=postgres-6497897965
                  statefulset.kubernetes.io/pod-name=postgres-0
Annotations:      cni.projectcalico.org/containerID: 69fb4823b666d3d2a1395c00ab9b26a33337431372918fb41d9f85f42d91a056
                  cni.projectcalico.org/podIP: <pod-ip>/32
                  cni.projectcalico.org/podIPs: <pod-ip>/32
Status:           Running
IP:               <pod-ip>
IPs:
  IP:           <pod-ip>
Controlled By:  StatefulSet/postgres
Containers:
  postgres:
    Container ID:  containerd://adf8585ccc9b705cf0261f22f8e1c254a24670c72b998bb7a052f31e3a5ae5be
    Image:         postgres:17-alpine
    Image ID:      docker.io/library/postgres@sha256:778d0b486d6daa02b77434d0358ec57a1b21fd8b6d22ac2eef56a33e816928f6
    Port:          5432/TCP
    Host Port:     0/TCP
    Args:
      -c
      shared_buffers=256MB
      -c
      max_connections=200
      -c
      work_mem=16MB
    State:          Running
      Started:      Mon, 27 Apr 2026 04:16:58 +0200
    Ready:          True
    Restart Count:  0
    Limits:
      cpu:     1500m
      memory:  1536Mi
    Requests:
      cpu:      100m
      memory:   256Mi
    Liveness:   exec [pg_isready -U postgres] delay=30s timeout=1s period=10s #success=1 #failure=3
    Readiness:  exec [pg_isready -U postgres] delay=5s timeout=1s period=5s #success=1 #failure=3
    Environment:
      POSTGRES_DB:        postgres
      POSTGRES_USER:      postgres
      POSTGRES_PASSWORD:  <set to the key 'postgres-superuser-password' in secret 'hermod-secrets'>  Optional: false
    Mounts:
      /docker-entrypoint-initdb.d from init (rw)
      /var/lib/postgresql/data from data (rw)
      /var/run/secrets/kubernetes.io/serviceaccount from kube-api-access-79j56 (ro)
Conditions:
  Type                        Status
  PodReadyToStartContainers   True 
  Initialized                 True 
  Ready                       True 
  ContainersReady             True 
  PodScheduled                True 
Volumes:
  data:
    Type:       PersistentVolumeClaim (a reference to a PersistentVolumeClaim in the same namespace)
    ClaimName:  data-postgres-0
    ReadOnly:   false
  init:
    Type:      ConfigMap (a volume populated by a ConfigMap)
    Name:      postgres-init
    Optional:  false
  kube-api-access-79j56:
    Type:                    Projected (a volume that contains injected data from multiple sources)
    TokenExpirationSeconds:  3607
    ConfigMapName:           kube-root-ca.crt
    Optional:                false
    DownwardAPI:             true
QoS Class:                   Burstable
Node-Selectors:              <none>
Tolerations:                 node.kubernetes.io/not-ready:NoExecute op=Exists for 300s
                             node.kubernetes.io/unreachable:NoExecute op=Exists for 300s
Events:                      <none>

