=== ts=1777272364 ===
Name:             nanomq-b7b5bfccc-qh67d
Namespace:        nanomq-only
Priority:         0
Service Account:  default
Node:             <pi-host>/<pi-ip>
Start Time:       Mon, 27 Apr 2026 08:45:57 +0200
Labels:           app=nanomq
                  pod-template-hash=b7b5bfccc
Annotations:      cni.projectcalico.org/containerID: e6d0a0c37d6bff3e9dc7dad245eef765d46473c2408a7cef6282fe06affbc279
                  cni.projectcalico.org/podIP: <pod-ip>/32
                  cni.projectcalico.org/podIPs: <pod-ip>/32
                  kubectl.kubernetes.io/restartedAt: 2026-04-27T08:45:56+02:00
Status:           Running
IP:               <pod-ip>
IPs:
  IP:           <pod-ip>
Controlled By:  ReplicaSet/nanomq-b7b5bfccc
Containers:
  nanomq:
    Container ID:   containerd://b837da6c4a7f178fd0e9ac7a4a6b1a1110536508a15e7ae5d532009e3c2deed4
    Image:          emqx/nanomq:0.21-slim
    Image ID:       docker.io/emqx/nanomq@sha256:53bea7acb547aced1cc45e08c514628f1e41c4da9ad544fd8c5fa96d3e9eb41b
    Ports:          1883/TCP (mqtt), 8081/TCP (http)
    Host Ports:     0/TCP (mqtt), 0/TCP (http)
    State:          Running
      Started:      Mon, 27 Apr 2026 08:45:58 +0200
    Ready:          True
    Restart Count:  0
    Limits:
      cpu:     1
      memory:  512Mi
    Requests:
      cpu:        50m
      memory:     64Mi
    Readiness:    tcp-socket :1883 delay=3s timeout=1s period=5s #success=1 #failure=3
    Environment:  <none>
    Mounts:
      /etc/nanomq.conf from config (rw,path="nanomq.conf")
      /var/run/secrets/kubernetes.io/serviceaccount from kube-api-access-ncm4c (ro)
Conditions:
  Type                        Status
  PodReadyToStartContainers   True 
  Initialized                 True 
  Ready                       True 
  ContainersReady             True 
  PodScheduled                True 
Volumes:
  config:
    Type:      ConfigMap (a volume populated by a ConfigMap)
    Name:      nanomq-config
    Optional:  false
  kube-api-access-ncm4c:
    Type:                    Projected (a volume that contains injected data from multiple sources)
    TokenExpirationSeconds:  3607
    ConfigMapName:           kube-root-ca.crt
    Optional:                false
    DownwardAPI:             true
QoS Class:                   Burstable
Node-Selectors:              <none>
Tolerations:                 node.kubernetes.io/not-ready:NoExecute op=Exists for 300s
                             node.kubernetes.io/unreachable:NoExecute op=Exists for 300s
Events:
  Type    Reason     Age   From               Message
  ----    ------     ----  ----               -------
  Normal  Scheduled  7s    default-scheduler  Successfully assigned nanomq-only/nanomq-b7b5bfccc-qh67d to <pi-host>
  Normal  Pulled     6s    kubelet            spec.containers{nanomq}: Container image "emqx/nanomq:0.21-slim" already present on machine
  Normal  Created    6s    kubelet            spec.containers{nanomq}: Created container: nanomq
  Normal  Started    6s    kubelet            spec.containers{nanomq}: Started container nanomq


Name:             postgres-0
Namespace:        nanomq-only
Priority:         0
Service Account:  default
Node:             <pi-host>/<pi-ip>
Start Time:       Mon, 27 Apr 2026 08:38:05 +0200
Labels:           app=postgres
                  apps.kubernetes.io/pod-index=0
                  controller-revision-hash=postgres-d5f747749
                  statefulset.kubernetes.io/pod-name=postgres-0
Annotations:      cni.projectcalico.org/containerID: 265f5d1ee08a93e45e09bddf04e4d5ed6a74027de57cb8908d42fab638668a65
                  cni.projectcalico.org/podIP: <pod-ip>/32
                  cni.projectcalico.org/podIPs: <pod-ip>/32
Status:           Running
IP:               <pod-ip>
IPs:
  IP:           <pod-ip>
Controlled By:  StatefulSet/postgres
Containers:
  postgres:
    Container ID:   containerd://7659a9c0521dec254a51e8f6cb38e0e82fe9f11f08615b9a8169668cb29079f0
    Image:          postgres:17-alpine
    Image ID:       docker.io/library/postgres@sha256:778d0b486d6daa02b77434d0358ec57a1b21fd8b6d22ac2eef56a33e816928f6
    Port:           5432/TCP
    Host Port:      0/TCP
    State:          Running
      Started:      Mon, 27 Apr 2026 08:38:05 +0200
    Ready:          True
    Restart Count:  0
    Limits:
      cpu:     1500m
      memory:  1536Mi
    Requests:
      cpu:      100m
      memory:   256Mi
    Readiness:  exec [pg_isready -U postgres] delay=5s timeout=1s period=5s #success=1 #failure=3
    Environment:
      POSTGRES_DB:        postgres
      POSTGRES_USER:      postgres
      POSTGRES_PASSWORD:  <set to the key 'postgres-superuser-password' in secret 'hermod-secrets'>  Optional: false
    Mounts:
      /var/lib/postgresql/data from data (rw)
      /var/run/secrets/kubernetes.io/serviceaccount from kube-api-access-nbwj7 (ro)
Conditions:
  Type                        Status
  PodReadyToStartContainers   True 
  Initialized                 True 
  Ready                       True 
  ContainersReady             True 
  PodScheduled                True 
Volumes:
  data:
    Type:       PersistentVolumeClaim (a reference to a PersistentVolumeClaim in the same namespace)
    ClaimName:  data-postgres-0
    ReadOnly:   false
  kube-api-access-nbwj7:
    Type:                    Projected (a volume that contains injected data from multiple sources)
    TokenExpirationSeconds:  3607
    ConfigMapName:           kube-root-ca.crt
    Optional:                false
    DownwardAPI:             true
QoS Class:                   Burstable
Node-Selectors:              <none>
Tolerations:                 node.kubernetes.io/not-ready:NoExecute op=Exists for 300s
                             node.kubernetes.io/unreachable:NoExecute op=Exists for 300s
Events:                      <none>

=== ts=1777272375 ===
Name:             nanomq-b7b5bfccc-qh67d
Namespace:        nanomq-only
Priority:         0
Service Account:  default
Node:             <pi-host>/<pi-ip>
Start Time:       Mon, 27 Apr 2026 08:45:57 +0200
Labels:           app=nanomq
                  pod-template-hash=b7b5bfccc
Annotations:      cni.projectcalico.org/containerID: e6d0a0c37d6bff3e9dc7dad245eef765d46473c2408a7cef6282fe06affbc279
                  cni.projectcalico.org/podIP: <pod-ip>/32
                  cni.projectcalico.org/podIPs: <pod-ip>/32
                  kubectl.kubernetes.io/restartedAt: 2026-04-27T08:45:56+02:00
Status:           Running
IP:               <pod-ip>
IPs:
  IP:           <pod-ip>
Controlled By:  ReplicaSet/nanomq-b7b5bfccc
Containers:
  nanomq:
    Container ID:   containerd://b837da6c4a7f178fd0e9ac7a4a6b1a1110536508a15e7ae5d532009e3c2deed4
    Image:          emqx/nanomq:0.21-slim
    Image ID:       docker.io/emqx/nanomq@sha256:53bea7acb547aced1cc45e08c514628f1e41c4da9ad544fd8c5fa96d3e9eb41b
    Ports:          1883/TCP (mqtt), 8081/TCP (http)
    Host Ports:     0/TCP (mqtt), 0/TCP (http)
    State:          Running
      Started:      Mon, 27 Apr 2026 08:45:58 +0200
    Ready:          True
    Restart Count:  0
    Limits:
      cpu:     1
      memory:  512Mi
    Requests:
      cpu:        50m
      memory:     64Mi
    Readiness:    tcp-socket :1883 delay=3s timeout=1s period=5s #success=1 #failure=3
    Environment:  <none>
    Mounts:
      /etc/nanomq.conf from config (rw,path="nanomq.conf")
      /var/run/secrets/kubernetes.io/serviceaccount from kube-api-access-ncm4c (ro)
Conditions:
  Type                        Status
  PodReadyToStartContainers   True 
  Initialized                 True 
  Ready                       True 
  ContainersReady             True 
  PodScheduled                True 
Volumes:
  config:
    Type:      ConfigMap (a volume populated by a ConfigMap)
    Name:      nanomq-config
    Optional:  false
  kube-api-access-ncm4c:
    Type:                    Projected (a volume that contains injected data from multiple sources)
    TokenExpirationSeconds:  3607
    ConfigMapName:           kube-root-ca.crt
    Optional:                false
    DownwardAPI:             true
QoS Class:                   Burstable
Node-Selectors:              <none>
Tolerations:                 node.kubernetes.io/not-ready:NoExecute op=Exists for 300s
                             node.kubernetes.io/unreachable:NoExecute op=Exists for 300s
Events:
  Type    Reason     Age   From               Message
  ----    ------     ----  ----               -------
  Normal  Scheduled  18s   default-scheduler  Successfully assigned nanomq-only/nanomq-b7b5bfccc-qh67d to <pi-host>
  Normal  Pulled     17s   kubelet            spec.containers{nanomq}: Container image "emqx/nanomq:0.21-slim" already present on machine
  Normal  Created    17s   kubelet            spec.containers{nanomq}: Created container: nanomq
  Normal  Started    17s   kubelet            spec.containers{nanomq}: Started container nanomq


Name:             postgres-0
Namespace:        nanomq-only
Priority:         0
Service Account:  default
Node:             <pi-host>/<pi-ip>
Start Time:       Mon, 27 Apr 2026 08:38:05 +0200
Labels:           app=postgres
                  apps.kubernetes.io/pod-index=0
                  controller-revision-hash=postgres-d5f747749
                  statefulset.kubernetes.io/pod-name=postgres-0
Annotations:      cni.projectcalico.org/containerID: 265f5d1ee08a93e45e09bddf04e4d5ed6a74027de57cb8908d42fab638668a65
                  cni.projectcalico.org/podIP: <pod-ip>/32
                  cni.projectcalico.org/podIPs: <pod-ip>/32
Status:           Running
IP:               <pod-ip>
IPs:
  IP:           <pod-ip>
Controlled By:  StatefulSet/postgres
Containers:
  postgres:
    Container ID:   containerd://7659a9c0521dec254a51e8f6cb38e0e82fe9f11f08615b9a8169668cb29079f0
    Image:          postgres:17-alpine
    Image ID:       docker.io/library/postgres@sha256:778d0b486d6daa02b77434d0358ec57a1b21fd8b6d22ac2eef56a33e816928f6
    Port:           5432/TCP
    Host Port:      0/TCP
    State:          Running
      Started:      Mon, 27 Apr 2026 08:38:05 +0200
    Ready:          True
    Restart Count:  0
    Limits:
      cpu:     1500m
      memory:  1536Mi
    Requests:
      cpu:      100m
      memory:   256Mi
    Readiness:  exec [pg_isready -U postgres] delay=5s timeout=1s period=5s #success=1 #failure=3
    Environment:
      POSTGRES_DB:        postgres
      POSTGRES_USER:      postgres
      POSTGRES_PASSWORD:  <set to the key 'postgres-superuser-password' in secret 'hermod-secrets'>  Optional: false
    Mounts:
      /var/lib/postgresql/data from data (rw)
      /var/run/secrets/kubernetes.io/serviceaccount from kube-api-access-nbwj7 (ro)
Conditions:
  Type                        Status
  PodReadyToStartContainers   True 
  Initialized                 True 
  Ready                       True 
  ContainersReady             True 
  PodScheduled                True 
Volumes:
  data:
    Type:       PersistentVolumeClaim (a reference to a PersistentVolumeClaim in the same namespace)
    ClaimName:  data-postgres-0
    ReadOnly:   false
  kube-api-access-nbwj7:
    Type:                    Projected (a volume that contains injected data from multiple sources)
    TokenExpirationSeconds:  3607
    ConfigMapName:           kube-root-ca.crt
    Optional:                false
    DownwardAPI:             true
QoS Class:                   Burstable
Node-Selectors:              <none>
Tolerations:                 node.kubernetes.io/not-ready:NoExecute op=Exists for 300s
                             node.kubernetes.io/unreachable:NoExecute op=Exists for 300s
Events:                      <none>

=== ts=1777272386 ===
Name:             nanomq-b7b5bfccc-qh67d
Namespace:        nanomq-only
Priority:         0
Service Account:  default
Node:             <pi-host>/<pi-ip>
Start Time:       Mon, 27 Apr 2026 08:45:57 +0200
Labels:           app=nanomq
                  pod-template-hash=b7b5bfccc
Annotations:      cni.projectcalico.org/containerID: e6d0a0c37d6bff3e9dc7dad245eef765d46473c2408a7cef6282fe06affbc279
                  cni.projectcalico.org/podIP: <pod-ip>/32
                  cni.projectcalico.org/podIPs: <pod-ip>/32
                  kubectl.kubernetes.io/restartedAt: 2026-04-27T08:45:56+02:00
Status:           Running
IP:               <pod-ip>
IPs:
  IP:           <pod-ip>
Controlled By:  ReplicaSet/nanomq-b7b5bfccc
Containers:
  nanomq:
    Container ID:   containerd://b837da6c4a7f178fd0e9ac7a4a6b1a1110536508a15e7ae5d532009e3c2deed4
    Image:          emqx/nanomq:0.21-slim
    Image ID:       docker.io/emqx/nanomq@sha256:53bea7acb547aced1cc45e08c514628f1e41c4da9ad544fd8c5fa96d3e9eb41b
    Ports:          1883/TCP (mqtt), 8081/TCP (http)
    Host Ports:     0/TCP (mqtt), 0/TCP (http)
    State:          Running
      Started:      Mon, 27 Apr 2026 08:45:58 +0200
    Ready:          True
    Restart Count:  0
    Limits:
      cpu:     1
      memory:  512Mi
    Requests:
      cpu:        50m
      memory:     64Mi
    Readiness:    tcp-socket :1883 delay=3s timeout=1s period=5s #success=1 #failure=3
    Environment:  <none>
    Mounts:
      /etc/nanomq.conf from config (rw,path="nanomq.conf")
      /var/run/secrets/kubernetes.io/serviceaccount from kube-api-access-ncm4c (ro)
Conditions:
  Type                        Status
  PodReadyToStartContainers   True 
  Initialized                 True 
  Ready                       True 
  ContainersReady             True 
  PodScheduled                True 
Volumes:
  config:
    Type:      ConfigMap (a volume populated by a ConfigMap)
    Name:      nanomq-config
    Optional:  false
  kube-api-access-ncm4c:
    Type:                    Projected (a volume that contains injected data from multiple sources)
    TokenExpirationSeconds:  3607
    ConfigMapName:           kube-root-ca.crt
    Optional:                false
    DownwardAPI:             true
QoS Class:                   Burstable
Node-Selectors:              <none>
Tolerations:                 node.kubernetes.io/not-ready:NoExecute op=Exists for 300s
                             node.kubernetes.io/unreachable:NoExecute op=Exists for 300s
Events:
  Type    Reason     Age   From               Message
  ----    ------     ----  ----               -------
  Normal  Scheduled  28s   default-scheduler  Successfully assigned nanomq-only/nanomq-b7b5bfccc-qh67d to <pi-host>
  Normal  Pulled     28s   kubelet            spec.containers{nanomq}: Container image "emqx/nanomq:0.21-slim" already present on machine
  Normal  Created    28s   kubelet            spec.containers{nanomq}: Created container: nanomq
  Normal  Started    28s   kubelet            spec.containers{nanomq}: Started container nanomq


Name:             postgres-0
Namespace:        nanomq-only
Priority:         0
Service Account:  default
Node:             <pi-host>/<pi-ip>
Start Time:       Mon, 27 Apr 2026 08:38:05 +0200
Labels:           app=postgres
                  apps.kubernetes.io/pod-index=0
                  controller-revision-hash=postgres-d5f747749
                  statefulset.kubernetes.io/pod-name=postgres-0
Annotations:      cni.projectcalico.org/containerID: 265f5d1ee08a93e45e09bddf04e4d5ed6a74027de57cb8908d42fab638668a65
                  cni.projectcalico.org/podIP: <pod-ip>/32
                  cni.projectcalico.org/podIPs: <pod-ip>/32
Status:           Running
IP:               <pod-ip>
IPs:
  IP:           <pod-ip>
Controlled By:  StatefulSet/postgres
Containers:
  postgres:
    Container ID:   containerd://7659a9c0521dec254a51e8f6cb38e0e82fe9f11f08615b9a8169668cb29079f0
    Image:          postgres:17-alpine
    Image ID:       docker.io/library/postgres@sha256:778d0b486d6daa02b77434d0358ec57a1b21fd8b6d22ac2eef56a33e816928f6
    Port:           5432/TCP
    Host Port:      0/TCP
    State:          Running
      Started:      Mon, 27 Apr 2026 08:38:05 +0200
    Ready:          True
    Restart Count:  0
    Limits:
      cpu:     1500m
      memory:  1536Mi
    Requests:
      cpu:      100m
      memory:   256Mi
    Readiness:  exec [pg_isready -U postgres] delay=5s timeout=1s period=5s #success=1 #failure=3
    Environment:
      POSTGRES_DB:        postgres
      POSTGRES_USER:      postgres
      POSTGRES_PASSWORD:  <set to the key 'postgres-superuser-password' in secret 'hermod-secrets'>  Optional: false
    Mounts:
      /var/lib/postgresql/data from data (rw)
      /var/run/secrets/kubernetes.io/serviceaccount from kube-api-access-nbwj7 (ro)
Conditions:
  Type                        Status
  PodReadyToStartContainers   True 
  Initialized                 True 
  Ready                       True 
  ContainersReady             True 
  PodScheduled                True 
Volumes:
  data:
    Type:       PersistentVolumeClaim (a reference to a PersistentVolumeClaim in the same namespace)
    ClaimName:  data-postgres-0
    ReadOnly:   false
  kube-api-access-nbwj7:
    Type:                    Projected (a volume that contains injected data from multiple sources)
    TokenExpirationSeconds:  3607
    ConfigMapName:           kube-root-ca.crt
    Optional:                false
    DownwardAPI:             true
QoS Class:                   Burstable
Node-Selectors:              <none>
Tolerations:                 node.kubernetes.io/not-ready:NoExecute op=Exists for 300s
                             node.kubernetes.io/unreachable:NoExecute op=Exists for 300s
Events:                      <none>

=== ts=1777272397 ===
Name:             nanomq-b7b5bfccc-qh67d
Namespace:        nanomq-only
Priority:         0
Service Account:  default
Node:             <pi-host>/<pi-ip>
Start Time:       Mon, 27 Apr 2026 08:45:57 +0200
Labels:           app=nanomq
                  pod-template-hash=b7b5bfccc
Annotations:      cni.projectcalico.org/containerID: e6d0a0c37d6bff3e9dc7dad245eef765d46473c2408a7cef6282fe06affbc279
                  cni.projectcalico.org/podIP: <pod-ip>/32
                  cni.projectcalico.org/podIPs: <pod-ip>/32
                  kubectl.kubernetes.io/restartedAt: 2026-04-27T08:45:56+02:00
Status:           Running
IP:               <pod-ip>
IPs:
  IP:           <pod-ip>
Controlled By:  ReplicaSet/nanomq-b7b5bfccc
Containers:
  nanomq:
    Container ID:   containerd://b837da6c4a7f178fd0e9ac7a4a6b1a1110536508a15e7ae5d532009e3c2deed4
    Image:          emqx/nanomq:0.21-slim
    Image ID:       docker.io/emqx/nanomq@sha256:53bea7acb547aced1cc45e08c514628f1e41c4da9ad544fd8c5fa96d3e9eb41b
    Ports:          1883/TCP (mqtt), 8081/TCP (http)
    Host Ports:     0/TCP (mqtt), 0/TCP (http)
    State:          Running
      Started:      Mon, 27 Apr 2026 08:45:58 +0200
    Ready:          True
    Restart Count:  0
    Limits:
      cpu:     1
      memory:  512Mi
    Requests:
      cpu:        50m
      memory:     64Mi
    Readiness:    tcp-socket :1883 delay=3s timeout=1s period=5s #success=1 #failure=3
    Environment:  <none>
    Mounts:
      /etc/nanomq.conf from config (rw,path="nanomq.conf")
      /var/run/secrets/kubernetes.io/serviceaccount from kube-api-access-ncm4c (ro)
Conditions:
  Type                        Status
  PodReadyToStartContainers   True 
  Initialized                 True 
  Ready                       True 
  ContainersReady             True 
  PodScheduled                True 
Volumes:
  config:
    Type:      ConfigMap (a volume populated by a ConfigMap)
    Name:      nanomq-config
    Optional:  false
  kube-api-access-ncm4c:
    Type:                    Projected (a volume that contains injected data from multiple sources)
    TokenExpirationSeconds:  3607
    ConfigMapName:           kube-root-ca.crt
    Optional:                false
    DownwardAPI:             true
QoS Class:                   Burstable
Node-Selectors:              <none>
Tolerations:                 node.kubernetes.io/not-ready:NoExecute op=Exists for 300s
                             node.kubernetes.io/unreachable:NoExecute op=Exists for 300s
Events:
  Type    Reason     Age   From               Message
  ----    ------     ----  ----               -------
  Normal  Scheduled  39s   default-scheduler  Successfully assigned nanomq-only/nanomq-b7b5bfccc-qh67d to <pi-host>
  Normal  Pulled     39s   kubelet            spec.containers{nanomq}: Container image "emqx/nanomq:0.21-slim" already present on machine
  Normal  Created    39s   kubelet            spec.containers{nanomq}: Created container: nanomq
  Normal  Started    39s   kubelet            spec.containers{nanomq}: Started container nanomq


Name:             postgres-0
Namespace:        nanomq-only
Priority:         0
Service Account:  default
Node:             <pi-host>/<pi-ip>
Start Time:       Mon, 27 Apr 2026 08:38:05 +0200
Labels:           app=postgres
                  apps.kubernetes.io/pod-index=0
                  controller-revision-hash=postgres-d5f747749
                  statefulset.kubernetes.io/pod-name=postgres-0
Annotations:      cni.projectcalico.org/containerID: 265f5d1ee08a93e45e09bddf04e4d5ed6a74027de57cb8908d42fab638668a65
                  cni.projectcalico.org/podIP: <pod-ip>/32
                  cni.projectcalico.org/podIPs: <pod-ip>/32
Status:           Running
IP:               <pod-ip>
IPs:
  IP:           <pod-ip>
Controlled By:  StatefulSet/postgres
Containers:
  postgres:
    Container ID:   containerd://7659a9c0521dec254a51e8f6cb38e0e82fe9f11f08615b9a8169668cb29079f0
    Image:          postgres:17-alpine
    Image ID:       docker.io/library/postgres@sha256:778d0b486d6daa02b77434d0358ec57a1b21fd8b6d22ac2eef56a33e816928f6
    Port:           5432/TCP
    Host Port:      0/TCP
    State:          Running
      Started:      Mon, 27 Apr 2026 08:38:05 +0200
    Ready:          True
    Restart Count:  0
    Limits:
      cpu:     1500m
      memory:  1536Mi
    Requests:
      cpu:      100m
      memory:   256Mi
    Readiness:  exec [pg_isready -U postgres] delay=5s timeout=1s period=5s #success=1 #failure=3
    Environment:
      POSTGRES_DB:        postgres
      POSTGRES_USER:      postgres
      POSTGRES_PASSWORD:  <set to the key 'postgres-superuser-password' in secret 'hermod-secrets'>  Optional: false
    Mounts:
      /var/lib/postgresql/data from data (rw)
      /var/run/secrets/kubernetes.io/serviceaccount from kube-api-access-nbwj7 (ro)
Conditions:
  Type                        Status
  PodReadyToStartContainers   True 
  Initialized                 True 
  Ready                       True 
  ContainersReady             True 
  PodScheduled                True 
Volumes:
  data:
    Type:       PersistentVolumeClaim (a reference to a PersistentVolumeClaim in the same namespace)
    ClaimName:  data-postgres-0
    ReadOnly:   false
  kube-api-access-nbwj7:
    Type:                    Projected (a volume that contains injected data from multiple sources)
    TokenExpirationSeconds:  3607
    ConfigMapName:           kube-root-ca.crt
    Optional:                false
    DownwardAPI:             true
QoS Class:                   Burstable
Node-Selectors:              <none>
Tolerations:                 node.kubernetes.io/not-ready:NoExecute op=Exists for 300s
                             node.kubernetes.io/unreachable:NoExecute op=Exists for 300s
Events:                      <none>

=== ts=1777272408 ===
Name:             nanomq-b7b5bfccc-qh67d
Namespace:        nanomq-only
Priority:         0
Service Account:  default
Node:             <pi-host>/<pi-ip>
Start Time:       Mon, 27 Apr 2026 08:45:57 +0200
Labels:           app=nanomq
                  pod-template-hash=b7b5bfccc
Annotations:      cni.projectcalico.org/containerID: e6d0a0c37d6bff3e9dc7dad245eef765d46473c2408a7cef6282fe06affbc279
                  cni.projectcalico.org/podIP: <pod-ip>/32
                  cni.projectcalico.org/podIPs: <pod-ip>/32
                  kubectl.kubernetes.io/restartedAt: 2026-04-27T08:45:56+02:00
Status:           Running
IP:               <pod-ip>
IPs:
  IP:           <pod-ip>
Controlled By:  ReplicaSet/nanomq-b7b5bfccc
Containers:
  nanomq:
    Container ID:   containerd://b837da6c4a7f178fd0e9ac7a4a6b1a1110536508a15e7ae5d532009e3c2deed4
    Image:          emqx/nanomq:0.21-slim
    Image ID:       docker.io/emqx/nanomq@sha256:53bea7acb547aced1cc45e08c514628f1e41c4da9ad544fd8c5fa96d3e9eb41b
    Ports:          1883/TCP (mqtt), 8081/TCP (http)
    Host Ports:     0/TCP (mqtt), 0/TCP (http)
    State:          Running
      Started:      Mon, 27 Apr 2026 08:45:58 +0200
    Ready:          True
    Restart Count:  0
    Limits:
      cpu:     1
      memory:  512Mi
    Requests:
      cpu:        50m
      memory:     64Mi
    Readiness:    tcp-socket :1883 delay=3s timeout=1s period=5s #success=1 #failure=3
    Environment:  <none>
    Mounts:
      /etc/nanomq.conf from config (rw,path="nanomq.conf")
      /var/run/secrets/kubernetes.io/serviceaccount from kube-api-access-ncm4c (ro)
Conditions:
  Type                        Status
  PodReadyToStartContainers   True 
  Initialized                 True 
  Ready                       True 
  ContainersReady             True 
  PodScheduled                True 
Volumes:
  config:
    Type:      ConfigMap (a volume populated by a ConfigMap)
    Name:      nanomq-config
    Optional:  false
  kube-api-access-ncm4c:
    Type:                    Projected (a volume that contains injected data from multiple sources)
    TokenExpirationSeconds:  3607
    ConfigMapName:           kube-root-ca.crt
    Optional:                false
    DownwardAPI:             true
QoS Class:                   Burstable
Node-Selectors:              <none>
Tolerations:                 node.kubernetes.io/not-ready:NoExecute op=Exists for 300s
                             node.kubernetes.io/unreachable:NoExecute op=Exists for 300s
Events:
  Type    Reason     Age   From               Message
  ----    ------     ----  ----               -------
  Normal  Scheduled  50s   default-scheduler  Successfully assigned nanomq-only/nanomq-b7b5bfccc-qh67d to <pi-host>
  Normal  Pulled     50s   kubelet            spec.containers{nanomq}: Container image "emqx/nanomq:0.21-slim" already present on machine
  Normal  Created    50s   kubelet            spec.containers{nanomq}: Created container: nanomq
  Normal  Started    50s   kubelet            spec.containers{nanomq}: Started container nanomq


Name:             postgres-0
Namespace:        nanomq-only
Priority:         0
Service Account:  default
Node:             <pi-host>/<pi-ip>
Start Time:       Mon, 27 Apr 2026 08:38:05 +0200
Labels:           app=postgres
                  apps.kubernetes.io/pod-index=0
                  controller-revision-hash=postgres-d5f747749
                  statefulset.kubernetes.io/pod-name=postgres-0
Annotations:      cni.projectcalico.org/containerID: 265f5d1ee08a93e45e09bddf04e4d5ed6a74027de57cb8908d42fab638668a65
                  cni.projectcalico.org/podIP: <pod-ip>/32
                  cni.projectcalico.org/podIPs: <pod-ip>/32
Status:           Running
IP:               <pod-ip>
IPs:
  IP:           <pod-ip>
Controlled By:  StatefulSet/postgres
Containers:
  postgres:
    Container ID:   containerd://7659a9c0521dec254a51e8f6cb38e0e82fe9f11f08615b9a8169668cb29079f0
    Image:          postgres:17-alpine
    Image ID:       docker.io/library/postgres@sha256:778d0b486d6daa02b77434d0358ec57a1b21fd8b6d22ac2eef56a33e816928f6
    Port:           5432/TCP
    Host Port:      0/TCP
    State:          Running
      Started:      Mon, 27 Apr 2026 08:38:05 +0200
    Ready:          True
    Restart Count:  0
    Limits:
      cpu:     1500m
      memory:  1536Mi
    Requests:
      cpu:      100m
      memory:   256Mi
    Readiness:  exec [pg_isready -U postgres] delay=5s timeout=1s period=5s #success=1 #failure=3
    Environment:
      POSTGRES_DB:        postgres
      POSTGRES_USER:      postgres
      POSTGRES_PASSWORD:  <set to the key 'postgres-superuser-password' in secret 'hermod-secrets'>  Optional: false
    Mounts:
      /var/lib/postgresql/data from data (rw)
      /var/run/secrets/kubernetes.io/serviceaccount from kube-api-access-nbwj7 (ro)
Conditions:
  Type                        Status
  PodReadyToStartContainers   True 
  Initialized                 True 
  Ready                       True 
  ContainersReady             True 
  PodScheduled                True 
Volumes:
  data:
    Type:       PersistentVolumeClaim (a reference to a PersistentVolumeClaim in the same namespace)
    ClaimName:  data-postgres-0
    ReadOnly:   false
  kube-api-access-nbwj7:
    Type:                    Projected (a volume that contains injected data from multiple sources)
    TokenExpirationSeconds:  3607
    ConfigMapName:           kube-root-ca.crt
    Optional:                false
    DownwardAPI:             true
QoS Class:                   Burstable
Node-Selectors:              <none>
Tolerations:                 node.kubernetes.io/not-ready:NoExecute op=Exists for 300s
                             node.kubernetes.io/unreachable:NoExecute op=Exists for 300s
Events:                      <none>

=== ts=1777272419 ===
Name:             nanomq-b7b5bfccc-qh67d
Namespace:        nanomq-only
Priority:         0
Service Account:  default
Node:             <pi-host>/<pi-ip>
Start Time:       Mon, 27 Apr 2026 08:45:57 +0200
Labels:           app=nanomq
                  pod-template-hash=b7b5bfccc
Annotations:      cni.projectcalico.org/containerID: e6d0a0c37d6bff3e9dc7dad245eef765d46473c2408a7cef6282fe06affbc279
                  cni.projectcalico.org/podIP: <pod-ip>/32
                  cni.projectcalico.org/podIPs: <pod-ip>/32
                  kubectl.kubernetes.io/restartedAt: 2026-04-27T08:45:56+02:00
Status:           Running
IP:               <pod-ip>
IPs:
  IP:           <pod-ip>
Controlled By:  ReplicaSet/nanomq-b7b5bfccc
Containers:
  nanomq:
    Container ID:   containerd://b837da6c4a7f178fd0e9ac7a4a6b1a1110536508a15e7ae5d532009e3c2deed4
    Image:          emqx/nanomq:0.21-slim
    Image ID:       docker.io/emqx/nanomq@sha256:53bea7acb547aced1cc45e08c514628f1e41c4da9ad544fd8c5fa96d3e9eb41b
    Ports:          1883/TCP (mqtt), 8081/TCP (http)
    Host Ports:     0/TCP (mqtt), 0/TCP (http)
    State:          Running
      Started:      Mon, 27 Apr 2026 08:45:58 +0200
    Ready:          True
    Restart Count:  0
    Limits:
      cpu:     1
      memory:  512Mi
    Requests:
      cpu:        50m
      memory:     64Mi
    Readiness:    tcp-socket :1883 delay=3s timeout=1s period=5s #success=1 #failure=3
    Environment:  <none>
    Mounts:
      /etc/nanomq.conf from config (rw,path="nanomq.conf")
      /var/run/secrets/kubernetes.io/serviceaccount from kube-api-access-ncm4c (ro)
Conditions:
  Type                        Status
  PodReadyToStartContainers   True 
  Initialized                 True 
  Ready                       True 
  ContainersReady             True 
  PodScheduled                True 
Volumes:
  config:
    Type:      ConfigMap (a volume populated by a ConfigMap)
    Name:      nanomq-config
    Optional:  false
  kube-api-access-ncm4c:
    Type:                    Projected (a volume that contains injected data from multiple sources)
    TokenExpirationSeconds:  3607
    ConfigMapName:           kube-root-ca.crt
    Optional:                false
    DownwardAPI:             true
QoS Class:                   Burstable
Node-Selectors:              <none>
Tolerations:                 node.kubernetes.io/not-ready:NoExecute op=Exists for 300s
                             node.kubernetes.io/unreachable:NoExecute op=Exists for 300s
Events:
  Type    Reason     Age   From               Message
  ----    ------     ----  ----               -------
  Normal  Scheduled  61s   default-scheduler  Successfully assigned nanomq-only/nanomq-b7b5bfccc-qh67d to <pi-host>
  Normal  Pulled     61s   kubelet            spec.containers{nanomq}: Container image "emqx/nanomq:0.21-slim" already present on machine
  Normal  Created    61s   kubelet            spec.containers{nanomq}: Created container: nanomq
  Normal  Started    61s   kubelet            spec.containers{nanomq}: Started container nanomq


Name:             postgres-0
Namespace:        nanomq-only
Priority:         0
Service Account:  default
Node:             <pi-host>/<pi-ip>
Start Time:       Mon, 27 Apr 2026 08:38:05 +0200
Labels:           app=postgres
                  apps.kubernetes.io/pod-index=0
                  controller-revision-hash=postgres-d5f747749
                  statefulset.kubernetes.io/pod-name=postgres-0
Annotations:      cni.projectcalico.org/containerID: 265f5d1ee08a93e45e09bddf04e4d5ed6a74027de57cb8908d42fab638668a65
                  cni.projectcalico.org/podIP: <pod-ip>/32
                  cni.projectcalico.org/podIPs: <pod-ip>/32
Status:           Running
IP:               <pod-ip>
IPs:
  IP:           <pod-ip>
Controlled By:  StatefulSet/postgres
Containers:
  postgres:
    Container ID:   containerd://7659a9c0521dec254a51e8f6cb38e0e82fe9f11f08615b9a8169668cb29079f0
    Image:          postgres:17-alpine
    Image ID:       docker.io/library/postgres@sha256:778d0b486d6daa02b77434d0358ec57a1b21fd8b6d22ac2eef56a33e816928f6
    Port:           5432/TCP
    Host Port:      0/TCP
    State:          Running
      Started:      Mon, 27 Apr 2026 08:38:05 +0200
    Ready:          True
    Restart Count:  0
    Limits:
      cpu:     1500m
      memory:  1536Mi
    Requests:
      cpu:      100m
      memory:   256Mi
    Readiness:  exec [pg_isready -U postgres] delay=5s timeout=1s period=5s #success=1 #failure=3
    Environment:
      POSTGRES_DB:        postgres
      POSTGRES_USER:      postgres
      POSTGRES_PASSWORD:  <set to the key 'postgres-superuser-password' in secret 'hermod-secrets'>  Optional: false
    Mounts:
      /var/lib/postgresql/data from data (rw)
      /var/run/secrets/kubernetes.io/serviceaccount from kube-api-access-nbwj7 (ro)
Conditions:
  Type                        Status
  PodReadyToStartContainers   True 
  Initialized                 True 
  Ready                       True 
  ContainersReady             True 
  PodScheduled                True 
Volumes:
  data:
    Type:       PersistentVolumeClaim (a reference to a PersistentVolumeClaim in the same namespace)
    ClaimName:  data-postgres-0
    ReadOnly:   false
  kube-api-access-nbwj7:
    Type:                    Projected (a volume that contains injected data from multiple sources)
    TokenExpirationSeconds:  3607
    ConfigMapName:           kube-root-ca.crt
    Optional:                false
    DownwardAPI:             true
QoS Class:                   Burstable
Node-Selectors:              <none>
Tolerations:                 node.kubernetes.io/not-ready:NoExecute op=Exists for 300s
                             node.kubernetes.io/unreachable:NoExecute op=Exists for 300s
Events:                      <none>

=== ts=1777272429 ===
Name:             nanomq-b7b5bfccc-qh67d
Namespace:        nanomq-only
Priority:         0
Service Account:  default
Node:             <pi-host>/<pi-ip>
Start Time:       Mon, 27 Apr 2026 08:45:57 +0200
Labels:           app=nanomq
                  pod-template-hash=b7b5bfccc
Annotations:      cni.projectcalico.org/containerID: e6d0a0c37d6bff3e9dc7dad245eef765d46473c2408a7cef6282fe06affbc279
                  cni.projectcalico.org/podIP: <pod-ip>/32
                  cni.projectcalico.org/podIPs: <pod-ip>/32
                  kubectl.kubernetes.io/restartedAt: 2026-04-27T08:45:56+02:00
Status:           Running
IP:               <pod-ip>
IPs:
  IP:           <pod-ip>
Controlled By:  ReplicaSet/nanomq-b7b5bfccc
Containers:
  nanomq:
    Container ID:   containerd://b837da6c4a7f178fd0e9ac7a4a6b1a1110536508a15e7ae5d532009e3c2deed4
    Image:          emqx/nanomq:0.21-slim
    Image ID:       docker.io/emqx/nanomq@sha256:53bea7acb547aced1cc45e08c514628f1e41c4da9ad544fd8c5fa96d3e9eb41b
    Ports:          1883/TCP (mqtt), 8081/TCP (http)
    Host Ports:     0/TCP (mqtt), 0/TCP (http)
    State:          Running
      Started:      Mon, 27 Apr 2026 08:45:58 +0200
    Ready:          True
    Restart Count:  0
    Limits:
      cpu:     1
      memory:  512Mi
    Requests:
      cpu:        50m
      memory:     64Mi
    Readiness:    tcp-socket :1883 delay=3s timeout=1s period=5s #success=1 #failure=3
    Environment:  <none>
    Mounts:
      /etc/nanomq.conf from config (rw,path="nanomq.conf")
      /var/run/secrets/kubernetes.io/serviceaccount from kube-api-access-ncm4c (ro)
Conditions:
  Type                        Status
  PodReadyToStartContainers   True 
  Initialized                 True 
  Ready                       True 
  ContainersReady             True 
  PodScheduled                True 
Volumes:
  config:
    Type:      ConfigMap (a volume populated by a ConfigMap)
    Name:      nanomq-config
    Optional:  false
  kube-api-access-ncm4c:
    Type:                    Projected (a volume that contains injected data from multiple sources)
    TokenExpirationSeconds:  3607
    ConfigMapName:           kube-root-ca.crt
    Optional:                false
    DownwardAPI:             true
QoS Class:                   Burstable
Node-Selectors:              <none>
Tolerations:                 node.kubernetes.io/not-ready:NoExecute op=Exists for 300s
                             node.kubernetes.io/unreachable:NoExecute op=Exists for 300s
Events:
  Type    Reason     Age   From               Message
  ----    ------     ----  ----               -------
  Normal  Scheduled  72s   default-scheduler  Successfully assigned nanomq-only/nanomq-b7b5bfccc-qh67d to <pi-host>
  Normal  Pulled     71s   kubelet            spec.containers{nanomq}: Container image "emqx/nanomq:0.21-slim" already present on machine
  Normal  Created    71s   kubelet            spec.containers{nanomq}: Created container: nanomq
  Normal  Started    71s   kubelet            spec.containers{nanomq}: Started container nanomq


Name:             postgres-0
Namespace:        nanomq-only
Priority:         0
Service Account:  default
Node:             <pi-host>/<pi-ip>
Start Time:       Mon, 27 Apr 2026 08:38:05 +0200
Labels:           app=postgres
                  apps.kubernetes.io/pod-index=0
                  controller-revision-hash=postgres-d5f747749
                  statefulset.kubernetes.io/pod-name=postgres-0
Annotations:      cni.projectcalico.org/containerID: 265f5d1ee08a93e45e09bddf04e4d5ed6a74027de57cb8908d42fab638668a65
                  cni.projectcalico.org/podIP: <pod-ip>/32
                  cni.projectcalico.org/podIPs: <pod-ip>/32
Status:           Running
IP:               <pod-ip>
IPs:
  IP:           <pod-ip>
Controlled By:  StatefulSet/postgres
Containers:
  postgres:
    Container ID:   containerd://7659a9c0521dec254a51e8f6cb38e0e82fe9f11f08615b9a8169668cb29079f0
    Image:          postgres:17-alpine
    Image ID:       docker.io/library/postgres@sha256:778d0b486d6daa02b77434d0358ec57a1b21fd8b6d22ac2eef56a33e816928f6
    Port:           5432/TCP
    Host Port:      0/TCP
    State:          Running
      Started:      Mon, 27 Apr 2026 08:38:05 +0200
    Ready:          True
    Restart Count:  0
    Limits:
      cpu:     1500m
      memory:  1536Mi
    Requests:
      cpu:      100m
      memory:   256Mi
    Readiness:  exec [pg_isready -U postgres] delay=5s timeout=1s period=5s #success=1 #failure=3
    Environment:
      POSTGRES_DB:        postgres
      POSTGRES_USER:      postgres
      POSTGRES_PASSWORD:  <set to the key 'postgres-superuser-password' in secret 'hermod-secrets'>  Optional: false
    Mounts:
      /var/lib/postgresql/data from data (rw)
      /var/run/secrets/kubernetes.io/serviceaccount from kube-api-access-nbwj7 (ro)
Conditions:
  Type                        Status
  PodReadyToStartContainers   True 
  Initialized                 True 
  Ready                       True 
  ContainersReady             True 
  PodScheduled                True 
Volumes:
  data:
    Type:       PersistentVolumeClaim (a reference to a PersistentVolumeClaim in the same namespace)
    ClaimName:  data-postgres-0
    ReadOnly:   false
  kube-api-access-nbwj7:
    Type:                    Projected (a volume that contains injected data from multiple sources)
    TokenExpirationSeconds:  3607
    ConfigMapName:           kube-root-ca.crt
    Optional:                false
    DownwardAPI:             true
QoS Class:                   Burstable
Node-Selectors:              <none>
Tolerations:                 node.kubernetes.io/not-ready:NoExecute op=Exists for 300s
                             node.kubernetes.io/unreachable:NoExecute op=Exists for 300s
Events:                      <none>

=== ts=1777272440 ===
Name:             nanomq-b7b5bfccc-qh67d
Namespace:        nanomq-only
Priority:         0
Service Account:  default
Node:             <pi-host>/<pi-ip>
Start Time:       Mon, 27 Apr 2026 08:45:57 +0200
Labels:           app=nanomq
                  pod-template-hash=b7b5bfccc
Annotations:      cni.projectcalico.org/containerID: e6d0a0c37d6bff3e9dc7dad245eef765d46473c2408a7cef6282fe06affbc279
                  cni.projectcalico.org/podIP: <pod-ip>/32
                  cni.projectcalico.org/podIPs: <pod-ip>/32
                  kubectl.kubernetes.io/restartedAt: 2026-04-27T08:45:56+02:00
Status:           Running
IP:               <pod-ip>
IPs:
  IP:           <pod-ip>
Controlled By:  ReplicaSet/nanomq-b7b5bfccc
Containers:
  nanomq:
    Container ID:   containerd://b837da6c4a7f178fd0e9ac7a4a6b1a1110536508a15e7ae5d532009e3c2deed4
    Image:          emqx/nanomq:0.21-slim
    Image ID:       docker.io/emqx/nanomq@sha256:53bea7acb547aced1cc45e08c514628f1e41c4da9ad544fd8c5fa96d3e9eb41b
    Ports:          1883/TCP (mqtt), 8081/TCP (http)
    Host Ports:     0/TCP (mqtt), 0/TCP (http)
    State:          Running
      Started:      Mon, 27 Apr 2026 08:45:58 +0200
    Ready:          True
    Restart Count:  0
    Limits:
      cpu:     1
      memory:  512Mi
    Requests:
      cpu:        50m
      memory:     64Mi
    Readiness:    tcp-socket :1883 delay=3s timeout=1s period=5s #success=1 #failure=3
    Environment:  <none>
    Mounts:
      /etc/nanomq.conf from config (rw,path="nanomq.conf")
      /var/run/secrets/kubernetes.io/serviceaccount from kube-api-access-ncm4c (ro)
Conditions:
  Type                        Status
  PodReadyToStartContainers   True 
  Initialized                 True 
  Ready                       True 
  ContainersReady             True 
  PodScheduled                True 
Volumes:
  config:
    Type:      ConfigMap (a volume populated by a ConfigMap)
    Name:      nanomq-config
    Optional:  false
  kube-api-access-ncm4c:
    Type:                    Projected (a volume that contains injected data from multiple sources)
    TokenExpirationSeconds:  3607
    ConfigMapName:           kube-root-ca.crt
    Optional:                false
    DownwardAPI:             true
QoS Class:                   Burstable
Node-Selectors:              <none>
Tolerations:                 node.kubernetes.io/not-ready:NoExecute op=Exists for 300s
                             node.kubernetes.io/unreachable:NoExecute op=Exists for 300s
Events:
  Type    Reason     Age   From               Message
  ----    ------     ----  ----               -------
  Normal  Scheduled  83s   default-scheduler  Successfully assigned nanomq-only/nanomq-b7b5bfccc-qh67d to <pi-host>
  Normal  Pulled     82s   kubelet            spec.containers{nanomq}: Container image "emqx/nanomq:0.21-slim" already present on machine
  Normal  Created    82s   kubelet            spec.containers{nanomq}: Created container: nanomq
  Normal  Started    82s   kubelet            spec.containers{nanomq}: Started container nanomq


Name:             postgres-0
Namespace:        nanomq-only
Priority:         0
Service Account:  default
Node:             <pi-host>/<pi-ip>
Start Time:       Mon, 27 Apr 2026 08:38:05 +0200
Labels:           app=postgres
                  apps.kubernetes.io/pod-index=0
                  controller-revision-hash=postgres-d5f747749
                  statefulset.kubernetes.io/pod-name=postgres-0
Annotations:      cni.projectcalico.org/containerID: 265f5d1ee08a93e45e09bddf04e4d5ed6a74027de57cb8908d42fab638668a65
                  cni.projectcalico.org/podIP: <pod-ip>/32
                  cni.projectcalico.org/podIPs: <pod-ip>/32
Status:           Running
IP:               <pod-ip>
IPs:
  IP:           <pod-ip>
Controlled By:  StatefulSet/postgres
Containers:
  postgres:
    Container ID:   containerd://7659a9c0521dec254a51e8f6cb38e0e82fe9f11f08615b9a8169668cb29079f0
    Image:          postgres:17-alpine
    Image ID:       docker.io/library/postgres@sha256:778d0b486d6daa02b77434d0358ec57a1b21fd8b6d22ac2eef56a33e816928f6
    Port:           5432/TCP
    Host Port:      0/TCP
    State:          Running
      Started:      Mon, 27 Apr 2026 08:38:05 +0200
    Ready:          True
    Restart Count:  0
    Limits:
      cpu:     1500m
      memory:  1536Mi
    Requests:
      cpu:      100m
      memory:   256Mi
    Readiness:  exec [pg_isready -U postgres] delay=5s timeout=1s period=5s #success=1 #failure=3
    Environment:
      POSTGRES_DB:        postgres
      POSTGRES_USER:      postgres
      POSTGRES_PASSWORD:  <set to the key 'postgres-superuser-password' in secret 'hermod-secrets'>  Optional: false
    Mounts:
      /var/lib/postgresql/data from data (rw)
      /var/run/secrets/kubernetes.io/serviceaccount from kube-api-access-nbwj7 (ro)
Conditions:
  Type                        Status
  PodReadyToStartContainers   True 
  Initialized                 True 
  Ready                       True 
  ContainersReady             True 
  PodScheduled                True 
Volumes:
  data:
    Type:       PersistentVolumeClaim (a reference to a PersistentVolumeClaim in the same namespace)
    ClaimName:  data-postgres-0
    ReadOnly:   false
  kube-api-access-nbwj7:
    Type:                    Projected (a volume that contains injected data from multiple sources)
    TokenExpirationSeconds:  3607
    ConfigMapName:           kube-root-ca.crt
    Optional:                false
    DownwardAPI:             true
QoS Class:                   Burstable
Node-Selectors:              <none>
Tolerations:                 node.kubernetes.io/not-ready:NoExecute op=Exists for 300s
                             node.kubernetes.io/unreachable:NoExecute op=Exists for 300s
Events:                      <none>

=== ts=1777272451 ===
Name:             nanomq-b7b5bfccc-qh67d
Namespace:        nanomq-only
Priority:         0
Service Account:  default
Node:             <pi-host>/<pi-ip>
Start Time:       Mon, 27 Apr 2026 08:45:57 +0200
Labels:           app=nanomq
                  pod-template-hash=b7b5bfccc
Annotations:      cni.projectcalico.org/containerID: e6d0a0c37d6bff3e9dc7dad245eef765d46473c2408a7cef6282fe06affbc279
                  cni.projectcalico.org/podIP: <pod-ip>/32
                  cni.projectcalico.org/podIPs: <pod-ip>/32
                  kubectl.kubernetes.io/restartedAt: 2026-04-27T08:45:56+02:00
Status:           Running
IP:               <pod-ip>
IPs:
  IP:           <pod-ip>
Controlled By:  ReplicaSet/nanomq-b7b5bfccc
Containers:
  nanomq:
    Container ID:   containerd://b837da6c4a7f178fd0e9ac7a4a6b1a1110536508a15e7ae5d532009e3c2deed4
    Image:          emqx/nanomq:0.21-slim
    Image ID:       docker.io/emqx/nanomq@sha256:53bea7acb547aced1cc45e08c514628f1e41c4da9ad544fd8c5fa96d3e9eb41b
    Ports:          1883/TCP (mqtt), 8081/TCP (http)
    Host Ports:     0/TCP (mqtt), 0/TCP (http)
    State:          Running
      Started:      Mon, 27 Apr 2026 08:45:58 +0200
    Ready:          True
    Restart Count:  0
    Limits:
      cpu:     1
      memory:  512Mi
    Requests:
      cpu:        50m
      memory:     64Mi
    Readiness:    tcp-socket :1883 delay=3s timeout=1s period=5s #success=1 #failure=3
    Environment:  <none>
    Mounts:
      /etc/nanomq.conf from config (rw,path="nanomq.conf")
      /var/run/secrets/kubernetes.io/serviceaccount from kube-api-access-ncm4c (ro)
Conditions:
  Type                        Status
  PodReadyToStartContainers   True 
  Initialized                 True 
  Ready                       True 
  ContainersReady             True 
  PodScheduled                True 
Volumes:
  config:
    Type:      ConfigMap (a volume populated by a ConfigMap)
    Name:      nanomq-config
    Optional:  false
  kube-api-access-ncm4c:
    Type:                    Projected (a volume that contains injected data from multiple sources)
    TokenExpirationSeconds:  3607
    ConfigMapName:           kube-root-ca.crt
    Optional:                false
    DownwardAPI:             true
QoS Class:                   Burstable
Node-Selectors:              <none>
Tolerations:                 node.kubernetes.io/not-ready:NoExecute op=Exists for 300s
                             node.kubernetes.io/unreachable:NoExecute op=Exists for 300s
Events:
  Type    Reason     Age   From               Message
  ----    ------     ----  ----               -------
  Normal  Scheduled  93s   default-scheduler  Successfully assigned nanomq-only/nanomq-b7b5bfccc-qh67d to <pi-host>
  Normal  Pulled     93s   kubelet            spec.containers{nanomq}: Container image "emqx/nanomq:0.21-slim" already present on machine
  Normal  Created    93s   kubelet            spec.containers{nanomq}: Created container: nanomq
  Normal  Started    93s   kubelet            spec.containers{nanomq}: Started container nanomq


Name:             postgres-0
Namespace:        nanomq-only
Priority:         0
Service Account:  default
Node:             <pi-host>/<pi-ip>
Start Time:       Mon, 27 Apr 2026 08:38:05 +0200
Labels:           app=postgres
                  apps.kubernetes.io/pod-index=0
                  controller-revision-hash=postgres-d5f747749
                  statefulset.kubernetes.io/pod-name=postgres-0
Annotations:      cni.projectcalico.org/containerID: 265f5d1ee08a93e45e09bddf04e4d5ed6a74027de57cb8908d42fab638668a65
                  cni.projectcalico.org/podIP: <pod-ip>/32
                  cni.projectcalico.org/podIPs: <pod-ip>/32
Status:           Running
IP:               <pod-ip>
IPs:
  IP:           <pod-ip>
Controlled By:  StatefulSet/postgres
Containers:
  postgres:
    Container ID:   containerd://7659a9c0521dec254a51e8f6cb38e0e82fe9f11f08615b9a8169668cb29079f0
    Image:          postgres:17-alpine
    Image ID:       docker.io/library/postgres@sha256:778d0b486d6daa02b77434d0358ec57a1b21fd8b6d22ac2eef56a33e816928f6
    Port:           5432/TCP
    Host Port:      0/TCP
    State:          Running
      Started:      Mon, 27 Apr 2026 08:38:05 +0200
    Ready:          True
    Restart Count:  0
    Limits:
      cpu:     1500m
      memory:  1536Mi
    Requests:
      cpu:      100m
      memory:   256Mi
    Readiness:  exec [pg_isready -U postgres] delay=5s timeout=1s period=5s #success=1 #failure=3
    Environment:
      POSTGRES_DB:        postgres
      POSTGRES_USER:      postgres
      POSTGRES_PASSWORD:  <set to the key 'postgres-superuser-password' in secret 'hermod-secrets'>  Optional: false
    Mounts:
      /var/lib/postgresql/data from data (rw)
      /var/run/secrets/kubernetes.io/serviceaccount from kube-api-access-nbwj7 (ro)
Conditions:
  Type                        Status
  PodReadyToStartContainers   True 
  Initialized                 True 
  Ready                       True 
  ContainersReady             True 
  PodScheduled                True 
Volumes:
  data:
    Type:       PersistentVolumeClaim (a reference to a PersistentVolumeClaim in the same namespace)
    ClaimName:  data-postgres-0
    ReadOnly:   false
  kube-api-access-nbwj7:
    Type:                    Projected (a volume that contains injected data from multiple sources)
    TokenExpirationSeconds:  3607
    ConfigMapName:           kube-root-ca.crt
    Optional:                false
    DownwardAPI:             true
QoS Class:                   Burstable
Node-Selectors:              <none>
Tolerations:                 node.kubernetes.io/not-ready:NoExecute op=Exists for 300s
                             node.kubernetes.io/unreachable:NoExecute op=Exists for 300s
Events:                      <none>

=== ts=1777272462 ===
Name:             nanomq-b7b5bfccc-qh67d
Namespace:        nanomq-only
Priority:         0
Service Account:  default
Node:             <pi-host>/<pi-ip>
Start Time:       Mon, 27 Apr 2026 08:45:57 +0200
Labels:           app=nanomq
                  pod-template-hash=b7b5bfccc
Annotations:      cni.projectcalico.org/containerID: e6d0a0c37d6bff3e9dc7dad245eef765d46473c2408a7cef6282fe06affbc279
                  cni.projectcalico.org/podIP: <pod-ip>/32
                  cni.projectcalico.org/podIPs: <pod-ip>/32
                  kubectl.kubernetes.io/restartedAt: 2026-04-27T08:45:56+02:00
Status:           Running
IP:               <pod-ip>
IPs:
  IP:           <pod-ip>
Controlled By:  ReplicaSet/nanomq-b7b5bfccc
Containers:
  nanomq:
    Container ID:   containerd://b837da6c4a7f178fd0e9ac7a4a6b1a1110536508a15e7ae5d532009e3c2deed4
    Image:          emqx/nanomq:0.21-slim
    Image ID:       docker.io/emqx/nanomq@sha256:53bea7acb547aced1cc45e08c514628f1e41c4da9ad544fd8c5fa96d3e9eb41b
    Ports:          1883/TCP (mqtt), 8081/TCP (http)
    Host Ports:     0/TCP (mqtt), 0/TCP (http)
    State:          Running
      Started:      Mon, 27 Apr 2026 08:45:58 +0200
    Ready:          True
    Restart Count:  0
    Limits:
      cpu:     1
      memory:  512Mi
    Requests:
      cpu:        50m
      memory:     64Mi
    Readiness:    tcp-socket :1883 delay=3s timeout=1s period=5s #success=1 #failure=3
    Environment:  <none>
    Mounts:
      /etc/nanomq.conf from config (rw,path="nanomq.conf")
      /var/run/secrets/kubernetes.io/serviceaccount from kube-api-access-ncm4c (ro)
Conditions:
  Type                        Status
  PodReadyToStartContainers   True 
  Initialized                 True 
  Ready                       True 
  ContainersReady             True 
  PodScheduled                True 
Volumes:
  config:
    Type:      ConfigMap (a volume populated by a ConfigMap)
    Name:      nanomq-config
    Optional:  false
  kube-api-access-ncm4c:
    Type:                    Projected (a volume that contains injected data from multiple sources)
    TokenExpirationSeconds:  3607
    ConfigMapName:           kube-root-ca.crt
    Optional:                false
    DownwardAPI:             true
QoS Class:                   Burstable
Node-Selectors:              <none>
Tolerations:                 node.kubernetes.io/not-ready:NoExecute op=Exists for 300s
                             node.kubernetes.io/unreachable:NoExecute op=Exists for 300s
Events:
  Type    Reason     Age   From               Message
  ----    ------     ----  ----               -------
  Normal  Scheduled  104s  default-scheduler  Successfully assigned nanomq-only/nanomq-b7b5bfccc-qh67d to <pi-host>
  Normal  Pulled     104s  kubelet            spec.containers{nanomq}: Container image "emqx/nanomq:0.21-slim" already present on machine
  Normal  Created    104s  kubelet            spec.containers{nanomq}: Created container: nanomq
  Normal  Started    104s  kubelet            spec.containers{nanomq}: Started container nanomq


Name:             postgres-0
Namespace:        nanomq-only
Priority:         0
Service Account:  default
Node:             <pi-host>/<pi-ip>
Start Time:       Mon, 27 Apr 2026 08:38:05 +0200
Labels:           app=postgres
                  apps.kubernetes.io/pod-index=0
                  controller-revision-hash=postgres-d5f747749
                  statefulset.kubernetes.io/pod-name=postgres-0
Annotations:      cni.projectcalico.org/containerID: 265f5d1ee08a93e45e09bddf04e4d5ed6a74027de57cb8908d42fab638668a65
                  cni.projectcalico.org/podIP: <pod-ip>/32
                  cni.projectcalico.org/podIPs: <pod-ip>/32
Status:           Running
IP:               <pod-ip>
IPs:
  IP:           <pod-ip>
Controlled By:  StatefulSet/postgres
Containers:
  postgres:
    Container ID:   containerd://7659a9c0521dec254a51e8f6cb38e0e82fe9f11f08615b9a8169668cb29079f0
    Image:          postgres:17-alpine
    Image ID:       docker.io/library/postgres@sha256:778d0b486d6daa02b77434d0358ec57a1b21fd8b6d22ac2eef56a33e816928f6
    Port:           5432/TCP
    Host Port:      0/TCP
    State:          Running
      Started:      Mon, 27 Apr 2026 08:38:05 +0200
    Ready:          True
    Restart Count:  0
    Limits:
      cpu:     1500m
      memory:  1536Mi
    Requests:
      cpu:      100m
      memory:   256Mi
    Readiness:  exec [pg_isready -U postgres] delay=5s timeout=1s period=5s #success=1 #failure=3
    Environment:
      POSTGRES_DB:        postgres
      POSTGRES_USER:      postgres
      POSTGRES_PASSWORD:  <set to the key 'postgres-superuser-password' in secret 'hermod-secrets'>  Optional: false
    Mounts:
      /var/lib/postgresql/data from data (rw)
      /var/run/secrets/kubernetes.io/serviceaccount from kube-api-access-nbwj7 (ro)
Conditions:
  Type                        Status
  PodReadyToStartContainers   True 
  Initialized                 True 
  Ready                       True 
  ContainersReady             True 
  PodScheduled                True 
Volumes:
  data:
    Type:       PersistentVolumeClaim (a reference to a PersistentVolumeClaim in the same namespace)
    ClaimName:  data-postgres-0
    ReadOnly:   false
  kube-api-access-nbwj7:
    Type:                    Projected (a volume that contains injected data from multiple sources)
    TokenExpirationSeconds:  3607
    ConfigMapName:           kube-root-ca.crt
    Optional:                false
    DownwardAPI:             true
QoS Class:                   Burstable
Node-Selectors:              <none>
Tolerations:                 node.kubernetes.io/not-ready:NoExecute op=Exists for 300s
                             node.kubernetes.io/unreachable:NoExecute op=Exists for 300s
Events:                      <none>

=== ts=1777272473 ===
Name:             nanomq-b7b5bfccc-qh67d
Namespace:        nanomq-only
Priority:         0
Service Account:  default
Node:             <pi-host>/<pi-ip>
Start Time:       Mon, 27 Apr 2026 08:45:57 +0200
Labels:           app=nanomq
                  pod-template-hash=b7b5bfccc
Annotations:      cni.projectcalico.org/containerID: e6d0a0c37d6bff3e9dc7dad245eef765d46473c2408a7cef6282fe06affbc279
                  cni.projectcalico.org/podIP: <pod-ip>/32
                  cni.projectcalico.org/podIPs: <pod-ip>/32
                  kubectl.kubernetes.io/restartedAt: 2026-04-27T08:45:56+02:00
Status:           Running
IP:               <pod-ip>
IPs:
  IP:           <pod-ip>
Controlled By:  ReplicaSet/nanomq-b7b5bfccc
Containers:
  nanomq:
    Container ID:   containerd://b837da6c4a7f178fd0e9ac7a4a6b1a1110536508a15e7ae5d532009e3c2deed4
    Image:          emqx/nanomq:0.21-slim
    Image ID:       docker.io/emqx/nanomq@sha256:53bea7acb547aced1cc45e08c514628f1e41c4da9ad544fd8c5fa96d3e9eb41b
    Ports:          1883/TCP (mqtt), 8081/TCP (http)
    Host Ports:     0/TCP (mqtt), 0/TCP (http)
    State:          Running
      Started:      Mon, 27 Apr 2026 08:45:58 +0200
    Ready:          True
    Restart Count:  0
    Limits:
      cpu:     1
      memory:  512Mi
    Requests:
      cpu:        50m
      memory:     64Mi
    Readiness:    tcp-socket :1883 delay=3s timeout=1s period=5s #success=1 #failure=3
    Environment:  <none>
    Mounts:
      /etc/nanomq.conf from config (rw,path="nanomq.conf")
      /var/run/secrets/kubernetes.io/serviceaccount from kube-api-access-ncm4c (ro)
Conditions:
  Type                        Status
  PodReadyToStartContainers   True 
  Initialized                 True 
  Ready                       True 
  ContainersReady             True 
  PodScheduled                True 
Volumes:
  config:
    Type:      ConfigMap (a volume populated by a ConfigMap)
    Name:      nanomq-config
    Optional:  false
  kube-api-access-ncm4c:
    Type:                    Projected (a volume that contains injected data from multiple sources)
    TokenExpirationSeconds:  3607
    ConfigMapName:           kube-root-ca.crt
    Optional:                false
    DownwardAPI:             true
QoS Class:                   Burstable
Node-Selectors:              <none>
Tolerations:                 node.kubernetes.io/not-ready:NoExecute op=Exists for 300s
                             node.kubernetes.io/unreachable:NoExecute op=Exists for 300s
Events:
  Type    Reason     Age   From               Message
  ----    ------     ----  ----               -------
  Normal  Scheduled  115s  default-scheduler  Successfully assigned nanomq-only/nanomq-b7b5bfccc-qh67d to <pi-host>
  Normal  Pulled     115s  kubelet            spec.containers{nanomq}: Container image "emqx/nanomq:0.21-slim" already present on machine
  Normal  Created    115s  kubelet            spec.containers{nanomq}: Created container: nanomq
  Normal  Started    115s  kubelet            spec.containers{nanomq}: Started container nanomq


Name:             postgres-0
Namespace:        nanomq-only
Priority:         0
Service Account:  default
Node:             <pi-host>/<pi-ip>
Start Time:       Mon, 27 Apr 2026 08:38:05 +0200
Labels:           app=postgres
                  apps.kubernetes.io/pod-index=0
                  controller-revision-hash=postgres-d5f747749
                  statefulset.kubernetes.io/pod-name=postgres-0
Annotations:      cni.projectcalico.org/containerID: 265f5d1ee08a93e45e09bddf04e4d5ed6a74027de57cb8908d42fab638668a65
                  cni.projectcalico.org/podIP: <pod-ip>/32
                  cni.projectcalico.org/podIPs: <pod-ip>/32
Status:           Running
IP:               <pod-ip>
IPs:
  IP:           <pod-ip>
Controlled By:  StatefulSet/postgres
Containers:
  postgres:
    Container ID:   containerd://7659a9c0521dec254a51e8f6cb38e0e82fe9f11f08615b9a8169668cb29079f0
    Image:          postgres:17-alpine
    Image ID:       docker.io/library/postgres@sha256:778d0b486d6daa02b77434d0358ec57a1b21fd8b6d22ac2eef56a33e816928f6
    Port:           5432/TCP
    Host Port:      0/TCP
    State:          Running
      Started:      Mon, 27 Apr 2026 08:38:05 +0200
    Ready:          True
    Restart Count:  0
    Limits:
      cpu:     1500m
      memory:  1536Mi
    Requests:
      cpu:      100m
      memory:   256Mi
    Readiness:  exec [pg_isready -U postgres] delay=5s timeout=1s period=5s #success=1 #failure=3
    Environment:
      POSTGRES_DB:        postgres
      POSTGRES_USER:      postgres
      POSTGRES_PASSWORD:  <set to the key 'postgres-superuser-password' in secret 'hermod-secrets'>  Optional: false
    Mounts:
      /var/lib/postgresql/data from data (rw)
      /var/run/secrets/kubernetes.io/serviceaccount from kube-api-access-nbwj7 (ro)
Conditions:
  Type                        Status
  PodReadyToStartContainers   True 
  Initialized                 True 
  Ready                       True 
  ContainersReady             True 
  PodScheduled                True 
Volumes:
  data:
    Type:       PersistentVolumeClaim (a reference to a PersistentVolumeClaim in the same namespace)
    ClaimName:  data-postgres-0
    ReadOnly:   false
  kube-api-access-nbwj7:
    Type:                    Projected (a volume that contains injected data from multiple sources)
    TokenExpirationSeconds:  3607
    ConfigMapName:           kube-root-ca.crt
    Optional:                false
    DownwardAPI:             true
QoS Class:                   Burstable
Node-Selectors:              <none>
Tolerations:                 node.kubernetes.io/not-ready:NoExecute op=Exists for 300s
                             node.kubernetes.io/unreachable:NoExecute op=Exists for 300s
Events:                      <none>

=== ts=1777272484 ===
Name:             nanomq-b7b5bfccc-qh67d
Namespace:        nanomq-only
Priority:         0
Service Account:  default
Node:             <pi-host>/<pi-ip>
Start Time:       Mon, 27 Apr 2026 08:45:57 +0200
Labels:           app=nanomq
                  pod-template-hash=b7b5bfccc
Annotations:      cni.projectcalico.org/containerID: e6d0a0c37d6bff3e9dc7dad245eef765d46473c2408a7cef6282fe06affbc279
                  cni.projectcalico.org/podIP: <pod-ip>/32
                  cni.projectcalico.org/podIPs: <pod-ip>/32
                  kubectl.kubernetes.io/restartedAt: 2026-04-27T08:45:56+02:00
Status:           Running
IP:               <pod-ip>
IPs:
  IP:           <pod-ip>
Controlled By:  ReplicaSet/nanomq-b7b5bfccc
Containers:
  nanomq:
    Container ID:   containerd://b837da6c4a7f178fd0e9ac7a4a6b1a1110536508a15e7ae5d532009e3c2deed4
    Image:          emqx/nanomq:0.21-slim
    Image ID:       docker.io/emqx/nanomq@sha256:53bea7acb547aced1cc45e08c514628f1e41c4da9ad544fd8c5fa96d3e9eb41b
    Ports:          1883/TCP (mqtt), 8081/TCP (http)
    Host Ports:     0/TCP (mqtt), 0/TCP (http)
    State:          Running
      Started:      Mon, 27 Apr 2026 08:45:58 +0200
    Ready:          True
    Restart Count:  0
    Limits:
      cpu:     1
      memory:  512Mi
    Requests:
      cpu:        50m
      memory:     64Mi
    Readiness:    tcp-socket :1883 delay=3s timeout=1s period=5s #success=1 #failure=3
    Environment:  <none>
    Mounts:
      /etc/nanomq.conf from config (rw,path="nanomq.conf")
      /var/run/secrets/kubernetes.io/serviceaccount from kube-api-access-ncm4c (ro)
Conditions:
  Type                        Status
  PodReadyToStartContainers   True 
  Initialized                 True 
  Ready                       True 
  ContainersReady             True 
  PodScheduled                True 
Volumes:
  config:
    Type:      ConfigMap (a volume populated by a ConfigMap)
    Name:      nanomq-config
    Optional:  false
  kube-api-access-ncm4c:
    Type:                    Projected (a volume that contains injected data from multiple sources)
    TokenExpirationSeconds:  3607
    ConfigMapName:           kube-root-ca.crt
    Optional:                false
    DownwardAPI:             true
QoS Class:                   Burstable
Node-Selectors:              <none>
Tolerations:                 node.kubernetes.io/not-ready:NoExecute op=Exists for 300s
                             node.kubernetes.io/unreachable:NoExecute op=Exists for 300s
Events:
  Type    Reason     Age   From               Message
  ----    ------     ----  ----               -------
  Normal  Scheduled  2m6s  default-scheduler  Successfully assigned nanomq-only/nanomq-b7b5bfccc-qh67d to <pi-host>
  Normal  Pulled     2m6s  kubelet            spec.containers{nanomq}: Container image "emqx/nanomq:0.21-slim" already present on machine
  Normal  Created    2m6s  kubelet            spec.containers{nanomq}: Created container: nanomq
  Normal  Started    2m6s  kubelet            spec.containers{nanomq}: Started container nanomq


Name:             postgres-0
Namespace:        nanomq-only
Priority:         0
Service Account:  default
Node:             <pi-host>/<pi-ip>
Start Time:       Mon, 27 Apr 2026 08:38:05 +0200
Labels:           app=postgres
                  apps.kubernetes.io/pod-index=0
                  controller-revision-hash=postgres-d5f747749
                  statefulset.kubernetes.io/pod-name=postgres-0
Annotations:      cni.projectcalico.org/containerID: 265f5d1ee08a93e45e09bddf04e4d5ed6a74027de57cb8908d42fab638668a65
                  cni.projectcalico.org/podIP: <pod-ip>/32
                  cni.projectcalico.org/podIPs: <pod-ip>/32
Status:           Running
IP:               <pod-ip>
IPs:
  IP:           <pod-ip>
Controlled By:  StatefulSet/postgres
Containers:
  postgres:
    Container ID:   containerd://7659a9c0521dec254a51e8f6cb38e0e82fe9f11f08615b9a8169668cb29079f0
    Image:          postgres:17-alpine
    Image ID:       docker.io/library/postgres@sha256:778d0b486d6daa02b77434d0358ec57a1b21fd8b6d22ac2eef56a33e816928f6
    Port:           5432/TCP
    Host Port:      0/TCP
    State:          Running
      Started:      Mon, 27 Apr 2026 08:38:05 +0200
    Ready:          True
    Restart Count:  0
    Limits:
      cpu:     1500m
      memory:  1536Mi
    Requests:
      cpu:      100m
      memory:   256Mi
    Readiness:  exec [pg_isready -U postgres] delay=5s timeout=1s period=5s #success=1 #failure=3
    Environment:
      POSTGRES_DB:        postgres
      POSTGRES_USER:      postgres
      POSTGRES_PASSWORD:  <set to the key 'postgres-superuser-password' in secret 'hermod-secrets'>  Optional: false
    Mounts:
      /var/lib/postgresql/data from data (rw)
      /var/run/secrets/kubernetes.io/serviceaccount from kube-api-access-nbwj7 (ro)
Conditions:
  Type                        Status
  PodReadyToStartContainers   True 
  Initialized                 True 
  Ready                       True 
  ContainersReady             True 
  PodScheduled                True 
Volumes:
  data:
    Type:       PersistentVolumeClaim (a reference to a PersistentVolumeClaim in the same namespace)
    ClaimName:  data-postgres-0
    ReadOnly:   false
  kube-api-access-nbwj7:
    Type:                    Projected (a volume that contains injected data from multiple sources)
    TokenExpirationSeconds:  3607
    ConfigMapName:           kube-root-ca.crt
    Optional:                false
    DownwardAPI:             true
QoS Class:                   Burstable
Node-Selectors:              <none>
Tolerations:                 node.kubernetes.io/not-ready:NoExecute op=Exists for 300s
                             node.kubernetes.io/unreachable:NoExecute op=Exists for 300s
Events:                      <none>

=== ts=1777272494 ===
Name:             nanomq-b7b5bfccc-qh67d
Namespace:        nanomq-only
Priority:         0
Service Account:  default
Node:             <pi-host>/<pi-ip>
Start Time:       Mon, 27 Apr 2026 08:45:57 +0200
Labels:           app=nanomq
                  pod-template-hash=b7b5bfccc
Annotations:      cni.projectcalico.org/containerID: e6d0a0c37d6bff3e9dc7dad245eef765d46473c2408a7cef6282fe06affbc279
                  cni.projectcalico.org/podIP: <pod-ip>/32
                  cni.projectcalico.org/podIPs: <pod-ip>/32
                  kubectl.kubernetes.io/restartedAt: 2026-04-27T08:45:56+02:00
Status:           Running
IP:               <pod-ip>
IPs:
  IP:           <pod-ip>
Controlled By:  ReplicaSet/nanomq-b7b5bfccc
Containers:
  nanomq:
    Container ID:   containerd://b837da6c4a7f178fd0e9ac7a4a6b1a1110536508a15e7ae5d532009e3c2deed4
    Image:          emqx/nanomq:0.21-slim
    Image ID:       docker.io/emqx/nanomq@sha256:53bea7acb547aced1cc45e08c514628f1e41c4da9ad544fd8c5fa96d3e9eb41b
    Ports:          1883/TCP (mqtt), 8081/TCP (http)
    Host Ports:     0/TCP (mqtt), 0/TCP (http)
    State:          Running
      Started:      Mon, 27 Apr 2026 08:45:58 +0200
    Ready:          True
    Restart Count:  0
    Limits:
      cpu:     1
      memory:  512Mi
    Requests:
      cpu:        50m
      memory:     64Mi
    Readiness:    tcp-socket :1883 delay=3s timeout=1s period=5s #success=1 #failure=3
    Environment:  <none>
    Mounts:
      /etc/nanomq.conf from config (rw,path="nanomq.conf")
      /var/run/secrets/kubernetes.io/serviceaccount from kube-api-access-ncm4c (ro)
Conditions:
  Type                        Status
  PodReadyToStartContainers   True 
  Initialized                 True 
  Ready                       True 
  ContainersReady             True 
  PodScheduled                True 
Volumes:
  config:
    Type:      ConfigMap (a volume populated by a ConfigMap)
    Name:      nanomq-config
    Optional:  false
  kube-api-access-ncm4c:
    Type:                    Projected (a volume that contains injected data from multiple sources)
    TokenExpirationSeconds:  3607
    ConfigMapName:           kube-root-ca.crt
    Optional:                false
    DownwardAPI:             true
QoS Class:                   Burstable
Node-Selectors:              <none>
Tolerations:                 node.kubernetes.io/not-ready:NoExecute op=Exists for 300s
                             node.kubernetes.io/unreachable:NoExecute op=Exists for 300s
Events:
  Type    Reason     Age    From               Message
  ----    ------     ----   ----               -------
  Normal  Scheduled  2m17s  default-scheduler  Successfully assigned nanomq-only/nanomq-b7b5bfccc-qh67d to <pi-host>
  Normal  Pulled     2m16s  kubelet            spec.containers{nanomq}: Container image "emqx/nanomq:0.21-slim" already present on machine
  Normal  Created    2m16s  kubelet            spec.containers{nanomq}: Created container: nanomq
  Normal  Started    2m16s  kubelet            spec.containers{nanomq}: Started container nanomq


Name:             postgres-0
Namespace:        nanomq-only
Priority:         0
Service Account:  default
Node:             <pi-host>/<pi-ip>
Start Time:       Mon, 27 Apr 2026 08:38:05 +0200
Labels:           app=postgres
                  apps.kubernetes.io/pod-index=0
                  controller-revision-hash=postgres-d5f747749
                  statefulset.kubernetes.io/pod-name=postgres-0
Annotations:      cni.projectcalico.org/containerID: 265f5d1ee08a93e45e09bddf04e4d5ed6a74027de57cb8908d42fab638668a65
                  cni.projectcalico.org/podIP: <pod-ip>/32
                  cni.projectcalico.org/podIPs: <pod-ip>/32
Status:           Running
IP:               <pod-ip>
IPs:
  IP:           <pod-ip>
Controlled By:  StatefulSet/postgres
Containers:
  postgres:
    Container ID:   containerd://7659a9c0521dec254a51e8f6cb38e0e82fe9f11f08615b9a8169668cb29079f0
    Image:          postgres:17-alpine
    Image ID:       docker.io/library/postgres@sha256:778d0b486d6daa02b77434d0358ec57a1b21fd8b6d22ac2eef56a33e816928f6
    Port:           5432/TCP
    Host Port:      0/TCP
    State:          Running
      Started:      Mon, 27 Apr 2026 08:38:05 +0200
    Ready:          True
    Restart Count:  0
    Limits:
      cpu:     1500m
      memory:  1536Mi
    Requests:
      cpu:      100m
      memory:   256Mi
    Readiness:  exec [pg_isready -U postgres] delay=5s timeout=1s period=5s #success=1 #failure=3
    Environment:
      POSTGRES_DB:        postgres
      POSTGRES_USER:      postgres
      POSTGRES_PASSWORD:  <set to the key 'postgres-superuser-password' in secret 'hermod-secrets'>  Optional: false
    Mounts:
      /var/lib/postgresql/data from data (rw)
      /var/run/secrets/kubernetes.io/serviceaccount from kube-api-access-nbwj7 (ro)
Conditions:
  Type                        Status
  PodReadyToStartContainers   True 
  Initialized                 True 
  Ready                       True 
  ContainersReady             True 
  PodScheduled                True 
Volumes:
  data:
    Type:       PersistentVolumeClaim (a reference to a PersistentVolumeClaim in the same namespace)
    ClaimName:  data-postgres-0
    ReadOnly:   false
  kube-api-access-nbwj7:
    Type:                    Projected (a volume that contains injected data from multiple sources)
    TokenExpirationSeconds:  3607
    ConfigMapName:           kube-root-ca.crt
    Optional:                false
    DownwardAPI:             true
QoS Class:                   Burstable
Node-Selectors:              <none>
Tolerations:                 node.kubernetes.io/not-ready:NoExecute op=Exists for 300s
                             node.kubernetes.io/unreachable:NoExecute op=Exists for 300s
Events:                      <none>

=== ts=1777272505 ===
Name:             nanomq-b7b5bfccc-qh67d
Namespace:        nanomq-only
Priority:         0
Service Account:  default
Node:             <pi-host>/<pi-ip>
Start Time:       Mon, 27 Apr 2026 08:45:57 +0200
Labels:           app=nanomq
                  pod-template-hash=b7b5bfccc
Annotations:      cni.projectcalico.org/containerID: e6d0a0c37d6bff3e9dc7dad245eef765d46473c2408a7cef6282fe06affbc279
                  cni.projectcalico.org/podIP: <pod-ip>/32
                  cni.projectcalico.org/podIPs: <pod-ip>/32
                  kubectl.kubernetes.io/restartedAt: 2026-04-27T08:45:56+02:00
Status:           Running
IP:               <pod-ip>
IPs:
  IP:           <pod-ip>
Controlled By:  ReplicaSet/nanomq-b7b5bfccc
Containers:
  nanomq:
    Container ID:   containerd://b837da6c4a7f178fd0e9ac7a4a6b1a1110536508a15e7ae5d532009e3c2deed4
    Image:          emqx/nanomq:0.21-slim
    Image ID:       docker.io/emqx/nanomq@sha256:53bea7acb547aced1cc45e08c514628f1e41c4da9ad544fd8c5fa96d3e9eb41b
    Ports:          1883/TCP (mqtt), 8081/TCP (http)
    Host Ports:     0/TCP (mqtt), 0/TCP (http)
    State:          Running
      Started:      Mon, 27 Apr 2026 08:45:58 +0200
    Ready:          True
    Restart Count:  0
    Limits:
      cpu:     1
      memory:  512Mi
    Requests:
      cpu:        50m
      memory:     64Mi
    Readiness:    tcp-socket :1883 delay=3s timeout=1s period=5s #success=1 #failure=3
    Environment:  <none>
    Mounts:
      /etc/nanomq.conf from config (rw,path="nanomq.conf")
      /var/run/secrets/kubernetes.io/serviceaccount from kube-api-access-ncm4c (ro)
Conditions:
  Type                        Status
  PodReadyToStartContainers   True 
  Initialized                 True 
  Ready                       True 
  ContainersReady             True 
  PodScheduled                True 
Volumes:
  config:
    Type:      ConfigMap (a volume populated by a ConfigMap)
    Name:      nanomq-config
    Optional:  false
  kube-api-access-ncm4c:
    Type:                    Projected (a volume that contains injected data from multiple sources)
    TokenExpirationSeconds:  3607
    ConfigMapName:           kube-root-ca.crt
    Optional:                false
    DownwardAPI:             true
QoS Class:                   Burstable
Node-Selectors:              <none>
Tolerations:                 node.kubernetes.io/not-ready:NoExecute op=Exists for 300s
                             node.kubernetes.io/unreachable:NoExecute op=Exists for 300s
Events:
  Type    Reason     Age    From               Message
  ----    ------     ----   ----               -------
  Normal  Scheduled  2m28s  default-scheduler  Successfully assigned nanomq-only/nanomq-b7b5bfccc-qh67d to <pi-host>
  Normal  Pulled     2m27s  kubelet            spec.containers{nanomq}: Container image "emqx/nanomq:0.21-slim" already present on machine
  Normal  Created    2m27s  kubelet            spec.containers{nanomq}: Created container: nanomq
  Normal  Started    2m27s  kubelet            spec.containers{nanomq}: Started container nanomq


Name:             postgres-0
Namespace:        nanomq-only
Priority:         0
Service Account:  default
Node:             <pi-host>/<pi-ip>
Start Time:       Mon, 27 Apr 2026 08:38:05 +0200
Labels:           app=postgres
                  apps.kubernetes.io/pod-index=0
                  controller-revision-hash=postgres-d5f747749
                  statefulset.kubernetes.io/pod-name=postgres-0
Annotations:      cni.projectcalico.org/containerID: 265f5d1ee08a93e45e09bddf04e4d5ed6a74027de57cb8908d42fab638668a65
                  cni.projectcalico.org/podIP: <pod-ip>/32
                  cni.projectcalico.org/podIPs: <pod-ip>/32
Status:           Running
IP:               <pod-ip>
IPs:
  IP:           <pod-ip>
Controlled By:  StatefulSet/postgres
Containers:
  postgres:
    Container ID:   containerd://7659a9c0521dec254a51e8f6cb38e0e82fe9f11f08615b9a8169668cb29079f0
    Image:          postgres:17-alpine
    Image ID:       docker.io/library/postgres@sha256:778d0b486d6daa02b77434d0358ec57a1b21fd8b6d22ac2eef56a33e816928f6
    Port:           5432/TCP
    Host Port:      0/TCP
    State:          Running
      Started:      Mon, 27 Apr 2026 08:38:05 +0200
    Ready:          True
    Restart Count:  0
    Limits:
      cpu:     1500m
      memory:  1536Mi
    Requests:
      cpu:      100m
      memory:   256Mi
    Readiness:  exec [pg_isready -U postgres] delay=5s timeout=1s period=5s #success=1 #failure=3
    Environment:
      POSTGRES_DB:        postgres
      POSTGRES_USER:      postgres
      POSTGRES_PASSWORD:  <set to the key 'postgres-superuser-password' in secret 'hermod-secrets'>  Optional: false
    Mounts:
      /var/lib/postgresql/data from data (rw)
      /var/run/secrets/kubernetes.io/serviceaccount from kube-api-access-nbwj7 (ro)
Conditions:
  Type                        Status
  PodReadyToStartContainers   True 
  Initialized                 True 
  Ready                       True 
  ContainersReady             True 
  PodScheduled                True 
Volumes:
  data:
    Type:       PersistentVolumeClaim (a reference to a PersistentVolumeClaim in the same namespace)
    ClaimName:  data-postgres-0
    ReadOnly:   false
  kube-api-access-nbwj7:
    Type:                    Projected (a volume that contains injected data from multiple sources)
    TokenExpirationSeconds:  3607
    ConfigMapName:           kube-root-ca.crt
    Optional:                false
    DownwardAPI:             true
QoS Class:                   Burstable
Node-Selectors:              <none>
Tolerations:                 node.kubernetes.io/not-ready:NoExecute op=Exists for 300s
                             node.kubernetes.io/unreachable:NoExecute op=Exists for 300s
Events:                      <none>

=== ts=1777272516 ===
Name:             nanomq-b7b5bfccc-qh67d
Namespace:        nanomq-only
Priority:         0
Service Account:  default
Node:             <pi-host>/<pi-ip>
Start Time:       Mon, 27 Apr 2026 08:45:57 +0200
Labels:           app=nanomq
                  pod-template-hash=b7b5bfccc
Annotations:      cni.projectcalico.org/containerID: e6d0a0c37d6bff3e9dc7dad245eef765d46473c2408a7cef6282fe06affbc279
                  cni.projectcalico.org/podIP: <pod-ip>/32
                  cni.projectcalico.org/podIPs: <pod-ip>/32
                  kubectl.kubernetes.io/restartedAt: 2026-04-27T08:45:56+02:00
Status:           Running
IP:               <pod-ip>
IPs:
  IP:           <pod-ip>
Controlled By:  ReplicaSet/nanomq-b7b5bfccc
Containers:
  nanomq:
    Container ID:   containerd://b837da6c4a7f178fd0e9ac7a4a6b1a1110536508a15e7ae5d532009e3c2deed4
    Image:          emqx/nanomq:0.21-slim
    Image ID:       docker.io/emqx/nanomq@sha256:53bea7acb547aced1cc45e08c514628f1e41c4da9ad544fd8c5fa96d3e9eb41b
    Ports:          1883/TCP (mqtt), 8081/TCP (http)
    Host Ports:     0/TCP (mqtt), 0/TCP (http)
    State:          Running
      Started:      Mon, 27 Apr 2026 08:45:58 +0200
    Ready:          True
    Restart Count:  0
    Limits:
      cpu:     1
      memory:  512Mi
    Requests:
      cpu:        50m
      memory:     64Mi
    Readiness:    tcp-socket :1883 delay=3s timeout=1s period=5s #success=1 #failure=3
    Environment:  <none>
    Mounts:
      /etc/nanomq.conf from config (rw,path="nanomq.conf")
      /var/run/secrets/kubernetes.io/serviceaccount from kube-api-access-ncm4c (ro)
Conditions:
  Type                        Status
  PodReadyToStartContainers   True 
  Initialized                 True 
  Ready                       True 
  ContainersReady             True 
  PodScheduled                True 
Volumes:
  config:
    Type:      ConfigMap (a volume populated by a ConfigMap)
    Name:      nanomq-config
    Optional:  false
  kube-api-access-ncm4c:
    Type:                    Projected (a volume that contains injected data from multiple sources)
    TokenExpirationSeconds:  3607
    ConfigMapName:           kube-root-ca.crt
    Optional:                false
    DownwardAPI:             true
QoS Class:                   Burstable
Node-Selectors:              <none>
Tolerations:                 node.kubernetes.io/not-ready:NoExecute op=Exists for 300s
                             node.kubernetes.io/unreachable:NoExecute op=Exists for 300s
Events:
  Type    Reason     Age    From               Message
  ----    ------     ----   ----               -------
  Normal  Scheduled  2m38s  default-scheduler  Successfully assigned nanomq-only/nanomq-b7b5bfccc-qh67d to <pi-host>
  Normal  Pulled     2m38s  kubelet            spec.containers{nanomq}: Container image "emqx/nanomq:0.21-slim" already present on machine
  Normal  Created    2m38s  kubelet            spec.containers{nanomq}: Created container: nanomq
  Normal  Started    2m38s  kubelet            spec.containers{nanomq}: Started container nanomq


Name:             postgres-0
Namespace:        nanomq-only
Priority:         0
Service Account:  default
Node:             <pi-host>/<pi-ip>
Start Time:       Mon, 27 Apr 2026 08:38:05 +0200
Labels:           app=postgres
                  apps.kubernetes.io/pod-index=0
                  controller-revision-hash=postgres-d5f747749
                  statefulset.kubernetes.io/pod-name=postgres-0
Annotations:      cni.projectcalico.org/containerID: 265f5d1ee08a93e45e09bddf04e4d5ed6a74027de57cb8908d42fab638668a65
                  cni.projectcalico.org/podIP: <pod-ip>/32
                  cni.projectcalico.org/podIPs: <pod-ip>/32
Status:           Running
IP:               <pod-ip>
IPs:
  IP:           <pod-ip>
Controlled By:  StatefulSet/postgres
Containers:
  postgres:
    Container ID:   containerd://7659a9c0521dec254a51e8f6cb38e0e82fe9f11f08615b9a8169668cb29079f0
    Image:          postgres:17-alpine
    Image ID:       docker.io/library/postgres@sha256:778d0b486d6daa02b77434d0358ec57a1b21fd8b6d22ac2eef56a33e816928f6
    Port:           5432/TCP
    Host Port:      0/TCP
    State:          Running
      Started:      Mon, 27 Apr 2026 08:38:05 +0200
    Ready:          True
    Restart Count:  0
    Limits:
      cpu:     1500m
      memory:  1536Mi
    Requests:
      cpu:      100m
      memory:   256Mi
    Readiness:  exec [pg_isready -U postgres] delay=5s timeout=1s period=5s #success=1 #failure=3
    Environment:
      POSTGRES_DB:        postgres
      POSTGRES_USER:      postgres
      POSTGRES_PASSWORD:  <set to the key 'postgres-superuser-password' in secret 'hermod-secrets'>  Optional: false
    Mounts:
      /var/lib/postgresql/data from data (rw)
      /var/run/secrets/kubernetes.io/serviceaccount from kube-api-access-nbwj7 (ro)
Conditions:
  Type                        Status
  PodReadyToStartContainers   True 
  Initialized                 True 
  Ready                       True 
  ContainersReady             True 
  PodScheduled                True 
Volumes:
  data:
    Type:       PersistentVolumeClaim (a reference to a PersistentVolumeClaim in the same namespace)
    ClaimName:  data-postgres-0
    ReadOnly:   false
  kube-api-access-nbwj7:
    Type:                    Projected (a volume that contains injected data from multiple sources)
    TokenExpirationSeconds:  3607
    ConfigMapName:           kube-root-ca.crt
    Optional:                false
    DownwardAPI:             true
QoS Class:                   Burstable
Node-Selectors:              <none>
Tolerations:                 node.kubernetes.io/not-ready:NoExecute op=Exists for 300s
                             node.kubernetes.io/unreachable:NoExecute op=Exists for 300s
Events:                      <none>

=== ts=1777272526 ===
Name:             nanomq-b7b5bfccc-qh67d
Namespace:        nanomq-only
Priority:         0
Service Account:  default
Node:             <pi-host>/<pi-ip>
Start Time:       Mon, 27 Apr 2026 08:45:57 +0200
Labels:           app=nanomq
                  pod-template-hash=b7b5bfccc
Annotations:      cni.projectcalico.org/containerID: e6d0a0c37d6bff3e9dc7dad245eef765d46473c2408a7cef6282fe06affbc279
                  cni.projectcalico.org/podIP: <pod-ip>/32
                  cni.projectcalico.org/podIPs: <pod-ip>/32
                  kubectl.kubernetes.io/restartedAt: 2026-04-27T08:45:56+02:00
Status:           Running
IP:               <pod-ip>
IPs:
  IP:           <pod-ip>
Controlled By:  ReplicaSet/nanomq-b7b5bfccc
Containers:
  nanomq:
    Container ID:   containerd://b837da6c4a7f178fd0e9ac7a4a6b1a1110536508a15e7ae5d532009e3c2deed4
    Image:          emqx/nanomq:0.21-slim
    Image ID:       docker.io/emqx/nanomq@sha256:53bea7acb547aced1cc45e08c514628f1e41c4da9ad544fd8c5fa96d3e9eb41b
    Ports:          1883/TCP (mqtt), 8081/TCP (http)
    Host Ports:     0/TCP (mqtt), 0/TCP (http)
    State:          Running
      Started:      Mon, 27 Apr 2026 08:45:58 +0200
    Ready:          True
    Restart Count:  0
    Limits:
      cpu:     1
      memory:  512Mi
    Requests:
      cpu:        50m
      memory:     64Mi
    Readiness:    tcp-socket :1883 delay=3s timeout=1s period=5s #success=1 #failure=3
    Environment:  <none>
    Mounts:
      /etc/nanomq.conf from config (rw,path="nanomq.conf")
      /var/run/secrets/kubernetes.io/serviceaccount from kube-api-access-ncm4c (ro)
Conditions:
  Type                        Status
  PodReadyToStartContainers   True 
  Initialized                 True 
  Ready                       True 
  ContainersReady             True 
  PodScheduled                True 
Volumes:
  config:
    Type:      ConfigMap (a volume populated by a ConfigMap)
    Name:      nanomq-config
    Optional:  false
  kube-api-access-ncm4c:
    Type:                    Projected (a volume that contains injected data from multiple sources)
    TokenExpirationSeconds:  3607
    ConfigMapName:           kube-root-ca.crt
    Optional:                false
    DownwardAPI:             true
QoS Class:                   Burstable
Node-Selectors:              <none>
Tolerations:                 node.kubernetes.io/not-ready:NoExecute op=Exists for 300s
                             node.kubernetes.io/unreachable:NoExecute op=Exists for 300s
Events:
  Type    Reason     Age    From               Message
  ----    ------     ----   ----               -------
  Normal  Scheduled  2m49s  default-scheduler  Successfully assigned nanomq-only/nanomq-b7b5bfccc-qh67d to <pi-host>
  Normal  Pulled     2m49s  kubelet            spec.containers{nanomq}: Container image "emqx/nanomq:0.21-slim" already present on machine
  Normal  Created    2m49s  kubelet            spec.containers{nanomq}: Created container: nanomq
  Normal  Started    2m49s  kubelet            spec.containers{nanomq}: Started container nanomq


Name:             postgres-0
Namespace:        nanomq-only
Priority:         0
Service Account:  default
Node:             <pi-host>/<pi-ip>
Start Time:       Mon, 27 Apr 2026 08:38:05 +0200
Labels:           app=postgres
                  apps.kubernetes.io/pod-index=0
                  controller-revision-hash=postgres-d5f747749
                  statefulset.kubernetes.io/pod-name=postgres-0
Annotations:      cni.projectcalico.org/containerID: 265f5d1ee08a93e45e09bddf04e4d5ed6a74027de57cb8908d42fab638668a65
                  cni.projectcalico.org/podIP: <pod-ip>/32
                  cni.projectcalico.org/podIPs: <pod-ip>/32
Status:           Running
IP:               <pod-ip>
IPs:
  IP:           <pod-ip>
Controlled By:  StatefulSet/postgres
Containers:
  postgres:
    Container ID:   containerd://7659a9c0521dec254a51e8f6cb38e0e82fe9f11f08615b9a8169668cb29079f0
    Image:          postgres:17-alpine
    Image ID:       docker.io/library/postgres@sha256:778d0b486d6daa02b77434d0358ec57a1b21fd8b6d22ac2eef56a33e816928f6
    Port:           5432/TCP
    Host Port:      0/TCP
    State:          Running
      Started:      Mon, 27 Apr 2026 08:38:05 +0200
    Ready:          True
    Restart Count:  0
    Limits:
      cpu:     1500m
      memory:  1536Mi
    Requests:
      cpu:      100m
      memory:   256Mi
    Readiness:  exec [pg_isready -U postgres] delay=5s timeout=1s period=5s #success=1 #failure=3
    Environment:
      POSTGRES_DB:        postgres
      POSTGRES_USER:      postgres
      POSTGRES_PASSWORD:  <set to the key 'postgres-superuser-password' in secret 'hermod-secrets'>  Optional: false
    Mounts:
      /var/lib/postgresql/data from data (rw)
      /var/run/secrets/kubernetes.io/serviceaccount from kube-api-access-nbwj7 (ro)
Conditions:
  Type                        Status
  PodReadyToStartContainers   True 
  Initialized                 True 
  Ready                       True 
  ContainersReady             True 
  PodScheduled                True 
Volumes:
  data:
    Type:       PersistentVolumeClaim (a reference to a PersistentVolumeClaim in the same namespace)
    ClaimName:  data-postgres-0
    ReadOnly:   false
  kube-api-access-nbwj7:
    Type:                    Projected (a volume that contains injected data from multiple sources)
    TokenExpirationSeconds:  3607
    ConfigMapName:           kube-root-ca.crt
    Optional:                false
    DownwardAPI:             true
QoS Class:                   Burstable
Node-Selectors:              <none>
Tolerations:                 node.kubernetes.io/not-ready:NoExecute op=Exists for 300s
                             node.kubernetes.io/unreachable:NoExecute op=Exists for 300s
Events:                      <none>

=== ts=1777272538 ===
Name:             nanomq-b7b5bfccc-qh67d
Namespace:        nanomq-only
Priority:         0
Service Account:  default
Node:             <pi-host>/<pi-ip>
Start Time:       Mon, 27 Apr 2026 08:45:57 +0200
Labels:           app=nanomq
                  pod-template-hash=b7b5bfccc
Annotations:      cni.projectcalico.org/containerID: e6d0a0c37d6bff3e9dc7dad245eef765d46473c2408a7cef6282fe06affbc279
                  cni.projectcalico.org/podIP: <pod-ip>/32
                  cni.projectcalico.org/podIPs: <pod-ip>/32
                  kubectl.kubernetes.io/restartedAt: 2026-04-27T08:45:56+02:00
Status:           Running
IP:               <pod-ip>
IPs:
  IP:           <pod-ip>
Controlled By:  ReplicaSet/nanomq-b7b5bfccc
Containers:
  nanomq:
    Container ID:   containerd://b837da6c4a7f178fd0e9ac7a4a6b1a1110536508a15e7ae5d532009e3c2deed4
    Image:          emqx/nanomq:0.21-slim
    Image ID:       docker.io/emqx/nanomq@sha256:53bea7acb547aced1cc45e08c514628f1e41c4da9ad544fd8c5fa96d3e9eb41b
    Ports:          1883/TCP (mqtt), 8081/TCP (http)
    Host Ports:     0/TCP (mqtt), 0/TCP (http)
    State:          Running
      Started:      Mon, 27 Apr 2026 08:45:58 +0200
    Ready:          True
    Restart Count:  0
    Limits:
      cpu:     1
      memory:  512Mi
    Requests:
      cpu:        50m
      memory:     64Mi
    Readiness:    tcp-socket :1883 delay=3s timeout=1s period=5s #success=1 #failure=3
    Environment:  <none>
    Mounts:
      /etc/nanomq.conf from config (rw,path="nanomq.conf")
      /var/run/secrets/kubernetes.io/serviceaccount from kube-api-access-ncm4c (ro)
Conditions:
  Type                        Status
  PodReadyToStartContainers   True 
  Initialized                 True 
  Ready                       True 
  ContainersReady             True 
  PodScheduled                True 
Volumes:
  config:
    Type:      ConfigMap (a volume populated by a ConfigMap)
    Name:      nanomq-config
    Optional:  false
  kube-api-access-ncm4c:
    Type:                    Projected (a volume that contains injected data from multiple sources)
    TokenExpirationSeconds:  3607
    ConfigMapName:           kube-root-ca.crt
    Optional:                false
    DownwardAPI:             true
QoS Class:                   Burstable
Node-Selectors:              <none>
Tolerations:                 node.kubernetes.io/not-ready:NoExecute op=Exists for 300s
                             node.kubernetes.io/unreachable:NoExecute op=Exists for 300s
Events:
  Type    Reason     Age   From               Message
  ----    ------     ----  ----               -------
  Normal  Scheduled  3m    default-scheduler  Successfully assigned nanomq-only/nanomq-b7b5bfccc-qh67d to <pi-host>
  Normal  Pulled     3m    kubelet            spec.containers{nanomq}: Container image "emqx/nanomq:0.21-slim" already present on machine
  Normal  Created    3m    kubelet            spec.containers{nanomq}: Created container: nanomq
  Normal  Started    3m    kubelet            spec.containers{nanomq}: Started container nanomq


Name:             postgres-0
Namespace:        nanomq-only
Priority:         0
Service Account:  default
Node:             <pi-host>/<pi-ip>
Start Time:       Mon, 27 Apr 2026 08:38:05 +0200
Labels:           app=postgres
                  apps.kubernetes.io/pod-index=0
                  controller-revision-hash=postgres-d5f747749
                  statefulset.kubernetes.io/pod-name=postgres-0
Annotations:      cni.projectcalico.org/containerID: 265f5d1ee08a93e45e09bddf04e4d5ed6a74027de57cb8908d42fab638668a65
                  cni.projectcalico.org/podIP: <pod-ip>/32
                  cni.projectcalico.org/podIPs: <pod-ip>/32
Status:           Running
IP:               <pod-ip>
IPs:
  IP:           <pod-ip>
Controlled By:  StatefulSet/postgres
Containers:
  postgres:
    Container ID:   containerd://7659a9c0521dec254a51e8f6cb38e0e82fe9f11f08615b9a8169668cb29079f0
    Image:          postgres:17-alpine
    Image ID:       docker.io/library/postgres@sha256:778d0b486d6daa02b77434d0358ec57a1b21fd8b6d22ac2eef56a33e816928f6
    Port:           5432/TCP
    Host Port:      0/TCP
    State:          Running
      Started:      Mon, 27 Apr 2026 08:38:05 +0200
    Ready:          True
    Restart Count:  0
    Limits:
      cpu:     1500m
      memory:  1536Mi
    Requests:
      cpu:      100m
      memory:   256Mi
    Readiness:  exec [pg_isready -U postgres] delay=5s timeout=1s period=5s #success=1 #failure=3
    Environment:
      POSTGRES_DB:        postgres
      POSTGRES_USER:      postgres
      POSTGRES_PASSWORD:  <set to the key 'postgres-superuser-password' in secret 'hermod-secrets'>  Optional: false
    Mounts:
      /var/lib/postgresql/data from data (rw)
      /var/run/secrets/kubernetes.io/serviceaccount from kube-api-access-nbwj7 (ro)
Conditions:
  Type                        Status
  PodReadyToStartContainers   True 
  Initialized                 True 
  Ready                       True 
  ContainersReady             True 
  PodScheduled                True 
Volumes:
  data:
    Type:       PersistentVolumeClaim (a reference to a PersistentVolumeClaim in the same namespace)
    ClaimName:  data-postgres-0
    ReadOnly:   false
  kube-api-access-nbwj7:
    Type:                    Projected (a volume that contains injected data from multiple sources)
    TokenExpirationSeconds:  3607
    ConfigMapName:           kube-root-ca.crt
    Optional:                false
    DownwardAPI:             true
QoS Class:                   Burstable
Node-Selectors:              <none>
Tolerations:                 node.kubernetes.io/not-ready:NoExecute op=Exists for 300s
                             node.kubernetes.io/unreachable:NoExecute op=Exists for 300s
Events:                      <none>

=== ts=1777272548 ===
Name:             nanomq-b7b5bfccc-qh67d
Namespace:        nanomq-only
Priority:         0
Service Account:  default
Node:             <pi-host>/<pi-ip>
Start Time:       Mon, 27 Apr 2026 08:45:57 +0200
Labels:           app=nanomq
                  pod-template-hash=b7b5bfccc
Annotations:      cni.projectcalico.org/containerID: e6d0a0c37d6bff3e9dc7dad245eef765d46473c2408a7cef6282fe06affbc279
                  cni.projectcalico.org/podIP: <pod-ip>/32
                  cni.projectcalico.org/podIPs: <pod-ip>/32
                  kubectl.kubernetes.io/restartedAt: 2026-04-27T08:45:56+02:00
Status:           Running
IP:               <pod-ip>
IPs:
  IP:           <pod-ip>
Controlled By:  ReplicaSet/nanomq-b7b5bfccc
Containers:
  nanomq:
    Container ID:   containerd://b837da6c4a7f178fd0e9ac7a4a6b1a1110536508a15e7ae5d532009e3c2deed4
    Image:          emqx/nanomq:0.21-slim
    Image ID:       docker.io/emqx/nanomq@sha256:53bea7acb547aced1cc45e08c514628f1e41c4da9ad544fd8c5fa96d3e9eb41b
    Ports:          1883/TCP (mqtt), 8081/TCP (http)
    Host Ports:     0/TCP (mqtt), 0/TCP (http)
    State:          Running
      Started:      Mon, 27 Apr 2026 08:45:58 +0200
    Ready:          True
    Restart Count:  0
    Limits:
      cpu:     1
      memory:  512Mi
    Requests:
      cpu:        50m
      memory:     64Mi
    Readiness:    tcp-socket :1883 delay=3s timeout=1s period=5s #success=1 #failure=3
    Environment:  <none>
    Mounts:
      /etc/nanomq.conf from config (rw,path="nanomq.conf")
      /var/run/secrets/kubernetes.io/serviceaccount from kube-api-access-ncm4c (ro)
Conditions:
  Type                        Status
  PodReadyToStartContainers   True 
  Initialized                 True 
  Ready                       True 
  ContainersReady             True 
  PodScheduled                True 
Volumes:
  config:
    Type:      ConfigMap (a volume populated by a ConfigMap)
    Name:      nanomq-config
    Optional:  false
  kube-api-access-ncm4c:
    Type:                    Projected (a volume that contains injected data from multiple sources)
    TokenExpirationSeconds:  3607
    ConfigMapName:           kube-root-ca.crt
    Optional:                false
    DownwardAPI:             true
QoS Class:                   Burstable
Node-Selectors:              <none>
Tolerations:                 node.kubernetes.io/not-ready:NoExecute op=Exists for 300s
                             node.kubernetes.io/unreachable:NoExecute op=Exists for 300s
Events:
  Type    Reason     Age    From               Message
  ----    ------     ----   ----               -------
  Normal  Scheduled  3m11s  default-scheduler  Successfully assigned nanomq-only/nanomq-b7b5bfccc-qh67d to <pi-host>
  Normal  Pulled     3m11s  kubelet            spec.containers{nanomq}: Container image "emqx/nanomq:0.21-slim" already present on machine
  Normal  Created    3m11s  kubelet            spec.containers{nanomq}: Created container: nanomq
  Normal  Started    3m11s  kubelet            spec.containers{nanomq}: Started container nanomq


Name:             postgres-0
Namespace:        nanomq-only
Priority:         0
Service Account:  default
Node:             <pi-host>/<pi-ip>
Start Time:       Mon, 27 Apr 2026 08:38:05 +0200
Labels:           app=postgres
                  apps.kubernetes.io/pod-index=0
                  controller-revision-hash=postgres-d5f747749
                  statefulset.kubernetes.io/pod-name=postgres-0
Annotations:      cni.projectcalico.org/containerID: 265f5d1ee08a93e45e09bddf04e4d5ed6a74027de57cb8908d42fab638668a65
                  cni.projectcalico.org/podIP: <pod-ip>/32
                  cni.projectcalico.org/podIPs: <pod-ip>/32
Status:           Running
IP:               <pod-ip>
IPs:
  IP:           <pod-ip>
Controlled By:  StatefulSet/postgres
Containers:
  postgres:
    Container ID:   containerd://7659a9c0521dec254a51e8f6cb38e0e82fe9f11f08615b9a8169668cb29079f0
    Image:          postgres:17-alpine
    Image ID:       docker.io/library/postgres@sha256:778d0b486d6daa02b77434d0358ec57a1b21fd8b6d22ac2eef56a33e816928f6
    Port:           5432/TCP
    Host Port:      0/TCP
    State:          Running
      Started:      Mon, 27 Apr 2026 08:38:05 +0200
    Ready:          True
    Restart Count:  0
    Limits:
      cpu:     1500m
      memory:  1536Mi
    Requests:
      cpu:      100m
      memory:   256Mi
    Readiness:  exec [pg_isready -U postgres] delay=5s timeout=1s period=5s #success=1 #failure=3
    Environment:
      POSTGRES_DB:        postgres
      POSTGRES_USER:      postgres
      POSTGRES_PASSWORD:  <set to the key 'postgres-superuser-password' in secret 'hermod-secrets'>  Optional: false
    Mounts:
      /var/lib/postgresql/data from data (rw)
      /var/run/secrets/kubernetes.io/serviceaccount from kube-api-access-nbwj7 (ro)
Conditions:
  Type                        Status
  PodReadyToStartContainers   True 
  Initialized                 True 
  Ready                       True 
  ContainersReady             True 
  PodScheduled                True 
Volumes:
  data:
    Type:       PersistentVolumeClaim (a reference to a PersistentVolumeClaim in the same namespace)
    ClaimName:  data-postgres-0
    ReadOnly:   false
  kube-api-access-nbwj7:
    Type:                    Projected (a volume that contains injected data from multiple sources)
    TokenExpirationSeconds:  3607
    ConfigMapName:           kube-root-ca.crt
    Optional:                false
    DownwardAPI:             true
QoS Class:                   Burstable
Node-Selectors:              <none>
Tolerations:                 node.kubernetes.io/not-ready:NoExecute op=Exists for 300s
                             node.kubernetes.io/unreachable:NoExecute op=Exists for 300s
Events:                      <none>

=== ts=1777272559 ===
Name:             nanomq-b7b5bfccc-qh67d
Namespace:        nanomq-only
Priority:         0
Service Account:  default
Node:             <pi-host>/<pi-ip>
Start Time:       Mon, 27 Apr 2026 08:45:57 +0200
Labels:           app=nanomq
                  pod-template-hash=b7b5bfccc
Annotations:      cni.projectcalico.org/containerID: e6d0a0c37d6bff3e9dc7dad245eef765d46473c2408a7cef6282fe06affbc279
                  cni.projectcalico.org/podIP: <pod-ip>/32
                  cni.projectcalico.org/podIPs: <pod-ip>/32
                  kubectl.kubernetes.io/restartedAt: 2026-04-27T08:45:56+02:00
Status:           Running
IP:               <pod-ip>
IPs:
  IP:           <pod-ip>
Controlled By:  ReplicaSet/nanomq-b7b5bfccc
Containers:
  nanomq:
    Container ID:   containerd://b837da6c4a7f178fd0e9ac7a4a6b1a1110536508a15e7ae5d532009e3c2deed4
    Image:          emqx/nanomq:0.21-slim
    Image ID:       docker.io/emqx/nanomq@sha256:53bea7acb547aced1cc45e08c514628f1e41c4da9ad544fd8c5fa96d3e9eb41b
    Ports:          1883/TCP (mqtt), 8081/TCP (http)
    Host Ports:     0/TCP (mqtt), 0/TCP (http)
    State:          Running
      Started:      Mon, 27 Apr 2026 08:45:58 +0200
    Ready:          True
    Restart Count:  0
    Limits:
      cpu:     1
      memory:  512Mi
    Requests:
      cpu:        50m
      memory:     64Mi
    Readiness:    tcp-socket :1883 delay=3s timeout=1s period=5s #success=1 #failure=3
    Environment:  <none>
    Mounts:
      /etc/nanomq.conf from config (rw,path="nanomq.conf")
      /var/run/secrets/kubernetes.io/serviceaccount from kube-api-access-ncm4c (ro)
Conditions:
  Type                        Status
  PodReadyToStartContainers   True 
  Initialized                 True 
  Ready                       True 
  ContainersReady             True 
  PodScheduled                True 
Volumes:
  config:
    Type:      ConfigMap (a volume populated by a ConfigMap)
    Name:      nanomq-config
    Optional:  false
  kube-api-access-ncm4c:
    Type:                    Projected (a volume that contains injected data from multiple sources)
    TokenExpirationSeconds:  3607
    ConfigMapName:           kube-root-ca.crt
    Optional:                false
    DownwardAPI:             true
QoS Class:                   Burstable
Node-Selectors:              <none>
Tolerations:                 node.kubernetes.io/not-ready:NoExecute op=Exists for 300s
                             node.kubernetes.io/unreachable:NoExecute op=Exists for 300s
Events:
  Type    Reason     Age    From               Message
  ----    ------     ----   ----               -------
  Normal  Scheduled  3m22s  default-scheduler  Successfully assigned nanomq-only/nanomq-b7b5bfccc-qh67d to <pi-host>
  Normal  Pulled     3m21s  kubelet            spec.containers{nanomq}: Container image "emqx/nanomq:0.21-slim" already present on machine
  Normal  Created    3m21s  kubelet            spec.containers{nanomq}: Created container: nanomq
  Normal  Started    3m21s  kubelet            spec.containers{nanomq}: Started container nanomq


Name:             postgres-0
Namespace:        nanomq-only
Priority:         0
Service Account:  default
Node:             <pi-host>/<pi-ip>
Start Time:       Mon, 27 Apr 2026 08:38:05 +0200
Labels:           app=postgres
                  apps.kubernetes.io/pod-index=0
                  controller-revision-hash=postgres-d5f747749
                  statefulset.kubernetes.io/pod-name=postgres-0
Annotations:      cni.projectcalico.org/containerID: 265f5d1ee08a93e45e09bddf04e4d5ed6a74027de57cb8908d42fab638668a65
                  cni.projectcalico.org/podIP: <pod-ip>/32
                  cni.projectcalico.org/podIPs: <pod-ip>/32
Status:           Running
IP:               <pod-ip>
IPs:
  IP:           <pod-ip>
Controlled By:  StatefulSet/postgres
Containers:
  postgres:
    Container ID:   containerd://7659a9c0521dec254a51e8f6cb38e0e82fe9f11f08615b9a8169668cb29079f0
    Image:          postgres:17-alpine
    Image ID:       docker.io/library/postgres@sha256:778d0b486d6daa02b77434d0358ec57a1b21fd8b6d22ac2eef56a33e816928f6
    Port:           5432/TCP
    Host Port:      0/TCP
    State:          Running
      Started:      Mon, 27 Apr 2026 08:38:05 +0200
    Ready:          True
    Restart Count:  0
    Limits:
      cpu:     1500m
      memory:  1536Mi
    Requests:
      cpu:      100m
      memory:   256Mi
    Readiness:  exec [pg_isready -U postgres] delay=5s timeout=1s period=5s #success=1 #failure=3
    Environment:
      POSTGRES_DB:        postgres
      POSTGRES_USER:      postgres
      POSTGRES_PASSWORD:  <set to the key 'postgres-superuser-password' in secret 'hermod-secrets'>  Optional: false
    Mounts:
      /var/lib/postgresql/data from data (rw)
      /var/run/secrets/kubernetes.io/serviceaccount from kube-api-access-nbwj7 (ro)
Conditions:
  Type                        Status
  PodReadyToStartContainers   True 
  Initialized                 True 
  Ready                       True 
  ContainersReady             True 
  PodScheduled                True 
Volumes:
  data:
    Type:       PersistentVolumeClaim (a reference to a PersistentVolumeClaim in the same namespace)
    ClaimName:  data-postgres-0
    ReadOnly:   false
  kube-api-access-nbwj7:
    Type:                    Projected (a volume that contains injected data from multiple sources)
    TokenExpirationSeconds:  3607
    ConfigMapName:           kube-root-ca.crt
    Optional:                false
    DownwardAPI:             true
QoS Class:                   Burstable
Node-Selectors:              <none>
Tolerations:                 node.kubernetes.io/not-ready:NoExecute op=Exists for 300s
                             node.kubernetes.io/unreachable:NoExecute op=Exists for 300s
Events:                      <none>

=== ts=1777272570 ===
Name:             nanomq-b7b5bfccc-qh67d
Namespace:        nanomq-only
Priority:         0
Service Account:  default
Node:             <pi-host>/<pi-ip>
Start Time:       Mon, 27 Apr 2026 08:45:57 +0200
Labels:           app=nanomq
                  pod-template-hash=b7b5bfccc
Annotations:      cni.projectcalico.org/containerID: e6d0a0c37d6bff3e9dc7dad245eef765d46473c2408a7cef6282fe06affbc279
                  cni.projectcalico.org/podIP: <pod-ip>/32
                  cni.projectcalico.org/podIPs: <pod-ip>/32
                  kubectl.kubernetes.io/restartedAt: 2026-04-27T08:45:56+02:00
Status:           Running
IP:               <pod-ip>
IPs:
  IP:           <pod-ip>
Controlled By:  ReplicaSet/nanomq-b7b5bfccc
Containers:
  nanomq:
    Container ID:   containerd://b837da6c4a7f178fd0e9ac7a4a6b1a1110536508a15e7ae5d532009e3c2deed4
    Image:          emqx/nanomq:0.21-slim
    Image ID:       docker.io/emqx/nanomq@sha256:53bea7acb547aced1cc45e08c514628f1e41c4da9ad544fd8c5fa96d3e9eb41b
    Ports:          1883/TCP (mqtt), 8081/TCP (http)
    Host Ports:     0/TCP (mqtt), 0/TCP (http)
    State:          Running
      Started:      Mon, 27 Apr 2026 08:45:58 +0200
    Ready:          True
    Restart Count:  0
    Limits:
      cpu:     1
      memory:  512Mi
    Requests:
      cpu:        50m
      memory:     64Mi
    Readiness:    tcp-socket :1883 delay=3s timeout=1s period=5s #success=1 #failure=3
    Environment:  <none>
    Mounts:
      /etc/nanomq.conf from config (rw,path="nanomq.conf")
      /var/run/secrets/kubernetes.io/serviceaccount from kube-api-access-ncm4c (ro)
Conditions:
  Type                        Status
  PodReadyToStartContainers   True 
  Initialized                 True 
  Ready                       True 
  ContainersReady             True 
  PodScheduled                True 
Volumes:
  config:
    Type:      ConfigMap (a volume populated by a ConfigMap)
    Name:      nanomq-config
    Optional:  false
  kube-api-access-ncm4c:
    Type:                    Projected (a volume that contains injected data from multiple sources)
    TokenExpirationSeconds:  3607
    ConfigMapName:           kube-root-ca.crt
    Optional:                false
    DownwardAPI:             true
QoS Class:                   Burstable
Node-Selectors:              <none>
Tolerations:                 node.kubernetes.io/not-ready:NoExecute op=Exists for 300s
                             node.kubernetes.io/unreachable:NoExecute op=Exists for 300s
Events:
  Type    Reason     Age    From               Message
  ----    ------     ----   ----               -------
  Normal  Scheduled  3m33s  default-scheduler  Successfully assigned nanomq-only/nanomq-b7b5bfccc-qh67d to <pi-host>
  Normal  Pulled     3m32s  kubelet            spec.containers{nanomq}: Container image "emqx/nanomq:0.21-slim" already present on machine
  Normal  Created    3m32s  kubelet            spec.containers{nanomq}: Created container: nanomq
  Normal  Started    3m32s  kubelet            spec.containers{nanomq}: Started container nanomq


Name:             postgres-0
Namespace:        nanomq-only
Priority:         0
Service Account:  default
Node:             <pi-host>/<pi-ip>
Start Time:       Mon, 27 Apr 2026 08:38:05 +0200
Labels:           app=postgres
                  apps.kubernetes.io/pod-index=0
                  controller-revision-hash=postgres-d5f747749
                  statefulset.kubernetes.io/pod-name=postgres-0
Annotations:      cni.projectcalico.org/containerID: 265f5d1ee08a93e45e09bddf04e4d5ed6a74027de57cb8908d42fab638668a65
                  cni.projectcalico.org/podIP: <pod-ip>/32
                  cni.projectcalico.org/podIPs: <pod-ip>/32
Status:           Running
IP:               <pod-ip>
IPs:
  IP:           <pod-ip>
Controlled By:  StatefulSet/postgres
Containers:
  postgres:
    Container ID:   containerd://7659a9c0521dec254a51e8f6cb38e0e82fe9f11f08615b9a8169668cb29079f0
    Image:          postgres:17-alpine
    Image ID:       docker.io/library/postgres@sha256:778d0b486d6daa02b77434d0358ec57a1b21fd8b6d22ac2eef56a33e816928f6
    Port:           5432/TCP
    Host Port:      0/TCP
    State:          Running
      Started:      Mon, 27 Apr 2026 08:38:05 +0200
    Ready:          True
    Restart Count:  0
    Limits:
      cpu:     1500m
      memory:  1536Mi
    Requests:
      cpu:      100m
      memory:   256Mi
    Readiness:  exec [pg_isready -U postgres] delay=5s timeout=1s period=5s #success=1 #failure=3
    Environment:
      POSTGRES_DB:        postgres
      POSTGRES_USER:      postgres
      POSTGRES_PASSWORD:  <set to the key 'postgres-superuser-password' in secret 'hermod-secrets'>  Optional: false
    Mounts:
      /var/lib/postgresql/data from data (rw)
      /var/run/secrets/kubernetes.io/serviceaccount from kube-api-access-nbwj7 (ro)
Conditions:
  Type                        Status
  PodReadyToStartContainers   True 
  Initialized                 True 
  Ready                       True 
  ContainersReady             True 
  PodScheduled                True 
Volumes:
  data:
    Type:       PersistentVolumeClaim (a reference to a PersistentVolumeClaim in the same namespace)
    ClaimName:  data-postgres-0
    ReadOnly:   false
  kube-api-access-nbwj7:
    Type:                    Projected (a volume that contains injected data from multiple sources)
    TokenExpirationSeconds:  3607
    ConfigMapName:           kube-root-ca.crt
    Optional:                false
    DownwardAPI:             true
QoS Class:                   Burstable
Node-Selectors:              <none>
Tolerations:                 node.kubernetes.io/not-ready:NoExecute op=Exists for 300s
                             node.kubernetes.io/unreachable:NoExecute op=Exists for 300s
Events:                      <none>

=== ts=1777272581 ===
Name:             nanomq-b7b5bfccc-qh67d
Namespace:        nanomq-only
Priority:         0
Service Account:  default
Node:             <pi-host>/<pi-ip>
Start Time:       Mon, 27 Apr 2026 08:45:57 +0200
Labels:           app=nanomq
                  pod-template-hash=b7b5bfccc
Annotations:      cni.projectcalico.org/containerID: e6d0a0c37d6bff3e9dc7dad245eef765d46473c2408a7cef6282fe06affbc279
                  cni.projectcalico.org/podIP: <pod-ip>/32
                  cni.projectcalico.org/podIPs: <pod-ip>/32
                  kubectl.kubernetes.io/restartedAt: 2026-04-27T08:45:56+02:00
Status:           Running
IP:               <pod-ip>
IPs:
  IP:           <pod-ip>
Controlled By:  ReplicaSet/nanomq-b7b5bfccc
Containers:
  nanomq:
    Container ID:   containerd://b837da6c4a7f178fd0e9ac7a4a6b1a1110536508a15e7ae5d532009e3c2deed4
    Image:          emqx/nanomq:0.21-slim
    Image ID:       docker.io/emqx/nanomq@sha256:53bea7acb547aced1cc45e08c514628f1e41c4da9ad544fd8c5fa96d3e9eb41b
    Ports:          1883/TCP (mqtt), 8081/TCP (http)
    Host Ports:     0/TCP (mqtt), 0/TCP (http)
    State:          Running
      Started:      Mon, 27 Apr 2026 08:45:58 +0200
    Ready:          True
    Restart Count:  0
    Limits:
      cpu:     1
      memory:  512Mi
    Requests:
      cpu:        50m
      memory:     64Mi
    Readiness:    tcp-socket :1883 delay=3s timeout=1s period=5s #success=1 #failure=3
    Environment:  <none>
    Mounts:
      /etc/nanomq.conf from config (rw,path="nanomq.conf")
      /var/run/secrets/kubernetes.io/serviceaccount from kube-api-access-ncm4c (ro)
Conditions:
  Type                        Status
  PodReadyToStartContainers   True 
  Initialized                 True 
  Ready                       True 
  ContainersReady             True 
  PodScheduled                True 
Volumes:
  config:
    Type:      ConfigMap (a volume populated by a ConfigMap)
    Name:      nanomq-config
    Optional:  false
  kube-api-access-ncm4c:
    Type:                    Projected (a volume that contains injected data from multiple sources)
    TokenExpirationSeconds:  3607
    ConfigMapName:           kube-root-ca.crt
    Optional:                false
    DownwardAPI:             true
QoS Class:                   Burstable
Node-Selectors:              <none>
Tolerations:                 node.kubernetes.io/not-ready:NoExecute op=Exists for 300s
                             node.kubernetes.io/unreachable:NoExecute op=Exists for 300s
Events:
  Type    Reason     Age    From               Message
  ----    ------     ----   ----               -------
  Normal  Scheduled  3m43s  default-scheduler  Successfully assigned nanomq-only/nanomq-b7b5bfccc-qh67d to <pi-host>
  Normal  Pulled     3m43s  kubelet            spec.containers{nanomq}: Container image "emqx/nanomq:0.21-slim" already present on machine
  Normal  Created    3m43s  kubelet            spec.containers{nanomq}: Created container: nanomq
  Normal  Started    3m43s  kubelet            spec.containers{nanomq}: Started container nanomq


Name:             postgres-0
Namespace:        nanomq-only
Priority:         0
Service Account:  default
Node:             <pi-host>/<pi-ip>
Start Time:       Mon, 27 Apr 2026 08:38:05 +0200
Labels:           app=postgres
                  apps.kubernetes.io/pod-index=0
                  controller-revision-hash=postgres-d5f747749
                  statefulset.kubernetes.io/pod-name=postgres-0
Annotations:      cni.projectcalico.org/containerID: 265f5d1ee08a93e45e09bddf04e4d5ed6a74027de57cb8908d42fab638668a65
                  cni.projectcalico.org/podIP: <pod-ip>/32
                  cni.projectcalico.org/podIPs: <pod-ip>/32
Status:           Running
IP:               <pod-ip>
IPs:
  IP:           <pod-ip>
Controlled By:  StatefulSet/postgres
Containers:
  postgres:
    Container ID:   containerd://7659a9c0521dec254a51e8f6cb38e0e82fe9f11f08615b9a8169668cb29079f0
    Image:          postgres:17-alpine
    Image ID:       docker.io/library/postgres@sha256:778d0b486d6daa02b77434d0358ec57a1b21fd8b6d22ac2eef56a33e816928f6
    Port:           5432/TCP
    Host Port:      0/TCP
    State:          Running
      Started:      Mon, 27 Apr 2026 08:38:05 +0200
    Ready:          True
    Restart Count:  0
    Limits:
      cpu:     1500m
      memory:  1536Mi
    Requests:
      cpu:      100m
      memory:   256Mi
    Readiness:  exec [pg_isready -U postgres] delay=5s timeout=1s period=5s #success=1 #failure=3
    Environment:
      POSTGRES_DB:        postgres
      POSTGRES_USER:      postgres
      POSTGRES_PASSWORD:  <set to the key 'postgres-superuser-password' in secret 'hermod-secrets'>  Optional: false
    Mounts:
      /var/lib/postgresql/data from data (rw)
      /var/run/secrets/kubernetes.io/serviceaccount from kube-api-access-nbwj7 (ro)
Conditions:
  Type                        Status
  PodReadyToStartContainers   True 
  Initialized                 True 
  Ready                       True 
  ContainersReady             True 
  PodScheduled                True 
Volumes:
  data:
    Type:       PersistentVolumeClaim (a reference to a PersistentVolumeClaim in the same namespace)
    ClaimName:  data-postgres-0
    ReadOnly:   false
  kube-api-access-nbwj7:
    Type:                    Projected (a volume that contains injected data from multiple sources)
    TokenExpirationSeconds:  3607
    ConfigMapName:           kube-root-ca.crt
    Optional:                false
    DownwardAPI:             true
QoS Class:                   Burstable
Node-Selectors:              <none>
Tolerations:                 node.kubernetes.io/not-ready:NoExecute op=Exists for 300s
                             node.kubernetes.io/unreachable:NoExecute op=Exists for 300s
Events:                      <none>

