=== ts=1777256856 ===
Name:             hermod-coordinator-788cdc665d-msp2c
Namespace:        coord-only
Priority:         0
Service Account:  default
Node:             <pi-host>/<pi-ip>
Start Time:       Mon, 27 Apr 2026 04:27:13 +0200
Labels:           app=hermod-coordinator
                  pod-template-hash=788cdc665d
Annotations:      cni.projectcalico.org/containerID: 26bec51daf3f0c19fec24d81cda04fedf5d4df91d04fbbf2f5f4115ab5db7c6d
                  cni.projectcalico.org/podIP: <pod-ip>/32
                  cni.projectcalico.org/podIPs: <pod-ip>/32
                  kubectl.kubernetes.io/restartedAt: 2026-04-27T04:27:12+02:00
Status:           Running
IP:               <pod-ip>
IPs:
  IP:           <pod-ip>
Controlled By:  ReplicaSet/hermod-coordinator-788cdc665d
Init Containers:
  wait-for-postgres:
    Container ID:  containerd://961e284569a2cebb1fd0abb9b2691f8fd70bc4414dc355066e815c766b0014ca
    Image:         busybox:1.36
    Image ID:      docker.io/library/busybox@sha256:73aaf090f3d85aa34ee199857f03fa3a95c8ede2ffd4cc2cdb5b94e566b11662
    Port:          <none>
    Host Port:     <none>
    Command:
      sh
      -c
      until nc -z postgres 5432; do sleep 2; done
    State:          Terminated
      Reason:       Completed
      Exit Code:    0
      Started:      Mon, 27 Apr 2026 04:27:14 +0200
      Finished:     Mon, 27 Apr 2026 04:27:14 +0200
    Ready:          True
    Restart Count:  0
    Environment:    <none>
    Mounts:
      /var/run/secrets/kubernetes.io/serviceaccount from kube-api-access-485v9 (ro)
  wait-for-nanomq:
    Container ID:  containerd://f5c0d912e9f8ec0d08a5b07b5a89bb89936b90cef34e5b259bfef65a888512b1
    Image:         busybox:1.36
    Image ID:      docker.io/library/busybox@sha256:73aaf090f3d85aa34ee199857f03fa3a95c8ede2ffd4cc2cdb5b94e566b11662
    Port:          <none>
    Host Port:     <none>
    Command:
      sh
      -c
      until nc -z nanomq 1883; do sleep 2; done
    State:          Terminated
      Reason:       Completed
      Exit Code:    0
      Started:      Mon, 27 Apr 2026 04:27:15 +0200
      Finished:     Mon, 27 Apr 2026 04:27:21 +0200
    Ready:          True
    Restart Count:  0
    Environment:    <none>
    Mounts:
      /var/run/secrets/kubernetes.io/serviceaccount from kube-api-access-485v9 (ro)
Containers:
  hermod-coordinator:
    Container ID:   containerd://878d93522f383b1f1e0484fc54b3ad4ecaf7ea423f285ef959829dd04589bce8
    Image:          hermod-coordinator:latest
    Image ID:       sha256:ca91ccdfcd269dd5e4e25d5ffe8d863ca5db57e5c4f62f08c8adf90d23c15eaf
    Port:           42069/TCP (http)
    Host Port:      0/TCP (http)
    State:          Running
      Started:      Mon, 27 Apr 2026 04:27:22 +0200
    Ready:          True
    Restart Count:  0
    Limits:
      cpu:     1500m
      memory:  1536Mi
    Requests:
      cpu:      200m
      memory:   256Mi
    Liveness:   http-get http://:42069/healthz delay=60s timeout=1s period=30s #success=1 #failure=3
    Readiness:  http-get http://:42069/healthz/ready delay=5s timeout=1s period=10s #success=1 #failure=3
    Startup:    http-get http://:42069/healthz delay=0s timeout=1s period=5s #success=1 #failure=30
    Environment:
      ASPNETCORE_ENVIRONMENT:               Production
      ASPNETCORE_URLS:                      http://+:42069
      DOTNET_USE_POLLING_FILE_WATCHER:      true
      Hermod__Security__AuthBypass:         true
      Hermod__Security__VaultRequireHttps:  false
      Hermod__Features__MetricsEndpoint:    true
      Hermod__Dev__Endpoints:               true
      Hermod__Mqtt__Host:                   nanomq
      Hermod__Mqtt__Port:                   1883
      Hermod__Mqtt__UseTls:                 false
      Hermod__Mqtt__Tls__UseTls:            false
      Hermod__Mqtt__Username:               <set to the key 'mqtt-username' in secret 'hermod-secrets'>  Optional: false
      Hermod__Mqtt__Password:               <set to the key 'mqtt-password' in secret 'hermod-secrets'>  Optional: false
      Hermod__Database__ConnectionString:   Host=postgres;Port=5432;Database=hermod;Username=hermod_app
      Hermod__Database__Password:           <set to the key 'hermod-db-password' in secret 'hermod-db-credentials'>  Optional: false
    Mounts:
      /var/run/secrets/kubernetes.io/serviceaccount from kube-api-access-485v9 (ro)
Conditions:
  Type                        Status
  PodReadyToStartContainers   True 
  Initialized                 True 
  Ready                       True 
  ContainersReady             True 
  PodScheduled                True 
Volumes:
  kube-api-access-485v9:
    Type:                    Projected (a volume that contains injected data from multiple sources)
    TokenExpirationSeconds:  3607
    ConfigMapName:           kube-root-ca.crt
    Optional:                false
    DownwardAPI:             true
QoS Class:                   Burstable
Node-Selectors:              <none>
Tolerations:                 node.kubernetes.io/not-ready:NoExecute op=Exists for 300s
                             node.kubernetes.io/unreachable:NoExecute op=Exists for 300s
Events:
  Type    Reason     Age   From               Message
  ----    ------     ----  ----               -------
  Normal  Scheduled  23s   default-scheduler  Successfully assigned coord-only/hermod-coordinator-788cdc665d-msp2c to <pi-host>
  Normal  Pulled     23s   kubelet            spec.initContainers{wait-for-postgres}: Container image "busybox:1.36" already present on machine
  Normal  Created    23s   kubelet            spec.initContainers{wait-for-postgres}: Created container: wait-for-postgres
  Normal  Started    23s   kubelet            spec.initContainers{wait-for-postgres}: Started container wait-for-postgres
  Normal  Pulled     22s   kubelet            spec.initContainers{wait-for-nanomq}: Container image "busybox:1.36" already present on machine
  Normal  Created    22s   kubelet            spec.initContainers{wait-for-nanomq}: Created container: wait-for-nanomq
  Normal  Started    22s   kubelet            spec.initContainers{wait-for-nanomq}: Started container wait-for-nanomq
  Normal  Pulled     15s   kubelet            spec.containers{hermod-coordinator}: Container image "hermod-coordinator:latest" already present on machine
  Normal  Created    15s   kubelet            spec.containers{hermod-coordinator}: Created container: hermod-coordinator
  Normal  Started    15s   kubelet            spec.containers{hermod-coordinator}: Started container hermod-coordinator


Name:             nanomq-b48cc5758-6fhlf
Namespace:        coord-only
Priority:         0
Service Account:  default
Node:             <pi-host>/<pi-ip>
Start Time:       Mon, 27 Apr 2026 04:27:14 +0200
Labels:           app=nanomq
                  pod-template-hash=b48cc5758
Annotations:      cni.projectcalico.org/containerID: da35e0ed99fe5e9c323e236aa9d0c074c7517cdba84fbd8a11f3afcd03a83917
                  cni.projectcalico.org/podIP: <pod-ip>/32
                  cni.projectcalico.org/podIPs: <pod-ip>/32
                  kubectl.kubernetes.io/restartedAt: 2026-04-27T04:27:12+02:00
Status:           Running
IP:               <pod-ip>
IPs:
  IP:           <pod-ip>
Controlled By:  ReplicaSet/nanomq-b48cc5758
Containers:
  nanomq:
    Container ID:   containerd://1c4f43c5612b6f9420a2a8ade580f5cf01e6ff9546cfa13acbf9169e5a74f0fb
    Image:          emqx/nanomq:0.21-slim
    Image ID:       docker.io/emqx/nanomq@sha256:53bea7acb547aced1cc45e08c514628f1e41c4da9ad544fd8c5fa96d3e9eb41b
    Ports:          1883/TCP (mqtt), 8081/TCP (http)
    Host Ports:     0/TCP (mqtt), 0/TCP (http)
    State:          Running
      Started:      Mon, 27 Apr 2026 04:27:15 +0200
    Ready:          True
    Restart Count:  0
    Limits:
      cpu:     1
      memory:  512Mi
    Requests:
      cpu:        50m
      memory:     64Mi
    Liveness:     tcp-socket :1883 delay=10s timeout=1s period=10s #success=1 #failure=3
    Readiness:    tcp-socket :1883 delay=3s timeout=1s period=5s #success=1 #failure=3
    Environment:  <none>
    Mounts:
      /etc/nanomq.conf from config (rw,path="nanomq.conf")
      /var/run/secrets/kubernetes.io/serviceaccount from kube-api-access-w4w6z (ro)
Conditions:
  Type                        Status
  PodReadyToStartContainers   True 
  Initialized                 True 
  Ready                       True 
  ContainersReady             True 
  PodScheduled                True 
Volumes:
  config:
    Type:      ConfigMap (a volume populated by a ConfigMap)
    Name:      nanomq-config
    Optional:  false
  kube-api-access-w4w6z:
    Type:                    Projected (a volume that contains injected data from multiple sources)
    TokenExpirationSeconds:  3607
    ConfigMapName:           kube-root-ca.crt
    Optional:                false
    DownwardAPI:             true
QoS Class:                   Burstable
Node-Selectors:              <none>
Tolerations:                 node.kubernetes.io/not-ready:NoExecute op=Exists for 300s
                             node.kubernetes.io/unreachable:NoExecute op=Exists for 300s
Events:
  Type    Reason     Age   From               Message
  ----    ------     ----  ----               -------
  Normal  Scheduled  23s   default-scheduler  Successfully assigned coord-only/nanomq-b48cc5758-6fhlf to <pi-host>
  Normal  Pulled     23s   kubelet            spec.containers{nanomq}: Container image "emqx/nanomq:0.21-slim" already present on machine
  Normal  Created    22s   kubelet            spec.containers{nanomq}: Created container: nanomq
  Normal  Started    22s   kubelet            spec.containers{nanomq}: Started container nanomq


Name:             postgres-0
Namespace:        coord-only
Priority:         0
Service Account:  default
Node:             <pi-host>/<pi-ip>
Start Time:       Mon, 27 Apr 2026 04:16:57 +0200
Labels:           app=postgres
                  apps.kubernetes.io/pod-index=0
                  controller-revision-hash=postgres-6497897965
                  statefulset.kubernetes.io/pod-name=postgres-0
Annotations:      cni.projectcalico.org/containerID: 69fb4823b666d3d2a1395c00ab9b26a33337431372918fb41d9f85f42d91a056
                  cni.projectcalico.org/podIP: <pod-ip>/32
                  cni.projectcalico.org/podIPs: <pod-ip>/32
Status:           Running
IP:               <pod-ip>
IPs:
  IP:           <pod-ip>
Controlled By:  StatefulSet/postgres
Containers:
  postgres:
    Container ID:  containerd://adf8585ccc9b705cf0261f22f8e1c254a24670c72b998bb7a052f31e3a5ae5be
    Image:         postgres:17-alpine
    Image ID:      docker.io/library/postgres@sha256:778d0b486d6daa02b77434d0358ec57a1b21fd8b6d22ac2eef56a33e816928f6
    Port:          5432/TCP
    Host Port:     0/TCP
    Args:
      -c
      shared_buffers=256MB
      -c
      max_connections=200
      -c
      work_mem=16MB
    State:          Running
      Started:      Mon, 27 Apr 2026 04:16:58 +0200
    Ready:          True
    Restart Count:  0
    Limits:
      cpu:     1500m
      memory:  1536Mi
    Requests:
      cpu:      100m
      memory:   256Mi
    Liveness:   exec [pg_isready -U postgres] delay=30s timeout=1s period=10s #success=1 #failure=3
    Readiness:  exec [pg_isready -U postgres] delay=5s timeout=1s period=5s #success=1 #failure=3
    Environment:
      POSTGRES_DB:        postgres
      POSTGRES_USER:      postgres
      POSTGRES_PASSWORD:  <set to the key 'postgres-superuser-password' in secret 'hermod-secrets'>  Optional: false
    Mounts:
      /docker-entrypoint-initdb.d from init (rw)
      /var/lib/postgresql/data from data (rw)
      /var/run/secrets/kubernetes.io/serviceaccount from kube-api-access-79j56 (ro)
Conditions:
  Type                        Status
  PodReadyToStartContainers   True 
  Initialized                 True 
  Ready                       True 
  ContainersReady             True 
  PodScheduled                True 
Volumes:
  data:
    Type:       PersistentVolumeClaim (a reference to a PersistentVolumeClaim in the same namespace)
    ClaimName:  data-postgres-0
    ReadOnly:   false
  init:
    Type:      ConfigMap (a volume populated by a ConfigMap)
    Name:      postgres-init
    Optional:  false
  kube-api-access-79j56:
    Type:                    Projected (a volume that contains injected data from multiple sources)
    TokenExpirationSeconds:  3607
    ConfigMapName:           kube-root-ca.crt
    Optional:                false
    DownwardAPI:             true
QoS Class:                   Burstable
Node-Selectors:              <none>
Tolerations:                 node.kubernetes.io/not-ready:NoExecute op=Exists for 300s
                             node.kubernetes.io/unreachable:NoExecute op=Exists for 300s
Events:                      <none>

=== ts=1777256868 ===
Name:             hermod-coordinator-788cdc665d-msp2c
Namespace:        coord-only
Priority:         0
Service Account:  default
Node:             <pi-host>/<pi-ip>
Start Time:       Mon, 27 Apr 2026 04:27:13 +0200
Labels:           app=hermod-coordinator
                  pod-template-hash=788cdc665d
Annotations:      cni.projectcalico.org/containerID: 26bec51daf3f0c19fec24d81cda04fedf5d4df91d04fbbf2f5f4115ab5db7c6d
                  cni.projectcalico.org/podIP: <pod-ip>/32
                  cni.projectcalico.org/podIPs: <pod-ip>/32
                  kubectl.kubernetes.io/restartedAt: 2026-04-27T04:27:12+02:00
Status:           Running
IP:               <pod-ip>
IPs:
  IP:           <pod-ip>
Controlled By:  ReplicaSet/hermod-coordinator-788cdc665d
Init Containers:
  wait-for-postgres:
    Container ID:  containerd://961e284569a2cebb1fd0abb9b2691f8fd70bc4414dc355066e815c766b0014ca
    Image:         busybox:1.36
    Image ID:      docker.io/library/busybox@sha256:73aaf090f3d85aa34ee199857f03fa3a95c8ede2ffd4cc2cdb5b94e566b11662
    Port:          <none>
    Host Port:     <none>
    Command:
      sh
      -c
      until nc -z postgres 5432; do sleep 2; done
    State:          Terminated
      Reason:       Completed
      Exit Code:    0
      Started:      Mon, 27 Apr 2026 04:27:14 +0200
      Finished:     Mon, 27 Apr 2026 04:27:14 +0200
    Ready:          True
    Restart Count:  0
    Environment:    <none>
    Mounts:
      /var/run/secrets/kubernetes.io/serviceaccount from kube-api-access-485v9 (ro)
  wait-for-nanomq:
    Container ID:  containerd://f5c0d912e9f8ec0d08a5b07b5a89bb89936b90cef34e5b259bfef65a888512b1
    Image:         busybox:1.36
    Image ID:      docker.io/library/busybox@sha256:73aaf090f3d85aa34ee199857f03fa3a95c8ede2ffd4cc2cdb5b94e566b11662
    Port:          <none>
    Host Port:     <none>
    Command:
      sh
      -c
      until nc -z nanomq 1883; do sleep 2; done
    State:          Terminated
      Reason:       Completed
      Exit Code:    0
      Started:      Mon, 27 Apr 2026 04:27:15 +0200
      Finished:     Mon, 27 Apr 2026 04:27:21 +0200
    Ready:          True
    Restart Count:  0
    Environment:    <none>
    Mounts:
      /var/run/secrets/kubernetes.io/serviceaccount from kube-api-access-485v9 (ro)
Containers:
  hermod-coordinator:
    Container ID:   containerd://878d93522f383b1f1e0484fc54b3ad4ecaf7ea423f285ef959829dd04589bce8
    Image:          hermod-coordinator:latest
    Image ID:       sha256:ca91ccdfcd269dd5e4e25d5ffe8d863ca5db57e5c4f62f08c8adf90d23c15eaf
    Port:           42069/TCP (http)
    Host Port:      0/TCP (http)
    State:          Running
      Started:      Mon, 27 Apr 2026 04:27:22 +0200
    Ready:          True
    Restart Count:  0
    Limits:
      cpu:     1500m
      memory:  1536Mi
    Requests:
      cpu:      200m
      memory:   256Mi
    Liveness:   http-get http://:42069/healthz delay=60s timeout=1s period=30s #success=1 #failure=3
    Readiness:  http-get http://:42069/healthz/ready delay=5s timeout=1s period=10s #success=1 #failure=3
    Startup:    http-get http://:42069/healthz delay=0s timeout=1s period=5s #success=1 #failure=30
    Environment:
      ASPNETCORE_ENVIRONMENT:               Production
      ASPNETCORE_URLS:                      http://+:42069
      DOTNET_USE_POLLING_FILE_WATCHER:      true
      Hermod__Security__AuthBypass:         true
      Hermod__Security__VaultRequireHttps:  false
      Hermod__Features__MetricsEndpoint:    true
      Hermod__Dev__Endpoints:               true
      Hermod__Mqtt__Host:                   nanomq
      Hermod__Mqtt__Port:                   1883
      Hermod__Mqtt__UseTls:                 false
      Hermod__Mqtt__Tls__UseTls:            false
      Hermod__Mqtt__Username:               <set to the key 'mqtt-username' in secret 'hermod-secrets'>  Optional: false
      Hermod__Mqtt__Password:               <set to the key 'mqtt-password' in secret 'hermod-secrets'>  Optional: false
      Hermod__Database__ConnectionString:   Host=postgres;Port=5432;Database=hermod;Username=hermod_app
      Hermod__Database__Password:           <set to the key 'hermod-db-password' in secret 'hermod-db-credentials'>  Optional: false
    Mounts:
      /var/run/secrets/kubernetes.io/serviceaccount from kube-api-access-485v9 (ro)
Conditions:
  Type                        Status
  PodReadyToStartContainers   True 
  Initialized                 True 
  Ready                       True 
  ContainersReady             True 
  PodScheduled                True 
Volumes:
  kube-api-access-485v9:
    Type:                    Projected (a volume that contains injected data from multiple sources)
    TokenExpirationSeconds:  3607
    ConfigMapName:           kube-root-ca.crt
    Optional:                false
    DownwardAPI:             true
QoS Class:                   Burstable
Node-Selectors:              <none>
Tolerations:                 node.kubernetes.io/not-ready:NoExecute op=Exists for 300s
                             node.kubernetes.io/unreachable:NoExecute op=Exists for 300s
Events:
  Type    Reason     Age   From               Message
  ----    ------     ----  ----               -------
  Normal  Scheduled  34s   default-scheduler  Successfully assigned coord-only/hermod-coordinator-788cdc665d-msp2c to <pi-host>
  Normal  Pulled     34s   kubelet            spec.initContainers{wait-for-postgres}: Container image "busybox:1.36" already present on machine
  Normal  Created    34s   kubelet            spec.initContainers{wait-for-postgres}: Created container: wait-for-postgres
  Normal  Started    34s   kubelet            spec.initContainers{wait-for-postgres}: Started container wait-for-postgres
  Normal  Pulled     33s   kubelet            spec.initContainers{wait-for-nanomq}: Container image "busybox:1.36" already present on machine
  Normal  Created    33s   kubelet            spec.initContainers{wait-for-nanomq}: Created container: wait-for-nanomq
  Normal  Started    33s   kubelet            spec.initContainers{wait-for-nanomq}: Started container wait-for-nanomq
  Normal  Pulled     26s   kubelet            spec.containers{hermod-coordinator}: Container image "hermod-coordinator:latest" already present on machine
  Normal  Created    26s   kubelet            spec.containers{hermod-coordinator}: Created container: hermod-coordinator
  Normal  Started    26s   kubelet            spec.containers{hermod-coordinator}: Started container hermod-coordinator


Name:             nanomq-b48cc5758-6fhlf
Namespace:        coord-only
Priority:         0
Service Account:  default
Node:             <pi-host>/<pi-ip>
Start Time:       Mon, 27 Apr 2026 04:27:14 +0200
Labels:           app=nanomq
                  pod-template-hash=b48cc5758
Annotations:      cni.projectcalico.org/containerID: da35e0ed99fe5e9c323e236aa9d0c074c7517cdba84fbd8a11f3afcd03a83917
                  cni.projectcalico.org/podIP: <pod-ip>/32
                  cni.projectcalico.org/podIPs: <pod-ip>/32
                  kubectl.kubernetes.io/restartedAt: 2026-04-27T04:27:12+02:00
Status:           Running
IP:               <pod-ip>
IPs:
  IP:           <pod-ip>
Controlled By:  ReplicaSet/nanomq-b48cc5758
Containers:
  nanomq:
    Container ID:   containerd://1c4f43c5612b6f9420a2a8ade580f5cf01e6ff9546cfa13acbf9169e5a74f0fb
    Image:          emqx/nanomq:0.21-slim
    Image ID:       docker.io/emqx/nanomq@sha256:53bea7acb547aced1cc45e08c514628f1e41c4da9ad544fd8c5fa96d3e9eb41b
    Ports:          1883/TCP (mqtt), 8081/TCP (http)
    Host Ports:     0/TCP (mqtt), 0/TCP (http)
    State:          Running
      Started:      Mon, 27 Apr 2026 04:27:15 +0200
    Ready:          True
    Restart Count:  0
    Limits:
      cpu:     1
      memory:  512Mi
    Requests:
      cpu:        50m
      memory:     64Mi
    Liveness:     tcp-socket :1883 delay=10s timeout=1s period=10s #success=1 #failure=3
    Readiness:    tcp-socket :1883 delay=3s timeout=1s period=5s #success=1 #failure=3
    Environment:  <none>
    Mounts:
      /etc/nanomq.conf from config (rw,path="nanomq.conf")
      /var/run/secrets/kubernetes.io/serviceaccount from kube-api-access-w4w6z (ro)
Conditions:
  Type                        Status
  PodReadyToStartContainers   True 
  Initialized                 True 
  Ready                       True 
  ContainersReady             True 
  PodScheduled                True 
Volumes:
  config:
    Type:      ConfigMap (a volume populated by a ConfigMap)
    Name:      nanomq-config
    Optional:  false
  kube-api-access-w4w6z:
    Type:                    Projected (a volume that contains injected data from multiple sources)
    TokenExpirationSeconds:  3607
    ConfigMapName:           kube-root-ca.crt
    Optional:                false
    DownwardAPI:             true
QoS Class:                   Burstable
Node-Selectors:              <none>
Tolerations:                 node.kubernetes.io/not-ready:NoExecute op=Exists for 300s
                             node.kubernetes.io/unreachable:NoExecute op=Exists for 300s
Events:
  Type    Reason     Age   From               Message
  ----    ------     ----  ----               -------
  Normal  Scheduled  34s   default-scheduler  Successfully assigned coord-only/nanomq-b48cc5758-6fhlf to <pi-host>
  Normal  Pulled     34s   kubelet            spec.containers{nanomq}: Container image "emqx/nanomq:0.21-slim" already present on machine
  Normal  Created    33s   kubelet            spec.containers{nanomq}: Created container: nanomq
  Normal  Started    33s   kubelet            spec.containers{nanomq}: Started container nanomq


Name:             postgres-0
Namespace:        coord-only
Priority:         0
Service Account:  default
Node:             <pi-host>/<pi-ip>
Start Time:       Mon, 27 Apr 2026 04:16:57 +0200
Labels:           app=postgres
                  apps.kubernetes.io/pod-index=0
                  controller-revision-hash=postgres-6497897965
                  statefulset.kubernetes.io/pod-name=postgres-0
Annotations:      cni.projectcalico.org/containerID: 69fb4823b666d3d2a1395c00ab9b26a33337431372918fb41d9f85f42d91a056
                  cni.projectcalico.org/podIP: <pod-ip>/32
                  cni.projectcalico.org/podIPs: <pod-ip>/32
Status:           Running
IP:               <pod-ip>
IPs:
  IP:           <pod-ip>
Controlled By:  StatefulSet/postgres
Containers:
  postgres:
    Container ID:  containerd://adf8585ccc9b705cf0261f22f8e1c254a24670c72b998bb7a052f31e3a5ae5be
    Image:         postgres:17-alpine
    Image ID:      docker.io/library/postgres@sha256:778d0b486d6daa02b77434d0358ec57a1b21fd8b6d22ac2eef56a33e816928f6
    Port:          5432/TCP
    Host Port:     0/TCP
    Args:
      -c
      shared_buffers=256MB
      -c
      max_connections=200
      -c
      work_mem=16MB
    State:          Running
      Started:      Mon, 27 Apr 2026 04:16:58 +0200
    Ready:          True
    Restart Count:  0
    Limits:
      cpu:     1500m
      memory:  1536Mi
    Requests:
      cpu:      100m
      memory:   256Mi
    Liveness:   exec [pg_isready -U postgres] delay=30s timeout=1s period=10s #success=1 #failure=3
    Readiness:  exec [pg_isready -U postgres] delay=5s timeout=1s period=5s #success=1 #failure=3
    Environment:
      POSTGRES_DB:        postgres
      POSTGRES_USER:      postgres
      POSTGRES_PASSWORD:  <set to the key 'postgres-superuser-password' in secret 'hermod-secrets'>  Optional: false
    Mounts:
      /docker-entrypoint-initdb.d from init (rw)
      /var/lib/postgresql/data from data (rw)
      /var/run/secrets/kubernetes.io/serviceaccount from kube-api-access-79j56 (ro)
Conditions:
  Type                        Status
  PodReadyToStartContainers   True 
  Initialized                 True 
  Ready                       True 
  ContainersReady             True 
  PodScheduled                True 
Volumes:
  data:
    Type:       PersistentVolumeClaim (a reference to a PersistentVolumeClaim in the same namespace)
    ClaimName:  data-postgres-0
    ReadOnly:   false
  init:
    Type:      ConfigMap (a volume populated by a ConfigMap)
    Name:      postgres-init
    Optional:  false
  kube-api-access-79j56:
    Type:                    Projected (a volume that contains injected data from multiple sources)
    TokenExpirationSeconds:  3607
    ConfigMapName:           kube-root-ca.crt
    Optional:                false
    DownwardAPI:             true
QoS Class:                   Burstable
Node-Selectors:              <none>
Tolerations:                 node.kubernetes.io/not-ready:NoExecute op=Exists for 300s
                             node.kubernetes.io/unreachable:NoExecute op=Exists for 300s
Events:                      <none>

=== ts=1777256879 ===
Name:             hermod-coordinator-788cdc665d-msp2c
Namespace:        coord-only
Priority:         0
Service Account:  default
Node:             <pi-host>/<pi-ip>
Start Time:       Mon, 27 Apr 2026 04:27:13 +0200
Labels:           app=hermod-coordinator
                  pod-template-hash=788cdc665d
Annotations:      cni.projectcalico.org/containerID: 26bec51daf3f0c19fec24d81cda04fedf5d4df91d04fbbf2f5f4115ab5db7c6d
                  cni.projectcalico.org/podIP: <pod-ip>/32
                  cni.projectcalico.org/podIPs: <pod-ip>/32
                  kubectl.kubernetes.io/restartedAt: 2026-04-27T04:27:12+02:00
Status:           Running
IP:               <pod-ip>
IPs:
  IP:           <pod-ip>
Controlled By:  ReplicaSet/hermod-coordinator-788cdc665d
Init Containers:
  wait-for-postgres:
    Container ID:  containerd://961e284569a2cebb1fd0abb9b2691f8fd70bc4414dc355066e815c766b0014ca
    Image:         busybox:1.36
    Image ID:      docker.io/library/busybox@sha256:73aaf090f3d85aa34ee199857f03fa3a95c8ede2ffd4cc2cdb5b94e566b11662
    Port:          <none>
    Host Port:     <none>
    Command:
      sh
      -c
      until nc -z postgres 5432; do sleep 2; done
    State:          Terminated
      Reason:       Completed
      Exit Code:    0
      Started:      Mon, 27 Apr 2026 04:27:14 +0200
      Finished:     Mon, 27 Apr 2026 04:27:14 +0200
    Ready:          True
    Restart Count:  0
    Environment:    <none>
    Mounts:
      /var/run/secrets/kubernetes.io/serviceaccount from kube-api-access-485v9 (ro)
  wait-for-nanomq:
    Container ID:  containerd://f5c0d912e9f8ec0d08a5b07b5a89bb89936b90cef34e5b259bfef65a888512b1
    Image:         busybox:1.36
    Image ID:      docker.io/library/busybox@sha256:73aaf090f3d85aa34ee199857f03fa3a95c8ede2ffd4cc2cdb5b94e566b11662
    Port:          <none>
    Host Port:     <none>
    Command:
      sh
      -c
      until nc -z nanomq 1883; do sleep 2; done
    State:          Terminated
      Reason:       Completed
      Exit Code:    0
      Started:      Mon, 27 Apr 2026 04:27:15 +0200
      Finished:     Mon, 27 Apr 2026 04:27:21 +0200
    Ready:          True
    Restart Count:  0
    Environment:    <none>
    Mounts:
      /var/run/secrets/kubernetes.io/serviceaccount from kube-api-access-485v9 (ro)
Containers:
  hermod-coordinator:
    Container ID:   containerd://878d93522f383b1f1e0484fc54b3ad4ecaf7ea423f285ef959829dd04589bce8
    Image:          hermod-coordinator:latest
    Image ID:       sha256:ca91ccdfcd269dd5e4e25d5ffe8d863ca5db57e5c4f62f08c8adf90d23c15eaf
    Port:           42069/TCP (http)
    Host Port:      0/TCP (http)
    State:          Running
      Started:      Mon, 27 Apr 2026 04:27:22 +0200
    Ready:          True
    Restart Count:  0
    Limits:
      cpu:     1500m
      memory:  1536Mi
    Requests:
      cpu:      200m
      memory:   256Mi
    Liveness:   http-get http://:42069/healthz delay=60s timeout=1s period=30s #success=1 #failure=3
    Readiness:  http-get http://:42069/healthz/ready delay=5s timeout=1s period=10s #success=1 #failure=3
    Startup:    http-get http://:42069/healthz delay=0s timeout=1s period=5s #success=1 #failure=30
    Environment:
      ASPNETCORE_ENVIRONMENT:               Production
      ASPNETCORE_URLS:                      http://+:42069
      DOTNET_USE_POLLING_FILE_WATCHER:      true
      Hermod__Security__AuthBypass:         true
      Hermod__Security__VaultRequireHttps:  false
      Hermod__Features__MetricsEndpoint:    true
      Hermod__Dev__Endpoints:               true
      Hermod__Mqtt__Host:                   nanomq
      Hermod__Mqtt__Port:                   1883
      Hermod__Mqtt__UseTls:                 false
      Hermod__Mqtt__Tls__UseTls:            false
      Hermod__Mqtt__Username:               <set to the key 'mqtt-username' in secret 'hermod-secrets'>  Optional: false
      Hermod__Mqtt__Password:               <set to the key 'mqtt-password' in secret 'hermod-secrets'>  Optional: false
      Hermod__Database__ConnectionString:   Host=postgres;Port=5432;Database=hermod;Username=hermod_app
      Hermod__Database__Password:           <set to the key 'hermod-db-password' in secret 'hermod-db-credentials'>  Optional: false
    Mounts:
      /var/run/secrets/kubernetes.io/serviceaccount from kube-api-access-485v9 (ro)
Conditions:
  Type                        Status
  PodReadyToStartContainers   True 
  Initialized                 True 
  Ready                       True 
  ContainersReady             True 
  PodScheduled                True 
Volumes:
  kube-api-access-485v9:
    Type:                    Projected (a volume that contains injected data from multiple sources)
    TokenExpirationSeconds:  3607
    ConfigMapName:           kube-root-ca.crt
    Optional:                false
    DownwardAPI:             true
QoS Class:                   Burstable
Node-Selectors:              <none>
Tolerations:                 node.kubernetes.io/not-ready:NoExecute op=Exists for 300s
                             node.kubernetes.io/unreachable:NoExecute op=Exists for 300s
Events:
  Type    Reason     Age   From               Message
  ----    ------     ----  ----               -------
  Normal  Scheduled  45s   default-scheduler  Successfully assigned coord-only/hermod-coordinator-788cdc665d-msp2c to <pi-host>
  Normal  Pulled     45s   kubelet            spec.initContainers{wait-for-postgres}: Container image "busybox:1.36" already present on machine
  Normal  Created    45s   kubelet            spec.initContainers{wait-for-postgres}: Created container: wait-for-postgres
  Normal  Started    45s   kubelet            spec.initContainers{wait-for-postgres}: Started container wait-for-postgres
  Normal  Pulled     44s   kubelet            spec.initContainers{wait-for-nanomq}: Container image "busybox:1.36" already present on machine
  Normal  Created    44s   kubelet            spec.initContainers{wait-for-nanomq}: Created container: wait-for-nanomq
  Normal  Started    44s   kubelet            spec.initContainers{wait-for-nanomq}: Started container wait-for-nanomq
  Normal  Pulled     37s   kubelet            spec.containers{hermod-coordinator}: Container image "hermod-coordinator:latest" already present on machine
  Normal  Created    37s   kubelet            spec.containers{hermod-coordinator}: Created container: hermod-coordinator
  Normal  Started    37s   kubelet            spec.containers{hermod-coordinator}: Started container hermod-coordinator


Name:             nanomq-b48cc5758-6fhlf
Namespace:        coord-only
Priority:         0
Service Account:  default
Node:             <pi-host>/<pi-ip>
Start Time:       Mon, 27 Apr 2026 04:27:14 +0200
Labels:           app=nanomq
                  pod-template-hash=b48cc5758
Annotations:      cni.projectcalico.org/containerID: da35e0ed99fe5e9c323e236aa9d0c074c7517cdba84fbd8a11f3afcd03a83917
                  cni.projectcalico.org/podIP: <pod-ip>/32
                  cni.projectcalico.org/podIPs: <pod-ip>/32
                  kubectl.kubernetes.io/restartedAt: 2026-04-27T04:27:12+02:00
Status:           Running
IP:               <pod-ip>
IPs:
  IP:           <pod-ip>
Controlled By:  ReplicaSet/nanomq-b48cc5758
Containers:
  nanomq:
    Container ID:   containerd://1c4f43c5612b6f9420a2a8ade580f5cf01e6ff9546cfa13acbf9169e5a74f0fb
    Image:          emqx/nanomq:0.21-slim
    Image ID:       docker.io/emqx/nanomq@sha256:53bea7acb547aced1cc45e08c514628f1e41c4da9ad544fd8c5fa96d3e9eb41b
    Ports:          1883/TCP (mqtt), 8081/TCP (http)
    Host Ports:     0/TCP (mqtt), 0/TCP (http)
    State:          Running
      Started:      Mon, 27 Apr 2026 04:27:15 +0200
    Ready:          True
    Restart Count:  0
    Limits:
      cpu:     1
      memory:  512Mi
    Requests:
      cpu:        50m
      memory:     64Mi
    Liveness:     tcp-socket :1883 delay=10s timeout=1s period=10s #success=1 #failure=3
    Readiness:    tcp-socket :1883 delay=3s timeout=1s period=5s #success=1 #failure=3
    Environment:  <none>
    Mounts:
      /etc/nanomq.conf from config (rw,path="nanomq.conf")
      /var/run/secrets/kubernetes.io/serviceaccount from kube-api-access-w4w6z (ro)
Conditions:
  Type                        Status
  PodReadyToStartContainers   True 
  Initialized                 True 
  Ready                       True 
  ContainersReady             True 
  PodScheduled                True 
Volumes:
  config:
    Type:      ConfigMap (a volume populated by a ConfigMap)
    Name:      nanomq-config
    Optional:  false
  kube-api-access-w4w6z:
    Type:                    Projected (a volume that contains injected data from multiple sources)
    TokenExpirationSeconds:  3607
    ConfigMapName:           kube-root-ca.crt
    Optional:                false
    DownwardAPI:             true
QoS Class:                   Burstable
Node-Selectors:              <none>
Tolerations:                 node.kubernetes.io/not-ready:NoExecute op=Exists for 300s
                             node.kubernetes.io/unreachable:NoExecute op=Exists for 300s
Events:
  Type    Reason     Age   From               Message
  ----    ------     ----  ----               -------
  Normal  Scheduled  45s   default-scheduler  Successfully assigned coord-only/nanomq-b48cc5758-6fhlf to <pi-host>
  Normal  Pulled     45s   kubelet            spec.containers{nanomq}: Container image "emqx/nanomq:0.21-slim" already present on machine
  Normal  Created    44s   kubelet            spec.containers{nanomq}: Created container: nanomq
  Normal  Started    44s   kubelet            spec.containers{nanomq}: Started container nanomq


Name:             postgres-0
Namespace:        coord-only
Priority:         0
Service Account:  default
Node:             <pi-host>/<pi-ip>
Start Time:       Mon, 27 Apr 2026 04:16:57 +0200
Labels:           app=postgres
                  apps.kubernetes.io/pod-index=0
                  controller-revision-hash=postgres-6497897965
                  statefulset.kubernetes.io/pod-name=postgres-0
Annotations:      cni.projectcalico.org/containerID: 69fb4823b666d3d2a1395c00ab9b26a33337431372918fb41d9f85f42d91a056
                  cni.projectcalico.org/podIP: <pod-ip>/32
                  cni.projectcalico.org/podIPs: <pod-ip>/32
Status:           Running
IP:               <pod-ip>
IPs:
  IP:           <pod-ip>
Controlled By:  StatefulSet/postgres
Containers:
  postgres:
    Container ID:  containerd://adf8585ccc9b705cf0261f22f8e1c254a24670c72b998bb7a052f31e3a5ae5be
    Image:         postgres:17-alpine
    Image ID:      docker.io/library/postgres@sha256:778d0b486d6daa02b77434d0358ec57a1b21fd8b6d22ac2eef56a33e816928f6
    Port:          5432/TCP
    Host Port:     0/TCP
    Args:
      -c
      shared_buffers=256MB
      -c
      max_connections=200
      -c
      work_mem=16MB
    State:          Running
      Started:      Mon, 27 Apr 2026 04:16:58 +0200
    Ready:          True
    Restart Count:  0
    Limits:
      cpu:     1500m
      memory:  1536Mi
    Requests:
      cpu:      100m
      memory:   256Mi
    Liveness:   exec [pg_isready -U postgres] delay=30s timeout=1s period=10s #success=1 #failure=3
    Readiness:  exec [pg_isready -U postgres] delay=5s timeout=1s period=5s #success=1 #failure=3
    Environment:
      POSTGRES_DB:        postgres
      POSTGRES_USER:      postgres
      POSTGRES_PASSWORD:  <set to the key 'postgres-superuser-password' in secret 'hermod-secrets'>  Optional: false
    Mounts:
      /docker-entrypoint-initdb.d from init (rw)
      /var/lib/postgresql/data from data (rw)
      /var/run/secrets/kubernetes.io/serviceaccount from kube-api-access-79j56 (ro)
Conditions:
  Type                        Status
  PodReadyToStartContainers   True 
  Initialized                 True 
  Ready                       True 
  ContainersReady             True 
  PodScheduled                True 
Volumes:
  data:
    Type:       PersistentVolumeClaim (a reference to a PersistentVolumeClaim in the same namespace)
    ClaimName:  data-postgres-0
    ReadOnly:   false
  init:
    Type:      ConfigMap (a volume populated by a ConfigMap)
    Name:      postgres-init
    Optional:  false
  kube-api-access-79j56:
    Type:                    Projected (a volume that contains injected data from multiple sources)
    TokenExpirationSeconds:  3607
    ConfigMapName:           kube-root-ca.crt
    Optional:                false
    DownwardAPI:             true
QoS Class:                   Burstable
Node-Selectors:              <none>
Tolerations:                 node.kubernetes.io/not-ready:NoExecute op=Exists for 300s
                             node.kubernetes.io/unreachable:NoExecute op=Exists for 300s
Events:                      <none>

=== ts=1777256890 ===
Name:             hermod-coordinator-788cdc665d-msp2c
Namespace:        coord-only
Priority:         0
Service Account:  default
Node:             <pi-host>/<pi-ip>
Start Time:       Mon, 27 Apr 2026 04:27:13 +0200
Labels:           app=hermod-coordinator
                  pod-template-hash=788cdc665d
Annotations:      cni.projectcalico.org/containerID: 26bec51daf3f0c19fec24d81cda04fedf5d4df91d04fbbf2f5f4115ab5db7c6d
                  cni.projectcalico.org/podIP: <pod-ip>/32
                  cni.projectcalico.org/podIPs: <pod-ip>/32
                  kubectl.kubernetes.io/restartedAt: 2026-04-27T04:27:12+02:00
Status:           Running
IP:               <pod-ip>
IPs:
  IP:           <pod-ip>
Controlled By:  ReplicaSet/hermod-coordinator-788cdc665d
Init Containers:
  wait-for-postgres:
    Container ID:  containerd://961e284569a2cebb1fd0abb9b2691f8fd70bc4414dc355066e815c766b0014ca
    Image:         busybox:1.36
    Image ID:      docker.io/library/busybox@sha256:73aaf090f3d85aa34ee199857f03fa3a95c8ede2ffd4cc2cdb5b94e566b11662
    Port:          <none>
    Host Port:     <none>
    Command:
      sh
      -c
      until nc -z postgres 5432; do sleep 2; done
    State:          Terminated
      Reason:       Completed
      Exit Code:    0
      Started:      Mon, 27 Apr 2026 04:27:14 +0200
      Finished:     Mon, 27 Apr 2026 04:27:14 +0200
    Ready:          True
    Restart Count:  0
    Environment:    <none>
    Mounts:
      /var/run/secrets/kubernetes.io/serviceaccount from kube-api-access-485v9 (ro)
  wait-for-nanomq:
    Container ID:  containerd://f5c0d912e9f8ec0d08a5b07b5a89bb89936b90cef34e5b259bfef65a888512b1
    Image:         busybox:1.36
    Image ID:      docker.io/library/busybox@sha256:73aaf090f3d85aa34ee199857f03fa3a95c8ede2ffd4cc2cdb5b94e566b11662
    Port:          <none>
    Host Port:     <none>
    Command:
      sh
      -c
      until nc -z nanomq 1883; do sleep 2; done
    State:          Terminated
      Reason:       Completed
      Exit Code:    0
      Started:      Mon, 27 Apr 2026 04:27:15 +0200
      Finished:     Mon, 27 Apr 2026 04:27:21 +0200
    Ready:          True
    Restart Count:  0
    Environment:    <none>
    Mounts:
      /var/run/secrets/kubernetes.io/serviceaccount from kube-api-access-485v9 (ro)
Containers:
  hermod-coordinator:
    Container ID:   containerd://878d93522f383b1f1e0484fc54b3ad4ecaf7ea423f285ef959829dd04589bce8
    Image:          hermod-coordinator:latest
    Image ID:       sha256:ca91ccdfcd269dd5e4e25d5ffe8d863ca5db57e5c4f62f08c8adf90d23c15eaf
    Port:           42069/TCP (http)
    Host Port:      0/TCP (http)
    State:          Running
      Started:      Mon, 27 Apr 2026 04:27:22 +0200
    Ready:          True
    Restart Count:  0
    Limits:
      cpu:     1500m
      memory:  1536Mi
    Requests:
      cpu:      200m
      memory:   256Mi
    Liveness:   http-get http://:42069/healthz delay=60s timeout=1s period=30s #success=1 #failure=3
    Readiness:  http-get http://:42069/healthz/ready delay=5s timeout=1s period=10s #success=1 #failure=3
    Startup:    http-get http://:42069/healthz delay=0s timeout=1s period=5s #success=1 #failure=30
    Environment:
      ASPNETCORE_ENVIRONMENT:               Production
      ASPNETCORE_URLS:                      http://+:42069
      DOTNET_USE_POLLING_FILE_WATCHER:      true
      Hermod__Security__AuthBypass:         true
      Hermod__Security__VaultRequireHttps:  false
      Hermod__Features__MetricsEndpoint:    true
      Hermod__Dev__Endpoints:               true
      Hermod__Mqtt__Host:                   nanomq
      Hermod__Mqtt__Port:                   1883
      Hermod__Mqtt__UseTls:                 false
      Hermod__Mqtt__Tls__UseTls:            false
      Hermod__Mqtt__Username:               <set to the key 'mqtt-username' in secret 'hermod-secrets'>  Optional: false
      Hermod__Mqtt__Password:               <set to the key 'mqtt-password' in secret 'hermod-secrets'>  Optional: false
      Hermod__Database__ConnectionString:   Host=postgres;Port=5432;Database=hermod;Username=hermod_app
      Hermod__Database__Password:           <set to the key 'hermod-db-password' in secret 'hermod-db-credentials'>  Optional: false
    Mounts:
      /var/run/secrets/kubernetes.io/serviceaccount from kube-api-access-485v9 (ro)
Conditions:
  Type                        Status
  PodReadyToStartContainers   True 
  Initialized                 True 
  Ready                       True 
  ContainersReady             True 
  PodScheduled                True 
Volumes:
  kube-api-access-485v9:
    Type:                    Projected (a volume that contains injected data from multiple sources)
    TokenExpirationSeconds:  3607
    ConfigMapName:           kube-root-ca.crt
    Optional:                false
    DownwardAPI:             true
QoS Class:                   Burstable
Node-Selectors:              <none>
Tolerations:                 node.kubernetes.io/not-ready:NoExecute op=Exists for 300s
                             node.kubernetes.io/unreachable:NoExecute op=Exists for 300s
Events:
  Type    Reason     Age   From               Message
  ----    ------     ----  ----               -------
  Normal  Scheduled  56s   default-scheduler  Successfully assigned coord-only/hermod-coordinator-788cdc665d-msp2c to <pi-host>
  Normal  Pulled     56s   kubelet            spec.initContainers{wait-for-postgres}: Container image "busybox:1.36" already present on machine
  Normal  Created    56s   kubelet            spec.initContainers{wait-for-postgres}: Created container: wait-for-postgres
  Normal  Started    56s   kubelet            spec.initContainers{wait-for-postgres}: Started container wait-for-postgres
  Normal  Pulled     55s   kubelet            spec.initContainers{wait-for-nanomq}: Container image "busybox:1.36" already present on machine
  Normal  Created    55s   kubelet            spec.initContainers{wait-for-nanomq}: Created container: wait-for-nanomq
  Normal  Started    55s   kubelet            spec.initContainers{wait-for-nanomq}: Started container wait-for-nanomq
  Normal  Pulled     48s   kubelet            spec.containers{hermod-coordinator}: Container image "hermod-coordinator:latest" already present on machine
  Normal  Created    48s   kubelet            spec.containers{hermod-coordinator}: Created container: hermod-coordinator
  Normal  Started    48s   kubelet            spec.containers{hermod-coordinator}: Started container hermod-coordinator


Name:             nanomq-b48cc5758-6fhlf
Namespace:        coord-only
Priority:         0
Service Account:  default
Node:             <pi-host>/<pi-ip>
Start Time:       Mon, 27 Apr 2026 04:27:14 +0200
Labels:           app=nanomq
                  pod-template-hash=b48cc5758
Annotations:      cni.projectcalico.org/containerID: da35e0ed99fe5e9c323e236aa9d0c074c7517cdba84fbd8a11f3afcd03a83917
                  cni.projectcalico.org/podIP: <pod-ip>/32
                  cni.projectcalico.org/podIPs: <pod-ip>/32
                  kubectl.kubernetes.io/restartedAt: 2026-04-27T04:27:12+02:00
Status:           Running
IP:               <pod-ip>
IPs:
  IP:           <pod-ip>
Controlled By:  ReplicaSet/nanomq-b48cc5758
Containers:
  nanomq:
    Container ID:   containerd://1c4f43c5612b6f9420a2a8ade580f5cf01e6ff9546cfa13acbf9169e5a74f0fb
    Image:          emqx/nanomq:0.21-slim
    Image ID:       docker.io/emqx/nanomq@sha256:53bea7acb547aced1cc45e08c514628f1e41c4da9ad544fd8c5fa96d3e9eb41b
    Ports:          1883/TCP (mqtt), 8081/TCP (http)
    Host Ports:     0/TCP (mqtt), 0/TCP (http)
    State:          Running
      Started:      Mon, 27 Apr 2026 04:27:15 +0200
    Ready:          True
    Restart Count:  0
    Limits:
      cpu:     1
      memory:  512Mi
    Requests:
      cpu:        50m
      memory:     64Mi
    Liveness:     tcp-socket :1883 delay=10s timeout=1s period=10s #success=1 #failure=3
    Readiness:    tcp-socket :1883 delay=3s timeout=1s period=5s #success=1 #failure=3
    Environment:  <none>
    Mounts:
      /etc/nanomq.conf from config (rw,path="nanomq.conf")
      /var/run/secrets/kubernetes.io/serviceaccount from kube-api-access-w4w6z (ro)
Conditions:
  Type                        Status
  PodReadyToStartContainers   True 
  Initialized                 True 
  Ready                       True 
  ContainersReady             True 
  PodScheduled                True 
Volumes:
  config:
    Type:      ConfigMap (a volume populated by a ConfigMap)
    Name:      nanomq-config
    Optional:  false
  kube-api-access-w4w6z:
    Type:                    Projected (a volume that contains injected data from multiple sources)
    TokenExpirationSeconds:  3607
    ConfigMapName:           kube-root-ca.crt
    Optional:                false
    DownwardAPI:             true
QoS Class:                   Burstable
Node-Selectors:              <none>
Tolerations:                 node.kubernetes.io/not-ready:NoExecute op=Exists for 300s
                             node.kubernetes.io/unreachable:NoExecute op=Exists for 300s
Events:
  Type    Reason     Age   From               Message
  ----    ------     ----  ----               -------
  Normal  Scheduled  56s   default-scheduler  Successfully assigned coord-only/nanomq-b48cc5758-6fhlf to <pi-host>
  Normal  Pulled     56s   kubelet            spec.containers{nanomq}: Container image "emqx/nanomq:0.21-slim" already present on machine
  Normal  Created    55s   kubelet            spec.containers{nanomq}: Created container: nanomq
  Normal  Started    55s   kubelet            spec.containers{nanomq}: Started container nanomq


Name:             postgres-0
Namespace:        coord-only
Priority:         0
Service Account:  default
Node:             <pi-host>/<pi-ip>
Start Time:       Mon, 27 Apr 2026 04:16:57 +0200
Labels:           app=postgres
                  apps.kubernetes.io/pod-index=0
                  controller-revision-hash=postgres-6497897965
                  statefulset.kubernetes.io/pod-name=postgres-0
Annotations:      cni.projectcalico.org/containerID: 69fb4823b666d3d2a1395c00ab9b26a33337431372918fb41d9f85f42d91a056
                  cni.projectcalico.org/podIP: <pod-ip>/32
                  cni.projectcalico.org/podIPs: <pod-ip>/32
Status:           Running
IP:               <pod-ip>
IPs:
  IP:           <pod-ip>
Controlled By:  StatefulSet/postgres
Containers:
  postgres:
    Container ID:  containerd://adf8585ccc9b705cf0261f22f8e1c254a24670c72b998bb7a052f31e3a5ae5be
    Image:         postgres:17-alpine
    Image ID:      docker.io/library/postgres@sha256:778d0b486d6daa02b77434d0358ec57a1b21fd8b6d22ac2eef56a33e816928f6
    Port:          5432/TCP
    Host Port:     0/TCP
    Args:
      -c
      shared_buffers=256MB
      -c
      max_connections=200
      -c
      work_mem=16MB
    State:          Running
      Started:      Mon, 27 Apr 2026 04:16:58 +0200
    Ready:          True
    Restart Count:  0
    Limits:
      cpu:     1500m
      memory:  1536Mi
    Requests:
      cpu:      100m
      memory:   256Mi
    Liveness:   exec [pg_isready -U postgres] delay=30s timeout=1s period=10s #success=1 #failure=3
    Readiness:  exec [pg_isready -U postgres] delay=5s timeout=1s period=5s #success=1 #failure=3
    Environment:
      POSTGRES_DB:        postgres
      POSTGRES_USER:      postgres
      POSTGRES_PASSWORD:  <set to the key 'postgres-superuser-password' in secret 'hermod-secrets'>  Optional: false
    Mounts:
      /docker-entrypoint-initdb.d from init (rw)
      /var/lib/postgresql/data from data (rw)
      /var/run/secrets/kubernetes.io/serviceaccount from kube-api-access-79j56 (ro)
Conditions:
  Type                        Status
  PodReadyToStartContainers   True 
  Initialized                 True 
  Ready                       True 
  ContainersReady             True 
  PodScheduled                True 
Volumes:
  data:
    Type:       PersistentVolumeClaim (a reference to a PersistentVolumeClaim in the same namespace)
    ClaimName:  data-postgres-0
    ReadOnly:   false
  init:
    Type:      ConfigMap (a volume populated by a ConfigMap)
    Name:      postgres-init
    Optional:  false
  kube-api-access-79j56:
    Type:                    Projected (a volume that contains injected data from multiple sources)
    TokenExpirationSeconds:  3607
    ConfigMapName:           kube-root-ca.crt
    Optional:                false
    DownwardAPI:             true
QoS Class:                   Burstable
Node-Selectors:              <none>
Tolerations:                 node.kubernetes.io/not-ready:NoExecute op=Exists for 300s
                             node.kubernetes.io/unreachable:NoExecute op=Exists for 300s
Events:                      <none>

=== ts=1777256902 ===
Name:             hermod-coordinator-788cdc665d-msp2c
Namespace:        coord-only
Priority:         0
Service Account:  default
Node:             <pi-host>/<pi-ip>
Start Time:       Mon, 27 Apr 2026 04:27:13 +0200
Labels:           app=hermod-coordinator
                  pod-template-hash=788cdc665d
Annotations:      cni.projectcalico.org/containerID: 26bec51daf3f0c19fec24d81cda04fedf5d4df91d04fbbf2f5f4115ab5db7c6d
                  cni.projectcalico.org/podIP: <pod-ip>/32
                  cni.projectcalico.org/podIPs: <pod-ip>/32
                  kubectl.kubernetes.io/restartedAt: 2026-04-27T04:27:12+02:00
Status:           Running
IP:               <pod-ip>
IPs:
  IP:           <pod-ip>
Controlled By:  ReplicaSet/hermod-coordinator-788cdc665d
Init Containers:
  wait-for-postgres:
    Container ID:  containerd://961e284569a2cebb1fd0abb9b2691f8fd70bc4414dc355066e815c766b0014ca
    Image:         busybox:1.36
    Image ID:      docker.io/library/busybox@sha256:73aaf090f3d85aa34ee199857f03fa3a95c8ede2ffd4cc2cdb5b94e566b11662
    Port:          <none>
    Host Port:     <none>
    Command:
      sh
      -c
      until nc -z postgres 5432; do sleep 2; done
    State:          Terminated
      Reason:       Completed
      Exit Code:    0
      Started:      Mon, 27 Apr 2026 04:27:14 +0200
      Finished:     Mon, 27 Apr 2026 04:27:14 +0200
    Ready:          True
    Restart Count:  0
    Environment:    <none>
    Mounts:
      /var/run/secrets/kubernetes.io/serviceaccount from kube-api-access-485v9 (ro)
  wait-for-nanomq:
    Container ID:  containerd://f5c0d912e9f8ec0d08a5b07b5a89bb89936b90cef34e5b259bfef65a888512b1
    Image:         busybox:1.36
    Image ID:      docker.io/library/busybox@sha256:73aaf090f3d85aa34ee199857f03fa3a95c8ede2ffd4cc2cdb5b94e566b11662
    Port:          <none>
    Host Port:     <none>
    Command:
      sh
      -c
      until nc -z nanomq 1883; do sleep 2; done
    State:          Terminated
      Reason:       Completed
      Exit Code:    0
      Started:      Mon, 27 Apr 2026 04:27:15 +0200
      Finished:     Mon, 27 Apr 2026 04:27:21 +0200
    Ready:          True
    Restart Count:  0
    Environment:    <none>
    Mounts:
      /var/run/secrets/kubernetes.io/serviceaccount from kube-api-access-485v9 (ro)
Containers:
  hermod-coordinator:
    Container ID:   containerd://878d93522f383b1f1e0484fc54b3ad4ecaf7ea423f285ef959829dd04589bce8
    Image:          hermod-coordinator:latest
    Image ID:       sha256:ca91ccdfcd269dd5e4e25d5ffe8d863ca5db57e5c4f62f08c8adf90d23c15eaf
    Port:           42069/TCP (http)
    Host Port:      0/TCP (http)
    State:          Running
      Started:      Mon, 27 Apr 2026 04:27:22 +0200
    Ready:          True
    Restart Count:  0
    Limits:
      cpu:     1500m
      memory:  1536Mi
    Requests:
      cpu:      200m
      memory:   256Mi
    Liveness:   http-get http://:42069/healthz delay=60s timeout=1s period=30s #success=1 #failure=3
    Readiness:  http-get http://:42069/healthz/ready delay=5s timeout=1s period=10s #success=1 #failure=3
    Startup:    http-get http://:42069/healthz delay=0s timeout=1s period=5s #success=1 #failure=30
    Environment:
      ASPNETCORE_ENVIRONMENT:               Production
      ASPNETCORE_URLS:                      http://+:42069
      DOTNET_USE_POLLING_FILE_WATCHER:      true
      Hermod__Security__AuthBypass:         true
      Hermod__Security__VaultRequireHttps:  false
      Hermod__Features__MetricsEndpoint:    true
      Hermod__Dev__Endpoints:               true
      Hermod__Mqtt__Host:                   nanomq
      Hermod__Mqtt__Port:                   1883
      Hermod__Mqtt__UseTls:                 false
      Hermod__Mqtt__Tls__UseTls:            false
      Hermod__Mqtt__Username:               <set to the key 'mqtt-username' in secret 'hermod-secrets'>  Optional: false
      Hermod__Mqtt__Password:               <set to the key 'mqtt-password' in secret 'hermod-secrets'>  Optional: false
      Hermod__Database__ConnectionString:   Host=postgres;Port=5432;Database=hermod;Username=hermod_app
      Hermod__Database__Password:           <set to the key 'hermod-db-password' in secret 'hermod-db-credentials'>  Optional: false
    Mounts:
      /var/run/secrets/kubernetes.io/serviceaccount from kube-api-access-485v9 (ro)
Conditions:
  Type                        Status
  PodReadyToStartContainers   True 
  Initialized                 True 
  Ready                       True 
  ContainersReady             True 
  PodScheduled                True 
Volumes:
  kube-api-access-485v9:
    Type:                    Projected (a volume that contains injected data from multiple sources)
    TokenExpirationSeconds:  3607
    ConfigMapName:           kube-root-ca.crt
    Optional:                false
    DownwardAPI:             true
QoS Class:                   Burstable
Node-Selectors:              <none>
Tolerations:                 node.kubernetes.io/not-ready:NoExecute op=Exists for 300s
                             node.kubernetes.io/unreachable:NoExecute op=Exists for 300s
Events:
  Type    Reason     Age   From               Message
  ----    ------     ----  ----               -------
  Normal  Scheduled  68s   default-scheduler  Successfully assigned coord-only/hermod-coordinator-788cdc665d-msp2c to <pi-host>
  Normal  Pulled     68s   kubelet            spec.initContainers{wait-for-postgres}: Container image "busybox:1.36" already present on machine
  Normal  Created    68s   kubelet            spec.initContainers{wait-for-postgres}: Created container: wait-for-postgres
  Normal  Started    68s   kubelet            spec.initContainers{wait-for-postgres}: Started container wait-for-postgres
  Normal  Pulled     67s   kubelet            spec.initContainers{wait-for-nanomq}: Container image "busybox:1.36" already present on machine
  Normal  Created    67s   kubelet            spec.initContainers{wait-for-nanomq}: Created container: wait-for-nanomq
  Normal  Started    67s   kubelet            spec.initContainers{wait-for-nanomq}: Started container wait-for-nanomq
  Normal  Pulled     60s   kubelet            spec.containers{hermod-coordinator}: Container image "hermod-coordinator:latest" already present on machine
  Normal  Created    60s   kubelet            spec.containers{hermod-coordinator}: Created container: hermod-coordinator
  Normal  Started    60s   kubelet            spec.containers{hermod-coordinator}: Started container hermod-coordinator


Name:             nanomq-b48cc5758-6fhlf
Namespace:        coord-only
Priority:         0
Service Account:  default
Node:             <pi-host>/<pi-ip>
Start Time:       Mon, 27 Apr 2026 04:27:14 +0200
Labels:           app=nanomq
                  pod-template-hash=b48cc5758
Annotations:      cni.projectcalico.org/containerID: da35e0ed99fe5e9c323e236aa9d0c074c7517cdba84fbd8a11f3afcd03a83917
                  cni.projectcalico.org/podIP: <pod-ip>/32
                  cni.projectcalico.org/podIPs: <pod-ip>/32
                  kubectl.kubernetes.io/restartedAt: 2026-04-27T04:27:12+02:00
Status:           Running
IP:               <pod-ip>
IPs:
  IP:           <pod-ip>
Controlled By:  ReplicaSet/nanomq-b48cc5758
Containers:
  nanomq:
    Container ID:   containerd://1c4f43c5612b6f9420a2a8ade580f5cf01e6ff9546cfa13acbf9169e5a74f0fb
    Image:          emqx/nanomq:0.21-slim
    Image ID:       docker.io/emqx/nanomq@sha256:53bea7acb547aced1cc45e08c514628f1e41c4da9ad544fd8c5fa96d3e9eb41b
    Ports:          1883/TCP (mqtt), 8081/TCP (http)
    Host Ports:     0/TCP (mqtt), 0/TCP (http)
    State:          Running
      Started:      Mon, 27 Apr 2026 04:27:15 +0200
    Ready:          True
    Restart Count:  0
    Limits:
      cpu:     1
      memory:  512Mi
    Requests:
      cpu:        50m
      memory:     64Mi
    Liveness:     tcp-socket :1883 delay=10s timeout=1s period=10s #success=1 #failure=3
    Readiness:    tcp-socket :1883 delay=3s timeout=1s period=5s #success=1 #failure=3
    Environment:  <none>
    Mounts:
      /etc/nanomq.conf from config (rw,path="nanomq.conf")
      /var/run/secrets/kubernetes.io/serviceaccount from kube-api-access-w4w6z (ro)
Conditions:
  Type                        Status
  PodReadyToStartContainers   True 
  Initialized                 True 
  Ready                       True 
  ContainersReady             True 
  PodScheduled                True 
Volumes:
  config:
    Type:      ConfigMap (a volume populated by a ConfigMap)
    Name:      nanomq-config
    Optional:  false
  kube-api-access-w4w6z:
    Type:                    Projected (a volume that contains injected data from multiple sources)
    TokenExpirationSeconds:  3607
    ConfigMapName:           kube-root-ca.crt
    Optional:                false
    DownwardAPI:             true
QoS Class:                   Burstable
Node-Selectors:              <none>
Tolerations:                 node.kubernetes.io/not-ready:NoExecute op=Exists for 300s
                             node.kubernetes.io/unreachable:NoExecute op=Exists for 300s
Events:
  Type    Reason     Age   From               Message
  ----    ------     ----  ----               -------
  Normal  Scheduled  68s   default-scheduler  Successfully assigned coord-only/nanomq-b48cc5758-6fhlf to <pi-host>
  Normal  Pulled     68s   kubelet            spec.containers{nanomq}: Container image "emqx/nanomq:0.21-slim" already present on machine
  Normal  Created    67s   kubelet            spec.containers{nanomq}: Created container: nanomq
  Normal  Started    67s   kubelet            spec.containers{nanomq}: Started container nanomq


Name:             postgres-0
Namespace:        coord-only
Priority:         0
Service Account:  default
Node:             <pi-host>/<pi-ip>
Start Time:       Mon, 27 Apr 2026 04:16:57 +0200
Labels:           app=postgres
                  apps.kubernetes.io/pod-index=0
                  controller-revision-hash=postgres-6497897965
                  statefulset.kubernetes.io/pod-name=postgres-0
Annotations:      cni.projectcalico.org/containerID: 69fb4823b666d3d2a1395c00ab9b26a33337431372918fb41d9f85f42d91a056
                  cni.projectcalico.org/podIP: <pod-ip>/32
                  cni.projectcalico.org/podIPs: <pod-ip>/32
Status:           Running
IP:               <pod-ip>
IPs:
  IP:           <pod-ip>
Controlled By:  StatefulSet/postgres
Containers:
  postgres:
    Container ID:  containerd://adf8585ccc9b705cf0261f22f8e1c254a24670c72b998bb7a052f31e3a5ae5be
    Image:         postgres:17-alpine
    Image ID:      docker.io/library/postgres@sha256:778d0b486d6daa02b77434d0358ec57a1b21fd8b6d22ac2eef56a33e816928f6
    Port:          5432/TCP
    Host Port:     0/TCP
    Args:
      -c
      shared_buffers=256MB
      -c
      max_connections=200
      -c
      work_mem=16MB
    State:          Running
      Started:      Mon, 27 Apr 2026 04:16:58 +0200
    Ready:          True
    Restart Count:  0
    Limits:
      cpu:     1500m
      memory:  1536Mi
    Requests:
      cpu:      100m
      memory:   256Mi
    Liveness:   exec [pg_isready -U postgres] delay=30s timeout=1s period=10s #success=1 #failure=3
    Readiness:  exec [pg_isready -U postgres] delay=5s timeout=1s period=5s #success=1 #failure=3
    Environment:
      POSTGRES_DB:        postgres
      POSTGRES_USER:      postgres
      POSTGRES_PASSWORD:  <set to the key 'postgres-superuser-password' in secret 'hermod-secrets'>  Optional: false
    Mounts:
      /docker-entrypoint-initdb.d from init (rw)
      /var/lib/postgresql/data from data (rw)
      /var/run/secrets/kubernetes.io/serviceaccount from kube-api-access-79j56 (ro)
Conditions:
  Type                        Status
  PodReadyToStartContainers   True 
  Initialized                 True 
  Ready                       True 
  ContainersReady             True 
  PodScheduled                True 
Volumes:
  data:
    Type:       PersistentVolumeClaim (a reference to a PersistentVolumeClaim in the same namespace)
    ClaimName:  data-postgres-0
    ReadOnly:   false
  init:
    Type:      ConfigMap (a volume populated by a ConfigMap)
    Name:      postgres-init
    Optional:  false
  kube-api-access-79j56:
    Type:                    Projected (a volume that contains injected data from multiple sources)
    TokenExpirationSeconds:  3607
    ConfigMapName:           kube-root-ca.crt
    Optional:                false
    DownwardAPI:             true
QoS Class:                   Burstable
Node-Selectors:              <none>
Tolerations:                 node.kubernetes.io/not-ready:NoExecute op=Exists for 300s
                             node.kubernetes.io/unreachable:NoExecute op=Exists for 300s
Events:                      <none>

=== ts=1777256913 ===
Name:             hermod-coordinator-788cdc665d-msp2c
Namespace:        coord-only
Priority:         0
Service Account:  default
Node:             <pi-host>/<pi-ip>
Start Time:       Mon, 27 Apr 2026 04:27:13 +0200
Labels:           app=hermod-coordinator
                  pod-template-hash=788cdc665d
Annotations:      cni.projectcalico.org/containerID: 26bec51daf3f0c19fec24d81cda04fedf5d4df91d04fbbf2f5f4115ab5db7c6d
                  cni.projectcalico.org/podIP: <pod-ip>/32
                  cni.projectcalico.org/podIPs: <pod-ip>/32
                  kubectl.kubernetes.io/restartedAt: 2026-04-27T04:27:12+02:00
Status:           Running
IP:               <pod-ip>
IPs:
  IP:           <pod-ip>
Controlled By:  ReplicaSet/hermod-coordinator-788cdc665d
Init Containers:
  wait-for-postgres:
    Container ID:  containerd://961e284569a2cebb1fd0abb9b2691f8fd70bc4414dc355066e815c766b0014ca
    Image:         busybox:1.36
    Image ID:      docker.io/library/busybox@sha256:73aaf090f3d85aa34ee199857f03fa3a95c8ede2ffd4cc2cdb5b94e566b11662
    Port:          <none>
    Host Port:     <none>
    Command:
      sh
      -c
      until nc -z postgres 5432; do sleep 2; done
    State:          Terminated
      Reason:       Completed
      Exit Code:    0
      Started:      Mon, 27 Apr 2026 04:27:14 +0200
      Finished:     Mon, 27 Apr 2026 04:27:14 +0200
    Ready:          True
    Restart Count:  0
    Environment:    <none>
    Mounts:
      /var/run/secrets/kubernetes.io/serviceaccount from kube-api-access-485v9 (ro)
  wait-for-nanomq:
    Container ID:  containerd://f5c0d912e9f8ec0d08a5b07b5a89bb89936b90cef34e5b259bfef65a888512b1
    Image:         busybox:1.36
    Image ID:      docker.io/library/busybox@sha256:73aaf090f3d85aa34ee199857f03fa3a95c8ede2ffd4cc2cdb5b94e566b11662
    Port:          <none>
    Host Port:     <none>
    Command:
      sh
      -c
      until nc -z nanomq 1883; do sleep 2; done
    State:          Terminated
      Reason:       Completed
      Exit Code:    0
      Started:      Mon, 27 Apr 2026 04:27:15 +0200
      Finished:     Mon, 27 Apr 2026 04:27:21 +0200
    Ready:          True
    Restart Count:  0
    Environment:    <none>
    Mounts:
      /var/run/secrets/kubernetes.io/serviceaccount from kube-api-access-485v9 (ro)
Containers:
  hermod-coordinator:
    Container ID:   containerd://878d93522f383b1f1e0484fc54b3ad4ecaf7ea423f285ef959829dd04589bce8
    Image:          hermod-coordinator:latest
    Image ID:       sha256:ca91ccdfcd269dd5e4e25d5ffe8d863ca5db57e5c4f62f08c8adf90d23c15eaf
    Port:           42069/TCP (http)
    Host Port:      0/TCP (http)
    State:          Running
      Started:      Mon, 27 Apr 2026 04:27:22 +0200
    Ready:          True
    Restart Count:  0
    Limits:
      cpu:     1500m
      memory:  1536Mi
    Requests:
      cpu:      200m
      memory:   256Mi
    Liveness:   http-get http://:42069/healthz delay=60s timeout=1s period=30s #success=1 #failure=3
    Readiness:  http-get http://:42069/healthz/ready delay=5s timeout=1s period=10s #success=1 #failure=3
    Startup:    http-get http://:42069/healthz delay=0s timeout=1s period=5s #success=1 #failure=30
    Environment:
      ASPNETCORE_ENVIRONMENT:               Production
      ASPNETCORE_URLS:                      http://+:42069
      DOTNET_USE_POLLING_FILE_WATCHER:      true
      Hermod__Security__AuthBypass:         true
      Hermod__Security__VaultRequireHttps:  false
      Hermod__Features__MetricsEndpoint:    true
      Hermod__Dev__Endpoints:               true
      Hermod__Mqtt__Host:                   nanomq
      Hermod__Mqtt__Port:                   1883
      Hermod__Mqtt__UseTls:                 false
      Hermod__Mqtt__Tls__UseTls:            false
      Hermod__Mqtt__Username:               <set to the key 'mqtt-username' in secret 'hermod-secrets'>  Optional: false
      Hermod__Mqtt__Password:               <set to the key 'mqtt-password' in secret 'hermod-secrets'>  Optional: false
      Hermod__Database__ConnectionString:   Host=postgres;Port=5432;Database=hermod;Username=hermod_app
      Hermod__Database__Password:           <set to the key 'hermod-db-password' in secret 'hermod-db-credentials'>  Optional: false
    Mounts:
      /var/run/secrets/kubernetes.io/serviceaccount from kube-api-access-485v9 (ro)
Conditions:
  Type                        Status
  PodReadyToStartContainers   True 
  Initialized                 True 
  Ready                       True 
  ContainersReady             True 
  PodScheduled                True 
Volumes:
  kube-api-access-485v9:
    Type:                    Projected (a volume that contains injected data from multiple sources)
    TokenExpirationSeconds:  3607
    ConfigMapName:           kube-root-ca.crt
    Optional:                false
    DownwardAPI:             true
QoS Class:                   Burstable
Node-Selectors:              <none>
Tolerations:                 node.kubernetes.io/not-ready:NoExecute op=Exists for 300s
                             node.kubernetes.io/unreachable:NoExecute op=Exists for 300s
Events:
  Type    Reason     Age   From               Message
  ----    ------     ----  ----               -------
  Normal  Scheduled  79s   default-scheduler  Successfully assigned coord-only/hermod-coordinator-788cdc665d-msp2c to <pi-host>
  Normal  Pulled     79s   kubelet            spec.initContainers{wait-for-postgres}: Container image "busybox:1.36" already present on machine
  Normal  Created    79s   kubelet            spec.initContainers{wait-for-postgres}: Created container: wait-for-postgres
  Normal  Started    79s   kubelet            spec.initContainers{wait-for-postgres}: Started container wait-for-postgres
  Normal  Pulled     78s   kubelet            spec.initContainers{wait-for-nanomq}: Container image "busybox:1.36" already present on machine
  Normal  Created    78s   kubelet            spec.initContainers{wait-for-nanomq}: Created container: wait-for-nanomq
  Normal  Started    78s   kubelet            spec.initContainers{wait-for-nanomq}: Started container wait-for-nanomq
  Normal  Pulled     71s   kubelet            spec.containers{hermod-coordinator}: Container image "hermod-coordinator:latest" already present on machine
  Normal  Created    71s   kubelet            spec.containers{hermod-coordinator}: Created container: hermod-coordinator
  Normal  Started    71s   kubelet            spec.containers{hermod-coordinator}: Started container hermod-coordinator


Name:             nanomq-b48cc5758-6fhlf
Namespace:        coord-only
Priority:         0
Service Account:  default
Node:             <pi-host>/<pi-ip>
Start Time:       Mon, 27 Apr 2026 04:27:14 +0200
Labels:           app=nanomq
                  pod-template-hash=b48cc5758
Annotations:      cni.projectcalico.org/containerID: da35e0ed99fe5e9c323e236aa9d0c074c7517cdba84fbd8a11f3afcd03a83917
                  cni.projectcalico.org/podIP: <pod-ip>/32
                  cni.projectcalico.org/podIPs: <pod-ip>/32
                  kubectl.kubernetes.io/restartedAt: 2026-04-27T04:27:12+02:00
Status:           Running
IP:               <pod-ip>
IPs:
  IP:           <pod-ip>
Controlled By:  ReplicaSet/nanomq-b48cc5758
Containers:
  nanomq:
    Container ID:   containerd://1c4f43c5612b6f9420a2a8ade580f5cf01e6ff9546cfa13acbf9169e5a74f0fb
    Image:          emqx/nanomq:0.21-slim
    Image ID:       docker.io/emqx/nanomq@sha256:53bea7acb547aced1cc45e08c514628f1e41c4da9ad544fd8c5fa96d3e9eb41b
    Ports:          1883/TCP (mqtt), 8081/TCP (http)
    Host Ports:     0/TCP (mqtt), 0/TCP (http)
    State:          Running
      Started:      Mon, 27 Apr 2026 04:27:15 +0200
    Ready:          True
    Restart Count:  0
    Limits:
      cpu:     1
      memory:  512Mi
    Requests:
      cpu:        50m
      memory:     64Mi
    Liveness:     tcp-socket :1883 delay=10s timeout=1s period=10s #success=1 #failure=3
    Readiness:    tcp-socket :1883 delay=3s timeout=1s period=5s #success=1 #failure=3
    Environment:  <none>
    Mounts:
      /etc/nanomq.conf from config (rw,path="nanomq.conf")
      /var/run/secrets/kubernetes.io/serviceaccount from kube-api-access-w4w6z (ro)
Conditions:
  Type                        Status
  PodReadyToStartContainers   True 
  Initialized                 True 
  Ready                       True 
  ContainersReady             True 
  PodScheduled                True 
Volumes:
  config:
    Type:      ConfigMap (a volume populated by a ConfigMap)
    Name:      nanomq-config
    Optional:  false
  kube-api-access-w4w6z:
    Type:                    Projected (a volume that contains injected data from multiple sources)
    TokenExpirationSeconds:  3607
    ConfigMapName:           kube-root-ca.crt
    Optional:                false
    DownwardAPI:             true
QoS Class:                   Burstable
Node-Selectors:              <none>
Tolerations:                 node.kubernetes.io/not-ready:NoExecute op=Exists for 300s
                             node.kubernetes.io/unreachable:NoExecute op=Exists for 300s
Events:
  Type    Reason     Age   From               Message
  ----    ------     ----  ----               -------
  Normal  Scheduled  79s   default-scheduler  Successfully assigned coord-only/nanomq-b48cc5758-6fhlf to <pi-host>
  Normal  Pulled     79s   kubelet            spec.containers{nanomq}: Container image "emqx/nanomq:0.21-slim" already present on machine
  Normal  Created    78s   kubelet            spec.containers{nanomq}: Created container: nanomq
  Normal  Started    78s   kubelet            spec.containers{nanomq}: Started container nanomq


Name:             postgres-0
Namespace:        coord-only
Priority:         0
Service Account:  default
Node:             <pi-host>/<pi-ip>
Start Time:       Mon, 27 Apr 2026 04:16:57 +0200
Labels:           app=postgres
                  apps.kubernetes.io/pod-index=0
                  controller-revision-hash=postgres-6497897965
                  statefulset.kubernetes.io/pod-name=postgres-0
Annotations:      cni.projectcalico.org/containerID: 69fb4823b666d3d2a1395c00ab9b26a33337431372918fb41d9f85f42d91a056
                  cni.projectcalico.org/podIP: <pod-ip>/32
                  cni.projectcalico.org/podIPs: <pod-ip>/32
Status:           Running
IP:               <pod-ip>
IPs:
  IP:           <pod-ip>
Controlled By:  StatefulSet/postgres
Containers:
  postgres:
    Container ID:  containerd://adf8585ccc9b705cf0261f22f8e1c254a24670c72b998bb7a052f31e3a5ae5be
    Image:         postgres:17-alpine
    Image ID:      docker.io/library/postgres@sha256:778d0b486d6daa02b77434d0358ec57a1b21fd8b6d22ac2eef56a33e816928f6
    Port:          5432/TCP
    Host Port:     0/TCP
    Args:
      -c
      shared_buffers=256MB
      -c
      max_connections=200
      -c
      work_mem=16MB
    State:          Running
      Started:      Mon, 27 Apr 2026 04:16:58 +0200
    Ready:          True
    Restart Count:  0
    Limits:
      cpu:     1500m
      memory:  1536Mi
    Requests:
      cpu:      100m
      memory:   256Mi
    Liveness:   exec [pg_isready -U postgres] delay=30s timeout=1s period=10s #success=1 #failure=3
    Readiness:  exec [pg_isready -U postgres] delay=5s timeout=1s period=5s #success=1 #failure=3
    Environment:
      POSTGRES_DB:        postgres
      POSTGRES_USER:      postgres
      POSTGRES_PASSWORD:  <set to the key 'postgres-superuser-password' in secret 'hermod-secrets'>  Optional: false
    Mounts:
      /docker-entrypoint-initdb.d from init (rw)
      /var/lib/postgresql/data from data (rw)
      /var/run/secrets/kubernetes.io/serviceaccount from kube-api-access-79j56 (ro)
Conditions:
  Type                        Status
  PodReadyToStartContainers   True 
  Initialized                 True 
  Ready                       True 
  ContainersReady             True 
  PodScheduled                True 
Volumes:
  data:
    Type:       PersistentVolumeClaim (a reference to a PersistentVolumeClaim in the same namespace)
    ClaimName:  data-postgres-0
    ReadOnly:   false
  init:
    Type:      ConfigMap (a volume populated by a ConfigMap)
    Name:      postgres-init
    Optional:  false
  kube-api-access-79j56:
    Type:                    Projected (a volume that contains injected data from multiple sources)
    TokenExpirationSeconds:  3607
    ConfigMapName:           kube-root-ca.crt
    Optional:                false
    DownwardAPI:             true
QoS Class:                   Burstable
Node-Selectors:              <none>
Tolerations:                 node.kubernetes.io/not-ready:NoExecute op=Exists for 300s
                             node.kubernetes.io/unreachable:NoExecute op=Exists for 300s
Events:                      <none>

=== ts=1777256924 ===
Name:             hermod-coordinator-788cdc665d-msp2c
Namespace:        coord-only
Priority:         0
Service Account:  default
Node:             <pi-host>/<pi-ip>
Start Time:       Mon, 27 Apr 2026 04:27:13 +0200
Labels:           app=hermod-coordinator
                  pod-template-hash=788cdc665d
Annotations:      cni.projectcalico.org/containerID: 26bec51daf3f0c19fec24d81cda04fedf5d4df91d04fbbf2f5f4115ab5db7c6d
                  cni.projectcalico.org/podIP: <pod-ip>/32
                  cni.projectcalico.org/podIPs: <pod-ip>/32
                  kubectl.kubernetes.io/restartedAt: 2026-04-27T04:27:12+02:00
Status:           Running
IP:               <pod-ip>
IPs:
  IP:           <pod-ip>
Controlled By:  ReplicaSet/hermod-coordinator-788cdc665d
Init Containers:
  wait-for-postgres:
    Container ID:  containerd://961e284569a2cebb1fd0abb9b2691f8fd70bc4414dc355066e815c766b0014ca
    Image:         busybox:1.36
    Image ID:      docker.io/library/busybox@sha256:73aaf090f3d85aa34ee199857f03fa3a95c8ede2ffd4cc2cdb5b94e566b11662
    Port:          <none>
    Host Port:     <none>
    Command:
      sh
      -c
      until nc -z postgres 5432; do sleep 2; done
    State:          Terminated
      Reason:       Completed
      Exit Code:    0
      Started:      Mon, 27 Apr 2026 04:27:14 +0200
      Finished:     Mon, 27 Apr 2026 04:27:14 +0200
    Ready:          True
    Restart Count:  0
    Environment:    <none>
    Mounts:
      /var/run/secrets/kubernetes.io/serviceaccount from kube-api-access-485v9 (ro)
  wait-for-nanomq:
    Container ID:  containerd://f5c0d912e9f8ec0d08a5b07b5a89bb89936b90cef34e5b259bfef65a888512b1
    Image:         busybox:1.36
    Image ID:      docker.io/library/busybox@sha256:73aaf090f3d85aa34ee199857f03fa3a95c8ede2ffd4cc2cdb5b94e566b11662
    Port:          <none>
    Host Port:     <none>
    Command:
      sh
      -c
      until nc -z nanomq 1883; do sleep 2; done
    State:          Terminated
      Reason:       Completed
      Exit Code:    0
      Started:      Mon, 27 Apr 2026 04:27:15 +0200
      Finished:     Mon, 27 Apr 2026 04:27:21 +0200
    Ready:          True
    Restart Count:  0
    Environment:    <none>
    Mounts:
      /var/run/secrets/kubernetes.io/serviceaccount from kube-api-access-485v9 (ro)
Containers:
  hermod-coordinator:
    Container ID:   containerd://878d93522f383b1f1e0484fc54b3ad4ecaf7ea423f285ef959829dd04589bce8
    Image:          hermod-coordinator:latest
    Image ID:       sha256:ca91ccdfcd269dd5e4e25d5ffe8d863ca5db57e5c4f62f08c8adf90d23c15eaf
    Port:           42069/TCP (http)
    Host Port:      0/TCP (http)
    State:          Running
      Started:      Mon, 27 Apr 2026 04:27:22 +0200
    Ready:          True
    Restart Count:  0
    Limits:
      cpu:     1500m
      memory:  1536Mi
    Requests:
      cpu:      200m
      memory:   256Mi
    Liveness:   http-get http://:42069/healthz delay=60s timeout=1s period=30s #success=1 #failure=3
    Readiness:  http-get http://:42069/healthz/ready delay=5s timeout=1s period=10s #success=1 #failure=3
    Startup:    http-get http://:42069/healthz delay=0s timeout=1s period=5s #success=1 #failure=30
    Environment:
      ASPNETCORE_ENVIRONMENT:               Production
      ASPNETCORE_URLS:                      http://+:42069
      DOTNET_USE_POLLING_FILE_WATCHER:      true
      Hermod__Security__AuthBypass:         true
      Hermod__Security__VaultRequireHttps:  false
      Hermod__Features__MetricsEndpoint:    true
      Hermod__Dev__Endpoints:               true
      Hermod__Mqtt__Host:                   nanomq
      Hermod__Mqtt__Port:                   1883
      Hermod__Mqtt__UseTls:                 false
      Hermod__Mqtt__Tls__UseTls:            false
      Hermod__Mqtt__Username:               <set to the key 'mqtt-username' in secret 'hermod-secrets'>  Optional: false
      Hermod__Mqtt__Password:               <set to the key 'mqtt-password' in secret 'hermod-secrets'>  Optional: false
      Hermod__Database__ConnectionString:   Host=postgres;Port=5432;Database=hermod;Username=hermod_app
      Hermod__Database__Password:           <set to the key 'hermod-db-password' in secret 'hermod-db-credentials'>  Optional: false
    Mounts:
      /var/run/secrets/kubernetes.io/serviceaccount from kube-api-access-485v9 (ro)
Conditions:
  Type                        Status
  PodReadyToStartContainers   True 
  Initialized                 True 
  Ready                       True 
  ContainersReady             True 
  PodScheduled                True 
Volumes:
  kube-api-access-485v9:
    Type:                    Projected (a volume that contains injected data from multiple sources)
    TokenExpirationSeconds:  3607
    ConfigMapName:           kube-root-ca.crt
    Optional:                false
    DownwardAPI:             true
QoS Class:                   Burstable
Node-Selectors:              <none>
Tolerations:                 node.kubernetes.io/not-ready:NoExecute op=Exists for 300s
                             node.kubernetes.io/unreachable:NoExecute op=Exists for 300s
Events:
  Type    Reason     Age   From               Message
  ----    ------     ----  ----               -------
  Normal  Scheduled  91s   default-scheduler  Successfully assigned coord-only/hermod-coordinator-788cdc665d-msp2c to <pi-host>
  Normal  Pulled     90s   kubelet            spec.initContainers{wait-for-postgres}: Container image "busybox:1.36" already present on machine
  Normal  Created    90s   kubelet            spec.initContainers{wait-for-postgres}: Created container: wait-for-postgres
  Normal  Started    90s   kubelet            spec.initContainers{wait-for-postgres}: Started container wait-for-postgres
  Normal  Pulled     89s   kubelet            spec.initContainers{wait-for-nanomq}: Container image "busybox:1.36" already present on machine
  Normal  Created    89s   kubelet            spec.initContainers{wait-for-nanomq}: Created container: wait-for-nanomq
  Normal  Started    89s   kubelet            spec.initContainers{wait-for-nanomq}: Started container wait-for-nanomq
  Normal  Pulled     82s   kubelet            spec.containers{hermod-coordinator}: Container image "hermod-coordinator:latest" already present on machine
  Normal  Created    82s   kubelet            spec.containers{hermod-coordinator}: Created container: hermod-coordinator
  Normal  Started    82s   kubelet            spec.containers{hermod-coordinator}: Started container hermod-coordinator


Name:             nanomq-b48cc5758-6fhlf
Namespace:        coord-only
Priority:         0
Service Account:  default
Node:             <pi-host>/<pi-ip>
Start Time:       Mon, 27 Apr 2026 04:27:14 +0200
Labels:           app=nanomq
                  pod-template-hash=b48cc5758
Annotations:      cni.projectcalico.org/containerID: da35e0ed99fe5e9c323e236aa9d0c074c7517cdba84fbd8a11f3afcd03a83917
                  cni.projectcalico.org/podIP: <pod-ip>/32
                  cni.projectcalico.org/podIPs: <pod-ip>/32
                  kubectl.kubernetes.io/restartedAt: 2026-04-27T04:27:12+02:00
Status:           Running
IP:               <pod-ip>
IPs:
  IP:           <pod-ip>
Controlled By:  ReplicaSet/nanomq-b48cc5758
Containers:
  nanomq:
    Container ID:   containerd://1c4f43c5612b6f9420a2a8ade580f5cf01e6ff9546cfa13acbf9169e5a74f0fb
    Image:          emqx/nanomq:0.21-slim
    Image ID:       docker.io/emqx/nanomq@sha256:53bea7acb547aced1cc45e08c514628f1e41c4da9ad544fd8c5fa96d3e9eb41b
    Ports:          1883/TCP (mqtt), 8081/TCP (http)
    Host Ports:     0/TCP (mqtt), 0/TCP (http)
    State:          Running
      Started:      Mon, 27 Apr 2026 04:27:15 +0200
    Ready:          True
    Restart Count:  0
    Limits:
      cpu:     1
      memory:  512Mi
    Requests:
      cpu:        50m
      memory:     64Mi
    Liveness:     tcp-socket :1883 delay=10s timeout=1s period=10s #success=1 #failure=3
    Readiness:    tcp-socket :1883 delay=3s timeout=1s period=5s #success=1 #failure=3
    Environment:  <none>
    Mounts:
      /etc/nanomq.conf from config (rw,path="nanomq.conf")
      /var/run/secrets/kubernetes.io/serviceaccount from kube-api-access-w4w6z (ro)
Conditions:
  Type                        Status
  PodReadyToStartContainers   True 
  Initialized                 True 
  Ready                       True 
  ContainersReady             True 
  PodScheduled                True 
Volumes:
  config:
    Type:      ConfigMap (a volume populated by a ConfigMap)
    Name:      nanomq-config
    Optional:  false
  kube-api-access-w4w6z:
    Type:                    Projected (a volume that contains injected data from multiple sources)
    TokenExpirationSeconds:  3607
    ConfigMapName:           kube-root-ca.crt
    Optional:                false
    DownwardAPI:             true
QoS Class:                   Burstable
Node-Selectors:              <none>
Tolerations:                 node.kubernetes.io/not-ready:NoExecute op=Exists for 300s
                             node.kubernetes.io/unreachable:NoExecute op=Exists for 300s
Events:
  Type    Reason     Age   From               Message
  ----    ------     ----  ----               -------
  Normal  Scheduled  90s   default-scheduler  Successfully assigned coord-only/nanomq-b48cc5758-6fhlf to <pi-host>
  Normal  Pulled     90s   kubelet            spec.containers{nanomq}: Container image "emqx/nanomq:0.21-slim" already present on machine
  Normal  Created    89s   kubelet            spec.containers{nanomq}: Created container: nanomq
  Normal  Started    89s   kubelet            spec.containers{nanomq}: Started container nanomq


Name:             postgres-0
Namespace:        coord-only
Priority:         0
Service Account:  default
Node:             <pi-host>/<pi-ip>
Start Time:       Mon, 27 Apr 2026 04:16:57 +0200
Labels:           app=postgres
                  apps.kubernetes.io/pod-index=0
                  controller-revision-hash=postgres-6497897965
                  statefulset.kubernetes.io/pod-name=postgres-0
Annotations:      cni.projectcalico.org/containerID: 69fb4823b666d3d2a1395c00ab9b26a33337431372918fb41d9f85f42d91a056
                  cni.projectcalico.org/podIP: <pod-ip>/32
                  cni.projectcalico.org/podIPs: <pod-ip>/32
Status:           Running
IP:               <pod-ip>
IPs:
  IP:           <pod-ip>
Controlled By:  StatefulSet/postgres
Containers:
  postgres:
    Container ID:  containerd://adf8585ccc9b705cf0261f22f8e1c254a24670c72b998bb7a052f31e3a5ae5be
    Image:         postgres:17-alpine
    Image ID:      docker.io/library/postgres@sha256:778d0b486d6daa02b77434d0358ec57a1b21fd8b6d22ac2eef56a33e816928f6
    Port:          5432/TCP
    Host Port:     0/TCP
    Args:
      -c
      shared_buffers=256MB
      -c
      max_connections=200
      -c
      work_mem=16MB
    State:          Running
      Started:      Mon, 27 Apr 2026 04:16:58 +0200
    Ready:          True
    Restart Count:  0
    Limits:
      cpu:     1500m
      memory:  1536Mi
    Requests:
      cpu:      100m
      memory:   256Mi
    Liveness:   exec [pg_isready -U postgres] delay=30s timeout=1s period=10s #success=1 #failure=3
    Readiness:  exec [pg_isready -U postgres] delay=5s timeout=1s period=5s #success=1 #failure=3
    Environment:
      POSTGRES_DB:        postgres
      POSTGRES_USER:      postgres
      POSTGRES_PASSWORD:  <set to the key 'postgres-superuser-password' in secret 'hermod-secrets'>  Optional: false
    Mounts:
      /docker-entrypoint-initdb.d from init (rw)
      /var/lib/postgresql/data from data (rw)
      /var/run/secrets/kubernetes.io/serviceaccount from kube-api-access-79j56 (ro)
Conditions:
  Type                        Status
  PodReadyToStartContainers   True 
  Initialized                 True 
  Ready                       True 
  ContainersReady             True 
  PodScheduled                True 
Volumes:
  data:
    Type:       PersistentVolumeClaim (a reference to a PersistentVolumeClaim in the same namespace)
    ClaimName:  data-postgres-0
    ReadOnly:   false
  init:
    Type:      ConfigMap (a volume populated by a ConfigMap)
    Name:      postgres-init
    Optional:  false
  kube-api-access-79j56:
    Type:                    Projected (a volume that contains injected data from multiple sources)
    TokenExpirationSeconds:  3607
    ConfigMapName:           kube-root-ca.crt
    Optional:                false
    DownwardAPI:             true
QoS Class:                   Burstable
Node-Selectors:              <none>
Tolerations:                 node.kubernetes.io/not-ready:NoExecute op=Exists for 300s
                             node.kubernetes.io/unreachable:NoExecute op=Exists for 300s
Events:                      <none>

=== ts=1777256936 ===
Name:             hermod-coordinator-788cdc665d-msp2c
Namespace:        coord-only
Priority:         0
Service Account:  default
Node:             <pi-host>/<pi-ip>
Start Time:       Mon, 27 Apr 2026 04:27:13 +0200
Labels:           app=hermod-coordinator
                  pod-template-hash=788cdc665d
Annotations:      cni.projectcalico.org/containerID: 26bec51daf3f0c19fec24d81cda04fedf5d4df91d04fbbf2f5f4115ab5db7c6d
                  cni.projectcalico.org/podIP: <pod-ip>/32
                  cni.projectcalico.org/podIPs: <pod-ip>/32
                  kubectl.kubernetes.io/restartedAt: 2026-04-27T04:27:12+02:00
Status:           Running
IP:               <pod-ip>
IPs:
  IP:           <pod-ip>
Controlled By:  ReplicaSet/hermod-coordinator-788cdc665d
Init Containers:
  wait-for-postgres:
    Container ID:  containerd://961e284569a2cebb1fd0abb9b2691f8fd70bc4414dc355066e815c766b0014ca
    Image:         busybox:1.36
    Image ID:      docker.io/library/busybox@sha256:73aaf090f3d85aa34ee199857f03fa3a95c8ede2ffd4cc2cdb5b94e566b11662
    Port:          <none>
    Host Port:     <none>
    Command:
      sh
      -c
      until nc -z postgres 5432; do sleep 2; done
    State:          Terminated
      Reason:       Completed
      Exit Code:    0
      Started:      Mon, 27 Apr 2026 04:27:14 +0200
      Finished:     Mon, 27 Apr 2026 04:27:14 +0200
    Ready:          True
    Restart Count:  0
    Environment:    <none>
    Mounts:
      /var/run/secrets/kubernetes.io/serviceaccount from kube-api-access-485v9 (ro)
  wait-for-nanomq:
    Container ID:  containerd://f5c0d912e9f8ec0d08a5b07b5a89bb89936b90cef34e5b259bfef65a888512b1
    Image:         busybox:1.36
    Image ID:      docker.io/library/busybox@sha256:73aaf090f3d85aa34ee199857f03fa3a95c8ede2ffd4cc2cdb5b94e566b11662
    Port:          <none>
    Host Port:     <none>
    Command:
      sh
      -c
      until nc -z nanomq 1883; do sleep 2; done
    State:          Terminated
      Reason:       Completed
      Exit Code:    0
      Started:      Mon, 27 Apr 2026 04:27:15 +0200
      Finished:     Mon, 27 Apr 2026 04:27:21 +0200
    Ready:          True
    Restart Count:  0
    Environment:    <none>
    Mounts:
      /var/run/secrets/kubernetes.io/serviceaccount from kube-api-access-485v9 (ro)
Containers:
  hermod-coordinator:
    Container ID:   containerd://878d93522f383b1f1e0484fc54b3ad4ecaf7ea423f285ef959829dd04589bce8
    Image:          hermod-coordinator:latest
    Image ID:       sha256:ca91ccdfcd269dd5e4e25d5ffe8d863ca5db57e5c4f62f08c8adf90d23c15eaf
    Port:           42069/TCP (http)
    Host Port:      0/TCP (http)
    State:          Running
      Started:      Mon, 27 Apr 2026 04:27:22 +0200
    Ready:          True
    Restart Count:  0
    Limits:
      cpu:     1500m
      memory:  1536Mi
    Requests:
      cpu:      200m
      memory:   256Mi
    Liveness:   http-get http://:42069/healthz delay=60s timeout=1s period=30s #success=1 #failure=3
    Readiness:  http-get http://:42069/healthz/ready delay=5s timeout=1s period=10s #success=1 #failure=3
    Startup:    http-get http://:42069/healthz delay=0s timeout=1s period=5s #success=1 #failure=30
    Environment:
      ASPNETCORE_ENVIRONMENT:               Production
      ASPNETCORE_URLS:                      http://+:42069
      DOTNET_USE_POLLING_FILE_WATCHER:      true
      Hermod__Security__AuthBypass:         true
      Hermod__Security__VaultRequireHttps:  false
      Hermod__Features__MetricsEndpoint:    true
      Hermod__Dev__Endpoints:               true
      Hermod__Mqtt__Host:                   nanomq
      Hermod__Mqtt__Port:                   1883
      Hermod__Mqtt__UseTls:                 false
      Hermod__Mqtt__Tls__UseTls:            false
      Hermod__Mqtt__Username:               <set to the key 'mqtt-username' in secret 'hermod-secrets'>  Optional: false
      Hermod__Mqtt__Password:               <set to the key 'mqtt-password' in secret 'hermod-secrets'>  Optional: false
      Hermod__Database__ConnectionString:   Host=postgres;Port=5432;Database=hermod;Username=hermod_app
      Hermod__Database__Password:           <set to the key 'hermod-db-password' in secret 'hermod-db-credentials'>  Optional: false
    Mounts:
      /var/run/secrets/kubernetes.io/serviceaccount from kube-api-access-485v9 (ro)
Conditions:
  Type                        Status
  PodReadyToStartContainers   True 
  Initialized                 True 
  Ready                       True 
  ContainersReady             True 
  PodScheduled                True 
Volumes:
  kube-api-access-485v9:
    Type:                    Projected (a volume that contains injected data from multiple sources)
    TokenExpirationSeconds:  3607
    ConfigMapName:           kube-root-ca.crt
    Optional:                false
    DownwardAPI:             true
QoS Class:                   Burstable
Node-Selectors:              <none>
Tolerations:                 node.kubernetes.io/not-ready:NoExecute op=Exists for 300s
                             node.kubernetes.io/unreachable:NoExecute op=Exists for 300s
Events:
  Type    Reason     Age   From               Message
  ----    ------     ----  ----               -------
  Normal  Scheduled  102s  default-scheduler  Successfully assigned coord-only/hermod-coordinator-788cdc665d-msp2c to <pi-host>
  Normal  Pulled     102s  kubelet            spec.initContainers{wait-for-postgres}: Container image "busybox:1.36" already present on machine
  Normal  Created    102s  kubelet            spec.initContainers{wait-for-postgres}: Created container: wait-for-postgres
  Normal  Started    102s  kubelet            spec.initContainers{wait-for-postgres}: Started container wait-for-postgres
  Normal  Pulled     101s  kubelet            spec.initContainers{wait-for-nanomq}: Container image "busybox:1.36" already present on machine
  Normal  Created    101s  kubelet            spec.initContainers{wait-for-nanomq}: Created container: wait-for-nanomq
  Normal  Started    101s  kubelet            spec.initContainers{wait-for-nanomq}: Started container wait-for-nanomq
  Normal  Pulled     94s   kubelet            spec.containers{hermod-coordinator}: Container image "hermod-coordinator:latest" already present on machine
  Normal  Created    94s   kubelet            spec.containers{hermod-coordinator}: Created container: hermod-coordinator
  Normal  Started    94s   kubelet            spec.containers{hermod-coordinator}: Started container hermod-coordinator


Name:             nanomq-b48cc5758-6fhlf
Namespace:        coord-only
Priority:         0
Service Account:  default
Node:             <pi-host>/<pi-ip>
Start Time:       Mon, 27 Apr 2026 04:27:14 +0200
Labels:           app=nanomq
                  pod-template-hash=b48cc5758
Annotations:      cni.projectcalico.org/containerID: da35e0ed99fe5e9c323e236aa9d0c074c7517cdba84fbd8a11f3afcd03a83917
                  cni.projectcalico.org/podIP: <pod-ip>/32
                  cni.projectcalico.org/podIPs: <pod-ip>/32
                  kubectl.kubernetes.io/restartedAt: 2026-04-27T04:27:12+02:00
Status:           Running
IP:               <pod-ip>
IPs:
  IP:           <pod-ip>
Controlled By:  ReplicaSet/nanomq-b48cc5758
Containers:
  nanomq:
    Container ID:   containerd://1c4f43c5612b6f9420a2a8ade580f5cf01e6ff9546cfa13acbf9169e5a74f0fb
    Image:          emqx/nanomq:0.21-slim
    Image ID:       docker.io/emqx/nanomq@sha256:53bea7acb547aced1cc45e08c514628f1e41c4da9ad544fd8c5fa96d3e9eb41b
    Ports:          1883/TCP (mqtt), 8081/TCP (http)
    Host Ports:     0/TCP (mqtt), 0/TCP (http)
    State:          Running
      Started:      Mon, 27 Apr 2026 04:27:15 +0200
    Ready:          True
    Restart Count:  0
    Limits:
      cpu:     1
      memory:  512Mi
    Requests:
      cpu:        50m
      memory:     64Mi
    Liveness:     tcp-socket :1883 delay=10s timeout=1s period=10s #success=1 #failure=3
    Readiness:    tcp-socket :1883 delay=3s timeout=1s period=5s #success=1 #failure=3
    Environment:  <none>
    Mounts:
      /etc/nanomq.conf from config (rw,path="nanomq.conf")
      /var/run/secrets/kubernetes.io/serviceaccount from kube-api-access-w4w6z (ro)
Conditions:
  Type                        Status
  PodReadyToStartContainers   True 
  Initialized                 True 
  Ready                       True 
  ContainersReady             True 
  PodScheduled                True 
Volumes:
  config:
    Type:      ConfigMap (a volume populated by a ConfigMap)
    Name:      nanomq-config
    Optional:  false
  kube-api-access-w4w6z:
    Type:                    Projected (a volume that contains injected data from multiple sources)
    TokenExpirationSeconds:  3607
    ConfigMapName:           kube-root-ca.crt
    Optional:                false
    DownwardAPI:             true
QoS Class:                   Burstable
Node-Selectors:              <none>
Tolerations:                 node.kubernetes.io/not-ready:NoExecute op=Exists for 300s
                             node.kubernetes.io/unreachable:NoExecute op=Exists for 300s
Events:
  Type    Reason     Age   From               Message
  ----    ------     ----  ----               -------
  Normal  Scheduled  102s  default-scheduler  Successfully assigned coord-only/nanomq-b48cc5758-6fhlf to <pi-host>
  Normal  Pulled     102s  kubelet            spec.containers{nanomq}: Container image "emqx/nanomq:0.21-slim" already present on machine
  Normal  Created    101s  kubelet            spec.containers{nanomq}: Created container: nanomq
  Normal  Started    101s  kubelet            spec.containers{nanomq}: Started container nanomq


Name:             postgres-0
Namespace:        coord-only
Priority:         0
Service Account:  default
Node:             <pi-host>/<pi-ip>
Start Time:       Mon, 27 Apr 2026 04:16:57 +0200
Labels:           app=postgres
                  apps.kubernetes.io/pod-index=0
                  controller-revision-hash=postgres-6497897965
                  statefulset.kubernetes.io/pod-name=postgres-0
Annotations:      cni.projectcalico.org/containerID: 69fb4823b666d3d2a1395c00ab9b26a33337431372918fb41d9f85f42d91a056
                  cni.projectcalico.org/podIP: <pod-ip>/32
                  cni.projectcalico.org/podIPs: <pod-ip>/32
Status:           Running
IP:               <pod-ip>
IPs:
  IP:           <pod-ip>
Controlled By:  StatefulSet/postgres
Containers:
  postgres:
    Container ID:  containerd://adf8585ccc9b705cf0261f22f8e1c254a24670c72b998bb7a052f31e3a5ae5be
    Image:         postgres:17-alpine
    Image ID:      docker.io/library/postgres@sha256:778d0b486d6daa02b77434d0358ec57a1b21fd8b6d22ac2eef56a33e816928f6
    Port:          5432/TCP
    Host Port:     0/TCP
    Args:
      -c
      shared_buffers=256MB
      -c
      max_connections=200
      -c
      work_mem=16MB
    State:          Running
      Started:      Mon, 27 Apr 2026 04:16:58 +0200
    Ready:          True
    Restart Count:  0
    Limits:
      cpu:     1500m
      memory:  1536Mi
    Requests:
      cpu:      100m
      memory:   256Mi
    Liveness:   exec [pg_isready -U postgres] delay=30s timeout=1s period=10s #success=1 #failure=3
    Readiness:  exec [pg_isready -U postgres] delay=5s timeout=1s period=5s #success=1 #failure=3
    Environment:
      POSTGRES_DB:        postgres
      POSTGRES_USER:      postgres
      POSTGRES_PASSWORD:  <set to the key 'postgres-superuser-password' in secret 'hermod-secrets'>  Optional: false
    Mounts:
      /docker-entrypoint-initdb.d from init (rw)
      /var/lib/postgresql/data from data (rw)
      /var/run/secrets/kubernetes.io/serviceaccount from kube-api-access-79j56 (ro)
Conditions:
  Type                        Status
  PodReadyToStartContainers   True 
  Initialized                 True 
  Ready                       True 
  ContainersReady             True 
  PodScheduled                True 
Volumes:
  data:
    Type:       PersistentVolumeClaim (a reference to a PersistentVolumeClaim in the same namespace)
    ClaimName:  data-postgres-0
    ReadOnly:   false
  init:
    Type:      ConfigMap (a volume populated by a ConfigMap)
    Name:      postgres-init
    Optional:  false
  kube-api-access-79j56:
    Type:                    Projected (a volume that contains injected data from multiple sources)
    TokenExpirationSeconds:  3607
    ConfigMapName:           kube-root-ca.crt
    Optional:                false
    DownwardAPI:             true
QoS Class:                   Burstable
Node-Selectors:              <none>
Tolerations:                 node.kubernetes.io/not-ready:NoExecute op=Exists for 300s
                             node.kubernetes.io/unreachable:NoExecute op=Exists for 300s
Events:                      <none>

=== ts=1777256947 ===
Name:             hermod-coordinator-788cdc665d-msp2c
Namespace:        coord-only
Priority:         0
Service Account:  default
Node:             <pi-host>/<pi-ip>
Start Time:       Mon, 27 Apr 2026 04:27:13 +0200
Labels:           app=hermod-coordinator
                  pod-template-hash=788cdc665d
Annotations:      cni.projectcalico.org/containerID: 26bec51daf3f0c19fec24d81cda04fedf5d4df91d04fbbf2f5f4115ab5db7c6d
                  cni.projectcalico.org/podIP: <pod-ip>/32
                  cni.projectcalico.org/podIPs: <pod-ip>/32
                  kubectl.kubernetes.io/restartedAt: 2026-04-27T04:27:12+02:00
Status:           Running
IP:               <pod-ip>
IPs:
  IP:           <pod-ip>
Controlled By:  ReplicaSet/hermod-coordinator-788cdc665d
Init Containers:
  wait-for-postgres:
    Container ID:  containerd://961e284569a2cebb1fd0abb9b2691f8fd70bc4414dc355066e815c766b0014ca
    Image:         busybox:1.36
    Image ID:      docker.io/library/busybox@sha256:73aaf090f3d85aa34ee199857f03fa3a95c8ede2ffd4cc2cdb5b94e566b11662
    Port:          <none>
    Host Port:     <none>
    Command:
      sh
      -c
      until nc -z postgres 5432; do sleep 2; done
    State:          Terminated
      Reason:       Completed
      Exit Code:    0
      Started:      Mon, 27 Apr 2026 04:27:14 +0200
      Finished:     Mon, 27 Apr 2026 04:27:14 +0200
    Ready:          True
    Restart Count:  0
    Environment:    <none>
    Mounts:
      /var/run/secrets/kubernetes.io/serviceaccount from kube-api-access-485v9 (ro)
  wait-for-nanomq:
    Container ID:  containerd://f5c0d912e9f8ec0d08a5b07b5a89bb89936b90cef34e5b259bfef65a888512b1
    Image:         busybox:1.36
    Image ID:      docker.io/library/busybox@sha256:73aaf090f3d85aa34ee199857f03fa3a95c8ede2ffd4cc2cdb5b94e566b11662
    Port:          <none>
    Host Port:     <none>
    Command:
      sh
      -c
      until nc -z nanomq 1883; do sleep 2; done
    State:          Terminated
      Reason:       Completed
      Exit Code:    0
      Started:      Mon, 27 Apr 2026 04:27:15 +0200
      Finished:     Mon, 27 Apr 2026 04:27:21 +0200
    Ready:          True
    Restart Count:  0
    Environment:    <none>
    Mounts:
      /var/run/secrets/kubernetes.io/serviceaccount from kube-api-access-485v9 (ro)
Containers:
  hermod-coordinator:
    Container ID:   containerd://878d93522f383b1f1e0484fc54b3ad4ecaf7ea423f285ef959829dd04589bce8
    Image:          hermod-coordinator:latest
    Image ID:       sha256:ca91ccdfcd269dd5e4e25d5ffe8d863ca5db57e5c4f62f08c8adf90d23c15eaf
    Port:           42069/TCP (http)
    Host Port:      0/TCP (http)
    State:          Running
      Started:      Mon, 27 Apr 2026 04:27:22 +0200
    Ready:          True
    Restart Count:  0
    Limits:
      cpu:     1500m
      memory:  1536Mi
    Requests:
      cpu:      200m
      memory:   256Mi
    Liveness:   http-get http://:42069/healthz delay=60s timeout=1s period=30s #success=1 #failure=3
    Readiness:  http-get http://:42069/healthz/ready delay=5s timeout=1s period=10s #success=1 #failure=3
    Startup:    http-get http://:42069/healthz delay=0s timeout=1s period=5s #success=1 #failure=30
    Environment:
      ASPNETCORE_ENVIRONMENT:               Production
      ASPNETCORE_URLS:                      http://+:42069
      DOTNET_USE_POLLING_FILE_WATCHER:      true
      Hermod__Security__AuthBypass:         true
      Hermod__Security__VaultRequireHttps:  false
      Hermod__Features__MetricsEndpoint:    true
      Hermod__Dev__Endpoints:               true
      Hermod__Mqtt__Host:                   nanomq
      Hermod__Mqtt__Port:                   1883
      Hermod__Mqtt__UseTls:                 false
      Hermod__Mqtt__Tls__UseTls:            false
      Hermod__Mqtt__Username:               <set to the key 'mqtt-username' in secret 'hermod-secrets'>  Optional: false
      Hermod__Mqtt__Password:               <set to the key 'mqtt-password' in secret 'hermod-secrets'>  Optional: false
      Hermod__Database__ConnectionString:   Host=postgres;Port=5432;Database=hermod;Username=hermod_app
      Hermod__Database__Password:           <set to the key 'hermod-db-password' in secret 'hermod-db-credentials'>  Optional: false
    Mounts:
      /var/run/secrets/kubernetes.io/serviceaccount from kube-api-access-485v9 (ro)
Conditions:
  Type                        Status
  PodReadyToStartContainers   True 
  Initialized                 True 
  Ready                       True 
  ContainersReady             True 
  PodScheduled                True 
Volumes:
  kube-api-access-485v9:
    Type:                    Projected (a volume that contains injected data from multiple sources)
    TokenExpirationSeconds:  3607
    ConfigMapName:           kube-root-ca.crt
    Optional:                false
    DownwardAPI:             true
QoS Class:                   Burstable
Node-Selectors:              <none>
Tolerations:                 node.kubernetes.io/not-ready:NoExecute op=Exists for 300s
                             node.kubernetes.io/unreachable:NoExecute op=Exists for 300s
Events:
  Type    Reason     Age   From               Message
  ----    ------     ----  ----               -------
  Normal  Scheduled  113s  default-scheduler  Successfully assigned coord-only/hermod-coordinator-788cdc665d-msp2c to <pi-host>
  Normal  Pulled     113s  kubelet            spec.initContainers{wait-for-postgres}: Container image "busybox:1.36" already present on machine
  Normal  Created    113s  kubelet            spec.initContainers{wait-for-postgres}: Created container: wait-for-postgres
  Normal  Started    113s  kubelet            spec.initContainers{wait-for-postgres}: Started container wait-for-postgres
  Normal  Pulled     112s  kubelet            spec.initContainers{wait-for-nanomq}: Container image "busybox:1.36" already present on machine
  Normal  Created    112s  kubelet            spec.initContainers{wait-for-nanomq}: Created container: wait-for-nanomq
  Normal  Started    112s  kubelet            spec.initContainers{wait-for-nanomq}: Started container wait-for-nanomq
  Normal  Pulled     105s  kubelet            spec.containers{hermod-coordinator}: Container image "hermod-coordinator:latest" already present on machine
  Normal  Created    105s  kubelet            spec.containers{hermod-coordinator}: Created container: hermod-coordinator
  Normal  Started    105s  kubelet            spec.containers{hermod-coordinator}: Started container hermod-coordinator


Name:             nanomq-b48cc5758-6fhlf
Namespace:        coord-only
Priority:         0
Service Account:  default
Node:             <pi-host>/<pi-ip>
Start Time:       Mon, 27 Apr 2026 04:27:14 +0200
Labels:           app=nanomq
                  pod-template-hash=b48cc5758
Annotations:      cni.projectcalico.org/containerID: da35e0ed99fe5e9c323e236aa9d0c074c7517cdba84fbd8a11f3afcd03a83917
                  cni.projectcalico.org/podIP: <pod-ip>/32
                  cni.projectcalico.org/podIPs: <pod-ip>/32
                  kubectl.kubernetes.io/restartedAt: 2026-04-27T04:27:12+02:00
Status:           Running
IP:               <pod-ip>
IPs:
  IP:           <pod-ip>
Controlled By:  ReplicaSet/nanomq-b48cc5758
Containers:
  nanomq:
    Container ID:   containerd://1c4f43c5612b6f9420a2a8ade580f5cf01e6ff9546cfa13acbf9169e5a74f0fb
    Image:          emqx/nanomq:0.21-slim
    Image ID:       docker.io/emqx/nanomq@sha256:53bea7acb547aced1cc45e08c514628f1e41c4da9ad544fd8c5fa96d3e9eb41b
    Ports:          1883/TCP (mqtt), 8081/TCP (http)
    Host Ports:     0/TCP (mqtt), 0/TCP (http)
    State:          Running
      Started:      Mon, 27 Apr 2026 04:27:15 +0200
    Ready:          True
    Restart Count:  0
    Limits:
      cpu:     1
      memory:  512Mi
    Requests:
      cpu:        50m
      memory:     64Mi
    Liveness:     tcp-socket :1883 delay=10s timeout=1s period=10s #success=1 #failure=3
    Readiness:    tcp-socket :1883 delay=3s timeout=1s period=5s #success=1 #failure=3
    Environment:  <none>
    Mounts:
      /etc/nanomq.conf from config (rw,path="nanomq.conf")
      /var/run/secrets/kubernetes.io/serviceaccount from kube-api-access-w4w6z (ro)
Conditions:
  Type                        Status
  PodReadyToStartContainers   True 
  Initialized                 True 
  Ready                       True 
  ContainersReady             True 
  PodScheduled                True 
Volumes:
  config:
    Type:      ConfigMap (a volume populated by a ConfigMap)
    Name:      nanomq-config
    Optional:  false
  kube-api-access-w4w6z:
    Type:                    Projected (a volume that contains injected data from multiple sources)
    TokenExpirationSeconds:  3607
    ConfigMapName:           kube-root-ca.crt
    Optional:                false
    DownwardAPI:             true
QoS Class:                   Burstable
Node-Selectors:              <none>
Tolerations:                 node.kubernetes.io/not-ready:NoExecute op=Exists for 300s
                             node.kubernetes.io/unreachable:NoExecute op=Exists for 300s
Events:
  Type    Reason     Age   From               Message
  ----    ------     ----  ----               -------
  Normal  Scheduled  113s  default-scheduler  Successfully assigned coord-only/nanomq-b48cc5758-6fhlf to <pi-host>
  Normal  Pulled     113s  kubelet            spec.containers{nanomq}: Container image "emqx/nanomq:0.21-slim" already present on machine
  Normal  Created    112s  kubelet            spec.containers{nanomq}: Created container: nanomq
  Normal  Started    112s  kubelet            spec.containers{nanomq}: Started container nanomq


Name:             postgres-0
Namespace:        coord-only
Priority:         0
Service Account:  default
Node:             <pi-host>/<pi-ip>
Start Time:       Mon, 27 Apr 2026 04:16:57 +0200
Labels:           app=postgres
                  apps.kubernetes.io/pod-index=0
                  controller-revision-hash=postgres-6497897965
                  statefulset.kubernetes.io/pod-name=postgres-0
Annotations:      cni.projectcalico.org/containerID: 69fb4823b666d3d2a1395c00ab9b26a33337431372918fb41d9f85f42d91a056
                  cni.projectcalico.org/podIP: <pod-ip>/32
                  cni.projectcalico.org/podIPs: <pod-ip>/32
Status:           Running
IP:               <pod-ip>
IPs:
  IP:           <pod-ip>
Controlled By:  StatefulSet/postgres
Containers:
  postgres:
    Container ID:  containerd://adf8585ccc9b705cf0261f22f8e1c254a24670c72b998bb7a052f31e3a5ae5be
    Image:         postgres:17-alpine
    Image ID:      docker.io/library/postgres@sha256:778d0b486d6daa02b77434d0358ec57a1b21fd8b6d22ac2eef56a33e816928f6
    Port:          5432/TCP
    Host Port:     0/TCP
    Args:
      -c
      shared_buffers=256MB
      -c
      max_connections=200
      -c
      work_mem=16MB
    State:          Running
      Started:      Mon, 27 Apr 2026 04:16:58 +0200
    Ready:          True
    Restart Count:  0
    Limits:
      cpu:     1500m
      memory:  1536Mi
    Requests:
      cpu:      100m
      memory:   256Mi
    Liveness:   exec [pg_isready -U postgres] delay=30s timeout=1s period=10s #success=1 #failure=3
    Readiness:  exec [pg_isready -U postgres] delay=5s timeout=1s period=5s #success=1 #failure=3
    Environment:
      POSTGRES_DB:        postgres
      POSTGRES_USER:      postgres
      POSTGRES_PASSWORD:  <set to the key 'postgres-superuser-password' in secret 'hermod-secrets'>  Optional: false
    Mounts:
      /docker-entrypoint-initdb.d from init (rw)
      /var/lib/postgresql/data from data (rw)
      /var/run/secrets/kubernetes.io/serviceaccount from kube-api-access-79j56 (ro)
Conditions:
  Type                        Status
  PodReadyToStartContainers   True 
  Initialized                 True 
  Ready                       True 
  ContainersReady             True 
  PodScheduled                True 
Volumes:
  data:
    Type:       PersistentVolumeClaim (a reference to a PersistentVolumeClaim in the same namespace)
    ClaimName:  data-postgres-0
    ReadOnly:   false
  init:
    Type:      ConfigMap (a volume populated by a ConfigMap)
    Name:      postgres-init
    Optional:  false
  kube-api-access-79j56:
    Type:                    Projected (a volume that contains injected data from multiple sources)
    TokenExpirationSeconds:  3607
    ConfigMapName:           kube-root-ca.crt
    Optional:                false
    DownwardAPI:             true
QoS Class:                   Burstable
Node-Selectors:              <none>
Tolerations:                 node.kubernetes.io/not-ready:NoExecute op=Exists for 300s
                             node.kubernetes.io/unreachable:NoExecute op=Exists for 300s
Events:                      <none>

=== ts=1777256958 ===
Name:             hermod-coordinator-788cdc665d-msp2c
Namespace:        coord-only
Priority:         0
Service Account:  default
Node:             <pi-host>/<pi-ip>
Start Time:       Mon, 27 Apr 2026 04:27:13 +0200
Labels:           app=hermod-coordinator
                  pod-template-hash=788cdc665d
Annotations:      cni.projectcalico.org/containerID: 26bec51daf3f0c19fec24d81cda04fedf5d4df91d04fbbf2f5f4115ab5db7c6d
                  cni.projectcalico.org/podIP: <pod-ip>/32
                  cni.projectcalico.org/podIPs: <pod-ip>/32
                  kubectl.kubernetes.io/restartedAt: 2026-04-27T04:27:12+02:00
Status:           Running
IP:               <pod-ip>
IPs:
  IP:           <pod-ip>
Controlled By:  ReplicaSet/hermod-coordinator-788cdc665d
Init Containers:
  wait-for-postgres:
    Container ID:  containerd://961e284569a2cebb1fd0abb9b2691f8fd70bc4414dc355066e815c766b0014ca
    Image:         busybox:1.36
    Image ID:      docker.io/library/busybox@sha256:73aaf090f3d85aa34ee199857f03fa3a95c8ede2ffd4cc2cdb5b94e566b11662
    Port:          <none>
    Host Port:     <none>
    Command:
      sh
      -c
      until nc -z postgres 5432; do sleep 2; done
    State:          Terminated
      Reason:       Completed
      Exit Code:    0
      Started:      Mon, 27 Apr 2026 04:27:14 +0200
      Finished:     Mon, 27 Apr 2026 04:27:14 +0200
    Ready:          True
    Restart Count:  0
    Environment:    <none>
    Mounts:
      /var/run/secrets/kubernetes.io/serviceaccount from kube-api-access-485v9 (ro)
  wait-for-nanomq:
    Container ID:  containerd://f5c0d912e9f8ec0d08a5b07b5a89bb89936b90cef34e5b259bfef65a888512b1
    Image:         busybox:1.36
    Image ID:      docker.io/library/busybox@sha256:73aaf090f3d85aa34ee199857f03fa3a95c8ede2ffd4cc2cdb5b94e566b11662
    Port:          <none>
    Host Port:     <none>
    Command:
      sh
      -c
      until nc -z nanomq 1883; do sleep 2; done
    State:          Terminated
      Reason:       Completed
      Exit Code:    0
      Started:      Mon, 27 Apr 2026 04:27:15 +0200
      Finished:     Mon, 27 Apr 2026 04:27:21 +0200
    Ready:          True
    Restart Count:  0
    Environment:    <none>
    Mounts:
      /var/run/secrets/kubernetes.io/serviceaccount from kube-api-access-485v9 (ro)
Containers:
  hermod-coordinator:
    Container ID:   containerd://878d93522f383b1f1e0484fc54b3ad4ecaf7ea423f285ef959829dd04589bce8
    Image:          hermod-coordinator:latest
    Image ID:       sha256:ca91ccdfcd269dd5e4e25d5ffe8d863ca5db57e5c4f62f08c8adf90d23c15eaf
    Port:           42069/TCP (http)
    Host Port:      0/TCP (http)
    State:          Running
      Started:      Mon, 27 Apr 2026 04:27:22 +0200
    Ready:          True
    Restart Count:  0
    Limits:
      cpu:     1500m
      memory:  1536Mi
    Requests:
      cpu:      200m
      memory:   256Mi
    Liveness:   http-get http://:42069/healthz delay=60s timeout=1s period=30s #success=1 #failure=3
    Readiness:  http-get http://:42069/healthz/ready delay=5s timeout=1s period=10s #success=1 #failure=3
    Startup:    http-get http://:42069/healthz delay=0s timeout=1s period=5s #success=1 #failure=30
    Environment:
      ASPNETCORE_ENVIRONMENT:               Production
      ASPNETCORE_URLS:                      http://+:42069
      DOTNET_USE_POLLING_FILE_WATCHER:      true
      Hermod__Security__AuthBypass:         true
      Hermod__Security__VaultRequireHttps:  false
      Hermod__Features__MetricsEndpoint:    true
      Hermod__Dev__Endpoints:               true
      Hermod__Mqtt__Host:                   nanomq
      Hermod__Mqtt__Port:                   1883
      Hermod__Mqtt__UseTls:                 false
      Hermod__Mqtt__Tls__UseTls:            false
      Hermod__Mqtt__Username:               <set to the key 'mqtt-username' in secret 'hermod-secrets'>  Optional: false
      Hermod__Mqtt__Password:               <set to the key 'mqtt-password' in secret 'hermod-secrets'>  Optional: false
      Hermod__Database__ConnectionString:   Host=postgres;Port=5432;Database=hermod;Username=hermod_app
      Hermod__Database__Password:           <set to the key 'hermod-db-password' in secret 'hermod-db-credentials'>  Optional: false
    Mounts:
      /var/run/secrets/kubernetes.io/serviceaccount from kube-api-access-485v9 (ro)
Conditions:
  Type                        Status
  PodReadyToStartContainers   True 
  Initialized                 True 
  Ready                       True 
  ContainersReady             True 
  PodScheduled                True 
Volumes:
  kube-api-access-485v9:
    Type:                    Projected (a volume that contains injected data from multiple sources)
    TokenExpirationSeconds:  3607
    ConfigMapName:           kube-root-ca.crt
    Optional:                false
    DownwardAPI:             true
QoS Class:                   Burstable
Node-Selectors:              <none>
Tolerations:                 node.kubernetes.io/not-ready:NoExecute op=Exists for 300s
                             node.kubernetes.io/unreachable:NoExecute op=Exists for 300s
Events:
  Type    Reason     Age   From               Message
  ----    ------     ----  ----               -------
  Normal  Scheduled  2m4s  default-scheduler  Successfully assigned coord-only/hermod-coordinator-788cdc665d-msp2c to <pi-host>
  Normal  Pulled     2m4s  kubelet            spec.initContainers{wait-for-postgres}: Container image "busybox:1.36" already present on machine
  Normal  Created    2m4s  kubelet            spec.initContainers{wait-for-postgres}: Created container: wait-for-postgres
  Normal  Started    2m4s  kubelet            spec.initContainers{wait-for-postgres}: Started container wait-for-postgres
  Normal  Pulled     2m3s  kubelet            spec.initContainers{wait-for-nanomq}: Container image "busybox:1.36" already present on machine
  Normal  Created    2m3s  kubelet            spec.initContainers{wait-for-nanomq}: Created container: wait-for-nanomq
  Normal  Started    2m3s  kubelet            spec.initContainers{wait-for-nanomq}: Started container wait-for-nanomq
  Normal  Pulled     116s  kubelet            spec.containers{hermod-coordinator}: Container image "hermod-coordinator:latest" already present on machine
  Normal  Created    116s  kubelet            spec.containers{hermod-coordinator}: Created container: hermod-coordinator
  Normal  Started    116s  kubelet            spec.containers{hermod-coordinator}: Started container hermod-coordinator


Name:             nanomq-b48cc5758-6fhlf
Namespace:        coord-only
Priority:         0
Service Account:  default
Node:             <pi-host>/<pi-ip>
Start Time:       Mon, 27 Apr 2026 04:27:14 +0200
Labels:           app=nanomq
                  pod-template-hash=b48cc5758
Annotations:      cni.projectcalico.org/containerID: da35e0ed99fe5e9c323e236aa9d0c074c7517cdba84fbd8a11f3afcd03a83917
                  cni.projectcalico.org/podIP: <pod-ip>/32
                  cni.projectcalico.org/podIPs: <pod-ip>/32
                  kubectl.kubernetes.io/restartedAt: 2026-04-27T04:27:12+02:00
Status:           Running
IP:               <pod-ip>
IPs:
  IP:           <pod-ip>
Controlled By:  ReplicaSet/nanomq-b48cc5758
Containers:
  nanomq:
    Container ID:   containerd://1c4f43c5612b6f9420a2a8ade580f5cf01e6ff9546cfa13acbf9169e5a74f0fb
    Image:          emqx/nanomq:0.21-slim
    Image ID:       docker.io/emqx/nanomq@sha256:53bea7acb547aced1cc45e08c514628f1e41c4da9ad544fd8c5fa96d3e9eb41b
    Ports:          1883/TCP (mqtt), 8081/TCP (http)
    Host Ports:     0/TCP (mqtt), 0/TCP (http)
    State:          Running
      Started:      Mon, 27 Apr 2026 04:27:15 +0200
    Ready:          True
    Restart Count:  0
    Limits:
      cpu:     1
      memory:  512Mi
    Requests:
      cpu:        50m
      memory:     64Mi
    Liveness:     tcp-socket :1883 delay=10s timeout=1s period=10s #success=1 #failure=3
    Readiness:    tcp-socket :1883 delay=3s timeout=1s period=5s #success=1 #failure=3
    Environment:  <none>
    Mounts:
      /etc/nanomq.conf from config (rw,path="nanomq.conf")
      /var/run/secrets/kubernetes.io/serviceaccount from kube-api-access-w4w6z (ro)
Conditions:
  Type                        Status
  PodReadyToStartContainers   True 
  Initialized                 True 
  Ready                       True 
  ContainersReady             True 
  PodScheduled                True 
Volumes:
  config:
    Type:      ConfigMap (a volume populated by a ConfigMap)
    Name:      nanomq-config
    Optional:  false
  kube-api-access-w4w6z:
    Type:                    Projected (a volume that contains injected data from multiple sources)
    TokenExpirationSeconds:  3607
    ConfigMapName:           kube-root-ca.crt
    Optional:                false
    DownwardAPI:             true
QoS Class:                   Burstable
Node-Selectors:              <none>
Tolerations:                 node.kubernetes.io/not-ready:NoExecute op=Exists for 300s
                             node.kubernetes.io/unreachable:NoExecute op=Exists for 300s
Events:
  Type    Reason     Age   From               Message
  ----    ------     ----  ----               -------
  Normal  Scheduled  2m4s  default-scheduler  Successfully assigned coord-only/nanomq-b48cc5758-6fhlf to <pi-host>
  Normal  Pulled     2m4s  kubelet            spec.containers{nanomq}: Container image "emqx/nanomq:0.21-slim" already present on machine
  Normal  Created    2m3s  kubelet            spec.containers{nanomq}: Created container: nanomq
  Normal  Started    2m3s  kubelet            spec.containers{nanomq}: Started container nanomq


Name:             postgres-0
Namespace:        coord-only
Priority:         0
Service Account:  default
Node:             <pi-host>/<pi-ip>
Start Time:       Mon, 27 Apr 2026 04:16:57 +0200
Labels:           app=postgres
                  apps.kubernetes.io/pod-index=0
                  controller-revision-hash=postgres-6497897965
                  statefulset.kubernetes.io/pod-name=postgres-0
Annotations:      cni.projectcalico.org/containerID: 69fb4823b666d3d2a1395c00ab9b26a33337431372918fb41d9f85f42d91a056
                  cni.projectcalico.org/podIP: <pod-ip>/32
                  cni.projectcalico.org/podIPs: <pod-ip>/32
Status:           Running
IP:               <pod-ip>
IPs:
  IP:           <pod-ip>
Controlled By:  StatefulSet/postgres
Containers:
  postgres:
    Container ID:  containerd://adf8585ccc9b705cf0261f22f8e1c254a24670c72b998bb7a052f31e3a5ae5be
    Image:         postgres:17-alpine
    Image ID:      docker.io/library/postgres@sha256:778d0b486d6daa02b77434d0358ec57a1b21fd8b6d22ac2eef56a33e816928f6
    Port:          5432/TCP
    Host Port:     0/TCP
    Args:
      -c
      shared_buffers=256MB
      -c
      max_connections=200
      -c
      work_mem=16MB
    State:          Running
      Started:      Mon, 27 Apr 2026 04:16:58 +0200
    Ready:          True
    Restart Count:  0
    Limits:
      cpu:     1500m
      memory:  1536Mi
    Requests:
      cpu:      100m
      memory:   256Mi
    Liveness:   exec [pg_isready -U postgres] delay=30s timeout=1s period=10s #success=1 #failure=3
    Readiness:  exec [pg_isready -U postgres] delay=5s timeout=1s period=5s #success=1 #failure=3
    Environment:
      POSTGRES_DB:        postgres
      POSTGRES_USER:      postgres
      POSTGRES_PASSWORD:  <set to the key 'postgres-superuser-password' in secret 'hermod-secrets'>  Optional: false
    Mounts:
      /docker-entrypoint-initdb.d from init (rw)
      /var/lib/postgresql/data from data (rw)
      /var/run/secrets/kubernetes.io/serviceaccount from kube-api-access-79j56 (ro)
Conditions:
  Type                        Status
  PodReadyToStartContainers   True 
  Initialized                 True 
  Ready                       True 
  ContainersReady             True 
  PodScheduled                True 
Volumes:
  data:
    Type:       PersistentVolumeClaim (a reference to a PersistentVolumeClaim in the same namespace)
    ClaimName:  data-postgres-0
    ReadOnly:   false
  init:
    Type:      ConfigMap (a volume populated by a ConfigMap)
    Name:      postgres-init
    Optional:  false
  kube-api-access-79j56:
    Type:                    Projected (a volume that contains injected data from multiple sources)
    TokenExpirationSeconds:  3607
    ConfigMapName:           kube-root-ca.crt
    Optional:                false
    DownwardAPI:             true
QoS Class:                   Burstable
Node-Selectors:              <none>
Tolerations:                 node.kubernetes.io/not-ready:NoExecute op=Exists for 300s
                             node.kubernetes.io/unreachable:NoExecute op=Exists for 300s
Events:                      <none>

=== ts=1777256969 ===
Name:             hermod-coordinator-788cdc665d-msp2c
Namespace:        coord-only
Priority:         0
Service Account:  default
Node:             <pi-host>/<pi-ip>
Start Time:       Mon, 27 Apr 2026 04:27:13 +0200
Labels:           app=hermod-coordinator
                  pod-template-hash=788cdc665d
Annotations:      cni.projectcalico.org/containerID: 26bec51daf3f0c19fec24d81cda04fedf5d4df91d04fbbf2f5f4115ab5db7c6d
                  cni.projectcalico.org/podIP: <pod-ip>/32
                  cni.projectcalico.org/podIPs: <pod-ip>/32
                  kubectl.kubernetes.io/restartedAt: 2026-04-27T04:27:12+02:00
Status:           Running
IP:               <pod-ip>
IPs:
  IP:           <pod-ip>
Controlled By:  ReplicaSet/hermod-coordinator-788cdc665d
Init Containers:
  wait-for-postgres:
    Container ID:  containerd://961e284569a2cebb1fd0abb9b2691f8fd70bc4414dc355066e815c766b0014ca
    Image:         busybox:1.36
    Image ID:      docker.io/library/busybox@sha256:73aaf090f3d85aa34ee199857f03fa3a95c8ede2ffd4cc2cdb5b94e566b11662
    Port:          <none>
    Host Port:     <none>
    Command:
      sh
      -c
      until nc -z postgres 5432; do sleep 2; done
    State:          Terminated
      Reason:       Completed
      Exit Code:    0
      Started:      Mon, 27 Apr 2026 04:27:14 +0200
      Finished:     Mon, 27 Apr 2026 04:27:14 +0200
    Ready:          True
    Restart Count:  0
    Environment:    <none>
    Mounts:
      /var/run/secrets/kubernetes.io/serviceaccount from kube-api-access-485v9 (ro)
  wait-for-nanomq:
    Container ID:  containerd://f5c0d912e9f8ec0d08a5b07b5a89bb89936b90cef34e5b259bfef65a888512b1
    Image:         busybox:1.36
    Image ID:      docker.io/library/busybox@sha256:73aaf090f3d85aa34ee199857f03fa3a95c8ede2ffd4cc2cdb5b94e566b11662
    Port:          <none>
    Host Port:     <none>
    Command:
      sh
      -c
      until nc -z nanomq 1883; do sleep 2; done
    State:          Terminated
      Reason:       Completed
      Exit Code:    0
      Started:      Mon, 27 Apr 2026 04:27:15 +0200
      Finished:     Mon, 27 Apr 2026 04:27:21 +0200
    Ready:          True
    Restart Count:  0
    Environment:    <none>
    Mounts:
      /var/run/secrets/kubernetes.io/serviceaccount from kube-api-access-485v9 (ro)
Containers:
  hermod-coordinator:
    Container ID:   containerd://878d93522f383b1f1e0484fc54b3ad4ecaf7ea423f285ef959829dd04589bce8
    Image:          hermod-coordinator:latest
    Image ID:       sha256:ca91ccdfcd269dd5e4e25d5ffe8d863ca5db57e5c4f62f08c8adf90d23c15eaf
    Port:           42069/TCP (http)
    Host Port:      0/TCP (http)
    State:          Running
      Started:      Mon, 27 Apr 2026 04:27:22 +0200
    Ready:          True
    Restart Count:  0
    Limits:
      cpu:     1500m
      memory:  1536Mi
    Requests:
      cpu:      200m
      memory:   256Mi
    Liveness:   http-get http://:42069/healthz delay=60s timeout=1s period=30s #success=1 #failure=3
    Readiness:  http-get http://:42069/healthz/ready delay=5s timeout=1s period=10s #success=1 #failure=3
    Startup:    http-get http://:42069/healthz delay=0s timeout=1s period=5s #success=1 #failure=30
    Environment:
      ASPNETCORE_ENVIRONMENT:               Production
      ASPNETCORE_URLS:                      http://+:42069
      DOTNET_USE_POLLING_FILE_WATCHER:      true
      Hermod__Security__AuthBypass:         true
      Hermod__Security__VaultRequireHttps:  false
      Hermod__Features__MetricsEndpoint:    true
      Hermod__Dev__Endpoints:               true
      Hermod__Mqtt__Host:                   nanomq
      Hermod__Mqtt__Port:                   1883
      Hermod__Mqtt__UseTls:                 false
      Hermod__Mqtt__Tls__UseTls:            false
      Hermod__Mqtt__Username:               <set to the key 'mqtt-username' in secret 'hermod-secrets'>  Optional: false
      Hermod__Mqtt__Password:               <set to the key 'mqtt-password' in secret 'hermod-secrets'>  Optional: false
      Hermod__Database__ConnectionString:   Host=postgres;Port=5432;Database=hermod;Username=hermod_app
      Hermod__Database__Password:           <set to the key 'hermod-db-password' in secret 'hermod-db-credentials'>  Optional: false
    Mounts:
      /var/run/secrets/kubernetes.io/serviceaccount from kube-api-access-485v9 (ro)
Conditions:
  Type                        Status
  PodReadyToStartContainers   True 
  Initialized                 True 
  Ready                       True 
  ContainersReady             True 
  PodScheduled                True 
Volumes:
  kube-api-access-485v9:
    Type:                    Projected (a volume that contains injected data from multiple sources)
    TokenExpirationSeconds:  3607
    ConfigMapName:           kube-root-ca.crt
    Optional:                false
    DownwardAPI:             true
QoS Class:                   Burstable
Node-Selectors:              <none>
Tolerations:                 node.kubernetes.io/not-ready:NoExecute op=Exists for 300s
                             node.kubernetes.io/unreachable:NoExecute op=Exists for 300s
Events:
  Type    Reason     Age    From               Message
  ----    ------     ----   ----               -------
  Normal  Scheduled  2m16s  default-scheduler  Successfully assigned coord-only/hermod-coordinator-788cdc665d-msp2c to <pi-host>
  Normal  Pulled     2m15s  kubelet            spec.initContainers{wait-for-postgres}: Container image "busybox:1.36" already present on machine
  Normal  Created    2m15s  kubelet            spec.initContainers{wait-for-postgres}: Created container: wait-for-postgres
  Normal  Started    2m15s  kubelet            spec.initContainers{wait-for-postgres}: Started container wait-for-postgres
  Normal  Pulled     2m14s  kubelet            spec.initContainers{wait-for-nanomq}: Container image "busybox:1.36" already present on machine
  Normal  Created    2m14s  kubelet            spec.initContainers{wait-for-nanomq}: Created container: wait-for-nanomq
  Normal  Started    2m14s  kubelet            spec.initContainers{wait-for-nanomq}: Started container wait-for-nanomq
  Normal  Pulled     2m7s   kubelet            spec.containers{hermod-coordinator}: Container image "hermod-coordinator:latest" already present on machine
  Normal  Created    2m7s   kubelet            spec.containers{hermod-coordinator}: Created container: hermod-coordinator
  Normal  Started    2m7s   kubelet            spec.containers{hermod-coordinator}: Started container hermod-coordinator


Name:             nanomq-b48cc5758-6fhlf
Namespace:        coord-only
Priority:         0
Service Account:  default
Node:             <pi-host>/<pi-ip>
Start Time:       Mon, 27 Apr 2026 04:27:14 +0200
Labels:           app=nanomq
                  pod-template-hash=b48cc5758
Annotations:      cni.projectcalico.org/containerID: da35e0ed99fe5e9c323e236aa9d0c074c7517cdba84fbd8a11f3afcd03a83917
                  cni.projectcalico.org/podIP: <pod-ip>/32
                  cni.projectcalico.org/podIPs: <pod-ip>/32
                  kubectl.kubernetes.io/restartedAt: 2026-04-27T04:27:12+02:00
Status:           Running
IP:               <pod-ip>
IPs:
  IP:           <pod-ip>
Controlled By:  ReplicaSet/nanomq-b48cc5758
Containers:
  nanomq:
    Container ID:   containerd://1c4f43c5612b6f9420a2a8ade580f5cf01e6ff9546cfa13acbf9169e5a74f0fb
    Image:          emqx/nanomq:0.21-slim
    Image ID:       docker.io/emqx/nanomq@sha256:53bea7acb547aced1cc45e08c514628f1e41c4da9ad544fd8c5fa96d3e9eb41b
    Ports:          1883/TCP (mqtt), 8081/TCP (http)
    Host Ports:     0/TCP (mqtt), 0/TCP (http)
    State:          Running
      Started:      Mon, 27 Apr 2026 04:27:15 +0200
    Ready:          True
    Restart Count:  0
    Limits:
      cpu:     1
      memory:  512Mi
    Requests:
      cpu:        50m
      memory:     64Mi
    Liveness:     tcp-socket :1883 delay=10s timeout=1s period=10s #success=1 #failure=3
    Readiness:    tcp-socket :1883 delay=3s timeout=1s period=5s #success=1 #failure=3
    Environment:  <none>
    Mounts:
      /etc/nanomq.conf from config (rw,path="nanomq.conf")
      /var/run/secrets/kubernetes.io/serviceaccount from kube-api-access-w4w6z (ro)
Conditions:
  Type                        Status
  PodReadyToStartContainers   True 
  Initialized                 True 
  Ready                       True 
  ContainersReady             True 
  PodScheduled                True 
Volumes:
  config:
    Type:      ConfigMap (a volume populated by a ConfigMap)
    Name:      nanomq-config
    Optional:  false
  kube-api-access-w4w6z:
    Type:                    Projected (a volume that contains injected data from multiple sources)
    TokenExpirationSeconds:  3607
    ConfigMapName:           kube-root-ca.crt
    Optional:                false
    DownwardAPI:             true
QoS Class:                   Burstable
Node-Selectors:              <none>
Tolerations:                 node.kubernetes.io/not-ready:NoExecute op=Exists for 300s
                             node.kubernetes.io/unreachable:NoExecute op=Exists for 300s
Events:
  Type    Reason     Age    From               Message
  ----    ------     ----   ----               -------
  Normal  Scheduled  2m15s  default-scheduler  Successfully assigned coord-only/nanomq-b48cc5758-6fhlf to <pi-host>
  Normal  Pulled     2m15s  kubelet            spec.containers{nanomq}: Container image "emqx/nanomq:0.21-slim" already present on machine
  Normal  Created    2m14s  kubelet            spec.containers{nanomq}: Created container: nanomq
  Normal  Started    2m14s  kubelet            spec.containers{nanomq}: Started container nanomq


Name:             postgres-0
Namespace:        coord-only
Priority:         0
Service Account:  default
Node:             <pi-host>/<pi-ip>
Start Time:       Mon, 27 Apr 2026 04:16:57 +0200
Labels:           app=postgres
                  apps.kubernetes.io/pod-index=0
                  controller-revision-hash=postgres-6497897965
                  statefulset.kubernetes.io/pod-name=postgres-0
Annotations:      cni.projectcalico.org/containerID: 69fb4823b666d3d2a1395c00ab9b26a33337431372918fb41d9f85f42d91a056
                  cni.projectcalico.org/podIP: <pod-ip>/32
                  cni.projectcalico.org/podIPs: <pod-ip>/32
Status:           Running
IP:               <pod-ip>
IPs:
  IP:           <pod-ip>
Controlled By:  StatefulSet/postgres
Containers:
  postgres:
    Container ID:  containerd://adf8585ccc9b705cf0261f22f8e1c254a24670c72b998bb7a052f31e3a5ae5be
    Image:         postgres:17-alpine
    Image ID:      docker.io/library/postgres@sha256:778d0b486d6daa02b77434d0358ec57a1b21fd8b6d22ac2eef56a33e816928f6
    Port:          5432/TCP
    Host Port:     0/TCP
    Args:
      -c
      shared_buffers=256MB
      -c
      max_connections=200
      -c
      work_mem=16MB
    State:          Running
      Started:      Mon, 27 Apr 2026 04:16:58 +0200
    Ready:          True
    Restart Count:  0
    Limits:
      cpu:     1500m
      memory:  1536Mi
    Requests:
      cpu:      100m
      memory:   256Mi
    Liveness:   exec [pg_isready -U postgres] delay=30s timeout=1s period=10s #success=1 #failure=3
    Readiness:  exec [pg_isready -U postgres] delay=5s timeout=1s period=5s #success=1 #failure=3
    Environment:
      POSTGRES_DB:        postgres
      POSTGRES_USER:      postgres
      POSTGRES_PASSWORD:  <set to the key 'postgres-superuser-password' in secret 'hermod-secrets'>  Optional: false
    Mounts:
      /docker-entrypoint-initdb.d from init (rw)
      /var/lib/postgresql/data from data (rw)
      /var/run/secrets/kubernetes.io/serviceaccount from kube-api-access-79j56 (ro)
Conditions:
  Type                        Status
  PodReadyToStartContainers   True 
  Initialized                 True 
  Ready                       True 
  ContainersReady             True 
  PodScheduled                True 
Volumes:
  data:
    Type:       PersistentVolumeClaim (a reference to a PersistentVolumeClaim in the same namespace)
    ClaimName:  data-postgres-0
    ReadOnly:   false
  init:
    Type:      ConfigMap (a volume populated by a ConfigMap)
    Name:      postgres-init
    Optional:  false
  kube-api-access-79j56:
    Type:                    Projected (a volume that contains injected data from multiple sources)
    TokenExpirationSeconds:  3607
    ConfigMapName:           kube-root-ca.crt
    Optional:                false
    DownwardAPI:             true
QoS Class:                   Burstable
Node-Selectors:              <none>
Tolerations:                 node.kubernetes.io/not-ready:NoExecute op=Exists for 300s
                             node.kubernetes.io/unreachable:NoExecute op=Exists for 300s
Events:                      <none>

=== ts=1777256981 ===
Name:             hermod-coordinator-788cdc665d-msp2c
Namespace:        coord-only
Priority:         0
Service Account:  default
Node:             <pi-host>/<pi-ip>
Start Time:       Mon, 27 Apr 2026 04:27:13 +0200
Labels:           app=hermod-coordinator
                  pod-template-hash=788cdc665d
Annotations:      cni.projectcalico.org/containerID: 26bec51daf3f0c19fec24d81cda04fedf5d4df91d04fbbf2f5f4115ab5db7c6d
                  cni.projectcalico.org/podIP: <pod-ip>/32
                  cni.projectcalico.org/podIPs: <pod-ip>/32
                  kubectl.kubernetes.io/restartedAt: 2026-04-27T04:27:12+02:00
Status:           Running
IP:               <pod-ip>
IPs:
  IP:           <pod-ip>
Controlled By:  ReplicaSet/hermod-coordinator-788cdc665d
Init Containers:
  wait-for-postgres:
    Container ID:  containerd://961e284569a2cebb1fd0abb9b2691f8fd70bc4414dc355066e815c766b0014ca
    Image:         busybox:1.36
    Image ID:      docker.io/library/busybox@sha256:73aaf090f3d85aa34ee199857f03fa3a95c8ede2ffd4cc2cdb5b94e566b11662
    Port:          <none>
    Host Port:     <none>
    Command:
      sh
      -c
      until nc -z postgres 5432; do sleep 2; done
    State:          Terminated
      Reason:       Completed
      Exit Code:    0
      Started:      Mon, 27 Apr 2026 04:27:14 +0200
      Finished:     Mon, 27 Apr 2026 04:27:14 +0200
    Ready:          True
    Restart Count:  0
    Environment:    <none>
    Mounts:
      /var/run/secrets/kubernetes.io/serviceaccount from kube-api-access-485v9 (ro)
  wait-for-nanomq:
    Container ID:  containerd://f5c0d912e9f8ec0d08a5b07b5a89bb89936b90cef34e5b259bfef65a888512b1
    Image:         busybox:1.36
    Image ID:      docker.io/library/busybox@sha256:73aaf090f3d85aa34ee199857f03fa3a95c8ede2ffd4cc2cdb5b94e566b11662
    Port:          <none>
    Host Port:     <none>
    Command:
      sh
      -c
      until nc -z nanomq 1883; do sleep 2; done
    State:          Terminated
      Reason:       Completed
      Exit Code:    0
      Started:      Mon, 27 Apr 2026 04:27:15 +0200
      Finished:     Mon, 27 Apr 2026 04:27:21 +0200
    Ready:          True
    Restart Count:  0
    Environment:    <none>
    Mounts:
      /var/run/secrets/kubernetes.io/serviceaccount from kube-api-access-485v9 (ro)
Containers:
  hermod-coordinator:
    Container ID:   containerd://878d93522f383b1f1e0484fc54b3ad4ecaf7ea423f285ef959829dd04589bce8
    Image:          hermod-coordinator:latest
    Image ID:       sha256:ca91ccdfcd269dd5e4e25d5ffe8d863ca5db57e5c4f62f08c8adf90d23c15eaf
    Port:           42069/TCP (http)
    Host Port:      0/TCP (http)
    State:          Running
      Started:      Mon, 27 Apr 2026 04:27:22 +0200
    Ready:          True
    Restart Count:  0
    Limits:
      cpu:     1500m
      memory:  1536Mi
    Requests:
      cpu:      200m
      memory:   256Mi
    Liveness:   http-get http://:42069/healthz delay=60s timeout=1s period=30s #success=1 #failure=3
    Readiness:  http-get http://:42069/healthz/ready delay=5s timeout=1s period=10s #success=1 #failure=3
    Startup:    http-get http://:42069/healthz delay=0s timeout=1s period=5s #success=1 #failure=30
    Environment:
      ASPNETCORE_ENVIRONMENT:               Production
      ASPNETCORE_URLS:                      http://+:42069
      DOTNET_USE_POLLING_FILE_WATCHER:      true
      Hermod__Security__AuthBypass:         true
      Hermod__Security__VaultRequireHttps:  false
      Hermod__Features__MetricsEndpoint:    true
      Hermod__Dev__Endpoints:               true
      Hermod__Mqtt__Host:                   nanomq
      Hermod__Mqtt__Port:                   1883
      Hermod__Mqtt__UseTls:                 false
      Hermod__Mqtt__Tls__UseTls:            false
      Hermod__Mqtt__Username:               <set to the key 'mqtt-username' in secret 'hermod-secrets'>  Optional: false
      Hermod__Mqtt__Password:               <set to the key 'mqtt-password' in secret 'hermod-secrets'>  Optional: false
      Hermod__Database__ConnectionString:   Host=postgres;Port=5432;Database=hermod;Username=hermod_app
      Hermod__Database__Password:           <set to the key 'hermod-db-password' in secret 'hermod-db-credentials'>  Optional: false
    Mounts:
      /var/run/secrets/kubernetes.io/serviceaccount from kube-api-access-485v9 (ro)
Conditions:
  Type                        Status
  PodReadyToStartContainers   True 
  Initialized                 True 
  Ready                       True 
  ContainersReady             True 
  PodScheduled                True 
Volumes:
  kube-api-access-485v9:
    Type:                    Projected (a volume that contains injected data from multiple sources)
    TokenExpirationSeconds:  3607
    ConfigMapName:           kube-root-ca.crt
    Optional:                false
    DownwardAPI:             true
QoS Class:                   Burstable
Node-Selectors:              <none>
Tolerations:                 node.kubernetes.io/not-ready:NoExecute op=Exists for 300s
                             node.kubernetes.io/unreachable:NoExecute op=Exists for 300s
Events:
  Type    Reason     Age    From               Message
  ----    ------     ----   ----               -------
  Normal  Scheduled  2m27s  default-scheduler  Successfully assigned coord-only/hermod-coordinator-788cdc665d-msp2c to <pi-host>
  Normal  Pulled     2m27s  kubelet            spec.initContainers{wait-for-postgres}: Container image "busybox:1.36" already present on machine
  Normal  Created    2m27s  kubelet            spec.initContainers{wait-for-postgres}: Created container: wait-for-postgres
  Normal  Started    2m27s  kubelet            spec.initContainers{wait-for-postgres}: Started container wait-for-postgres
  Normal  Pulled     2m26s  kubelet            spec.initContainers{wait-for-nanomq}: Container image "busybox:1.36" already present on machine
  Normal  Created    2m26s  kubelet            spec.initContainers{wait-for-nanomq}: Created container: wait-for-nanomq
  Normal  Started    2m26s  kubelet            spec.initContainers{wait-for-nanomq}: Started container wait-for-nanomq
  Normal  Pulled     2m19s  kubelet            spec.containers{hermod-coordinator}: Container image "hermod-coordinator:latest" already present on machine
  Normal  Created    2m19s  kubelet            spec.containers{hermod-coordinator}: Created container: hermod-coordinator
  Normal  Started    2m19s  kubelet            spec.containers{hermod-coordinator}: Started container hermod-coordinator


Name:             nanomq-b48cc5758-6fhlf
Namespace:        coord-only
Priority:         0
Service Account:  default
Node:             <pi-host>/<pi-ip>
Start Time:       Mon, 27 Apr 2026 04:27:14 +0200
Labels:           app=nanomq
                  pod-template-hash=b48cc5758
Annotations:      cni.projectcalico.org/containerID: da35e0ed99fe5e9c323e236aa9d0c074c7517cdba84fbd8a11f3afcd03a83917
                  cni.projectcalico.org/podIP: <pod-ip>/32
                  cni.projectcalico.org/podIPs: <pod-ip>/32
                  kubectl.kubernetes.io/restartedAt: 2026-04-27T04:27:12+02:00
Status:           Running
IP:               <pod-ip>
IPs:
  IP:           <pod-ip>
Controlled By:  ReplicaSet/nanomq-b48cc5758
Containers:
  nanomq:
    Container ID:   containerd://1c4f43c5612b6f9420a2a8ade580f5cf01e6ff9546cfa13acbf9169e5a74f0fb
    Image:          emqx/nanomq:0.21-slim
    Image ID:       docker.io/emqx/nanomq@sha256:53bea7acb547aced1cc45e08c514628f1e41c4da9ad544fd8c5fa96d3e9eb41b
    Ports:          1883/TCP (mqtt), 8081/TCP (http)
    Host Ports:     0/TCP (mqtt), 0/TCP (http)
    State:          Running
      Started:      Mon, 27 Apr 2026 04:27:15 +0200
    Ready:          True
    Restart Count:  0
    Limits:
      cpu:     1
      memory:  512Mi
    Requests:
      cpu:        50m
      memory:     64Mi
    Liveness:     tcp-socket :1883 delay=10s timeout=1s period=10s #success=1 #failure=3
    Readiness:    tcp-socket :1883 delay=3s timeout=1s period=5s #success=1 #failure=3
    Environment:  <none>
    Mounts:
      /etc/nanomq.conf from config (rw,path="nanomq.conf")
      /var/run/secrets/kubernetes.io/serviceaccount from kube-api-access-w4w6z (ro)
Conditions:
  Type                        Status
  PodReadyToStartContainers   True 
  Initialized                 True 
  Ready                       True 
  ContainersReady             True 
  PodScheduled                True 
Volumes:
  config:
    Type:      ConfigMap (a volume populated by a ConfigMap)
    Name:      nanomq-config
    Optional:  false
  kube-api-access-w4w6z:
    Type:                    Projected (a volume that contains injected data from multiple sources)
    TokenExpirationSeconds:  3607
    ConfigMapName:           kube-root-ca.crt
    Optional:                false
    DownwardAPI:             true
QoS Class:                   Burstable
Node-Selectors:              <none>
Tolerations:                 node.kubernetes.io/not-ready:NoExecute op=Exists for 300s
                             node.kubernetes.io/unreachable:NoExecute op=Exists for 300s
Events:
  Type    Reason     Age    From               Message
  ----    ------     ----   ----               -------
  Normal  Scheduled  2m27s  default-scheduler  Successfully assigned coord-only/nanomq-b48cc5758-6fhlf to <pi-host>
  Normal  Pulled     2m27s  kubelet            spec.containers{nanomq}: Container image "emqx/nanomq:0.21-slim" already present on machine
  Normal  Created    2m26s  kubelet            spec.containers{nanomq}: Created container: nanomq
  Normal  Started    2m26s  kubelet            spec.containers{nanomq}: Started container nanomq


Name:             postgres-0
Namespace:        coord-only
Priority:         0
Service Account:  default
Node:             <pi-host>/<pi-ip>
Start Time:       Mon, 27 Apr 2026 04:16:57 +0200
Labels:           app=postgres
                  apps.kubernetes.io/pod-index=0
                  controller-revision-hash=postgres-6497897965
                  statefulset.kubernetes.io/pod-name=postgres-0
Annotations:      cni.projectcalico.org/containerID: 69fb4823b666d3d2a1395c00ab9b26a33337431372918fb41d9f85f42d91a056
                  cni.projectcalico.org/podIP: <pod-ip>/32
                  cni.projectcalico.org/podIPs: <pod-ip>/32
Status:           Running
IP:               <pod-ip>
IPs:
  IP:           <pod-ip>
Controlled By:  StatefulSet/postgres
Containers:
  postgres:
    Container ID:  containerd://adf8585ccc9b705cf0261f22f8e1c254a24670c72b998bb7a052f31e3a5ae5be
    Image:         postgres:17-alpine
    Image ID:      docker.io/library/postgres@sha256:778d0b486d6daa02b77434d0358ec57a1b21fd8b6d22ac2eef56a33e816928f6
    Port:          5432/TCP
    Host Port:     0/TCP
    Args:
      -c
      shared_buffers=256MB
      -c
      max_connections=200
      -c
      work_mem=16MB
    State:          Running
      Started:      Mon, 27 Apr 2026 04:16:58 +0200
    Ready:          True
    Restart Count:  0
    Limits:
      cpu:     1500m
      memory:  1536Mi
    Requests:
      cpu:      100m
      memory:   256Mi
    Liveness:   exec [pg_isready -U postgres] delay=30s timeout=1s period=10s #success=1 #failure=3
    Readiness:  exec [pg_isready -U postgres] delay=5s timeout=1s period=5s #success=1 #failure=3
    Environment:
      POSTGRES_DB:        postgres
      POSTGRES_USER:      postgres
      POSTGRES_PASSWORD:  <set to the key 'postgres-superuser-password' in secret 'hermod-secrets'>  Optional: false
    Mounts:
      /docker-entrypoint-initdb.d from init (rw)
      /var/lib/postgresql/data from data (rw)
      /var/run/secrets/kubernetes.io/serviceaccount from kube-api-access-79j56 (ro)
Conditions:
  Type                        Status
  PodReadyToStartContainers   True 
  Initialized                 True 
  Ready                       True 
  ContainersReady             True 
  PodScheduled                True 
Volumes:
  data:
    Type:       PersistentVolumeClaim (a reference to a PersistentVolumeClaim in the same namespace)
    ClaimName:  data-postgres-0
    ReadOnly:   false
  init:
    Type:      ConfigMap (a volume populated by a ConfigMap)
    Name:      postgres-init
    Optional:  false
  kube-api-access-79j56:
    Type:                    Projected (a volume that contains injected data from multiple sources)
    TokenExpirationSeconds:  3607
    ConfigMapName:           kube-root-ca.crt
    Optional:                false
    DownwardAPI:             true
QoS Class:                   Burstable
Node-Selectors:              <none>
Tolerations:                 node.kubernetes.io/not-ready:NoExecute op=Exists for 300s
                             node.kubernetes.io/unreachable:NoExecute op=Exists for 300s
Events:                      <none>

=== ts=1777256992 ===
Name:             hermod-coordinator-788cdc665d-msp2c
Namespace:        coord-only
Priority:         0
Service Account:  default
Node:             <pi-host>/<pi-ip>
Start Time:       Mon, 27 Apr 2026 04:27:13 +0200
Labels:           app=hermod-coordinator
                  pod-template-hash=788cdc665d
Annotations:      cni.projectcalico.org/containerID: 26bec51daf3f0c19fec24d81cda04fedf5d4df91d04fbbf2f5f4115ab5db7c6d
                  cni.projectcalico.org/podIP: <pod-ip>/32
                  cni.projectcalico.org/podIPs: <pod-ip>/32
                  kubectl.kubernetes.io/restartedAt: 2026-04-27T04:27:12+02:00
Status:           Running
IP:               <pod-ip>
IPs:
  IP:           <pod-ip>
Controlled By:  ReplicaSet/hermod-coordinator-788cdc665d
Init Containers:
  wait-for-postgres:
    Container ID:  containerd://961e284569a2cebb1fd0abb9b2691f8fd70bc4414dc355066e815c766b0014ca
    Image:         busybox:1.36
    Image ID:      docker.io/library/busybox@sha256:73aaf090f3d85aa34ee199857f03fa3a95c8ede2ffd4cc2cdb5b94e566b11662
    Port:          <none>
    Host Port:     <none>
    Command:
      sh
      -c
      until nc -z postgres 5432; do sleep 2; done
    State:          Terminated
      Reason:       Completed
      Exit Code:    0
      Started:      Mon, 27 Apr 2026 04:27:14 +0200
      Finished:     Mon, 27 Apr 2026 04:27:14 +0200
    Ready:          True
    Restart Count:  0
    Environment:    <none>
    Mounts:
      /var/run/secrets/kubernetes.io/serviceaccount from kube-api-access-485v9 (ro)
  wait-for-nanomq:
    Container ID:  containerd://f5c0d912e9f8ec0d08a5b07b5a89bb89936b90cef34e5b259bfef65a888512b1
    Image:         busybox:1.36
    Image ID:      docker.io/library/busybox@sha256:73aaf090f3d85aa34ee199857f03fa3a95c8ede2ffd4cc2cdb5b94e566b11662
    Port:          <none>
    Host Port:     <none>
    Command:
      sh
      -c
      until nc -z nanomq 1883; do sleep 2; done
    State:          Terminated
      Reason:       Completed
      Exit Code:    0
      Started:      Mon, 27 Apr 2026 04:27:15 +0200
      Finished:     Mon, 27 Apr 2026 04:27:21 +0200
    Ready:          True
    Restart Count:  0
    Environment:    <none>
    Mounts:
      /var/run/secrets/kubernetes.io/serviceaccount from kube-api-access-485v9 (ro)
Containers:
  hermod-coordinator:
    Container ID:   containerd://878d93522f383b1f1e0484fc54b3ad4ecaf7ea423f285ef959829dd04589bce8
    Image:          hermod-coordinator:latest
    Image ID:       sha256:ca91ccdfcd269dd5e4e25d5ffe8d863ca5db57e5c4f62f08c8adf90d23c15eaf
    Port:           42069/TCP (http)
    Host Port:      0/TCP (http)
    State:          Running
      Started:      Mon, 27 Apr 2026 04:27:22 +0200
    Ready:          True
    Restart Count:  0
    Limits:
      cpu:     1500m
      memory:  1536Mi
    Requests:
      cpu:      200m
      memory:   256Mi
    Liveness:   http-get http://:42069/healthz delay=60s timeout=1s period=30s #success=1 #failure=3
    Readiness:  http-get http://:42069/healthz/ready delay=5s timeout=1s period=10s #success=1 #failure=3
    Startup:    http-get http://:42069/healthz delay=0s timeout=1s period=5s #success=1 #failure=30
    Environment:
      ASPNETCORE_ENVIRONMENT:               Production
      ASPNETCORE_URLS:                      http://+:42069
      DOTNET_USE_POLLING_FILE_WATCHER:      true
      Hermod__Security__AuthBypass:         true
      Hermod__Security__VaultRequireHttps:  false
      Hermod__Features__MetricsEndpoint:    true
      Hermod__Dev__Endpoints:               true
      Hermod__Mqtt__Host:                   nanomq
      Hermod__Mqtt__Port:                   1883
      Hermod__Mqtt__UseTls:                 false
      Hermod__Mqtt__Tls__UseTls:            false
      Hermod__Mqtt__Username:               <set to the key 'mqtt-username' in secret 'hermod-secrets'>  Optional: false
      Hermod__Mqtt__Password:               <set to the key 'mqtt-password' in secret 'hermod-secrets'>  Optional: false
      Hermod__Database__ConnectionString:   Host=postgres;Port=5432;Database=hermod;Username=hermod_app
      Hermod__Database__Password:           <set to the key 'hermod-db-password' in secret 'hermod-db-credentials'>  Optional: false
    Mounts:
      /var/run/secrets/kubernetes.io/serviceaccount from kube-api-access-485v9 (ro)
Conditions:
  Type                        Status
  PodReadyToStartContainers   True 
  Initialized                 True 
  Ready                       True 
  ContainersReady             True 
  PodScheduled                True 
Volumes:
  kube-api-access-485v9:
    Type:                    Projected (a volume that contains injected data from multiple sources)
    TokenExpirationSeconds:  3607
    ConfigMapName:           kube-root-ca.crt
    Optional:                false
    DownwardAPI:             true
QoS Class:                   Burstable
Node-Selectors:              <none>
Tolerations:                 node.kubernetes.io/not-ready:NoExecute op=Exists for 300s
                             node.kubernetes.io/unreachable:NoExecute op=Exists for 300s
Events:
  Type    Reason     Age    From               Message
  ----    ------     ----   ----               -------
  Normal  Scheduled  2m38s  default-scheduler  Successfully assigned coord-only/hermod-coordinator-788cdc665d-msp2c to <pi-host>
  Normal  Pulled     2m38s  kubelet            spec.initContainers{wait-for-postgres}: Container image "busybox:1.36" already present on machine
  Normal  Created    2m38s  kubelet            spec.initContainers{wait-for-postgres}: Created container: wait-for-postgres
  Normal  Started    2m38s  kubelet            spec.initContainers{wait-for-postgres}: Started container wait-for-postgres
  Normal  Pulled     2m37s  kubelet            spec.initContainers{wait-for-nanomq}: Container image "busybox:1.36" already present on machine
  Normal  Created    2m37s  kubelet            spec.initContainers{wait-for-nanomq}: Created container: wait-for-nanomq
  Normal  Started    2m37s  kubelet            spec.initContainers{wait-for-nanomq}: Started container wait-for-nanomq
  Normal  Pulled     2m30s  kubelet            spec.containers{hermod-coordinator}: Container image "hermod-coordinator:latest" already present on machine
  Normal  Created    2m30s  kubelet            spec.containers{hermod-coordinator}: Created container: hermod-coordinator
  Normal  Started    2m30s  kubelet            spec.containers{hermod-coordinator}: Started container hermod-coordinator


Name:             nanomq-b48cc5758-6fhlf
Namespace:        coord-only
Priority:         0
Service Account:  default
Node:             <pi-host>/<pi-ip>
Start Time:       Mon, 27 Apr 2026 04:27:14 +0200
Labels:           app=nanomq
                  pod-template-hash=b48cc5758
Annotations:      cni.projectcalico.org/containerID: da35e0ed99fe5e9c323e236aa9d0c074c7517cdba84fbd8a11f3afcd03a83917
                  cni.projectcalico.org/podIP: <pod-ip>/32
                  cni.projectcalico.org/podIPs: <pod-ip>/32
                  kubectl.kubernetes.io/restartedAt: 2026-04-27T04:27:12+02:00
Status:           Running
IP:               <pod-ip>
IPs:
  IP:           <pod-ip>
Controlled By:  ReplicaSet/nanomq-b48cc5758
Containers:
  nanomq:
    Container ID:   containerd://1c4f43c5612b6f9420a2a8ade580f5cf01e6ff9546cfa13acbf9169e5a74f0fb
    Image:          emqx/nanomq:0.21-slim
    Image ID:       docker.io/emqx/nanomq@sha256:53bea7acb547aced1cc45e08c514628f1e41c4da9ad544fd8c5fa96d3e9eb41b
    Ports:          1883/TCP (mqtt), 8081/TCP (http)
    Host Ports:     0/TCP (mqtt), 0/TCP (http)
    State:          Running
      Started:      Mon, 27 Apr 2026 04:27:15 +0200
    Ready:          True
    Restart Count:  0
    Limits:
      cpu:     1
      memory:  512Mi
    Requests:
      cpu:        50m
      memory:     64Mi
    Liveness:     tcp-socket :1883 delay=10s timeout=1s period=10s #success=1 #failure=3
    Readiness:    tcp-socket :1883 delay=3s timeout=1s period=5s #success=1 #failure=3
    Environment:  <none>
    Mounts:
      /etc/nanomq.conf from config (rw,path="nanomq.conf")
      /var/run/secrets/kubernetes.io/serviceaccount from kube-api-access-w4w6z (ro)
Conditions:
  Type                        Status
  PodReadyToStartContainers   True 
  Initialized                 True 
  Ready                       True 
  ContainersReady             True 
  PodScheduled                True 
Volumes:
  config:
    Type:      ConfigMap (a volume populated by a ConfigMap)
    Name:      nanomq-config
    Optional:  false
  kube-api-access-w4w6z:
    Type:                    Projected (a volume that contains injected data from multiple sources)
    TokenExpirationSeconds:  3607
    ConfigMapName:           kube-root-ca.crt
    Optional:                false
    DownwardAPI:             true
QoS Class:                   Burstable
Node-Selectors:              <none>
Tolerations:                 node.kubernetes.io/not-ready:NoExecute op=Exists for 300s
                             node.kubernetes.io/unreachable:NoExecute op=Exists for 300s
Events:
  Type    Reason     Age    From               Message
  ----    ------     ----   ----               -------
  Normal  Scheduled  2m38s  default-scheduler  Successfully assigned coord-only/nanomq-b48cc5758-6fhlf to <pi-host>
  Normal  Pulled     2m38s  kubelet            spec.containers{nanomq}: Container image "emqx/nanomq:0.21-slim" already present on machine
  Normal  Created    2m37s  kubelet            spec.containers{nanomq}: Created container: nanomq
  Normal  Started    2m37s  kubelet            spec.containers{nanomq}: Started container nanomq


Name:             postgres-0
Namespace:        coord-only
Priority:         0
Service Account:  default
Node:             <pi-host>/<pi-ip>
Start Time:       Mon, 27 Apr 2026 04:16:57 +0200
Labels:           app=postgres
                  apps.kubernetes.io/pod-index=0
                  controller-revision-hash=postgres-6497897965
                  statefulset.kubernetes.io/pod-name=postgres-0
Annotations:      cni.projectcalico.org/containerID: 69fb4823b666d3d2a1395c00ab9b26a33337431372918fb41d9f85f42d91a056
                  cni.projectcalico.org/podIP: <pod-ip>/32
                  cni.projectcalico.org/podIPs: <pod-ip>/32
Status:           Running
IP:               <pod-ip>
IPs:
  IP:           <pod-ip>
Controlled By:  StatefulSet/postgres
Containers:
  postgres:
    Container ID:  containerd://adf8585ccc9b705cf0261f22f8e1c254a24670c72b998bb7a052f31e3a5ae5be
    Image:         postgres:17-alpine
    Image ID:      docker.io/library/postgres@sha256:778d0b486d6daa02b77434d0358ec57a1b21fd8b6d22ac2eef56a33e816928f6
    Port:          5432/TCP
    Host Port:     0/TCP
    Args:
      -c
      shared_buffers=256MB
      -c
      max_connections=200
      -c
      work_mem=16MB
    State:          Running
      Started:      Mon, 27 Apr 2026 04:16:58 +0200
    Ready:          True
    Restart Count:  0
    Limits:
      cpu:     1500m
      memory:  1536Mi
    Requests:
      cpu:      100m
      memory:   256Mi
    Liveness:   exec [pg_isready -U postgres] delay=30s timeout=1s period=10s #success=1 #failure=3
    Readiness:  exec [pg_isready -U postgres] delay=5s timeout=1s period=5s #success=1 #failure=3
    Environment:
      POSTGRES_DB:        postgres
      POSTGRES_USER:      postgres
      POSTGRES_PASSWORD:  <set to the key 'postgres-superuser-password' in secret 'hermod-secrets'>  Optional: false
    Mounts:
      /docker-entrypoint-initdb.d from init (rw)
      /var/lib/postgresql/data from data (rw)
      /var/run/secrets/kubernetes.io/serviceaccount from kube-api-access-79j56 (ro)
Conditions:
  Type                        Status
  PodReadyToStartContainers   True 
  Initialized                 True 
  Ready                       True 
  ContainersReady             True 
  PodScheduled                True 
Volumes:
  data:
    Type:       PersistentVolumeClaim (a reference to a PersistentVolumeClaim in the same namespace)
    ClaimName:  data-postgres-0
    ReadOnly:   false
  init:
    Type:      ConfigMap (a volume populated by a ConfigMap)
    Name:      postgres-init
    Optional:  false
  kube-api-access-79j56:
    Type:                    Projected (a volume that contains injected data from multiple sources)
    TokenExpirationSeconds:  3607
    ConfigMapName:           kube-root-ca.crt
    Optional:                false
    DownwardAPI:             true
QoS Class:                   Burstable
Node-Selectors:              <none>
Tolerations:                 node.kubernetes.io/not-ready:NoExecute op=Exists for 300s
                             node.kubernetes.io/unreachable:NoExecute op=Exists for 300s
Events:                      <none>

=== ts=1777257004 ===
Name:             hermod-coordinator-788cdc665d-msp2c
Namespace:        coord-only
Priority:         0
Service Account:  default
Node:             <pi-host>/<pi-ip>
Start Time:       Mon, 27 Apr 2026 04:27:13 +0200
Labels:           app=hermod-coordinator
                  pod-template-hash=788cdc665d
Annotations:      cni.projectcalico.org/containerID: 26bec51daf3f0c19fec24d81cda04fedf5d4df91d04fbbf2f5f4115ab5db7c6d
                  cni.projectcalico.org/podIP: <pod-ip>/32
                  cni.projectcalico.org/podIPs: <pod-ip>/32
                  kubectl.kubernetes.io/restartedAt: 2026-04-27T04:27:12+02:00
Status:           Running
IP:               <pod-ip>
IPs:
  IP:           <pod-ip>
Controlled By:  ReplicaSet/hermod-coordinator-788cdc665d
Init Containers:
  wait-for-postgres:
    Container ID:  containerd://961e284569a2cebb1fd0abb9b2691f8fd70bc4414dc355066e815c766b0014ca
    Image:         busybox:1.36
    Image ID:      docker.io/library/busybox@sha256:73aaf090f3d85aa34ee199857f03fa3a95c8ede2ffd4cc2cdb5b94e566b11662
    Port:          <none>
    Host Port:     <none>
    Command:
      sh
      -c
      until nc -z postgres 5432; do sleep 2; done
    State:          Terminated
      Reason:       Completed
      Exit Code:    0
      Started:      Mon, 27 Apr 2026 04:27:14 +0200
      Finished:     Mon, 27 Apr 2026 04:27:14 +0200
    Ready:          True
    Restart Count:  0
    Environment:    <none>
    Mounts:
      /var/run/secrets/kubernetes.io/serviceaccount from kube-api-access-485v9 (ro)
  wait-for-nanomq:
    Container ID:  containerd://f5c0d912e9f8ec0d08a5b07b5a89bb89936b90cef34e5b259bfef65a888512b1
    Image:         busybox:1.36
    Image ID:      docker.io/library/busybox@sha256:73aaf090f3d85aa34ee199857f03fa3a95c8ede2ffd4cc2cdb5b94e566b11662
    Port:          <none>
    Host Port:     <none>
    Command:
      sh
      -c
      until nc -z nanomq 1883; do sleep 2; done
    State:          Terminated
      Reason:       Completed
      Exit Code:    0
      Started:      Mon, 27 Apr 2026 04:27:15 +0200
      Finished:     Mon, 27 Apr 2026 04:27:21 +0200
    Ready:          True
    Restart Count:  0
    Environment:    <none>
    Mounts:
      /var/run/secrets/kubernetes.io/serviceaccount from kube-api-access-485v9 (ro)
Containers:
  hermod-coordinator:
    Container ID:   containerd://878d93522f383b1f1e0484fc54b3ad4ecaf7ea423f285ef959829dd04589bce8
    Image:          hermod-coordinator:latest
    Image ID:       sha256:ca91ccdfcd269dd5e4e25d5ffe8d863ca5db57e5c4f62f08c8adf90d23c15eaf
    Port:           42069/TCP (http)
    Host Port:      0/TCP (http)
    State:          Running
      Started:      Mon, 27 Apr 2026 04:27:22 +0200
    Ready:          True
    Restart Count:  0
    Limits:
      cpu:     1500m
      memory:  1536Mi
    Requests:
      cpu:      200m
      memory:   256Mi
    Liveness:   http-get http://:42069/healthz delay=60s timeout=1s period=30s #success=1 #failure=3
    Readiness:  http-get http://:42069/healthz/ready delay=5s timeout=1s period=10s #success=1 #failure=3
    Startup:    http-get http://:42069/healthz delay=0s timeout=1s period=5s #success=1 #failure=30
    Environment:
      ASPNETCORE_ENVIRONMENT:               Production
      ASPNETCORE_URLS:                      http://+:42069
      DOTNET_USE_POLLING_FILE_WATCHER:      true
      Hermod__Security__AuthBypass:         true
      Hermod__Security__VaultRequireHttps:  false
      Hermod__Features__MetricsEndpoint:    true
      Hermod__Dev__Endpoints:               true
      Hermod__Mqtt__Host:                   nanomq
      Hermod__Mqtt__Port:                   1883
      Hermod__Mqtt__UseTls:                 false
      Hermod__Mqtt__Tls__UseTls:            false
      Hermod__Mqtt__Username:               <set to the key 'mqtt-username' in secret 'hermod-secrets'>  Optional: false
      Hermod__Mqtt__Password:               <set to the key 'mqtt-password' in secret 'hermod-secrets'>  Optional: false
      Hermod__Database__ConnectionString:   Host=postgres;Port=5432;Database=hermod;Username=hermod_app
      Hermod__Database__Password:           <set to the key 'hermod-db-password' in secret 'hermod-db-credentials'>  Optional: false
    Mounts:
      /var/run/secrets/kubernetes.io/serviceaccount from kube-api-access-485v9 (ro)
Conditions:
  Type                        Status
  PodReadyToStartContainers   True 
  Initialized                 True 
  Ready                       True 
  ContainersReady             True 
  PodScheduled                True 
Volumes:
  kube-api-access-485v9:
    Type:                    Projected (a volume that contains injected data from multiple sources)
    TokenExpirationSeconds:  3607
    ConfigMapName:           kube-root-ca.crt
    Optional:                false
    DownwardAPI:             true
QoS Class:                   Burstable
Node-Selectors:              <none>
Tolerations:                 node.kubernetes.io/not-ready:NoExecute op=Exists for 300s
                             node.kubernetes.io/unreachable:NoExecute op=Exists for 300s
Events:
  Type    Reason     Age    From               Message
  ----    ------     ----   ----               -------
  Normal  Scheduled  2m50s  default-scheduler  Successfully assigned coord-only/hermod-coordinator-788cdc665d-msp2c to <pi-host>
  Normal  Pulled     2m50s  kubelet            spec.initContainers{wait-for-postgres}: Container image "busybox:1.36" already present on machine
  Normal  Created    2m50s  kubelet            spec.initContainers{wait-for-postgres}: Created container: wait-for-postgres
  Normal  Started    2m50s  kubelet            spec.initContainers{wait-for-postgres}: Started container wait-for-postgres
  Normal  Pulled     2m49s  kubelet            spec.initContainers{wait-for-nanomq}: Container image "busybox:1.36" already present on machine
  Normal  Created    2m49s  kubelet            spec.initContainers{wait-for-nanomq}: Created container: wait-for-nanomq
  Normal  Started    2m49s  kubelet            spec.initContainers{wait-for-nanomq}: Started container wait-for-nanomq
  Normal  Pulled     2m42s  kubelet            spec.containers{hermod-coordinator}: Container image "hermod-coordinator:latest" already present on machine
  Normal  Created    2m42s  kubelet            spec.containers{hermod-coordinator}: Created container: hermod-coordinator
  Normal  Started    2m42s  kubelet            spec.containers{hermod-coordinator}: Started container hermod-coordinator


Name:             nanomq-b48cc5758-6fhlf
Namespace:        coord-only
Priority:         0
Service Account:  default
Node:             <pi-host>/<pi-ip>
Start Time:       Mon, 27 Apr 2026 04:27:14 +0200
Labels:           app=nanomq
                  pod-template-hash=b48cc5758
Annotations:      cni.projectcalico.org/containerID: da35e0ed99fe5e9c323e236aa9d0c074c7517cdba84fbd8a11f3afcd03a83917
                  cni.projectcalico.org/podIP: <pod-ip>/32
                  cni.projectcalico.org/podIPs: <pod-ip>/32
                  kubectl.kubernetes.io/restartedAt: 2026-04-27T04:27:12+02:00
Status:           Running
IP:               <pod-ip>
IPs:
  IP:           <pod-ip>
Controlled By:  ReplicaSet/nanomq-b48cc5758
Containers:
  nanomq:
    Container ID:   containerd://1c4f43c5612b6f9420a2a8ade580f5cf01e6ff9546cfa13acbf9169e5a74f0fb
    Image:          emqx/nanomq:0.21-slim
    Image ID:       docker.io/emqx/nanomq@sha256:53bea7acb547aced1cc45e08c514628f1e41c4da9ad544fd8c5fa96d3e9eb41b
    Ports:          1883/TCP (mqtt), 8081/TCP (http)
    Host Ports:     0/TCP (mqtt), 0/TCP (http)
    State:          Running
      Started:      Mon, 27 Apr 2026 04:27:15 +0200
    Ready:          True
    Restart Count:  0
    Limits:
      cpu:     1
      memory:  512Mi
    Requests:
      cpu:        50m
      memory:     64Mi
    Liveness:     tcp-socket :1883 delay=10s timeout=1s period=10s #success=1 #failure=3
    Readiness:    tcp-socket :1883 delay=3s timeout=1s period=5s #success=1 #failure=3
    Environment:  <none>
    Mounts:
      /etc/nanomq.conf from config (rw,path="nanomq.conf")
      /var/run/secrets/kubernetes.io/serviceaccount from kube-api-access-w4w6z (ro)
Conditions:
  Type                        Status
  PodReadyToStartContainers   True 
  Initialized                 True 
  Ready                       True 
  ContainersReady             True 
  PodScheduled                True 
Volumes:
  config:
    Type:      ConfigMap (a volume populated by a ConfigMap)
    Name:      nanomq-config
    Optional:  false
  kube-api-access-w4w6z:
    Type:                    Projected (a volume that contains injected data from multiple sources)
    TokenExpirationSeconds:  3607
    ConfigMapName:           kube-root-ca.crt
    Optional:                false
    DownwardAPI:             true
QoS Class:                   Burstable
Node-Selectors:              <none>
Tolerations:                 node.kubernetes.io/not-ready:NoExecute op=Exists for 300s
                             node.kubernetes.io/unreachable:NoExecute op=Exists for 300s
Events:
  Type    Reason     Age    From               Message
  ----    ------     ----   ----               -------
  Normal  Scheduled  2m50s  default-scheduler  Successfully assigned coord-only/nanomq-b48cc5758-6fhlf to <pi-host>
  Normal  Pulled     2m50s  kubelet            spec.containers{nanomq}: Container image "emqx/nanomq:0.21-slim" already present on machine
  Normal  Created    2m49s  kubelet            spec.containers{nanomq}: Created container: nanomq
  Normal  Started    2m49s  kubelet            spec.containers{nanomq}: Started container nanomq


Name:             postgres-0
Namespace:        coord-only
Priority:         0
Service Account:  default
Node:             <pi-host>/<pi-ip>
Start Time:       Mon, 27 Apr 2026 04:16:57 +0200
Labels:           app=postgres
                  apps.kubernetes.io/pod-index=0
                  controller-revision-hash=postgres-6497897965
                  statefulset.kubernetes.io/pod-name=postgres-0
Annotations:      cni.projectcalico.org/containerID: 69fb4823b666d3d2a1395c00ab9b26a33337431372918fb41d9f85f42d91a056
                  cni.projectcalico.org/podIP: <pod-ip>/32
                  cni.projectcalico.org/podIPs: <pod-ip>/32
Status:           Running
IP:               <pod-ip>
IPs:
  IP:           <pod-ip>
Controlled By:  StatefulSet/postgres
Containers:
  postgres:
    Container ID:  containerd://adf8585ccc9b705cf0261f22f8e1c254a24670c72b998bb7a052f31e3a5ae5be
    Image:         postgres:17-alpine
    Image ID:      docker.io/library/postgres@sha256:778d0b486d6daa02b77434d0358ec57a1b21fd8b6d22ac2eef56a33e816928f6
    Port:          5432/TCP
    Host Port:     0/TCP
    Args:
      -c
      shared_buffers=256MB
      -c
      max_connections=200
      -c
      work_mem=16MB
    State:          Running
      Started:      Mon, 27 Apr 2026 04:16:58 +0200
    Ready:          True
    Restart Count:  0
    Limits:
      cpu:     1500m
      memory:  1536Mi
    Requests:
      cpu:      100m
      memory:   256Mi
    Liveness:   exec [pg_isready -U postgres] delay=30s timeout=1s period=10s #success=1 #failure=3
    Readiness:  exec [pg_isready -U postgres] delay=5s timeout=1s period=5s #success=1 #failure=3
    Environment:
      POSTGRES_DB:        postgres
      POSTGRES_USER:      postgres
      POSTGRES_PASSWORD:  <set to the key 'postgres-superuser-password' in secret 'hermod-secrets'>  Optional: false
    Mounts:
      /docker-entrypoint-initdb.d from init (rw)
      /var/lib/postgresql/data from data (rw)
      /var/run/secrets/kubernetes.io/serviceaccount from kube-api-access-79j56 (ro)
Conditions:
  Type                        Status
  PodReadyToStartContainers   True 
  Initialized                 True 
  Ready                       True 
  ContainersReady             True 
  PodScheduled                True 
Volumes:
  data:
    Type:       PersistentVolumeClaim (a reference to a PersistentVolumeClaim in the same namespace)
    ClaimName:  data-postgres-0
    ReadOnly:   false
  init:
    Type:      ConfigMap (a volume populated by a ConfigMap)
    Name:      postgres-init
    Optional:  false
  kube-api-access-79j56:
    Type:                    Projected (a volume that contains injected data from multiple sources)
    TokenExpirationSeconds:  3607
    ConfigMapName:           kube-root-ca.crt
    Optional:                false
    DownwardAPI:             true
QoS Class:                   Burstable
Node-Selectors:              <none>
Tolerations:                 node.kubernetes.io/not-ready:NoExecute op=Exists for 300s
                             node.kubernetes.io/unreachable:NoExecute op=Exists for 300s
Events:                      <none>

=== ts=1777257015 ===
Name:             hermod-coordinator-788cdc665d-msp2c
Namespace:        coord-only
Priority:         0
Service Account:  default
Node:             <pi-host>/<pi-ip>
Start Time:       Mon, 27 Apr 2026 04:27:13 +0200
Labels:           app=hermod-coordinator
                  pod-template-hash=788cdc665d
Annotations:      cni.projectcalico.org/containerID: 26bec51daf3f0c19fec24d81cda04fedf5d4df91d04fbbf2f5f4115ab5db7c6d
                  cni.projectcalico.org/podIP: <pod-ip>/32
                  cni.projectcalico.org/podIPs: <pod-ip>/32
                  kubectl.kubernetes.io/restartedAt: 2026-04-27T04:27:12+02:00
Status:           Running
IP:               <pod-ip>
IPs:
  IP:           <pod-ip>
Controlled By:  ReplicaSet/hermod-coordinator-788cdc665d
Init Containers:
  wait-for-postgres:
    Container ID:  containerd://961e284569a2cebb1fd0abb9b2691f8fd70bc4414dc355066e815c766b0014ca
    Image:         busybox:1.36
    Image ID:      docker.io/library/busybox@sha256:73aaf090f3d85aa34ee199857f03fa3a95c8ede2ffd4cc2cdb5b94e566b11662
    Port:          <none>
    Host Port:     <none>
    Command:
      sh
      -c
      until nc -z postgres 5432; do sleep 2; done
    State:          Terminated
      Reason:       Completed
      Exit Code:    0
      Started:      Mon, 27 Apr 2026 04:27:14 +0200
      Finished:     Mon, 27 Apr 2026 04:27:14 +0200
    Ready:          True
    Restart Count:  0
    Environment:    <none>
    Mounts:
      /var/run/secrets/kubernetes.io/serviceaccount from kube-api-access-485v9 (ro)
  wait-for-nanomq:
    Container ID:  containerd://f5c0d912e9f8ec0d08a5b07b5a89bb89936b90cef34e5b259bfef65a888512b1
    Image:         busybox:1.36
    Image ID:      docker.io/library/busybox@sha256:73aaf090f3d85aa34ee199857f03fa3a95c8ede2ffd4cc2cdb5b94e566b11662
    Port:          <none>
    Host Port:     <none>
    Command:
      sh
      -c
      until nc -z nanomq 1883; do sleep 2; done
    State:          Terminated
      Reason:       Completed
      Exit Code:    0
      Started:      Mon, 27 Apr 2026 04:27:15 +0200
      Finished:     Mon, 27 Apr 2026 04:27:21 +0200
    Ready:          True
    Restart Count:  0
    Environment:    <none>
    Mounts:
      /var/run/secrets/kubernetes.io/serviceaccount from kube-api-access-485v9 (ro)
Containers:
  hermod-coordinator:
    Container ID:   containerd://878d93522f383b1f1e0484fc54b3ad4ecaf7ea423f285ef959829dd04589bce8
    Image:          hermod-coordinator:latest
    Image ID:       sha256:ca91ccdfcd269dd5e4e25d5ffe8d863ca5db57e5c4f62f08c8adf90d23c15eaf
    Port:           42069/TCP (http)
    Host Port:      0/TCP (http)
    State:          Running
      Started:      Mon, 27 Apr 2026 04:27:22 +0200
    Ready:          True
    Restart Count:  0
    Limits:
      cpu:     1500m
      memory:  1536Mi
    Requests:
      cpu:      200m
      memory:   256Mi
    Liveness:   http-get http://:42069/healthz delay=60s timeout=1s period=30s #success=1 #failure=3
    Readiness:  http-get http://:42069/healthz/ready delay=5s timeout=1s period=10s #success=1 #failure=3
    Startup:    http-get http://:42069/healthz delay=0s timeout=1s period=5s #success=1 #failure=30
    Environment:
      ASPNETCORE_ENVIRONMENT:               Production
      ASPNETCORE_URLS:                      http://+:42069
      DOTNET_USE_POLLING_FILE_WATCHER:      true
      Hermod__Security__AuthBypass:         true
      Hermod__Security__VaultRequireHttps:  false
      Hermod__Features__MetricsEndpoint:    true
      Hermod__Dev__Endpoints:               true
      Hermod__Mqtt__Host:                   nanomq
      Hermod__Mqtt__Port:                   1883
      Hermod__Mqtt__UseTls:                 false
      Hermod__Mqtt__Tls__UseTls:            false
      Hermod__Mqtt__Username:               <set to the key 'mqtt-username' in secret 'hermod-secrets'>  Optional: false
      Hermod__Mqtt__Password:               <set to the key 'mqtt-password' in secret 'hermod-secrets'>  Optional: false
      Hermod__Database__ConnectionString:   Host=postgres;Port=5432;Database=hermod;Username=hermod_app
      Hermod__Database__Password:           <set to the key 'hermod-db-password' in secret 'hermod-db-credentials'>  Optional: false
    Mounts:
      /var/run/secrets/kubernetes.io/serviceaccount from kube-api-access-485v9 (ro)
Conditions:
  Type                        Status
  PodReadyToStartContainers   True 
  Initialized                 True 
  Ready                       True 
  ContainersReady             True 
  PodScheduled                True 
Volumes:
  kube-api-access-485v9:
    Type:                    Projected (a volume that contains injected data from multiple sources)
    TokenExpirationSeconds:  3607
    ConfigMapName:           kube-root-ca.crt
    Optional:                false
    DownwardAPI:             true
QoS Class:                   Burstable
Node-Selectors:              <none>
Tolerations:                 node.kubernetes.io/not-ready:NoExecute op=Exists for 300s
                             node.kubernetes.io/unreachable:NoExecute op=Exists for 300s
Events:
  Type    Reason     Age    From               Message
  ----    ------     ----   ----               -------
  Normal  Scheduled  3m1s   default-scheduler  Successfully assigned coord-only/hermod-coordinator-788cdc665d-msp2c to <pi-host>
  Normal  Pulled     3m1s   kubelet            spec.initContainers{wait-for-postgres}: Container image "busybox:1.36" already present on machine
  Normal  Created    3m1s   kubelet            spec.initContainers{wait-for-postgres}: Created container: wait-for-postgres
  Normal  Started    3m1s   kubelet            spec.initContainers{wait-for-postgres}: Started container wait-for-postgres
  Normal  Pulled     3m     kubelet            spec.initContainers{wait-for-nanomq}: Container image "busybox:1.36" already present on machine
  Normal  Created    3m     kubelet            spec.initContainers{wait-for-nanomq}: Created container: wait-for-nanomq
  Normal  Started    3m     kubelet            spec.initContainers{wait-for-nanomq}: Started container wait-for-nanomq
  Normal  Pulled     2m53s  kubelet            spec.containers{hermod-coordinator}: Container image "hermod-coordinator:latest" already present on machine
  Normal  Created    2m53s  kubelet            spec.containers{hermod-coordinator}: Created container: hermod-coordinator
  Normal  Started    2m53s  kubelet            spec.containers{hermod-coordinator}: Started container hermod-coordinator


Name:             nanomq-b48cc5758-6fhlf
Namespace:        coord-only
Priority:         0
Service Account:  default
Node:             <pi-host>/<pi-ip>
Start Time:       Mon, 27 Apr 2026 04:27:14 +0200
Labels:           app=nanomq
                  pod-template-hash=b48cc5758
Annotations:      cni.projectcalico.org/containerID: da35e0ed99fe5e9c323e236aa9d0c074c7517cdba84fbd8a11f3afcd03a83917
                  cni.projectcalico.org/podIP: <pod-ip>/32
                  cni.projectcalico.org/podIPs: <pod-ip>/32
                  kubectl.kubernetes.io/restartedAt: 2026-04-27T04:27:12+02:00
Status:           Running
IP:               <pod-ip>
IPs:
  IP:           <pod-ip>
Controlled By:  ReplicaSet/nanomq-b48cc5758
Containers:
  nanomq:
    Container ID:   containerd://1c4f43c5612b6f9420a2a8ade580f5cf01e6ff9546cfa13acbf9169e5a74f0fb
    Image:          emqx/nanomq:0.21-slim
    Image ID:       docker.io/emqx/nanomq@sha256:53bea7acb547aced1cc45e08c514628f1e41c4da9ad544fd8c5fa96d3e9eb41b
    Ports:          1883/TCP (mqtt), 8081/TCP (http)
    Host Ports:     0/TCP (mqtt), 0/TCP (http)
    State:          Running
      Started:      Mon, 27 Apr 2026 04:27:15 +0200
    Ready:          True
    Restart Count:  0
    Limits:
      cpu:     1
      memory:  512Mi
    Requests:
      cpu:        50m
      memory:     64Mi
    Liveness:     tcp-socket :1883 delay=10s timeout=1s period=10s #success=1 #failure=3
    Readiness:    tcp-socket :1883 delay=3s timeout=1s period=5s #success=1 #failure=3
    Environment:  <none>
    Mounts:
      /etc/nanomq.conf from config (rw,path="nanomq.conf")
      /var/run/secrets/kubernetes.io/serviceaccount from kube-api-access-w4w6z (ro)
Conditions:
  Type                        Status
  PodReadyToStartContainers   True 
  Initialized                 True 
  Ready                       True 
  ContainersReady             True 
  PodScheduled                True 
Volumes:
  config:
    Type:      ConfigMap (a volume populated by a ConfigMap)
    Name:      nanomq-config
    Optional:  false
  kube-api-access-w4w6z:
    Type:                    Projected (a volume that contains injected data from multiple sources)
    TokenExpirationSeconds:  3607
    ConfigMapName:           kube-root-ca.crt
    Optional:                false
    DownwardAPI:             true
QoS Class:                   Burstable
Node-Selectors:              <none>
Tolerations:                 node.kubernetes.io/not-ready:NoExecute op=Exists for 300s
                             node.kubernetes.io/unreachable:NoExecute op=Exists for 300s
Events:
  Type    Reason     Age   From               Message
  ----    ------     ----  ----               -------
  Normal  Scheduled  3m1s  default-scheduler  Successfully assigned coord-only/nanomq-b48cc5758-6fhlf to <pi-host>
  Normal  Pulled     3m1s  kubelet            spec.containers{nanomq}: Container image "emqx/nanomq:0.21-slim" already present on machine
  Normal  Created    3m    kubelet            spec.containers{nanomq}: Created container: nanomq
  Normal  Started    3m    kubelet            spec.containers{nanomq}: Started container nanomq


Name:             postgres-0
Namespace:        coord-only
Priority:         0
Service Account:  default
Node:             <pi-host>/<pi-ip>
Start Time:       Mon, 27 Apr 2026 04:16:57 +0200
Labels:           app=postgres
                  apps.kubernetes.io/pod-index=0
                  controller-revision-hash=postgres-6497897965
                  statefulset.kubernetes.io/pod-name=postgres-0
Annotations:      cni.projectcalico.org/containerID: 69fb4823b666d3d2a1395c00ab9b26a33337431372918fb41d9f85f42d91a056
                  cni.projectcalico.org/podIP: <pod-ip>/32
                  cni.projectcalico.org/podIPs: <pod-ip>/32
Status:           Running
IP:               <pod-ip>
IPs:
  IP:           <pod-ip>
Controlled By:  StatefulSet/postgres
Containers:
  postgres:
    Container ID:  containerd://adf8585ccc9b705cf0261f22f8e1c254a24670c72b998bb7a052f31e3a5ae5be
    Image:         postgres:17-alpine
    Image ID:      docker.io/library/postgres@sha256:778d0b486d6daa02b77434d0358ec57a1b21fd8b6d22ac2eef56a33e816928f6
    Port:          5432/TCP
    Host Port:     0/TCP
    Args:
      -c
      shared_buffers=256MB
      -c
      max_connections=200
      -c
      work_mem=16MB
    State:          Running
      Started:      Mon, 27 Apr 2026 04:16:58 +0200
    Ready:          True
    Restart Count:  0
    Limits:
      cpu:     1500m
      memory:  1536Mi
    Requests:
      cpu:      100m
      memory:   256Mi
    Liveness:   exec [pg_isready -U postgres] delay=30s timeout=1s period=10s #success=1 #failure=3
    Readiness:  exec [pg_isready -U postgres] delay=5s timeout=1s period=5s #success=1 #failure=3
    Environment:
      POSTGRES_DB:        postgres
      POSTGRES_USER:      postgres
      POSTGRES_PASSWORD:  <set to the key 'postgres-superuser-password' in secret 'hermod-secrets'>  Optional: false
    Mounts:
      /docker-entrypoint-initdb.d from init (rw)
      /var/lib/postgresql/data from data (rw)
      /var/run/secrets/kubernetes.io/serviceaccount from kube-api-access-79j56 (ro)
Conditions:
  Type                        Status
  PodReadyToStartContainers   True 
  Initialized                 True 
  Ready                       True 
  ContainersReady             True 
  PodScheduled                True 
Volumes:
  data:
    Type:       PersistentVolumeClaim (a reference to a PersistentVolumeClaim in the same namespace)
    ClaimName:  data-postgres-0
    ReadOnly:   false
  init:
    Type:      ConfigMap (a volume populated by a ConfigMap)
    Name:      postgres-init
    Optional:  false
  kube-api-access-79j56:
    Type:                    Projected (a volume that contains injected data from multiple sources)
    TokenExpirationSeconds:  3607
    ConfigMapName:           kube-root-ca.crt
    Optional:                false
    DownwardAPI:             true
QoS Class:                   Burstable
Node-Selectors:              <none>
Tolerations:                 node.kubernetes.io/not-ready:NoExecute op=Exists for 300s
                             node.kubernetes.io/unreachable:NoExecute op=Exists for 300s
Events:                      <none>

=== ts=1777257026 ===
Name:             hermod-coordinator-788cdc665d-msp2c
Namespace:        coord-only
Priority:         0
Service Account:  default
Node:             <pi-host>/<pi-ip>
Start Time:       Mon, 27 Apr 2026 04:27:13 +0200
Labels:           app=hermod-coordinator
                  pod-template-hash=788cdc665d
Annotations:      cni.projectcalico.org/containerID: 26bec51daf3f0c19fec24d81cda04fedf5d4df91d04fbbf2f5f4115ab5db7c6d
                  cni.projectcalico.org/podIP: <pod-ip>/32
                  cni.projectcalico.org/podIPs: <pod-ip>/32
                  kubectl.kubernetes.io/restartedAt: 2026-04-27T04:27:12+02:00
Status:           Running
IP:               <pod-ip>
IPs:
  IP:           <pod-ip>
Controlled By:  ReplicaSet/hermod-coordinator-788cdc665d
Init Containers:
  wait-for-postgres:
    Container ID:  containerd://961e284569a2cebb1fd0abb9b2691f8fd70bc4414dc355066e815c766b0014ca
    Image:         busybox:1.36
    Image ID:      docker.io/library/busybox@sha256:73aaf090f3d85aa34ee199857f03fa3a95c8ede2ffd4cc2cdb5b94e566b11662
    Port:          <none>
    Host Port:     <none>
    Command:
      sh
      -c
      until nc -z postgres 5432; do sleep 2; done
    State:          Terminated
      Reason:       Completed
      Exit Code:    0
      Started:      Mon, 27 Apr 2026 04:27:14 +0200
      Finished:     Mon, 27 Apr 2026 04:27:14 +0200
    Ready:          True
    Restart Count:  0
    Environment:    <none>
    Mounts:
      /var/run/secrets/kubernetes.io/serviceaccount from kube-api-access-485v9 (ro)
  wait-for-nanomq:
    Container ID:  containerd://f5c0d912e9f8ec0d08a5b07b5a89bb89936b90cef34e5b259bfef65a888512b1
    Image:         busybox:1.36
    Image ID:      docker.io/library/busybox@sha256:73aaf090f3d85aa34ee199857f03fa3a95c8ede2ffd4cc2cdb5b94e566b11662
    Port:          <none>
    Host Port:     <none>
    Command:
      sh
      -c
      until nc -z nanomq 1883; do sleep 2; done
    State:          Terminated
      Reason:       Completed
      Exit Code:    0
      Started:      Mon, 27 Apr 2026 04:27:15 +0200
      Finished:     Mon, 27 Apr 2026 04:27:21 +0200
    Ready:          True
    Restart Count:  0
    Environment:    <none>
    Mounts:
      /var/run/secrets/kubernetes.io/serviceaccount from kube-api-access-485v9 (ro)
Containers:
  hermod-coordinator:
    Container ID:   containerd://878d93522f383b1f1e0484fc54b3ad4ecaf7ea423f285ef959829dd04589bce8
    Image:          hermod-coordinator:latest
    Image ID:       sha256:ca91ccdfcd269dd5e4e25d5ffe8d863ca5db57e5c4f62f08c8adf90d23c15eaf
    Port:           42069/TCP (http)
    Host Port:      0/TCP (http)
    State:          Running
      Started:      Mon, 27 Apr 2026 04:27:22 +0200
    Ready:          True
    Restart Count:  0
    Limits:
      cpu:     1500m
      memory:  1536Mi
    Requests:
      cpu:      200m
      memory:   256Mi
    Liveness:   http-get http://:42069/healthz delay=60s timeout=1s period=30s #success=1 #failure=3
    Readiness:  http-get http://:42069/healthz/ready delay=5s timeout=1s period=10s #success=1 #failure=3
    Startup:    http-get http://:42069/healthz delay=0s timeout=1s period=5s #success=1 #failure=30
    Environment:
      ASPNETCORE_ENVIRONMENT:               Production
      ASPNETCORE_URLS:                      http://+:42069
      DOTNET_USE_POLLING_FILE_WATCHER:      true
      Hermod__Security__AuthBypass:         true
      Hermod__Security__VaultRequireHttps:  false
      Hermod__Features__MetricsEndpoint:    true
      Hermod__Dev__Endpoints:               true
      Hermod__Mqtt__Host:                   nanomq
      Hermod__Mqtt__Port:                   1883
      Hermod__Mqtt__UseTls:                 false
      Hermod__Mqtt__Tls__UseTls:            false
      Hermod__Mqtt__Username:               <set to the key 'mqtt-username' in secret 'hermod-secrets'>  Optional: false
      Hermod__Mqtt__Password:               <set to the key 'mqtt-password' in secret 'hermod-secrets'>  Optional: false
      Hermod__Database__ConnectionString:   Host=postgres;Port=5432;Database=hermod;Username=hermod_app
      Hermod__Database__Password:           <set to the key 'hermod-db-password' in secret 'hermod-db-credentials'>  Optional: false
    Mounts:
      /var/run/secrets/kubernetes.io/serviceaccount from kube-api-access-485v9 (ro)
Conditions:
  Type                        Status
  PodReadyToStartContainers   True 
  Initialized                 True 
  Ready                       True 
  ContainersReady             True 
  PodScheduled                True 
Volumes:
  kube-api-access-485v9:
    Type:                    Projected (a volume that contains injected data from multiple sources)
    TokenExpirationSeconds:  3607
    ConfigMapName:           kube-root-ca.crt
    Optional:                false
    DownwardAPI:             true
QoS Class:                   Burstable
Node-Selectors:              <none>
Tolerations:                 node.kubernetes.io/not-ready:NoExecute op=Exists for 300s
                             node.kubernetes.io/unreachable:NoExecute op=Exists for 300s
Events:
  Type    Reason     Age    From               Message
  ----    ------     ----   ----               -------
  Normal  Scheduled  3m12s  default-scheduler  Successfully assigned coord-only/hermod-coordinator-788cdc665d-msp2c to <pi-host>
  Normal  Pulled     3m12s  kubelet            spec.initContainers{wait-for-postgres}: Container image "busybox:1.36" already present on machine
  Normal  Created    3m12s  kubelet            spec.initContainers{wait-for-postgres}: Created container: wait-for-postgres
  Normal  Started    3m12s  kubelet            spec.initContainers{wait-for-postgres}: Started container wait-for-postgres
  Normal  Pulled     3m11s  kubelet            spec.initContainers{wait-for-nanomq}: Container image "busybox:1.36" already present on machine
  Normal  Created    3m11s  kubelet            spec.initContainers{wait-for-nanomq}: Created container: wait-for-nanomq
  Normal  Started    3m11s  kubelet            spec.initContainers{wait-for-nanomq}: Started container wait-for-nanomq
  Normal  Pulled     3m4s   kubelet            spec.containers{hermod-coordinator}: Container image "hermod-coordinator:latest" already present on machine
  Normal  Created    3m4s   kubelet            spec.containers{hermod-coordinator}: Created container: hermod-coordinator
  Normal  Started    3m4s   kubelet            spec.containers{hermod-coordinator}: Started container hermod-coordinator


Name:             nanomq-b48cc5758-6fhlf
Namespace:        coord-only
Priority:         0
Service Account:  default
Node:             <pi-host>/<pi-ip>
Start Time:       Mon, 27 Apr 2026 04:27:14 +0200
Labels:           app=nanomq
                  pod-template-hash=b48cc5758
Annotations:      cni.projectcalico.org/containerID: da35e0ed99fe5e9c323e236aa9d0c074c7517cdba84fbd8a11f3afcd03a83917
                  cni.projectcalico.org/podIP: <pod-ip>/32
                  cni.projectcalico.org/podIPs: <pod-ip>/32
                  kubectl.kubernetes.io/restartedAt: 2026-04-27T04:27:12+02:00
Status:           Running
IP:               <pod-ip>
IPs:
  IP:           <pod-ip>
Controlled By:  ReplicaSet/nanomq-b48cc5758
Containers:
  nanomq:
    Container ID:   containerd://1c4f43c5612b6f9420a2a8ade580f5cf01e6ff9546cfa13acbf9169e5a74f0fb
    Image:          emqx/nanomq:0.21-slim
    Image ID:       docker.io/emqx/nanomq@sha256:53bea7acb547aced1cc45e08c514628f1e41c4da9ad544fd8c5fa96d3e9eb41b
    Ports:          1883/TCP (mqtt), 8081/TCP (http)
    Host Ports:     0/TCP (mqtt), 0/TCP (http)
    State:          Running
      Started:      Mon, 27 Apr 2026 04:27:15 +0200
    Ready:          True
    Restart Count:  0
    Limits:
      cpu:     1
      memory:  512Mi
    Requests:
      cpu:        50m
      memory:     64Mi
    Liveness:     tcp-socket :1883 delay=10s timeout=1s period=10s #success=1 #failure=3
    Readiness:    tcp-socket :1883 delay=3s timeout=1s period=5s #success=1 #failure=3
    Environment:  <none>
    Mounts:
      /etc/nanomq.conf from config (rw,path="nanomq.conf")
      /var/run/secrets/kubernetes.io/serviceaccount from kube-api-access-w4w6z (ro)
Conditions:
  Type                        Status
  PodReadyToStartContainers   True 
  Initialized                 True 
  Ready                       True 
  ContainersReady             True 
  PodScheduled                True 
Volumes:
  config:
    Type:      ConfigMap (a volume populated by a ConfigMap)
    Name:      nanomq-config
    Optional:  false
  kube-api-access-w4w6z:
    Type:                    Projected (a volume that contains injected data from multiple sources)
    TokenExpirationSeconds:  3607
    ConfigMapName:           kube-root-ca.crt
    Optional:                false
    DownwardAPI:             true
QoS Class:                   Burstable
Node-Selectors:              <none>
Tolerations:                 node.kubernetes.io/not-ready:NoExecute op=Exists for 300s
                             node.kubernetes.io/unreachable:NoExecute op=Exists for 300s
Events:
  Type    Reason     Age    From               Message
  ----    ------     ----   ----               -------
  Normal  Scheduled  3m12s  default-scheduler  Successfully assigned coord-only/nanomq-b48cc5758-6fhlf to <pi-host>
  Normal  Pulled     3m12s  kubelet            spec.containers{nanomq}: Container image "emqx/nanomq:0.21-slim" already present on machine
  Normal  Created    3m11s  kubelet            spec.containers{nanomq}: Created container: nanomq
  Normal  Started    3m11s  kubelet            spec.containers{nanomq}: Started container nanomq


Name:             postgres-0
Namespace:        coord-only
Priority:         0
Service Account:  default
Node:             <pi-host>/<pi-ip>
Start Time:       Mon, 27 Apr 2026 04:16:57 +0200
Labels:           app=postgres
                  apps.kubernetes.io/pod-index=0
                  controller-revision-hash=postgres-6497897965
                  statefulset.kubernetes.io/pod-name=postgres-0
Annotations:      cni.projectcalico.org/containerID: 69fb4823b666d3d2a1395c00ab9b26a33337431372918fb41d9f85f42d91a056
                  cni.projectcalico.org/podIP: <pod-ip>/32
                  cni.projectcalico.org/podIPs: <pod-ip>/32
Status:           Running
IP:               <pod-ip>
IPs:
  IP:           <pod-ip>
Controlled By:  StatefulSet/postgres
Containers:
  postgres:
    Container ID:  containerd://adf8585ccc9b705cf0261f22f8e1c254a24670c72b998bb7a052f31e3a5ae5be
    Image:         postgres:17-alpine
    Image ID:      docker.io/library/postgres@sha256:778d0b486d6daa02b77434d0358ec57a1b21fd8b6d22ac2eef56a33e816928f6
    Port:          5432/TCP
    Host Port:     0/TCP
    Args:
      -c
      shared_buffers=256MB
      -c
      max_connections=200
      -c
      work_mem=16MB
    State:          Running
      Started:      Mon, 27 Apr 2026 04:16:58 +0200
    Ready:          True
    Restart Count:  0
    Limits:
      cpu:     1500m
      memory:  1536Mi
    Requests:
      cpu:      100m
      memory:   256Mi
    Liveness:   exec [pg_isready -U postgres] delay=30s timeout=1s period=10s #success=1 #failure=3
    Readiness:  exec [pg_isready -U postgres] delay=5s timeout=1s period=5s #success=1 #failure=3
    Environment:
      POSTGRES_DB:        postgres
      POSTGRES_USER:      postgres
      POSTGRES_PASSWORD:  <set to the key 'postgres-superuser-password' in secret 'hermod-secrets'>  Optional: false
    Mounts:
      /docker-entrypoint-initdb.d from init (rw)
      /var/lib/postgresql/data from data (rw)
      /var/run/secrets/kubernetes.io/serviceaccount from kube-api-access-79j56 (ro)
Conditions:
  Type                        Status
  PodReadyToStartContainers   True 
  Initialized                 True 
  Ready                       True 
  ContainersReady             True 
  PodScheduled                True 
Volumes:
  data:
    Type:       PersistentVolumeClaim (a reference to a PersistentVolumeClaim in the same namespace)
    ClaimName:  data-postgres-0
    ReadOnly:   false
  init:
    Type:      ConfigMap (a volume populated by a ConfigMap)
    Name:      postgres-init
    Optional:  false
  kube-api-access-79j56:
    Type:                    Projected (a volume that contains injected data from multiple sources)
    TokenExpirationSeconds:  3607
    ConfigMapName:           kube-root-ca.crt
    Optional:                false
    DownwardAPI:             true
QoS Class:                   Burstable
Node-Selectors:              <none>
Tolerations:                 node.kubernetes.io/not-ready:NoExecute op=Exists for 300s
                             node.kubernetes.io/unreachable:NoExecute op=Exists for 300s
Events:                      <none>

=== ts=1777257037 ===
Name:             hermod-coordinator-788cdc665d-msp2c
Namespace:        coord-only
Priority:         0
Service Account:  default
Node:             <pi-host>/<pi-ip>
Start Time:       Mon, 27 Apr 2026 04:27:13 +0200
Labels:           app=hermod-coordinator
                  pod-template-hash=788cdc665d
Annotations:      cni.projectcalico.org/containerID: 26bec51daf3f0c19fec24d81cda04fedf5d4df91d04fbbf2f5f4115ab5db7c6d
                  cni.projectcalico.org/podIP: <pod-ip>/32
                  cni.projectcalico.org/podIPs: <pod-ip>/32
                  kubectl.kubernetes.io/restartedAt: 2026-04-27T04:27:12+02:00
Status:           Running
IP:               <pod-ip>
IPs:
  IP:           <pod-ip>
Controlled By:  ReplicaSet/hermod-coordinator-788cdc665d
Init Containers:
  wait-for-postgres:
    Container ID:  containerd://961e284569a2cebb1fd0abb9b2691f8fd70bc4414dc355066e815c766b0014ca
    Image:         busybox:1.36
    Image ID:      docker.io/library/busybox@sha256:73aaf090f3d85aa34ee199857f03fa3a95c8ede2ffd4cc2cdb5b94e566b11662
    Port:          <none>
    Host Port:     <none>
    Command:
      sh
      -c
      until nc -z postgres 5432; do sleep 2; done
    State:          Terminated
      Reason:       Completed
      Exit Code:    0
      Started:      Mon, 27 Apr 2026 04:27:14 +0200
      Finished:     Mon, 27 Apr 2026 04:27:14 +0200
    Ready:          True
    Restart Count:  0
    Environment:    <none>
    Mounts:
      /var/run/secrets/kubernetes.io/serviceaccount from kube-api-access-485v9 (ro)
  wait-for-nanomq:
    Container ID:  containerd://f5c0d912e9f8ec0d08a5b07b5a89bb89936b90cef34e5b259bfef65a888512b1
    Image:         busybox:1.36
    Image ID:      docker.io/library/busybox@sha256:73aaf090f3d85aa34ee199857f03fa3a95c8ede2ffd4cc2cdb5b94e566b11662
    Port:          <none>
    Host Port:     <none>
    Command:
      sh
      -c
      until nc -z nanomq 1883; do sleep 2; done
    State:          Terminated
      Reason:       Completed
      Exit Code:    0
      Started:      Mon, 27 Apr 2026 04:27:15 +0200
      Finished:     Mon, 27 Apr 2026 04:27:21 +0200
    Ready:          True
    Restart Count:  0
    Environment:    <none>
    Mounts:
      /var/run/secrets/kubernetes.io/serviceaccount from kube-api-access-485v9 (ro)
Containers:
  hermod-coordinator:
    Container ID:   containerd://878d93522f383b1f1e0484fc54b3ad4ecaf7ea423f285ef959829dd04589bce8
    Image:          hermod-coordinator:latest
    Image ID:       sha256:ca91ccdfcd269dd5e4e25d5ffe8d863ca5db57e5c4f62f08c8adf90d23c15eaf
    Port:           42069/TCP (http)
    Host Port:      0/TCP (http)
    State:          Running
      Started:      Mon, 27 Apr 2026 04:27:22 +0200
    Ready:          True
    Restart Count:  0
    Limits:
      cpu:     1500m
      memory:  1536Mi
    Requests:
      cpu:      200m
      memory:   256Mi
    Liveness:   http-get http://:42069/healthz delay=60s timeout=1s period=30s #success=1 #failure=3
    Readiness:  http-get http://:42069/healthz/ready delay=5s timeout=1s period=10s #success=1 #failure=3
    Startup:    http-get http://:42069/healthz delay=0s timeout=1s period=5s #success=1 #failure=30
    Environment:
      ASPNETCORE_ENVIRONMENT:               Production
      ASPNETCORE_URLS:                      http://+:42069
      DOTNET_USE_POLLING_FILE_WATCHER:      true
      Hermod__Security__AuthBypass:         true
      Hermod__Security__VaultRequireHttps:  false
      Hermod__Features__MetricsEndpoint:    true
      Hermod__Dev__Endpoints:               true
      Hermod__Mqtt__Host:                   nanomq
      Hermod__Mqtt__Port:                   1883
      Hermod__Mqtt__UseTls:                 false
      Hermod__Mqtt__Tls__UseTls:            false
      Hermod__Mqtt__Username:               <set to the key 'mqtt-username' in secret 'hermod-secrets'>  Optional: false
      Hermod__Mqtt__Password:               <set to the key 'mqtt-password' in secret 'hermod-secrets'>  Optional: false
      Hermod__Database__ConnectionString:   Host=postgres;Port=5432;Database=hermod;Username=hermod_app
      Hermod__Database__Password:           <set to the key 'hermod-db-password' in secret 'hermod-db-credentials'>  Optional: false
    Mounts:
      /var/run/secrets/kubernetes.io/serviceaccount from kube-api-access-485v9 (ro)
Conditions:
  Type                        Status
  PodReadyToStartContainers   True 
  Initialized                 True 
  Ready                       True 
  ContainersReady             True 
  PodScheduled                True 
Volumes:
  kube-api-access-485v9:
    Type:                    Projected (a volume that contains injected data from multiple sources)
    TokenExpirationSeconds:  3607
    ConfigMapName:           kube-root-ca.crt
    Optional:                false
    DownwardAPI:             true
QoS Class:                   Burstable
Node-Selectors:              <none>
Tolerations:                 node.kubernetes.io/not-ready:NoExecute op=Exists for 300s
                             node.kubernetes.io/unreachable:NoExecute op=Exists for 300s
Events:
  Type    Reason     Age    From               Message
  ----    ------     ----   ----               -------
  Normal  Scheduled  3m23s  default-scheduler  Successfully assigned coord-only/hermod-coordinator-788cdc665d-msp2c to <pi-host>
  Normal  Pulled     3m23s  kubelet            spec.initContainers{wait-for-postgres}: Container image "busybox:1.36" already present on machine
  Normal  Created    3m23s  kubelet            spec.initContainers{wait-for-postgres}: Created container: wait-for-postgres
  Normal  Started    3m23s  kubelet            spec.initContainers{wait-for-postgres}: Started container wait-for-postgres
  Normal  Pulled     3m22s  kubelet            spec.initContainers{wait-for-nanomq}: Container image "busybox:1.36" already present on machine
  Normal  Created    3m22s  kubelet            spec.initContainers{wait-for-nanomq}: Created container: wait-for-nanomq
  Normal  Started    3m22s  kubelet            spec.initContainers{wait-for-nanomq}: Started container wait-for-nanomq
  Normal  Pulled     3m15s  kubelet            spec.containers{hermod-coordinator}: Container image "hermod-coordinator:latest" already present on machine
  Normal  Created    3m15s  kubelet            spec.containers{hermod-coordinator}: Created container: hermod-coordinator
  Normal  Started    3m15s  kubelet            spec.containers{hermod-coordinator}: Started container hermod-coordinator


Name:             nanomq-b48cc5758-6fhlf
Namespace:        coord-only
Priority:         0
Service Account:  default
Node:             <pi-host>/<pi-ip>
Start Time:       Mon, 27 Apr 2026 04:27:14 +0200
Labels:           app=nanomq
                  pod-template-hash=b48cc5758
Annotations:      cni.projectcalico.org/containerID: da35e0ed99fe5e9c323e236aa9d0c074c7517cdba84fbd8a11f3afcd03a83917
                  cni.projectcalico.org/podIP: <pod-ip>/32
                  cni.projectcalico.org/podIPs: <pod-ip>/32
                  kubectl.kubernetes.io/restartedAt: 2026-04-27T04:27:12+02:00
Status:           Running
IP:               <pod-ip>
IPs:
  IP:           <pod-ip>
Controlled By:  ReplicaSet/nanomq-b48cc5758
Containers:
  nanomq:
    Container ID:   containerd://1c4f43c5612b6f9420a2a8ade580f5cf01e6ff9546cfa13acbf9169e5a74f0fb
    Image:          emqx/nanomq:0.21-slim
    Image ID:       docker.io/emqx/nanomq@sha256:53bea7acb547aced1cc45e08c514628f1e41c4da9ad544fd8c5fa96d3e9eb41b
    Ports:          1883/TCP (mqtt), 8081/TCP (http)
    Host Ports:     0/TCP (mqtt), 0/TCP (http)
    State:          Running
      Started:      Mon, 27 Apr 2026 04:27:15 +0200
    Ready:          True
    Restart Count:  0
    Limits:
      cpu:     1
      memory:  512Mi
    Requests:
      cpu:        50m
      memory:     64Mi
    Liveness:     tcp-socket :1883 delay=10s timeout=1s period=10s #success=1 #failure=3
    Readiness:    tcp-socket :1883 delay=3s timeout=1s period=5s #success=1 #failure=3
    Environment:  <none>
    Mounts:
      /etc/nanomq.conf from config (rw,path="nanomq.conf")
      /var/run/secrets/kubernetes.io/serviceaccount from kube-api-access-w4w6z (ro)
Conditions:
  Type                        Status
  PodReadyToStartContainers   True 
  Initialized                 True 
  Ready                       True 
  ContainersReady             True 
  PodScheduled                True 
Volumes:
  config:
    Type:      ConfigMap (a volume populated by a ConfigMap)
    Name:      nanomq-config
    Optional:  false
  kube-api-access-w4w6z:
    Type:                    Projected (a volume that contains injected data from multiple sources)
    TokenExpirationSeconds:  3607
    ConfigMapName:           kube-root-ca.crt
    Optional:                false
    DownwardAPI:             true
QoS Class:                   Burstable
Node-Selectors:              <none>
Tolerations:                 node.kubernetes.io/not-ready:NoExecute op=Exists for 300s
                             node.kubernetes.io/unreachable:NoExecute op=Exists for 300s
Events:
  Type    Reason     Age    From               Message
  ----    ------     ----   ----               -------
  Normal  Scheduled  3m23s  default-scheduler  Successfully assigned coord-only/nanomq-b48cc5758-6fhlf to <pi-host>
  Normal  Pulled     3m23s  kubelet            spec.containers{nanomq}: Container image "emqx/nanomq:0.21-slim" already present on machine
  Normal  Created    3m22s  kubelet            spec.containers{nanomq}: Created container: nanomq
  Normal  Started    3m22s  kubelet            spec.containers{nanomq}: Started container nanomq


Name:             postgres-0
Namespace:        coord-only
Priority:         0
Service Account:  default
Node:             <pi-host>/<pi-ip>
Start Time:       Mon, 27 Apr 2026 04:16:57 +0200
Labels:           app=postgres
                  apps.kubernetes.io/pod-index=0
                  controller-revision-hash=postgres-6497897965
                  statefulset.kubernetes.io/pod-name=postgres-0
Annotations:      cni.projectcalico.org/containerID: 69fb4823b666d3d2a1395c00ab9b26a33337431372918fb41d9f85f42d91a056
                  cni.projectcalico.org/podIP: <pod-ip>/32
                  cni.projectcalico.org/podIPs: <pod-ip>/32
Status:           Running
IP:               <pod-ip>
IPs:
  IP:           <pod-ip>
Controlled By:  StatefulSet/postgres
Containers:
  postgres:
    Container ID:  containerd://adf8585ccc9b705cf0261f22f8e1c254a24670c72b998bb7a052f31e3a5ae5be
    Image:         postgres:17-alpine
    Image ID:      docker.io/library/postgres@sha256:778d0b486d6daa02b77434d0358ec57a1b21fd8b6d22ac2eef56a33e816928f6
    Port:          5432/TCP
    Host Port:     0/TCP
    Args:
      -c
      shared_buffers=256MB
      -c
      max_connections=200
      -c
      work_mem=16MB
    State:          Running
      Started:      Mon, 27 Apr 2026 04:16:58 +0200
    Ready:          True
    Restart Count:  0
    Limits:
      cpu:     1500m
      memory:  1536Mi
    Requests:
      cpu:      100m
      memory:   256Mi
    Liveness:   exec [pg_isready -U postgres] delay=30s timeout=1s period=10s #success=1 #failure=3
    Readiness:  exec [pg_isready -U postgres] delay=5s timeout=1s period=5s #success=1 #failure=3
    Environment:
      POSTGRES_DB:        postgres
      POSTGRES_USER:      postgres
      POSTGRES_PASSWORD:  <set to the key 'postgres-superuser-password' in secret 'hermod-secrets'>  Optional: false
    Mounts:
      /docker-entrypoint-initdb.d from init (rw)
      /var/lib/postgresql/data from data (rw)
      /var/run/secrets/kubernetes.io/serviceaccount from kube-api-access-79j56 (ro)
Conditions:
  Type                        Status
  PodReadyToStartContainers   True 
  Initialized                 True 
  Ready                       True 
  ContainersReady             True 
  PodScheduled                True 
Volumes:
  data:
    Type:       PersistentVolumeClaim (a reference to a PersistentVolumeClaim in the same namespace)
    ClaimName:  data-postgres-0
    ReadOnly:   false
  init:
    Type:      ConfigMap (a volume populated by a ConfigMap)
    Name:      postgres-init
    Optional:  false
  kube-api-access-79j56:
    Type:                    Projected (a volume that contains injected data from multiple sources)
    TokenExpirationSeconds:  3607
    ConfigMapName:           kube-root-ca.crt
    Optional:                false
    DownwardAPI:             true
QoS Class:                   Burstable
Node-Selectors:              <none>
Tolerations:                 node.kubernetes.io/not-ready:NoExecute op=Exists for 300s
                             node.kubernetes.io/unreachable:NoExecute op=Exists for 300s
Events:                      <none>

=== ts=1777257049 ===
Name:             hermod-coordinator-788cdc665d-msp2c
Namespace:        coord-only
Priority:         0
Service Account:  default
Node:             <pi-host>/<pi-ip>
Start Time:       Mon, 27 Apr 2026 04:27:13 +0200
Labels:           app=hermod-coordinator
                  pod-template-hash=788cdc665d
Annotations:      cni.projectcalico.org/containerID: 26bec51daf3f0c19fec24d81cda04fedf5d4df91d04fbbf2f5f4115ab5db7c6d
                  cni.projectcalico.org/podIP: <pod-ip>/32
                  cni.projectcalico.org/podIPs: <pod-ip>/32
                  kubectl.kubernetes.io/restartedAt: 2026-04-27T04:27:12+02:00
Status:           Running
IP:               <pod-ip>
IPs:
  IP:           <pod-ip>
Controlled By:  ReplicaSet/hermod-coordinator-788cdc665d
Init Containers:
  wait-for-postgres:
    Container ID:  containerd://961e284569a2cebb1fd0abb9b2691f8fd70bc4414dc355066e815c766b0014ca
    Image:         busybox:1.36
    Image ID:      docker.io/library/busybox@sha256:73aaf090f3d85aa34ee199857f03fa3a95c8ede2ffd4cc2cdb5b94e566b11662
    Port:          <none>
    Host Port:     <none>
    Command:
      sh
      -c
      until nc -z postgres 5432; do sleep 2; done
    State:          Terminated
      Reason:       Completed
      Exit Code:    0
      Started:      Mon, 27 Apr 2026 04:27:14 +0200
      Finished:     Mon, 27 Apr 2026 04:27:14 +0200
    Ready:          True
    Restart Count:  0
    Environment:    <none>
    Mounts:
      /var/run/secrets/kubernetes.io/serviceaccount from kube-api-access-485v9 (ro)
  wait-for-nanomq:
    Container ID:  containerd://f5c0d912e9f8ec0d08a5b07b5a89bb89936b90cef34e5b259bfef65a888512b1
    Image:         busybox:1.36
    Image ID:      docker.io/library/busybox@sha256:73aaf090f3d85aa34ee199857f03fa3a95c8ede2ffd4cc2cdb5b94e566b11662
    Port:          <none>
    Host Port:     <none>
    Command:
      sh
      -c
      until nc -z nanomq 1883; do sleep 2; done
    State:          Terminated
      Reason:       Completed
      Exit Code:    0
      Started:      Mon, 27 Apr 2026 04:27:15 +0200
      Finished:     Mon, 27 Apr 2026 04:27:21 +0200
    Ready:          True
    Restart Count:  0
    Environment:    <none>
    Mounts:
      /var/run/secrets/kubernetes.io/serviceaccount from kube-api-access-485v9 (ro)
Containers:
  hermod-coordinator:
    Container ID:   containerd://878d93522f383b1f1e0484fc54b3ad4ecaf7ea423f285ef959829dd04589bce8
    Image:          hermod-coordinator:latest
    Image ID:       sha256:ca91ccdfcd269dd5e4e25d5ffe8d863ca5db57e5c4f62f08c8adf90d23c15eaf
    Port:           42069/TCP (http)
    Host Port:      0/TCP (http)
    State:          Running
      Started:      Mon, 27 Apr 2026 04:27:22 +0200
    Ready:          True
    Restart Count:  0
    Limits:
      cpu:     1500m
      memory:  1536Mi
    Requests:
      cpu:      200m
      memory:   256Mi
    Liveness:   http-get http://:42069/healthz delay=60s timeout=1s period=30s #success=1 #failure=3
    Readiness:  http-get http://:42069/healthz/ready delay=5s timeout=1s period=10s #success=1 #failure=3
    Startup:    http-get http://:42069/healthz delay=0s timeout=1s period=5s #success=1 #failure=30
    Environment:
      ASPNETCORE_ENVIRONMENT:               Production
      ASPNETCORE_URLS:                      http://+:42069
      DOTNET_USE_POLLING_FILE_WATCHER:      true
      Hermod__Security__AuthBypass:         true
      Hermod__Security__VaultRequireHttps:  false
      Hermod__Features__MetricsEndpoint:    true
      Hermod__Dev__Endpoints:               true
      Hermod__Mqtt__Host:                   nanomq
      Hermod__Mqtt__Port:                   1883
      Hermod__Mqtt__UseTls:                 false
      Hermod__Mqtt__Tls__UseTls:            false
      Hermod__Mqtt__Username:               <set to the key 'mqtt-username' in secret 'hermod-secrets'>  Optional: false
      Hermod__Mqtt__Password:               <set to the key 'mqtt-password' in secret 'hermod-secrets'>  Optional: false
      Hermod__Database__ConnectionString:   Host=postgres;Port=5432;Database=hermod;Username=hermod_app
      Hermod__Database__Password:           <set to the key 'hermod-db-password' in secret 'hermod-db-credentials'>  Optional: false
    Mounts:
      /var/run/secrets/kubernetes.io/serviceaccount from kube-api-access-485v9 (ro)
Conditions:
  Type                        Status
  PodReadyToStartContainers   True 
  Initialized                 True 
  Ready                       True 
  ContainersReady             True 
  PodScheduled                True 
Volumes:
  kube-api-access-485v9:
    Type:                    Projected (a volume that contains injected data from multiple sources)
    TokenExpirationSeconds:  3607
    ConfigMapName:           kube-root-ca.crt
    Optional:                false
    DownwardAPI:             true
QoS Class:                   Burstable
Node-Selectors:              <none>
Tolerations:                 node.kubernetes.io/not-ready:NoExecute op=Exists for 300s
                             node.kubernetes.io/unreachable:NoExecute op=Exists for 300s
Events:
  Type    Reason     Age    From               Message
  ----    ------     ----   ----               -------
  Normal  Scheduled  3m35s  default-scheduler  Successfully assigned coord-only/hermod-coordinator-788cdc665d-msp2c to <pi-host>
  Normal  Pulled     3m35s  kubelet            spec.initContainers{wait-for-postgres}: Container image "busybox:1.36" already present on machine
  Normal  Created    3m35s  kubelet            spec.initContainers{wait-for-postgres}: Created container: wait-for-postgres
  Normal  Started    3m35s  kubelet            spec.initContainers{wait-for-postgres}: Started container wait-for-postgres
  Normal  Pulled     3m34s  kubelet            spec.initContainers{wait-for-nanomq}: Container image "busybox:1.36" already present on machine
  Normal  Created    3m34s  kubelet            spec.initContainers{wait-for-nanomq}: Created container: wait-for-nanomq
  Normal  Started    3m34s  kubelet            spec.initContainers{wait-for-nanomq}: Started container wait-for-nanomq
  Normal  Pulled     3m27s  kubelet            spec.containers{hermod-coordinator}: Container image "hermod-coordinator:latest" already present on machine
  Normal  Created    3m27s  kubelet            spec.containers{hermod-coordinator}: Created container: hermod-coordinator
  Normal  Started    3m27s  kubelet            spec.containers{hermod-coordinator}: Started container hermod-coordinator


Name:             nanomq-b48cc5758-6fhlf
Namespace:        coord-only
Priority:         0
Service Account:  default
Node:             <pi-host>/<pi-ip>
Start Time:       Mon, 27 Apr 2026 04:27:14 +0200
Labels:           app=nanomq
                  pod-template-hash=b48cc5758
Annotations:      cni.projectcalico.org/containerID: da35e0ed99fe5e9c323e236aa9d0c074c7517cdba84fbd8a11f3afcd03a83917
                  cni.projectcalico.org/podIP: <pod-ip>/32
                  cni.projectcalico.org/podIPs: <pod-ip>/32
                  kubectl.kubernetes.io/restartedAt: 2026-04-27T04:27:12+02:00
Status:           Running
IP:               <pod-ip>
IPs:
  IP:           <pod-ip>
Controlled By:  ReplicaSet/nanomq-b48cc5758
Containers:
  nanomq:
    Container ID:   containerd://1c4f43c5612b6f9420a2a8ade580f5cf01e6ff9546cfa13acbf9169e5a74f0fb
    Image:          emqx/nanomq:0.21-slim
    Image ID:       docker.io/emqx/nanomq@sha256:53bea7acb547aced1cc45e08c514628f1e41c4da9ad544fd8c5fa96d3e9eb41b
    Ports:          1883/TCP (mqtt), 8081/TCP (http)
    Host Ports:     0/TCP (mqtt), 0/TCP (http)
    State:          Running
      Started:      Mon, 27 Apr 2026 04:27:15 +0200
    Ready:          True
    Restart Count:  0
    Limits:
      cpu:     1
      memory:  512Mi
    Requests:
      cpu:        50m
      memory:     64Mi
    Liveness:     tcp-socket :1883 delay=10s timeout=1s period=10s #success=1 #failure=3
    Readiness:    tcp-socket :1883 delay=3s timeout=1s period=5s #success=1 #failure=3
    Environment:  <none>
    Mounts:
      /etc/nanomq.conf from config (rw,path="nanomq.conf")
      /var/run/secrets/kubernetes.io/serviceaccount from kube-api-access-w4w6z (ro)
Conditions:
  Type                        Status
  PodReadyToStartContainers   True 
  Initialized                 True 
  Ready                       True 
  ContainersReady             True 
  PodScheduled                True 
Volumes:
  config:
    Type:      ConfigMap (a volume populated by a ConfigMap)
    Name:      nanomq-config
    Optional:  false
  kube-api-access-w4w6z:
    Type:                    Projected (a volume that contains injected data from multiple sources)
    TokenExpirationSeconds:  3607
    ConfigMapName:           kube-root-ca.crt
    Optional:                false
    DownwardAPI:             true
QoS Class:                   Burstable
Node-Selectors:              <none>
Tolerations:                 node.kubernetes.io/not-ready:NoExecute op=Exists for 300s
                             node.kubernetes.io/unreachable:NoExecute op=Exists for 300s
Events:
  Type    Reason     Age    From               Message
  ----    ------     ----   ----               -------
  Normal  Scheduled  3m35s  default-scheduler  Successfully assigned coord-only/nanomq-b48cc5758-6fhlf to <pi-host>
  Normal  Pulled     3m35s  kubelet            spec.containers{nanomq}: Container image "emqx/nanomq:0.21-slim" already present on machine
  Normal  Created    3m34s  kubelet            spec.containers{nanomq}: Created container: nanomq
  Normal  Started    3m34s  kubelet            spec.containers{nanomq}: Started container nanomq


Name:             postgres-0
Namespace:        coord-only
Priority:         0
Service Account:  default
Node:             <pi-host>/<pi-ip>
Start Time:       Mon, 27 Apr 2026 04:16:57 +0200
Labels:           app=postgres
                  apps.kubernetes.io/pod-index=0
                  controller-revision-hash=postgres-6497897965
                  statefulset.kubernetes.io/pod-name=postgres-0
Annotations:      cni.projectcalico.org/containerID: 69fb4823b666d3d2a1395c00ab9b26a33337431372918fb41d9f85f42d91a056
                  cni.projectcalico.org/podIP: <pod-ip>/32
                  cni.projectcalico.org/podIPs: <pod-ip>/32
Status:           Running
IP:               <pod-ip>
IPs:
  IP:           <pod-ip>
Controlled By:  StatefulSet/postgres
Containers:
  postgres:
    Container ID:  containerd://adf8585ccc9b705cf0261f22f8e1c254a24670c72b998bb7a052f31e3a5ae5be
    Image:         postgres:17-alpine
    Image ID:      docker.io/library/postgres@sha256:778d0b486d6daa02b77434d0358ec57a1b21fd8b6d22ac2eef56a33e816928f6
    Port:          5432/TCP
    Host Port:     0/TCP
    Args:
      -c
      shared_buffers=256MB
      -c
      max_connections=200
      -c
      work_mem=16MB
    State:          Running
      Started:      Mon, 27 Apr 2026 04:16:58 +0200
    Ready:          True
    Restart Count:  0
    Limits:
      cpu:     1500m
      memory:  1536Mi
    Requests:
      cpu:      100m
      memory:   256Mi
    Liveness:   exec [pg_isready -U postgres] delay=30s timeout=1s period=10s #success=1 #failure=3
    Readiness:  exec [pg_isready -U postgres] delay=5s timeout=1s period=5s #success=1 #failure=3
    Environment:
      POSTGRES_DB:        postgres
      POSTGRES_USER:      postgres
      POSTGRES_PASSWORD:  <set to the key 'postgres-superuser-password' in secret 'hermod-secrets'>  Optional: false
    Mounts:
      /docker-entrypoint-initdb.d from init (rw)
      /var/lib/postgresql/data from data (rw)
      /var/run/secrets/kubernetes.io/serviceaccount from kube-api-access-79j56 (ro)
Conditions:
  Type                        Status
  PodReadyToStartContainers   True 
  Initialized                 True 
  Ready                       True 
  ContainersReady             True 
  PodScheduled                True 
Volumes:
  data:
    Type:       PersistentVolumeClaim (a reference to a PersistentVolumeClaim in the same namespace)
    ClaimName:  data-postgres-0
    ReadOnly:   false
  init:
    Type:      ConfigMap (a volume populated by a ConfigMap)
    Name:      postgres-init
    Optional:  false
  kube-api-access-79j56:
    Type:                    Projected (a volume that contains injected data from multiple sources)
    TokenExpirationSeconds:  3607
    ConfigMapName:           kube-root-ca.crt
    Optional:                false
    DownwardAPI:             true
QoS Class:                   Burstable
Node-Selectors:              <none>
Tolerations:                 node.kubernetes.io/not-ready:NoExecute op=Exists for 300s
                             node.kubernetes.io/unreachable:NoExecute op=Exists for 300s
Events:                      <none>

=== ts=1777257060 ===
Name:             hermod-coordinator-788cdc665d-msp2c
Namespace:        coord-only
Priority:         0
Service Account:  default
Node:             <pi-host>/<pi-ip>
Start Time:       Mon, 27 Apr 2026 04:27:13 +0200
Labels:           app=hermod-coordinator
                  pod-template-hash=788cdc665d
Annotations:      cni.projectcalico.org/containerID: 26bec51daf3f0c19fec24d81cda04fedf5d4df91d04fbbf2f5f4115ab5db7c6d
                  cni.projectcalico.org/podIP: <pod-ip>/32
                  cni.projectcalico.org/podIPs: <pod-ip>/32
                  kubectl.kubernetes.io/restartedAt: 2026-04-27T04:27:12+02:00
Status:           Running
IP:               <pod-ip>
IPs:
  IP:           <pod-ip>
Controlled By:  ReplicaSet/hermod-coordinator-788cdc665d
Init Containers:
  wait-for-postgres:
    Container ID:  containerd://961e284569a2cebb1fd0abb9b2691f8fd70bc4414dc355066e815c766b0014ca
    Image:         busybox:1.36
    Image ID:      docker.io/library/busybox@sha256:73aaf090f3d85aa34ee199857f03fa3a95c8ede2ffd4cc2cdb5b94e566b11662
    Port:          <none>
    Host Port:     <none>
    Command:
      sh
      -c
      until nc -z postgres 5432; do sleep 2; done
    State:          Terminated
      Reason:       Completed
      Exit Code:    0
      Started:      Mon, 27 Apr 2026 04:27:14 +0200
      Finished:     Mon, 27 Apr 2026 04:27:14 +0200
    Ready:          True
    Restart Count:  0
    Environment:    <none>
    Mounts:
      /var/run/secrets/kubernetes.io/serviceaccount from kube-api-access-485v9 (ro)
  wait-for-nanomq:
    Container ID:  containerd://f5c0d912e9f8ec0d08a5b07b5a89bb89936b90cef34e5b259bfef65a888512b1
    Image:         busybox:1.36
    Image ID:      docker.io/library/busybox@sha256:73aaf090f3d85aa34ee199857f03fa3a95c8ede2ffd4cc2cdb5b94e566b11662
    Port:          <none>
    Host Port:     <none>
    Command:
      sh
      -c
      until nc -z nanomq 1883; do sleep 2; done
    State:          Terminated
      Reason:       Completed
      Exit Code:    0
      Started:      Mon, 27 Apr 2026 04:27:15 +0200
      Finished:     Mon, 27 Apr 2026 04:27:21 +0200
    Ready:          True
    Restart Count:  0
    Environment:    <none>
    Mounts:
      /var/run/secrets/kubernetes.io/serviceaccount from kube-api-access-485v9 (ro)
Containers:
  hermod-coordinator:
    Container ID:   containerd://878d93522f383b1f1e0484fc54b3ad4ecaf7ea423f285ef959829dd04589bce8
    Image:          hermod-coordinator:latest
    Image ID:       sha256:ca91ccdfcd269dd5e4e25d5ffe8d863ca5db57e5c4f62f08c8adf90d23c15eaf
    Port:           42069/TCP (http)
    Host Port:      0/TCP (http)
    State:          Running
      Started:      Mon, 27 Apr 2026 04:27:22 +0200
    Ready:          True
    Restart Count:  0
    Limits:
      cpu:     1500m
      memory:  1536Mi
    Requests:
      cpu:      200m
      memory:   256Mi
    Liveness:   http-get http://:42069/healthz delay=60s timeout=1s period=30s #success=1 #failure=3
    Readiness:  http-get http://:42069/healthz/ready delay=5s timeout=1s period=10s #success=1 #failure=3
    Startup:    http-get http://:42069/healthz delay=0s timeout=1s period=5s #success=1 #failure=30
    Environment:
      ASPNETCORE_ENVIRONMENT:               Production
      ASPNETCORE_URLS:                      http://+:42069
      DOTNET_USE_POLLING_FILE_WATCHER:      true
      Hermod__Security__AuthBypass:         true
      Hermod__Security__VaultRequireHttps:  false
      Hermod__Features__MetricsEndpoint:    true
      Hermod__Dev__Endpoints:               true
      Hermod__Mqtt__Host:                   nanomq
      Hermod__Mqtt__Port:                   1883
      Hermod__Mqtt__UseTls:                 false
      Hermod__Mqtt__Tls__UseTls:            false
      Hermod__Mqtt__Username:               <set to the key 'mqtt-username' in secret 'hermod-secrets'>  Optional: false
      Hermod__Mqtt__Password:               <set to the key 'mqtt-password' in secret 'hermod-secrets'>  Optional: false
      Hermod__Database__ConnectionString:   Host=postgres;Port=5432;Database=hermod;Username=hermod_app
      Hermod__Database__Password:           <set to the key 'hermod-db-password' in secret 'hermod-db-credentials'>  Optional: false
    Mounts:
      /var/run/secrets/kubernetes.io/serviceaccount from kube-api-access-485v9 (ro)
Conditions:
  Type                        Status
  PodReadyToStartContainers   True 
  Initialized                 True 
  Ready                       True 
  ContainersReady             True 
  PodScheduled                True 
Volumes:
  kube-api-access-485v9:
    Type:                    Projected (a volume that contains injected data from multiple sources)
    TokenExpirationSeconds:  3607
    ConfigMapName:           kube-root-ca.crt
    Optional:                false
    DownwardAPI:             true
QoS Class:                   Burstable
Node-Selectors:              <none>
Tolerations:                 node.kubernetes.io/not-ready:NoExecute op=Exists for 300s
                             node.kubernetes.io/unreachable:NoExecute op=Exists for 300s
Events:
  Type    Reason     Age    From               Message
  ----    ------     ----   ----               -------
  Normal  Scheduled  3m47s  default-scheduler  Successfully assigned coord-only/hermod-coordinator-788cdc665d-msp2c to <pi-host>
  Normal  Pulled     3m47s  kubelet            spec.initContainers{wait-for-postgres}: Container image "busybox:1.36" already present on machine
  Normal  Created    3m47s  kubelet            spec.initContainers{wait-for-postgres}: Created container: wait-for-postgres
  Normal  Started    3m47s  kubelet            spec.initContainers{wait-for-postgres}: Started container wait-for-postgres
  Normal  Pulled     3m46s  kubelet            spec.initContainers{wait-for-nanomq}: Container image "busybox:1.36" already present on machine
  Normal  Created    3m46s  kubelet            spec.initContainers{wait-for-nanomq}: Created container: wait-for-nanomq
  Normal  Started    3m46s  kubelet            spec.initContainers{wait-for-nanomq}: Started container wait-for-nanomq
  Normal  Pulled     3m39s  kubelet            spec.containers{hermod-coordinator}: Container image "hermod-coordinator:latest" already present on machine
  Normal  Created    3m39s  kubelet            spec.containers{hermod-coordinator}: Created container: hermod-coordinator
  Normal  Started    3m39s  kubelet            spec.containers{hermod-coordinator}: Started container hermod-coordinator


Name:             nanomq-b48cc5758-6fhlf
Namespace:        coord-only
Priority:         0
Service Account:  default
Node:             <pi-host>/<pi-ip>
Start Time:       Mon, 27 Apr 2026 04:27:14 +0200
Labels:           app=nanomq
                  pod-template-hash=b48cc5758
Annotations:      cni.projectcalico.org/containerID: da35e0ed99fe5e9c323e236aa9d0c074c7517cdba84fbd8a11f3afcd03a83917
                  cni.projectcalico.org/podIP: <pod-ip>/32
                  cni.projectcalico.org/podIPs: <pod-ip>/32
                  kubectl.kubernetes.io/restartedAt: 2026-04-27T04:27:12+02:00
Status:           Running
IP:               <pod-ip>
IPs:
  IP:           <pod-ip>
Controlled By:  ReplicaSet/nanomq-b48cc5758
Containers:
  nanomq:
    Container ID:   containerd://1c4f43c5612b6f9420a2a8ade580f5cf01e6ff9546cfa13acbf9169e5a74f0fb
    Image:          emqx/nanomq:0.21-slim
    Image ID:       docker.io/emqx/nanomq@sha256:53bea7acb547aced1cc45e08c514628f1e41c4da9ad544fd8c5fa96d3e9eb41b
    Ports:          1883/TCP (mqtt), 8081/TCP (http)
    Host Ports:     0/TCP (mqtt), 0/TCP (http)
    State:          Running
      Started:      Mon, 27 Apr 2026 04:27:15 +0200
    Ready:          True
    Restart Count:  0
    Limits:
      cpu:     1
      memory:  512Mi
    Requests:
      cpu:        50m
      memory:     64Mi
    Liveness:     tcp-socket :1883 delay=10s timeout=1s period=10s #success=1 #failure=3
    Readiness:    tcp-socket :1883 delay=3s timeout=1s period=5s #success=1 #failure=3
    Environment:  <none>
    Mounts:
      /etc/nanomq.conf from config (rw,path="nanomq.conf")
      /var/run/secrets/kubernetes.io/serviceaccount from kube-api-access-w4w6z (ro)
Conditions:
  Type                        Status
  PodReadyToStartContainers   True 
  Initialized                 True 
  Ready                       True 
  ContainersReady             True 
  PodScheduled                True 
Volumes:
  config:
    Type:      ConfigMap (a volume populated by a ConfigMap)
    Name:      nanomq-config
    Optional:  false
  kube-api-access-w4w6z:
    Type:                    Projected (a volume that contains injected data from multiple sources)
    TokenExpirationSeconds:  3607
    ConfigMapName:           kube-root-ca.crt
    Optional:                false
    DownwardAPI:             true
QoS Class:                   Burstable
Node-Selectors:              <none>
Tolerations:                 node.kubernetes.io/not-ready:NoExecute op=Exists for 300s
                             node.kubernetes.io/unreachable:NoExecute op=Exists for 300s
Events:
  Type    Reason     Age    From               Message
  ----    ------     ----   ----               -------
  Normal  Scheduled  3m47s  default-scheduler  Successfully assigned coord-only/nanomq-b48cc5758-6fhlf to <pi-host>
  Normal  Pulled     3m47s  kubelet            spec.containers{nanomq}: Container image "emqx/nanomq:0.21-slim" already present on machine
  Normal  Created    3m46s  kubelet            spec.containers{nanomq}: Created container: nanomq
  Normal  Started    3m46s  kubelet            spec.containers{nanomq}: Started container nanomq


Name:             postgres-0
Namespace:        coord-only
Priority:         0
Service Account:  default
Node:             <pi-host>/<pi-ip>
Start Time:       Mon, 27 Apr 2026 04:16:57 +0200
Labels:           app=postgres
                  apps.kubernetes.io/pod-index=0
                  controller-revision-hash=postgres-6497897965
                  statefulset.kubernetes.io/pod-name=postgres-0
Annotations:      cni.projectcalico.org/containerID: 69fb4823b666d3d2a1395c00ab9b26a33337431372918fb41d9f85f42d91a056
                  cni.projectcalico.org/podIP: <pod-ip>/32
                  cni.projectcalico.org/podIPs: <pod-ip>/32
Status:           Running
IP:               <pod-ip>
IPs:
  IP:           <pod-ip>
Controlled By:  StatefulSet/postgres
Containers:
  postgres:
    Container ID:  containerd://adf8585ccc9b705cf0261f22f8e1c254a24670c72b998bb7a052f31e3a5ae5be
    Image:         postgres:17-alpine
    Image ID:      docker.io/library/postgres@sha256:778d0b486d6daa02b77434d0358ec57a1b21fd8b6d22ac2eef56a33e816928f6
    Port:          5432/TCP
    Host Port:     0/TCP
    Args:
      -c
      shared_buffers=256MB
      -c
      max_connections=200
      -c
      work_mem=16MB
    State:          Running
      Started:      Mon, 27 Apr 2026 04:16:58 +0200
    Ready:          True
    Restart Count:  0
    Limits:
      cpu:     1500m
      memory:  1536Mi
    Requests:
      cpu:      100m
      memory:   256Mi
    Liveness:   exec [pg_isready -U postgres] delay=30s timeout=1s period=10s #success=1 #failure=3
    Readiness:  exec [pg_isready -U postgres] delay=5s timeout=1s period=5s #success=1 #failure=3
    Environment:
      POSTGRES_DB:        postgres
      POSTGRES_USER:      postgres
      POSTGRES_PASSWORD:  <set to the key 'postgres-superuser-password' in secret 'hermod-secrets'>  Optional: false
    Mounts:
      /docker-entrypoint-initdb.d from init (rw)
      /var/lib/postgresql/data from data (rw)
      /var/run/secrets/kubernetes.io/serviceaccount from kube-api-access-79j56 (ro)
Conditions:
  Type                        Status
  PodReadyToStartContainers   True 
  Initialized                 True 
  Ready                       True 
  ContainersReady             True 
  PodScheduled                True 
Volumes:
  data:
    Type:       PersistentVolumeClaim (a reference to a PersistentVolumeClaim in the same namespace)
    ClaimName:  data-postgres-0
    ReadOnly:   false
  init:
    Type:      ConfigMap (a volume populated by a ConfigMap)
    Name:      postgres-init
    Optional:  false
  kube-api-access-79j56:
    Type:                    Projected (a volume that contains injected data from multiple sources)
    TokenExpirationSeconds:  3607
    ConfigMapName:           kube-root-ca.crt
    Optional:                false
    DownwardAPI:             true
QoS Class:                   Burstable
Node-Selectors:              <none>
Tolerations:                 node.kubernetes.io/not-ready:NoExecute op=Exists for 300s
                             node.kubernetes.io/unreachable:NoExecute op=Exists for 300s
Events:                      <none>

=== ts=1777257072 ===
Name:             hermod-coordinator-788cdc665d-msp2c
Namespace:        coord-only
Priority:         0
Service Account:  default
Node:             <pi-host>/<pi-ip>
Start Time:       Mon, 27 Apr 2026 04:27:13 +0200
Labels:           app=hermod-coordinator
                  pod-template-hash=788cdc665d
Annotations:      cni.projectcalico.org/containerID: 26bec51daf3f0c19fec24d81cda04fedf5d4df91d04fbbf2f5f4115ab5db7c6d
                  cni.projectcalico.org/podIP: <pod-ip>/32
                  cni.projectcalico.org/podIPs: <pod-ip>/32
                  kubectl.kubernetes.io/restartedAt: 2026-04-27T04:27:12+02:00
Status:           Running
IP:               <pod-ip>
IPs:
  IP:           <pod-ip>
Controlled By:  ReplicaSet/hermod-coordinator-788cdc665d
Init Containers:
  wait-for-postgres:
    Container ID:  containerd://961e284569a2cebb1fd0abb9b2691f8fd70bc4414dc355066e815c766b0014ca
    Image:         busybox:1.36
    Image ID:      docker.io/library/busybox@sha256:73aaf090f3d85aa34ee199857f03fa3a95c8ede2ffd4cc2cdb5b94e566b11662
    Port:          <none>
    Host Port:     <none>
    Command:
      sh
      -c
      until nc -z postgres 5432; do sleep 2; done
    State:          Terminated
      Reason:       Completed
      Exit Code:    0
      Started:      Mon, 27 Apr 2026 04:27:14 +0200
      Finished:     Mon, 27 Apr 2026 04:27:14 +0200
    Ready:          True
    Restart Count:  0
    Environment:    <none>
    Mounts:
      /var/run/secrets/kubernetes.io/serviceaccount from kube-api-access-485v9 (ro)
  wait-for-nanomq:
    Container ID:  containerd://f5c0d912e9f8ec0d08a5b07b5a89bb89936b90cef34e5b259bfef65a888512b1
    Image:         busybox:1.36
    Image ID:      docker.io/library/busybox@sha256:73aaf090f3d85aa34ee199857f03fa3a95c8ede2ffd4cc2cdb5b94e566b11662
    Port:          <none>
    Host Port:     <none>
    Command:
      sh
      -c
      until nc -z nanomq 1883; do sleep 2; done
    State:          Terminated
      Reason:       Completed
      Exit Code:    0
      Started:      Mon, 27 Apr 2026 04:27:15 +0200
      Finished:     Mon, 27 Apr 2026 04:27:21 +0200
    Ready:          True
    Restart Count:  0
    Environment:    <none>
    Mounts:
      /var/run/secrets/kubernetes.io/serviceaccount from kube-api-access-485v9 (ro)
Containers:
  hermod-coordinator:
    Container ID:   containerd://878d93522f383b1f1e0484fc54b3ad4ecaf7ea423f285ef959829dd04589bce8
    Image:          hermod-coordinator:latest
    Image ID:       sha256:ca91ccdfcd269dd5e4e25d5ffe8d863ca5db57e5c4f62f08c8adf90d23c15eaf
    Port:           42069/TCP (http)
    Host Port:      0/TCP (http)
    State:          Running
      Started:      Mon, 27 Apr 2026 04:27:22 +0200
    Ready:          True
    Restart Count:  0
    Limits:
      cpu:     1500m
      memory:  1536Mi
    Requests:
      cpu:      200m
      memory:   256Mi
    Liveness:   http-get http://:42069/healthz delay=60s timeout=1s period=30s #success=1 #failure=3
    Readiness:  http-get http://:42069/healthz/ready delay=5s timeout=1s period=10s #success=1 #failure=3
    Startup:    http-get http://:42069/healthz delay=0s timeout=1s period=5s #success=1 #failure=30
    Environment:
      ASPNETCORE_ENVIRONMENT:               Production
      ASPNETCORE_URLS:                      http://+:42069
      DOTNET_USE_POLLING_FILE_WATCHER:      true
      Hermod__Security__AuthBypass:         true
      Hermod__Security__VaultRequireHttps:  false
      Hermod__Features__MetricsEndpoint:    true
      Hermod__Dev__Endpoints:               true
      Hermod__Mqtt__Host:                   nanomq
      Hermod__Mqtt__Port:                   1883
      Hermod__Mqtt__UseTls:                 false
      Hermod__Mqtt__Tls__UseTls:            false
      Hermod__Mqtt__Username:               <set to the key 'mqtt-username' in secret 'hermod-secrets'>  Optional: false
      Hermod__Mqtt__Password:               <set to the key 'mqtt-password' in secret 'hermod-secrets'>  Optional: false
      Hermod__Database__ConnectionString:   Host=postgres;Port=5432;Database=hermod;Username=hermod_app
      Hermod__Database__Password:           <set to the key 'hermod-db-password' in secret 'hermod-db-credentials'>  Optional: false
    Mounts:
      /var/run/secrets/kubernetes.io/serviceaccount from kube-api-access-485v9 (ro)
Conditions:
  Type                        Status
  PodReadyToStartContainers   True 
  Initialized                 True 
  Ready                       True 
  ContainersReady             True 
  PodScheduled                True 
Volumes:
  kube-api-access-485v9:
    Type:                    Projected (a volume that contains injected data from multiple sources)
    TokenExpirationSeconds:  3607
    ConfigMapName:           kube-root-ca.crt
    Optional:                false
    DownwardAPI:             true
QoS Class:                   Burstable
Node-Selectors:              <none>
Tolerations:                 node.kubernetes.io/not-ready:NoExecute op=Exists for 300s
                             node.kubernetes.io/unreachable:NoExecute op=Exists for 300s
Events:
  Type    Reason     Age    From               Message
  ----    ------     ----   ----               -------
  Normal  Scheduled  3m58s  default-scheduler  Successfully assigned coord-only/hermod-coordinator-788cdc665d-msp2c to <pi-host>
  Normal  Pulled     3m58s  kubelet            spec.initContainers{wait-for-postgres}: Container image "busybox:1.36" already present on machine
  Normal  Created    3m58s  kubelet            spec.initContainers{wait-for-postgres}: Created container: wait-for-postgres
  Normal  Started    3m58s  kubelet            spec.initContainers{wait-for-postgres}: Started container wait-for-postgres
  Normal  Pulled     3m57s  kubelet            spec.initContainers{wait-for-nanomq}: Container image "busybox:1.36" already present on machine
  Normal  Created    3m57s  kubelet            spec.initContainers{wait-for-nanomq}: Created container: wait-for-nanomq
  Normal  Started    3m57s  kubelet            spec.initContainers{wait-for-nanomq}: Started container wait-for-nanomq
  Normal  Pulled     3m50s  kubelet            spec.containers{hermod-coordinator}: Container image "hermod-coordinator:latest" already present on machine
  Normal  Created    3m50s  kubelet            spec.containers{hermod-coordinator}: Created container: hermod-coordinator
  Normal  Started    3m50s  kubelet            spec.containers{hermod-coordinator}: Started container hermod-coordinator


Name:             nanomq-b48cc5758-6fhlf
Namespace:        coord-only
Priority:         0
Service Account:  default
Node:             <pi-host>/<pi-ip>
Start Time:       Mon, 27 Apr 2026 04:27:14 +0200
Labels:           app=nanomq
                  pod-template-hash=b48cc5758
Annotations:      cni.projectcalico.org/containerID: da35e0ed99fe5e9c323e236aa9d0c074c7517cdba84fbd8a11f3afcd03a83917
                  cni.projectcalico.org/podIP: <pod-ip>/32
                  cni.projectcalico.org/podIPs: <pod-ip>/32
                  kubectl.kubernetes.io/restartedAt: 2026-04-27T04:27:12+02:00
Status:           Running
IP:               <pod-ip>
IPs:
  IP:           <pod-ip>
Controlled By:  ReplicaSet/nanomq-b48cc5758
Containers:
  nanomq:
    Container ID:   containerd://1c4f43c5612b6f9420a2a8ade580f5cf01e6ff9546cfa13acbf9169e5a74f0fb
    Image:          emqx/nanomq:0.21-slim
    Image ID:       docker.io/emqx/nanomq@sha256:53bea7acb547aced1cc45e08c514628f1e41c4da9ad544fd8c5fa96d3e9eb41b
    Ports:          1883/TCP (mqtt), 8081/TCP (http)
    Host Ports:     0/TCP (mqtt), 0/TCP (http)
    State:          Running
      Started:      Mon, 27 Apr 2026 04:27:15 +0200
    Ready:          True
    Restart Count:  0
    Limits:
      cpu:     1
      memory:  512Mi
    Requests:
      cpu:        50m
      memory:     64Mi
    Liveness:     tcp-socket :1883 delay=10s timeout=1s period=10s #success=1 #failure=3
    Readiness:    tcp-socket :1883 delay=3s timeout=1s period=5s #success=1 #failure=3
    Environment:  <none>
    Mounts:
      /etc/nanomq.conf from config (rw,path="nanomq.conf")
      /var/run/secrets/kubernetes.io/serviceaccount from kube-api-access-w4w6z (ro)
Conditions:
  Type                        Status
  PodReadyToStartContainers   True 
  Initialized                 True 
  Ready                       True 
  ContainersReady             True 
  PodScheduled                True 
Volumes:
  config:
    Type:      ConfigMap (a volume populated by a ConfigMap)
    Name:      nanomq-config
    Optional:  false
  kube-api-access-w4w6z:
    Type:                    Projected (a volume that contains injected data from multiple sources)
    TokenExpirationSeconds:  3607
    ConfigMapName:           kube-root-ca.crt
    Optional:                false
    DownwardAPI:             true
QoS Class:                   Burstable
Node-Selectors:              <none>
Tolerations:                 node.kubernetes.io/not-ready:NoExecute op=Exists for 300s
                             node.kubernetes.io/unreachable:NoExecute op=Exists for 300s
Events:
  Type    Reason     Age    From               Message
  ----    ------     ----   ----               -------
  Normal  Scheduled  3m58s  default-scheduler  Successfully assigned coord-only/nanomq-b48cc5758-6fhlf to <pi-host>
  Normal  Pulled     3m58s  kubelet            spec.containers{nanomq}: Container image "emqx/nanomq:0.21-slim" already present on machine
  Normal  Created    3m57s  kubelet            spec.containers{nanomq}: Created container: nanomq
  Normal  Started    3m57s  kubelet            spec.containers{nanomq}: Started container nanomq


Name:             postgres-0
Namespace:        coord-only
Priority:         0
Service Account:  default
Node:             <pi-host>/<pi-ip>
Start Time:       Mon, 27 Apr 2026 04:16:57 +0200
Labels:           app=postgres
                  apps.kubernetes.io/pod-index=0
                  controller-revision-hash=postgres-6497897965
                  statefulset.kubernetes.io/pod-name=postgres-0
Annotations:      cni.projectcalico.org/containerID: 69fb4823b666d3d2a1395c00ab9b26a33337431372918fb41d9f85f42d91a056
                  cni.projectcalico.org/podIP: <pod-ip>/32
                  cni.projectcalico.org/podIPs: <pod-ip>/32
Status:           Running
IP:               <pod-ip>
IPs:
  IP:           <pod-ip>
Controlled By:  StatefulSet/postgres
Containers:
  postgres:
    Container ID:  containerd://adf8585ccc9b705cf0261f22f8e1c254a24670c72b998bb7a052f31e3a5ae5be
    Image:         postgres:17-alpine
    Image ID:      docker.io/library/postgres@sha256:778d0b486d6daa02b77434d0358ec57a1b21fd8b6d22ac2eef56a33e816928f6
    Port:          5432/TCP
    Host Port:     0/TCP
    Args:
      -c
      shared_buffers=256MB
      -c
      max_connections=200
      -c
      work_mem=16MB
    State:          Running
      Started:      Mon, 27 Apr 2026 04:16:58 +0200
    Ready:          True
    Restart Count:  0
    Limits:
      cpu:     1500m
      memory:  1536Mi
    Requests:
      cpu:      100m
      memory:   256Mi
    Liveness:   exec [pg_isready -U postgres] delay=30s timeout=1s period=10s #success=1 #failure=3
    Readiness:  exec [pg_isready -U postgres] delay=5s timeout=1s period=5s #success=1 #failure=3
    Environment:
      POSTGRES_DB:        postgres
      POSTGRES_USER:      postgres
      POSTGRES_PASSWORD:  <set to the key 'postgres-superuser-password' in secret 'hermod-secrets'>  Optional: false
    Mounts:
      /docker-entrypoint-initdb.d from init (rw)
      /var/lib/postgresql/data from data (rw)
      /var/run/secrets/kubernetes.io/serviceaccount from kube-api-access-79j56 (ro)
Conditions:
  Type                        Status
  PodReadyToStartContainers   True 
  Initialized                 True 
  Ready                       True 
  ContainersReady             True 
  PodScheduled                True 
Volumes:
  data:
    Type:       PersistentVolumeClaim (a reference to a PersistentVolumeClaim in the same namespace)
    ClaimName:  data-postgres-0
    ReadOnly:   false
  init:
    Type:      ConfigMap (a volume populated by a ConfigMap)
    Name:      postgres-init
    Optional:  false
  kube-api-access-79j56:
    Type:                    Projected (a volume that contains injected data from multiple sources)
    TokenExpirationSeconds:  3607
    ConfigMapName:           kube-root-ca.crt
    Optional:                false
    DownwardAPI:             true
QoS Class:                   Burstable
Node-Selectors:              <none>
Tolerations:                 node.kubernetes.io/not-ready:NoExecute op=Exists for 300s
                             node.kubernetes.io/unreachable:NoExecute op=Exists for 300s
Events:                      <none>

=== ts=1777257083 ===
Name:             hermod-coordinator-788cdc665d-msp2c
Namespace:        coord-only
Priority:         0
Service Account:  default
Node:             <pi-host>/<pi-ip>
Start Time:       Mon, 27 Apr 2026 04:27:13 +0200
Labels:           app=hermod-coordinator
                  pod-template-hash=788cdc665d
Annotations:      cni.projectcalico.org/containerID: 26bec51daf3f0c19fec24d81cda04fedf5d4df91d04fbbf2f5f4115ab5db7c6d
                  cni.projectcalico.org/podIP: <pod-ip>/32
                  cni.projectcalico.org/podIPs: <pod-ip>/32
                  kubectl.kubernetes.io/restartedAt: 2026-04-27T04:27:12+02:00
Status:           Running
IP:               <pod-ip>
IPs:
  IP:           <pod-ip>
Controlled By:  ReplicaSet/hermod-coordinator-788cdc665d
Init Containers:
  wait-for-postgres:
    Container ID:  containerd://961e284569a2cebb1fd0abb9b2691f8fd70bc4414dc355066e815c766b0014ca
    Image:         busybox:1.36
    Image ID:      docker.io/library/busybox@sha256:73aaf090f3d85aa34ee199857f03fa3a95c8ede2ffd4cc2cdb5b94e566b11662
    Port:          <none>
    Host Port:     <none>
    Command:
      sh
      -c
      until nc -z postgres 5432; do sleep 2; done
    State:          Terminated
      Reason:       Completed
      Exit Code:    0
      Started:      Mon, 27 Apr 2026 04:27:14 +0200
      Finished:     Mon, 27 Apr 2026 04:27:14 +0200
    Ready:          True
    Restart Count:  0
    Environment:    <none>
    Mounts:
      /var/run/secrets/kubernetes.io/serviceaccount from kube-api-access-485v9 (ro)
  wait-for-nanomq:
    Container ID:  containerd://f5c0d912e9f8ec0d08a5b07b5a89bb89936b90cef34e5b259bfef65a888512b1
    Image:         busybox:1.36
    Image ID:      docker.io/library/busybox@sha256:73aaf090f3d85aa34ee199857f03fa3a95c8ede2ffd4cc2cdb5b94e566b11662
    Port:          <none>
    Host Port:     <none>
    Command:
      sh
      -c
      until nc -z nanomq 1883; do sleep 2; done
    State:          Terminated
      Reason:       Completed
      Exit Code:    0
      Started:      Mon, 27 Apr 2026 04:27:15 +0200
      Finished:     Mon, 27 Apr 2026 04:27:21 +0200
    Ready:          True
    Restart Count:  0
    Environment:    <none>
    Mounts:
      /var/run/secrets/kubernetes.io/serviceaccount from kube-api-access-485v9 (ro)
Containers:
  hermod-coordinator:
    Container ID:   containerd://878d93522f383b1f1e0484fc54b3ad4ecaf7ea423f285ef959829dd04589bce8
    Image:          hermod-coordinator:latest
    Image ID:       sha256:ca91ccdfcd269dd5e4e25d5ffe8d863ca5db57e5c4f62f08c8adf90d23c15eaf
    Port:           42069/TCP (http)
    Host Port:      0/TCP (http)
    State:          Running
      Started:      Mon, 27 Apr 2026 04:27:22 +0200
    Ready:          True
    Restart Count:  0
    Limits:
      cpu:     1500m
      memory:  1536Mi
    Requests:
      cpu:      200m
      memory:   256Mi
    Liveness:   http-get http://:42069/healthz delay=60s timeout=1s period=30s #success=1 #failure=3
    Readiness:  http-get http://:42069/healthz/ready delay=5s timeout=1s period=10s #success=1 #failure=3
    Startup:    http-get http://:42069/healthz delay=0s timeout=1s period=5s #success=1 #failure=30
    Environment:
      ASPNETCORE_ENVIRONMENT:               Production
      ASPNETCORE_URLS:                      http://+:42069
      DOTNET_USE_POLLING_FILE_WATCHER:      true
      Hermod__Security__AuthBypass:         true
      Hermod__Security__VaultRequireHttps:  false
      Hermod__Features__MetricsEndpoint:    true
      Hermod__Dev__Endpoints:               true
      Hermod__Mqtt__Host:                   nanomq
      Hermod__Mqtt__Port:                   1883
      Hermod__Mqtt__UseTls:                 false
      Hermod__Mqtt__Tls__UseTls:            false
      Hermod__Mqtt__Username:               <set to the key 'mqtt-username' in secret 'hermod-secrets'>  Optional: false
      Hermod__Mqtt__Password:               <set to the key 'mqtt-password' in secret 'hermod-secrets'>  Optional: false
      Hermod__Database__ConnectionString:   Host=postgres;Port=5432;Database=hermod;Username=hermod_app
      Hermod__Database__Password:           <set to the key 'hermod-db-password' in secret 'hermod-db-credentials'>  Optional: false
    Mounts:
      /var/run/secrets/kubernetes.io/serviceaccount from kube-api-access-485v9 (ro)
Conditions:
  Type                        Status
  PodReadyToStartContainers   True 
  Initialized                 True 
  Ready                       True 
  ContainersReady             True 
  PodScheduled                True 
Volumes:
  kube-api-access-485v9:
    Type:                    Projected (a volume that contains injected data from multiple sources)
    TokenExpirationSeconds:  3607
    ConfigMapName:           kube-root-ca.crt
    Optional:                false
    DownwardAPI:             true
QoS Class:                   Burstable
Node-Selectors:              <none>
Tolerations:                 node.kubernetes.io/not-ready:NoExecute op=Exists for 300s
                             node.kubernetes.io/unreachable:NoExecute op=Exists for 300s
Events:
  Type    Reason     Age   From               Message
  ----    ------     ----  ----               -------
  Normal  Scheduled  4m9s  default-scheduler  Successfully assigned coord-only/hermod-coordinator-788cdc665d-msp2c to <pi-host>
  Normal  Pulled     4m9s  kubelet            spec.initContainers{wait-for-postgres}: Container image "busybox:1.36" already present on machine
  Normal  Created    4m9s  kubelet            spec.initContainers{wait-for-postgres}: Created container: wait-for-postgres
  Normal  Started    4m9s  kubelet            spec.initContainers{wait-for-postgres}: Started container wait-for-postgres
  Normal  Pulled     4m8s  kubelet            spec.initContainers{wait-for-nanomq}: Container image "busybox:1.36" already present on machine
  Normal  Created    4m8s  kubelet            spec.initContainers{wait-for-nanomq}: Created container: wait-for-nanomq
  Normal  Started    4m8s  kubelet            spec.initContainers{wait-for-nanomq}: Started container wait-for-nanomq
  Normal  Pulled     4m1s  kubelet            spec.containers{hermod-coordinator}: Container image "hermod-coordinator:latest" already present on machine
  Normal  Created    4m1s  kubelet            spec.containers{hermod-coordinator}: Created container: hermod-coordinator
  Normal  Started    4m1s  kubelet            spec.containers{hermod-coordinator}: Started container hermod-coordinator


Name:             nanomq-b48cc5758-6fhlf
Namespace:        coord-only
Priority:         0
Service Account:  default
Node:             <pi-host>/<pi-ip>
Start Time:       Mon, 27 Apr 2026 04:27:14 +0200
Labels:           app=nanomq
                  pod-template-hash=b48cc5758
Annotations:      cni.projectcalico.org/containerID: da35e0ed99fe5e9c323e236aa9d0c074c7517cdba84fbd8a11f3afcd03a83917
                  cni.projectcalico.org/podIP: <pod-ip>/32
                  cni.projectcalico.org/podIPs: <pod-ip>/32
                  kubectl.kubernetes.io/restartedAt: 2026-04-27T04:27:12+02:00
Status:           Running
IP:               <pod-ip>
IPs:
  IP:           <pod-ip>
Controlled By:  ReplicaSet/nanomq-b48cc5758
Containers:
  nanomq:
    Container ID:   containerd://1c4f43c5612b6f9420a2a8ade580f5cf01e6ff9546cfa13acbf9169e5a74f0fb
    Image:          emqx/nanomq:0.21-slim
    Image ID:       docker.io/emqx/nanomq@sha256:53bea7acb547aced1cc45e08c514628f1e41c4da9ad544fd8c5fa96d3e9eb41b
    Ports:          1883/TCP (mqtt), 8081/TCP (http)
    Host Ports:     0/TCP (mqtt), 0/TCP (http)
    State:          Running
      Started:      Mon, 27 Apr 2026 04:27:15 +0200
    Ready:          True
    Restart Count:  0
    Limits:
      cpu:     1
      memory:  512Mi
    Requests:
      cpu:        50m
      memory:     64Mi
    Liveness:     tcp-socket :1883 delay=10s timeout=1s period=10s #success=1 #failure=3
    Readiness:    tcp-socket :1883 delay=3s timeout=1s period=5s #success=1 #failure=3
    Environment:  <none>
    Mounts:
      /etc/nanomq.conf from config (rw,path="nanomq.conf")
      /var/run/secrets/kubernetes.io/serviceaccount from kube-api-access-w4w6z (ro)
Conditions:
  Type                        Status
  PodReadyToStartContainers   True 
  Initialized                 True 
  Ready                       True 
  ContainersReady             True 
  PodScheduled                True 
Volumes:
  config:
    Type:      ConfigMap (a volume populated by a ConfigMap)
    Name:      nanomq-config
    Optional:  false
  kube-api-access-w4w6z:
    Type:                    Projected (a volume that contains injected data from multiple sources)
    TokenExpirationSeconds:  3607
    ConfigMapName:           kube-root-ca.crt
    Optional:                false
    DownwardAPI:             true
QoS Class:                   Burstable
Node-Selectors:              <none>
Tolerations:                 node.kubernetes.io/not-ready:NoExecute op=Exists for 300s
                             node.kubernetes.io/unreachable:NoExecute op=Exists for 300s
Events:
  Type    Reason     Age   From               Message
  ----    ------     ----  ----               -------
  Normal  Scheduled  4m9s  default-scheduler  Successfully assigned coord-only/nanomq-b48cc5758-6fhlf to <pi-host>
  Normal  Pulled     4m9s  kubelet            spec.containers{nanomq}: Container image "emqx/nanomq:0.21-slim" already present on machine
  Normal  Created    4m8s  kubelet            spec.containers{nanomq}: Created container: nanomq
  Normal  Started    4m8s  kubelet            spec.containers{nanomq}: Started container nanomq


Name:             postgres-0
Namespace:        coord-only
Priority:         0
Service Account:  default
Node:             <pi-host>/<pi-ip>
Start Time:       Mon, 27 Apr 2026 04:16:57 +0200
Labels:           app=postgres
                  apps.kubernetes.io/pod-index=0
                  controller-revision-hash=postgres-6497897965
                  statefulset.kubernetes.io/pod-name=postgres-0
Annotations:      cni.projectcalico.org/containerID: 69fb4823b666d3d2a1395c00ab9b26a33337431372918fb41d9f85f42d91a056
                  cni.projectcalico.org/podIP: <pod-ip>/32
                  cni.projectcalico.org/podIPs: <pod-ip>/32
Status:           Running
IP:               <pod-ip>
IPs:
  IP:           <pod-ip>
Controlled By:  StatefulSet/postgres
Containers:
  postgres:
    Container ID:  containerd://adf8585ccc9b705cf0261f22f8e1c254a24670c72b998bb7a052f31e3a5ae5be
    Image:         postgres:17-alpine
    Image ID:      docker.io/library/postgres@sha256:778d0b486d6daa02b77434d0358ec57a1b21fd8b6d22ac2eef56a33e816928f6
    Port:          5432/TCP
    Host Port:     0/TCP
    Args:
      -c
      shared_buffers=256MB
      -c
      max_connections=200
      -c
      work_mem=16MB
    State:          Running
      Started:      Mon, 27 Apr 2026 04:16:58 +0200
    Ready:          True
    Restart Count:  0
    Limits:
      cpu:     1500m
      memory:  1536Mi
    Requests:
      cpu:      100m
      memory:   256Mi
    Liveness:   exec [pg_isready -U postgres] delay=30s timeout=1s period=10s #success=1 #failure=3
    Readiness:  exec [pg_isready -U postgres] delay=5s timeout=1s period=5s #success=1 #failure=3
    Environment:
      POSTGRES_DB:        postgres
      POSTGRES_USER:      postgres
      POSTGRES_PASSWORD:  <set to the key 'postgres-superuser-password' in secret 'hermod-secrets'>  Optional: false
    Mounts:
      /docker-entrypoint-initdb.d from init (rw)
      /var/lib/postgresql/data from data (rw)
      /var/run/secrets/kubernetes.io/serviceaccount from kube-api-access-79j56 (ro)
Conditions:
  Type                        Status
  PodReadyToStartContainers   True 
  Initialized                 True 
  Ready                       True 
  ContainersReady             True 
  PodScheduled                True 
Volumes:
  data:
    Type:       PersistentVolumeClaim (a reference to a PersistentVolumeClaim in the same namespace)
    ClaimName:  data-postgres-0
    ReadOnly:   false
  init:
    Type:      ConfigMap (a volume populated by a ConfigMap)
    Name:      postgres-init
    Optional:  false
  kube-api-access-79j56:
    Type:                    Projected (a volume that contains injected data from multiple sources)
    TokenExpirationSeconds:  3607
    ConfigMapName:           kube-root-ca.crt
    Optional:                false
    DownwardAPI:             true
QoS Class:                   Burstable
Node-Selectors:              <none>
Tolerations:                 node.kubernetes.io/not-ready:NoExecute op=Exists for 300s
                             node.kubernetes.io/unreachable:NoExecute op=Exists for 300s
Events:                      <none>

=== ts=1777257094 ===
Name:             hermod-coordinator-788cdc665d-msp2c
Namespace:        coord-only
Priority:         0
Service Account:  default
Node:             <pi-host>/<pi-ip>
Start Time:       Mon, 27 Apr 2026 04:27:13 +0200
Labels:           app=hermod-coordinator
                  pod-template-hash=788cdc665d
Annotations:      cni.projectcalico.org/containerID: 26bec51daf3f0c19fec24d81cda04fedf5d4df91d04fbbf2f5f4115ab5db7c6d
                  cni.projectcalico.org/podIP: <pod-ip>/32
                  cni.projectcalico.org/podIPs: <pod-ip>/32
                  kubectl.kubernetes.io/restartedAt: 2026-04-27T04:27:12+02:00
Status:           Running
IP:               <pod-ip>
IPs:
  IP:           <pod-ip>
Controlled By:  ReplicaSet/hermod-coordinator-788cdc665d
Init Containers:
  wait-for-postgres:
    Container ID:  containerd://961e284569a2cebb1fd0abb9b2691f8fd70bc4414dc355066e815c766b0014ca
    Image:         busybox:1.36
    Image ID:      docker.io/library/busybox@sha256:73aaf090f3d85aa34ee199857f03fa3a95c8ede2ffd4cc2cdb5b94e566b11662
    Port:          <none>
    Host Port:     <none>
    Command:
      sh
      -c
      until nc -z postgres 5432; do sleep 2; done
    State:          Terminated
      Reason:       Completed
      Exit Code:    0
      Started:      Mon, 27 Apr 2026 04:27:14 +0200
      Finished:     Mon, 27 Apr 2026 04:27:14 +0200
    Ready:          True
    Restart Count:  0
    Environment:    <none>
    Mounts:
      /var/run/secrets/kubernetes.io/serviceaccount from kube-api-access-485v9 (ro)
  wait-for-nanomq:
    Container ID:  containerd://f5c0d912e9f8ec0d08a5b07b5a89bb89936b90cef34e5b259bfef65a888512b1
    Image:         busybox:1.36
    Image ID:      docker.io/library/busybox@sha256:73aaf090f3d85aa34ee199857f03fa3a95c8ede2ffd4cc2cdb5b94e566b11662
    Port:          <none>
    Host Port:     <none>
    Command:
      sh
      -c
      until nc -z nanomq 1883; do sleep 2; done
    State:          Terminated
      Reason:       Completed
      Exit Code:    0
      Started:      Mon, 27 Apr 2026 04:27:15 +0200
      Finished:     Mon, 27 Apr 2026 04:27:21 +0200
    Ready:          True
    Restart Count:  0
    Environment:    <none>
    Mounts:
      /var/run/secrets/kubernetes.io/serviceaccount from kube-api-access-485v9 (ro)
Containers:
  hermod-coordinator:
    Container ID:   containerd://878d93522f383b1f1e0484fc54b3ad4ecaf7ea423f285ef959829dd04589bce8
    Image:          hermod-coordinator:latest
    Image ID:       sha256:ca91ccdfcd269dd5e4e25d5ffe8d863ca5db57e5c4f62f08c8adf90d23c15eaf
    Port:           42069/TCP (http)
    Host Port:      0/TCP (http)
    State:          Running
      Started:      Mon, 27 Apr 2026 04:27:22 +0200
    Ready:          True
    Restart Count:  0
    Limits:
      cpu:     1500m
      memory:  1536Mi
    Requests:
      cpu:      200m
      memory:   256Mi
    Liveness:   http-get http://:42069/healthz delay=60s timeout=1s period=30s #success=1 #failure=3
    Readiness:  http-get http://:42069/healthz/ready delay=5s timeout=1s period=10s #success=1 #failure=3
    Startup:    http-get http://:42069/healthz delay=0s timeout=1s period=5s #success=1 #failure=30
    Environment:
      ASPNETCORE_ENVIRONMENT:               Production
      ASPNETCORE_URLS:                      http://+:42069
      DOTNET_USE_POLLING_FILE_WATCHER:      true
      Hermod__Security__AuthBypass:         true
      Hermod__Security__VaultRequireHttps:  false
      Hermod__Features__MetricsEndpoint:    true
      Hermod__Dev__Endpoints:               true
      Hermod__Mqtt__Host:                   nanomq
      Hermod__Mqtt__Port:                   1883
      Hermod__Mqtt__UseTls:                 false
      Hermod__Mqtt__Tls__UseTls:            false
      Hermod__Mqtt__Username:               <set to the key 'mqtt-username' in secret 'hermod-secrets'>  Optional: false
      Hermod__Mqtt__Password:               <set to the key 'mqtt-password' in secret 'hermod-secrets'>  Optional: false
      Hermod__Database__ConnectionString:   Host=postgres;Port=5432;Database=hermod;Username=hermod_app
      Hermod__Database__Password:           <set to the key 'hermod-db-password' in secret 'hermod-db-credentials'>  Optional: false
    Mounts:
      /var/run/secrets/kubernetes.io/serviceaccount from kube-api-access-485v9 (ro)
Conditions:
  Type                        Status
  PodReadyToStartContainers   True 
  Initialized                 True 
  Ready                       True 
  ContainersReady             True 
  PodScheduled                True 
Volumes:
  kube-api-access-485v9:
    Type:                    Projected (a volume that contains injected data from multiple sources)
    TokenExpirationSeconds:  3607
    ConfigMapName:           kube-root-ca.crt
    Optional:                false
    DownwardAPI:             true
QoS Class:                   Burstable
Node-Selectors:              <none>
Tolerations:                 node.kubernetes.io/not-ready:NoExecute op=Exists for 300s
                             node.kubernetes.io/unreachable:NoExecute op=Exists for 300s
Events:
  Type    Reason     Age    From               Message
  ----    ------     ----   ----               -------
  Normal  Scheduled  4m20s  default-scheduler  Successfully assigned coord-only/hermod-coordinator-788cdc665d-msp2c to <pi-host>
  Normal  Pulled     4m20s  kubelet            spec.initContainers{wait-for-postgres}: Container image "busybox:1.36" already present on machine
  Normal  Created    4m20s  kubelet            spec.initContainers{wait-for-postgres}: Created container: wait-for-postgres
  Normal  Started    4m20s  kubelet            spec.initContainers{wait-for-postgres}: Started container wait-for-postgres
  Normal  Pulled     4m19s  kubelet            spec.initContainers{wait-for-nanomq}: Container image "busybox:1.36" already present on machine
  Normal  Created    4m19s  kubelet            spec.initContainers{wait-for-nanomq}: Created container: wait-for-nanomq
  Normal  Started    4m19s  kubelet            spec.initContainers{wait-for-nanomq}: Started container wait-for-nanomq
  Normal  Pulled     4m12s  kubelet            spec.containers{hermod-coordinator}: Container image "hermod-coordinator:latest" already present on machine
  Normal  Created    4m12s  kubelet            spec.containers{hermod-coordinator}: Created container: hermod-coordinator
  Normal  Started    4m12s  kubelet            spec.containers{hermod-coordinator}: Started container hermod-coordinator


Name:             nanomq-b48cc5758-6fhlf
Namespace:        coord-only
Priority:         0
Service Account:  default
Node:             <pi-host>/<pi-ip>
Start Time:       Mon, 27 Apr 2026 04:27:14 +0200
Labels:           app=nanomq
                  pod-template-hash=b48cc5758
Annotations:      cni.projectcalico.org/containerID: da35e0ed99fe5e9c323e236aa9d0c074c7517cdba84fbd8a11f3afcd03a83917
                  cni.projectcalico.org/podIP: <pod-ip>/32
                  cni.projectcalico.org/podIPs: <pod-ip>/32
                  kubectl.kubernetes.io/restartedAt: 2026-04-27T04:27:12+02:00
Status:           Running
IP:               <pod-ip>
IPs:
  IP:           <pod-ip>
Controlled By:  ReplicaSet/nanomq-b48cc5758
Containers:
  nanomq:
    Container ID:   containerd://1c4f43c5612b6f9420a2a8ade580f5cf01e6ff9546cfa13acbf9169e5a74f0fb
    Image:          emqx/nanomq:0.21-slim
    Image ID:       docker.io/emqx/nanomq@sha256:53bea7acb547aced1cc45e08c514628f1e41c4da9ad544fd8c5fa96d3e9eb41b
    Ports:          1883/TCP (mqtt), 8081/TCP (http)
    Host Ports:     0/TCP (mqtt), 0/TCP (http)
    State:          Running
      Started:      Mon, 27 Apr 2026 04:27:15 +0200
    Ready:          True
    Restart Count:  0
    Limits:
      cpu:     1
      memory:  512Mi
    Requests:
      cpu:        50m
      memory:     64Mi
    Liveness:     tcp-socket :1883 delay=10s timeout=1s period=10s #success=1 #failure=3
    Readiness:    tcp-socket :1883 delay=3s timeout=1s period=5s #success=1 #failure=3
    Environment:  <none>
    Mounts:
      /etc/nanomq.conf from config (rw,path="nanomq.conf")
      /var/run/secrets/kubernetes.io/serviceaccount from kube-api-access-w4w6z (ro)
Conditions:
  Type                        Status
  PodReadyToStartContainers   True 
  Initialized                 True 
  Ready                       True 
  ContainersReady             True 
  PodScheduled                True 
Volumes:
  config:
    Type:      ConfigMap (a volume populated by a ConfigMap)
    Name:      nanomq-config
    Optional:  false
  kube-api-access-w4w6z:
    Type:                    Projected (a volume that contains injected data from multiple sources)
    TokenExpirationSeconds:  3607
    ConfigMapName:           kube-root-ca.crt
    Optional:                false
    DownwardAPI:             true
QoS Class:                   Burstable
Node-Selectors:              <none>
Tolerations:                 node.kubernetes.io/not-ready:NoExecute op=Exists for 300s
                             node.kubernetes.io/unreachable:NoExecute op=Exists for 300s
Events:
  Type    Reason     Age    From               Message
  ----    ------     ----   ----               -------
  Normal  Scheduled  4m20s  default-scheduler  Successfully assigned coord-only/nanomq-b48cc5758-6fhlf to <pi-host>
  Normal  Pulled     4m20s  kubelet            spec.containers{nanomq}: Container image "emqx/nanomq:0.21-slim" already present on machine
  Normal  Created    4m19s  kubelet            spec.containers{nanomq}: Created container: nanomq
  Normal  Started    4m19s  kubelet            spec.containers{nanomq}: Started container nanomq


Name:             postgres-0
Namespace:        coord-only
Priority:         0
Service Account:  default
Node:             <pi-host>/<pi-ip>
Start Time:       Mon, 27 Apr 2026 04:16:57 +0200
Labels:           app=postgres
                  apps.kubernetes.io/pod-index=0
                  controller-revision-hash=postgres-6497897965
                  statefulset.kubernetes.io/pod-name=postgres-0
Annotations:      cni.projectcalico.org/containerID: 69fb4823b666d3d2a1395c00ab9b26a33337431372918fb41d9f85f42d91a056
                  cni.projectcalico.org/podIP: <pod-ip>/32
                  cni.projectcalico.org/podIPs: <pod-ip>/32
Status:           Running
IP:               <pod-ip>
IPs:
  IP:           <pod-ip>
Controlled By:  StatefulSet/postgres
Containers:
  postgres:
    Container ID:  containerd://adf8585ccc9b705cf0261f22f8e1c254a24670c72b998bb7a052f31e3a5ae5be
    Image:         postgres:17-alpine
    Image ID:      docker.io/library/postgres@sha256:778d0b486d6daa02b77434d0358ec57a1b21fd8b6d22ac2eef56a33e816928f6
    Port:          5432/TCP
    Host Port:     0/TCP
    Args:
      -c
      shared_buffers=256MB
      -c
      max_connections=200
      -c
      work_mem=16MB
    State:          Running
      Started:      Mon, 27 Apr 2026 04:16:58 +0200
    Ready:          True
    Restart Count:  0
    Limits:
      cpu:     1500m
      memory:  1536Mi
    Requests:
      cpu:      100m
      memory:   256Mi
    Liveness:   exec [pg_isready -U postgres] delay=30s timeout=1s period=10s #success=1 #failure=3
    Readiness:  exec [pg_isready -U postgres] delay=5s timeout=1s period=5s #success=1 #failure=3
    Environment:
      POSTGRES_DB:        postgres
      POSTGRES_USER:      postgres
      POSTGRES_PASSWORD:  <set to the key 'postgres-superuser-password' in secret 'hermod-secrets'>  Optional: false
    Mounts:
      /docker-entrypoint-initdb.d from init (rw)
      /var/lib/postgresql/data from data (rw)
      /var/run/secrets/kubernetes.io/serviceaccount from kube-api-access-79j56 (ro)
Conditions:
  Type                        Status
  PodReadyToStartContainers   True 
  Initialized                 True 
  Ready                       True 
  ContainersReady             True 
  PodScheduled                True 
Volumes:
  data:
    Type:       PersistentVolumeClaim (a reference to a PersistentVolumeClaim in the same namespace)
    ClaimName:  data-postgres-0
    ReadOnly:   false
  init:
    Type:      ConfigMap (a volume populated by a ConfigMap)
    Name:      postgres-init
    Optional:  false
  kube-api-access-79j56:
    Type:                    Projected (a volume that contains injected data from multiple sources)
    TokenExpirationSeconds:  3607
    ConfigMapName:           kube-root-ca.crt
    Optional:                false
    DownwardAPI:             true
QoS Class:                   Burstable
Node-Selectors:              <none>
Tolerations:                 node.kubernetes.io/not-ready:NoExecute op=Exists for 300s
                             node.kubernetes.io/unreachable:NoExecute op=Exists for 300s
Events:                      <none>

=== ts=1777257105 ===
Name:             hermod-coordinator-788cdc665d-msp2c
Namespace:        coord-only
Priority:         0
Service Account:  default
Node:             <pi-host>/<pi-ip>
Start Time:       Mon, 27 Apr 2026 04:27:13 +0200
Labels:           app=hermod-coordinator
                  pod-template-hash=788cdc665d
Annotations:      cni.projectcalico.org/containerID: 26bec51daf3f0c19fec24d81cda04fedf5d4df91d04fbbf2f5f4115ab5db7c6d
                  cni.projectcalico.org/podIP: <pod-ip>/32
                  cni.projectcalico.org/podIPs: <pod-ip>/32
                  kubectl.kubernetes.io/restartedAt: 2026-04-27T04:27:12+02:00
Status:           Running
IP:               <pod-ip>
IPs:
  IP:           <pod-ip>
Controlled By:  ReplicaSet/hermod-coordinator-788cdc665d
Init Containers:
  wait-for-postgres:
    Container ID:  containerd://961e284569a2cebb1fd0abb9b2691f8fd70bc4414dc355066e815c766b0014ca
    Image:         busybox:1.36
    Image ID:      docker.io/library/busybox@sha256:73aaf090f3d85aa34ee199857f03fa3a95c8ede2ffd4cc2cdb5b94e566b11662
    Port:          <none>
    Host Port:     <none>
    Command:
      sh
      -c
      until nc -z postgres 5432; do sleep 2; done
    State:          Terminated
      Reason:       Completed
      Exit Code:    0
      Started:      Mon, 27 Apr 2026 04:27:14 +0200
      Finished:     Mon, 27 Apr 2026 04:27:14 +0200
    Ready:          True
    Restart Count:  0
    Environment:    <none>
    Mounts:
      /var/run/secrets/kubernetes.io/serviceaccount from kube-api-access-485v9 (ro)
  wait-for-nanomq:
    Container ID:  containerd://f5c0d912e9f8ec0d08a5b07b5a89bb89936b90cef34e5b259bfef65a888512b1
    Image:         busybox:1.36
    Image ID:      docker.io/library/busybox@sha256:73aaf090f3d85aa34ee199857f03fa3a95c8ede2ffd4cc2cdb5b94e566b11662
    Port:          <none>
    Host Port:     <none>
    Command:
      sh
      -c
      until nc -z nanomq 1883; do sleep 2; done
    State:          Terminated
      Reason:       Completed
      Exit Code:    0
      Started:      Mon, 27 Apr 2026 04:27:15 +0200
      Finished:     Mon, 27 Apr 2026 04:27:21 +0200
    Ready:          True
    Restart Count:  0
    Environment:    <none>
    Mounts:
      /var/run/secrets/kubernetes.io/serviceaccount from kube-api-access-485v9 (ro)
Containers:
  hermod-coordinator:
    Container ID:   containerd://878d93522f383b1f1e0484fc54b3ad4ecaf7ea423f285ef959829dd04589bce8
    Image:          hermod-coordinator:latest
    Image ID:       sha256:ca91ccdfcd269dd5e4e25d5ffe8d863ca5db57e5c4f62f08c8adf90d23c15eaf
    Port:           42069/TCP (http)
    Host Port:      0/TCP (http)
    State:          Running
      Started:      Mon, 27 Apr 2026 04:27:22 +0200
    Ready:          True
    Restart Count:  0
    Limits:
      cpu:     1500m
      memory:  1536Mi
    Requests:
      cpu:      200m
      memory:   256Mi
    Liveness:   http-get http://:42069/healthz delay=60s timeout=1s period=30s #success=1 #failure=3
    Readiness:  http-get http://:42069/healthz/ready delay=5s timeout=1s period=10s #success=1 #failure=3
    Startup:    http-get http://:42069/healthz delay=0s timeout=1s period=5s #success=1 #failure=30
    Environment:
      ASPNETCORE_ENVIRONMENT:               Production
      ASPNETCORE_URLS:                      http://+:42069
      DOTNET_USE_POLLING_FILE_WATCHER:      true
      Hermod__Security__AuthBypass:         true
      Hermod__Security__VaultRequireHttps:  false
      Hermod__Features__MetricsEndpoint:    true
      Hermod__Dev__Endpoints:               true
      Hermod__Mqtt__Host:                   nanomq
      Hermod__Mqtt__Port:                   1883
      Hermod__Mqtt__UseTls:                 false
      Hermod__Mqtt__Tls__UseTls:            false
      Hermod__Mqtt__Username:               <set to the key 'mqtt-username' in secret 'hermod-secrets'>  Optional: false
      Hermod__Mqtt__Password:               <set to the key 'mqtt-password' in secret 'hermod-secrets'>  Optional: false
      Hermod__Database__ConnectionString:   Host=postgres;Port=5432;Database=hermod;Username=hermod_app
      Hermod__Database__Password:           <set to the key 'hermod-db-password' in secret 'hermod-db-credentials'>  Optional: false
    Mounts:
      /var/run/secrets/kubernetes.io/serviceaccount from kube-api-access-485v9 (ro)
Conditions:
  Type                        Status
  PodReadyToStartContainers   True 
  Initialized                 True 
  Ready                       True 
  ContainersReady             True 
  PodScheduled                True 
Volumes:
  kube-api-access-485v9:
    Type:                    Projected (a volume that contains injected data from multiple sources)
    TokenExpirationSeconds:  3607
    ConfigMapName:           kube-root-ca.crt
    Optional:                false
    DownwardAPI:             true
QoS Class:                   Burstable
Node-Selectors:              <none>
Tolerations:                 node.kubernetes.io/not-ready:NoExecute op=Exists for 300s
                             node.kubernetes.io/unreachable:NoExecute op=Exists for 300s
Events:
  Type    Reason     Age    From               Message
  ----    ------     ----   ----               -------
  Normal  Scheduled  4m31s  default-scheduler  Successfully assigned coord-only/hermod-coordinator-788cdc665d-msp2c to <pi-host>
  Normal  Pulled     4m31s  kubelet            spec.initContainers{wait-for-postgres}: Container image "busybox:1.36" already present on machine
  Normal  Created    4m31s  kubelet            spec.initContainers{wait-for-postgres}: Created container: wait-for-postgres
  Normal  Started    4m31s  kubelet            spec.initContainers{wait-for-postgres}: Started container wait-for-postgres
  Normal  Pulled     4m30s  kubelet            spec.initContainers{wait-for-nanomq}: Container image "busybox:1.36" already present on machine
  Normal  Created    4m30s  kubelet            spec.initContainers{wait-for-nanomq}: Created container: wait-for-nanomq
  Normal  Started    4m30s  kubelet            spec.initContainers{wait-for-nanomq}: Started container wait-for-nanomq
  Normal  Pulled     4m23s  kubelet            spec.containers{hermod-coordinator}: Container image "hermod-coordinator:latest" already present on machine
  Normal  Created    4m23s  kubelet            spec.containers{hermod-coordinator}: Created container: hermod-coordinator
  Normal  Started    4m23s  kubelet            spec.containers{hermod-coordinator}: Started container hermod-coordinator


Name:             nanomq-b48cc5758-6fhlf
Namespace:        coord-only
Priority:         0
Service Account:  default
Node:             <pi-host>/<pi-ip>
Start Time:       Mon, 27 Apr 2026 04:27:14 +0200
Labels:           app=nanomq
                  pod-template-hash=b48cc5758
Annotations:      cni.projectcalico.org/containerID: da35e0ed99fe5e9c323e236aa9d0c074c7517cdba84fbd8a11f3afcd03a83917
                  cni.projectcalico.org/podIP: <pod-ip>/32
                  cni.projectcalico.org/podIPs: <pod-ip>/32
                  kubectl.kubernetes.io/restartedAt: 2026-04-27T04:27:12+02:00
Status:           Running
IP:               <pod-ip>
IPs:
  IP:           <pod-ip>
Controlled By:  ReplicaSet/nanomq-b48cc5758
Containers:
  nanomq:
    Container ID:   containerd://1c4f43c5612b6f9420a2a8ade580f5cf01e6ff9546cfa13acbf9169e5a74f0fb
    Image:          emqx/nanomq:0.21-slim
    Image ID:       docker.io/emqx/nanomq@sha256:53bea7acb547aced1cc45e08c514628f1e41c4da9ad544fd8c5fa96d3e9eb41b
    Ports:          1883/TCP (mqtt), 8081/TCP (http)
    Host Ports:     0/TCP (mqtt), 0/TCP (http)
    State:          Running
      Started:      Mon, 27 Apr 2026 04:27:15 +0200
    Ready:          True
    Restart Count:  0
    Limits:
      cpu:     1
      memory:  512Mi
    Requests:
      cpu:        50m
      memory:     64Mi
    Liveness:     tcp-socket :1883 delay=10s timeout=1s period=10s #success=1 #failure=3
    Readiness:    tcp-socket :1883 delay=3s timeout=1s period=5s #success=1 #failure=3
    Environment:  <none>
    Mounts:
      /etc/nanomq.conf from config (rw,path="nanomq.conf")
      /var/run/secrets/kubernetes.io/serviceaccount from kube-api-access-w4w6z (ro)
Conditions:
  Type                        Status
  PodReadyToStartContainers   True 
  Initialized                 True 
  Ready                       True 
  ContainersReady             True 
  PodScheduled                True 
Volumes:
  config:
    Type:      ConfigMap (a volume populated by a ConfigMap)
    Name:      nanomq-config
    Optional:  false
  kube-api-access-w4w6z:
    Type:                    Projected (a volume that contains injected data from multiple sources)
    TokenExpirationSeconds:  3607
    ConfigMapName:           kube-root-ca.crt
    Optional:                false
    DownwardAPI:             true
QoS Class:                   Burstable
Node-Selectors:              <none>
Tolerations:                 node.kubernetes.io/not-ready:NoExecute op=Exists for 300s
                             node.kubernetes.io/unreachable:NoExecute op=Exists for 300s
Events:
  Type    Reason     Age    From               Message
  ----    ------     ----   ----               -------
  Normal  Scheduled  4m31s  default-scheduler  Successfully assigned coord-only/nanomq-b48cc5758-6fhlf to <pi-host>
  Normal  Pulled     4m31s  kubelet            spec.containers{nanomq}: Container image "emqx/nanomq:0.21-slim" already present on machine
  Normal  Created    4m30s  kubelet            spec.containers{nanomq}: Created container: nanomq
  Normal  Started    4m30s  kubelet            spec.containers{nanomq}: Started container nanomq


Name:             postgres-0
Namespace:        coord-only
Priority:         0
Service Account:  default
Node:             <pi-host>/<pi-ip>
Start Time:       Mon, 27 Apr 2026 04:16:57 +0200
Labels:           app=postgres
                  apps.kubernetes.io/pod-index=0
                  controller-revision-hash=postgres-6497897965
                  statefulset.kubernetes.io/pod-name=postgres-0
Annotations:      cni.projectcalico.org/containerID: 69fb4823b666d3d2a1395c00ab9b26a33337431372918fb41d9f85f42d91a056
                  cni.projectcalico.org/podIP: <pod-ip>/32
                  cni.projectcalico.org/podIPs: <pod-ip>/32
Status:           Running
IP:               <pod-ip>
IPs:
  IP:           <pod-ip>
Controlled By:  StatefulSet/postgres
Containers:
  postgres:
    Container ID:  containerd://adf8585ccc9b705cf0261f22f8e1c254a24670c72b998bb7a052f31e3a5ae5be
    Image:         postgres:17-alpine
    Image ID:      docker.io/library/postgres@sha256:778d0b486d6daa02b77434d0358ec57a1b21fd8b6d22ac2eef56a33e816928f6
    Port:          5432/TCP
    Host Port:     0/TCP
    Args:
      -c
      shared_buffers=256MB
      -c
      max_connections=200
      -c
      work_mem=16MB
    State:          Running
      Started:      Mon, 27 Apr 2026 04:16:58 +0200
    Ready:          True
    Restart Count:  0
    Limits:
      cpu:     1500m
      memory:  1536Mi
    Requests:
      cpu:      100m
      memory:   256Mi
    Liveness:   exec [pg_isready -U postgres] delay=30s timeout=1s period=10s #success=1 #failure=3
    Readiness:  exec [pg_isready -U postgres] delay=5s timeout=1s period=5s #success=1 #failure=3
    Environment:
      POSTGRES_DB:        postgres
      POSTGRES_USER:      postgres
      POSTGRES_PASSWORD:  <set to the key 'postgres-superuser-password' in secret 'hermod-secrets'>  Optional: false
    Mounts:
      /docker-entrypoint-initdb.d from init (rw)
      /var/lib/postgresql/data from data (rw)
      /var/run/secrets/kubernetes.io/serviceaccount from kube-api-access-79j56 (ro)
Conditions:
  Type                        Status
  PodReadyToStartContainers   True 
  Initialized                 True 
  Ready                       True 
  ContainersReady             True 
  PodScheduled                True 
Volumes:
  data:
    Type:       PersistentVolumeClaim (a reference to a PersistentVolumeClaim in the same namespace)
    ClaimName:  data-postgres-0
    ReadOnly:   false
  init:
    Type:      ConfigMap (a volume populated by a ConfigMap)
    Name:      postgres-init
    Optional:  false
  kube-api-access-79j56:
    Type:                    Projected (a volume that contains injected data from multiple sources)
    TokenExpirationSeconds:  3607
    ConfigMapName:           kube-root-ca.crt
    Optional:                false
    DownwardAPI:             true
QoS Class:                   Burstable
Node-Selectors:              <none>
Tolerations:                 node.kubernetes.io/not-ready:NoExecute op=Exists for 300s
                             node.kubernetes.io/unreachable:NoExecute op=Exists for 300s
Events:                      <none>

=== ts=1777257116 ===
Name:             hermod-coordinator-788cdc665d-msp2c
Namespace:        coord-only
Priority:         0
Service Account:  default
Node:             <pi-host>/<pi-ip>
Start Time:       Mon, 27 Apr 2026 04:27:13 +0200
Labels:           app=hermod-coordinator
                  pod-template-hash=788cdc665d
Annotations:      cni.projectcalico.org/containerID: 26bec51daf3f0c19fec24d81cda04fedf5d4df91d04fbbf2f5f4115ab5db7c6d
                  cni.projectcalico.org/podIP: <pod-ip>/32
                  cni.projectcalico.org/podIPs: <pod-ip>/32
                  kubectl.kubernetes.io/restartedAt: 2026-04-27T04:27:12+02:00
Status:           Running
IP:               <pod-ip>
IPs:
  IP:           <pod-ip>
Controlled By:  ReplicaSet/hermod-coordinator-788cdc665d
Init Containers:
  wait-for-postgres:
    Container ID:  containerd://961e284569a2cebb1fd0abb9b2691f8fd70bc4414dc355066e815c766b0014ca
    Image:         busybox:1.36
    Image ID:      docker.io/library/busybox@sha256:73aaf090f3d85aa34ee199857f03fa3a95c8ede2ffd4cc2cdb5b94e566b11662
    Port:          <none>
    Host Port:     <none>
    Command:
      sh
      -c
      until nc -z postgres 5432; do sleep 2; done
    State:          Terminated
      Reason:       Completed
      Exit Code:    0
      Started:      Mon, 27 Apr 2026 04:27:14 +0200
      Finished:     Mon, 27 Apr 2026 04:27:14 +0200
    Ready:          True
    Restart Count:  0
    Environment:    <none>
    Mounts:
      /var/run/secrets/kubernetes.io/serviceaccount from kube-api-access-485v9 (ro)
  wait-for-nanomq:
    Container ID:  containerd://f5c0d912e9f8ec0d08a5b07b5a89bb89936b90cef34e5b259bfef65a888512b1
    Image:         busybox:1.36
    Image ID:      docker.io/library/busybox@sha256:73aaf090f3d85aa34ee199857f03fa3a95c8ede2ffd4cc2cdb5b94e566b11662
    Port:          <none>
    Host Port:     <none>
    Command:
      sh
      -c
      until nc -z nanomq 1883; do sleep 2; done
    State:          Terminated
      Reason:       Completed
      Exit Code:    0
      Started:      Mon, 27 Apr 2026 04:27:15 +0200
      Finished:     Mon, 27 Apr 2026 04:27:21 +0200
    Ready:          True
    Restart Count:  0
    Environment:    <none>
    Mounts:
      /var/run/secrets/kubernetes.io/serviceaccount from kube-api-access-485v9 (ro)
Containers:
  hermod-coordinator:
    Container ID:   containerd://878d93522f383b1f1e0484fc54b3ad4ecaf7ea423f285ef959829dd04589bce8
    Image:          hermod-coordinator:latest
    Image ID:       sha256:ca91ccdfcd269dd5e4e25d5ffe8d863ca5db57e5c4f62f08c8adf90d23c15eaf
    Port:           42069/TCP (http)
    Host Port:      0/TCP (http)
    State:          Running
      Started:      Mon, 27 Apr 2026 04:27:22 +0200
    Ready:          True
    Restart Count:  0
    Limits:
      cpu:     1500m
      memory:  1536Mi
    Requests:
      cpu:      200m
      memory:   256Mi
    Liveness:   http-get http://:42069/healthz delay=60s timeout=1s period=30s #success=1 #failure=3
    Readiness:  http-get http://:42069/healthz/ready delay=5s timeout=1s period=10s #success=1 #failure=3
    Startup:    http-get http://:42069/healthz delay=0s timeout=1s period=5s #success=1 #failure=30
    Environment:
      ASPNETCORE_ENVIRONMENT:               Production
      ASPNETCORE_URLS:                      http://+:42069
      DOTNET_USE_POLLING_FILE_WATCHER:      true
      Hermod__Security__AuthBypass:         true
      Hermod__Security__VaultRequireHttps:  false
      Hermod__Features__MetricsEndpoint:    true
      Hermod__Dev__Endpoints:               true
      Hermod__Mqtt__Host:                   nanomq
      Hermod__Mqtt__Port:                   1883
      Hermod__Mqtt__UseTls:                 false
      Hermod__Mqtt__Tls__UseTls:            false
      Hermod__Mqtt__Username:               <set to the key 'mqtt-username' in secret 'hermod-secrets'>  Optional: false
      Hermod__Mqtt__Password:               <set to the key 'mqtt-password' in secret 'hermod-secrets'>  Optional: false
      Hermod__Database__ConnectionString:   Host=postgres;Port=5432;Database=hermod;Username=hermod_app
      Hermod__Database__Password:           <set to the key 'hermod-db-password' in secret 'hermod-db-credentials'>  Optional: false
    Mounts:
      /var/run/secrets/kubernetes.io/serviceaccount from kube-api-access-485v9 (ro)
Conditions:
  Type                        Status
  PodReadyToStartContainers   True 
  Initialized                 True 
  Ready                       True 
  ContainersReady             True 
  PodScheduled                True 
Volumes:
  kube-api-access-485v9:
    Type:                    Projected (a volume that contains injected data from multiple sources)
    TokenExpirationSeconds:  3607
    ConfigMapName:           kube-root-ca.crt
    Optional:                false
    DownwardAPI:             true
QoS Class:                   Burstable
Node-Selectors:              <none>
Tolerations:                 node.kubernetes.io/not-ready:NoExecute op=Exists for 300s
                             node.kubernetes.io/unreachable:NoExecute op=Exists for 300s
Events:
  Type    Reason     Age    From               Message
  ----    ------     ----   ----               -------
  Normal  Scheduled  4m43s  default-scheduler  Successfully assigned coord-only/hermod-coordinator-788cdc665d-msp2c to <pi-host>
  Normal  Pulled     4m43s  kubelet            spec.initContainers{wait-for-postgres}: Container image "busybox:1.36" already present on machine
  Normal  Created    4m43s  kubelet            spec.initContainers{wait-for-postgres}: Created container: wait-for-postgres
  Normal  Started    4m43s  kubelet            spec.initContainers{wait-for-postgres}: Started container wait-for-postgres
  Normal  Pulled     4m42s  kubelet            spec.initContainers{wait-for-nanomq}: Container image "busybox:1.36" already present on machine
  Normal  Created    4m42s  kubelet            spec.initContainers{wait-for-nanomq}: Created container: wait-for-nanomq
  Normal  Started    4m42s  kubelet            spec.initContainers{wait-for-nanomq}: Started container wait-for-nanomq
  Normal  Pulled     4m35s  kubelet            spec.containers{hermod-coordinator}: Container image "hermod-coordinator:latest" already present on machine
  Normal  Created    4m35s  kubelet            spec.containers{hermod-coordinator}: Created container: hermod-coordinator
  Normal  Started    4m35s  kubelet            spec.containers{hermod-coordinator}: Started container hermod-coordinator


Name:             nanomq-b48cc5758-6fhlf
Namespace:        coord-only
Priority:         0
Service Account:  default
Node:             <pi-host>/<pi-ip>
Start Time:       Mon, 27 Apr 2026 04:27:14 +0200
Labels:           app=nanomq
                  pod-template-hash=b48cc5758
Annotations:      cni.projectcalico.org/containerID: da35e0ed99fe5e9c323e236aa9d0c074c7517cdba84fbd8a11f3afcd03a83917
                  cni.projectcalico.org/podIP: <pod-ip>/32
                  cni.projectcalico.org/podIPs: <pod-ip>/32
                  kubectl.kubernetes.io/restartedAt: 2026-04-27T04:27:12+02:00
Status:           Running
IP:               <pod-ip>
IPs:
  IP:           <pod-ip>
Controlled By:  ReplicaSet/nanomq-b48cc5758
Containers:
  nanomq:
    Container ID:   containerd://1c4f43c5612b6f9420a2a8ade580f5cf01e6ff9546cfa13acbf9169e5a74f0fb
    Image:          emqx/nanomq:0.21-slim
    Image ID:       docker.io/emqx/nanomq@sha256:53bea7acb547aced1cc45e08c514628f1e41c4da9ad544fd8c5fa96d3e9eb41b
    Ports:          1883/TCP (mqtt), 8081/TCP (http)
    Host Ports:     0/TCP (mqtt), 0/TCP (http)
    State:          Running
      Started:      Mon, 27 Apr 2026 04:27:15 +0200
    Ready:          True
    Restart Count:  0
    Limits:
      cpu:     1
      memory:  512Mi
    Requests:
      cpu:        50m
      memory:     64Mi
    Liveness:     tcp-socket :1883 delay=10s timeout=1s period=10s #success=1 #failure=3
    Readiness:    tcp-socket :1883 delay=3s timeout=1s period=5s #success=1 #failure=3
    Environment:  <none>
    Mounts:
      /etc/nanomq.conf from config (rw,path="nanomq.conf")
      /var/run/secrets/kubernetes.io/serviceaccount from kube-api-access-w4w6z (ro)
Conditions:
  Type                        Status
  PodReadyToStartContainers   True 
  Initialized                 True 
  Ready                       True 
  ContainersReady             True 
  PodScheduled                True 
Volumes:
  config:
    Type:      ConfigMap (a volume populated by a ConfigMap)
    Name:      nanomq-config
    Optional:  false
  kube-api-access-w4w6z:
    Type:                    Projected (a volume that contains injected data from multiple sources)
    TokenExpirationSeconds:  3607
    ConfigMapName:           kube-root-ca.crt
    Optional:                false
    DownwardAPI:             true
QoS Class:                   Burstable
Node-Selectors:              <none>
Tolerations:                 node.kubernetes.io/not-ready:NoExecute op=Exists for 300s
                             node.kubernetes.io/unreachable:NoExecute op=Exists for 300s
Events:
  Type    Reason     Age    From               Message
  ----    ------     ----   ----               -------
  Normal  Scheduled  4m43s  default-scheduler  Successfully assigned coord-only/nanomq-b48cc5758-6fhlf to <pi-host>
  Normal  Pulled     4m43s  kubelet            spec.containers{nanomq}: Container image "emqx/nanomq:0.21-slim" already present on machine
  Normal  Created    4m42s  kubelet            spec.containers{nanomq}: Created container: nanomq
  Normal  Started    4m42s  kubelet            spec.containers{nanomq}: Started container nanomq


Name:             postgres-0
Namespace:        coord-only
Priority:         0
Service Account:  default
Node:             <pi-host>/<pi-ip>
Start Time:       Mon, 27 Apr 2026 04:16:57 +0200
Labels:           app=postgres
                  apps.kubernetes.io/pod-index=0
                  controller-revision-hash=postgres-6497897965
                  statefulset.kubernetes.io/pod-name=postgres-0
Annotations:      cni.projectcalico.org/containerID: 69fb4823b666d3d2a1395c00ab9b26a33337431372918fb41d9f85f42d91a056
                  cni.projectcalico.org/podIP: <pod-ip>/32
                  cni.projectcalico.org/podIPs: <pod-ip>/32
Status:           Running
IP:               <pod-ip>
IPs:
  IP:           <pod-ip>
Controlled By:  StatefulSet/postgres
Containers:
  postgres:
    Container ID:  containerd://adf8585ccc9b705cf0261f22f8e1c254a24670c72b998bb7a052f31e3a5ae5be
    Image:         postgres:17-alpine
    Image ID:      docker.io/library/postgres@sha256:778d0b486d6daa02b77434d0358ec57a1b21fd8b6d22ac2eef56a33e816928f6
    Port:          5432/TCP
    Host Port:     0/TCP
    Args:
      -c
      shared_buffers=256MB
      -c
      max_connections=200
      -c
      work_mem=16MB
    State:          Running
      Started:      Mon, 27 Apr 2026 04:16:58 +0200
    Ready:          True
    Restart Count:  0
    Limits:
      cpu:     1500m
      memory:  1536Mi
    Requests:
      cpu:      100m
      memory:   256Mi
    Liveness:   exec [pg_isready -U postgres] delay=30s timeout=1s period=10s #success=1 #failure=3
    Readiness:  exec [pg_isready -U postgres] delay=5s timeout=1s period=5s #success=1 #failure=3
    Environment:
      POSTGRES_DB:        postgres
      POSTGRES_USER:      postgres
      POSTGRES_PASSWORD:  <set to the key 'postgres-superuser-password' in secret 'hermod-secrets'>  Optional: false
    Mounts:
      /docker-entrypoint-initdb.d from init (rw)
      /var/lib/postgresql/data from data (rw)
      /var/run/secrets/kubernetes.io/serviceaccount from kube-api-access-79j56 (ro)
Conditions:
  Type                        Status
  PodReadyToStartContainers   True 
  Initialized                 True 
  Ready                       True 
  ContainersReady             True 
  PodScheduled                True 
Volumes:
  data:
    Type:       PersistentVolumeClaim (a reference to a PersistentVolumeClaim in the same namespace)
    ClaimName:  data-postgres-0
    ReadOnly:   false
  init:
    Type:      ConfigMap (a volume populated by a ConfigMap)
    Name:      postgres-init
    Optional:  false
  kube-api-access-79j56:
    Type:                    Projected (a volume that contains injected data from multiple sources)
    TokenExpirationSeconds:  3607
    ConfigMapName:           kube-root-ca.crt
    Optional:                false
    DownwardAPI:             true
QoS Class:                   Burstable
Node-Selectors:              <none>
Tolerations:                 node.kubernetes.io/not-ready:NoExecute op=Exists for 300s
                             node.kubernetes.io/unreachable:NoExecute op=Exists for 300s
Events:                      <none>

=== ts=1777257128 ===
Name:             hermod-coordinator-788cdc665d-msp2c
Namespace:        coord-only
Priority:         0
Service Account:  default
Node:             <pi-host>/<pi-ip>
Start Time:       Mon, 27 Apr 2026 04:27:13 +0200
Labels:           app=hermod-coordinator
                  pod-template-hash=788cdc665d
Annotations:      cni.projectcalico.org/containerID: 26bec51daf3f0c19fec24d81cda04fedf5d4df91d04fbbf2f5f4115ab5db7c6d
                  cni.projectcalico.org/podIP: <pod-ip>/32
                  cni.projectcalico.org/podIPs: <pod-ip>/32
                  kubectl.kubernetes.io/restartedAt: 2026-04-27T04:27:12+02:00
Status:           Running
IP:               <pod-ip>
IPs:
  IP:           <pod-ip>
Controlled By:  ReplicaSet/hermod-coordinator-788cdc665d
Init Containers:
  wait-for-postgres:
    Container ID:  containerd://961e284569a2cebb1fd0abb9b2691f8fd70bc4414dc355066e815c766b0014ca
    Image:         busybox:1.36
    Image ID:      docker.io/library/busybox@sha256:73aaf090f3d85aa34ee199857f03fa3a95c8ede2ffd4cc2cdb5b94e566b11662
    Port:          <none>
    Host Port:     <none>
    Command:
      sh
      -c
      until nc -z postgres 5432; do sleep 2; done
    State:          Terminated
      Reason:       Completed
      Exit Code:    0
      Started:      Mon, 27 Apr 2026 04:27:14 +0200
      Finished:     Mon, 27 Apr 2026 04:27:14 +0200
    Ready:          True
    Restart Count:  0
    Environment:    <none>
    Mounts:
      /var/run/secrets/kubernetes.io/serviceaccount from kube-api-access-485v9 (ro)
  wait-for-nanomq:
    Container ID:  containerd://f5c0d912e9f8ec0d08a5b07b5a89bb89936b90cef34e5b259bfef65a888512b1
    Image:         busybox:1.36
    Image ID:      docker.io/library/busybox@sha256:73aaf090f3d85aa34ee199857f03fa3a95c8ede2ffd4cc2cdb5b94e566b11662
    Port:          <none>
    Host Port:     <none>
    Command:
      sh
      -c
      until nc -z nanomq 1883; do sleep 2; done
    State:          Terminated
      Reason:       Completed
      Exit Code:    0
      Started:      Mon, 27 Apr 2026 04:27:15 +0200
      Finished:     Mon, 27 Apr 2026 04:27:21 +0200
    Ready:          True
    Restart Count:  0
    Environment:    <none>
    Mounts:
      /var/run/secrets/kubernetes.io/serviceaccount from kube-api-access-485v9 (ro)
Containers:
  hermod-coordinator:
    Container ID:   containerd://878d93522f383b1f1e0484fc54b3ad4ecaf7ea423f285ef959829dd04589bce8
    Image:          hermod-coordinator:latest
    Image ID:       sha256:ca91ccdfcd269dd5e4e25d5ffe8d863ca5db57e5c4f62f08c8adf90d23c15eaf
    Port:           42069/TCP (http)
    Host Port:      0/TCP (http)
    State:          Running
      Started:      Mon, 27 Apr 2026 04:27:22 +0200
    Ready:          True
    Restart Count:  0
    Limits:
      cpu:     1500m
      memory:  1536Mi
    Requests:
      cpu:      200m
      memory:   256Mi
    Liveness:   http-get http://:42069/healthz delay=60s timeout=1s period=30s #success=1 #failure=3
    Readiness:  http-get http://:42069/healthz/ready delay=5s timeout=1s period=10s #success=1 #failure=3
    Startup:    http-get http://:42069/healthz delay=0s timeout=1s period=5s #success=1 #failure=30
    Environment:
      ASPNETCORE_ENVIRONMENT:               Production
      ASPNETCORE_URLS:                      http://+:42069
      DOTNET_USE_POLLING_FILE_WATCHER:      true
      Hermod__Security__AuthBypass:         true
      Hermod__Security__VaultRequireHttps:  false
      Hermod__Features__MetricsEndpoint:    true
      Hermod__Dev__Endpoints:               true
      Hermod__Mqtt__Host:                   nanomq
      Hermod__Mqtt__Port:                   1883
      Hermod__Mqtt__UseTls:                 false
      Hermod__Mqtt__Tls__UseTls:            false
      Hermod__Mqtt__Username:               <set to the key 'mqtt-username' in secret 'hermod-secrets'>  Optional: false
      Hermod__Mqtt__Password:               <set to the key 'mqtt-password' in secret 'hermod-secrets'>  Optional: false
      Hermod__Database__ConnectionString:   Host=postgres;Port=5432;Database=hermod;Username=hermod_app
      Hermod__Database__Password:           <set to the key 'hermod-db-password' in secret 'hermod-db-credentials'>  Optional: false
    Mounts:
      /var/run/secrets/kubernetes.io/serviceaccount from kube-api-access-485v9 (ro)
Conditions:
  Type                        Status
  PodReadyToStartContainers   True 
  Initialized                 True 
  Ready                       True 
  ContainersReady             True 
  PodScheduled                True 
Volumes:
  kube-api-access-485v9:
    Type:                    Projected (a volume that contains injected data from multiple sources)
    TokenExpirationSeconds:  3607
    ConfigMapName:           kube-root-ca.crt
    Optional:                false
    DownwardAPI:             true
QoS Class:                   Burstable
Node-Selectors:              <none>
Tolerations:                 node.kubernetes.io/not-ready:NoExecute op=Exists for 300s
                             node.kubernetes.io/unreachable:NoExecute op=Exists for 300s
Events:
  Type    Reason     Age    From               Message
  ----    ------     ----   ----               -------
  Normal  Scheduled  4m54s  default-scheduler  Successfully assigned coord-only/hermod-coordinator-788cdc665d-msp2c to <pi-host>
  Normal  Pulled     4m54s  kubelet            spec.initContainers{wait-for-postgres}: Container image "busybox:1.36" already present on machine
  Normal  Created    4m54s  kubelet            spec.initContainers{wait-for-postgres}: Created container: wait-for-postgres
  Normal  Started    4m54s  kubelet            spec.initContainers{wait-for-postgres}: Started container wait-for-postgres
  Normal  Pulled     4m53s  kubelet            spec.initContainers{wait-for-nanomq}: Container image "busybox:1.36" already present on machine
  Normal  Created    4m53s  kubelet            spec.initContainers{wait-for-nanomq}: Created container: wait-for-nanomq
  Normal  Started    4m53s  kubelet            spec.initContainers{wait-for-nanomq}: Started container wait-for-nanomq
  Normal  Pulled     4m46s  kubelet            spec.containers{hermod-coordinator}: Container image "hermod-coordinator:latest" already present on machine
  Normal  Created    4m46s  kubelet            spec.containers{hermod-coordinator}: Created container: hermod-coordinator
  Normal  Started    4m46s  kubelet            spec.containers{hermod-coordinator}: Started container hermod-coordinator


Name:             nanomq-b48cc5758-6fhlf
Namespace:        coord-only
Priority:         0
Service Account:  default
Node:             <pi-host>/<pi-ip>
Start Time:       Mon, 27 Apr 2026 04:27:14 +0200
Labels:           app=nanomq
                  pod-template-hash=b48cc5758
Annotations:      cni.projectcalico.org/containerID: da35e0ed99fe5e9c323e236aa9d0c074c7517cdba84fbd8a11f3afcd03a83917
                  cni.projectcalico.org/podIP: <pod-ip>/32
                  cni.projectcalico.org/podIPs: <pod-ip>/32
                  kubectl.kubernetes.io/restartedAt: 2026-04-27T04:27:12+02:00
Status:           Running
IP:               <pod-ip>
IPs:
  IP:           <pod-ip>
Controlled By:  ReplicaSet/nanomq-b48cc5758
Containers:
  nanomq:
    Container ID:   containerd://1c4f43c5612b6f9420a2a8ade580f5cf01e6ff9546cfa13acbf9169e5a74f0fb
    Image:          emqx/nanomq:0.21-slim
    Image ID:       docker.io/emqx/nanomq@sha256:53bea7acb547aced1cc45e08c514628f1e41c4da9ad544fd8c5fa96d3e9eb41b
    Ports:          1883/TCP (mqtt), 8081/TCP (http)
    Host Ports:     0/TCP (mqtt), 0/TCP (http)
    State:          Running
      Started:      Mon, 27 Apr 2026 04:27:15 +0200
    Ready:          True
    Restart Count:  0
    Limits:
      cpu:     1
      memory:  512Mi
    Requests:
      cpu:        50m
      memory:     64Mi
    Liveness:     tcp-socket :1883 delay=10s timeout=1s period=10s #success=1 #failure=3
    Readiness:    tcp-socket :1883 delay=3s timeout=1s period=5s #success=1 #failure=3
    Environment:  <none>
    Mounts:
      /etc/nanomq.conf from config (rw,path="nanomq.conf")
      /var/run/secrets/kubernetes.io/serviceaccount from kube-api-access-w4w6z (ro)
Conditions:
  Type                        Status
  PodReadyToStartContainers   True 
  Initialized                 True 
  Ready                       True 
  ContainersReady             True 
  PodScheduled                True 
Volumes:
  config:
    Type:      ConfigMap (a volume populated by a ConfigMap)
    Name:      nanomq-config
    Optional:  false
  kube-api-access-w4w6z:
    Type:                    Projected (a volume that contains injected data from multiple sources)
    TokenExpirationSeconds:  3607
    ConfigMapName:           kube-root-ca.crt
    Optional:                false
    DownwardAPI:             true
QoS Class:                   Burstable
Node-Selectors:              <none>
Tolerations:                 node.kubernetes.io/not-ready:NoExecute op=Exists for 300s
                             node.kubernetes.io/unreachable:NoExecute op=Exists for 300s
Events:
  Type    Reason     Age    From               Message
  ----    ------     ----   ----               -------
  Normal  Scheduled  4m54s  default-scheduler  Successfully assigned coord-only/nanomq-b48cc5758-6fhlf to <pi-host>
  Normal  Pulled     4m54s  kubelet            spec.containers{nanomq}: Container image "emqx/nanomq:0.21-slim" already present on machine
  Normal  Created    4m53s  kubelet            spec.containers{nanomq}: Created container: nanomq
  Normal  Started    4m53s  kubelet            spec.containers{nanomq}: Started container nanomq


Name:             postgres-0
Namespace:        coord-only
Priority:         0
Service Account:  default
Node:             <pi-host>/<pi-ip>
Start Time:       Mon, 27 Apr 2026 04:16:57 +0200
Labels:           app=postgres
                  apps.kubernetes.io/pod-index=0
                  controller-revision-hash=postgres-6497897965
                  statefulset.kubernetes.io/pod-name=postgres-0
Annotations:      cni.projectcalico.org/containerID: 69fb4823b666d3d2a1395c00ab9b26a33337431372918fb41d9f85f42d91a056
                  cni.projectcalico.org/podIP: <pod-ip>/32
                  cni.projectcalico.org/podIPs: <pod-ip>/32
Status:           Running
IP:               <pod-ip>
IPs:
  IP:           <pod-ip>
Controlled By:  StatefulSet/postgres
Containers:
  postgres:
    Container ID:  containerd://adf8585ccc9b705cf0261f22f8e1c254a24670c72b998bb7a052f31e3a5ae5be
    Image:         postgres:17-alpine
    Image ID:      docker.io/library/postgres@sha256:778d0b486d6daa02b77434d0358ec57a1b21fd8b6d22ac2eef56a33e816928f6
    Port:          5432/TCP
    Host Port:     0/TCP
    Args:
      -c
      shared_buffers=256MB
      -c
      max_connections=200
      -c
      work_mem=16MB
    State:          Running
      Started:      Mon, 27 Apr 2026 04:16:58 +0200
    Ready:          True
    Restart Count:  0
    Limits:
      cpu:     1500m
      memory:  1536Mi
    Requests:
      cpu:      100m
      memory:   256Mi
    Liveness:   exec [pg_isready -U postgres] delay=30s timeout=1s period=10s #success=1 #failure=3
    Readiness:  exec [pg_isready -U postgres] delay=5s timeout=1s period=5s #success=1 #failure=3
    Environment:
      POSTGRES_DB:        postgres
      POSTGRES_USER:      postgres
      POSTGRES_PASSWORD:  <set to the key 'postgres-superuser-password' in secret 'hermod-secrets'>  Optional: false
    Mounts:
      /docker-entrypoint-initdb.d from init (rw)
      /var/lib/postgresql/data from data (rw)
      /var/run/secrets/kubernetes.io/serviceaccount from kube-api-access-79j56 (ro)
Conditions:
  Type                        Status
  PodReadyToStartContainers   True 
  Initialized                 True 
  Ready                       True 
  ContainersReady             True 
  PodScheduled                True 
Volumes:
  data:
    Type:       PersistentVolumeClaim (a reference to a PersistentVolumeClaim in the same namespace)
    ClaimName:  data-postgres-0
    ReadOnly:   false
  init:
    Type:      ConfigMap (a volume populated by a ConfigMap)
    Name:      postgres-init
    Optional:  false
  kube-api-access-79j56:
    Type:                    Projected (a volume that contains injected data from multiple sources)
    TokenExpirationSeconds:  3607
    ConfigMapName:           kube-root-ca.crt
    Optional:                false
    DownwardAPI:             true
QoS Class:                   Burstable
Node-Selectors:              <none>
Tolerations:                 node.kubernetes.io/not-ready:NoExecute op=Exists for 300s
                             node.kubernetes.io/unreachable:NoExecute op=Exists for 300s
Events:                      <none>

