=== ts=1777273557 ===
Name:             nanomq-5bc8dfcb57-wch2b
Namespace:        nanomq-only
Priority:         0
Service Account:  default
Node:             <pi-host>/<pi-ip>
Start Time:       Mon, 27 Apr 2026 09:05:49 +0200
Labels:           app=nanomq
                  pod-template-hash=5bc8dfcb57
Annotations:      cni.projectcalico.org/containerID: 70e5c88eab39973debd9dc2a0385187cc7393bd7e3f06790adeb5230f218f21e
                  cni.projectcalico.org/podIP: <pod-ip>/32
                  cni.projectcalico.org/podIPs: <pod-ip>/32
                  kubectl.kubernetes.io/restartedAt: 2026-04-27T09:05:48+02:00
Status:           Running
IP:               <pod-ip>
IPs:
  IP:           <pod-ip>
Controlled By:  ReplicaSet/nanomq-5bc8dfcb57
Containers:
  nanomq:
    Container ID:   containerd://7c7e6cdaa74799483f2b8fe3791d9acf1fe12a1581c434933bdbc2611b18b761
    Image:          emqx/nanomq:0.21-slim
    Image ID:       docker.io/emqx/nanomq@sha256:53bea7acb547aced1cc45e08c514628f1e41c4da9ad544fd8c5fa96d3e9eb41b
    Ports:          1883/TCP (mqtt), 8081/TCP (http)
    Host Ports:     0/TCP (mqtt), 0/TCP (http)
    State:          Running
      Started:      Mon, 27 Apr 2026 09:05:50 +0200
    Ready:          True
    Restart Count:  0
    Limits:
      cpu:     1
      memory:  512Mi
    Requests:
      cpu:        50m
      memory:     64Mi
    Readiness:    tcp-socket :1883 delay=3s timeout=1s period=5s #success=1 #failure=3
    Environment:  <none>
    Mounts:
      /etc/nanomq.conf from config (rw,path="nanomq.conf")
      /var/run/secrets/kubernetes.io/serviceaccount from kube-api-access-pklwl (ro)
Conditions:
  Type                        Status
  PodReadyToStartContainers   True 
  Initialized                 True 
  Ready                       True 
  ContainersReady             True 
  PodScheduled                True 
Volumes:
  config:
    Type:      ConfigMap (a volume populated by a ConfigMap)
    Name:      nanomq-config
    Optional:  false
  kube-api-access-pklwl:
    Type:                    Projected (a volume that contains injected data from multiple sources)
    TokenExpirationSeconds:  3607
    ConfigMapName:           kube-root-ca.crt
    Optional:                false
    DownwardAPI:             true
QoS Class:                   Burstable
Node-Selectors:              <none>
Tolerations:                 node.kubernetes.io/not-ready:NoExecute op=Exists for 300s
                             node.kubernetes.io/unreachable:NoExecute op=Exists for 300s
Events:
  Type    Reason     Age   From               Message
  ----    ------     ----  ----               -------
  Normal  Scheduled  8s    default-scheduler  Successfully assigned nanomq-only/nanomq-5bc8dfcb57-wch2b to <pi-host>
  Normal  Pulled     8s    kubelet            spec.containers{nanomq}: Container image "emqx/nanomq:0.21-slim" already present on machine
  Normal  Created    8s    kubelet            spec.containers{nanomq}: Created container: nanomq
  Normal  Started    7s    kubelet            spec.containers{nanomq}: Started container nanomq


Name:             postgres-0
Namespace:        nanomq-only
Priority:         0
Service Account:  default
Node:             <pi-host>/<pi-ip>
Start Time:       Mon, 27 Apr 2026 08:38:05 +0200
Labels:           app=postgres
                  apps.kubernetes.io/pod-index=0
                  controller-revision-hash=postgres-d5f747749
                  statefulset.kubernetes.io/pod-name=postgres-0
Annotations:      cni.projectcalico.org/containerID: 265f5d1ee08a93e45e09bddf04e4d5ed6a74027de57cb8908d42fab638668a65
                  cni.projectcalico.org/podIP: <pod-ip>/32
                  cni.projectcalico.org/podIPs: <pod-ip>/32
Status:           Running
IP:               <pod-ip>
IPs:
  IP:           <pod-ip>
Controlled By:  StatefulSet/postgres
Containers:
  postgres:
    Container ID:   containerd://7659a9c0521dec254a51e8f6cb38e0e82fe9f11f08615b9a8169668cb29079f0
    Image:          postgres:17-alpine
    Image ID:       docker.io/library/postgres@sha256:778d0b486d6daa02b77434d0358ec57a1b21fd8b6d22ac2eef56a33e816928f6
    Port:           5432/TCP
    Host Port:      0/TCP
    State:          Running
      Started:      Mon, 27 Apr 2026 08:38:05 +0200
    Ready:          True
    Restart Count:  0
    Limits:
      cpu:     1500m
      memory:  1536Mi
    Requests:
      cpu:      100m
      memory:   256Mi
    Readiness:  exec [pg_isready -U postgres] delay=5s timeout=1s period=5s #success=1 #failure=3
    Environment:
      POSTGRES_DB:        postgres
      POSTGRES_USER:      postgres
      POSTGRES_PASSWORD:  <set to the key 'postgres-superuser-password' in secret 'hermod-secrets'>  Optional: false
    Mounts:
      /var/lib/postgresql/data from data (rw)
      /var/run/secrets/kubernetes.io/serviceaccount from kube-api-access-nbwj7 (ro)
Conditions:
  Type                        Status
  PodReadyToStartContainers   True 
  Initialized                 True 
  Ready                       True 
  ContainersReady             True 
  PodScheduled                True 
Volumes:
  data:
    Type:       PersistentVolumeClaim (a reference to a PersistentVolumeClaim in the same namespace)
    ClaimName:  data-postgres-0
    ReadOnly:   false
  kube-api-access-nbwj7:
    Type:                    Projected (a volume that contains injected data from multiple sources)
    TokenExpirationSeconds:  3607
    ConfigMapName:           kube-root-ca.crt
    Optional:                false
    DownwardAPI:             true
QoS Class:                   Burstable
Node-Selectors:              <none>
Tolerations:                 node.kubernetes.io/not-ready:NoExecute op=Exists for 300s
                             node.kubernetes.io/unreachable:NoExecute op=Exists for 300s
Events:                      <none>

=== ts=1777273568 ===
Name:             nanomq-5bc8dfcb57-wch2b
Namespace:        nanomq-only
Priority:         0
Service Account:  default
Node:             <pi-host>/<pi-ip>
Start Time:       Mon, 27 Apr 2026 09:05:49 +0200
Labels:           app=nanomq
                  pod-template-hash=5bc8dfcb57
Annotations:      cni.projectcalico.org/containerID: 70e5c88eab39973debd9dc2a0385187cc7393bd7e3f06790adeb5230f218f21e
                  cni.projectcalico.org/podIP: <pod-ip>/32
                  cni.projectcalico.org/podIPs: <pod-ip>/32
                  kubectl.kubernetes.io/restartedAt: 2026-04-27T09:05:48+02:00
Status:           Running
IP:               <pod-ip>
IPs:
  IP:           <pod-ip>
Controlled By:  ReplicaSet/nanomq-5bc8dfcb57
Containers:
  nanomq:
    Container ID:   containerd://7c7e6cdaa74799483f2b8fe3791d9acf1fe12a1581c434933bdbc2611b18b761
    Image:          emqx/nanomq:0.21-slim
    Image ID:       docker.io/emqx/nanomq@sha256:53bea7acb547aced1cc45e08c514628f1e41c4da9ad544fd8c5fa96d3e9eb41b
    Ports:          1883/TCP (mqtt), 8081/TCP (http)
    Host Ports:     0/TCP (mqtt), 0/TCP (http)
    State:          Running
      Started:      Mon, 27 Apr 2026 09:05:50 +0200
    Ready:          True
    Restart Count:  0
    Limits:
      cpu:     1
      memory:  512Mi
    Requests:
      cpu:        50m
      memory:     64Mi
    Readiness:    tcp-socket :1883 delay=3s timeout=1s period=5s #success=1 #failure=3
    Environment:  <none>
    Mounts:
      /etc/nanomq.conf from config (rw,path="nanomq.conf")
      /var/run/secrets/kubernetes.io/serviceaccount from kube-api-access-pklwl (ro)
Conditions:
  Type                        Status
  PodReadyToStartContainers   True 
  Initialized                 True 
  Ready                       True 
  ContainersReady             True 
  PodScheduled                True 
Volumes:
  config:
    Type:      ConfigMap (a volume populated by a ConfigMap)
    Name:      nanomq-config
    Optional:  false
  kube-api-access-pklwl:
    Type:                    Projected (a volume that contains injected data from multiple sources)
    TokenExpirationSeconds:  3607
    ConfigMapName:           kube-root-ca.crt
    Optional:                false
    DownwardAPI:             true
QoS Class:                   Burstable
Node-Selectors:              <none>
Tolerations:                 node.kubernetes.io/not-ready:NoExecute op=Exists for 300s
                             node.kubernetes.io/unreachable:NoExecute op=Exists for 300s
Events:
  Type    Reason     Age   From               Message
  ----    ------     ----  ----               -------
  Normal  Scheduled  19s   default-scheduler  Successfully assigned nanomq-only/nanomq-5bc8dfcb57-wch2b to <pi-host>
  Normal  Pulled     19s   kubelet            spec.containers{nanomq}: Container image "emqx/nanomq:0.21-slim" already present on machine
  Normal  Created    19s   kubelet            spec.containers{nanomq}: Created container: nanomq
  Normal  Started    18s   kubelet            spec.containers{nanomq}: Started container nanomq


Name:             postgres-0
Namespace:        nanomq-only
Priority:         0
Service Account:  default
Node:             <pi-host>/<pi-ip>
Start Time:       Mon, 27 Apr 2026 08:38:05 +0200
Labels:           app=postgres
                  apps.kubernetes.io/pod-index=0
                  controller-revision-hash=postgres-d5f747749
                  statefulset.kubernetes.io/pod-name=postgres-0
Annotations:      cni.projectcalico.org/containerID: 265f5d1ee08a93e45e09bddf04e4d5ed6a74027de57cb8908d42fab638668a65
                  cni.projectcalico.org/podIP: <pod-ip>/32
                  cni.projectcalico.org/podIPs: <pod-ip>/32
Status:           Running
IP:               <pod-ip>
IPs:
  IP:           <pod-ip>
Controlled By:  StatefulSet/postgres
Containers:
  postgres:
    Container ID:   containerd://7659a9c0521dec254a51e8f6cb38e0e82fe9f11f08615b9a8169668cb29079f0
    Image:          postgres:17-alpine
    Image ID:       docker.io/library/postgres@sha256:778d0b486d6daa02b77434d0358ec57a1b21fd8b6d22ac2eef56a33e816928f6
    Port:           5432/TCP
    Host Port:      0/TCP
    State:          Running
      Started:      Mon, 27 Apr 2026 08:38:05 +0200
    Ready:          True
    Restart Count:  0
    Limits:
      cpu:     1500m
      memory:  1536Mi
    Requests:
      cpu:      100m
      memory:   256Mi
    Readiness:  exec [pg_isready -U postgres] delay=5s timeout=1s period=5s #success=1 #failure=3
    Environment:
      POSTGRES_DB:        postgres
      POSTGRES_USER:      postgres
      POSTGRES_PASSWORD:  <set to the key 'postgres-superuser-password' in secret 'hermod-secrets'>  Optional: false
    Mounts:
      /var/lib/postgresql/data from data (rw)
      /var/run/secrets/kubernetes.io/serviceaccount from kube-api-access-nbwj7 (ro)
Conditions:
  Type                        Status
  PodReadyToStartContainers   True 
  Initialized                 True 
  Ready                       True 
  ContainersReady             True 
  PodScheduled                True 
Volumes:
  data:
    Type:       PersistentVolumeClaim (a reference to a PersistentVolumeClaim in the same namespace)
    ClaimName:  data-postgres-0
    ReadOnly:   false
  kube-api-access-nbwj7:
    Type:                    Projected (a volume that contains injected data from multiple sources)
    TokenExpirationSeconds:  3607
    ConfigMapName:           kube-root-ca.crt
    Optional:                false
    DownwardAPI:             true
QoS Class:                   Burstable
Node-Selectors:              <none>
Tolerations:                 node.kubernetes.io/not-ready:NoExecute op=Exists for 300s
                             node.kubernetes.io/unreachable:NoExecute op=Exists for 300s
Events:                      <none>

=== ts=1777273579 ===
Name:             nanomq-5bc8dfcb57-wch2b
Namespace:        nanomq-only
Priority:         0
Service Account:  default
Node:             <pi-host>/<pi-ip>
Start Time:       Mon, 27 Apr 2026 09:05:49 +0200
Labels:           app=nanomq
                  pod-template-hash=5bc8dfcb57
Annotations:      cni.projectcalico.org/containerID: 70e5c88eab39973debd9dc2a0385187cc7393bd7e3f06790adeb5230f218f21e
                  cni.projectcalico.org/podIP: <pod-ip>/32
                  cni.projectcalico.org/podIPs: <pod-ip>/32
                  kubectl.kubernetes.io/restartedAt: 2026-04-27T09:05:48+02:00
Status:           Running
IP:               <pod-ip>
IPs:
  IP:           <pod-ip>
Controlled By:  ReplicaSet/nanomq-5bc8dfcb57
Containers:
  nanomq:
    Container ID:   containerd://7c7e6cdaa74799483f2b8fe3791d9acf1fe12a1581c434933bdbc2611b18b761
    Image:          emqx/nanomq:0.21-slim
    Image ID:       docker.io/emqx/nanomq@sha256:53bea7acb547aced1cc45e08c514628f1e41c4da9ad544fd8c5fa96d3e9eb41b
    Ports:          1883/TCP (mqtt), 8081/TCP (http)
    Host Ports:     0/TCP (mqtt), 0/TCP (http)
    State:          Running
      Started:      Mon, 27 Apr 2026 09:05:50 +0200
    Ready:          True
    Restart Count:  0
    Limits:
      cpu:     1
      memory:  512Mi
    Requests:
      cpu:        50m
      memory:     64Mi
    Readiness:    tcp-socket :1883 delay=3s timeout=1s period=5s #success=1 #failure=3
    Environment:  <none>
    Mounts:
      /etc/nanomq.conf from config (rw,path="nanomq.conf")
      /var/run/secrets/kubernetes.io/serviceaccount from kube-api-access-pklwl (ro)
Conditions:
  Type                        Status
  PodReadyToStartContainers   True 
  Initialized                 True 
  Ready                       True 
  ContainersReady             True 
  PodScheduled                True 
Volumes:
  config:
    Type:      ConfigMap (a volume populated by a ConfigMap)
    Name:      nanomq-config
    Optional:  false
  kube-api-access-pklwl:
    Type:                    Projected (a volume that contains injected data from multiple sources)
    TokenExpirationSeconds:  3607
    ConfigMapName:           kube-root-ca.crt
    Optional:                false
    DownwardAPI:             true
QoS Class:                   Burstable
Node-Selectors:              <none>
Tolerations:                 node.kubernetes.io/not-ready:NoExecute op=Exists for 300s
                             node.kubernetes.io/unreachable:NoExecute op=Exists for 300s
Events:
  Type    Reason     Age   From               Message
  ----    ------     ----  ----               -------
  Normal  Scheduled  30s   default-scheduler  Successfully assigned nanomq-only/nanomq-5bc8dfcb57-wch2b to <pi-host>
  Normal  Pulled     30s   kubelet            spec.containers{nanomq}: Container image "emqx/nanomq:0.21-slim" already present on machine
  Normal  Created    30s   kubelet            spec.containers{nanomq}: Created container: nanomq
  Normal  Started    29s   kubelet            spec.containers{nanomq}: Started container nanomq


Name:             postgres-0
Namespace:        nanomq-only
Priority:         0
Service Account:  default
Node:             <pi-host>/<pi-ip>
Start Time:       Mon, 27 Apr 2026 08:38:05 +0200
Labels:           app=postgres
                  apps.kubernetes.io/pod-index=0
                  controller-revision-hash=postgres-d5f747749
                  statefulset.kubernetes.io/pod-name=postgres-0
Annotations:      cni.projectcalico.org/containerID: 265f5d1ee08a93e45e09bddf04e4d5ed6a74027de57cb8908d42fab638668a65
                  cni.projectcalico.org/podIP: <pod-ip>/32
                  cni.projectcalico.org/podIPs: <pod-ip>/32
Status:           Running
IP:               <pod-ip>
IPs:
  IP:           <pod-ip>
Controlled By:  StatefulSet/postgres
Containers:
  postgres:
    Container ID:   containerd://7659a9c0521dec254a51e8f6cb38e0e82fe9f11f08615b9a8169668cb29079f0
    Image:          postgres:17-alpine
    Image ID:       docker.io/library/postgres@sha256:778d0b486d6daa02b77434d0358ec57a1b21fd8b6d22ac2eef56a33e816928f6
    Port:           5432/TCP
    Host Port:      0/TCP
    State:          Running
      Started:      Mon, 27 Apr 2026 08:38:05 +0200
    Ready:          True
    Restart Count:  0
    Limits:
      cpu:     1500m
      memory:  1536Mi
    Requests:
      cpu:      100m
      memory:   256Mi
    Readiness:  exec [pg_isready -U postgres] delay=5s timeout=1s period=5s #success=1 #failure=3
    Environment:
      POSTGRES_DB:        postgres
      POSTGRES_USER:      postgres
      POSTGRES_PASSWORD:  <set to the key 'postgres-superuser-password' in secret 'hermod-secrets'>  Optional: false
    Mounts:
      /var/lib/postgresql/data from data (rw)
      /var/run/secrets/kubernetes.io/serviceaccount from kube-api-access-nbwj7 (ro)
Conditions:
  Type                        Status
  PodReadyToStartContainers   True 
  Initialized                 True 
  Ready                       True 
  ContainersReady             True 
  PodScheduled                True 
Volumes:
  data:
    Type:       PersistentVolumeClaim (a reference to a PersistentVolumeClaim in the same namespace)
    ClaimName:  data-postgres-0
    ReadOnly:   false
  kube-api-access-nbwj7:
    Type:                    Projected (a volume that contains injected data from multiple sources)
    TokenExpirationSeconds:  3607
    ConfigMapName:           kube-root-ca.crt
    Optional:                false
    DownwardAPI:             true
QoS Class:                   Burstable
Node-Selectors:              <none>
Tolerations:                 node.kubernetes.io/not-ready:NoExecute op=Exists for 300s
                             node.kubernetes.io/unreachable:NoExecute op=Exists for 300s
Events:                      <none>

=== ts=1777273590 ===
Name:             nanomq-5bc8dfcb57-wch2b
Namespace:        nanomq-only
Priority:         0
Service Account:  default
Node:             <pi-host>/<pi-ip>
Start Time:       Mon, 27 Apr 2026 09:05:49 +0200
Labels:           app=nanomq
                  pod-template-hash=5bc8dfcb57
Annotations:      cni.projectcalico.org/containerID: 70e5c88eab39973debd9dc2a0385187cc7393bd7e3f06790adeb5230f218f21e
                  cni.projectcalico.org/podIP: <pod-ip>/32
                  cni.projectcalico.org/podIPs: <pod-ip>/32
                  kubectl.kubernetes.io/restartedAt: 2026-04-27T09:05:48+02:00
Status:           Running
IP:               <pod-ip>
IPs:
  IP:           <pod-ip>
Controlled By:  ReplicaSet/nanomq-5bc8dfcb57
Containers:
  nanomq:
    Container ID:   containerd://7c7e6cdaa74799483f2b8fe3791d9acf1fe12a1581c434933bdbc2611b18b761
    Image:          emqx/nanomq:0.21-slim
    Image ID:       docker.io/emqx/nanomq@sha256:53bea7acb547aced1cc45e08c514628f1e41c4da9ad544fd8c5fa96d3e9eb41b
    Ports:          1883/TCP (mqtt), 8081/TCP (http)
    Host Ports:     0/TCP (mqtt), 0/TCP (http)
    State:          Running
      Started:      Mon, 27 Apr 2026 09:05:50 +0200
    Ready:          True
    Restart Count:  0
    Limits:
      cpu:     1
      memory:  512Mi
    Requests:
      cpu:        50m
      memory:     64Mi
    Readiness:    tcp-socket :1883 delay=3s timeout=1s period=5s #success=1 #failure=3
    Environment:  <none>
    Mounts:
      /etc/nanomq.conf from config (rw,path="nanomq.conf")
      /var/run/secrets/kubernetes.io/serviceaccount from kube-api-access-pklwl (ro)
Conditions:
  Type                        Status
  PodReadyToStartContainers   True 
  Initialized                 True 
  Ready                       True 
  ContainersReady             True 
  PodScheduled                True 
Volumes:
  config:
    Type:      ConfigMap (a volume populated by a ConfigMap)
    Name:      nanomq-config
    Optional:  false
  kube-api-access-pklwl:
    Type:                    Projected (a volume that contains injected data from multiple sources)
    TokenExpirationSeconds:  3607
    ConfigMapName:           kube-root-ca.crt
    Optional:                false
    DownwardAPI:             true
QoS Class:                   Burstable
Node-Selectors:              <none>
Tolerations:                 node.kubernetes.io/not-ready:NoExecute op=Exists for 300s
                             node.kubernetes.io/unreachable:NoExecute op=Exists for 300s
Events:
  Type    Reason     Age   From               Message
  ----    ------     ----  ----               -------
  Normal  Scheduled  40s   default-scheduler  Successfully assigned nanomq-only/nanomq-5bc8dfcb57-wch2b to <pi-host>
  Normal  Pulled     41s   kubelet            spec.containers{nanomq}: Container image "emqx/nanomq:0.21-slim" already present on machine
  Normal  Created    41s   kubelet            spec.containers{nanomq}: Created container: nanomq
  Normal  Started    40s   kubelet            spec.containers{nanomq}: Started container nanomq


Name:             postgres-0
Namespace:        nanomq-only
Priority:         0
Service Account:  default
Node:             <pi-host>/<pi-ip>
Start Time:       Mon, 27 Apr 2026 08:38:05 +0200
Labels:           app=postgres
                  apps.kubernetes.io/pod-index=0
                  controller-revision-hash=postgres-d5f747749
                  statefulset.kubernetes.io/pod-name=postgres-0
Annotations:      cni.projectcalico.org/containerID: 265f5d1ee08a93e45e09bddf04e4d5ed6a74027de57cb8908d42fab638668a65
                  cni.projectcalico.org/podIP: <pod-ip>/32
                  cni.projectcalico.org/podIPs: <pod-ip>/32
Status:           Running
IP:               <pod-ip>
IPs:
  IP:           <pod-ip>
Controlled By:  StatefulSet/postgres
Containers:
  postgres:
    Container ID:   containerd://7659a9c0521dec254a51e8f6cb38e0e82fe9f11f08615b9a8169668cb29079f0
    Image:          postgres:17-alpine
    Image ID:       docker.io/library/postgres@sha256:778d0b486d6daa02b77434d0358ec57a1b21fd8b6d22ac2eef56a33e816928f6
    Port:           5432/TCP
    Host Port:      0/TCP
    State:          Running
      Started:      Mon, 27 Apr 2026 08:38:05 +0200
    Ready:          True
    Restart Count:  0
    Limits:
      cpu:     1500m
      memory:  1536Mi
    Requests:
      cpu:      100m
      memory:   256Mi
    Readiness:  exec [pg_isready -U postgres] delay=5s timeout=1s period=5s #success=1 #failure=3
    Environment:
      POSTGRES_DB:        postgres
      POSTGRES_USER:      postgres
      POSTGRES_PASSWORD:  <set to the key 'postgres-superuser-password' in secret 'hermod-secrets'>  Optional: false
    Mounts:
      /var/lib/postgresql/data from data (rw)
      /var/run/secrets/kubernetes.io/serviceaccount from kube-api-access-nbwj7 (ro)
Conditions:
  Type                        Status
  PodReadyToStartContainers   True 
  Initialized                 True 
  Ready                       True 
  ContainersReady             True 
  PodScheduled                True 
Volumes:
  data:
    Type:       PersistentVolumeClaim (a reference to a PersistentVolumeClaim in the same namespace)
    ClaimName:  data-postgres-0
    ReadOnly:   false
  kube-api-access-nbwj7:
    Type:                    Projected (a volume that contains injected data from multiple sources)
    TokenExpirationSeconds:  3607
    ConfigMapName:           kube-root-ca.crt
    Optional:                false
    DownwardAPI:             true
QoS Class:                   Burstable
Node-Selectors:              <none>
Tolerations:                 node.kubernetes.io/not-ready:NoExecute op=Exists for 300s
                             node.kubernetes.io/unreachable:NoExecute op=Exists for 300s
Events:                      <none>

=== ts=1777273600 ===
Name:             nanomq-5bc8dfcb57-wch2b
Namespace:        nanomq-only
Priority:         0
Service Account:  default
Node:             <pi-host>/<pi-ip>
Start Time:       Mon, 27 Apr 2026 09:05:49 +0200
Labels:           app=nanomq
                  pod-template-hash=5bc8dfcb57
Annotations:      cni.projectcalico.org/containerID: 70e5c88eab39973debd9dc2a0385187cc7393bd7e3f06790adeb5230f218f21e
                  cni.projectcalico.org/podIP: <pod-ip>/32
                  cni.projectcalico.org/podIPs: <pod-ip>/32
                  kubectl.kubernetes.io/restartedAt: 2026-04-27T09:05:48+02:00
Status:           Running
IP:               <pod-ip>
IPs:
  IP:           <pod-ip>
Controlled By:  ReplicaSet/nanomq-5bc8dfcb57
Containers:
  nanomq:
    Container ID:   containerd://7c7e6cdaa74799483f2b8fe3791d9acf1fe12a1581c434933bdbc2611b18b761
    Image:          emqx/nanomq:0.21-slim
    Image ID:       docker.io/emqx/nanomq@sha256:53bea7acb547aced1cc45e08c514628f1e41c4da9ad544fd8c5fa96d3e9eb41b
    Ports:          1883/TCP (mqtt), 8081/TCP (http)
    Host Ports:     0/TCP (mqtt), 0/TCP (http)
    State:          Running
      Started:      Mon, 27 Apr 2026 09:05:50 +0200
    Ready:          True
    Restart Count:  0
    Limits:
      cpu:     1
      memory:  512Mi
    Requests:
      cpu:        50m
      memory:     64Mi
    Readiness:    tcp-socket :1883 delay=3s timeout=1s period=5s #success=1 #failure=3
    Environment:  <none>
    Mounts:
      /etc/nanomq.conf from config (rw,path="nanomq.conf")
      /var/run/secrets/kubernetes.io/serviceaccount from kube-api-access-pklwl (ro)
Conditions:
  Type                        Status
  PodReadyToStartContainers   True 
  Initialized                 True 
  Ready                       True 
  ContainersReady             True 
  PodScheduled                True 
Volumes:
  config:
    Type:      ConfigMap (a volume populated by a ConfigMap)
    Name:      nanomq-config
    Optional:  false
  kube-api-access-pklwl:
    Type:                    Projected (a volume that contains injected data from multiple sources)
    TokenExpirationSeconds:  3607
    ConfigMapName:           kube-root-ca.crt
    Optional:                false
    DownwardAPI:             true
QoS Class:                   Burstable
Node-Selectors:              <none>
Tolerations:                 node.kubernetes.io/not-ready:NoExecute op=Exists for 300s
                             node.kubernetes.io/unreachable:NoExecute op=Exists for 300s
Events:
  Type    Reason     Age   From               Message
  ----    ------     ----  ----               -------
  Normal  Scheduled  51s   default-scheduler  Successfully assigned nanomq-only/nanomq-5bc8dfcb57-wch2b to <pi-host>
  Normal  Pulled     51s   kubelet            spec.containers{nanomq}: Container image "emqx/nanomq:0.21-slim" already present on machine
  Normal  Created    51s   kubelet            spec.containers{nanomq}: Created container: nanomq
  Normal  Started    50s   kubelet            spec.containers{nanomq}: Started container nanomq


Name:             postgres-0
Namespace:        nanomq-only
Priority:         0
Service Account:  default
Node:             <pi-host>/<pi-ip>
Start Time:       Mon, 27 Apr 2026 08:38:05 +0200
Labels:           app=postgres
                  apps.kubernetes.io/pod-index=0
                  controller-revision-hash=postgres-d5f747749
                  statefulset.kubernetes.io/pod-name=postgres-0
Annotations:      cni.projectcalico.org/containerID: 265f5d1ee08a93e45e09bddf04e4d5ed6a74027de57cb8908d42fab638668a65
                  cni.projectcalico.org/podIP: <pod-ip>/32
                  cni.projectcalico.org/podIPs: <pod-ip>/32
Status:           Running
IP:               <pod-ip>
IPs:
  IP:           <pod-ip>
Controlled By:  StatefulSet/postgres
Containers:
  postgres:
    Container ID:   containerd://7659a9c0521dec254a51e8f6cb38e0e82fe9f11f08615b9a8169668cb29079f0
    Image:          postgres:17-alpine
    Image ID:       docker.io/library/postgres@sha256:778d0b486d6daa02b77434d0358ec57a1b21fd8b6d22ac2eef56a33e816928f6
    Port:           5432/TCP
    Host Port:      0/TCP
    State:          Running
      Started:      Mon, 27 Apr 2026 08:38:05 +0200
    Ready:          True
    Restart Count:  0
    Limits:
      cpu:     1500m
      memory:  1536Mi
    Requests:
      cpu:      100m
      memory:   256Mi
    Readiness:  exec [pg_isready -U postgres] delay=5s timeout=1s period=5s #success=1 #failure=3
    Environment:
      POSTGRES_DB:        postgres
      POSTGRES_USER:      postgres
      POSTGRES_PASSWORD:  <set to the key 'postgres-superuser-password' in secret 'hermod-secrets'>  Optional: false
    Mounts:
      /var/lib/postgresql/data from data (rw)
      /var/run/secrets/kubernetes.io/serviceaccount from kube-api-access-nbwj7 (ro)
Conditions:
  Type                        Status
  PodReadyToStartContainers   True 
  Initialized                 True 
  Ready                       True 
  ContainersReady             True 
  PodScheduled                True 
Volumes:
  data:
    Type:       PersistentVolumeClaim (a reference to a PersistentVolumeClaim in the same namespace)
    ClaimName:  data-postgres-0
    ReadOnly:   false
  kube-api-access-nbwj7:
    Type:                    Projected (a volume that contains injected data from multiple sources)
    TokenExpirationSeconds:  3607
    ConfigMapName:           kube-root-ca.crt
    Optional:                false
    DownwardAPI:             true
QoS Class:                   Burstable
Node-Selectors:              <none>
Tolerations:                 node.kubernetes.io/not-ready:NoExecute op=Exists for 300s
                             node.kubernetes.io/unreachable:NoExecute op=Exists for 300s
Events:                      <none>

=== ts=1777273611 ===
Name:             nanomq-5bc8dfcb57-wch2b
Namespace:        nanomq-only
Priority:         0
Service Account:  default
Node:             <pi-host>/<pi-ip>
Start Time:       Mon, 27 Apr 2026 09:05:49 +0200
Labels:           app=nanomq
                  pod-template-hash=5bc8dfcb57
Annotations:      cni.projectcalico.org/containerID: 70e5c88eab39973debd9dc2a0385187cc7393bd7e3f06790adeb5230f218f21e
                  cni.projectcalico.org/podIP: <pod-ip>/32
                  cni.projectcalico.org/podIPs: <pod-ip>/32
                  kubectl.kubernetes.io/restartedAt: 2026-04-27T09:05:48+02:00
Status:           Running
IP:               <pod-ip>
IPs:
  IP:           <pod-ip>
Controlled By:  ReplicaSet/nanomq-5bc8dfcb57
Containers:
  nanomq:
    Container ID:   containerd://7c7e6cdaa74799483f2b8fe3791d9acf1fe12a1581c434933bdbc2611b18b761
    Image:          emqx/nanomq:0.21-slim
    Image ID:       docker.io/emqx/nanomq@sha256:53bea7acb547aced1cc45e08c514628f1e41c4da9ad544fd8c5fa96d3e9eb41b
    Ports:          1883/TCP (mqtt), 8081/TCP (http)
    Host Ports:     0/TCP (mqtt), 0/TCP (http)
    State:          Running
      Started:      Mon, 27 Apr 2026 09:05:50 +0200
    Ready:          True
    Restart Count:  0
    Limits:
      cpu:     1
      memory:  512Mi
    Requests:
      cpu:        50m
      memory:     64Mi
    Readiness:    tcp-socket :1883 delay=3s timeout=1s period=5s #success=1 #failure=3
    Environment:  <none>
    Mounts:
      /etc/nanomq.conf from config (rw,path="nanomq.conf")
      /var/run/secrets/kubernetes.io/serviceaccount from kube-api-access-pklwl (ro)
Conditions:
  Type                        Status
  PodReadyToStartContainers   True 
  Initialized                 True 
  Ready                       True 
  ContainersReady             True 
  PodScheduled                True 
Volumes:
  config:
    Type:      ConfigMap (a volume populated by a ConfigMap)
    Name:      nanomq-config
    Optional:  false
  kube-api-access-pklwl:
    Type:                    Projected (a volume that contains injected data from multiple sources)
    TokenExpirationSeconds:  3607
    ConfigMapName:           kube-root-ca.crt
    Optional:                false
    DownwardAPI:             true
QoS Class:                   Burstable
Node-Selectors:              <none>
Tolerations:                 node.kubernetes.io/not-ready:NoExecute op=Exists for 300s
                             node.kubernetes.io/unreachable:NoExecute op=Exists for 300s
Events:
  Type    Reason     Age   From               Message
  ----    ------     ----  ----               -------
  Normal  Scheduled  62s   default-scheduler  Successfully assigned nanomq-only/nanomq-5bc8dfcb57-wch2b to <pi-host>
  Normal  Pulled     62s   kubelet            spec.containers{nanomq}: Container image "emqx/nanomq:0.21-slim" already present on machine
  Normal  Created    62s   kubelet            spec.containers{nanomq}: Created container: nanomq
  Normal  Started    61s   kubelet            spec.containers{nanomq}: Started container nanomq


Name:             postgres-0
Namespace:        nanomq-only
Priority:         0
Service Account:  default
Node:             <pi-host>/<pi-ip>
Start Time:       Mon, 27 Apr 2026 08:38:05 +0200
Labels:           app=postgres
                  apps.kubernetes.io/pod-index=0
                  controller-revision-hash=postgres-d5f747749
                  statefulset.kubernetes.io/pod-name=postgres-0
Annotations:      cni.projectcalico.org/containerID: 265f5d1ee08a93e45e09bddf04e4d5ed6a74027de57cb8908d42fab638668a65
                  cni.projectcalico.org/podIP: <pod-ip>/32
                  cni.projectcalico.org/podIPs: <pod-ip>/32
Status:           Running
IP:               <pod-ip>
IPs:
  IP:           <pod-ip>
Controlled By:  StatefulSet/postgres
Containers:
  postgres:
    Container ID:   containerd://7659a9c0521dec254a51e8f6cb38e0e82fe9f11f08615b9a8169668cb29079f0
    Image:          postgres:17-alpine
    Image ID:       docker.io/library/postgres@sha256:778d0b486d6daa02b77434d0358ec57a1b21fd8b6d22ac2eef56a33e816928f6
    Port:           5432/TCP
    Host Port:      0/TCP
    State:          Running
      Started:      Mon, 27 Apr 2026 08:38:05 +0200
    Ready:          True
    Restart Count:  0
    Limits:
      cpu:     1500m
      memory:  1536Mi
    Requests:
      cpu:      100m
      memory:   256Mi
    Readiness:  exec [pg_isready -U postgres] delay=5s timeout=1s period=5s #success=1 #failure=3
    Environment:
      POSTGRES_DB:        postgres
      POSTGRES_USER:      postgres
      POSTGRES_PASSWORD:  <set to the key 'postgres-superuser-password' in secret 'hermod-secrets'>  Optional: false
    Mounts:
      /var/lib/postgresql/data from data (rw)
      /var/run/secrets/kubernetes.io/serviceaccount from kube-api-access-nbwj7 (ro)
Conditions:
  Type                        Status
  PodReadyToStartContainers   True 
  Initialized                 True 
  Ready                       True 
  ContainersReady             True 
  PodScheduled                True 
Volumes:
  data:
    Type:       PersistentVolumeClaim (a reference to a PersistentVolumeClaim in the same namespace)
    ClaimName:  data-postgres-0
    ReadOnly:   false
  kube-api-access-nbwj7:
    Type:                    Projected (a volume that contains injected data from multiple sources)
    TokenExpirationSeconds:  3607
    ConfigMapName:           kube-root-ca.crt
    Optional:                false
    DownwardAPI:             true
QoS Class:                   Burstable
Node-Selectors:              <none>
Tolerations:                 node.kubernetes.io/not-ready:NoExecute op=Exists for 300s
                             node.kubernetes.io/unreachable:NoExecute op=Exists for 300s
Events:                      <none>

=== ts=1777273622 ===
Name:             nanomq-5bc8dfcb57-wch2b
Namespace:        nanomq-only
Priority:         0
Service Account:  default
Node:             <pi-host>/<pi-ip>
Start Time:       Mon, 27 Apr 2026 09:05:49 +0200
Labels:           app=nanomq
                  pod-template-hash=5bc8dfcb57
Annotations:      cni.projectcalico.org/containerID: 70e5c88eab39973debd9dc2a0385187cc7393bd7e3f06790adeb5230f218f21e
                  cni.projectcalico.org/podIP: <pod-ip>/32
                  cni.projectcalico.org/podIPs: <pod-ip>/32
                  kubectl.kubernetes.io/restartedAt: 2026-04-27T09:05:48+02:00
Status:           Running
IP:               <pod-ip>
IPs:
  IP:           <pod-ip>
Controlled By:  ReplicaSet/nanomq-5bc8dfcb57
Containers:
  nanomq:
    Container ID:   containerd://7c7e6cdaa74799483f2b8fe3791d9acf1fe12a1581c434933bdbc2611b18b761
    Image:          emqx/nanomq:0.21-slim
    Image ID:       docker.io/emqx/nanomq@sha256:53bea7acb547aced1cc45e08c514628f1e41c4da9ad544fd8c5fa96d3e9eb41b
    Ports:          1883/TCP (mqtt), 8081/TCP (http)
    Host Ports:     0/TCP (mqtt), 0/TCP (http)
    State:          Running
      Started:      Mon, 27 Apr 2026 09:05:50 +0200
    Ready:          True
    Restart Count:  0
    Limits:
      cpu:     1
      memory:  512Mi
    Requests:
      cpu:        50m
      memory:     64Mi
    Readiness:    tcp-socket :1883 delay=3s timeout=1s period=5s #success=1 #failure=3
    Environment:  <none>
    Mounts:
      /etc/nanomq.conf from config (rw,path="nanomq.conf")
      /var/run/secrets/kubernetes.io/serviceaccount from kube-api-access-pklwl (ro)
Conditions:
  Type                        Status
  PodReadyToStartContainers   True 
  Initialized                 True 
  Ready                       True 
  ContainersReady             True 
  PodScheduled                True 
Volumes:
  config:
    Type:      ConfigMap (a volume populated by a ConfigMap)
    Name:      nanomq-config
    Optional:  false
  kube-api-access-pklwl:
    Type:                    Projected (a volume that contains injected data from multiple sources)
    TokenExpirationSeconds:  3607
    ConfigMapName:           kube-root-ca.crt
    Optional:                false
    DownwardAPI:             true
QoS Class:                   Burstable
Node-Selectors:              <none>
Tolerations:                 node.kubernetes.io/not-ready:NoExecute op=Exists for 300s
                             node.kubernetes.io/unreachable:NoExecute op=Exists for 300s
Events:
  Type    Reason     Age   From               Message
  ----    ------     ----  ----               -------
  Normal  Scheduled  73s   default-scheduler  Successfully assigned nanomq-only/nanomq-5bc8dfcb57-wch2b to <pi-host>
  Normal  Pulled     73s   kubelet            spec.containers{nanomq}: Container image "emqx/nanomq:0.21-slim" already present on machine
  Normal  Created    73s   kubelet            spec.containers{nanomq}: Created container: nanomq
  Normal  Started    72s   kubelet            spec.containers{nanomq}: Started container nanomq


Name:             postgres-0
Namespace:        nanomq-only
Priority:         0
Service Account:  default
Node:             <pi-host>/<pi-ip>
Start Time:       Mon, 27 Apr 2026 08:38:05 +0200
Labels:           app=postgres
                  apps.kubernetes.io/pod-index=0
                  controller-revision-hash=postgres-d5f747749
                  statefulset.kubernetes.io/pod-name=postgres-0
Annotations:      cni.projectcalico.org/containerID: 265f5d1ee08a93e45e09bddf04e4d5ed6a74027de57cb8908d42fab638668a65
                  cni.projectcalico.org/podIP: <pod-ip>/32
                  cni.projectcalico.org/podIPs: <pod-ip>/32
Status:           Running
IP:               <pod-ip>
IPs:
  IP:           <pod-ip>
Controlled By:  StatefulSet/postgres
Containers:
  postgres:
    Container ID:   containerd://7659a9c0521dec254a51e8f6cb38e0e82fe9f11f08615b9a8169668cb29079f0
    Image:          postgres:17-alpine
    Image ID:       docker.io/library/postgres@sha256:778d0b486d6daa02b77434d0358ec57a1b21fd8b6d22ac2eef56a33e816928f6
    Port:           5432/TCP
    Host Port:      0/TCP
    State:          Running
      Started:      Mon, 27 Apr 2026 08:38:05 +0200
    Ready:          True
    Restart Count:  0
    Limits:
      cpu:     1500m
      memory:  1536Mi
    Requests:
      cpu:      100m
      memory:   256Mi
    Readiness:  exec [pg_isready -U postgres] delay=5s timeout=1s period=5s #success=1 #failure=3
    Environment:
      POSTGRES_DB:        postgres
      POSTGRES_USER:      postgres
      POSTGRES_PASSWORD:  <set to the key 'postgres-superuser-password' in secret 'hermod-secrets'>  Optional: false
    Mounts:
      /var/lib/postgresql/data from data (rw)
      /var/run/secrets/kubernetes.io/serviceaccount from kube-api-access-nbwj7 (ro)
Conditions:
  Type                        Status
  PodReadyToStartContainers   True 
  Initialized                 True 
  Ready                       True 
  ContainersReady             True 
  PodScheduled                True 
Volumes:
  data:
    Type:       PersistentVolumeClaim (a reference to a PersistentVolumeClaim in the same namespace)
    ClaimName:  data-postgres-0
    ReadOnly:   false
  kube-api-access-nbwj7:
    Type:                    Projected (a volume that contains injected data from multiple sources)
    TokenExpirationSeconds:  3607
    ConfigMapName:           kube-root-ca.crt
    Optional:                false
    DownwardAPI:             true
QoS Class:                   Burstable
Node-Selectors:              <none>
Tolerations:                 node.kubernetes.io/not-ready:NoExecute op=Exists for 300s
                             node.kubernetes.io/unreachable:NoExecute op=Exists for 300s
Events:                      <none>

=== ts=1777273633 ===
Name:             nanomq-5bc8dfcb57-wch2b
Namespace:        nanomq-only
Priority:         0
Service Account:  default
Node:             <pi-host>/<pi-ip>
Start Time:       Mon, 27 Apr 2026 09:05:49 +0200
Labels:           app=nanomq
                  pod-template-hash=5bc8dfcb57
Annotations:      cni.projectcalico.org/containerID: 70e5c88eab39973debd9dc2a0385187cc7393bd7e3f06790adeb5230f218f21e
                  cni.projectcalico.org/podIP: <pod-ip>/32
                  cni.projectcalico.org/podIPs: <pod-ip>/32
                  kubectl.kubernetes.io/restartedAt: 2026-04-27T09:05:48+02:00
Status:           Running
IP:               <pod-ip>
IPs:
  IP:           <pod-ip>
Controlled By:  ReplicaSet/nanomq-5bc8dfcb57
Containers:
  nanomq:
    Container ID:   containerd://7c7e6cdaa74799483f2b8fe3791d9acf1fe12a1581c434933bdbc2611b18b761
    Image:          emqx/nanomq:0.21-slim
    Image ID:       docker.io/emqx/nanomq@sha256:53bea7acb547aced1cc45e08c514628f1e41c4da9ad544fd8c5fa96d3e9eb41b
    Ports:          1883/TCP (mqtt), 8081/TCP (http)
    Host Ports:     0/TCP (mqtt), 0/TCP (http)
    State:          Running
      Started:      Mon, 27 Apr 2026 09:05:50 +0200
    Ready:          True
    Restart Count:  0
    Limits:
      cpu:     1
      memory:  512Mi
    Requests:
      cpu:        50m
      memory:     64Mi
    Readiness:    tcp-socket :1883 delay=3s timeout=1s period=5s #success=1 #failure=3
    Environment:  <none>
    Mounts:
      /etc/nanomq.conf from config (rw,path="nanomq.conf")
      /var/run/secrets/kubernetes.io/serviceaccount from kube-api-access-pklwl (ro)
Conditions:
  Type                        Status
  PodReadyToStartContainers   True 
  Initialized                 True 
  Ready                       True 
  ContainersReady             True 
  PodScheduled                True 
Volumes:
  config:
    Type:      ConfigMap (a volume populated by a ConfigMap)
    Name:      nanomq-config
    Optional:  false
  kube-api-access-pklwl:
    Type:                    Projected (a volume that contains injected data from multiple sources)
    TokenExpirationSeconds:  3607
    ConfigMapName:           kube-root-ca.crt
    Optional:                false
    DownwardAPI:             true
QoS Class:                   Burstable
Node-Selectors:              <none>
Tolerations:                 node.kubernetes.io/not-ready:NoExecute op=Exists for 300s
                             node.kubernetes.io/unreachable:NoExecute op=Exists for 300s
Events:
  Type    Reason     Age   From               Message
  ----    ------     ----  ----               -------
  Normal  Scheduled  84s   default-scheduler  Successfully assigned nanomq-only/nanomq-5bc8dfcb57-wch2b to <pi-host>
  Normal  Pulled     84s   kubelet            spec.containers{nanomq}: Container image "emqx/nanomq:0.21-slim" already present on machine
  Normal  Created    84s   kubelet            spec.containers{nanomq}: Created container: nanomq
  Normal  Started    83s   kubelet            spec.containers{nanomq}: Started container nanomq


Name:             postgres-0
Namespace:        nanomq-only
Priority:         0
Service Account:  default
Node:             <pi-host>/<pi-ip>
Start Time:       Mon, 27 Apr 2026 08:38:05 +0200
Labels:           app=postgres
                  apps.kubernetes.io/pod-index=0
                  controller-revision-hash=postgres-d5f747749
                  statefulset.kubernetes.io/pod-name=postgres-0
Annotations:      cni.projectcalico.org/containerID: 265f5d1ee08a93e45e09bddf04e4d5ed6a74027de57cb8908d42fab638668a65
                  cni.projectcalico.org/podIP: <pod-ip>/32
                  cni.projectcalico.org/podIPs: <pod-ip>/32
Status:           Running
IP:               <pod-ip>
IPs:
  IP:           <pod-ip>
Controlled By:  StatefulSet/postgres
Containers:
  postgres:
    Container ID:   containerd://7659a9c0521dec254a51e8f6cb38e0e82fe9f11f08615b9a8169668cb29079f0
    Image:          postgres:17-alpine
    Image ID:       docker.io/library/postgres@sha256:778d0b486d6daa02b77434d0358ec57a1b21fd8b6d22ac2eef56a33e816928f6
    Port:           5432/TCP
    Host Port:      0/TCP
    State:          Running
      Started:      Mon, 27 Apr 2026 08:38:05 +0200
    Ready:          True
    Restart Count:  0
    Limits:
      cpu:     1500m
      memory:  1536Mi
    Requests:
      cpu:      100m
      memory:   256Mi
    Readiness:  exec [pg_isready -U postgres] delay=5s timeout=1s period=5s #success=1 #failure=3
    Environment:
      POSTGRES_DB:        postgres
      POSTGRES_USER:      postgres
      POSTGRES_PASSWORD:  <set to the key 'postgres-superuser-password' in secret 'hermod-secrets'>  Optional: false
    Mounts:
      /var/lib/postgresql/data from data (rw)
      /var/run/secrets/kubernetes.io/serviceaccount from kube-api-access-nbwj7 (ro)
Conditions:
  Type                        Status
  PodReadyToStartContainers   True 
  Initialized                 True 
  Ready                       True 
  ContainersReady             True 
  PodScheduled                True 
Volumes:
  data:
    Type:       PersistentVolumeClaim (a reference to a PersistentVolumeClaim in the same namespace)
    ClaimName:  data-postgres-0
    ReadOnly:   false
  kube-api-access-nbwj7:
    Type:                    Projected (a volume that contains injected data from multiple sources)
    TokenExpirationSeconds:  3607
    ConfigMapName:           kube-root-ca.crt
    Optional:                false
    DownwardAPI:             true
QoS Class:                   Burstable
Node-Selectors:              <none>
Tolerations:                 node.kubernetes.io/not-ready:NoExecute op=Exists for 300s
                             node.kubernetes.io/unreachable:NoExecute op=Exists for 300s
Events:                      <none>

=== ts=1777273644 ===
Name:             nanomq-5bc8dfcb57-wch2b
Namespace:        nanomq-only
Priority:         0
Service Account:  default
Node:             <pi-host>/<pi-ip>
Start Time:       Mon, 27 Apr 2026 09:05:49 +0200
Labels:           app=nanomq
                  pod-template-hash=5bc8dfcb57
Annotations:      cni.projectcalico.org/containerID: 70e5c88eab39973debd9dc2a0385187cc7393bd7e3f06790adeb5230f218f21e
                  cni.projectcalico.org/podIP: <pod-ip>/32
                  cni.projectcalico.org/podIPs: <pod-ip>/32
                  kubectl.kubernetes.io/restartedAt: 2026-04-27T09:05:48+02:00
Status:           Running
IP:               <pod-ip>
IPs:
  IP:           <pod-ip>
Controlled By:  ReplicaSet/nanomq-5bc8dfcb57
Containers:
  nanomq:
    Container ID:   containerd://7c7e6cdaa74799483f2b8fe3791d9acf1fe12a1581c434933bdbc2611b18b761
    Image:          emqx/nanomq:0.21-slim
    Image ID:       docker.io/emqx/nanomq@sha256:53bea7acb547aced1cc45e08c514628f1e41c4da9ad544fd8c5fa96d3e9eb41b
    Ports:          1883/TCP (mqtt), 8081/TCP (http)
    Host Ports:     0/TCP (mqtt), 0/TCP (http)
    State:          Running
      Started:      Mon, 27 Apr 2026 09:05:50 +0200
    Ready:          True
    Restart Count:  0
    Limits:
      cpu:     1
      memory:  512Mi
    Requests:
      cpu:        50m
      memory:     64Mi
    Readiness:    tcp-socket :1883 delay=3s timeout=1s period=5s #success=1 #failure=3
    Environment:  <none>
    Mounts:
      /etc/nanomq.conf from config (rw,path="nanomq.conf")
      /var/run/secrets/kubernetes.io/serviceaccount from kube-api-access-pklwl (ro)
Conditions:
  Type                        Status
  PodReadyToStartContainers   True 
  Initialized                 True 
  Ready                       True 
  ContainersReady             True 
  PodScheduled                True 
Volumes:
  config:
    Type:      ConfigMap (a volume populated by a ConfigMap)
    Name:      nanomq-config
    Optional:  false
  kube-api-access-pklwl:
    Type:                    Projected (a volume that contains injected data from multiple sources)
    TokenExpirationSeconds:  3607
    ConfigMapName:           kube-root-ca.crt
    Optional:                false
    DownwardAPI:             true
QoS Class:                   Burstable
Node-Selectors:              <none>
Tolerations:                 node.kubernetes.io/not-ready:NoExecute op=Exists for 300s
                             node.kubernetes.io/unreachable:NoExecute op=Exists for 300s
Events:
  Type    Reason     Age   From               Message
  ----    ------     ----  ----               -------
  Normal  Scheduled  95s   default-scheduler  Successfully assigned nanomq-only/nanomq-5bc8dfcb57-wch2b to <pi-host>
  Normal  Pulled     95s   kubelet            spec.containers{nanomq}: Container image "emqx/nanomq:0.21-slim" already present on machine
  Normal  Created    95s   kubelet            spec.containers{nanomq}: Created container: nanomq
  Normal  Started    94s   kubelet            spec.containers{nanomq}: Started container nanomq


Name:             postgres-0
Namespace:        nanomq-only
Priority:         0
Service Account:  default
Node:             <pi-host>/<pi-ip>
Start Time:       Mon, 27 Apr 2026 08:38:05 +0200
Labels:           app=postgres
                  apps.kubernetes.io/pod-index=0
                  controller-revision-hash=postgres-d5f747749
                  statefulset.kubernetes.io/pod-name=postgres-0
Annotations:      cni.projectcalico.org/containerID: 265f5d1ee08a93e45e09bddf04e4d5ed6a74027de57cb8908d42fab638668a65
                  cni.projectcalico.org/podIP: <pod-ip>/32
                  cni.projectcalico.org/podIPs: <pod-ip>/32
Status:           Running
IP:               <pod-ip>
IPs:
  IP:           <pod-ip>
Controlled By:  StatefulSet/postgres
Containers:
  postgres:
    Container ID:   containerd://7659a9c0521dec254a51e8f6cb38e0e82fe9f11f08615b9a8169668cb29079f0
    Image:          postgres:17-alpine
    Image ID:       docker.io/library/postgres@sha256:778d0b486d6daa02b77434d0358ec57a1b21fd8b6d22ac2eef56a33e816928f6
    Port:           5432/TCP
    Host Port:      0/TCP
    State:          Running
      Started:      Mon, 27 Apr 2026 08:38:05 +0200
    Ready:          True
    Restart Count:  0
    Limits:
      cpu:     1500m
      memory:  1536Mi
    Requests:
      cpu:      100m
      memory:   256Mi
    Readiness:  exec [pg_isready -U postgres] delay=5s timeout=1s period=5s #success=1 #failure=3
    Environment:
      POSTGRES_DB:        postgres
      POSTGRES_USER:      postgres
      POSTGRES_PASSWORD:  <set to the key 'postgres-superuser-password' in secret 'hermod-secrets'>  Optional: false
    Mounts:
      /var/lib/postgresql/data from data (rw)
      /var/run/secrets/kubernetes.io/serviceaccount from kube-api-access-nbwj7 (ro)
Conditions:
  Type                        Status
  PodReadyToStartContainers   True 
  Initialized                 True 
  Ready                       True 
  ContainersReady             True 
  PodScheduled                True 
Volumes:
  data:
    Type:       PersistentVolumeClaim (a reference to a PersistentVolumeClaim in the same namespace)
    ClaimName:  data-postgres-0
    ReadOnly:   false
  kube-api-access-nbwj7:
    Type:                    Projected (a volume that contains injected data from multiple sources)
    TokenExpirationSeconds:  3607
    ConfigMapName:           kube-root-ca.crt
    Optional:                false
    DownwardAPI:             true
QoS Class:                   Burstable
Node-Selectors:              <none>
Tolerations:                 node.kubernetes.io/not-ready:NoExecute op=Exists for 300s
                             node.kubernetes.io/unreachable:NoExecute op=Exists for 300s
Events:                      <none>

=== ts=1777273655 ===
Name:             nanomq-5bc8dfcb57-wch2b
Namespace:        nanomq-only
Priority:         0
Service Account:  default
Node:             <pi-host>/<pi-ip>
Start Time:       Mon, 27 Apr 2026 09:05:49 +0200
Labels:           app=nanomq
                  pod-template-hash=5bc8dfcb57
Annotations:      cni.projectcalico.org/containerID: 70e5c88eab39973debd9dc2a0385187cc7393bd7e3f06790adeb5230f218f21e
                  cni.projectcalico.org/podIP: <pod-ip>/32
                  cni.projectcalico.org/podIPs: <pod-ip>/32
                  kubectl.kubernetes.io/restartedAt: 2026-04-27T09:05:48+02:00
Status:           Running
IP:               <pod-ip>
IPs:
  IP:           <pod-ip>
Controlled By:  ReplicaSet/nanomq-5bc8dfcb57
Containers:
  nanomq:
    Container ID:   containerd://7c7e6cdaa74799483f2b8fe3791d9acf1fe12a1581c434933bdbc2611b18b761
    Image:          emqx/nanomq:0.21-slim
    Image ID:       docker.io/emqx/nanomq@sha256:53bea7acb547aced1cc45e08c514628f1e41c4da9ad544fd8c5fa96d3e9eb41b
    Ports:          1883/TCP (mqtt), 8081/TCP (http)
    Host Ports:     0/TCP (mqtt), 0/TCP (http)
    State:          Running
      Started:      Mon, 27 Apr 2026 09:05:50 +0200
    Ready:          True
    Restart Count:  0
    Limits:
      cpu:     1
      memory:  512Mi
    Requests:
      cpu:        50m
      memory:     64Mi
    Readiness:    tcp-socket :1883 delay=3s timeout=1s period=5s #success=1 #failure=3
    Environment:  <none>
    Mounts:
      /etc/nanomq.conf from config (rw,path="nanomq.conf")
      /var/run/secrets/kubernetes.io/serviceaccount from kube-api-access-pklwl (ro)
Conditions:
  Type                        Status
  PodReadyToStartContainers   True 
  Initialized                 True 
  Ready                       True 
  ContainersReady             True 
  PodScheduled                True 
Volumes:
  config:
    Type:      ConfigMap (a volume populated by a ConfigMap)
    Name:      nanomq-config
    Optional:  false
  kube-api-access-pklwl:
    Type:                    Projected (a volume that contains injected data from multiple sources)
    TokenExpirationSeconds:  3607
    ConfigMapName:           kube-root-ca.crt
    Optional:                false
    DownwardAPI:             true
QoS Class:                   Burstable
Node-Selectors:              <none>
Tolerations:                 node.kubernetes.io/not-ready:NoExecute op=Exists for 300s
                             node.kubernetes.io/unreachable:NoExecute op=Exists for 300s
Events:
  Type    Reason     Age   From               Message
  ----    ------     ----  ----               -------
  Normal  Scheduled  105s  default-scheduler  Successfully assigned nanomq-only/nanomq-5bc8dfcb57-wch2b to <pi-host>
  Normal  Pulled     106s  kubelet            spec.containers{nanomq}: Container image "emqx/nanomq:0.21-slim" already present on machine
  Normal  Created    106s  kubelet            spec.containers{nanomq}: Created container: nanomq
  Normal  Started    105s  kubelet            spec.containers{nanomq}: Started container nanomq


Name:             postgres-0
Namespace:        nanomq-only
Priority:         0
Service Account:  default
Node:             <pi-host>/<pi-ip>
Start Time:       Mon, 27 Apr 2026 08:38:05 +0200
Labels:           app=postgres
                  apps.kubernetes.io/pod-index=0
                  controller-revision-hash=postgres-d5f747749
                  statefulset.kubernetes.io/pod-name=postgres-0
Annotations:      cni.projectcalico.org/containerID: 265f5d1ee08a93e45e09bddf04e4d5ed6a74027de57cb8908d42fab638668a65
                  cni.projectcalico.org/podIP: <pod-ip>/32
                  cni.projectcalico.org/podIPs: <pod-ip>/32
Status:           Running
IP:               <pod-ip>
IPs:
  IP:           <pod-ip>
Controlled By:  StatefulSet/postgres
Containers:
  postgres:
    Container ID:   containerd://7659a9c0521dec254a51e8f6cb38e0e82fe9f11f08615b9a8169668cb29079f0
    Image:          postgres:17-alpine
    Image ID:       docker.io/library/postgres@sha256:778d0b486d6daa02b77434d0358ec57a1b21fd8b6d22ac2eef56a33e816928f6
    Port:           5432/TCP
    Host Port:      0/TCP
    State:          Running
      Started:      Mon, 27 Apr 2026 08:38:05 +0200
    Ready:          True
    Restart Count:  0
    Limits:
      cpu:     1500m
      memory:  1536Mi
    Requests:
      cpu:      100m
      memory:   256Mi
    Readiness:  exec [pg_isready -U postgres] delay=5s timeout=1s period=5s #success=1 #failure=3
    Environment:
      POSTGRES_DB:        postgres
      POSTGRES_USER:      postgres
      POSTGRES_PASSWORD:  <set to the key 'postgres-superuser-password' in secret 'hermod-secrets'>  Optional: false
    Mounts:
      /var/lib/postgresql/data from data (rw)
      /var/run/secrets/kubernetes.io/serviceaccount from kube-api-access-nbwj7 (ro)
Conditions:
  Type                        Status
  PodReadyToStartContainers   True 
  Initialized                 True 
  Ready                       True 
  ContainersReady             True 
  PodScheduled                True 
Volumes:
  data:
    Type:       PersistentVolumeClaim (a reference to a PersistentVolumeClaim in the same namespace)
    ClaimName:  data-postgres-0
    ReadOnly:   false
  kube-api-access-nbwj7:
    Type:                    Projected (a volume that contains injected data from multiple sources)
    TokenExpirationSeconds:  3607
    ConfigMapName:           kube-root-ca.crt
    Optional:                false
    DownwardAPI:             true
QoS Class:                   Burstable
Node-Selectors:              <none>
Tolerations:                 node.kubernetes.io/not-ready:NoExecute op=Exists for 300s
                             node.kubernetes.io/unreachable:NoExecute op=Exists for 300s
Events:                      <none>

=== ts=1777273665 ===
Name:             nanomq-5bc8dfcb57-wch2b
Namespace:        nanomq-only
Priority:         0
Service Account:  default
Node:             <pi-host>/<pi-ip>
Start Time:       Mon, 27 Apr 2026 09:05:49 +0200
Labels:           app=nanomq
                  pod-template-hash=5bc8dfcb57
Annotations:      cni.projectcalico.org/containerID: 70e5c88eab39973debd9dc2a0385187cc7393bd7e3f06790adeb5230f218f21e
                  cni.projectcalico.org/podIP: <pod-ip>/32
                  cni.projectcalico.org/podIPs: <pod-ip>/32
                  kubectl.kubernetes.io/restartedAt: 2026-04-27T09:05:48+02:00
Status:           Running
IP:               <pod-ip>
IPs:
  IP:           <pod-ip>
Controlled By:  ReplicaSet/nanomq-5bc8dfcb57
Containers:
  nanomq:
    Container ID:   containerd://7c7e6cdaa74799483f2b8fe3791d9acf1fe12a1581c434933bdbc2611b18b761
    Image:          emqx/nanomq:0.21-slim
    Image ID:       docker.io/emqx/nanomq@sha256:53bea7acb547aced1cc45e08c514628f1e41c4da9ad544fd8c5fa96d3e9eb41b
    Ports:          1883/TCP (mqtt), 8081/TCP (http)
    Host Ports:     0/TCP (mqtt), 0/TCP (http)
    State:          Running
      Started:      Mon, 27 Apr 2026 09:05:50 +0200
    Ready:          True
    Restart Count:  0
    Limits:
      cpu:     1
      memory:  512Mi
    Requests:
      cpu:        50m
      memory:     64Mi
    Readiness:    tcp-socket :1883 delay=3s timeout=1s period=5s #success=1 #failure=3
    Environment:  <none>
    Mounts:
      /etc/nanomq.conf from config (rw,path="nanomq.conf")
      /var/run/secrets/kubernetes.io/serviceaccount from kube-api-access-pklwl (ro)
Conditions:
  Type                        Status
  PodReadyToStartContainers   True 
  Initialized                 True 
  Ready                       True 
  ContainersReady             True 
  PodScheduled                True 
Volumes:
  config:
    Type:      ConfigMap (a volume populated by a ConfigMap)
    Name:      nanomq-config
    Optional:  false
  kube-api-access-pklwl:
    Type:                    Projected (a volume that contains injected data from multiple sources)
    TokenExpirationSeconds:  3607
    ConfigMapName:           kube-root-ca.crt
    Optional:                false
    DownwardAPI:             true
QoS Class:                   Burstable
Node-Selectors:              <none>
Tolerations:                 node.kubernetes.io/not-ready:NoExecute op=Exists for 300s
                             node.kubernetes.io/unreachable:NoExecute op=Exists for 300s
Events:
  Type    Reason     Age   From               Message
  ----    ------     ----  ----               -------
  Normal  Scheduled  116s  default-scheduler  Successfully assigned nanomq-only/nanomq-5bc8dfcb57-wch2b to <pi-host>
  Normal  Pulled     116s  kubelet            spec.containers{nanomq}: Container image "emqx/nanomq:0.21-slim" already present on machine
  Normal  Created    116s  kubelet            spec.containers{nanomq}: Created container: nanomq
  Normal  Started    115s  kubelet            spec.containers{nanomq}: Started container nanomq


Name:             postgres-0
Namespace:        nanomq-only
Priority:         0
Service Account:  default
Node:             <pi-host>/<pi-ip>
Start Time:       Mon, 27 Apr 2026 08:38:05 +0200
Labels:           app=postgres
                  apps.kubernetes.io/pod-index=0
                  controller-revision-hash=postgres-d5f747749
                  statefulset.kubernetes.io/pod-name=postgres-0
Annotations:      cni.projectcalico.org/containerID: 265f5d1ee08a93e45e09bddf04e4d5ed6a74027de57cb8908d42fab638668a65
                  cni.projectcalico.org/podIP: <pod-ip>/32
                  cni.projectcalico.org/podIPs: <pod-ip>/32
Status:           Running
IP:               <pod-ip>
IPs:
  IP:           <pod-ip>
Controlled By:  StatefulSet/postgres
Containers:
  postgres:
    Container ID:   containerd://7659a9c0521dec254a51e8f6cb38e0e82fe9f11f08615b9a8169668cb29079f0
    Image:          postgres:17-alpine
    Image ID:       docker.io/library/postgres@sha256:778d0b486d6daa02b77434d0358ec57a1b21fd8b6d22ac2eef56a33e816928f6
    Port:           5432/TCP
    Host Port:      0/TCP
    State:          Running
      Started:      Mon, 27 Apr 2026 08:38:05 +0200
    Ready:          True
    Restart Count:  0
    Limits:
      cpu:     1500m
      memory:  1536Mi
    Requests:
      cpu:      100m
      memory:   256Mi
    Readiness:  exec [pg_isready -U postgres] delay=5s timeout=1s period=5s #success=1 #failure=3
    Environment:
      POSTGRES_DB:        postgres
      POSTGRES_USER:      postgres
      POSTGRES_PASSWORD:  <set to the key 'postgres-superuser-password' in secret 'hermod-secrets'>  Optional: false
    Mounts:
      /var/lib/postgresql/data from data (rw)
      /var/run/secrets/kubernetes.io/serviceaccount from kube-api-access-nbwj7 (ro)
Conditions:
  Type                        Status
  PodReadyToStartContainers   True 
  Initialized                 True 
  Ready                       True 
  ContainersReady             True 
  PodScheduled                True 
Volumes:
  data:
    Type:       PersistentVolumeClaim (a reference to a PersistentVolumeClaim in the same namespace)
    ClaimName:  data-postgres-0
    ReadOnly:   false
  kube-api-access-nbwj7:
    Type:                    Projected (a volume that contains injected data from multiple sources)
    TokenExpirationSeconds:  3607
    ConfigMapName:           kube-root-ca.crt
    Optional:                false
    DownwardAPI:             true
QoS Class:                   Burstable
Node-Selectors:              <none>
Tolerations:                 node.kubernetes.io/not-ready:NoExecute op=Exists for 300s
                             node.kubernetes.io/unreachable:NoExecute op=Exists for 300s
Events:                      <none>

=== ts=1777273676 ===
Name:             nanomq-5bc8dfcb57-wch2b
Namespace:        nanomq-only
Priority:         0
Service Account:  default
Node:             <pi-host>/<pi-ip>
Start Time:       Mon, 27 Apr 2026 09:05:49 +0200
Labels:           app=nanomq
                  pod-template-hash=5bc8dfcb57
Annotations:      cni.projectcalico.org/containerID: 70e5c88eab39973debd9dc2a0385187cc7393bd7e3f06790adeb5230f218f21e
                  cni.projectcalico.org/podIP: <pod-ip>/32
                  cni.projectcalico.org/podIPs: <pod-ip>/32
                  kubectl.kubernetes.io/restartedAt: 2026-04-27T09:05:48+02:00
Status:           Running
IP:               <pod-ip>
IPs:
  IP:           <pod-ip>
Controlled By:  ReplicaSet/nanomq-5bc8dfcb57
Containers:
  nanomq:
    Container ID:   containerd://7c7e6cdaa74799483f2b8fe3791d9acf1fe12a1581c434933bdbc2611b18b761
    Image:          emqx/nanomq:0.21-slim
    Image ID:       docker.io/emqx/nanomq@sha256:53bea7acb547aced1cc45e08c514628f1e41c4da9ad544fd8c5fa96d3e9eb41b
    Ports:          1883/TCP (mqtt), 8081/TCP (http)
    Host Ports:     0/TCP (mqtt), 0/TCP (http)
    State:          Running
      Started:      Mon, 27 Apr 2026 09:05:50 +0200
    Ready:          True
    Restart Count:  0
    Limits:
      cpu:     1
      memory:  512Mi
    Requests:
      cpu:        50m
      memory:     64Mi
    Readiness:    tcp-socket :1883 delay=3s timeout=1s period=5s #success=1 #failure=3
    Environment:  <none>
    Mounts:
      /etc/nanomq.conf from config (rw,path="nanomq.conf")
      /var/run/secrets/kubernetes.io/serviceaccount from kube-api-access-pklwl (ro)
Conditions:
  Type                        Status
  PodReadyToStartContainers   True 
  Initialized                 True 
  Ready                       True 
  ContainersReady             True 
  PodScheduled                True 
Volumes:
  config:
    Type:      ConfigMap (a volume populated by a ConfigMap)
    Name:      nanomq-config
    Optional:  false
  kube-api-access-pklwl:
    Type:                    Projected (a volume that contains injected data from multiple sources)
    TokenExpirationSeconds:  3607
    ConfigMapName:           kube-root-ca.crt
    Optional:                false
    DownwardAPI:             true
QoS Class:                   Burstable
Node-Selectors:              <none>
Tolerations:                 node.kubernetes.io/not-ready:NoExecute op=Exists for 300s
                             node.kubernetes.io/unreachable:NoExecute op=Exists for 300s
Events:
  Type    Reason     Age   From               Message
  ----    ------     ----  ----               -------
  Normal  Scheduled  2m7s  default-scheduler  Successfully assigned nanomq-only/nanomq-5bc8dfcb57-wch2b to <pi-host>
  Normal  Pulled     2m7s  kubelet            spec.containers{nanomq}: Container image "emqx/nanomq:0.21-slim" already present on machine
  Normal  Created    2m7s  kubelet            spec.containers{nanomq}: Created container: nanomq
  Normal  Started    2m6s  kubelet            spec.containers{nanomq}: Started container nanomq


Name:             postgres-0
Namespace:        nanomq-only
Priority:         0
Service Account:  default
Node:             <pi-host>/<pi-ip>
Start Time:       Mon, 27 Apr 2026 08:38:05 +0200
Labels:           app=postgres
                  apps.kubernetes.io/pod-index=0
                  controller-revision-hash=postgres-d5f747749
                  statefulset.kubernetes.io/pod-name=postgres-0
Annotations:      cni.projectcalico.org/containerID: 265f5d1ee08a93e45e09bddf04e4d5ed6a74027de57cb8908d42fab638668a65
                  cni.projectcalico.org/podIP: <pod-ip>/32
                  cni.projectcalico.org/podIPs: <pod-ip>/32
Status:           Running
IP:               <pod-ip>
IPs:
  IP:           <pod-ip>
Controlled By:  StatefulSet/postgres
Containers:
  postgres:
    Container ID:   containerd://7659a9c0521dec254a51e8f6cb38e0e82fe9f11f08615b9a8169668cb29079f0
    Image:          postgres:17-alpine
    Image ID:       docker.io/library/postgres@sha256:778d0b486d6daa02b77434d0358ec57a1b21fd8b6d22ac2eef56a33e816928f6
    Port:           5432/TCP
    Host Port:      0/TCP
    State:          Running
      Started:      Mon, 27 Apr 2026 08:38:05 +0200
    Ready:          True
    Restart Count:  0
    Limits:
      cpu:     1500m
      memory:  1536Mi
    Requests:
      cpu:      100m
      memory:   256Mi
    Readiness:  exec [pg_isready -U postgres] delay=5s timeout=1s period=5s #success=1 #failure=3
    Environment:
      POSTGRES_DB:        postgres
      POSTGRES_USER:      postgres
      POSTGRES_PASSWORD:  <set to the key 'postgres-superuser-password' in secret 'hermod-secrets'>  Optional: false
    Mounts:
      /var/lib/postgresql/data from data (rw)
      /var/run/secrets/kubernetes.io/serviceaccount from kube-api-access-nbwj7 (ro)
Conditions:
  Type                        Status
  PodReadyToStartContainers   True 
  Initialized                 True 
  Ready                       True 
  ContainersReady             True 
  PodScheduled                True 
Volumes:
  data:
    Type:       PersistentVolumeClaim (a reference to a PersistentVolumeClaim in the same namespace)
    ClaimName:  data-postgres-0
    ReadOnly:   false
  kube-api-access-nbwj7:
    Type:                    Projected (a volume that contains injected data from multiple sources)
    TokenExpirationSeconds:  3607
    ConfigMapName:           kube-root-ca.crt
    Optional:                false
    DownwardAPI:             true
QoS Class:                   Burstable
Node-Selectors:              <none>
Tolerations:                 node.kubernetes.io/not-ready:NoExecute op=Exists for 300s
                             node.kubernetes.io/unreachable:NoExecute op=Exists for 300s
Events:                      <none>

=== ts=1777273687 ===
Name:             nanomq-5bc8dfcb57-wch2b
Namespace:        nanomq-only
Priority:         0
Service Account:  default
Node:             <pi-host>/<pi-ip>
Start Time:       Mon, 27 Apr 2026 09:05:49 +0200
Labels:           app=nanomq
                  pod-template-hash=5bc8dfcb57
Annotations:      cni.projectcalico.org/containerID: 70e5c88eab39973debd9dc2a0385187cc7393bd7e3f06790adeb5230f218f21e
                  cni.projectcalico.org/podIP: <pod-ip>/32
                  cni.projectcalico.org/podIPs: <pod-ip>/32
                  kubectl.kubernetes.io/restartedAt: 2026-04-27T09:05:48+02:00
Status:           Running
IP:               <pod-ip>
IPs:
  IP:           <pod-ip>
Controlled By:  ReplicaSet/nanomq-5bc8dfcb57
Containers:
  nanomq:
    Container ID:   containerd://7c7e6cdaa74799483f2b8fe3791d9acf1fe12a1581c434933bdbc2611b18b761
    Image:          emqx/nanomq:0.21-slim
    Image ID:       docker.io/emqx/nanomq@sha256:53bea7acb547aced1cc45e08c514628f1e41c4da9ad544fd8c5fa96d3e9eb41b
    Ports:          1883/TCP (mqtt), 8081/TCP (http)
    Host Ports:     0/TCP (mqtt), 0/TCP (http)
    State:          Running
      Started:      Mon, 27 Apr 2026 09:05:50 +0200
    Ready:          True
    Restart Count:  0
    Limits:
      cpu:     1
      memory:  512Mi
    Requests:
      cpu:        50m
      memory:     64Mi
    Readiness:    tcp-socket :1883 delay=3s timeout=1s period=5s #success=1 #failure=3
    Environment:  <none>
    Mounts:
      /etc/nanomq.conf from config (rw,path="nanomq.conf")
      /var/run/secrets/kubernetes.io/serviceaccount from kube-api-access-pklwl (ro)
Conditions:
  Type                        Status
  PodReadyToStartContainers   True 
  Initialized                 True 
  Ready                       True 
  ContainersReady             True 
  PodScheduled                True 
Volumes:
  config:
    Type:      ConfigMap (a volume populated by a ConfigMap)
    Name:      nanomq-config
    Optional:  false
  kube-api-access-pklwl:
    Type:                    Projected (a volume that contains injected data from multiple sources)
    TokenExpirationSeconds:  3607
    ConfigMapName:           kube-root-ca.crt
    Optional:                false
    DownwardAPI:             true
QoS Class:                   Burstable
Node-Selectors:              <none>
Tolerations:                 node.kubernetes.io/not-ready:NoExecute op=Exists for 300s
                             node.kubernetes.io/unreachable:NoExecute op=Exists for 300s
Events:
  Type    Reason     Age    From               Message
  ----    ------     ----   ----               -------
  Normal  Scheduled  2m18s  default-scheduler  Successfully assigned nanomq-only/nanomq-5bc8dfcb57-wch2b to <pi-host>
  Normal  Pulled     2m18s  kubelet            spec.containers{nanomq}: Container image "emqx/nanomq:0.21-slim" already present on machine
  Normal  Created    2m18s  kubelet            spec.containers{nanomq}: Created container: nanomq
  Normal  Started    2m17s  kubelet            spec.containers{nanomq}: Started container nanomq


Name:             postgres-0
Namespace:        nanomq-only
Priority:         0
Service Account:  default
Node:             <pi-host>/<pi-ip>
Start Time:       Mon, 27 Apr 2026 08:38:05 +0200
Labels:           app=postgres
                  apps.kubernetes.io/pod-index=0
                  controller-revision-hash=postgres-d5f747749
                  statefulset.kubernetes.io/pod-name=postgres-0
Annotations:      cni.projectcalico.org/containerID: 265f5d1ee08a93e45e09bddf04e4d5ed6a74027de57cb8908d42fab638668a65
                  cni.projectcalico.org/podIP: <pod-ip>/32
                  cni.projectcalico.org/podIPs: <pod-ip>/32
Status:           Running
IP:               <pod-ip>
IPs:
  IP:           <pod-ip>
Controlled By:  StatefulSet/postgres
Containers:
  postgres:
    Container ID:   containerd://7659a9c0521dec254a51e8f6cb38e0e82fe9f11f08615b9a8169668cb29079f0
    Image:          postgres:17-alpine
    Image ID:       docker.io/library/postgres@sha256:778d0b486d6daa02b77434d0358ec57a1b21fd8b6d22ac2eef56a33e816928f6
    Port:           5432/TCP
    Host Port:      0/TCP
    State:          Running
      Started:      Mon, 27 Apr 2026 08:38:05 +0200
    Ready:          True
    Restart Count:  0
    Limits:
      cpu:     1500m
      memory:  1536Mi
    Requests:
      cpu:      100m
      memory:   256Mi
    Readiness:  exec [pg_isready -U postgres] delay=5s timeout=1s period=5s #success=1 #failure=3
    Environment:
      POSTGRES_DB:        postgres
      POSTGRES_USER:      postgres
      POSTGRES_PASSWORD:  <set to the key 'postgres-superuser-password' in secret 'hermod-secrets'>  Optional: false
    Mounts:
      /var/lib/postgresql/data from data (rw)
      /var/run/secrets/kubernetes.io/serviceaccount from kube-api-access-nbwj7 (ro)
Conditions:
  Type                        Status
  PodReadyToStartContainers   True 
  Initialized                 True 
  Ready                       True 
  ContainersReady             True 
  PodScheduled                True 
Volumes:
  data:
    Type:       PersistentVolumeClaim (a reference to a PersistentVolumeClaim in the same namespace)
    ClaimName:  data-postgres-0
    ReadOnly:   false
  kube-api-access-nbwj7:
    Type:                    Projected (a volume that contains injected data from multiple sources)
    TokenExpirationSeconds:  3607
    ConfigMapName:           kube-root-ca.crt
    Optional:                false
    DownwardAPI:             true
QoS Class:                   Burstable
Node-Selectors:              <none>
Tolerations:                 node.kubernetes.io/not-ready:NoExecute op=Exists for 300s
                             node.kubernetes.io/unreachable:NoExecute op=Exists for 300s
Events:                      <none>

=== ts=1777273698 ===
Name:             nanomq-5bc8dfcb57-wch2b
Namespace:        nanomq-only
Priority:         0
Service Account:  default
Node:             <pi-host>/<pi-ip>
Start Time:       Mon, 27 Apr 2026 09:05:49 +0200
Labels:           app=nanomq
                  pod-template-hash=5bc8dfcb57
Annotations:      cni.projectcalico.org/containerID: 70e5c88eab39973debd9dc2a0385187cc7393bd7e3f06790adeb5230f218f21e
                  cni.projectcalico.org/podIP: <pod-ip>/32
                  cni.projectcalico.org/podIPs: <pod-ip>/32
                  kubectl.kubernetes.io/restartedAt: 2026-04-27T09:05:48+02:00
Status:           Running
IP:               <pod-ip>
IPs:
  IP:           <pod-ip>
Controlled By:  ReplicaSet/nanomq-5bc8dfcb57
Containers:
  nanomq:
    Container ID:   containerd://7c7e6cdaa74799483f2b8fe3791d9acf1fe12a1581c434933bdbc2611b18b761
    Image:          emqx/nanomq:0.21-slim
    Image ID:       docker.io/emqx/nanomq@sha256:53bea7acb547aced1cc45e08c514628f1e41c4da9ad544fd8c5fa96d3e9eb41b
    Ports:          1883/TCP (mqtt), 8081/TCP (http)
    Host Ports:     0/TCP (mqtt), 0/TCP (http)
    State:          Running
      Started:      Mon, 27 Apr 2026 09:05:50 +0200
    Ready:          True
    Restart Count:  0
    Limits:
      cpu:     1
      memory:  512Mi
    Requests:
      cpu:        50m
      memory:     64Mi
    Readiness:    tcp-socket :1883 delay=3s timeout=1s period=5s #success=1 #failure=3
    Environment:  <none>
    Mounts:
      /etc/nanomq.conf from config (rw,path="nanomq.conf")
      /var/run/secrets/kubernetes.io/serviceaccount from kube-api-access-pklwl (ro)
Conditions:
  Type                        Status
  PodReadyToStartContainers   True 
  Initialized                 True 
  Ready                       True 
  ContainersReady             True 
  PodScheduled                True 
Volumes:
  config:
    Type:      ConfigMap (a volume populated by a ConfigMap)
    Name:      nanomq-config
    Optional:  false
  kube-api-access-pklwl:
    Type:                    Projected (a volume that contains injected data from multiple sources)
    TokenExpirationSeconds:  3607
    ConfigMapName:           kube-root-ca.crt
    Optional:                false
    DownwardAPI:             true
QoS Class:                   Burstable
Node-Selectors:              <none>
Tolerations:                 node.kubernetes.io/not-ready:NoExecute op=Exists for 300s
                             node.kubernetes.io/unreachable:NoExecute op=Exists for 300s
Events:
  Type    Reason     Age    From               Message
  ----    ------     ----   ----               -------
  Normal  Scheduled  2m29s  default-scheduler  Successfully assigned nanomq-only/nanomq-5bc8dfcb57-wch2b to <pi-host>
  Normal  Pulled     2m29s  kubelet            spec.containers{nanomq}: Container image "emqx/nanomq:0.21-slim" already present on machine
  Normal  Created    2m29s  kubelet            spec.containers{nanomq}: Created container: nanomq
  Normal  Started    2m28s  kubelet            spec.containers{nanomq}: Started container nanomq


Name:             postgres-0
Namespace:        nanomq-only
Priority:         0
Service Account:  default
Node:             <pi-host>/<pi-ip>
Start Time:       Mon, 27 Apr 2026 08:38:05 +0200
Labels:           app=postgres
                  apps.kubernetes.io/pod-index=0
                  controller-revision-hash=postgres-d5f747749
                  statefulset.kubernetes.io/pod-name=postgres-0
Annotations:      cni.projectcalico.org/containerID: 265f5d1ee08a93e45e09bddf04e4d5ed6a74027de57cb8908d42fab638668a65
                  cni.projectcalico.org/podIP: <pod-ip>/32
                  cni.projectcalico.org/podIPs: <pod-ip>/32
Status:           Running
IP:               <pod-ip>
IPs:
  IP:           <pod-ip>
Controlled By:  StatefulSet/postgres
Containers:
  postgres:
    Container ID:   containerd://7659a9c0521dec254a51e8f6cb38e0e82fe9f11f08615b9a8169668cb29079f0
    Image:          postgres:17-alpine
    Image ID:       docker.io/library/postgres@sha256:778d0b486d6daa02b77434d0358ec57a1b21fd8b6d22ac2eef56a33e816928f6
    Port:           5432/TCP
    Host Port:      0/TCP
    State:          Running
      Started:      Mon, 27 Apr 2026 08:38:05 +0200
    Ready:          True
    Restart Count:  0
    Limits:
      cpu:     1500m
      memory:  1536Mi
    Requests:
      cpu:      100m
      memory:   256Mi
    Readiness:  exec [pg_isready -U postgres] delay=5s timeout=1s period=5s #success=1 #failure=3
    Environment:
      POSTGRES_DB:        postgres
      POSTGRES_USER:      postgres
      POSTGRES_PASSWORD:  <set to the key 'postgres-superuser-password' in secret 'hermod-secrets'>  Optional: false
    Mounts:
      /var/lib/postgresql/data from data (rw)
      /var/run/secrets/kubernetes.io/serviceaccount from kube-api-access-nbwj7 (ro)
Conditions:
  Type                        Status
  PodReadyToStartContainers   True 
  Initialized                 True 
  Ready                       True 
  ContainersReady             True 
  PodScheduled                True 
Volumes:
  data:
    Type:       PersistentVolumeClaim (a reference to a PersistentVolumeClaim in the same namespace)
    ClaimName:  data-postgres-0
    ReadOnly:   false
  kube-api-access-nbwj7:
    Type:                    Projected (a volume that contains injected data from multiple sources)
    TokenExpirationSeconds:  3607
    ConfigMapName:           kube-root-ca.crt
    Optional:                false
    DownwardAPI:             true
QoS Class:                   Burstable
Node-Selectors:              <none>
Tolerations:                 node.kubernetes.io/not-ready:NoExecute op=Exists for 300s
                             node.kubernetes.io/unreachable:NoExecute op=Exists for 300s
Events:                      <none>

=== ts=1777273709 ===
Name:             nanomq-5bc8dfcb57-wch2b
Namespace:        nanomq-only
Priority:         0
Service Account:  default
Node:             <pi-host>/<pi-ip>
Start Time:       Mon, 27 Apr 2026 09:05:49 +0200
Labels:           app=nanomq
                  pod-template-hash=5bc8dfcb57
Annotations:      cni.projectcalico.org/containerID: 70e5c88eab39973debd9dc2a0385187cc7393bd7e3f06790adeb5230f218f21e
                  cni.projectcalico.org/podIP: <pod-ip>/32
                  cni.projectcalico.org/podIPs: <pod-ip>/32
                  kubectl.kubernetes.io/restartedAt: 2026-04-27T09:05:48+02:00
Status:           Running
IP:               <pod-ip>
IPs:
  IP:           <pod-ip>
Controlled By:  ReplicaSet/nanomq-5bc8dfcb57
Containers:
  nanomq:
    Container ID:   containerd://7c7e6cdaa74799483f2b8fe3791d9acf1fe12a1581c434933bdbc2611b18b761
    Image:          emqx/nanomq:0.21-slim
    Image ID:       docker.io/emqx/nanomq@sha256:53bea7acb547aced1cc45e08c514628f1e41c4da9ad544fd8c5fa96d3e9eb41b
    Ports:          1883/TCP (mqtt), 8081/TCP (http)
    Host Ports:     0/TCP (mqtt), 0/TCP (http)
    State:          Running
      Started:      Mon, 27 Apr 2026 09:05:50 +0200
    Ready:          True
    Restart Count:  0
    Limits:
      cpu:     1
      memory:  512Mi
    Requests:
      cpu:        50m
      memory:     64Mi
    Readiness:    tcp-socket :1883 delay=3s timeout=1s period=5s #success=1 #failure=3
    Environment:  <none>
    Mounts:
      /etc/nanomq.conf from config (rw,path="nanomq.conf")
      /var/run/secrets/kubernetes.io/serviceaccount from kube-api-access-pklwl (ro)
Conditions:
  Type                        Status
  PodReadyToStartContainers   True 
  Initialized                 True 
  Ready                       True 
  ContainersReady             True 
  PodScheduled                True 
Volumes:
  config:
    Type:      ConfigMap (a volume populated by a ConfigMap)
    Name:      nanomq-config
    Optional:  false
  kube-api-access-pklwl:
    Type:                    Projected (a volume that contains injected data from multiple sources)
    TokenExpirationSeconds:  3607
    ConfigMapName:           kube-root-ca.crt
    Optional:                false
    DownwardAPI:             true
QoS Class:                   Burstable
Node-Selectors:              <none>
Tolerations:                 node.kubernetes.io/not-ready:NoExecute op=Exists for 300s
                             node.kubernetes.io/unreachable:NoExecute op=Exists for 300s
Events:
  Type    Reason     Age    From               Message
  ----    ------     ----   ----               -------
  Normal  Scheduled  2m40s  default-scheduler  Successfully assigned nanomq-only/nanomq-5bc8dfcb57-wch2b to <pi-host>
  Normal  Pulled     2m40s  kubelet            spec.containers{nanomq}: Container image "emqx/nanomq:0.21-slim" already present on machine
  Normal  Created    2m40s  kubelet            spec.containers{nanomq}: Created container: nanomq
  Normal  Started    2m39s  kubelet            spec.containers{nanomq}: Started container nanomq


Name:             postgres-0
Namespace:        nanomq-only
Priority:         0
Service Account:  default
Node:             <pi-host>/<pi-ip>
Start Time:       Mon, 27 Apr 2026 08:38:05 +0200
Labels:           app=postgres
                  apps.kubernetes.io/pod-index=0
                  controller-revision-hash=postgres-d5f747749
                  statefulset.kubernetes.io/pod-name=postgres-0
Annotations:      cni.projectcalico.org/containerID: 265f5d1ee08a93e45e09bddf04e4d5ed6a74027de57cb8908d42fab638668a65
                  cni.projectcalico.org/podIP: <pod-ip>/32
                  cni.projectcalico.org/podIPs: <pod-ip>/32
Status:           Running
IP:               <pod-ip>
IPs:
  IP:           <pod-ip>
Controlled By:  StatefulSet/postgres
Containers:
  postgres:
    Container ID:   containerd://7659a9c0521dec254a51e8f6cb38e0e82fe9f11f08615b9a8169668cb29079f0
    Image:          postgres:17-alpine
    Image ID:       docker.io/library/postgres@sha256:778d0b486d6daa02b77434d0358ec57a1b21fd8b6d22ac2eef56a33e816928f6
    Port:           5432/TCP
    Host Port:      0/TCP
    State:          Running
      Started:      Mon, 27 Apr 2026 08:38:05 +0200
    Ready:          True
    Restart Count:  0
    Limits:
      cpu:     1500m
      memory:  1536Mi
    Requests:
      cpu:      100m
      memory:   256Mi
    Readiness:  exec [pg_isready -U postgres] delay=5s timeout=1s period=5s #success=1 #failure=3
    Environment:
      POSTGRES_DB:        postgres
      POSTGRES_USER:      postgres
      POSTGRES_PASSWORD:  <set to the key 'postgres-superuser-password' in secret 'hermod-secrets'>  Optional: false
    Mounts:
      /var/lib/postgresql/data from data (rw)
      /var/run/secrets/kubernetes.io/serviceaccount from kube-api-access-nbwj7 (ro)
Conditions:
  Type                        Status
  PodReadyToStartContainers   True 
  Initialized                 True 
  Ready                       True 
  ContainersReady             True 
  PodScheduled                True 
Volumes:
  data:
    Type:       PersistentVolumeClaim (a reference to a PersistentVolumeClaim in the same namespace)
    ClaimName:  data-postgres-0
    ReadOnly:   false
  kube-api-access-nbwj7:
    Type:                    Projected (a volume that contains injected data from multiple sources)
    TokenExpirationSeconds:  3607
    ConfigMapName:           kube-root-ca.crt
    Optional:                false
    DownwardAPI:             true
QoS Class:                   Burstable
Node-Selectors:              <none>
Tolerations:                 node.kubernetes.io/not-ready:NoExecute op=Exists for 300s
                             node.kubernetes.io/unreachable:NoExecute op=Exists for 300s
Events:                      <none>

=== ts=1777273720 ===
Name:             nanomq-5bc8dfcb57-wch2b
Namespace:        nanomq-only
Priority:         0
Service Account:  default
Node:             <pi-host>/<pi-ip>
Start Time:       Mon, 27 Apr 2026 09:05:49 +0200
Labels:           app=nanomq
                  pod-template-hash=5bc8dfcb57
Annotations:      cni.projectcalico.org/containerID: 70e5c88eab39973debd9dc2a0385187cc7393bd7e3f06790adeb5230f218f21e
                  cni.projectcalico.org/podIP: <pod-ip>/32
                  cni.projectcalico.org/podIPs: <pod-ip>/32
                  kubectl.kubernetes.io/restartedAt: 2026-04-27T09:05:48+02:00
Status:           Running
IP:               <pod-ip>
IPs:
  IP:           <pod-ip>
Controlled By:  ReplicaSet/nanomq-5bc8dfcb57
Containers:
  nanomq:
    Container ID:   containerd://7c7e6cdaa74799483f2b8fe3791d9acf1fe12a1581c434933bdbc2611b18b761
    Image:          emqx/nanomq:0.21-slim
    Image ID:       docker.io/emqx/nanomq@sha256:53bea7acb547aced1cc45e08c514628f1e41c4da9ad544fd8c5fa96d3e9eb41b
    Ports:          1883/TCP (mqtt), 8081/TCP (http)
    Host Ports:     0/TCP (mqtt), 0/TCP (http)
    State:          Running
      Started:      Mon, 27 Apr 2026 09:05:50 +0200
    Ready:          True
    Restart Count:  0
    Limits:
      cpu:     1
      memory:  512Mi
    Requests:
      cpu:        50m
      memory:     64Mi
    Readiness:    tcp-socket :1883 delay=3s timeout=1s period=5s #success=1 #failure=3
    Environment:  <none>
    Mounts:
      /etc/nanomq.conf from config (rw,path="nanomq.conf")
      /var/run/secrets/kubernetes.io/serviceaccount from kube-api-access-pklwl (ro)
Conditions:
  Type                        Status
  PodReadyToStartContainers   True 
  Initialized                 True 
  Ready                       True 
  ContainersReady             True 
  PodScheduled                True 
Volumes:
  config:
    Type:      ConfigMap (a volume populated by a ConfigMap)
    Name:      nanomq-config
    Optional:  false
  kube-api-access-pklwl:
    Type:                    Projected (a volume that contains injected data from multiple sources)
    TokenExpirationSeconds:  3607
    ConfigMapName:           kube-root-ca.crt
    Optional:                false
    DownwardAPI:             true
QoS Class:                   Burstable
Node-Selectors:              <none>
Tolerations:                 node.kubernetes.io/not-ready:NoExecute op=Exists for 300s
                             node.kubernetes.io/unreachable:NoExecute op=Exists for 300s
Events:
  Type    Reason     Age    From               Message
  ----    ------     ----   ----               -------
  Normal  Scheduled  2m50s  default-scheduler  Successfully assigned nanomq-only/nanomq-5bc8dfcb57-wch2b to <pi-host>
  Normal  Pulled     2m51s  kubelet            spec.containers{nanomq}: Container image "emqx/nanomq:0.21-slim" already present on machine
  Normal  Created    2m51s  kubelet            spec.containers{nanomq}: Created container: nanomq
  Normal  Started    2m50s  kubelet            spec.containers{nanomq}: Started container nanomq


Name:             postgres-0
Namespace:        nanomq-only
Priority:         0
Service Account:  default
Node:             <pi-host>/<pi-ip>
Start Time:       Mon, 27 Apr 2026 08:38:05 +0200
Labels:           app=postgres
                  apps.kubernetes.io/pod-index=0
                  controller-revision-hash=postgres-d5f747749
                  statefulset.kubernetes.io/pod-name=postgres-0
Annotations:      cni.projectcalico.org/containerID: 265f5d1ee08a93e45e09bddf04e4d5ed6a74027de57cb8908d42fab638668a65
                  cni.projectcalico.org/podIP: <pod-ip>/32
                  cni.projectcalico.org/podIPs: <pod-ip>/32
Status:           Running
IP:               <pod-ip>
IPs:
  IP:           <pod-ip>
Controlled By:  StatefulSet/postgres
Containers:
  postgres:
    Container ID:   containerd://7659a9c0521dec254a51e8f6cb38e0e82fe9f11f08615b9a8169668cb29079f0
    Image:          postgres:17-alpine
    Image ID:       docker.io/library/postgres@sha256:778d0b486d6daa02b77434d0358ec57a1b21fd8b6d22ac2eef56a33e816928f6
    Port:           5432/TCP
    Host Port:      0/TCP
    State:          Running
      Started:      Mon, 27 Apr 2026 08:38:05 +0200
    Ready:          True
    Restart Count:  0
    Limits:
      cpu:     1500m
      memory:  1536Mi
    Requests:
      cpu:      100m
      memory:   256Mi
    Readiness:  exec [pg_isready -U postgres] delay=5s timeout=1s period=5s #success=1 #failure=3
    Environment:
      POSTGRES_DB:        postgres
      POSTGRES_USER:      postgres
      POSTGRES_PASSWORD:  <set to the key 'postgres-superuser-password' in secret 'hermod-secrets'>  Optional: false
    Mounts:
      /var/lib/postgresql/data from data (rw)
      /var/run/secrets/kubernetes.io/serviceaccount from kube-api-access-nbwj7 (ro)
Conditions:
  Type                        Status
  PodReadyToStartContainers   True 
  Initialized                 True 
  Ready                       True 
  ContainersReady             True 
  PodScheduled                True 
Volumes:
  data:
    Type:       PersistentVolumeClaim (a reference to a PersistentVolumeClaim in the same namespace)
    ClaimName:  data-postgres-0
    ReadOnly:   false
  kube-api-access-nbwj7:
    Type:                    Projected (a volume that contains injected data from multiple sources)
    TokenExpirationSeconds:  3607
    ConfigMapName:           kube-root-ca.crt
    Optional:                false
    DownwardAPI:             true
QoS Class:                   Burstable
Node-Selectors:              <none>
Tolerations:                 node.kubernetes.io/not-ready:NoExecute op=Exists for 300s
                             node.kubernetes.io/unreachable:NoExecute op=Exists for 300s
Events:                      <none>

=== ts=1777273730 ===
Name:             nanomq-5bc8dfcb57-wch2b
Namespace:        nanomq-only
Priority:         0
Service Account:  default
Node:             <pi-host>/<pi-ip>
Start Time:       Mon, 27 Apr 2026 09:05:49 +0200
Labels:           app=nanomq
                  pod-template-hash=5bc8dfcb57
Annotations:      cni.projectcalico.org/containerID: 70e5c88eab39973debd9dc2a0385187cc7393bd7e3f06790adeb5230f218f21e
                  cni.projectcalico.org/podIP: <pod-ip>/32
                  cni.projectcalico.org/podIPs: <pod-ip>/32
                  kubectl.kubernetes.io/restartedAt: 2026-04-27T09:05:48+02:00
Status:           Running
IP:               <pod-ip>
IPs:
  IP:           <pod-ip>
Controlled By:  ReplicaSet/nanomq-5bc8dfcb57
Containers:
  nanomq:
    Container ID:   containerd://7c7e6cdaa74799483f2b8fe3791d9acf1fe12a1581c434933bdbc2611b18b761
    Image:          emqx/nanomq:0.21-slim
    Image ID:       docker.io/emqx/nanomq@sha256:53bea7acb547aced1cc45e08c514628f1e41c4da9ad544fd8c5fa96d3e9eb41b
    Ports:          1883/TCP (mqtt), 8081/TCP (http)
    Host Ports:     0/TCP (mqtt), 0/TCP (http)
    State:          Running
      Started:      Mon, 27 Apr 2026 09:05:50 +0200
    Ready:          True
    Restart Count:  0
    Limits:
      cpu:     1
      memory:  512Mi
    Requests:
      cpu:        50m
      memory:     64Mi
    Readiness:    tcp-socket :1883 delay=3s timeout=1s period=5s #success=1 #failure=3
    Environment:  <none>
    Mounts:
      /etc/nanomq.conf from config (rw,path="nanomq.conf")
      /var/run/secrets/kubernetes.io/serviceaccount from kube-api-access-pklwl (ro)
Conditions:
  Type                        Status
  PodReadyToStartContainers   True 
  Initialized                 True 
  Ready                       True 
  ContainersReady             True 
  PodScheduled                True 
Volumes:
  config:
    Type:      ConfigMap (a volume populated by a ConfigMap)
    Name:      nanomq-config
    Optional:  false
  kube-api-access-pklwl:
    Type:                    Projected (a volume that contains injected data from multiple sources)
    TokenExpirationSeconds:  3607
    ConfigMapName:           kube-root-ca.crt
    Optional:                false
    DownwardAPI:             true
QoS Class:                   Burstable
Node-Selectors:              <none>
Tolerations:                 node.kubernetes.io/not-ready:NoExecute op=Exists for 300s
                             node.kubernetes.io/unreachable:NoExecute op=Exists for 300s
Events:
  Type    Reason     Age   From               Message
  ----    ------     ----  ----               -------
  Normal  Scheduled  3m1s  default-scheduler  Successfully assigned nanomq-only/nanomq-5bc8dfcb57-wch2b to <pi-host>
  Normal  Pulled     3m1s  kubelet            spec.containers{nanomq}: Container image "emqx/nanomq:0.21-slim" already present on machine
  Normal  Created    3m1s  kubelet            spec.containers{nanomq}: Created container: nanomq
  Normal  Started    3m    kubelet            spec.containers{nanomq}: Started container nanomq


Name:             postgres-0
Namespace:        nanomq-only
Priority:         0
Service Account:  default
Node:             <pi-host>/<pi-ip>
Start Time:       Mon, 27 Apr 2026 08:38:05 +0200
Labels:           app=postgres
                  apps.kubernetes.io/pod-index=0
                  controller-revision-hash=postgres-d5f747749
                  statefulset.kubernetes.io/pod-name=postgres-0
Annotations:      cni.projectcalico.org/containerID: 265f5d1ee08a93e45e09bddf04e4d5ed6a74027de57cb8908d42fab638668a65
                  cni.projectcalico.org/podIP: <pod-ip>/32
                  cni.projectcalico.org/podIPs: <pod-ip>/32
Status:           Running
IP:               <pod-ip>
IPs:
  IP:           <pod-ip>
Controlled By:  StatefulSet/postgres
Containers:
  postgres:
    Container ID:   containerd://7659a9c0521dec254a51e8f6cb38e0e82fe9f11f08615b9a8169668cb29079f0
    Image:          postgres:17-alpine
    Image ID:       docker.io/library/postgres@sha256:778d0b486d6daa02b77434d0358ec57a1b21fd8b6d22ac2eef56a33e816928f6
    Port:           5432/TCP
    Host Port:      0/TCP
    State:          Running
      Started:      Mon, 27 Apr 2026 08:38:05 +0200
    Ready:          True
    Restart Count:  0
    Limits:
      cpu:     1500m
      memory:  1536Mi
    Requests:
      cpu:      100m
      memory:   256Mi
    Readiness:  exec [pg_isready -U postgres] delay=5s timeout=1s period=5s #success=1 #failure=3
    Environment:
      POSTGRES_DB:        postgres
      POSTGRES_USER:      postgres
      POSTGRES_PASSWORD:  <set to the key 'postgres-superuser-password' in secret 'hermod-secrets'>  Optional: false
    Mounts:
      /var/lib/postgresql/data from data (rw)
      /var/run/secrets/kubernetes.io/serviceaccount from kube-api-access-nbwj7 (ro)
Conditions:
  Type                        Status
  PodReadyToStartContainers   True 
  Initialized                 True 
  Ready                       True 
  ContainersReady             True 
  PodScheduled                True 
Volumes:
  data:
    Type:       PersistentVolumeClaim (a reference to a PersistentVolumeClaim in the same namespace)
    ClaimName:  data-postgres-0
    ReadOnly:   false
  kube-api-access-nbwj7:
    Type:                    Projected (a volume that contains injected data from multiple sources)
    TokenExpirationSeconds:  3607
    ConfigMapName:           kube-root-ca.crt
    Optional:                false
    DownwardAPI:             true
QoS Class:                   Burstable
Node-Selectors:              <none>
Tolerations:                 node.kubernetes.io/not-ready:NoExecute op=Exists for 300s
                             node.kubernetes.io/unreachable:NoExecute op=Exists for 300s
Events:                      <none>

=== ts=1777273741 ===
Name:             nanomq-5bc8dfcb57-wch2b
Namespace:        nanomq-only
Priority:         0
Service Account:  default
Node:             <pi-host>/<pi-ip>
Start Time:       Mon, 27 Apr 2026 09:05:49 +0200
Labels:           app=nanomq
                  pod-template-hash=5bc8dfcb57
Annotations:      cni.projectcalico.org/containerID: 70e5c88eab39973debd9dc2a0385187cc7393bd7e3f06790adeb5230f218f21e
                  cni.projectcalico.org/podIP: <pod-ip>/32
                  cni.projectcalico.org/podIPs: <pod-ip>/32
                  kubectl.kubernetes.io/restartedAt: 2026-04-27T09:05:48+02:00
Status:           Running
IP:               <pod-ip>
IPs:
  IP:           <pod-ip>
Controlled By:  ReplicaSet/nanomq-5bc8dfcb57
Containers:
  nanomq:
    Container ID:   containerd://7c7e6cdaa74799483f2b8fe3791d9acf1fe12a1581c434933bdbc2611b18b761
    Image:          emqx/nanomq:0.21-slim
    Image ID:       docker.io/emqx/nanomq@sha256:53bea7acb547aced1cc45e08c514628f1e41c4da9ad544fd8c5fa96d3e9eb41b
    Ports:          1883/TCP (mqtt), 8081/TCP (http)
    Host Ports:     0/TCP (mqtt), 0/TCP (http)
    State:          Running
      Started:      Mon, 27 Apr 2026 09:05:50 +0200
    Ready:          True
    Restart Count:  0
    Limits:
      cpu:     1
      memory:  512Mi
    Requests:
      cpu:        50m
      memory:     64Mi
    Readiness:    tcp-socket :1883 delay=3s timeout=1s period=5s #success=1 #failure=3
    Environment:  <none>
    Mounts:
      /etc/nanomq.conf from config (rw,path="nanomq.conf")
      /var/run/secrets/kubernetes.io/serviceaccount from kube-api-access-pklwl (ro)
Conditions:
  Type                        Status
  PodReadyToStartContainers   True 
  Initialized                 True 
  Ready                       True 
  ContainersReady             True 
  PodScheduled                True 
Volumes:
  config:
    Type:      ConfigMap (a volume populated by a ConfigMap)
    Name:      nanomq-config
    Optional:  false
  kube-api-access-pklwl:
    Type:                    Projected (a volume that contains injected data from multiple sources)
    TokenExpirationSeconds:  3607
    ConfigMapName:           kube-root-ca.crt
    Optional:                false
    DownwardAPI:             true
QoS Class:                   Burstable
Node-Selectors:              <none>
Tolerations:                 node.kubernetes.io/not-ready:NoExecute op=Exists for 300s
                             node.kubernetes.io/unreachable:NoExecute op=Exists for 300s
Events:
  Type    Reason     Age    From               Message
  ----    ------     ----   ----               -------
  Normal  Scheduled  3m12s  default-scheduler  Successfully assigned nanomq-only/nanomq-5bc8dfcb57-wch2b to <pi-host>
  Normal  Pulled     3m12s  kubelet            spec.containers{nanomq}: Container image "emqx/nanomq:0.21-slim" already present on machine
  Normal  Created    3m12s  kubelet            spec.containers{nanomq}: Created container: nanomq
  Normal  Started    3m11s  kubelet            spec.containers{nanomq}: Started container nanomq


Name:             postgres-0
Namespace:        nanomq-only
Priority:         0
Service Account:  default
Node:             <pi-host>/<pi-ip>
Start Time:       Mon, 27 Apr 2026 08:38:05 +0200
Labels:           app=postgres
                  apps.kubernetes.io/pod-index=0
                  controller-revision-hash=postgres-d5f747749
                  statefulset.kubernetes.io/pod-name=postgres-0
Annotations:      cni.projectcalico.org/containerID: 265f5d1ee08a93e45e09bddf04e4d5ed6a74027de57cb8908d42fab638668a65
                  cni.projectcalico.org/podIP: <pod-ip>/32
                  cni.projectcalico.org/podIPs: <pod-ip>/32
Status:           Running
IP:               <pod-ip>
IPs:
  IP:           <pod-ip>
Controlled By:  StatefulSet/postgres
Containers:
  postgres:
    Container ID:   containerd://7659a9c0521dec254a51e8f6cb38e0e82fe9f11f08615b9a8169668cb29079f0
    Image:          postgres:17-alpine
    Image ID:       docker.io/library/postgres@sha256:778d0b486d6daa02b77434d0358ec57a1b21fd8b6d22ac2eef56a33e816928f6
    Port:           5432/TCP
    Host Port:      0/TCP
    State:          Running
      Started:      Mon, 27 Apr 2026 08:38:05 +0200
    Ready:          True
    Restart Count:  0
    Limits:
      cpu:     1500m
      memory:  1536Mi
    Requests:
      cpu:      100m
      memory:   256Mi
    Readiness:  exec [pg_isready -U postgres] delay=5s timeout=1s period=5s #success=1 #failure=3
    Environment:
      POSTGRES_DB:        postgres
      POSTGRES_USER:      postgres
      POSTGRES_PASSWORD:  <set to the key 'postgres-superuser-password' in secret 'hermod-secrets'>  Optional: false
    Mounts:
      /var/lib/postgresql/data from data (rw)
      /var/run/secrets/kubernetes.io/serviceaccount from kube-api-access-nbwj7 (ro)
Conditions:
  Type                        Status
  PodReadyToStartContainers   True 
  Initialized                 True 
  Ready                       True 
  ContainersReady             True 
  PodScheduled                True 
Volumes:
  data:
    Type:       PersistentVolumeClaim (a reference to a PersistentVolumeClaim in the same namespace)
    ClaimName:  data-postgres-0
    ReadOnly:   false
  kube-api-access-nbwj7:
    Type:                    Projected (a volume that contains injected data from multiple sources)
    TokenExpirationSeconds:  3607
    ConfigMapName:           kube-root-ca.crt
    Optional:                false
    DownwardAPI:             true
QoS Class:                   Burstable
Node-Selectors:              <none>
Tolerations:                 node.kubernetes.io/not-ready:NoExecute op=Exists for 300s
                             node.kubernetes.io/unreachable:NoExecute op=Exists for 300s
Events:                      <none>

=== ts=1777273752 ===
Name:             nanomq-5bc8dfcb57-wch2b
Namespace:        nanomq-only
Priority:         0
Service Account:  default
Node:             <pi-host>/<pi-ip>
Start Time:       Mon, 27 Apr 2026 09:05:49 +0200
Labels:           app=nanomq
                  pod-template-hash=5bc8dfcb57
Annotations:      cni.projectcalico.org/containerID: 70e5c88eab39973debd9dc2a0385187cc7393bd7e3f06790adeb5230f218f21e
                  cni.projectcalico.org/podIP: <pod-ip>/32
                  cni.projectcalico.org/podIPs: <pod-ip>/32
                  kubectl.kubernetes.io/restartedAt: 2026-04-27T09:05:48+02:00
Status:           Running
IP:               <pod-ip>
IPs:
  IP:           <pod-ip>
Controlled By:  ReplicaSet/nanomq-5bc8dfcb57
Containers:
  nanomq:
    Container ID:   containerd://7c7e6cdaa74799483f2b8fe3791d9acf1fe12a1581c434933bdbc2611b18b761
    Image:          emqx/nanomq:0.21-slim
    Image ID:       docker.io/emqx/nanomq@sha256:53bea7acb547aced1cc45e08c514628f1e41c4da9ad544fd8c5fa96d3e9eb41b
    Ports:          1883/TCP (mqtt), 8081/TCP (http)
    Host Ports:     0/TCP (mqtt), 0/TCP (http)
    State:          Running
      Started:      Mon, 27 Apr 2026 09:05:50 +0200
    Ready:          True
    Restart Count:  0
    Limits:
      cpu:     1
      memory:  512Mi
    Requests:
      cpu:        50m
      memory:     64Mi
    Readiness:    tcp-socket :1883 delay=3s timeout=1s period=5s #success=1 #failure=3
    Environment:  <none>
    Mounts:
      /etc/nanomq.conf from config (rw,path="nanomq.conf")
      /var/run/secrets/kubernetes.io/serviceaccount from kube-api-access-pklwl (ro)
Conditions:
  Type                        Status
  PodReadyToStartContainers   True 
  Initialized                 True 
  Ready                       True 
  ContainersReady             True 
  PodScheduled                True 
Volumes:
  config:
    Type:      ConfigMap (a volume populated by a ConfigMap)
    Name:      nanomq-config
    Optional:  false
  kube-api-access-pklwl:
    Type:                    Projected (a volume that contains injected data from multiple sources)
    TokenExpirationSeconds:  3607
    ConfigMapName:           kube-root-ca.crt
    Optional:                false
    DownwardAPI:             true
QoS Class:                   Burstable
Node-Selectors:              <none>
Tolerations:                 node.kubernetes.io/not-ready:NoExecute op=Exists for 300s
                             node.kubernetes.io/unreachable:NoExecute op=Exists for 300s
Events:
  Type    Reason     Age    From               Message
  ----    ------     ----   ----               -------
  Normal  Scheduled  3m23s  default-scheduler  Successfully assigned nanomq-only/nanomq-5bc8dfcb57-wch2b to <pi-host>
  Normal  Pulled     3m23s  kubelet            spec.containers{nanomq}: Container image "emqx/nanomq:0.21-slim" already present on machine
  Normal  Created    3m23s  kubelet            spec.containers{nanomq}: Created container: nanomq
  Normal  Started    3m22s  kubelet            spec.containers{nanomq}: Started container nanomq


Name:             postgres-0
Namespace:        nanomq-only
Priority:         0
Service Account:  default
Node:             <pi-host>/<pi-ip>
Start Time:       Mon, 27 Apr 2026 08:38:05 +0200
Labels:           app=postgres
                  apps.kubernetes.io/pod-index=0
                  controller-revision-hash=postgres-d5f747749
                  statefulset.kubernetes.io/pod-name=postgres-0
Annotations:      cni.projectcalico.org/containerID: 265f5d1ee08a93e45e09bddf04e4d5ed6a74027de57cb8908d42fab638668a65
                  cni.projectcalico.org/podIP: <pod-ip>/32
                  cni.projectcalico.org/podIPs: <pod-ip>/32
Status:           Running
IP:               <pod-ip>
IPs:
  IP:           <pod-ip>
Controlled By:  StatefulSet/postgres
Containers:
  postgres:
    Container ID:   containerd://7659a9c0521dec254a51e8f6cb38e0e82fe9f11f08615b9a8169668cb29079f0
    Image:          postgres:17-alpine
    Image ID:       docker.io/library/postgres@sha256:778d0b486d6daa02b77434d0358ec57a1b21fd8b6d22ac2eef56a33e816928f6
    Port:           5432/TCP
    Host Port:      0/TCP
    State:          Running
      Started:      Mon, 27 Apr 2026 08:38:05 +0200
    Ready:          True
    Restart Count:  0
    Limits:
      cpu:     1500m
      memory:  1536Mi
    Requests:
      cpu:      100m
      memory:   256Mi
    Readiness:  exec [pg_isready -U postgres] delay=5s timeout=1s period=5s #success=1 #failure=3
    Environment:
      POSTGRES_DB:        postgres
      POSTGRES_USER:      postgres
      POSTGRES_PASSWORD:  <set to the key 'postgres-superuser-password' in secret 'hermod-secrets'>  Optional: false
    Mounts:
      /var/lib/postgresql/data from data (rw)
      /var/run/secrets/kubernetes.io/serviceaccount from kube-api-access-nbwj7 (ro)
Conditions:
  Type                        Status
  PodReadyToStartContainers   True 
  Initialized                 True 
  Ready                       True 
  ContainersReady             True 
  PodScheduled                True 
Volumes:
  data:
    Type:       PersistentVolumeClaim (a reference to a PersistentVolumeClaim in the same namespace)
    ClaimName:  data-postgres-0
    ReadOnly:   false
  kube-api-access-nbwj7:
    Type:                    Projected (a volume that contains injected data from multiple sources)
    TokenExpirationSeconds:  3607
    ConfigMapName:           kube-root-ca.crt
    Optional:                false
    DownwardAPI:             true
QoS Class:                   Burstable
Node-Selectors:              <none>
Tolerations:                 node.kubernetes.io/not-ready:NoExecute op=Exists for 300s
                             node.kubernetes.io/unreachable:NoExecute op=Exists for 300s
Events:                      <none>

=== ts=1777273763 ===
Name:             nanomq-5bc8dfcb57-wch2b
Namespace:        nanomq-only
Priority:         0
Service Account:  default
Node:             <pi-host>/<pi-ip>
Start Time:       Mon, 27 Apr 2026 09:05:49 +0200
Labels:           app=nanomq
                  pod-template-hash=5bc8dfcb57
Annotations:      cni.projectcalico.org/containerID: 70e5c88eab39973debd9dc2a0385187cc7393bd7e3f06790adeb5230f218f21e
                  cni.projectcalico.org/podIP: <pod-ip>/32
                  cni.projectcalico.org/podIPs: <pod-ip>/32
                  kubectl.kubernetes.io/restartedAt: 2026-04-27T09:05:48+02:00
Status:           Running
IP:               <pod-ip>
IPs:
  IP:           <pod-ip>
Controlled By:  ReplicaSet/nanomq-5bc8dfcb57
Containers:
  nanomq:
    Container ID:   containerd://7c7e6cdaa74799483f2b8fe3791d9acf1fe12a1581c434933bdbc2611b18b761
    Image:          emqx/nanomq:0.21-slim
    Image ID:       docker.io/emqx/nanomq@sha256:53bea7acb547aced1cc45e08c514628f1e41c4da9ad544fd8c5fa96d3e9eb41b
    Ports:          1883/TCP (mqtt), 8081/TCP (http)
    Host Ports:     0/TCP (mqtt), 0/TCP (http)
    State:          Running
      Started:      Mon, 27 Apr 2026 09:05:50 +0200
    Ready:          True
    Restart Count:  0
    Limits:
      cpu:     1
      memory:  512Mi
    Requests:
      cpu:        50m
      memory:     64Mi
    Readiness:    tcp-socket :1883 delay=3s timeout=1s period=5s #success=1 #failure=3
    Environment:  <none>
    Mounts:
      /etc/nanomq.conf from config (rw,path="nanomq.conf")
      /var/run/secrets/kubernetes.io/serviceaccount from kube-api-access-pklwl (ro)
Conditions:
  Type                        Status
  PodReadyToStartContainers   True 
  Initialized                 True 
  Ready                       True 
  ContainersReady             True 
  PodScheduled                True 
Volumes:
  config:
    Type:      ConfigMap (a volume populated by a ConfigMap)
    Name:      nanomq-config
    Optional:  false
  kube-api-access-pklwl:
    Type:                    Projected (a volume that contains injected data from multiple sources)
    TokenExpirationSeconds:  3607
    ConfigMapName:           kube-root-ca.crt
    Optional:                false
    DownwardAPI:             true
QoS Class:                   Burstable
Node-Selectors:              <none>
Tolerations:                 node.kubernetes.io/not-ready:NoExecute op=Exists for 300s
                             node.kubernetes.io/unreachable:NoExecute op=Exists for 300s
Events:
  Type    Reason     Age    From               Message
  ----    ------     ----   ----               -------
  Normal  Scheduled  3m34s  default-scheduler  Successfully assigned nanomq-only/nanomq-5bc8dfcb57-wch2b to <pi-host>
  Normal  Pulled     3m34s  kubelet            spec.containers{nanomq}: Container image "emqx/nanomq:0.21-slim" already present on machine
  Normal  Created    3m34s  kubelet            spec.containers{nanomq}: Created container: nanomq
  Normal  Started    3m33s  kubelet            spec.containers{nanomq}: Started container nanomq


Name:             postgres-0
Namespace:        nanomq-only
Priority:         0
Service Account:  default
Node:             <pi-host>/<pi-ip>
Start Time:       Mon, 27 Apr 2026 08:38:05 +0200
Labels:           app=postgres
                  apps.kubernetes.io/pod-index=0
                  controller-revision-hash=postgres-d5f747749
                  statefulset.kubernetes.io/pod-name=postgres-0
Annotations:      cni.projectcalico.org/containerID: 265f5d1ee08a93e45e09bddf04e4d5ed6a74027de57cb8908d42fab638668a65
                  cni.projectcalico.org/podIP: <pod-ip>/32
                  cni.projectcalico.org/podIPs: <pod-ip>/32
Status:           Running
IP:               <pod-ip>
IPs:
  IP:           <pod-ip>
Controlled By:  StatefulSet/postgres
Containers:
  postgres:
    Container ID:   containerd://7659a9c0521dec254a51e8f6cb38e0e82fe9f11f08615b9a8169668cb29079f0
    Image:          postgres:17-alpine
    Image ID:       docker.io/library/postgres@sha256:778d0b486d6daa02b77434d0358ec57a1b21fd8b6d22ac2eef56a33e816928f6
    Port:           5432/TCP
    Host Port:      0/TCP
    State:          Running
      Started:      Mon, 27 Apr 2026 08:38:05 +0200
    Ready:          True
    Restart Count:  0
    Limits:
      cpu:     1500m
      memory:  1536Mi
    Requests:
      cpu:      100m
      memory:   256Mi
    Readiness:  exec [pg_isready -U postgres] delay=5s timeout=1s period=5s #success=1 #failure=3
    Environment:
      POSTGRES_DB:        postgres
      POSTGRES_USER:      postgres
      POSTGRES_PASSWORD:  <set to the key 'postgres-superuser-password' in secret 'hermod-secrets'>  Optional: false
    Mounts:
      /var/lib/postgresql/data from data (rw)
      /var/run/secrets/kubernetes.io/serviceaccount from kube-api-access-nbwj7 (ro)
Conditions:
  Type                        Status
  PodReadyToStartContainers   True 
  Initialized                 True 
  Ready                       True 
  ContainersReady             True 
  PodScheduled                True 
Volumes:
  data:
    Type:       PersistentVolumeClaim (a reference to a PersistentVolumeClaim in the same namespace)
    ClaimName:  data-postgres-0
    ReadOnly:   false
  kube-api-access-nbwj7:
    Type:                    Projected (a volume that contains injected data from multiple sources)
    TokenExpirationSeconds:  3607
    ConfigMapName:           kube-root-ca.crt
    Optional:                false
    DownwardAPI:             true
QoS Class:                   Burstable
Node-Selectors:              <none>
Tolerations:                 node.kubernetes.io/not-ready:NoExecute op=Exists for 300s
                             node.kubernetes.io/unreachable:NoExecute op=Exists for 300s
Events:                      <none>

=== ts=1777273774 ===
Name:             nanomq-5bc8dfcb57-wch2b
Namespace:        nanomq-only
Priority:         0
Service Account:  default
Node:             <pi-host>/<pi-ip>
Start Time:       Mon, 27 Apr 2026 09:05:49 +0200
Labels:           app=nanomq
                  pod-template-hash=5bc8dfcb57
Annotations:      cni.projectcalico.org/containerID: 70e5c88eab39973debd9dc2a0385187cc7393bd7e3f06790adeb5230f218f21e
                  cni.projectcalico.org/podIP: <pod-ip>/32
                  cni.projectcalico.org/podIPs: <pod-ip>/32
                  kubectl.kubernetes.io/restartedAt: 2026-04-27T09:05:48+02:00
Status:           Running
IP:               <pod-ip>
IPs:
  IP:           <pod-ip>
Controlled By:  ReplicaSet/nanomq-5bc8dfcb57
Containers:
  nanomq:
    Container ID:   containerd://7c7e6cdaa74799483f2b8fe3791d9acf1fe12a1581c434933bdbc2611b18b761
    Image:          emqx/nanomq:0.21-slim
    Image ID:       docker.io/emqx/nanomq@sha256:53bea7acb547aced1cc45e08c514628f1e41c4da9ad544fd8c5fa96d3e9eb41b
    Ports:          1883/TCP (mqtt), 8081/TCP (http)
    Host Ports:     0/TCP (mqtt), 0/TCP (http)
    State:          Running
      Started:      Mon, 27 Apr 2026 09:05:50 +0200
    Ready:          True
    Restart Count:  0
    Limits:
      cpu:     1
      memory:  512Mi
    Requests:
      cpu:        50m
      memory:     64Mi
    Readiness:    tcp-socket :1883 delay=3s timeout=1s period=5s #success=1 #failure=3
    Environment:  <none>
    Mounts:
      /etc/nanomq.conf from config (rw,path="nanomq.conf")
      /var/run/secrets/kubernetes.io/serviceaccount from kube-api-access-pklwl (ro)
Conditions:
  Type                        Status
  PodReadyToStartContainers   True 
  Initialized                 True 
  Ready                       True 
  ContainersReady             True 
  PodScheduled                True 
Volumes:
  config:
    Type:      ConfigMap (a volume populated by a ConfigMap)
    Name:      nanomq-config
    Optional:  false
  kube-api-access-pklwl:
    Type:                    Projected (a volume that contains injected data from multiple sources)
    TokenExpirationSeconds:  3607
    ConfigMapName:           kube-root-ca.crt
    Optional:                false
    DownwardAPI:             true
QoS Class:                   Burstable
Node-Selectors:              <none>
Tolerations:                 node.kubernetes.io/not-ready:NoExecute op=Exists for 300s
                             node.kubernetes.io/unreachable:NoExecute op=Exists for 300s
Events:
  Type    Reason     Age    From               Message
  ----    ------     ----   ----               -------
  Normal  Scheduled  3m45s  default-scheduler  Successfully assigned nanomq-only/nanomq-5bc8dfcb57-wch2b to <pi-host>
  Normal  Pulled     3m45s  kubelet            spec.containers{nanomq}: Container image "emqx/nanomq:0.21-slim" already present on machine
  Normal  Created    3m45s  kubelet            spec.containers{nanomq}: Created container: nanomq
  Normal  Started    3m44s  kubelet            spec.containers{nanomq}: Started container nanomq


Name:             postgres-0
Namespace:        nanomq-only
Priority:         0
Service Account:  default
Node:             <pi-host>/<pi-ip>
Start Time:       Mon, 27 Apr 2026 08:38:05 +0200
Labels:           app=postgres
                  apps.kubernetes.io/pod-index=0
                  controller-revision-hash=postgres-d5f747749
                  statefulset.kubernetes.io/pod-name=postgres-0
Annotations:      cni.projectcalico.org/containerID: 265f5d1ee08a93e45e09bddf04e4d5ed6a74027de57cb8908d42fab638668a65
                  cni.projectcalico.org/podIP: <pod-ip>/32
                  cni.projectcalico.org/podIPs: <pod-ip>/32
Status:           Running
IP:               <pod-ip>
IPs:
  IP:           <pod-ip>
Controlled By:  StatefulSet/postgres
Containers:
  postgres:
    Container ID:   containerd://7659a9c0521dec254a51e8f6cb38e0e82fe9f11f08615b9a8169668cb29079f0
    Image:          postgres:17-alpine
    Image ID:       docker.io/library/postgres@sha256:778d0b486d6daa02b77434d0358ec57a1b21fd8b6d22ac2eef56a33e816928f6
    Port:           5432/TCP
    Host Port:      0/TCP
    State:          Running
      Started:      Mon, 27 Apr 2026 08:38:05 +0200
    Ready:          True
    Restart Count:  0
    Limits:
      cpu:     1500m
      memory:  1536Mi
    Requests:
      cpu:      100m
      memory:   256Mi
    Readiness:  exec [pg_isready -U postgres] delay=5s timeout=1s period=5s #success=1 #failure=3
    Environment:
      POSTGRES_DB:        postgres
      POSTGRES_USER:      postgres
      POSTGRES_PASSWORD:  <set to the key 'postgres-superuser-password' in secret 'hermod-secrets'>  Optional: false
    Mounts:
      /var/lib/postgresql/data from data (rw)
      /var/run/secrets/kubernetes.io/serviceaccount from kube-api-access-nbwj7 (ro)
Conditions:
  Type                        Status
  PodReadyToStartContainers   True 
  Initialized                 True 
  Ready                       True 
  ContainersReady             True 
  PodScheduled                True 
Volumes:
  data:
    Type:       PersistentVolumeClaim (a reference to a PersistentVolumeClaim in the same namespace)
    ClaimName:  data-postgres-0
    ReadOnly:   false
  kube-api-access-nbwj7:
    Type:                    Projected (a volume that contains injected data from multiple sources)
    TokenExpirationSeconds:  3607
    ConfigMapName:           kube-root-ca.crt
    Optional:                false
    DownwardAPI:             true
QoS Class:                   Burstable
Node-Selectors:              <none>
Tolerations:                 node.kubernetes.io/not-ready:NoExecute op=Exists for 300s
                             node.kubernetes.io/unreachable:NoExecute op=Exists for 300s
Events:                      <none>

=== ts=1777273785 ===
Name:             nanomq-5bc8dfcb57-wch2b
Namespace:        nanomq-only
Priority:         0
Service Account:  default
Node:             <pi-host>/<pi-ip>
Start Time:       Mon, 27 Apr 2026 09:05:49 +0200
Labels:           app=nanomq
                  pod-template-hash=5bc8dfcb57
Annotations:      cni.projectcalico.org/containerID: 70e5c88eab39973debd9dc2a0385187cc7393bd7e3f06790adeb5230f218f21e
                  cni.projectcalico.org/podIP: <pod-ip>/32
                  cni.projectcalico.org/podIPs: <pod-ip>/32
                  kubectl.kubernetes.io/restartedAt: 2026-04-27T09:05:48+02:00
Status:           Running
IP:               <pod-ip>
IPs:
  IP:           <pod-ip>
Controlled By:  ReplicaSet/nanomq-5bc8dfcb57
Containers:
  nanomq:
    Container ID:   containerd://7c7e6cdaa74799483f2b8fe3791d9acf1fe12a1581c434933bdbc2611b18b761
    Image:          emqx/nanomq:0.21-slim
    Image ID:       docker.io/emqx/nanomq@sha256:53bea7acb547aced1cc45e08c514628f1e41c4da9ad544fd8c5fa96d3e9eb41b
    Ports:          1883/TCP (mqtt), 8081/TCP (http)
    Host Ports:     0/TCP (mqtt), 0/TCP (http)
    State:          Running
      Started:      Mon, 27 Apr 2026 09:05:50 +0200
    Ready:          True
    Restart Count:  0
    Limits:
      cpu:     1
      memory:  512Mi
    Requests:
      cpu:        50m
      memory:     64Mi
    Readiness:    tcp-socket :1883 delay=3s timeout=1s period=5s #success=1 #failure=3
    Environment:  <none>
    Mounts:
      /etc/nanomq.conf from config (rw,path="nanomq.conf")
      /var/run/secrets/kubernetes.io/serviceaccount from kube-api-access-pklwl (ro)
Conditions:
  Type                        Status
  PodReadyToStartContainers   True 
  Initialized                 True 
  Ready                       True 
  ContainersReady             True 
  PodScheduled                True 
Volumes:
  config:
    Type:      ConfigMap (a volume populated by a ConfigMap)
    Name:      nanomq-config
    Optional:  false
  kube-api-access-pklwl:
    Type:                    Projected (a volume that contains injected data from multiple sources)
    TokenExpirationSeconds:  3607
    ConfigMapName:           kube-root-ca.crt
    Optional:                false
    DownwardAPI:             true
QoS Class:                   Burstable
Node-Selectors:              <none>
Tolerations:                 node.kubernetes.io/not-ready:NoExecute op=Exists for 300s
                             node.kubernetes.io/unreachable:NoExecute op=Exists for 300s
Events:
  Type    Reason     Age    From               Message
  ----    ------     ----   ----               -------
  Normal  Scheduled  3m55s  default-scheduler  Successfully assigned nanomq-only/nanomq-5bc8dfcb57-wch2b to <pi-host>
  Normal  Pulled     3m56s  kubelet            spec.containers{nanomq}: Container image "emqx/nanomq:0.21-slim" already present on machine
  Normal  Created    3m56s  kubelet            spec.containers{nanomq}: Created container: nanomq
  Normal  Started    3m55s  kubelet            spec.containers{nanomq}: Started container nanomq


Name:             postgres-0
Namespace:        nanomq-only
Priority:         0
Service Account:  default
Node:             <pi-host>/<pi-ip>
Start Time:       Mon, 27 Apr 2026 08:38:05 +0200
Labels:           app=postgres
                  apps.kubernetes.io/pod-index=0
                  controller-revision-hash=postgres-d5f747749
                  statefulset.kubernetes.io/pod-name=postgres-0
Annotations:      cni.projectcalico.org/containerID: 265f5d1ee08a93e45e09bddf04e4d5ed6a74027de57cb8908d42fab638668a65
                  cni.projectcalico.org/podIP: <pod-ip>/32
                  cni.projectcalico.org/podIPs: <pod-ip>/32
Status:           Running
IP:               <pod-ip>
IPs:
  IP:           <pod-ip>
Controlled By:  StatefulSet/postgres
Containers:
  postgres:
    Container ID:   containerd://7659a9c0521dec254a51e8f6cb38e0e82fe9f11f08615b9a8169668cb29079f0
    Image:          postgres:17-alpine
    Image ID:       docker.io/library/postgres@sha256:778d0b486d6daa02b77434d0358ec57a1b21fd8b6d22ac2eef56a33e816928f6
    Port:           5432/TCP
    Host Port:      0/TCP
    State:          Running
      Started:      Mon, 27 Apr 2026 08:38:05 +0200
    Ready:          True
    Restart Count:  0
    Limits:
      cpu:     1500m
      memory:  1536Mi
    Requests:
      cpu:      100m
      memory:   256Mi
    Readiness:  exec [pg_isready -U postgres] delay=5s timeout=1s period=5s #success=1 #failure=3
    Environment:
      POSTGRES_DB:        postgres
      POSTGRES_USER:      postgres
      POSTGRES_PASSWORD:  <set to the key 'postgres-superuser-password' in secret 'hermod-secrets'>  Optional: false
    Mounts:
      /var/lib/postgresql/data from data (rw)
      /var/run/secrets/kubernetes.io/serviceaccount from kube-api-access-nbwj7 (ro)
Conditions:
  Type                        Status
  PodReadyToStartContainers   True 
  Initialized                 True 
  Ready                       True 
  ContainersReady             True 
  PodScheduled                True 
Volumes:
  data:
    Type:       PersistentVolumeClaim (a reference to a PersistentVolumeClaim in the same namespace)
    ClaimName:  data-postgres-0
    ReadOnly:   false
  kube-api-access-nbwj7:
    Type:                    Projected (a volume that contains injected data from multiple sources)
    TokenExpirationSeconds:  3607
    ConfigMapName:           kube-root-ca.crt
    Optional:                false
    DownwardAPI:             true
QoS Class:                   Burstable
Node-Selectors:              <none>
Tolerations:                 node.kubernetes.io/not-ready:NoExecute op=Exists for 300s
                             node.kubernetes.io/unreachable:NoExecute op=Exists for 300s
Events:                      <none>

=== ts=1777273795 ===
Name:             nanomq-5bc8dfcb57-wch2b
Namespace:        nanomq-only
Priority:         0
Service Account:  default
Node:             <pi-host>/<pi-ip>
Start Time:       Mon, 27 Apr 2026 09:05:49 +0200
Labels:           app=nanomq
                  pod-template-hash=5bc8dfcb57
Annotations:      cni.projectcalico.org/containerID: 70e5c88eab39973debd9dc2a0385187cc7393bd7e3f06790adeb5230f218f21e
                  cni.projectcalico.org/podIP: <pod-ip>/32
                  cni.projectcalico.org/podIPs: <pod-ip>/32
                  kubectl.kubernetes.io/restartedAt: 2026-04-27T09:05:48+02:00
Status:           Running
IP:               <pod-ip>
IPs:
  IP:           <pod-ip>
Controlled By:  ReplicaSet/nanomq-5bc8dfcb57
Containers:
  nanomq:
    Container ID:   containerd://7c7e6cdaa74799483f2b8fe3791d9acf1fe12a1581c434933bdbc2611b18b761
    Image:          emqx/nanomq:0.21-slim
    Image ID:       docker.io/emqx/nanomq@sha256:53bea7acb547aced1cc45e08c514628f1e41c4da9ad544fd8c5fa96d3e9eb41b
    Ports:          1883/TCP (mqtt), 8081/TCP (http)
    Host Ports:     0/TCP (mqtt), 0/TCP (http)
    State:          Running
      Started:      Mon, 27 Apr 2026 09:05:50 +0200
    Ready:          True
    Restart Count:  0
    Limits:
      cpu:     1
      memory:  512Mi
    Requests:
      cpu:        50m
      memory:     64Mi
    Readiness:    tcp-socket :1883 delay=3s timeout=1s period=5s #success=1 #failure=3
    Environment:  <none>
    Mounts:
      /etc/nanomq.conf from config (rw,path="nanomq.conf")
      /var/run/secrets/kubernetes.io/serviceaccount from kube-api-access-pklwl (ro)
Conditions:
  Type                        Status
  PodReadyToStartContainers   True 
  Initialized                 True 
  Ready                       True 
  ContainersReady             True 
  PodScheduled                True 
Volumes:
  config:
    Type:      ConfigMap (a volume populated by a ConfigMap)
    Name:      nanomq-config
    Optional:  false
  kube-api-access-pklwl:
    Type:                    Projected (a volume that contains injected data from multiple sources)
    TokenExpirationSeconds:  3607
    ConfigMapName:           kube-root-ca.crt
    Optional:                false
    DownwardAPI:             true
QoS Class:                   Burstable
Node-Selectors:              <none>
Tolerations:                 node.kubernetes.io/not-ready:NoExecute op=Exists for 300s
                             node.kubernetes.io/unreachable:NoExecute op=Exists for 300s
Events:
  Type    Reason     Age   From               Message
  ----    ------     ----  ----               -------
  Normal  Scheduled  4m6s  default-scheduler  Successfully assigned nanomq-only/nanomq-5bc8dfcb57-wch2b to <pi-host>
  Normal  Pulled     4m6s  kubelet            spec.containers{nanomq}: Container image "emqx/nanomq:0.21-slim" already present on machine
  Normal  Created    4m6s  kubelet            spec.containers{nanomq}: Created container: nanomq
  Normal  Started    4m5s  kubelet            spec.containers{nanomq}: Started container nanomq


Name:             postgres-0
Namespace:        nanomq-only
Priority:         0
Service Account:  default
Node:             <pi-host>/<pi-ip>
Start Time:       Mon, 27 Apr 2026 08:38:05 +0200
Labels:           app=postgres
                  apps.kubernetes.io/pod-index=0
                  controller-revision-hash=postgres-d5f747749
                  statefulset.kubernetes.io/pod-name=postgres-0
Annotations:      cni.projectcalico.org/containerID: 265f5d1ee08a93e45e09bddf04e4d5ed6a74027de57cb8908d42fab638668a65
                  cni.projectcalico.org/podIP: <pod-ip>/32
                  cni.projectcalico.org/podIPs: <pod-ip>/32
Status:           Running
IP:               <pod-ip>
IPs:
  IP:           <pod-ip>
Controlled By:  StatefulSet/postgres
Containers:
  postgres:
    Container ID:   containerd://7659a9c0521dec254a51e8f6cb38e0e82fe9f11f08615b9a8169668cb29079f0
    Image:          postgres:17-alpine
    Image ID:       docker.io/library/postgres@sha256:778d0b486d6daa02b77434d0358ec57a1b21fd8b6d22ac2eef56a33e816928f6
    Port:           5432/TCP
    Host Port:      0/TCP
    State:          Running
      Started:      Mon, 27 Apr 2026 08:38:05 +0200
    Ready:          True
    Restart Count:  0
    Limits:
      cpu:     1500m
      memory:  1536Mi
    Requests:
      cpu:      100m
      memory:   256Mi
    Readiness:  exec [pg_isready -U postgres] delay=5s timeout=1s period=5s #success=1 #failure=3
    Environment:
      POSTGRES_DB:        postgres
      POSTGRES_USER:      postgres
      POSTGRES_PASSWORD:  <set to the key 'postgres-superuser-password' in secret 'hermod-secrets'>  Optional: false
    Mounts:
      /var/lib/postgresql/data from data (rw)
      /var/run/secrets/kubernetes.io/serviceaccount from kube-api-access-nbwj7 (ro)
Conditions:
  Type                        Status
  PodReadyToStartContainers   True 
  Initialized                 True 
  Ready                       True 
  ContainersReady             True 
  PodScheduled                True 
Volumes:
  data:
    Type:       PersistentVolumeClaim (a reference to a PersistentVolumeClaim in the same namespace)
    ClaimName:  data-postgres-0
    ReadOnly:   false
  kube-api-access-nbwj7:
    Type:                    Projected (a volume that contains injected data from multiple sources)
    TokenExpirationSeconds:  3607
    ConfigMapName:           kube-root-ca.crt
    Optional:                false
    DownwardAPI:             true
QoS Class:                   Burstable
Node-Selectors:              <none>
Tolerations:                 node.kubernetes.io/not-ready:NoExecute op=Exists for 300s
                             node.kubernetes.io/unreachable:NoExecute op=Exists for 300s
Events:                      <none>

=== ts=1777273806 ===
Name:             nanomq-5bc8dfcb57-wch2b
Namespace:        nanomq-only
Priority:         0
Service Account:  default
Node:             <pi-host>/<pi-ip>
Start Time:       Mon, 27 Apr 2026 09:05:49 +0200
Labels:           app=nanomq
                  pod-template-hash=5bc8dfcb57
Annotations:      cni.projectcalico.org/containerID: 70e5c88eab39973debd9dc2a0385187cc7393bd7e3f06790adeb5230f218f21e
                  cni.projectcalico.org/podIP: <pod-ip>/32
                  cni.projectcalico.org/podIPs: <pod-ip>/32
                  kubectl.kubernetes.io/restartedAt: 2026-04-27T09:05:48+02:00
Status:           Running
IP:               <pod-ip>
IPs:
  IP:           <pod-ip>
Controlled By:  ReplicaSet/nanomq-5bc8dfcb57
Containers:
  nanomq:
    Container ID:   containerd://7c7e6cdaa74799483f2b8fe3791d9acf1fe12a1581c434933bdbc2611b18b761
    Image:          emqx/nanomq:0.21-slim
    Image ID:       docker.io/emqx/nanomq@sha256:53bea7acb547aced1cc45e08c514628f1e41c4da9ad544fd8c5fa96d3e9eb41b
    Ports:          1883/TCP (mqtt), 8081/TCP (http)
    Host Ports:     0/TCP (mqtt), 0/TCP (http)
    State:          Running
      Started:      Mon, 27 Apr 2026 09:05:50 +0200
    Ready:          True
    Restart Count:  0
    Limits:
      cpu:     1
      memory:  512Mi
    Requests:
      cpu:        50m
      memory:     64Mi
    Readiness:    tcp-socket :1883 delay=3s timeout=1s period=5s #success=1 #failure=3
    Environment:  <none>
    Mounts:
      /etc/nanomq.conf from config (rw,path="nanomq.conf")
      /var/run/secrets/kubernetes.io/serviceaccount from kube-api-access-pklwl (ro)
Conditions:
  Type                        Status
  PodReadyToStartContainers   True 
  Initialized                 True 
  Ready                       True 
  ContainersReady             True 
  PodScheduled                True 
Volumes:
  config:
    Type:      ConfigMap (a volume populated by a ConfigMap)
    Name:      nanomq-config
    Optional:  false
  kube-api-access-pklwl:
    Type:                    Projected (a volume that contains injected data from multiple sources)
    TokenExpirationSeconds:  3607
    ConfigMapName:           kube-root-ca.crt
    Optional:                false
    DownwardAPI:             true
QoS Class:                   Burstable
Node-Selectors:              <none>
Tolerations:                 node.kubernetes.io/not-ready:NoExecute op=Exists for 300s
                             node.kubernetes.io/unreachable:NoExecute op=Exists for 300s
Events:
  Type    Reason     Age    From               Message
  ----    ------     ----   ----               -------
  Normal  Scheduled  4m17s  default-scheduler  Successfully assigned nanomq-only/nanomq-5bc8dfcb57-wch2b to <pi-host>
  Normal  Pulled     4m17s  kubelet            spec.containers{nanomq}: Container image "emqx/nanomq:0.21-slim" already present on machine
  Normal  Created    4m17s  kubelet            spec.containers{nanomq}: Created container: nanomq
  Normal  Started    4m16s  kubelet            spec.containers{nanomq}: Started container nanomq


Name:             postgres-0
Namespace:        nanomq-only
Priority:         0
Service Account:  default
Node:             <pi-host>/<pi-ip>
Start Time:       Mon, 27 Apr 2026 08:38:05 +0200
Labels:           app=postgres
                  apps.kubernetes.io/pod-index=0
                  controller-revision-hash=postgres-d5f747749
                  statefulset.kubernetes.io/pod-name=postgres-0
Annotations:      cni.projectcalico.org/containerID: 265f5d1ee08a93e45e09bddf04e4d5ed6a74027de57cb8908d42fab638668a65
                  cni.projectcalico.org/podIP: <pod-ip>/32
                  cni.projectcalico.org/podIPs: <pod-ip>/32
Status:           Running
IP:               <pod-ip>
IPs:
  IP:           <pod-ip>
Controlled By:  StatefulSet/postgres
Containers:
  postgres:
    Container ID:   containerd://7659a9c0521dec254a51e8f6cb38e0e82fe9f11f08615b9a8169668cb29079f0
    Image:          postgres:17-alpine
    Image ID:       docker.io/library/postgres@sha256:778d0b486d6daa02b77434d0358ec57a1b21fd8b6d22ac2eef56a33e816928f6
    Port:           5432/TCP
    Host Port:      0/TCP
    State:          Running
      Started:      Mon, 27 Apr 2026 08:38:05 +0200
    Ready:          True
    Restart Count:  0
    Limits:
      cpu:     1500m
      memory:  1536Mi
    Requests:
      cpu:      100m
      memory:   256Mi
    Readiness:  exec [pg_isready -U postgres] delay=5s timeout=1s period=5s #success=1 #failure=3
    Environment:
      POSTGRES_DB:        postgres
      POSTGRES_USER:      postgres
      POSTGRES_PASSWORD:  <set to the key 'postgres-superuser-password' in secret 'hermod-secrets'>  Optional: false
    Mounts:
      /var/lib/postgresql/data from data (rw)
      /var/run/secrets/kubernetes.io/serviceaccount from kube-api-access-nbwj7 (ro)
Conditions:
  Type                        Status
  PodReadyToStartContainers   True 
  Initialized                 True 
  Ready                       True 
  ContainersReady             True 
  PodScheduled                True 
Volumes:
  data:
    Type:       PersistentVolumeClaim (a reference to a PersistentVolumeClaim in the same namespace)
    ClaimName:  data-postgres-0
    ReadOnly:   false
  kube-api-access-nbwj7:
    Type:                    Projected (a volume that contains injected data from multiple sources)
    TokenExpirationSeconds:  3607
    ConfigMapName:           kube-root-ca.crt
    Optional:                false
    DownwardAPI:             true
QoS Class:                   Burstable
Node-Selectors:              <none>
Tolerations:                 node.kubernetes.io/not-ready:NoExecute op=Exists for 300s
                             node.kubernetes.io/unreachable:NoExecute op=Exists for 300s
Events:                      <none>

=== ts=1777273817 ===
Name:             nanomq-5bc8dfcb57-wch2b
Namespace:        nanomq-only
Priority:         0
Service Account:  default
Node:             <pi-host>/<pi-ip>
Start Time:       Mon, 27 Apr 2026 09:05:49 +0200
Labels:           app=nanomq
                  pod-template-hash=5bc8dfcb57
Annotations:      cni.projectcalico.org/containerID: 70e5c88eab39973debd9dc2a0385187cc7393bd7e3f06790adeb5230f218f21e
                  cni.projectcalico.org/podIP: <pod-ip>/32
                  cni.projectcalico.org/podIPs: <pod-ip>/32
                  kubectl.kubernetes.io/restartedAt: 2026-04-27T09:05:48+02:00
Status:           Running
IP:               <pod-ip>
IPs:
  IP:           <pod-ip>
Controlled By:  ReplicaSet/nanomq-5bc8dfcb57
Containers:
  nanomq:
    Container ID:   containerd://7c7e6cdaa74799483f2b8fe3791d9acf1fe12a1581c434933bdbc2611b18b761
    Image:          emqx/nanomq:0.21-slim
    Image ID:       docker.io/emqx/nanomq@sha256:53bea7acb547aced1cc45e08c514628f1e41c4da9ad544fd8c5fa96d3e9eb41b
    Ports:          1883/TCP (mqtt), 8081/TCP (http)
    Host Ports:     0/TCP (mqtt), 0/TCP (http)
    State:          Running
      Started:      Mon, 27 Apr 2026 09:05:50 +0200
    Ready:          True
    Restart Count:  0
    Limits:
      cpu:     1
      memory:  512Mi
    Requests:
      cpu:        50m
      memory:     64Mi
    Readiness:    tcp-socket :1883 delay=3s timeout=1s period=5s #success=1 #failure=3
    Environment:  <none>
    Mounts:
      /etc/nanomq.conf from config (rw,path="nanomq.conf")
      /var/run/secrets/kubernetes.io/serviceaccount from kube-api-access-pklwl (ro)
Conditions:
  Type                        Status
  PodReadyToStartContainers   True 
  Initialized                 True 
  Ready                       True 
  ContainersReady             True 
  PodScheduled                True 
Volumes:
  config:
    Type:      ConfigMap (a volume populated by a ConfigMap)
    Name:      nanomq-config
    Optional:  false
  kube-api-access-pklwl:
    Type:                    Projected (a volume that contains injected data from multiple sources)
    TokenExpirationSeconds:  3607
    ConfigMapName:           kube-root-ca.crt
    Optional:                false
    DownwardAPI:             true
QoS Class:                   Burstable
Node-Selectors:              <none>
Tolerations:                 node.kubernetes.io/not-ready:NoExecute op=Exists for 300s
                             node.kubernetes.io/unreachable:NoExecute op=Exists for 300s
Events:
  Type    Reason     Age    From               Message
  ----    ------     ----   ----               -------
  Normal  Scheduled  4m28s  default-scheduler  Successfully assigned nanomq-only/nanomq-5bc8dfcb57-wch2b to <pi-host>
  Normal  Pulled     4m28s  kubelet            spec.containers{nanomq}: Container image "emqx/nanomq:0.21-slim" already present on machine
  Normal  Created    4m28s  kubelet            spec.containers{nanomq}: Created container: nanomq
  Normal  Started    4m27s  kubelet            spec.containers{nanomq}: Started container nanomq


Name:             postgres-0
Namespace:        nanomq-only
Priority:         0
Service Account:  default
Node:             <pi-host>/<pi-ip>
Start Time:       Mon, 27 Apr 2026 08:38:05 +0200
Labels:           app=postgres
                  apps.kubernetes.io/pod-index=0
                  controller-revision-hash=postgres-d5f747749
                  statefulset.kubernetes.io/pod-name=postgres-0
Annotations:      cni.projectcalico.org/containerID: 265f5d1ee08a93e45e09bddf04e4d5ed6a74027de57cb8908d42fab638668a65
                  cni.projectcalico.org/podIP: <pod-ip>/32
                  cni.projectcalico.org/podIPs: <pod-ip>/32
Status:           Running
IP:               <pod-ip>
IPs:
  IP:           <pod-ip>
Controlled By:  StatefulSet/postgres
Containers:
  postgres:
    Container ID:   containerd://7659a9c0521dec254a51e8f6cb38e0e82fe9f11f08615b9a8169668cb29079f0
    Image:          postgres:17-alpine
    Image ID:       docker.io/library/postgres@sha256:778d0b486d6daa02b77434d0358ec57a1b21fd8b6d22ac2eef56a33e816928f6
    Port:           5432/TCP
    Host Port:      0/TCP
    State:          Running
      Started:      Mon, 27 Apr 2026 08:38:05 +0200
    Ready:          True
    Restart Count:  0
    Limits:
      cpu:     1500m
      memory:  1536Mi
    Requests:
      cpu:      100m
      memory:   256Mi
    Readiness:  exec [pg_isready -U postgres] delay=5s timeout=1s period=5s #success=1 #failure=3
    Environment:
      POSTGRES_DB:        postgres
      POSTGRES_USER:      postgres
      POSTGRES_PASSWORD:  <set to the key 'postgres-superuser-password' in secret 'hermod-secrets'>  Optional: false
    Mounts:
      /var/lib/postgresql/data from data (rw)
      /var/run/secrets/kubernetes.io/serviceaccount from kube-api-access-nbwj7 (ro)
Conditions:
  Type                        Status
  PodReadyToStartContainers   True 
  Initialized                 True 
  Ready                       True 
  ContainersReady             True 
  PodScheduled                True 
Volumes:
  data:
    Type:       PersistentVolumeClaim (a reference to a PersistentVolumeClaim in the same namespace)
    ClaimName:  data-postgres-0
    ReadOnly:   false
  kube-api-access-nbwj7:
    Type:                    Projected (a volume that contains injected data from multiple sources)
    TokenExpirationSeconds:  3607
    ConfigMapName:           kube-root-ca.crt
    Optional:                false
    DownwardAPI:             true
QoS Class:                   Burstable
Node-Selectors:              <none>
Tolerations:                 node.kubernetes.io/not-ready:NoExecute op=Exists for 300s
                             node.kubernetes.io/unreachable:NoExecute op=Exists for 300s
Events:                      <none>

=== ts=1777273828 ===
Name:             nanomq-5bc8dfcb57-wch2b
Namespace:        nanomq-only
Priority:         0
Service Account:  default
Node:             <pi-host>/<pi-ip>
Start Time:       Mon, 27 Apr 2026 09:05:49 +0200
Labels:           app=nanomq
                  pod-template-hash=5bc8dfcb57
Annotations:      cni.projectcalico.org/containerID: 70e5c88eab39973debd9dc2a0385187cc7393bd7e3f06790adeb5230f218f21e
                  cni.projectcalico.org/podIP: <pod-ip>/32
                  cni.projectcalico.org/podIPs: <pod-ip>/32
                  kubectl.kubernetes.io/restartedAt: 2026-04-27T09:05:48+02:00
Status:           Running
IP:               <pod-ip>
IPs:
  IP:           <pod-ip>
Controlled By:  ReplicaSet/nanomq-5bc8dfcb57
Containers:
  nanomq:
    Container ID:   containerd://7c7e6cdaa74799483f2b8fe3791d9acf1fe12a1581c434933bdbc2611b18b761
    Image:          emqx/nanomq:0.21-slim
    Image ID:       docker.io/emqx/nanomq@sha256:53bea7acb547aced1cc45e08c514628f1e41c4da9ad544fd8c5fa96d3e9eb41b
    Ports:          1883/TCP (mqtt), 8081/TCP (http)
    Host Ports:     0/TCP (mqtt), 0/TCP (http)
    State:          Running
      Started:      Mon, 27 Apr 2026 09:05:50 +0200
    Ready:          True
    Restart Count:  0
    Limits:
      cpu:     1
      memory:  512Mi
    Requests:
      cpu:        50m
      memory:     64Mi
    Readiness:    tcp-socket :1883 delay=3s timeout=1s period=5s #success=1 #failure=3
    Environment:  <none>
    Mounts:
      /etc/nanomq.conf from config (rw,path="nanomq.conf")
      /var/run/secrets/kubernetes.io/serviceaccount from kube-api-access-pklwl (ro)
Conditions:
  Type                        Status
  PodReadyToStartContainers   True 
  Initialized                 True 
  Ready                       True 
  ContainersReady             True 
  PodScheduled                True 
Volumes:
  config:
    Type:      ConfigMap (a volume populated by a ConfigMap)
    Name:      nanomq-config
    Optional:  false
  kube-api-access-pklwl:
    Type:                    Projected (a volume that contains injected data from multiple sources)
    TokenExpirationSeconds:  3607
    ConfigMapName:           kube-root-ca.crt
    Optional:                false
    DownwardAPI:             true
QoS Class:                   Burstable
Node-Selectors:              <none>
Tolerations:                 node.kubernetes.io/not-ready:NoExecute op=Exists for 300s
                             node.kubernetes.io/unreachable:NoExecute op=Exists for 300s
Events:
  Type    Reason     Age    From               Message
  ----    ------     ----   ----               -------
  Normal  Scheduled  4m39s  default-scheduler  Successfully assigned nanomq-only/nanomq-5bc8dfcb57-wch2b to <pi-host>
  Normal  Pulled     4m39s  kubelet            spec.containers{nanomq}: Container image "emqx/nanomq:0.21-slim" already present on machine
  Normal  Created    4m39s  kubelet            spec.containers{nanomq}: Created container: nanomq
  Normal  Started    4m38s  kubelet            spec.containers{nanomq}: Started container nanomq


Name:             postgres-0
Namespace:        nanomq-only
Priority:         0
Service Account:  default
Node:             <pi-host>/<pi-ip>
Start Time:       Mon, 27 Apr 2026 08:38:05 +0200
Labels:           app=postgres
                  apps.kubernetes.io/pod-index=0
                  controller-revision-hash=postgres-d5f747749
                  statefulset.kubernetes.io/pod-name=postgres-0
Annotations:      cni.projectcalico.org/containerID: 265f5d1ee08a93e45e09bddf04e4d5ed6a74027de57cb8908d42fab638668a65
                  cni.projectcalico.org/podIP: <pod-ip>/32
                  cni.projectcalico.org/podIPs: <pod-ip>/32
Status:           Running
IP:               <pod-ip>
IPs:
  IP:           <pod-ip>
Controlled By:  StatefulSet/postgres
Containers:
  postgres:
    Container ID:   containerd://7659a9c0521dec254a51e8f6cb38e0e82fe9f11f08615b9a8169668cb29079f0
    Image:          postgres:17-alpine
    Image ID:       docker.io/library/postgres@sha256:778d0b486d6daa02b77434d0358ec57a1b21fd8b6d22ac2eef56a33e816928f6
    Port:           5432/TCP
    Host Port:      0/TCP
    State:          Running
      Started:      Mon, 27 Apr 2026 08:38:05 +0200
    Ready:          True
    Restart Count:  0
    Limits:
      cpu:     1500m
      memory:  1536Mi
    Requests:
      cpu:      100m
      memory:   256Mi
    Readiness:  exec [pg_isready -U postgres] delay=5s timeout=1s period=5s #success=1 #failure=3
    Environment:
      POSTGRES_DB:        postgres
      POSTGRES_USER:      postgres
      POSTGRES_PASSWORD:  <set to the key 'postgres-superuser-password' in secret 'hermod-secrets'>  Optional: false
    Mounts:
      /var/lib/postgresql/data from data (rw)
      /var/run/secrets/kubernetes.io/serviceaccount from kube-api-access-nbwj7 (ro)
Conditions:
  Type                        Status
  PodReadyToStartContainers   True 
  Initialized                 True 
  Ready                       True 
  ContainersReady             True 
  PodScheduled                True 
Volumes:
  data:
    Type:       PersistentVolumeClaim (a reference to a PersistentVolumeClaim in the same namespace)
    ClaimName:  data-postgres-0
    ReadOnly:   false
  kube-api-access-nbwj7:
    Type:                    Projected (a volume that contains injected data from multiple sources)
    TokenExpirationSeconds:  3607
    ConfigMapName:           kube-root-ca.crt
    Optional:                false
    DownwardAPI:             true
QoS Class:                   Burstable
Node-Selectors:              <none>
Tolerations:                 node.kubernetes.io/not-ready:NoExecute op=Exists for 300s
                             node.kubernetes.io/unreachable:NoExecute op=Exists for 300s
Events:                      <none>

=== ts=1777273839 ===
Name:             nanomq-5bc8dfcb57-wch2b
Namespace:        nanomq-only
Priority:         0
Service Account:  default
Node:             <pi-host>/<pi-ip>
Start Time:       Mon, 27 Apr 2026 09:05:49 +0200
Labels:           app=nanomq
                  pod-template-hash=5bc8dfcb57
Annotations:      cni.projectcalico.org/containerID: 70e5c88eab39973debd9dc2a0385187cc7393bd7e3f06790adeb5230f218f21e
                  cni.projectcalico.org/podIP: <pod-ip>/32
                  cni.projectcalico.org/podIPs: <pod-ip>/32
                  kubectl.kubernetes.io/restartedAt: 2026-04-27T09:05:48+02:00
Status:           Running
IP:               <pod-ip>
IPs:
  IP:           <pod-ip>
Controlled By:  ReplicaSet/nanomq-5bc8dfcb57
Containers:
  nanomq:
    Container ID:   containerd://7c7e6cdaa74799483f2b8fe3791d9acf1fe12a1581c434933bdbc2611b18b761
    Image:          emqx/nanomq:0.21-slim
    Image ID:       docker.io/emqx/nanomq@sha256:53bea7acb547aced1cc45e08c514628f1e41c4da9ad544fd8c5fa96d3e9eb41b
    Ports:          1883/TCP (mqtt), 8081/TCP (http)
    Host Ports:     0/TCP (mqtt), 0/TCP (http)
    State:          Running
      Started:      Mon, 27 Apr 2026 09:05:50 +0200
    Ready:          True
    Restart Count:  0
    Limits:
      cpu:     1
      memory:  512Mi
    Requests:
      cpu:        50m
      memory:     64Mi
    Readiness:    tcp-socket :1883 delay=3s timeout=1s period=5s #success=1 #failure=3
    Environment:  <none>
    Mounts:
      /etc/nanomq.conf from config (rw,path="nanomq.conf")
      /var/run/secrets/kubernetes.io/serviceaccount from kube-api-access-pklwl (ro)
Conditions:
  Type                        Status
  PodReadyToStartContainers   True 
  Initialized                 True 
  Ready                       True 
  ContainersReady             True 
  PodScheduled                True 
Volumes:
  config:
    Type:      ConfigMap (a volume populated by a ConfigMap)
    Name:      nanomq-config
    Optional:  false
  kube-api-access-pklwl:
    Type:                    Projected (a volume that contains injected data from multiple sources)
    TokenExpirationSeconds:  3607
    ConfigMapName:           kube-root-ca.crt
    Optional:                false
    DownwardAPI:             true
QoS Class:                   Burstable
Node-Selectors:              <none>
Tolerations:                 node.kubernetes.io/not-ready:NoExecute op=Exists for 300s
                             node.kubernetes.io/unreachable:NoExecute op=Exists for 300s
Events:
  Type    Reason     Age    From               Message
  ----    ------     ----   ----               -------
  Normal  Scheduled  4m50s  default-scheduler  Successfully assigned nanomq-only/nanomq-5bc8dfcb57-wch2b to <pi-host>
  Normal  Pulled     4m50s  kubelet            spec.containers{nanomq}: Container image "emqx/nanomq:0.21-slim" already present on machine
  Normal  Created    4m50s  kubelet            spec.containers{nanomq}: Created container: nanomq
  Normal  Started    4m49s  kubelet            spec.containers{nanomq}: Started container nanomq


Name:             postgres-0
Namespace:        nanomq-only
Priority:         0
Service Account:  default
Node:             <pi-host>/<pi-ip>
Start Time:       Mon, 27 Apr 2026 08:38:05 +0200
Labels:           app=postgres
                  apps.kubernetes.io/pod-index=0
                  controller-revision-hash=postgres-d5f747749
                  statefulset.kubernetes.io/pod-name=postgres-0
Annotations:      cni.projectcalico.org/containerID: 265f5d1ee08a93e45e09bddf04e4d5ed6a74027de57cb8908d42fab638668a65
                  cni.projectcalico.org/podIP: <pod-ip>/32
                  cni.projectcalico.org/podIPs: <pod-ip>/32
Status:           Running
IP:               <pod-ip>
IPs:
  IP:           <pod-ip>
Controlled By:  StatefulSet/postgres
Containers:
  postgres:
    Container ID:   containerd://7659a9c0521dec254a51e8f6cb38e0e82fe9f11f08615b9a8169668cb29079f0
    Image:          postgres:17-alpine
    Image ID:       docker.io/library/postgres@sha256:778d0b486d6daa02b77434d0358ec57a1b21fd8b6d22ac2eef56a33e816928f6
    Port:           5432/TCP
    Host Port:      0/TCP
    State:          Running
      Started:      Mon, 27 Apr 2026 08:38:05 +0200
    Ready:          True
    Restart Count:  0
    Limits:
      cpu:     1500m
      memory:  1536Mi
    Requests:
      cpu:      100m
      memory:   256Mi
    Readiness:  exec [pg_isready -U postgres] delay=5s timeout=1s period=5s #success=1 #failure=3
    Environment:
      POSTGRES_DB:        postgres
      POSTGRES_USER:      postgres
      POSTGRES_PASSWORD:  <set to the key 'postgres-superuser-password' in secret 'hermod-secrets'>  Optional: false
    Mounts:
      /var/lib/postgresql/data from data (rw)
      /var/run/secrets/kubernetes.io/serviceaccount from kube-api-access-nbwj7 (ro)
Conditions:
  Type                        Status
  PodReadyToStartContainers   True 
  Initialized                 True 
  Ready                       True 
  ContainersReady             True 
  PodScheduled                True 
Volumes:
  data:
    Type:       PersistentVolumeClaim (a reference to a PersistentVolumeClaim in the same namespace)
    ClaimName:  data-postgres-0
    ReadOnly:   false
  kube-api-access-nbwj7:
    Type:                    Projected (a volume that contains injected data from multiple sources)
    TokenExpirationSeconds:  3607
    ConfigMapName:           kube-root-ca.crt
    Optional:                false
    DownwardAPI:             true
QoS Class:                   Burstable
Node-Selectors:              <none>
Tolerations:                 node.kubernetes.io/not-ready:NoExecute op=Exists for 300s
                             node.kubernetes.io/unreachable:NoExecute op=Exists for 300s
Events:                      <none>

=== ts=1777273850 ===
Name:             nanomq-5bc8dfcb57-wch2b
Namespace:        nanomq-only
Priority:         0
Service Account:  default
Node:             <pi-host>/<pi-ip>
Start Time:       Mon, 27 Apr 2026 09:05:49 +0200
Labels:           app=nanomq
                  pod-template-hash=5bc8dfcb57
Annotations:      cni.projectcalico.org/containerID: 70e5c88eab39973debd9dc2a0385187cc7393bd7e3f06790adeb5230f218f21e
                  cni.projectcalico.org/podIP: <pod-ip>/32
                  cni.projectcalico.org/podIPs: <pod-ip>/32
                  kubectl.kubernetes.io/restartedAt: 2026-04-27T09:05:48+02:00
Status:           Running
IP:               <pod-ip>
IPs:
  IP:           <pod-ip>
Controlled By:  ReplicaSet/nanomq-5bc8dfcb57
Containers:
  nanomq:
    Container ID:   containerd://7c7e6cdaa74799483f2b8fe3791d9acf1fe12a1581c434933bdbc2611b18b761
    Image:          emqx/nanomq:0.21-slim
    Image ID:       docker.io/emqx/nanomq@sha256:53bea7acb547aced1cc45e08c514628f1e41c4da9ad544fd8c5fa96d3e9eb41b
    Ports:          1883/TCP (mqtt), 8081/TCP (http)
    Host Ports:     0/TCP (mqtt), 0/TCP (http)
    State:          Running
      Started:      Mon, 27 Apr 2026 09:05:50 +0200
    Ready:          True
    Restart Count:  0
    Limits:
      cpu:     1
      memory:  512Mi
    Requests:
      cpu:        50m
      memory:     64Mi
    Readiness:    tcp-socket :1883 delay=3s timeout=1s period=5s #success=1 #failure=3
    Environment:  <none>
    Mounts:
      /etc/nanomq.conf from config (rw,path="nanomq.conf")
      /var/run/secrets/kubernetes.io/serviceaccount from kube-api-access-pklwl (ro)
Conditions:
  Type                        Status
  PodReadyToStartContainers   True 
  Initialized                 True 
  Ready                       True 
  ContainersReady             True 
  PodScheduled                True 
Volumes:
  config:
    Type:      ConfigMap (a volume populated by a ConfigMap)
    Name:      nanomq-config
    Optional:  false
  kube-api-access-pklwl:
    Type:                    Projected (a volume that contains injected data from multiple sources)
    TokenExpirationSeconds:  3607
    ConfigMapName:           kube-root-ca.crt
    Optional:                false
    DownwardAPI:             true
QoS Class:                   Burstable
Node-Selectors:              <none>
Tolerations:                 node.kubernetes.io/not-ready:NoExecute op=Exists for 300s
                             node.kubernetes.io/unreachable:NoExecute op=Exists for 300s
Events:
  Type    Reason     Age   From               Message
  ----    ------     ----  ----               -------
  Normal  Scheduled  5m    default-scheduler  Successfully assigned nanomq-only/nanomq-5bc8dfcb57-wch2b to <pi-host>
  Normal  Pulled     5m1s  kubelet            spec.containers{nanomq}: Container image "emqx/nanomq:0.21-slim" already present on machine
  Normal  Created    5m1s  kubelet            spec.containers{nanomq}: Created container: nanomq
  Normal  Started    5m    kubelet            spec.containers{nanomq}: Started container nanomq


Name:             postgres-0
Namespace:        nanomq-only
Priority:         0
Service Account:  default
Node:             <pi-host>/<pi-ip>
Start Time:       Mon, 27 Apr 2026 08:38:05 +0200
Labels:           app=postgres
                  apps.kubernetes.io/pod-index=0
                  controller-revision-hash=postgres-d5f747749
                  statefulset.kubernetes.io/pod-name=postgres-0
Annotations:      cni.projectcalico.org/containerID: 265f5d1ee08a93e45e09bddf04e4d5ed6a74027de57cb8908d42fab638668a65
                  cni.projectcalico.org/podIP: <pod-ip>/32
                  cni.projectcalico.org/podIPs: <pod-ip>/32
Status:           Running
IP:               <pod-ip>
IPs:
  IP:           <pod-ip>
Controlled By:  StatefulSet/postgres
Containers:
  postgres:
    Container ID:   containerd://7659a9c0521dec254a51e8f6cb38e0e82fe9f11f08615b9a8169668cb29079f0
    Image:          postgres:17-alpine
    Image ID:       docker.io/library/postgres@sha256:778d0b486d6daa02b77434d0358ec57a1b21fd8b6d22ac2eef56a33e816928f6
    Port:           5432/TCP
    Host Port:      0/TCP
    State:          Running
      Started:      Mon, 27 Apr 2026 08:38:05 +0200
    Ready:          True
    Restart Count:  0
    Limits:
      cpu:     1500m
      memory:  1536Mi
    Requests:
      cpu:      100m
      memory:   256Mi
    Readiness:  exec [pg_isready -U postgres] delay=5s timeout=1s period=5s #success=1 #failure=3
    Environment:
      POSTGRES_DB:        postgres
      POSTGRES_USER:      postgres
      POSTGRES_PASSWORD:  <set to the key 'postgres-superuser-password' in secret 'hermod-secrets'>  Optional: false
    Mounts:
      /var/lib/postgresql/data from data (rw)
      /var/run/secrets/kubernetes.io/serviceaccount from kube-api-access-nbwj7 (ro)
Conditions:
  Type                        Status
  PodReadyToStartContainers   True 
  Initialized                 True 
  Ready                       True 
  ContainersReady             True 
  PodScheduled                True 
Volumes:
  data:
    Type:       PersistentVolumeClaim (a reference to a PersistentVolumeClaim in the same namespace)
    ClaimName:  data-postgres-0
    ReadOnly:   false
  kube-api-access-nbwj7:
    Type:                    Projected (a volume that contains injected data from multiple sources)
    TokenExpirationSeconds:  3607
    ConfigMapName:           kube-root-ca.crt
    Optional:                false
    DownwardAPI:             true
QoS Class:                   Burstable
Node-Selectors:              <none>
Tolerations:                 node.kubernetes.io/not-ready:NoExecute op=Exists for 300s
                             node.kubernetes.io/unreachable:NoExecute op=Exists for 300s
Events:                      <none>

=== ts=1777273860 ===
Name:             nanomq-5bc8dfcb57-wch2b
Namespace:        nanomq-only
Priority:         0
Service Account:  default
Node:             <pi-host>/<pi-ip>
Start Time:       Mon, 27 Apr 2026 09:05:49 +0200
Labels:           app=nanomq
                  pod-template-hash=5bc8dfcb57
Annotations:      cni.projectcalico.org/containerID: 70e5c88eab39973debd9dc2a0385187cc7393bd7e3f06790adeb5230f218f21e
                  cni.projectcalico.org/podIP: <pod-ip>/32
                  cni.projectcalico.org/podIPs: <pod-ip>/32
                  kubectl.kubernetes.io/restartedAt: 2026-04-27T09:05:48+02:00
Status:           Running
IP:               <pod-ip>
IPs:
  IP:           <pod-ip>
Controlled By:  ReplicaSet/nanomq-5bc8dfcb57
Containers:
  nanomq:
    Container ID:   containerd://7c7e6cdaa74799483f2b8fe3791d9acf1fe12a1581c434933bdbc2611b18b761
    Image:          emqx/nanomq:0.21-slim
    Image ID:       docker.io/emqx/nanomq@sha256:53bea7acb547aced1cc45e08c514628f1e41c4da9ad544fd8c5fa96d3e9eb41b
    Ports:          1883/TCP (mqtt), 8081/TCP (http)
    Host Ports:     0/TCP (mqtt), 0/TCP (http)
    State:          Running
      Started:      Mon, 27 Apr 2026 09:05:50 +0200
    Ready:          True
    Restart Count:  0
    Limits:
      cpu:     1
      memory:  512Mi
    Requests:
      cpu:        50m
      memory:     64Mi
    Readiness:    tcp-socket :1883 delay=3s timeout=1s period=5s #success=1 #failure=3
    Environment:  <none>
    Mounts:
      /etc/nanomq.conf from config (rw,path="nanomq.conf")
      /var/run/secrets/kubernetes.io/serviceaccount from kube-api-access-pklwl (ro)
Conditions:
  Type                        Status
  PodReadyToStartContainers   True 
  Initialized                 True 
  Ready                       True 
  ContainersReady             True 
  PodScheduled                True 
Volumes:
  config:
    Type:      ConfigMap (a volume populated by a ConfigMap)
    Name:      nanomq-config
    Optional:  false
  kube-api-access-pklwl:
    Type:                    Projected (a volume that contains injected data from multiple sources)
    TokenExpirationSeconds:  3607
    ConfigMapName:           kube-root-ca.crt
    Optional:                false
    DownwardAPI:             true
QoS Class:                   Burstable
Node-Selectors:              <none>
Tolerations:                 node.kubernetes.io/not-ready:NoExecute op=Exists for 300s
                             node.kubernetes.io/unreachable:NoExecute op=Exists for 300s
Events:
  Type    Reason     Age    From               Message
  ----    ------     ----   ----               -------
  Normal  Scheduled  5m11s  default-scheduler  Successfully assigned nanomq-only/nanomq-5bc8dfcb57-wch2b to <pi-host>
  Normal  Pulled     5m11s  kubelet            spec.containers{nanomq}: Container image "emqx/nanomq:0.21-slim" already present on machine
  Normal  Created    5m11s  kubelet            spec.containers{nanomq}: Created container: nanomq
  Normal  Started    5m10s  kubelet            spec.containers{nanomq}: Started container nanomq


Name:             postgres-0
Namespace:        nanomq-only
Priority:         0
Service Account:  default
Node:             <pi-host>/<pi-ip>
Start Time:       Mon, 27 Apr 2026 08:38:05 +0200
Labels:           app=postgres
                  apps.kubernetes.io/pod-index=0
                  controller-revision-hash=postgres-d5f747749
                  statefulset.kubernetes.io/pod-name=postgres-0
Annotations:      cni.projectcalico.org/containerID: 265f5d1ee08a93e45e09bddf04e4d5ed6a74027de57cb8908d42fab638668a65
                  cni.projectcalico.org/podIP: <pod-ip>/32
                  cni.projectcalico.org/podIPs: <pod-ip>/32
Status:           Running
IP:               <pod-ip>
IPs:
  IP:           <pod-ip>
Controlled By:  StatefulSet/postgres
Containers:
  postgres:
    Container ID:   containerd://7659a9c0521dec254a51e8f6cb38e0e82fe9f11f08615b9a8169668cb29079f0
    Image:          postgres:17-alpine
    Image ID:       docker.io/library/postgres@sha256:778d0b486d6daa02b77434d0358ec57a1b21fd8b6d22ac2eef56a33e816928f6
    Port:           5432/TCP
    Host Port:      0/TCP
    State:          Running
      Started:      Mon, 27 Apr 2026 08:38:05 +0200
    Ready:          True
    Restart Count:  0
    Limits:
      cpu:     1500m
      memory:  1536Mi
    Requests:
      cpu:      100m
      memory:   256Mi
    Readiness:  exec [pg_isready -U postgres] delay=5s timeout=1s period=5s #success=1 #failure=3
    Environment:
      POSTGRES_DB:        postgres
      POSTGRES_USER:      postgres
      POSTGRES_PASSWORD:  <set to the key 'postgres-superuser-password' in secret 'hermod-secrets'>  Optional: false
    Mounts:
      /var/lib/postgresql/data from data (rw)
      /var/run/secrets/kubernetes.io/serviceaccount from kube-api-access-nbwj7 (ro)
Conditions:
  Type                        Status
  PodReadyToStartContainers   True 
  Initialized                 True 
  Ready                       True 
  ContainersReady             True 
  PodScheduled                True 
Volumes:
  data:
    Type:       PersistentVolumeClaim (a reference to a PersistentVolumeClaim in the same namespace)
    ClaimName:  data-postgres-0
    ReadOnly:   false
  kube-api-access-nbwj7:
    Type:                    Projected (a volume that contains injected data from multiple sources)
    TokenExpirationSeconds:  3607
    ConfigMapName:           kube-root-ca.crt
    Optional:                false
    DownwardAPI:             true
QoS Class:                   Burstable
Node-Selectors:              <none>
Tolerations:                 node.kubernetes.io/not-ready:NoExecute op=Exists for 300s
                             node.kubernetes.io/unreachable:NoExecute op=Exists for 300s
Events:                      <none>

=== ts=1777273871 ===
Name:             nanomq-5bc8dfcb57-wch2b
Namespace:        nanomq-only
Priority:         0
Service Account:  default
Node:             <pi-host>/<pi-ip>
Start Time:       Mon, 27 Apr 2026 09:05:49 +0200
Labels:           app=nanomq
                  pod-template-hash=5bc8dfcb57
Annotations:      cni.projectcalico.org/containerID: 70e5c88eab39973debd9dc2a0385187cc7393bd7e3f06790adeb5230f218f21e
                  cni.projectcalico.org/podIP: <pod-ip>/32
                  cni.projectcalico.org/podIPs: <pod-ip>/32
                  kubectl.kubernetes.io/restartedAt: 2026-04-27T09:05:48+02:00
Status:           Running
IP:               <pod-ip>
IPs:
  IP:           <pod-ip>
Controlled By:  ReplicaSet/nanomq-5bc8dfcb57
Containers:
  nanomq:
    Container ID:   containerd://7c7e6cdaa74799483f2b8fe3791d9acf1fe12a1581c434933bdbc2611b18b761
    Image:          emqx/nanomq:0.21-slim
    Image ID:       docker.io/emqx/nanomq@sha256:53bea7acb547aced1cc45e08c514628f1e41c4da9ad544fd8c5fa96d3e9eb41b
    Ports:          1883/TCP (mqtt), 8081/TCP (http)
    Host Ports:     0/TCP (mqtt), 0/TCP (http)
    State:          Running
      Started:      Mon, 27 Apr 2026 09:05:50 +0200
    Ready:          True
    Restart Count:  0
    Limits:
      cpu:     1
      memory:  512Mi
    Requests:
      cpu:        50m
      memory:     64Mi
    Readiness:    tcp-socket :1883 delay=3s timeout=1s period=5s #success=1 #failure=3
    Environment:  <none>
    Mounts:
      /etc/nanomq.conf from config (rw,path="nanomq.conf")
      /var/run/secrets/kubernetes.io/serviceaccount from kube-api-access-pklwl (ro)
Conditions:
  Type                        Status
  PodReadyToStartContainers   True 
  Initialized                 True 
  Ready                       True 
  ContainersReady             True 
  PodScheduled                True 
Volumes:
  config:
    Type:      ConfigMap (a volume populated by a ConfigMap)
    Name:      nanomq-config
    Optional:  false
  kube-api-access-pklwl:
    Type:                    Projected (a volume that contains injected data from multiple sources)
    TokenExpirationSeconds:  3607
    ConfigMapName:           kube-root-ca.crt
    Optional:                false
    DownwardAPI:             true
QoS Class:                   Burstable
Node-Selectors:              <none>
Tolerations:                 node.kubernetes.io/not-ready:NoExecute op=Exists for 300s
                             node.kubernetes.io/unreachable:NoExecute op=Exists for 300s
Events:                      <none>


Name:             postgres-0
Namespace:        nanomq-only
Priority:         0
Service Account:  default
Node:             <pi-host>/<pi-ip>
Start Time:       Mon, 27 Apr 2026 08:38:05 +0200
Labels:           app=postgres
                  apps.kubernetes.io/pod-index=0
                  controller-revision-hash=postgres-d5f747749
                  statefulset.kubernetes.io/pod-name=postgres-0
Annotations:      cni.projectcalico.org/containerID: 265f5d1ee08a93e45e09bddf04e4d5ed6a74027de57cb8908d42fab638668a65
                  cni.projectcalico.org/podIP: <pod-ip>/32
                  cni.projectcalico.org/podIPs: <pod-ip>/32
Status:           Running
IP:               <pod-ip>
IPs:
  IP:           <pod-ip>
Controlled By:  StatefulSet/postgres
Containers:
  postgres:
    Container ID:   containerd://7659a9c0521dec254a51e8f6cb38e0e82fe9f11f08615b9a8169668cb29079f0
    Image:          postgres:17-alpine
    Image ID:       docker.io/library/postgres@sha256:778d0b486d6daa02b77434d0358ec57a1b21fd8b6d22ac2eef56a33e816928f6
    Port:           5432/TCP
    Host Port:      0/TCP
    State:          Running
      Started:      Mon, 27 Apr 2026 08:38:05 +0200
    Ready:          True
    Restart Count:  0
    Limits:
      cpu:     1500m
      memory:  1536Mi
    Requests:
      cpu:      100m
      memory:   256Mi
    Readiness:  exec [pg_isready -U postgres] delay=5s timeout=1s period=5s #success=1 #failure=3
    Environment:
      POSTGRES_DB:        postgres
      POSTGRES_USER:      postgres
      POSTGRES_PASSWORD:  <set to the key 'postgres-superuser-password' in secret 'hermod-secrets'>  Optional: false
    Mounts:
      /var/lib/postgresql/data from data (rw)
      /var/run/secrets/kubernetes.io/serviceaccount from kube-api-access-nbwj7 (ro)
Conditions:
  Type                        Status
  PodReadyToStartContainers   True 
  Initialized                 True 
  Ready                       True 
  ContainersReady             True 
  PodScheduled                True 
Volumes:
  data:
    Type:       PersistentVolumeClaim (a reference to a PersistentVolumeClaim in the same namespace)
    ClaimName:  data-postgres-0
    ReadOnly:   false
  kube-api-access-nbwj7:
    Type:                    Projected (a volume that contains injected data from multiple sources)
    TokenExpirationSeconds:  3607
    ConfigMapName:           kube-root-ca.crt
    Optional:                false
    DownwardAPI:             true
QoS Class:                   Burstable
Node-Selectors:              <none>
Tolerations:                 node.kubernetes.io/not-ready:NoExecute op=Exists for 300s
                             node.kubernetes.io/unreachable:NoExecute op=Exists for 300s
Events:                      <none>

=== ts=1777273882 ===
Name:             nanomq-5bc8dfcb57-wch2b
Namespace:        nanomq-only
Priority:         0
Service Account:  default
Node:             <pi-host>/<pi-ip>
Start Time:       Mon, 27 Apr 2026 09:05:49 +0200
Labels:           app=nanomq
                  pod-template-hash=5bc8dfcb57
Annotations:      cni.projectcalico.org/containerID: 70e5c88eab39973debd9dc2a0385187cc7393bd7e3f06790adeb5230f218f21e
                  cni.projectcalico.org/podIP: <pod-ip>/32
                  cni.projectcalico.org/podIPs: <pod-ip>/32
                  kubectl.kubernetes.io/restartedAt: 2026-04-27T09:05:48+02:00
Status:           Running
IP:               <pod-ip>
IPs:
  IP:           <pod-ip>
Controlled By:  ReplicaSet/nanomq-5bc8dfcb57
Containers:
  nanomq:
    Container ID:   containerd://7c7e6cdaa74799483f2b8fe3791d9acf1fe12a1581c434933bdbc2611b18b761
    Image:          emqx/nanomq:0.21-slim
    Image ID:       docker.io/emqx/nanomq@sha256:53bea7acb547aced1cc45e08c514628f1e41c4da9ad544fd8c5fa96d3e9eb41b
    Ports:          1883/TCP (mqtt), 8081/TCP (http)
    Host Ports:     0/TCP (mqtt), 0/TCP (http)
    State:          Running
      Started:      Mon, 27 Apr 2026 09:05:50 +0200
    Ready:          True
    Restart Count:  0
    Limits:
      cpu:     1
      memory:  512Mi
    Requests:
      cpu:        50m
      memory:     64Mi
    Readiness:    tcp-socket :1883 delay=3s timeout=1s period=5s #success=1 #failure=3
    Environment:  <none>
    Mounts:
      /etc/nanomq.conf from config (rw,path="nanomq.conf")
      /var/run/secrets/kubernetes.io/serviceaccount from kube-api-access-pklwl (ro)
Conditions:
  Type                        Status
  PodReadyToStartContainers   True 
  Initialized                 True 
  Ready                       True 
  ContainersReady             True 
  PodScheduled                True 
Volumes:
  config:
    Type:      ConfigMap (a volume populated by a ConfigMap)
    Name:      nanomq-config
    Optional:  false
  kube-api-access-pklwl:
    Type:                    Projected (a volume that contains injected data from multiple sources)
    TokenExpirationSeconds:  3607
    ConfigMapName:           kube-root-ca.crt
    Optional:                false
    DownwardAPI:             true
QoS Class:                   Burstable
Node-Selectors:              <none>
Tolerations:                 node.kubernetes.io/not-ready:NoExecute op=Exists for 300s
                             node.kubernetes.io/unreachable:NoExecute op=Exists for 300s
Events:                      <none>


Name:             postgres-0
Namespace:        nanomq-only
Priority:         0
Service Account:  default
Node:             <pi-host>/<pi-ip>
Start Time:       Mon, 27 Apr 2026 08:38:05 +0200
Labels:           app=postgres
                  apps.kubernetes.io/pod-index=0
                  controller-revision-hash=postgres-d5f747749
                  statefulset.kubernetes.io/pod-name=postgres-0
Annotations:      cni.projectcalico.org/containerID: 265f5d1ee08a93e45e09bddf04e4d5ed6a74027de57cb8908d42fab638668a65
                  cni.projectcalico.org/podIP: <pod-ip>/32
                  cni.projectcalico.org/podIPs: <pod-ip>/32
Status:           Running
IP:               <pod-ip>
IPs:
  IP:           <pod-ip>
Controlled By:  StatefulSet/postgres
Containers:
  postgres:
    Container ID:   containerd://7659a9c0521dec254a51e8f6cb38e0e82fe9f11f08615b9a8169668cb29079f0
    Image:          postgres:17-alpine
    Image ID:       docker.io/library/postgres@sha256:778d0b486d6daa02b77434d0358ec57a1b21fd8b6d22ac2eef56a33e816928f6
    Port:           5432/TCP
    Host Port:      0/TCP
    State:          Running
      Started:      Mon, 27 Apr 2026 08:38:05 +0200
    Ready:          True
    Restart Count:  0
    Limits:
      cpu:     1500m
      memory:  1536Mi
    Requests:
      cpu:      100m
      memory:   256Mi
    Readiness:  exec [pg_isready -U postgres] delay=5s timeout=1s period=5s #success=1 #failure=3
    Environment:
      POSTGRES_DB:        postgres
      POSTGRES_USER:      postgres
      POSTGRES_PASSWORD:  <set to the key 'postgres-superuser-password' in secret 'hermod-secrets'>  Optional: false
    Mounts:
      /var/lib/postgresql/data from data (rw)
      /var/run/secrets/kubernetes.io/serviceaccount from kube-api-access-nbwj7 (ro)
Conditions:
  Type                        Status
  PodReadyToStartContainers   True 
  Initialized                 True 
  Ready                       True 
  ContainersReady             True 
  PodScheduled                True 
Volumes:
  data:
    Type:       PersistentVolumeClaim (a reference to a PersistentVolumeClaim in the same namespace)
    ClaimName:  data-postgres-0
    ReadOnly:   false
  kube-api-access-nbwj7:
    Type:                    Projected (a volume that contains injected data from multiple sources)
    TokenExpirationSeconds:  3607
    ConfigMapName:           kube-root-ca.crt
    Optional:                false
    DownwardAPI:             true
QoS Class:                   Burstable
Node-Selectors:              <none>
Tolerations:                 node.kubernetes.io/not-ready:NoExecute op=Exists for 300s
                             node.kubernetes.io/unreachable:NoExecute op=Exists for 300s
Events:                      <none>

=== ts=1777273893 ===
Name:             nanomq-5bc8dfcb57-wch2b
Namespace:        nanomq-only
Priority:         0
Service Account:  default
Node:             <pi-host>/<pi-ip>
Start Time:       Mon, 27 Apr 2026 09:05:49 +0200
Labels:           app=nanomq
                  pod-template-hash=5bc8dfcb57
Annotations:      cni.projectcalico.org/containerID: 70e5c88eab39973debd9dc2a0385187cc7393bd7e3f06790adeb5230f218f21e
                  cni.projectcalico.org/podIP: <pod-ip>/32
                  cni.projectcalico.org/podIPs: <pod-ip>/32
                  kubectl.kubernetes.io/restartedAt: 2026-04-27T09:05:48+02:00
Status:           Running
IP:               <pod-ip>
IPs:
  IP:           <pod-ip>
Controlled By:  ReplicaSet/nanomq-5bc8dfcb57
Containers:
  nanomq:
    Container ID:   containerd://7c7e6cdaa74799483f2b8fe3791d9acf1fe12a1581c434933bdbc2611b18b761
    Image:          emqx/nanomq:0.21-slim
    Image ID:       docker.io/emqx/nanomq@sha256:53bea7acb547aced1cc45e08c514628f1e41c4da9ad544fd8c5fa96d3e9eb41b
    Ports:          1883/TCP (mqtt), 8081/TCP (http)
    Host Ports:     0/TCP (mqtt), 0/TCP (http)
    State:          Running
      Started:      Mon, 27 Apr 2026 09:05:50 +0200
    Ready:          True
    Restart Count:  0
    Limits:
      cpu:     1
      memory:  512Mi
    Requests:
      cpu:        50m
      memory:     64Mi
    Readiness:    tcp-socket :1883 delay=3s timeout=1s period=5s #success=1 #failure=3
    Environment:  <none>
    Mounts:
      /etc/nanomq.conf from config (rw,path="nanomq.conf")
      /var/run/secrets/kubernetes.io/serviceaccount from kube-api-access-pklwl (ro)
Conditions:
  Type                        Status
  PodReadyToStartContainers   True 
  Initialized                 True 
  Ready                       True 
  ContainersReady             True 
  PodScheduled                True 
Volumes:
  config:
    Type:      ConfigMap (a volume populated by a ConfigMap)
    Name:      nanomq-config
    Optional:  false
  kube-api-access-pklwl:
    Type:                    Projected (a volume that contains injected data from multiple sources)
    TokenExpirationSeconds:  3607
    ConfigMapName:           kube-root-ca.crt
    Optional:                false
    DownwardAPI:             true
QoS Class:                   Burstable
Node-Selectors:              <none>
Tolerations:                 node.kubernetes.io/not-ready:NoExecute op=Exists for 300s
                             node.kubernetes.io/unreachable:NoExecute op=Exists for 300s
Events:                      <none>


Name:             postgres-0
Namespace:        nanomq-only
Priority:         0
Service Account:  default
Node:             <pi-host>/<pi-ip>
Start Time:       Mon, 27 Apr 2026 08:38:05 +0200
Labels:           app=postgres
                  apps.kubernetes.io/pod-index=0
                  controller-revision-hash=postgres-d5f747749
                  statefulset.kubernetes.io/pod-name=postgres-0
Annotations:      cni.projectcalico.org/containerID: 265f5d1ee08a93e45e09bddf04e4d5ed6a74027de57cb8908d42fab638668a65
                  cni.projectcalico.org/podIP: <pod-ip>/32
                  cni.projectcalico.org/podIPs: <pod-ip>/32
Status:           Running
IP:               <pod-ip>
IPs:
  IP:           <pod-ip>
Controlled By:  StatefulSet/postgres
Containers:
  postgres:
    Container ID:   containerd://7659a9c0521dec254a51e8f6cb38e0e82fe9f11f08615b9a8169668cb29079f0
    Image:          postgres:17-alpine
    Image ID:       docker.io/library/postgres@sha256:778d0b486d6daa02b77434d0358ec57a1b21fd8b6d22ac2eef56a33e816928f6
    Port:           5432/TCP
    Host Port:      0/TCP
    State:          Running
      Started:      Mon, 27 Apr 2026 08:38:05 +0200
    Ready:          True
    Restart Count:  0
    Limits:
      cpu:     1500m
      memory:  1536Mi
    Requests:
      cpu:      100m
      memory:   256Mi
    Readiness:  exec [pg_isready -U postgres] delay=5s timeout=1s period=5s #success=1 #failure=3
    Environment:
      POSTGRES_DB:        postgres
      POSTGRES_USER:      postgres
      POSTGRES_PASSWORD:  <set to the key 'postgres-superuser-password' in secret 'hermod-secrets'>  Optional: false
    Mounts:
      /var/lib/postgresql/data from data (rw)
      /var/run/secrets/kubernetes.io/serviceaccount from kube-api-access-nbwj7 (ro)
Conditions:
  Type                        Status
  PodReadyToStartContainers   True 
  Initialized                 True 
  Ready                       True 
  ContainersReady             True 
  PodScheduled                True 
Volumes:
  data:
    Type:       PersistentVolumeClaim (a reference to a PersistentVolumeClaim in the same namespace)
    ClaimName:  data-postgres-0
    ReadOnly:   false
  kube-api-access-nbwj7:
    Type:                    Projected (a volume that contains injected data from multiple sources)
    TokenExpirationSeconds:  3607
    ConfigMapName:           kube-root-ca.crt
    Optional:                false
    DownwardAPI:             true
QoS Class:                   Burstable
Node-Selectors:              <none>
Tolerations:                 node.kubernetes.io/not-ready:NoExecute op=Exists for 300s
                             node.kubernetes.io/unreachable:NoExecute op=Exists for 300s
Events:                      <none>

=== ts=1777273904 ===
Name:             nanomq-5bc8dfcb57-wch2b
Namespace:        nanomq-only
Priority:         0
Service Account:  default
Node:             <pi-host>/<pi-ip>
Start Time:       Mon, 27 Apr 2026 09:05:49 +0200
Labels:           app=nanomq
                  pod-template-hash=5bc8dfcb57
Annotations:      cni.projectcalico.org/containerID: 70e5c88eab39973debd9dc2a0385187cc7393bd7e3f06790adeb5230f218f21e
                  cni.projectcalico.org/podIP: <pod-ip>/32
                  cni.projectcalico.org/podIPs: <pod-ip>/32
                  kubectl.kubernetes.io/restartedAt: 2026-04-27T09:05:48+02:00
Status:           Running
IP:               <pod-ip>
IPs:
  IP:           <pod-ip>
Controlled By:  ReplicaSet/nanomq-5bc8dfcb57
Containers:
  nanomq:
    Container ID:   containerd://7c7e6cdaa74799483f2b8fe3791d9acf1fe12a1581c434933bdbc2611b18b761
    Image:          emqx/nanomq:0.21-slim
    Image ID:       docker.io/emqx/nanomq@sha256:53bea7acb547aced1cc45e08c514628f1e41c4da9ad544fd8c5fa96d3e9eb41b
    Ports:          1883/TCP (mqtt), 8081/TCP (http)
    Host Ports:     0/TCP (mqtt), 0/TCP (http)
    State:          Running
      Started:      Mon, 27 Apr 2026 09:05:50 +0200
    Ready:          True
    Restart Count:  0
    Limits:
      cpu:     1
      memory:  512Mi
    Requests:
      cpu:        50m
      memory:     64Mi
    Readiness:    tcp-socket :1883 delay=3s timeout=1s period=5s #success=1 #failure=3
    Environment:  <none>
    Mounts:
      /etc/nanomq.conf from config (rw,path="nanomq.conf")
      /var/run/secrets/kubernetes.io/serviceaccount from kube-api-access-pklwl (ro)
Conditions:
  Type                        Status
  PodReadyToStartContainers   True 
  Initialized                 True 
  Ready                       True 
  ContainersReady             True 
  PodScheduled                True 
Volumes:
  config:
    Type:      ConfigMap (a volume populated by a ConfigMap)
    Name:      nanomq-config
    Optional:  false
  kube-api-access-pklwl:
    Type:                    Projected (a volume that contains injected data from multiple sources)
    TokenExpirationSeconds:  3607
    ConfigMapName:           kube-root-ca.crt
    Optional:                false
    DownwardAPI:             true
QoS Class:                   Burstable
Node-Selectors:              <none>
Tolerations:                 node.kubernetes.io/not-ready:NoExecute op=Exists for 300s
                             node.kubernetes.io/unreachable:NoExecute op=Exists for 300s
Events:                      <none>


Name:             postgres-0
Namespace:        nanomq-only
Priority:         0
Service Account:  default
Node:             <pi-host>/<pi-ip>
Start Time:       Mon, 27 Apr 2026 08:38:05 +0200
Labels:           app=postgres
                  apps.kubernetes.io/pod-index=0
                  controller-revision-hash=postgres-d5f747749
                  statefulset.kubernetes.io/pod-name=postgres-0
Annotations:      cni.projectcalico.org/containerID: 265f5d1ee08a93e45e09bddf04e4d5ed6a74027de57cb8908d42fab638668a65
                  cni.projectcalico.org/podIP: <pod-ip>/32
                  cni.projectcalico.org/podIPs: <pod-ip>/32
Status:           Running
IP:               <pod-ip>
IPs:
  IP:           <pod-ip>
Controlled By:  StatefulSet/postgres
Containers:
  postgres:
    Container ID:   containerd://7659a9c0521dec254a51e8f6cb38e0e82fe9f11f08615b9a8169668cb29079f0
    Image:          postgres:17-alpine
    Image ID:       docker.io/library/postgres@sha256:778d0b486d6daa02b77434d0358ec57a1b21fd8b6d22ac2eef56a33e816928f6
    Port:           5432/TCP
    Host Port:      0/TCP
    State:          Running
      Started:      Mon, 27 Apr 2026 08:38:05 +0200
    Ready:          True
    Restart Count:  0
    Limits:
      cpu:     1500m
      memory:  1536Mi
    Requests:
      cpu:      100m
      memory:   256Mi
    Readiness:  exec [pg_isready -U postgres] delay=5s timeout=1s period=5s #success=1 #failure=3
    Environment:
      POSTGRES_DB:        postgres
      POSTGRES_USER:      postgres
      POSTGRES_PASSWORD:  <set to the key 'postgres-superuser-password' in secret 'hermod-secrets'>  Optional: false
    Mounts:
      /var/lib/postgresql/data from data (rw)
      /var/run/secrets/kubernetes.io/serviceaccount from kube-api-access-nbwj7 (ro)
Conditions:
  Type                        Status
  PodReadyToStartContainers   True 
  Initialized                 True 
  Ready                       True 
  ContainersReady             True 
  PodScheduled                True 
Volumes:
  data:
    Type:       PersistentVolumeClaim (a reference to a PersistentVolumeClaim in the same namespace)
    ClaimName:  data-postgres-0
    ReadOnly:   false
  kube-api-access-nbwj7:
    Type:                    Projected (a volume that contains injected data from multiple sources)
    TokenExpirationSeconds:  3607
    ConfigMapName:           kube-root-ca.crt
    Optional:                false
    DownwardAPI:             true
QoS Class:                   Burstable
Node-Selectors:              <none>
Tolerations:                 node.kubernetes.io/not-ready:NoExecute op=Exists for 300s
                             node.kubernetes.io/unreachable:NoExecute op=Exists for 300s
Events:                      <none>

=== ts=1777273915 ===
Name:             nanomq-5bc8dfcb57-wch2b
Namespace:        nanomq-only
Priority:         0
Service Account:  default
Node:             <pi-host>/<pi-ip>
Start Time:       Mon, 27 Apr 2026 09:05:49 +0200
Labels:           app=nanomq
                  pod-template-hash=5bc8dfcb57
Annotations:      cni.projectcalico.org/containerID: 70e5c88eab39973debd9dc2a0385187cc7393bd7e3f06790adeb5230f218f21e
                  cni.projectcalico.org/podIP: <pod-ip>/32
                  cni.projectcalico.org/podIPs: <pod-ip>/32
                  kubectl.kubernetes.io/restartedAt: 2026-04-27T09:05:48+02:00
Status:           Running
IP:               <pod-ip>
IPs:
  IP:           <pod-ip>
Controlled By:  ReplicaSet/nanomq-5bc8dfcb57
Containers:
  nanomq:
    Container ID:   containerd://7c7e6cdaa74799483f2b8fe3791d9acf1fe12a1581c434933bdbc2611b18b761
    Image:          emqx/nanomq:0.21-slim
    Image ID:       docker.io/emqx/nanomq@sha256:53bea7acb547aced1cc45e08c514628f1e41c4da9ad544fd8c5fa96d3e9eb41b
    Ports:          1883/TCP (mqtt), 8081/TCP (http)
    Host Ports:     0/TCP (mqtt), 0/TCP (http)
    State:          Running
      Started:      Mon, 27 Apr 2026 09:05:50 +0200
    Ready:          True
    Restart Count:  0
    Limits:
      cpu:     1
      memory:  512Mi
    Requests:
      cpu:        50m
      memory:     64Mi
    Readiness:    tcp-socket :1883 delay=3s timeout=1s period=5s #success=1 #failure=3
    Environment:  <none>
    Mounts:
      /etc/nanomq.conf from config (rw,path="nanomq.conf")
      /var/run/secrets/kubernetes.io/serviceaccount from kube-api-access-pklwl (ro)
Conditions:
  Type                        Status
  PodReadyToStartContainers   True 
  Initialized                 True 
  Ready                       True 
  ContainersReady             True 
  PodScheduled                True 
Volumes:
  config:
    Type:      ConfigMap (a volume populated by a ConfigMap)
    Name:      nanomq-config
    Optional:  false
  kube-api-access-pklwl:
    Type:                    Projected (a volume that contains injected data from multiple sources)
    TokenExpirationSeconds:  3607
    ConfigMapName:           kube-root-ca.crt
    Optional:                false
    DownwardAPI:             true
QoS Class:                   Burstable
Node-Selectors:              <none>
Tolerations:                 node.kubernetes.io/not-ready:NoExecute op=Exists for 300s
                             node.kubernetes.io/unreachable:NoExecute op=Exists for 300s
Events:                      <none>


Name:             postgres-0
Namespace:        nanomq-only
Priority:         0
Service Account:  default
Node:             <pi-host>/<pi-ip>
Start Time:       Mon, 27 Apr 2026 08:38:05 +0200
Labels:           app=postgres
                  apps.kubernetes.io/pod-index=0
                  controller-revision-hash=postgres-d5f747749
                  statefulset.kubernetes.io/pod-name=postgres-0
Annotations:      cni.projectcalico.org/containerID: 265f5d1ee08a93e45e09bddf04e4d5ed6a74027de57cb8908d42fab638668a65
                  cni.projectcalico.org/podIP: <pod-ip>/32
                  cni.projectcalico.org/podIPs: <pod-ip>/32
Status:           Running
IP:               <pod-ip>
IPs:
  IP:           <pod-ip>
Controlled By:  StatefulSet/postgres
Containers:
  postgres:
    Container ID:   containerd://7659a9c0521dec254a51e8f6cb38e0e82fe9f11f08615b9a8169668cb29079f0
    Image:          postgres:17-alpine
    Image ID:       docker.io/library/postgres@sha256:778d0b486d6daa02b77434d0358ec57a1b21fd8b6d22ac2eef56a33e816928f6
    Port:           5432/TCP
    Host Port:      0/TCP
    State:          Running
      Started:      Mon, 27 Apr 2026 08:38:05 +0200
    Ready:          True
    Restart Count:  0
    Limits:
      cpu:     1500m
      memory:  1536Mi
    Requests:
      cpu:      100m
      memory:   256Mi
    Readiness:  exec [pg_isready -U postgres] delay=5s timeout=1s period=5s #success=1 #failure=3
    Environment:
      POSTGRES_DB:        postgres
      POSTGRES_USER:      postgres
      POSTGRES_PASSWORD:  <set to the key 'postgres-superuser-password' in secret 'hermod-secrets'>  Optional: false
    Mounts:
      /var/lib/postgresql/data from data (rw)
      /var/run/secrets/kubernetes.io/serviceaccount from kube-api-access-nbwj7 (ro)
Conditions:
  Type                        Status
  PodReadyToStartContainers   True 
  Initialized                 True 
  Ready                       True 
  ContainersReady             True 
  PodScheduled                True 
Volumes:
  data:
    Type:       PersistentVolumeClaim (a reference to a PersistentVolumeClaim in the same namespace)
    ClaimName:  data-postgres-0
    ReadOnly:   false
  kube-api-access-nbwj7:
    Type:                    Projected (a volume that contains injected data from multiple sources)
    TokenExpirationSeconds:  3607
    ConfigMapName:           kube-root-ca.crt
    Optional:                false
    DownwardAPI:             true
QoS Class:                   Burstable
Node-Selectors:              <none>
Tolerations:                 node.kubernetes.io/not-ready:NoExecute op=Exists for 300s
                             node.kubernetes.io/unreachable:NoExecute op=Exists for 300s
Events:                      <none>

=== ts=1777273925 ===
Name:             nanomq-5bc8dfcb57-wch2b
Namespace:        nanomq-only
Priority:         0
Service Account:  default
Node:             <pi-host>/<pi-ip>
Start Time:       Mon, 27 Apr 2026 09:05:49 +0200
Labels:           app=nanomq
                  pod-template-hash=5bc8dfcb57
Annotations:      cni.projectcalico.org/containerID: 70e5c88eab39973debd9dc2a0385187cc7393bd7e3f06790adeb5230f218f21e
                  cni.projectcalico.org/podIP: <pod-ip>/32
                  cni.projectcalico.org/podIPs: <pod-ip>/32
                  kubectl.kubernetes.io/restartedAt: 2026-04-27T09:05:48+02:00
Status:           Running
IP:               <pod-ip>
IPs:
  IP:           <pod-ip>
Controlled By:  ReplicaSet/nanomq-5bc8dfcb57
Containers:
  nanomq:
    Container ID:   containerd://7c7e6cdaa74799483f2b8fe3791d9acf1fe12a1581c434933bdbc2611b18b761
    Image:          emqx/nanomq:0.21-slim
    Image ID:       docker.io/emqx/nanomq@sha256:53bea7acb547aced1cc45e08c514628f1e41c4da9ad544fd8c5fa96d3e9eb41b
    Ports:          1883/TCP (mqtt), 8081/TCP (http)
    Host Ports:     0/TCP (mqtt), 0/TCP (http)
    State:          Running
      Started:      Mon, 27 Apr 2026 09:05:50 +0200
    Ready:          True
    Restart Count:  0
    Limits:
      cpu:     1
      memory:  512Mi
    Requests:
      cpu:        50m
      memory:     64Mi
    Readiness:    tcp-socket :1883 delay=3s timeout=1s period=5s #success=1 #failure=3
    Environment:  <none>
    Mounts:
      /etc/nanomq.conf from config (rw,path="nanomq.conf")
      /var/run/secrets/kubernetes.io/serviceaccount from kube-api-access-pklwl (ro)
Conditions:
  Type                        Status
  PodReadyToStartContainers   True 
  Initialized                 True 
  Ready                       True 
  ContainersReady             True 
  PodScheduled                True 
Volumes:
  config:
    Type:      ConfigMap (a volume populated by a ConfigMap)
    Name:      nanomq-config
    Optional:  false
  kube-api-access-pklwl:
    Type:                    Projected (a volume that contains injected data from multiple sources)
    TokenExpirationSeconds:  3607
    ConfigMapName:           kube-root-ca.crt
    Optional:                false
    DownwardAPI:             true
QoS Class:                   Burstable
Node-Selectors:              <none>
Tolerations:                 node.kubernetes.io/not-ready:NoExecute op=Exists for 300s
                             node.kubernetes.io/unreachable:NoExecute op=Exists for 300s
Events:                      <none>


Name:             postgres-0
Namespace:        nanomq-only
Priority:         0
Service Account:  default
Node:             <pi-host>/<pi-ip>
Start Time:       Mon, 27 Apr 2026 08:38:05 +0200
Labels:           app=postgres
                  apps.kubernetes.io/pod-index=0
                  controller-revision-hash=postgres-d5f747749
                  statefulset.kubernetes.io/pod-name=postgres-0
Annotations:      cni.projectcalico.org/containerID: 265f5d1ee08a93e45e09bddf04e4d5ed6a74027de57cb8908d42fab638668a65
                  cni.projectcalico.org/podIP: <pod-ip>/32
                  cni.projectcalico.org/podIPs: <pod-ip>/32
Status:           Running
IP:               <pod-ip>
IPs:
  IP:           <pod-ip>
Controlled By:  StatefulSet/postgres
Containers:
  postgres:
    Container ID:   containerd://7659a9c0521dec254a51e8f6cb38e0e82fe9f11f08615b9a8169668cb29079f0
    Image:          postgres:17-alpine
    Image ID:       docker.io/library/postgres@sha256:778d0b486d6daa02b77434d0358ec57a1b21fd8b6d22ac2eef56a33e816928f6
    Port:           5432/TCP
    Host Port:      0/TCP
    State:          Running
      Started:      Mon, 27 Apr 2026 08:38:05 +0200
    Ready:          True
    Restart Count:  0
    Limits:
      cpu:     1500m
      memory:  1536Mi
    Requests:
      cpu:      100m
      memory:   256Mi
    Readiness:  exec [pg_isready -U postgres] delay=5s timeout=1s period=5s #success=1 #failure=3
    Environment:
      POSTGRES_DB:        postgres
      POSTGRES_USER:      postgres
      POSTGRES_PASSWORD:  <set to the key 'postgres-superuser-password' in secret 'hermod-secrets'>  Optional: false
    Mounts:
      /var/lib/postgresql/data from data (rw)
      /var/run/secrets/kubernetes.io/serviceaccount from kube-api-access-nbwj7 (ro)
Conditions:
  Type                        Status
  PodReadyToStartContainers   True 
  Initialized                 True 
  Ready                       True 
  ContainersReady             True 
  PodScheduled                True 
Volumes:
  data:
    Type:       PersistentVolumeClaim (a reference to a PersistentVolumeClaim in the same namespace)
    ClaimName:  data-postgres-0
    ReadOnly:   false
  kube-api-access-nbwj7:
    Type:                    Projected (a volume that contains injected data from multiple sources)
    TokenExpirationSeconds:  3607
    ConfigMapName:           kube-root-ca.crt
    Optional:                false
    DownwardAPI:             true
QoS Class:                   Burstable
Node-Selectors:              <none>
Tolerations:                 node.kubernetes.io/not-ready:NoExecute op=Exists for 300s
                             node.kubernetes.io/unreachable:NoExecute op=Exists for 300s
Events:                      <none>

