=== ts=1777258650 ===
Name:                      hermod-coordinator-5b4c4969d8-sbhnb
Namespace:                 coord-only
Priority:                  0
Service Account:           default
Node:                      <pi-host>/<pi-ip>
Start Time:                Mon, 27 Apr 2026 04:57:18 +0200
Labels:                    app=hermod-coordinator
                           pod-template-hash=5b4c4969d8
Annotations:               cni.projectcalico.org/containerID: 62c321c73137d3086b5d4ff60ff6b2fee0d0dc2650b5de53c079c90489bdff8b
                           cni.projectcalico.org/podIP: <pod-ip>/32
                           cni.projectcalico.org/podIPs: <pod-ip>/32
                           kubectl.kubernetes.io/restartedAt: 2026-04-27T04:57:12+02:00
Status:                    Terminating (lasts <invalid>)
Termination Grace Period:  30s
IP:                        <pod-ip>
IPs:
  IP:           <pod-ip>
Controlled By:  ReplicaSet/hermod-coordinator-5b4c4969d8
Init Containers:
  wait-for-postgres:
    Container ID:  containerd://291b5f8dbc213baf69d0fa6e947e773dcab575d69fd15fc4569080662f4d562a
    Image:         busybox:1.36
    Image ID:      docker.io/library/busybox@sha256:73aaf090f3d85aa34ee199857f03fa3a95c8ede2ffd4cc2cdb5b94e566b11662
    Port:          <none>
    Host Port:     <none>
    Command:
      sh
      -c
      until nc -z postgres 5432; do sleep 2; done
    State:          Terminated
      Reason:       Completed
      Exit Code:    0
      Started:      Mon, 27 Apr 2026 04:57:19 +0200
      Finished:     Mon, 27 Apr 2026 04:57:19 +0200
    Ready:          True
    Restart Count:  0
    Environment:
      Hermod__Features__DeviceStateTracking:  true
      Hermod__Engine__LogBatchSize:           100
      Hermod__Engine__LogBatching:            true
      Hermod__Engine__Parallelism:            0
      Hermod__Features__MessagePersistence:   true
      Hermod__Features__RuleAuditLog:         true
      Hermod__Features__RuleCache:            false
      Hermod__Features__StatsRollup:          true
      Hermod__Storage__Mode:                  Postgres
    Mounts:
      /var/run/secrets/kubernetes.io/serviceaccount from kube-api-access-x9qvv (ro)
  wait-for-nanomq:
    Container ID:  containerd://a68f546701adf9d14c3f433e33b9282eba0425077e1627fcff26e233f2a6cc41
    Image:         busybox:1.36
    Image ID:      docker.io/library/busybox@sha256:73aaf090f3d85aa34ee199857f03fa3a95c8ede2ffd4cc2cdb5b94e566b11662
    Port:          <none>
    Host Port:     <none>
    Command:
      sh
      -c
      until nc -z nanomq 1883; do sleep 2; done
    State:          Terminated
      Reason:       Completed
      Exit Code:    0
      Started:      Mon, 27 Apr 2026 04:57:20 +0200
      Finished:     Mon, 27 Apr 2026 04:57:23 +0200
    Ready:          True
    Restart Count:  0
    Environment:
      Hermod__Features__DeviceStateTracking:  true
      Hermod__Engine__LogBatchSize:           100
      Hermod__Engine__LogBatching:            true
      Hermod__Engine__Parallelism:            0
      Hermod__Features__MessagePersistence:   true
      Hermod__Features__RuleAuditLog:         true
      Hermod__Features__RuleCache:            false
      Hermod__Features__StatsRollup:          true
      Hermod__Storage__Mode:                  Postgres
    Mounts:
      /var/run/secrets/kubernetes.io/serviceaccount from kube-api-access-x9qvv (ro)
Containers:
  hermod-coordinator:
    Container ID:   containerd://65adefd6c1b9ea5657251ec103e6debbbb5f141d13c5c9b9580087dd8b9c884d
    Image:          hermod-coordinator:latest
    Image ID:       sha256:ca91ccdfcd269dd5e4e25d5ffe8d863ca5db57e5c4f62f08c8adf90d23c15eaf
    Port:           42069/TCP (http)
    Host Port:      0/TCP (http)
    State:          Running
      Started:      Mon, 27 Apr 2026 04:57:24 +0200
    Ready:          True
    Restart Count:  0
    Limits:
      cpu:     1500m
      memory:  1536Mi
    Requests:
      cpu:      200m
      memory:   256Mi
    Liveness:   http-get http://:42069/healthz delay=60s timeout=1s period=30s #success=1 #failure=3
    Readiness:  http-get http://:42069/healthz/ready delay=5s timeout=1s period=10s #success=1 #failure=3
    Startup:    http-get http://:42069/healthz delay=0s timeout=1s period=5s #success=1 #failure=30
    Environment:
      ASPNETCORE_ENVIRONMENT:                 Production
      ASPNETCORE_URLS:                        http://+:42069
      DOTNET_USE_POLLING_FILE_WATCHER:        true
      Hermod__Security__AuthBypass:           true
      Hermod__Security__VaultRequireHttps:    false
      Hermod__Features__MetricsEndpoint:      true
      Hermod__Dev__Endpoints:                 true
      Hermod__Mqtt__Host:                     nanomq
      Hermod__Mqtt__Port:                     1883
      Hermod__Mqtt__UseTls:                   false
      Hermod__Mqtt__Tls__UseTls:              false
      Hermod__Mqtt__Username:                 <set to the key 'mqtt-username' in secret 'hermod-secrets'>  Optional: false
      Hermod__Mqtt__Password:                 <set to the key 'mqtt-password' in secret 'hermod-secrets'>  Optional: false
      Hermod__Database__ConnectionString:     Host=postgres;Port=5432;Database=hermod;Username=hermod_app
      Hermod__Database__Password:             <set to the key 'hermod-db-password' in secret 'hermod-db-credentials'>  Optional: false
      Hermod__Features__DeviceStateTracking:  true
      Hermod__Engine__LogBatchSize:           100
      Hermod__Engine__LogBatching:            true
      Hermod__Engine__Parallelism:            0
      Hermod__Features__MessagePersistence:   true
      Hermod__Features__RuleAuditLog:         true
      Hermod__Features__RuleCache:            false
      Hermod__Features__StatsRollup:          true
      Hermod__Storage__Mode:                  Postgres
    Mounts:
      /var/run/secrets/kubernetes.io/serviceaccount from kube-api-access-x9qvv (ro)
Conditions:
  Type                        Status
  PodReadyToStartContainers   True 
  Initialized                 True 
  Ready                       True 
  ContainersReady             True 
  PodScheduled                True 
Volumes:
  kube-api-access-x9qvv:
    Type:                    Projected (a volume that contains injected data from multiple sources)
    TokenExpirationSeconds:  3607
    ConfigMapName:           kube-root-ca.crt
    Optional:                false
    DownwardAPI:             true
QoS Class:                   Burstable
Node-Selectors:              <none>
Tolerations:                 node.kubernetes.io/not-ready:NoExecute op=Exists for 300s
                             node.kubernetes.io/unreachable:NoExecute op=Exists for 300s
Events:
  Type    Reason     Age   From               Message
  ----    ------     ----  ----               -------
  Normal  Scheduled  12s   default-scheduler  Successfully assigned coord-only/hermod-coordinator-5b4c4969d8-sbhnb to <pi-host>
  Normal  Pulled     11s   kubelet            spec.initContainers{wait-for-postgres}: Container image "busybox:1.36" already present on machine
  Normal  Created    11s   kubelet            spec.initContainers{wait-for-postgres}: Created container: wait-for-postgres
  Normal  Started    11s   kubelet            spec.initContainers{wait-for-postgres}: Started container wait-for-postgres
  Normal  Pulled     10s   kubelet            spec.initContainers{wait-for-nanomq}: Container image "busybox:1.36" already present on machine
  Normal  Created    10s   kubelet            spec.initContainers{wait-for-nanomq}: Created container: wait-for-nanomq
  Normal  Started    10s   kubelet            spec.initContainers{wait-for-nanomq}: Started container wait-for-nanomq
  Normal  Pulled     6s    kubelet            spec.containers{hermod-coordinator}: Container image "hermod-coordinator:latest" already present on machine
  Normal  Created    6s    kubelet            spec.containers{hermod-coordinator}: Created container: hermod-coordinator
  Normal  Started    6s    kubelet            spec.containers{hermod-coordinator}: Started container hermod-coordinator


Name:             nanomq-76bd7959b5-nxj6x
Namespace:        coord-only
Priority:         0
Service Account:  default
Node:             <pi-host>/<pi-ip>
Start Time:       Mon, 27 Apr 2026 04:57:14 +0200
Labels:           app=nanomq
                  pod-template-hash=76bd7959b5
Annotations:      cni.projectcalico.org/containerID: 6f547526445c6a40249c75b30db24fca701752ad0b2c0b13662f5dbcb0a46a7d
                  cni.projectcalico.org/podIP: <pod-ip>/32
                  cni.projectcalico.org/podIPs: <pod-ip>/32
                  kubectl.kubernetes.io/restartedAt: 2026-04-27T04:57:12+02:00
Status:           Running
IP:               <pod-ip>
IPs:
  IP:           <pod-ip>
Controlled By:  ReplicaSet/nanomq-76bd7959b5
Containers:
  nanomq:
    Container ID:   containerd://446cacad26cd1a6322ae945d76d022f0da7d8a27adf1a85a6edbedb27b204e7b
    Image:          emqx/nanomq:0.21-slim
    Image ID:       docker.io/emqx/nanomq@sha256:53bea7acb547aced1cc45e08c514628f1e41c4da9ad544fd8c5fa96d3e9eb41b
    Ports:          1883/TCP (mqtt), 8081/TCP (http)
    Host Ports:     0/TCP (mqtt), 0/TCP (http)
    State:          Running
      Started:      Mon, 27 Apr 2026 04:57:15 +0200
    Ready:          True
    Restart Count:  0
    Limits:
      cpu:     1
      memory:  512Mi
    Requests:
      cpu:        50m
      memory:     64Mi
    Liveness:     tcp-socket :1883 delay=10s timeout=1s period=10s #success=1 #failure=3
    Readiness:    tcp-socket :1883 delay=3s timeout=1s period=5s #success=1 #failure=3
    Environment:  <none>
    Mounts:
      /etc/nanomq.conf from config (rw,path="nanomq.conf")
      /var/run/secrets/kubernetes.io/serviceaccount from kube-api-access-5nwtw (ro)
Conditions:
  Type                        Status
  PodReadyToStartContainers   True 
  Initialized                 True 
  Ready                       True 
  ContainersReady             True 
  PodScheduled                True 
Volumes:
  config:
    Type:      ConfigMap (a volume populated by a ConfigMap)
    Name:      nanomq-config
    Optional:  false
  kube-api-access-5nwtw:
    Type:                    Projected (a volume that contains injected data from multiple sources)
    TokenExpirationSeconds:  3607
    ConfigMapName:           kube-root-ca.crt
    Optional:                false
    DownwardAPI:             true
QoS Class:                   Burstable
Node-Selectors:              <none>
Tolerations:                 node.kubernetes.io/not-ready:NoExecute op=Exists for 300s
                             node.kubernetes.io/unreachable:NoExecute op=Exists for 300s
Events:
  Type    Reason     Age   From               Message
  ----    ------     ----  ----               -------
  Normal  Scheduled  16s   default-scheduler  Successfully assigned coord-only/nanomq-76bd7959b5-nxj6x to <pi-host>
  Normal  Pulled     15s   kubelet            spec.containers{nanomq}: Container image "emqx/nanomq:0.21-slim" already present on machine
  Normal  Created    15s   kubelet            spec.containers{nanomq}: Created container: nanomq
  Normal  Started    15s   kubelet            spec.containers{nanomq}: Started container nanomq


Name:             postgres-0
Namespace:        coord-only
Priority:         0
Service Account:  default
Node:             <pi-host>/<pi-ip>
Start Time:       Mon, 27 Apr 2026 04:16:57 +0200
Labels:           app=postgres
                  apps.kubernetes.io/pod-index=0
                  controller-revision-hash=postgres-6497897965
                  statefulset.kubernetes.io/pod-name=postgres-0
Annotations:      cni.projectcalico.org/containerID: 69fb4823b666d3d2a1395c00ab9b26a33337431372918fb41d9f85f42d91a056
                  cni.projectcalico.org/podIP: <pod-ip>/32
                  cni.projectcalico.org/podIPs: <pod-ip>/32
Status:           Running
IP:               <pod-ip>
IPs:
  IP:           <pod-ip>
Controlled By:  StatefulSet/postgres
Containers:
  postgres:
    Container ID:  containerd://adf8585ccc9b705cf0261f22f8e1c254a24670c72b998bb7a052f31e3a5ae5be
    Image:         postgres:17-alpine
    Image ID:      docker.io/library/postgres@sha256:778d0b486d6daa02b77434d0358ec57a1b21fd8b6d22ac2eef56a33e816928f6
    Port:          5432/TCP
    Host Port:     0/TCP
    Args:
      -c
      shared_buffers=256MB
      -c
      max_connections=200
      -c
      work_mem=16MB
    State:          Running
      Started:      Mon, 27 Apr 2026 04:16:58 +0200
    Ready:          True
    Restart Count:  0
    Limits:
      cpu:     1500m
      memory:  1536Mi
    Requests:
      cpu:      100m
      memory:   256Mi
    Liveness:   exec [pg_isready -U postgres] delay=30s timeout=1s period=10s #success=1 #failure=3
    Readiness:  exec [pg_isready -U postgres] delay=5s timeout=1s period=5s #success=1 #failure=3
    Environment:
      POSTGRES_DB:        postgres
      POSTGRES_USER:      postgres
      POSTGRES_PASSWORD:  <set to the key 'postgres-superuser-password' in secret 'hermod-secrets'>  Optional: false
    Mounts:
      /docker-entrypoint-initdb.d from init (rw)
      /var/lib/postgresql/data from data (rw)
      /var/run/secrets/kubernetes.io/serviceaccount from kube-api-access-79j56 (ro)
Conditions:
  Type                        Status
  PodReadyToStartContainers   True 
  Initialized                 True 
  Ready                       True 
  ContainersReady             True 
  PodScheduled                True 
Volumes:
  data:
    Type:       PersistentVolumeClaim (a reference to a PersistentVolumeClaim in the same namespace)
    ClaimName:  data-postgres-0
    ReadOnly:   false
  init:
    Type:      ConfigMap (a volume populated by a ConfigMap)
    Name:      postgres-init
    Optional:  false
  kube-api-access-79j56:
    Type:                    Projected (a volume that contains injected data from multiple sources)
    TokenExpirationSeconds:  3607
    ConfigMapName:           kube-root-ca.crt
    Optional:                false
    DownwardAPI:             true
QoS Class:                   Burstable
Node-Selectors:              <none>
Tolerations:                 node.kubernetes.io/not-ready:NoExecute op=Exists for 300s
                             node.kubernetes.io/unreachable:NoExecute op=Exists for 300s
Events:                      <none>

=== ts=1777258661 ===
Name:             hermod-coordinator-68dcbd4d99-5mq54
Namespace:        coord-only
Priority:         0
Service Account:  default
Node:             <pi-host>/<pi-ip>
Start Time:       Mon, 27 Apr 2026 04:57:32 +0200
Labels:           app=hermod-coordinator
                  pod-template-hash=68dcbd4d99
Annotations:      cni.projectcalico.org/containerID: 3567cd82d2046c72b925afafacfb0b9b6651a968d3713bd56af74792118de4e3
                  cni.projectcalico.org/podIP: <pod-ip>/32
                  cni.projectcalico.org/podIPs: <pod-ip>/32
                  kubectl.kubernetes.io/restartedAt: 2026-04-27T04:57:12+02:00
Status:           Running
IP:               <pod-ip>
IPs:
  IP:           <pod-ip>
Controlled By:  ReplicaSet/hermod-coordinator-68dcbd4d99
Init Containers:
  wait-for-postgres:
    Container ID:  containerd://64f281b4505891d321da623d3768b12dad138c3404410dffa872e7800b64317a
    Image:         busybox:1.36
    Image ID:      docker.io/library/busybox@sha256:73aaf090f3d85aa34ee199857f03fa3a95c8ede2ffd4cc2cdb5b94e566b11662
    Port:          <none>
    Host Port:     <none>
    Command:
      sh
      -c
      until nc -z postgres 5432; do sleep 2; done
    State:          Terminated
      Reason:       Completed
      Exit Code:    0
      Started:      Mon, 27 Apr 2026 04:57:33 +0200
      Finished:     Mon, 27 Apr 2026 04:57:33 +0200
    Ready:          True
    Restart Count:  0
    Environment:
      Hermod__Features__DeviceStateTracking:    true
      Hermod__Engine__LogBatchSize:             100
      Hermod__Engine__LogBatching:              true
      Hermod__Engine__Parallelism:              0
      Hermod__Features__MessagePersistence:     true
      Hermod__Features__RuleAuditLog:           true
      Hermod__Features__RuleCache:              true
      Hermod__Features__StatsRollup:            false
      Hermod__Storage__Mode:                    Postgres
      Logging__LogLevel__Hermod:                Information
      Logging__LogLevel__Microsoft.AspNetCore:  Warning
    Mounts:
      /var/run/secrets/kubernetes.io/serviceaccount from kube-api-access-cnhg8 (ro)
  wait-for-nanomq:
    Container ID:  containerd://e07cb7b99a7bb0e5ba5ebe46cdfcbc3c25e1da3e531f9824f86043f367af4d49
    Image:         busybox:1.36
    Image ID:      docker.io/library/busybox@sha256:73aaf090f3d85aa34ee199857f03fa3a95c8ede2ffd4cc2cdb5b94e566b11662
    Port:          <none>
    Host Port:     <none>
    Command:
      sh
      -c
      until nc -z nanomq 1883; do sleep 2; done
    State:          Terminated
      Reason:       Completed
      Exit Code:    0
      Started:      Mon, 27 Apr 2026 04:57:34 +0200
      Finished:     Mon, 27 Apr 2026 04:57:34 +0200
    Ready:          True
    Restart Count:  0
    Environment:
      Hermod__Features__DeviceStateTracking:    true
      Hermod__Engine__LogBatchSize:             100
      Hermod__Engine__LogBatching:              true
      Hermod__Engine__Parallelism:              0
      Hermod__Features__MessagePersistence:     true
      Hermod__Features__RuleAuditLog:           true
      Hermod__Features__RuleCache:              true
      Hermod__Features__StatsRollup:            false
      Hermod__Storage__Mode:                    Postgres
      Logging__LogLevel__Hermod:                Information
      Logging__LogLevel__Microsoft.AspNetCore:  Warning
    Mounts:
      /var/run/secrets/kubernetes.io/serviceaccount from kube-api-access-cnhg8 (ro)
Containers:
  hermod-coordinator:
    Container ID:   containerd://866f4f97fc6bcd12a6e08f23be25f9a7bf8812fef35dd529b3313251b92ee91d
    Image:          hermod-coordinator:latest
    Image ID:       sha256:ca91ccdfcd269dd5e4e25d5ffe8d863ca5db57e5c4f62f08c8adf90d23c15eaf
    Port:           42069/TCP (http)
    Host Port:      0/TCP (http)
    State:          Running
      Started:      Mon, 27 Apr 2026 04:57:35 +0200
    Ready:          False
    Restart Count:  0
    Limits:
      cpu:     1500m
      memory:  1536Mi
    Requests:
      cpu:      200m
      memory:   256Mi
    Liveness:   http-get http://:42069/healthz delay=60s timeout=1s period=30s #success=1 #failure=3
    Readiness:  http-get http://:42069/healthz/ready delay=5s timeout=1s period=10s #success=1 #failure=3
    Startup:    http-get http://:42069/healthz delay=0s timeout=1s period=5s #success=1 #failure=30
    Environment:
      ASPNETCORE_ENVIRONMENT:                   Production
      ASPNETCORE_URLS:                          http://+:42069
      DOTNET_USE_POLLING_FILE_WATCHER:          true
      Hermod__Security__AuthBypass:             true
      Hermod__Security__VaultRequireHttps:      false
      Hermod__Features__MetricsEndpoint:        true
      Hermod__Dev__Endpoints:                   true
      Hermod__Mqtt__Host:                       nanomq
      Hermod__Mqtt__Port:                       1883
      Hermod__Mqtt__UseTls:                     false
      Hermod__Mqtt__Tls__UseTls:                false
      Hermod__Mqtt__Username:                   <set to the key 'mqtt-username' in secret 'hermod-secrets'>  Optional: false
      Hermod__Mqtt__Password:                   <set to the key 'mqtt-password' in secret 'hermod-secrets'>  Optional: false
      Hermod__Database__ConnectionString:       Host=postgres;Port=5432;Database=hermod;Username=hermod_app
      Hermod__Database__Password:               <set to the key 'hermod-db-password' in secret 'hermod-db-credentials'>  Optional: false
      Hermod__Features__DeviceStateTracking:    true
      Hermod__Engine__LogBatchSize:             100
      Hermod__Engine__LogBatching:              true
      Hermod__Engine__Parallelism:              0
      Hermod__Features__MessagePersistence:     true
      Hermod__Features__RuleAuditLog:           true
      Hermod__Features__RuleCache:              true
      Hermod__Features__StatsRollup:            false
      Hermod__Storage__Mode:                    Postgres
      Logging__LogLevel__Hermod:                Information
      Logging__LogLevel__Microsoft.AspNetCore:  Warning
    Mounts:
      /var/run/secrets/kubernetes.io/serviceaccount from kube-api-access-cnhg8 (ro)
Conditions:
  Type                        Status
  PodReadyToStartContainers   True 
  Initialized                 True 
  Ready                       False 
  ContainersReady             False 
  PodScheduled                True 
Volumes:
  kube-api-access-cnhg8:
    Type:                    Projected (a volume that contains injected data from multiple sources)
    TokenExpirationSeconds:  3607
    ConfigMapName:           kube-root-ca.crt
    Optional:                false
    DownwardAPI:             true
QoS Class:                   Burstable
Node-Selectors:              <none>
Tolerations:                 node.kubernetes.io/not-ready:NoExecute op=Exists for 300s
                             node.kubernetes.io/unreachable:NoExecute op=Exists for 300s
Events:
  Type    Reason     Age   From               Message
  ----    ------     ----  ----               -------
  Normal  Scheduled  9s    default-scheduler  Successfully assigned coord-only/hermod-coordinator-68dcbd4d99-5mq54 to <pi-host>
  Normal  Pulled     8s    kubelet            spec.initContainers{wait-for-postgres}: Container image "busybox:1.36" already present on machine
  Normal  Created    8s    kubelet            spec.initContainers{wait-for-postgres}: Created container: wait-for-postgres
  Normal  Started    8s    kubelet            spec.initContainers{wait-for-postgres}: Started container wait-for-postgres
  Normal  Pulled     7s    kubelet            spec.initContainers{wait-for-nanomq}: Container image "busybox:1.36" already present on machine
  Normal  Created    7s    kubelet            spec.initContainers{wait-for-nanomq}: Created container: wait-for-nanomq
  Normal  Started    7s    kubelet            spec.initContainers{wait-for-nanomq}: Started container wait-for-nanomq
  Normal  Pulled     6s    kubelet            spec.containers{hermod-coordinator}: Container image "hermod-coordinator:latest" already present on machine
  Normal  Created    6s    kubelet            spec.containers{hermod-coordinator}: Created container: hermod-coordinator
  Normal  Started    6s    kubelet            spec.containers{hermod-coordinator}: Started container hermod-coordinator


Name:             nanomq-76bd7959b5-nxj6x
Namespace:        coord-only
Priority:         0
Service Account:  default
Node:             <pi-host>/<pi-ip>
Start Time:       Mon, 27 Apr 2026 04:57:14 +0200
Labels:           app=nanomq
                  pod-template-hash=76bd7959b5
Annotations:      cni.projectcalico.org/containerID: 6f547526445c6a40249c75b30db24fca701752ad0b2c0b13662f5dbcb0a46a7d
                  cni.projectcalico.org/podIP: <pod-ip>/32
                  cni.projectcalico.org/podIPs: <pod-ip>/32
                  kubectl.kubernetes.io/restartedAt: 2026-04-27T04:57:12+02:00
Status:           Running
IP:               <pod-ip>
IPs:
  IP:           <pod-ip>
Controlled By:  ReplicaSet/nanomq-76bd7959b5
Containers:
  nanomq:
    Container ID:   containerd://446cacad26cd1a6322ae945d76d022f0da7d8a27adf1a85a6edbedb27b204e7b
    Image:          emqx/nanomq:0.21-slim
    Image ID:       docker.io/emqx/nanomq@sha256:53bea7acb547aced1cc45e08c514628f1e41c4da9ad544fd8c5fa96d3e9eb41b
    Ports:          1883/TCP (mqtt), 8081/TCP (http)
    Host Ports:     0/TCP (mqtt), 0/TCP (http)
    State:          Running
      Started:      Mon, 27 Apr 2026 04:57:15 +0200
    Ready:          True
    Restart Count:  0
    Limits:
      cpu:     1
      memory:  512Mi
    Requests:
      cpu:        50m
      memory:     64Mi
    Liveness:     tcp-socket :1883 delay=10s timeout=1s period=10s #success=1 #failure=3
    Readiness:    tcp-socket :1883 delay=3s timeout=1s period=5s #success=1 #failure=3
    Environment:  <none>
    Mounts:
      /etc/nanomq.conf from config (rw,path="nanomq.conf")
      /var/run/secrets/kubernetes.io/serviceaccount from kube-api-access-5nwtw (ro)
Conditions:
  Type                        Status
  PodReadyToStartContainers   True 
  Initialized                 True 
  Ready                       True 
  ContainersReady             True 
  PodScheduled                True 
Volumes:
  config:
    Type:      ConfigMap (a volume populated by a ConfigMap)
    Name:      nanomq-config
    Optional:  false
  kube-api-access-5nwtw:
    Type:                    Projected (a volume that contains injected data from multiple sources)
    TokenExpirationSeconds:  3607
    ConfigMapName:           kube-root-ca.crt
    Optional:                false
    DownwardAPI:             true
QoS Class:                   Burstable
Node-Selectors:              <none>
Tolerations:                 node.kubernetes.io/not-ready:NoExecute op=Exists for 300s
                             node.kubernetes.io/unreachable:NoExecute op=Exists for 300s
Events:
  Type    Reason     Age   From               Message
  ----    ------     ----  ----               -------
  Normal  Scheduled  27s   default-scheduler  Successfully assigned coord-only/nanomq-76bd7959b5-nxj6x to <pi-host>
  Normal  Pulled     26s   kubelet            spec.containers{nanomq}: Container image "emqx/nanomq:0.21-slim" already present on machine
  Normal  Created    26s   kubelet            spec.containers{nanomq}: Created container: nanomq
  Normal  Started    26s   kubelet            spec.containers{nanomq}: Started container nanomq


Name:             postgres-0
Namespace:        coord-only
Priority:         0
Service Account:  default
Node:             <pi-host>/<pi-ip>
Start Time:       Mon, 27 Apr 2026 04:16:57 +0200
Labels:           app=postgres
                  apps.kubernetes.io/pod-index=0
                  controller-revision-hash=postgres-6497897965
                  statefulset.kubernetes.io/pod-name=postgres-0
Annotations:      cni.projectcalico.org/containerID: 69fb4823b666d3d2a1395c00ab9b26a33337431372918fb41d9f85f42d91a056
                  cni.projectcalico.org/podIP: <pod-ip>/32
                  cni.projectcalico.org/podIPs: <pod-ip>/32
Status:           Running
IP:               <pod-ip>
IPs:
  IP:           <pod-ip>
Controlled By:  StatefulSet/postgres
Containers:
  postgres:
    Container ID:  containerd://adf8585ccc9b705cf0261f22f8e1c254a24670c72b998bb7a052f31e3a5ae5be
    Image:         postgres:17-alpine
    Image ID:      docker.io/library/postgres@sha256:778d0b486d6daa02b77434d0358ec57a1b21fd8b6d22ac2eef56a33e816928f6
    Port:          5432/TCP
    Host Port:     0/TCP
    Args:
      -c
      shared_buffers=256MB
      -c
      max_connections=200
      -c
      work_mem=16MB
    State:          Running
      Started:      Mon, 27 Apr 2026 04:16:58 +0200
    Ready:          True
    Restart Count:  0
    Limits:
      cpu:     1500m
      memory:  1536Mi
    Requests:
      cpu:      100m
      memory:   256Mi
    Liveness:   exec [pg_isready -U postgres] delay=30s timeout=1s period=10s #success=1 #failure=3
    Readiness:  exec [pg_isready -U postgres] delay=5s timeout=1s period=5s #success=1 #failure=3
    Environment:
      POSTGRES_DB:        postgres
      POSTGRES_USER:      postgres
      POSTGRES_PASSWORD:  <set to the key 'postgres-superuser-password' in secret 'hermod-secrets'>  Optional: false
    Mounts:
      /docker-entrypoint-initdb.d from init (rw)
      /var/lib/postgresql/data from data (rw)
      /var/run/secrets/kubernetes.io/serviceaccount from kube-api-access-79j56 (ro)
Conditions:
  Type                        Status
  PodReadyToStartContainers   True 
  Initialized                 True 
  Ready                       True 
  ContainersReady             True 
  PodScheduled                True 
Volumes:
  data:
    Type:       PersistentVolumeClaim (a reference to a PersistentVolumeClaim in the same namespace)
    ClaimName:  data-postgres-0
    ReadOnly:   false
  init:
    Type:      ConfigMap (a volume populated by a ConfigMap)
    Name:      postgres-init
    Optional:  false
  kube-api-access-79j56:
    Type:                    Projected (a volume that contains injected data from multiple sources)
    TokenExpirationSeconds:  3607
    ConfigMapName:           kube-root-ca.crt
    Optional:                false
    DownwardAPI:             true
QoS Class:                   Burstable
Node-Selectors:              <none>
Tolerations:                 node.kubernetes.io/not-ready:NoExecute op=Exists for 300s
                             node.kubernetes.io/unreachable:NoExecute op=Exists for 300s
Events:                      <none>

=== ts=1777258673 ===
Name:             hermod-coordinator-68dcbd4d99-5mq54
Namespace:        coord-only
Priority:         0
Service Account:  default
Node:             <pi-host>/<pi-ip>
Start Time:       Mon, 27 Apr 2026 04:57:32 +0200
Labels:           app=hermod-coordinator
                  pod-template-hash=68dcbd4d99
Annotations:      cni.projectcalico.org/containerID: 3567cd82d2046c72b925afafacfb0b9b6651a968d3713bd56af74792118de4e3
                  cni.projectcalico.org/podIP: <pod-ip>/32
                  cni.projectcalico.org/podIPs: <pod-ip>/32
                  kubectl.kubernetes.io/restartedAt: 2026-04-27T04:57:12+02:00
Status:           Running
IP:               <pod-ip>
IPs:
  IP:           <pod-ip>
Controlled By:  ReplicaSet/hermod-coordinator-68dcbd4d99
Init Containers:
  wait-for-postgres:
    Container ID:  containerd://64f281b4505891d321da623d3768b12dad138c3404410dffa872e7800b64317a
    Image:         busybox:1.36
    Image ID:      docker.io/library/busybox@sha256:73aaf090f3d85aa34ee199857f03fa3a95c8ede2ffd4cc2cdb5b94e566b11662
    Port:          <none>
    Host Port:     <none>
    Command:
      sh
      -c
      until nc -z postgres 5432; do sleep 2; done
    State:          Terminated
      Reason:       Completed
      Exit Code:    0
      Started:      Mon, 27 Apr 2026 04:57:33 +0200
      Finished:     Mon, 27 Apr 2026 04:57:33 +0200
    Ready:          True
    Restart Count:  0
    Environment:
      Hermod__Features__DeviceStateTracking:    true
      Hermod__Engine__LogBatchSize:             100
      Hermod__Engine__LogBatching:              true
      Hermod__Engine__Parallelism:              0
      Hermod__Features__MessagePersistence:     true
      Hermod__Features__RuleAuditLog:           true
      Hermod__Features__RuleCache:              true
      Hermod__Features__StatsRollup:            false
      Hermod__Storage__Mode:                    Postgres
      Logging__LogLevel__Hermod:                Information
      Logging__LogLevel__Microsoft.AspNetCore:  Warning
    Mounts:
      /var/run/secrets/kubernetes.io/serviceaccount from kube-api-access-cnhg8 (ro)
  wait-for-nanomq:
    Container ID:  containerd://e07cb7b99a7bb0e5ba5ebe46cdfcbc3c25e1da3e531f9824f86043f367af4d49
    Image:         busybox:1.36
    Image ID:      docker.io/library/busybox@sha256:73aaf090f3d85aa34ee199857f03fa3a95c8ede2ffd4cc2cdb5b94e566b11662
    Port:          <none>
    Host Port:     <none>
    Command:
      sh
      -c
      until nc -z nanomq 1883; do sleep 2; done
    State:          Terminated
      Reason:       Completed
      Exit Code:    0
      Started:      Mon, 27 Apr 2026 04:57:34 +0200
      Finished:     Mon, 27 Apr 2026 04:57:34 +0200
    Ready:          True
    Restart Count:  0
    Environment:
      Hermod__Features__DeviceStateTracking:    true
      Hermod__Engine__LogBatchSize:             100
      Hermod__Engine__LogBatching:              true
      Hermod__Engine__Parallelism:              0
      Hermod__Features__MessagePersistence:     true
      Hermod__Features__RuleAuditLog:           true
      Hermod__Features__RuleCache:              true
      Hermod__Features__StatsRollup:            false
      Hermod__Storage__Mode:                    Postgres
      Logging__LogLevel__Hermod:                Information
      Logging__LogLevel__Microsoft.AspNetCore:  Warning
    Mounts:
      /var/run/secrets/kubernetes.io/serviceaccount from kube-api-access-cnhg8 (ro)
Containers:
  hermod-coordinator:
    Container ID:   containerd://866f4f97fc6bcd12a6e08f23be25f9a7bf8812fef35dd529b3313251b92ee91d
    Image:          hermod-coordinator:latest
    Image ID:       sha256:ca91ccdfcd269dd5e4e25d5ffe8d863ca5db57e5c4f62f08c8adf90d23c15eaf
    Port:           42069/TCP (http)
    Host Port:      0/TCP (http)
    State:          Running
      Started:      Mon, 27 Apr 2026 04:57:35 +0200
    Ready:          True
    Restart Count:  0
    Limits:
      cpu:     1500m
      memory:  1536Mi
    Requests:
      cpu:      200m
      memory:   256Mi
    Liveness:   http-get http://:42069/healthz delay=60s timeout=1s period=30s #success=1 #failure=3
    Readiness:  http-get http://:42069/healthz/ready delay=5s timeout=1s period=10s #success=1 #failure=3
    Startup:    http-get http://:42069/healthz delay=0s timeout=1s period=5s #success=1 #failure=30
    Environment:
      ASPNETCORE_ENVIRONMENT:                   Production
      ASPNETCORE_URLS:                          http://+:42069
      DOTNET_USE_POLLING_FILE_WATCHER:          true
      Hermod__Security__AuthBypass:             true
      Hermod__Security__VaultRequireHttps:      false
      Hermod__Features__MetricsEndpoint:        true
      Hermod__Dev__Endpoints:                   true
      Hermod__Mqtt__Host:                       nanomq
      Hermod__Mqtt__Port:                       1883
      Hermod__Mqtt__UseTls:                     false
      Hermod__Mqtt__Tls__UseTls:                false
      Hermod__Mqtt__Username:                   <set to the key 'mqtt-username' in secret 'hermod-secrets'>  Optional: false
      Hermod__Mqtt__Password:                   <set to the key 'mqtt-password' in secret 'hermod-secrets'>  Optional: false
      Hermod__Database__ConnectionString:       Host=postgres;Port=5432;Database=hermod;Username=hermod_app
      Hermod__Database__Password:               <set to the key 'hermod-db-password' in secret 'hermod-db-credentials'>  Optional: false
      Hermod__Features__DeviceStateTracking:    true
      Hermod__Engine__LogBatchSize:             100
      Hermod__Engine__LogBatching:              true
      Hermod__Engine__Parallelism:              0
      Hermod__Features__MessagePersistence:     true
      Hermod__Features__RuleAuditLog:           true
      Hermod__Features__RuleCache:              true
      Hermod__Features__StatsRollup:            false
      Hermod__Storage__Mode:                    Postgres
      Logging__LogLevel__Hermod:                Information
      Logging__LogLevel__Microsoft.AspNetCore:  Warning
    Mounts:
      /var/run/secrets/kubernetes.io/serviceaccount from kube-api-access-cnhg8 (ro)
Conditions:
  Type                        Status
  PodReadyToStartContainers   True 
  Initialized                 True 
  Ready                       True 
  ContainersReady             True 
  PodScheduled                True 
Volumes:
  kube-api-access-cnhg8:
    Type:                    Projected (a volume that contains injected data from multiple sources)
    TokenExpirationSeconds:  3607
    ConfigMapName:           kube-root-ca.crt
    Optional:                false
    DownwardAPI:             true
QoS Class:                   Burstable
Node-Selectors:              <none>
Tolerations:                 node.kubernetes.io/not-ready:NoExecute op=Exists for 300s
                             node.kubernetes.io/unreachable:NoExecute op=Exists for 300s
Events:
  Type    Reason     Age   From               Message
  ----    ------     ----  ----               -------
  Normal  Scheduled  20s   default-scheduler  Successfully assigned coord-only/hermod-coordinator-68dcbd4d99-5mq54 to <pi-host>
  Normal  Pulled     20s   kubelet            spec.initContainers{wait-for-postgres}: Container image "busybox:1.36" already present on machine
  Normal  Created    20s   kubelet            spec.initContainers{wait-for-postgres}: Created container: wait-for-postgres
  Normal  Started    20s   kubelet            spec.initContainers{wait-for-postgres}: Started container wait-for-postgres
  Normal  Pulled     19s   kubelet            spec.initContainers{wait-for-nanomq}: Container image "busybox:1.36" already present on machine
  Normal  Created    19s   kubelet            spec.initContainers{wait-for-nanomq}: Created container: wait-for-nanomq
  Normal  Started    19s   kubelet            spec.initContainers{wait-for-nanomq}: Started container wait-for-nanomq
  Normal  Pulled     18s   kubelet            spec.containers{hermod-coordinator}: Container image "hermod-coordinator:latest" already present on machine
  Normal  Created    18s   kubelet            spec.containers{hermod-coordinator}: Created container: hermod-coordinator
  Normal  Started    18s   kubelet            spec.containers{hermod-coordinator}: Started container hermod-coordinator


Name:             nanomq-76bd7959b5-nxj6x
Namespace:        coord-only
Priority:         0
Service Account:  default
Node:             <pi-host>/<pi-ip>
Start Time:       Mon, 27 Apr 2026 04:57:14 +0200
Labels:           app=nanomq
                  pod-template-hash=76bd7959b5
Annotations:      cni.projectcalico.org/containerID: 6f547526445c6a40249c75b30db24fca701752ad0b2c0b13662f5dbcb0a46a7d
                  cni.projectcalico.org/podIP: <pod-ip>/32
                  cni.projectcalico.org/podIPs: <pod-ip>/32
                  kubectl.kubernetes.io/restartedAt: 2026-04-27T04:57:12+02:00
Status:           Running
IP:               <pod-ip>
IPs:
  IP:           <pod-ip>
Controlled By:  ReplicaSet/nanomq-76bd7959b5
Containers:
  nanomq:
    Container ID:   containerd://446cacad26cd1a6322ae945d76d022f0da7d8a27adf1a85a6edbedb27b204e7b
    Image:          emqx/nanomq:0.21-slim
    Image ID:       docker.io/emqx/nanomq@sha256:53bea7acb547aced1cc45e08c514628f1e41c4da9ad544fd8c5fa96d3e9eb41b
    Ports:          1883/TCP (mqtt), 8081/TCP (http)
    Host Ports:     0/TCP (mqtt), 0/TCP (http)
    State:          Running
      Started:      Mon, 27 Apr 2026 04:57:15 +0200
    Ready:          True
    Restart Count:  0
    Limits:
      cpu:     1
      memory:  512Mi
    Requests:
      cpu:        50m
      memory:     64Mi
    Liveness:     tcp-socket :1883 delay=10s timeout=1s period=10s #success=1 #failure=3
    Readiness:    tcp-socket :1883 delay=3s timeout=1s period=5s #success=1 #failure=3
    Environment:  <none>
    Mounts:
      /etc/nanomq.conf from config (rw,path="nanomq.conf")
      /var/run/secrets/kubernetes.io/serviceaccount from kube-api-access-5nwtw (ro)
Conditions:
  Type                        Status
  PodReadyToStartContainers   True 
  Initialized                 True 
  Ready                       True 
  ContainersReady             True 
  PodScheduled                True 
Volumes:
  config:
    Type:      ConfigMap (a volume populated by a ConfigMap)
    Name:      nanomq-config
    Optional:  false
  kube-api-access-5nwtw:
    Type:                    Projected (a volume that contains injected data from multiple sources)
    TokenExpirationSeconds:  3607
    ConfigMapName:           kube-root-ca.crt
    Optional:                false
    DownwardAPI:             true
QoS Class:                   Burstable
Node-Selectors:              <none>
Tolerations:                 node.kubernetes.io/not-ready:NoExecute op=Exists for 300s
                             node.kubernetes.io/unreachable:NoExecute op=Exists for 300s
Events:
  Type    Reason     Age   From               Message
  ----    ------     ----  ----               -------
  Normal  Scheduled  38s   default-scheduler  Successfully assigned coord-only/nanomq-76bd7959b5-nxj6x to <pi-host>
  Normal  Pulled     38s   kubelet            spec.containers{nanomq}: Container image "emqx/nanomq:0.21-slim" already present on machine
  Normal  Created    38s   kubelet            spec.containers{nanomq}: Created container: nanomq
  Normal  Started    38s   kubelet            spec.containers{nanomq}: Started container nanomq


Name:             postgres-0
Namespace:        coord-only
Priority:         0
Service Account:  default
Node:             <pi-host>/<pi-ip>
Start Time:       Mon, 27 Apr 2026 04:16:57 +0200
Labels:           app=postgres
                  apps.kubernetes.io/pod-index=0
                  controller-revision-hash=postgres-6497897965
                  statefulset.kubernetes.io/pod-name=postgres-0
Annotations:      cni.projectcalico.org/containerID: 69fb4823b666d3d2a1395c00ab9b26a33337431372918fb41d9f85f42d91a056
                  cni.projectcalico.org/podIP: <pod-ip>/32
                  cni.projectcalico.org/podIPs: <pod-ip>/32
Status:           Running
IP:               <pod-ip>
IPs:
  IP:           <pod-ip>
Controlled By:  StatefulSet/postgres
Containers:
  postgres:
    Container ID:  containerd://adf8585ccc9b705cf0261f22f8e1c254a24670c72b998bb7a052f31e3a5ae5be
    Image:         postgres:17-alpine
    Image ID:      docker.io/library/postgres@sha256:778d0b486d6daa02b77434d0358ec57a1b21fd8b6d22ac2eef56a33e816928f6
    Port:          5432/TCP
    Host Port:     0/TCP
    Args:
      -c
      shared_buffers=256MB
      -c
      max_connections=200
      -c
      work_mem=16MB
    State:          Running
      Started:      Mon, 27 Apr 2026 04:16:58 +0200
    Ready:          True
    Restart Count:  0
    Limits:
      cpu:     1500m
      memory:  1536Mi
    Requests:
      cpu:      100m
      memory:   256Mi
    Liveness:   exec [pg_isready -U postgres] delay=30s timeout=1s period=10s #success=1 #failure=3
    Readiness:  exec [pg_isready -U postgres] delay=5s timeout=1s period=5s #success=1 #failure=3
    Environment:
      POSTGRES_DB:        postgres
      POSTGRES_USER:      postgres
      POSTGRES_PASSWORD:  <set to the key 'postgres-superuser-password' in secret 'hermod-secrets'>  Optional: false
    Mounts:
      /docker-entrypoint-initdb.d from init (rw)
      /var/lib/postgresql/data from data (rw)
      /var/run/secrets/kubernetes.io/serviceaccount from kube-api-access-79j56 (ro)
Conditions:
  Type                        Status
  PodReadyToStartContainers   True 
  Initialized                 True 
  Ready                       True 
  ContainersReady             True 
  PodScheduled                True 
Volumes:
  data:
    Type:       PersistentVolumeClaim (a reference to a PersistentVolumeClaim in the same namespace)
    ClaimName:  data-postgres-0
    ReadOnly:   false
  init:
    Type:      ConfigMap (a volume populated by a ConfigMap)
    Name:      postgres-init
    Optional:  false
  kube-api-access-79j56:
    Type:                    Projected (a volume that contains injected data from multiple sources)
    TokenExpirationSeconds:  3607
    ConfigMapName:           kube-root-ca.crt
    Optional:                false
    DownwardAPI:             true
QoS Class:                   Burstable
Node-Selectors:              <none>
Tolerations:                 node.kubernetes.io/not-ready:NoExecute op=Exists for 300s
                             node.kubernetes.io/unreachable:NoExecute op=Exists for 300s
Events:                      <none>

=== ts=1777258684 ===
Name:             hermod-coordinator-68dcbd4d99-5mq54
Namespace:        coord-only
Priority:         0
Service Account:  default
Node:             <pi-host>/<pi-ip>
Start Time:       Mon, 27 Apr 2026 04:57:32 +0200
Labels:           app=hermod-coordinator
                  pod-template-hash=68dcbd4d99
Annotations:      cni.projectcalico.org/containerID: 3567cd82d2046c72b925afafacfb0b9b6651a968d3713bd56af74792118de4e3
                  cni.projectcalico.org/podIP: <pod-ip>/32
                  cni.projectcalico.org/podIPs: <pod-ip>/32
                  kubectl.kubernetes.io/restartedAt: 2026-04-27T04:57:12+02:00
Status:           Running
IP:               <pod-ip>
IPs:
  IP:           <pod-ip>
Controlled By:  ReplicaSet/hermod-coordinator-68dcbd4d99
Init Containers:
  wait-for-postgres:
    Container ID:  containerd://64f281b4505891d321da623d3768b12dad138c3404410dffa872e7800b64317a
    Image:         busybox:1.36
    Image ID:      docker.io/library/busybox@sha256:73aaf090f3d85aa34ee199857f03fa3a95c8ede2ffd4cc2cdb5b94e566b11662
    Port:          <none>
    Host Port:     <none>
    Command:
      sh
      -c
      until nc -z postgres 5432; do sleep 2; done
    State:          Terminated
      Reason:       Completed
      Exit Code:    0
      Started:      Mon, 27 Apr 2026 04:57:33 +0200
      Finished:     Mon, 27 Apr 2026 04:57:33 +0200
    Ready:          True
    Restart Count:  0
    Environment:
      Hermod__Features__DeviceStateTracking:    true
      Hermod__Engine__LogBatchSize:             100
      Hermod__Engine__LogBatching:              true
      Hermod__Engine__Parallelism:              0
      Hermod__Features__MessagePersistence:     true
      Hermod__Features__RuleAuditLog:           true
      Hermod__Features__RuleCache:              true
      Hermod__Features__StatsRollup:            false
      Hermod__Storage__Mode:                    Postgres
      Logging__LogLevel__Hermod:                Information
      Logging__LogLevel__Microsoft.AspNetCore:  Warning
    Mounts:
      /var/run/secrets/kubernetes.io/serviceaccount from kube-api-access-cnhg8 (ro)
  wait-for-nanomq:
    Container ID:  containerd://e07cb7b99a7bb0e5ba5ebe46cdfcbc3c25e1da3e531f9824f86043f367af4d49
    Image:         busybox:1.36
    Image ID:      docker.io/library/busybox@sha256:73aaf090f3d85aa34ee199857f03fa3a95c8ede2ffd4cc2cdb5b94e566b11662
    Port:          <none>
    Host Port:     <none>
    Command:
      sh
      -c
      until nc -z nanomq 1883; do sleep 2; done
    State:          Terminated
      Reason:       Completed
      Exit Code:    0
      Started:      Mon, 27 Apr 2026 04:57:34 +0200
      Finished:     Mon, 27 Apr 2026 04:57:34 +0200
    Ready:          True
    Restart Count:  0
    Environment:
      Hermod__Features__DeviceStateTracking:    true
      Hermod__Engine__LogBatchSize:             100
      Hermod__Engine__LogBatching:              true
      Hermod__Engine__Parallelism:              0
      Hermod__Features__MessagePersistence:     true
      Hermod__Features__RuleAuditLog:           true
      Hermod__Features__RuleCache:              true
      Hermod__Features__StatsRollup:            false
      Hermod__Storage__Mode:                    Postgres
      Logging__LogLevel__Hermod:                Information
      Logging__LogLevel__Microsoft.AspNetCore:  Warning
    Mounts:
      /var/run/secrets/kubernetes.io/serviceaccount from kube-api-access-cnhg8 (ro)
Containers:
  hermod-coordinator:
    Container ID:   containerd://866f4f97fc6bcd12a6e08f23be25f9a7bf8812fef35dd529b3313251b92ee91d
    Image:          hermod-coordinator:latest
    Image ID:       sha256:ca91ccdfcd269dd5e4e25d5ffe8d863ca5db57e5c4f62f08c8adf90d23c15eaf
    Port:           42069/TCP (http)
    Host Port:      0/TCP (http)
    State:          Running
      Started:      Mon, 27 Apr 2026 04:57:35 +0200
    Ready:          True
    Restart Count:  0
    Limits:
      cpu:     1500m
      memory:  1536Mi
    Requests:
      cpu:      200m
      memory:   256Mi
    Liveness:   http-get http://:42069/healthz delay=60s timeout=1s period=30s #success=1 #failure=3
    Readiness:  http-get http://:42069/healthz/ready delay=5s timeout=1s period=10s #success=1 #failure=3
    Startup:    http-get http://:42069/healthz delay=0s timeout=1s period=5s #success=1 #failure=30
    Environment:
      ASPNETCORE_ENVIRONMENT:                   Production
      ASPNETCORE_URLS:                          http://+:42069
      DOTNET_USE_POLLING_FILE_WATCHER:          true
      Hermod__Security__AuthBypass:             true
      Hermod__Security__VaultRequireHttps:      false
      Hermod__Features__MetricsEndpoint:        true
      Hermod__Dev__Endpoints:                   true
      Hermod__Mqtt__Host:                       nanomq
      Hermod__Mqtt__Port:                       1883
      Hermod__Mqtt__UseTls:                     false
      Hermod__Mqtt__Tls__UseTls:                false
      Hermod__Mqtt__Username:                   <set to the key 'mqtt-username' in secret 'hermod-secrets'>  Optional: false
      Hermod__Mqtt__Password:                   <set to the key 'mqtt-password' in secret 'hermod-secrets'>  Optional: false
      Hermod__Database__ConnectionString:       Host=postgres;Port=5432;Database=hermod;Username=hermod_app
      Hermod__Database__Password:               <set to the key 'hermod-db-password' in secret 'hermod-db-credentials'>  Optional: false
      Hermod__Features__DeviceStateTracking:    true
      Hermod__Engine__LogBatchSize:             100
      Hermod__Engine__LogBatching:              true
      Hermod__Engine__Parallelism:              0
      Hermod__Features__MessagePersistence:     true
      Hermod__Features__RuleAuditLog:           true
      Hermod__Features__RuleCache:              true
      Hermod__Features__StatsRollup:            false
      Hermod__Storage__Mode:                    Postgres
      Logging__LogLevel__Hermod:                Information
      Logging__LogLevel__Microsoft.AspNetCore:  Warning
    Mounts:
      /var/run/secrets/kubernetes.io/serviceaccount from kube-api-access-cnhg8 (ro)
Conditions:
  Type                        Status
  PodReadyToStartContainers   True 
  Initialized                 True 
  Ready                       True 
  ContainersReady             True 
  PodScheduled                True 
Volumes:
  kube-api-access-cnhg8:
    Type:                    Projected (a volume that contains injected data from multiple sources)
    TokenExpirationSeconds:  3607
    ConfigMapName:           kube-root-ca.crt
    Optional:                false
    DownwardAPI:             true
QoS Class:                   Burstable
Node-Selectors:              <none>
Tolerations:                 node.kubernetes.io/not-ready:NoExecute op=Exists for 300s
                             node.kubernetes.io/unreachable:NoExecute op=Exists for 300s
Events:
  Type    Reason     Age   From               Message
  ----    ------     ----  ----               -------
  Normal  Scheduled  31s   default-scheduler  Successfully assigned coord-only/hermod-coordinator-68dcbd4d99-5mq54 to <pi-host>
  Normal  Pulled     31s   kubelet            spec.initContainers{wait-for-postgres}: Container image "busybox:1.36" already present on machine
  Normal  Created    31s   kubelet            spec.initContainers{wait-for-postgres}: Created container: wait-for-postgres
  Normal  Started    31s   kubelet            spec.initContainers{wait-for-postgres}: Started container wait-for-postgres
  Normal  Pulled     30s   kubelet            spec.initContainers{wait-for-nanomq}: Container image "busybox:1.36" already present on machine
  Normal  Created    30s   kubelet            spec.initContainers{wait-for-nanomq}: Created container: wait-for-nanomq
  Normal  Started    30s   kubelet            spec.initContainers{wait-for-nanomq}: Started container wait-for-nanomq
  Normal  Pulled     29s   kubelet            spec.containers{hermod-coordinator}: Container image "hermod-coordinator:latest" already present on machine
  Normal  Created    29s   kubelet            spec.containers{hermod-coordinator}: Created container: hermod-coordinator
  Normal  Started    29s   kubelet            spec.containers{hermod-coordinator}: Started container hermod-coordinator


Name:             nanomq-76bd7959b5-nxj6x
Namespace:        coord-only
Priority:         0
Service Account:  default
Node:             <pi-host>/<pi-ip>
Start Time:       Mon, 27 Apr 2026 04:57:14 +0200
Labels:           app=nanomq
                  pod-template-hash=76bd7959b5
Annotations:      cni.projectcalico.org/containerID: 6f547526445c6a40249c75b30db24fca701752ad0b2c0b13662f5dbcb0a46a7d
                  cni.projectcalico.org/podIP: <pod-ip>/32
                  cni.projectcalico.org/podIPs: <pod-ip>/32
                  kubectl.kubernetes.io/restartedAt: 2026-04-27T04:57:12+02:00
Status:           Running
IP:               <pod-ip>
IPs:
  IP:           <pod-ip>
Controlled By:  ReplicaSet/nanomq-76bd7959b5
Containers:
  nanomq:
    Container ID:   containerd://446cacad26cd1a6322ae945d76d022f0da7d8a27adf1a85a6edbedb27b204e7b
    Image:          emqx/nanomq:0.21-slim
    Image ID:       docker.io/emqx/nanomq@sha256:53bea7acb547aced1cc45e08c514628f1e41c4da9ad544fd8c5fa96d3e9eb41b
    Ports:          1883/TCP (mqtt), 8081/TCP (http)
    Host Ports:     0/TCP (mqtt), 0/TCP (http)
    State:          Running
      Started:      Mon, 27 Apr 2026 04:57:15 +0200
    Ready:          True
    Restart Count:  0
    Limits:
      cpu:     1
      memory:  512Mi
    Requests:
      cpu:        50m
      memory:     64Mi
    Liveness:     tcp-socket :1883 delay=10s timeout=1s period=10s #success=1 #failure=3
    Readiness:    tcp-socket :1883 delay=3s timeout=1s period=5s #success=1 #failure=3
    Environment:  <none>
    Mounts:
      /etc/nanomq.conf from config (rw,path="nanomq.conf")
      /var/run/secrets/kubernetes.io/serviceaccount from kube-api-access-5nwtw (ro)
Conditions:
  Type                        Status
  PodReadyToStartContainers   True 
  Initialized                 True 
  Ready                       True 
  ContainersReady             True 
  PodScheduled                True 
Volumes:
  config:
    Type:      ConfigMap (a volume populated by a ConfigMap)
    Name:      nanomq-config
    Optional:  false
  kube-api-access-5nwtw:
    Type:                    Projected (a volume that contains injected data from multiple sources)
    TokenExpirationSeconds:  3607
    ConfigMapName:           kube-root-ca.crt
    Optional:                false
    DownwardAPI:             true
QoS Class:                   Burstable
Node-Selectors:              <none>
Tolerations:                 node.kubernetes.io/not-ready:NoExecute op=Exists for 300s
                             node.kubernetes.io/unreachable:NoExecute op=Exists for 300s
Events:
  Type    Reason     Age   From               Message
  ----    ------     ----  ----               -------
  Normal  Scheduled  49s   default-scheduler  Successfully assigned coord-only/nanomq-76bd7959b5-nxj6x to <pi-host>
  Normal  Pulled     49s   kubelet            spec.containers{nanomq}: Container image "emqx/nanomq:0.21-slim" already present on machine
  Normal  Created    49s   kubelet            spec.containers{nanomq}: Created container: nanomq
  Normal  Started    49s   kubelet            spec.containers{nanomq}: Started container nanomq


Name:             postgres-0
Namespace:        coord-only
Priority:         0
Service Account:  default
Node:             <pi-host>/<pi-ip>
Start Time:       Mon, 27 Apr 2026 04:16:57 +0200
Labels:           app=postgres
                  apps.kubernetes.io/pod-index=0
                  controller-revision-hash=postgres-6497897965
                  statefulset.kubernetes.io/pod-name=postgres-0
Annotations:      cni.projectcalico.org/containerID: 69fb4823b666d3d2a1395c00ab9b26a33337431372918fb41d9f85f42d91a056
                  cni.projectcalico.org/podIP: <pod-ip>/32
                  cni.projectcalico.org/podIPs: <pod-ip>/32
Status:           Running
IP:               <pod-ip>
IPs:
  IP:           <pod-ip>
Controlled By:  StatefulSet/postgres
Containers:
  postgres:
    Container ID:  containerd://adf8585ccc9b705cf0261f22f8e1c254a24670c72b998bb7a052f31e3a5ae5be
    Image:         postgres:17-alpine
    Image ID:      docker.io/library/postgres@sha256:778d0b486d6daa02b77434d0358ec57a1b21fd8b6d22ac2eef56a33e816928f6
    Port:          5432/TCP
    Host Port:     0/TCP
    Args:
      -c
      shared_buffers=256MB
      -c
      max_connections=200
      -c
      work_mem=16MB
    State:          Running
      Started:      Mon, 27 Apr 2026 04:16:58 +0200
    Ready:          True
    Restart Count:  0
    Limits:
      cpu:     1500m
      memory:  1536Mi
    Requests:
      cpu:      100m
      memory:   256Mi
    Liveness:   exec [pg_isready -U postgres] delay=30s timeout=1s period=10s #success=1 #failure=3
    Readiness:  exec [pg_isready -U postgres] delay=5s timeout=1s period=5s #success=1 #failure=3
    Environment:
      POSTGRES_DB:        postgres
      POSTGRES_USER:      postgres
      POSTGRES_PASSWORD:  <set to the key 'postgres-superuser-password' in secret 'hermod-secrets'>  Optional: false
    Mounts:
      /docker-entrypoint-initdb.d from init (rw)
      /var/lib/postgresql/data from data (rw)
      /var/run/secrets/kubernetes.io/serviceaccount from kube-api-access-79j56 (ro)
Conditions:
  Type                        Status
  PodReadyToStartContainers   True 
  Initialized                 True 
  Ready                       True 
  ContainersReady             True 
  PodScheduled                True 
Volumes:
  data:
    Type:       PersistentVolumeClaim (a reference to a PersistentVolumeClaim in the same namespace)
    ClaimName:  data-postgres-0
    ReadOnly:   false
  init:
    Type:      ConfigMap (a volume populated by a ConfigMap)
    Name:      postgres-init
    Optional:  false
  kube-api-access-79j56:
    Type:                    Projected (a volume that contains injected data from multiple sources)
    TokenExpirationSeconds:  3607
    ConfigMapName:           kube-root-ca.crt
    Optional:                false
    DownwardAPI:             true
QoS Class:                   Burstable
Node-Selectors:              <none>
Tolerations:                 node.kubernetes.io/not-ready:NoExecute op=Exists for 300s
                             node.kubernetes.io/unreachable:NoExecute op=Exists for 300s
Events:                      <none>

=== ts=1777258695 ===
Name:             hermod-coordinator-68dcbd4d99-5mq54
Namespace:        coord-only
Priority:         0
Service Account:  default
Node:             <pi-host>/<pi-ip>
Start Time:       Mon, 27 Apr 2026 04:57:32 +0200
Labels:           app=hermod-coordinator
                  pod-template-hash=68dcbd4d99
Annotations:      cni.projectcalico.org/containerID: 3567cd82d2046c72b925afafacfb0b9b6651a968d3713bd56af74792118de4e3
                  cni.projectcalico.org/podIP: <pod-ip>/32
                  cni.projectcalico.org/podIPs: <pod-ip>/32
                  kubectl.kubernetes.io/restartedAt: 2026-04-27T04:57:12+02:00
Status:           Running
IP:               <pod-ip>
IPs:
  IP:           <pod-ip>
Controlled By:  ReplicaSet/hermod-coordinator-68dcbd4d99
Init Containers:
  wait-for-postgres:
    Container ID:  containerd://64f281b4505891d321da623d3768b12dad138c3404410dffa872e7800b64317a
    Image:         busybox:1.36
    Image ID:      docker.io/library/busybox@sha256:73aaf090f3d85aa34ee199857f03fa3a95c8ede2ffd4cc2cdb5b94e566b11662
    Port:          <none>
    Host Port:     <none>
    Command:
      sh
      -c
      until nc -z postgres 5432; do sleep 2; done
    State:          Terminated
      Reason:       Completed
      Exit Code:    0
      Started:      Mon, 27 Apr 2026 04:57:33 +0200
      Finished:     Mon, 27 Apr 2026 04:57:33 +0200
    Ready:          True
    Restart Count:  0
    Environment:
      Hermod__Features__DeviceStateTracking:    true
      Hermod__Engine__LogBatchSize:             100
      Hermod__Engine__LogBatching:              true
      Hermod__Engine__Parallelism:              0
      Hermod__Features__MessagePersistence:     true
      Hermod__Features__RuleAuditLog:           true
      Hermod__Features__RuleCache:              true
      Hermod__Features__StatsRollup:            false
      Hermod__Storage__Mode:                    Postgres
      Logging__LogLevel__Hermod:                Information
      Logging__LogLevel__Microsoft.AspNetCore:  Warning
    Mounts:
      /var/run/secrets/kubernetes.io/serviceaccount from kube-api-access-cnhg8 (ro)
  wait-for-nanomq:
    Container ID:  containerd://e07cb7b99a7bb0e5ba5ebe46cdfcbc3c25e1da3e531f9824f86043f367af4d49
    Image:         busybox:1.36
    Image ID:      docker.io/library/busybox@sha256:73aaf090f3d85aa34ee199857f03fa3a95c8ede2ffd4cc2cdb5b94e566b11662
    Port:          <none>
    Host Port:     <none>
    Command:
      sh
      -c
      until nc -z nanomq 1883; do sleep 2; done
    State:          Terminated
      Reason:       Completed
      Exit Code:    0
      Started:      Mon, 27 Apr 2026 04:57:34 +0200
      Finished:     Mon, 27 Apr 2026 04:57:34 +0200
    Ready:          True
    Restart Count:  0
    Environment:
      Hermod__Features__DeviceStateTracking:    true
      Hermod__Engine__LogBatchSize:             100
      Hermod__Engine__LogBatching:              true
      Hermod__Engine__Parallelism:              0
      Hermod__Features__MessagePersistence:     true
      Hermod__Features__RuleAuditLog:           true
      Hermod__Features__RuleCache:              true
      Hermod__Features__StatsRollup:            false
      Hermod__Storage__Mode:                    Postgres
      Logging__LogLevel__Hermod:                Information
      Logging__LogLevel__Microsoft.AspNetCore:  Warning
    Mounts:
      /var/run/secrets/kubernetes.io/serviceaccount from kube-api-access-cnhg8 (ro)
Containers:
  hermod-coordinator:
    Container ID:   containerd://866f4f97fc6bcd12a6e08f23be25f9a7bf8812fef35dd529b3313251b92ee91d
    Image:          hermod-coordinator:latest
    Image ID:       sha256:ca91ccdfcd269dd5e4e25d5ffe8d863ca5db57e5c4f62f08c8adf90d23c15eaf
    Port:           42069/TCP (http)
    Host Port:      0/TCP (http)
    State:          Running
      Started:      Mon, 27 Apr 2026 04:57:35 +0200
    Ready:          True
    Restart Count:  0
    Limits:
      cpu:     1500m
      memory:  1536Mi
    Requests:
      cpu:      200m
      memory:   256Mi
    Liveness:   http-get http://:42069/healthz delay=60s timeout=1s period=30s #success=1 #failure=3
    Readiness:  http-get http://:42069/healthz/ready delay=5s timeout=1s period=10s #success=1 #failure=3
    Startup:    http-get http://:42069/healthz delay=0s timeout=1s period=5s #success=1 #failure=30
    Environment:
      ASPNETCORE_ENVIRONMENT:                   Production
      ASPNETCORE_URLS:                          http://+:42069
      DOTNET_USE_POLLING_FILE_WATCHER:          true
      Hermod__Security__AuthBypass:             true
      Hermod__Security__VaultRequireHttps:      false
      Hermod__Features__MetricsEndpoint:        true
      Hermod__Dev__Endpoints:                   true
      Hermod__Mqtt__Host:                       nanomq
      Hermod__Mqtt__Port:                       1883
      Hermod__Mqtt__UseTls:                     false
      Hermod__Mqtt__Tls__UseTls:                false
      Hermod__Mqtt__Username:                   <set to the key 'mqtt-username' in secret 'hermod-secrets'>  Optional: false
      Hermod__Mqtt__Password:                   <set to the key 'mqtt-password' in secret 'hermod-secrets'>  Optional: false
      Hermod__Database__ConnectionString:       Host=postgres;Port=5432;Database=hermod;Username=hermod_app
      Hermod__Database__Password:               <set to the key 'hermod-db-password' in secret 'hermod-db-credentials'>  Optional: false
      Hermod__Features__DeviceStateTracking:    true
      Hermod__Engine__LogBatchSize:             100
      Hermod__Engine__LogBatching:              true
      Hermod__Engine__Parallelism:              0
      Hermod__Features__MessagePersistence:     true
      Hermod__Features__RuleAuditLog:           true
      Hermod__Features__RuleCache:              true
      Hermod__Features__StatsRollup:            false
      Hermod__Storage__Mode:                    Postgres
      Logging__LogLevel__Hermod:                Information
      Logging__LogLevel__Microsoft.AspNetCore:  Warning
    Mounts:
      /var/run/secrets/kubernetes.io/serviceaccount from kube-api-access-cnhg8 (ro)
Conditions:
  Type                        Status
  PodReadyToStartContainers   True 
  Initialized                 True 
  Ready                       True 
  ContainersReady             True 
  PodScheduled                True 
Volumes:
  kube-api-access-cnhg8:
    Type:                    Projected (a volume that contains injected data from multiple sources)
    TokenExpirationSeconds:  3607
    ConfigMapName:           kube-root-ca.crt
    Optional:                false
    DownwardAPI:             true
QoS Class:                   Burstable
Node-Selectors:              <none>
Tolerations:                 node.kubernetes.io/not-ready:NoExecute op=Exists for 300s
                             node.kubernetes.io/unreachable:NoExecute op=Exists for 300s
Events:
  Type    Reason     Age   From               Message
  ----    ------     ----  ----               -------
  Normal  Scheduled  43s   default-scheduler  Successfully assigned coord-only/hermod-coordinator-68dcbd4d99-5mq54 to <pi-host>
  Normal  Pulled     42s   kubelet            spec.initContainers{wait-for-postgres}: Container image "busybox:1.36" already present on machine
  Normal  Created    42s   kubelet            spec.initContainers{wait-for-postgres}: Created container: wait-for-postgres
  Normal  Started    42s   kubelet            spec.initContainers{wait-for-postgres}: Started container wait-for-postgres
  Normal  Pulled     41s   kubelet            spec.initContainers{wait-for-nanomq}: Container image "busybox:1.36" already present on machine
  Normal  Created    41s   kubelet            spec.initContainers{wait-for-nanomq}: Created container: wait-for-nanomq
  Normal  Started    41s   kubelet            spec.initContainers{wait-for-nanomq}: Started container wait-for-nanomq
  Normal  Pulled     40s   kubelet            spec.containers{hermod-coordinator}: Container image "hermod-coordinator:latest" already present on machine
  Normal  Created    40s   kubelet            spec.containers{hermod-coordinator}: Created container: hermod-coordinator
  Normal  Started    40s   kubelet            spec.containers{hermod-coordinator}: Started container hermod-coordinator


Name:             nanomq-76bd7959b5-nxj6x
Namespace:        coord-only
Priority:         0
Service Account:  default
Node:             <pi-host>/<pi-ip>
Start Time:       Mon, 27 Apr 2026 04:57:14 +0200
Labels:           app=nanomq
                  pod-template-hash=76bd7959b5
Annotations:      cni.projectcalico.org/containerID: 6f547526445c6a40249c75b30db24fca701752ad0b2c0b13662f5dbcb0a46a7d
                  cni.projectcalico.org/podIP: <pod-ip>/32
                  cni.projectcalico.org/podIPs: <pod-ip>/32
                  kubectl.kubernetes.io/restartedAt: 2026-04-27T04:57:12+02:00
Status:           Running
IP:               <pod-ip>
IPs:
  IP:           <pod-ip>
Controlled By:  ReplicaSet/nanomq-76bd7959b5
Containers:
  nanomq:
    Container ID:   containerd://446cacad26cd1a6322ae945d76d022f0da7d8a27adf1a85a6edbedb27b204e7b
    Image:          emqx/nanomq:0.21-slim
    Image ID:       docker.io/emqx/nanomq@sha256:53bea7acb547aced1cc45e08c514628f1e41c4da9ad544fd8c5fa96d3e9eb41b
    Ports:          1883/TCP (mqtt), 8081/TCP (http)
    Host Ports:     0/TCP (mqtt), 0/TCP (http)
    State:          Running
      Started:      Mon, 27 Apr 2026 04:57:15 +0200
    Ready:          True
    Restart Count:  0
    Limits:
      cpu:     1
      memory:  512Mi
    Requests:
      cpu:        50m
      memory:     64Mi
    Liveness:     tcp-socket :1883 delay=10s timeout=1s period=10s #success=1 #failure=3
    Readiness:    tcp-socket :1883 delay=3s timeout=1s period=5s #success=1 #failure=3
    Environment:  <none>
    Mounts:
      /etc/nanomq.conf from config (rw,path="nanomq.conf")
      /var/run/secrets/kubernetes.io/serviceaccount from kube-api-access-5nwtw (ro)
Conditions:
  Type                        Status
  PodReadyToStartContainers   True 
  Initialized                 True 
  Ready                       True 
  ContainersReady             True 
  PodScheduled                True 
Volumes:
  config:
    Type:      ConfigMap (a volume populated by a ConfigMap)
    Name:      nanomq-config
    Optional:  false
  kube-api-access-5nwtw:
    Type:                    Projected (a volume that contains injected data from multiple sources)
    TokenExpirationSeconds:  3607
    ConfigMapName:           kube-root-ca.crt
    Optional:                false
    DownwardAPI:             true
QoS Class:                   Burstable
Node-Selectors:              <none>
Tolerations:                 node.kubernetes.io/not-ready:NoExecute op=Exists for 300s
                             node.kubernetes.io/unreachable:NoExecute op=Exists for 300s
Events:
  Type    Reason     Age   From               Message
  ----    ------     ----  ----               -------
  Normal  Scheduled  61s   default-scheduler  Successfully assigned coord-only/nanomq-76bd7959b5-nxj6x to <pi-host>
  Normal  Pulled     60s   kubelet            spec.containers{nanomq}: Container image "emqx/nanomq:0.21-slim" already present on machine
  Normal  Created    60s   kubelet            spec.containers{nanomq}: Created container: nanomq
  Normal  Started    60s   kubelet            spec.containers{nanomq}: Started container nanomq


Name:             postgres-0
Namespace:        coord-only
Priority:         0
Service Account:  default
Node:             <pi-host>/<pi-ip>
Start Time:       Mon, 27 Apr 2026 04:16:57 +0200
Labels:           app=postgres
                  apps.kubernetes.io/pod-index=0
                  controller-revision-hash=postgres-6497897965
                  statefulset.kubernetes.io/pod-name=postgres-0
Annotations:      cni.projectcalico.org/containerID: 69fb4823b666d3d2a1395c00ab9b26a33337431372918fb41d9f85f42d91a056
                  cni.projectcalico.org/podIP: <pod-ip>/32
                  cni.projectcalico.org/podIPs: <pod-ip>/32
Status:           Running
IP:               <pod-ip>
IPs:
  IP:           <pod-ip>
Controlled By:  StatefulSet/postgres
Containers:
  postgres:
    Container ID:  containerd://adf8585ccc9b705cf0261f22f8e1c254a24670c72b998bb7a052f31e3a5ae5be
    Image:         postgres:17-alpine
    Image ID:      docker.io/library/postgres@sha256:778d0b486d6daa02b77434d0358ec57a1b21fd8b6d22ac2eef56a33e816928f6
    Port:          5432/TCP
    Host Port:     0/TCP
    Args:
      -c
      shared_buffers=256MB
      -c
      max_connections=200
      -c
      work_mem=16MB
    State:          Running
      Started:      Mon, 27 Apr 2026 04:16:58 +0200
    Ready:          True
    Restart Count:  0
    Limits:
      cpu:     1500m
      memory:  1536Mi
    Requests:
      cpu:      100m
      memory:   256Mi
    Liveness:   exec [pg_isready -U postgres] delay=30s timeout=1s period=10s #success=1 #failure=3
    Readiness:  exec [pg_isready -U postgres] delay=5s timeout=1s period=5s #success=1 #failure=3
    Environment:
      POSTGRES_DB:        postgres
      POSTGRES_USER:      postgres
      POSTGRES_PASSWORD:  <set to the key 'postgres-superuser-password' in secret 'hermod-secrets'>  Optional: false
    Mounts:
      /docker-entrypoint-initdb.d from init (rw)
      /var/lib/postgresql/data from data (rw)
      /var/run/secrets/kubernetes.io/serviceaccount from kube-api-access-79j56 (ro)
Conditions:
  Type                        Status
  PodReadyToStartContainers   True 
  Initialized                 True 
  Ready                       True 
  ContainersReady             True 
  PodScheduled                True 
Volumes:
  data:
    Type:       PersistentVolumeClaim (a reference to a PersistentVolumeClaim in the same namespace)
    ClaimName:  data-postgres-0
    ReadOnly:   false
  init:
    Type:      ConfigMap (a volume populated by a ConfigMap)
    Name:      postgres-init
    Optional:  false
  kube-api-access-79j56:
    Type:                    Projected (a volume that contains injected data from multiple sources)
    TokenExpirationSeconds:  3607
    ConfigMapName:           kube-root-ca.crt
    Optional:                false
    DownwardAPI:             true
QoS Class:                   Burstable
Node-Selectors:              <none>
Tolerations:                 node.kubernetes.io/not-ready:NoExecute op=Exists for 300s
                             node.kubernetes.io/unreachable:NoExecute op=Exists for 300s
Events:                      <none>

=== ts=1777258707 ===
Name:             hermod-coordinator-68dcbd4d99-5mq54
Namespace:        coord-only
Priority:         0
Service Account:  default
Node:             <pi-host>/<pi-ip>
Start Time:       Mon, 27 Apr 2026 04:57:32 +0200
Labels:           app=hermod-coordinator
                  pod-template-hash=68dcbd4d99
Annotations:      cni.projectcalico.org/containerID: 3567cd82d2046c72b925afafacfb0b9b6651a968d3713bd56af74792118de4e3
                  cni.projectcalico.org/podIP: <pod-ip>/32
                  cni.projectcalico.org/podIPs: <pod-ip>/32
                  kubectl.kubernetes.io/restartedAt: 2026-04-27T04:57:12+02:00
Status:           Running
IP:               <pod-ip>
IPs:
  IP:           <pod-ip>
Controlled By:  ReplicaSet/hermod-coordinator-68dcbd4d99
Init Containers:
  wait-for-postgres:
    Container ID:  containerd://64f281b4505891d321da623d3768b12dad138c3404410dffa872e7800b64317a
    Image:         busybox:1.36
    Image ID:      docker.io/library/busybox@sha256:73aaf090f3d85aa34ee199857f03fa3a95c8ede2ffd4cc2cdb5b94e566b11662
    Port:          <none>
    Host Port:     <none>
    Command:
      sh
      -c
      until nc -z postgres 5432; do sleep 2; done
    State:          Terminated
      Reason:       Completed
      Exit Code:    0
      Started:      Mon, 27 Apr 2026 04:57:33 +0200
      Finished:     Mon, 27 Apr 2026 04:57:33 +0200
    Ready:          True
    Restart Count:  0
    Environment:
      Hermod__Features__DeviceStateTracking:    true
      Hermod__Engine__LogBatchSize:             100
      Hermod__Engine__LogBatching:              true
      Hermod__Engine__Parallelism:              0
      Hermod__Features__MessagePersistence:     true
      Hermod__Features__RuleAuditLog:           true
      Hermod__Features__RuleCache:              true
      Hermod__Features__StatsRollup:            false
      Hermod__Storage__Mode:                    Postgres
      Logging__LogLevel__Hermod:                Information
      Logging__LogLevel__Microsoft.AspNetCore:  Warning
    Mounts:
      /var/run/secrets/kubernetes.io/serviceaccount from kube-api-access-cnhg8 (ro)
  wait-for-nanomq:
    Container ID:  containerd://e07cb7b99a7bb0e5ba5ebe46cdfcbc3c25e1da3e531f9824f86043f367af4d49
    Image:         busybox:1.36
    Image ID:      docker.io/library/busybox@sha256:73aaf090f3d85aa34ee199857f03fa3a95c8ede2ffd4cc2cdb5b94e566b11662
    Port:          <none>
    Host Port:     <none>
    Command:
      sh
      -c
      until nc -z nanomq 1883; do sleep 2; done
    State:          Terminated
      Reason:       Completed
      Exit Code:    0
      Started:      Mon, 27 Apr 2026 04:57:34 +0200
      Finished:     Mon, 27 Apr 2026 04:57:34 +0200
    Ready:          True
    Restart Count:  0
    Environment:
      Hermod__Features__DeviceStateTracking:    true
      Hermod__Engine__LogBatchSize:             100
      Hermod__Engine__LogBatching:              true
      Hermod__Engine__Parallelism:              0
      Hermod__Features__MessagePersistence:     true
      Hermod__Features__RuleAuditLog:           true
      Hermod__Features__RuleCache:              true
      Hermod__Features__StatsRollup:            false
      Hermod__Storage__Mode:                    Postgres
      Logging__LogLevel__Hermod:                Information
      Logging__LogLevel__Microsoft.AspNetCore:  Warning
    Mounts:
      /var/run/secrets/kubernetes.io/serviceaccount from kube-api-access-cnhg8 (ro)
Containers:
  hermod-coordinator:
    Container ID:   containerd://866f4f97fc6bcd12a6e08f23be25f9a7bf8812fef35dd529b3313251b92ee91d
    Image:          hermod-coordinator:latest
    Image ID:       sha256:ca91ccdfcd269dd5e4e25d5ffe8d863ca5db57e5c4f62f08c8adf90d23c15eaf
    Port:           42069/TCP (http)
    Host Port:      0/TCP (http)
    State:          Running
      Started:      Mon, 27 Apr 2026 04:57:35 +0200
    Ready:          True
    Restart Count:  0
    Limits:
      cpu:     1500m
      memory:  1536Mi
    Requests:
      cpu:      200m
      memory:   256Mi
    Liveness:   http-get http://:42069/healthz delay=60s timeout=1s period=30s #success=1 #failure=3
    Readiness:  http-get http://:42069/healthz/ready delay=5s timeout=1s period=10s #success=1 #failure=3
    Startup:    http-get http://:42069/healthz delay=0s timeout=1s period=5s #success=1 #failure=30
    Environment:
      ASPNETCORE_ENVIRONMENT:                   Production
      ASPNETCORE_URLS:                          http://+:42069
      DOTNET_USE_POLLING_FILE_WATCHER:          true
      Hermod__Security__AuthBypass:             true
      Hermod__Security__VaultRequireHttps:      false
      Hermod__Features__MetricsEndpoint:        true
      Hermod__Dev__Endpoints:                   true
      Hermod__Mqtt__Host:                       nanomq
      Hermod__Mqtt__Port:                       1883
      Hermod__Mqtt__UseTls:                     false
      Hermod__Mqtt__Tls__UseTls:                false
      Hermod__Mqtt__Username:                   <set to the key 'mqtt-username' in secret 'hermod-secrets'>  Optional: false
      Hermod__Mqtt__Password:                   <set to the key 'mqtt-password' in secret 'hermod-secrets'>  Optional: false
      Hermod__Database__ConnectionString:       Host=postgres;Port=5432;Database=hermod;Username=hermod_app
      Hermod__Database__Password:               <set to the key 'hermod-db-password' in secret 'hermod-db-credentials'>  Optional: false
      Hermod__Features__DeviceStateTracking:    true
      Hermod__Engine__LogBatchSize:             100
      Hermod__Engine__LogBatching:              true
      Hermod__Engine__Parallelism:              0
      Hermod__Features__MessagePersistence:     true
      Hermod__Features__RuleAuditLog:           true
      Hermod__Features__RuleCache:              true
      Hermod__Features__StatsRollup:            false
      Hermod__Storage__Mode:                    Postgres
      Logging__LogLevel__Hermod:                Information
      Logging__LogLevel__Microsoft.AspNetCore:  Warning
    Mounts:
      /var/run/secrets/kubernetes.io/serviceaccount from kube-api-access-cnhg8 (ro)
Conditions:
  Type                        Status
  PodReadyToStartContainers   True 
  Initialized                 True 
  Ready                       True 
  ContainersReady             True 
  PodScheduled                True 
Volumes:
  kube-api-access-cnhg8:
    Type:                    Projected (a volume that contains injected data from multiple sources)
    TokenExpirationSeconds:  3607
    ConfigMapName:           kube-root-ca.crt
    Optional:                false
    DownwardAPI:             true
QoS Class:                   Burstable
Node-Selectors:              <none>
Tolerations:                 node.kubernetes.io/not-ready:NoExecute op=Exists for 300s
                             node.kubernetes.io/unreachable:NoExecute op=Exists for 300s
Events:
  Type    Reason     Age   From               Message
  ----    ------     ----  ----               -------
  Normal  Scheduled  54s   default-scheduler  Successfully assigned coord-only/hermod-coordinator-68dcbd4d99-5mq54 to <pi-host>
  Normal  Pulled     54s   kubelet            spec.initContainers{wait-for-postgres}: Container image "busybox:1.36" already present on machine
  Normal  Created    54s   kubelet            spec.initContainers{wait-for-postgres}: Created container: wait-for-postgres
  Normal  Started    54s   kubelet            spec.initContainers{wait-for-postgres}: Started container wait-for-postgres
  Normal  Pulled     53s   kubelet            spec.initContainers{wait-for-nanomq}: Container image "busybox:1.36" already present on machine
  Normal  Created    53s   kubelet            spec.initContainers{wait-for-nanomq}: Created container: wait-for-nanomq
  Normal  Started    53s   kubelet            spec.initContainers{wait-for-nanomq}: Started container wait-for-nanomq
  Normal  Pulled     52s   kubelet            spec.containers{hermod-coordinator}: Container image "hermod-coordinator:latest" already present on machine
  Normal  Created    52s   kubelet            spec.containers{hermod-coordinator}: Created container: hermod-coordinator
  Normal  Started    52s   kubelet            spec.containers{hermod-coordinator}: Started container hermod-coordinator


Name:             nanomq-76bd7959b5-nxj6x
Namespace:        coord-only
Priority:         0
Service Account:  default
Node:             <pi-host>/<pi-ip>
Start Time:       Mon, 27 Apr 2026 04:57:14 +0200
Labels:           app=nanomq
                  pod-template-hash=76bd7959b5
Annotations:      cni.projectcalico.org/containerID: 6f547526445c6a40249c75b30db24fca701752ad0b2c0b13662f5dbcb0a46a7d
                  cni.projectcalico.org/podIP: <pod-ip>/32
                  cni.projectcalico.org/podIPs: <pod-ip>/32
                  kubectl.kubernetes.io/restartedAt: 2026-04-27T04:57:12+02:00
Status:           Running
IP:               <pod-ip>
IPs:
  IP:           <pod-ip>
Controlled By:  ReplicaSet/nanomq-76bd7959b5
Containers:
  nanomq:
    Container ID:   containerd://446cacad26cd1a6322ae945d76d022f0da7d8a27adf1a85a6edbedb27b204e7b
    Image:          emqx/nanomq:0.21-slim
    Image ID:       docker.io/emqx/nanomq@sha256:53bea7acb547aced1cc45e08c514628f1e41c4da9ad544fd8c5fa96d3e9eb41b
    Ports:          1883/TCP (mqtt), 8081/TCP (http)
    Host Ports:     0/TCP (mqtt), 0/TCP (http)
    State:          Running
      Started:      Mon, 27 Apr 2026 04:57:15 +0200
    Ready:          True
    Restart Count:  0
    Limits:
      cpu:     1
      memory:  512Mi
    Requests:
      cpu:        50m
      memory:     64Mi
    Liveness:     tcp-socket :1883 delay=10s timeout=1s period=10s #success=1 #failure=3
    Readiness:    tcp-socket :1883 delay=3s timeout=1s period=5s #success=1 #failure=3
    Environment:  <none>
    Mounts:
      /etc/nanomq.conf from config (rw,path="nanomq.conf")
      /var/run/secrets/kubernetes.io/serviceaccount from kube-api-access-5nwtw (ro)
Conditions:
  Type                        Status
  PodReadyToStartContainers   True 
  Initialized                 True 
  Ready                       True 
  ContainersReady             True 
  PodScheduled                True 
Volumes:
  config:
    Type:      ConfigMap (a volume populated by a ConfigMap)
    Name:      nanomq-config
    Optional:  false
  kube-api-access-5nwtw:
    Type:                    Projected (a volume that contains injected data from multiple sources)
    TokenExpirationSeconds:  3607
    ConfigMapName:           kube-root-ca.crt
    Optional:                false
    DownwardAPI:             true
QoS Class:                   Burstable
Node-Selectors:              <none>
Tolerations:                 node.kubernetes.io/not-ready:NoExecute op=Exists for 300s
                             node.kubernetes.io/unreachable:NoExecute op=Exists for 300s
Events:
  Type    Reason     Age   From               Message
  ----    ------     ----  ----               -------
  Normal  Scheduled  72s   default-scheduler  Successfully assigned coord-only/nanomq-76bd7959b5-nxj6x to <pi-host>
  Normal  Pulled     72s   kubelet            spec.containers{nanomq}: Container image "emqx/nanomq:0.21-slim" already present on machine
  Normal  Created    72s   kubelet            spec.containers{nanomq}: Created container: nanomq
  Normal  Started    72s   kubelet            spec.containers{nanomq}: Started container nanomq


Name:             postgres-0
Namespace:        coord-only
Priority:         0
Service Account:  default
Node:             <pi-host>/<pi-ip>
Start Time:       Mon, 27 Apr 2026 04:16:57 +0200
Labels:           app=postgres
                  apps.kubernetes.io/pod-index=0
                  controller-revision-hash=postgres-6497897965
                  statefulset.kubernetes.io/pod-name=postgres-0
Annotations:      cni.projectcalico.org/containerID: 69fb4823b666d3d2a1395c00ab9b26a33337431372918fb41d9f85f42d91a056
                  cni.projectcalico.org/podIP: <pod-ip>/32
                  cni.projectcalico.org/podIPs: <pod-ip>/32
Status:           Running
IP:               <pod-ip>
IPs:
  IP:           <pod-ip>
Controlled By:  StatefulSet/postgres
Containers:
  postgres:
    Container ID:  containerd://adf8585ccc9b705cf0261f22f8e1c254a24670c72b998bb7a052f31e3a5ae5be
    Image:         postgres:17-alpine
    Image ID:      docker.io/library/postgres@sha256:778d0b486d6daa02b77434d0358ec57a1b21fd8b6d22ac2eef56a33e816928f6
    Port:          5432/TCP
    Host Port:     0/TCP
    Args:
      -c
      shared_buffers=256MB
      -c
      max_connections=200
      -c
      work_mem=16MB
    State:          Running
      Started:      Mon, 27 Apr 2026 04:16:58 +0200
    Ready:          True
    Restart Count:  0
    Limits:
      cpu:     1500m
      memory:  1536Mi
    Requests:
      cpu:      100m
      memory:   256Mi
    Liveness:   exec [pg_isready -U postgres] delay=30s timeout=1s period=10s #success=1 #failure=3
    Readiness:  exec [pg_isready -U postgres] delay=5s timeout=1s period=5s #success=1 #failure=3
    Environment:
      POSTGRES_DB:        postgres
      POSTGRES_USER:      postgres
      POSTGRES_PASSWORD:  <set to the key 'postgres-superuser-password' in secret 'hermod-secrets'>  Optional: false
    Mounts:
      /docker-entrypoint-initdb.d from init (rw)
      /var/lib/postgresql/data from data (rw)
      /var/run/secrets/kubernetes.io/serviceaccount from kube-api-access-79j56 (ro)
Conditions:
  Type                        Status
  PodReadyToStartContainers   True 
  Initialized                 True 
  Ready                       True 
  ContainersReady             True 
  PodScheduled                True 
Volumes:
  data:
    Type:       PersistentVolumeClaim (a reference to a PersistentVolumeClaim in the same namespace)
    ClaimName:  data-postgres-0
    ReadOnly:   false
  init:
    Type:      ConfigMap (a volume populated by a ConfigMap)
    Name:      postgres-init
    Optional:  false
  kube-api-access-79j56:
    Type:                    Projected (a volume that contains injected data from multiple sources)
    TokenExpirationSeconds:  3607
    ConfigMapName:           kube-root-ca.crt
    Optional:                false
    DownwardAPI:             true
QoS Class:                   Burstable
Node-Selectors:              <none>
Tolerations:                 node.kubernetes.io/not-ready:NoExecute op=Exists for 300s
                             node.kubernetes.io/unreachable:NoExecute op=Exists for 300s
Events:                      <none>

=== ts=1777258719 ===
Name:             hermod-coordinator-68dcbd4d99-5mq54
Namespace:        coord-only
Priority:         0
Service Account:  default
Node:             <pi-host>/<pi-ip>
Start Time:       Mon, 27 Apr 2026 04:57:32 +0200
Labels:           app=hermod-coordinator
                  pod-template-hash=68dcbd4d99
Annotations:      cni.projectcalico.org/containerID: 3567cd82d2046c72b925afafacfb0b9b6651a968d3713bd56af74792118de4e3
                  cni.projectcalico.org/podIP: <pod-ip>/32
                  cni.projectcalico.org/podIPs: <pod-ip>/32
                  kubectl.kubernetes.io/restartedAt: 2026-04-27T04:57:12+02:00
Status:           Running
IP:               <pod-ip>
IPs:
  IP:           <pod-ip>
Controlled By:  ReplicaSet/hermod-coordinator-68dcbd4d99
Init Containers:
  wait-for-postgres:
    Container ID:  containerd://64f281b4505891d321da623d3768b12dad138c3404410dffa872e7800b64317a
    Image:         busybox:1.36
    Image ID:      docker.io/library/busybox@sha256:73aaf090f3d85aa34ee199857f03fa3a95c8ede2ffd4cc2cdb5b94e566b11662
    Port:          <none>
    Host Port:     <none>
    Command:
      sh
      -c
      until nc -z postgres 5432; do sleep 2; done
    State:          Terminated
      Reason:       Completed
      Exit Code:    0
      Started:      Mon, 27 Apr 2026 04:57:33 +0200
      Finished:     Mon, 27 Apr 2026 04:57:33 +0200
    Ready:          True
    Restart Count:  0
    Environment:
      Hermod__Features__DeviceStateTracking:    true
      Hermod__Engine__LogBatchSize:             100
      Hermod__Engine__LogBatching:              true
      Hermod__Engine__Parallelism:              0
      Hermod__Features__MessagePersistence:     true
      Hermod__Features__RuleAuditLog:           true
      Hermod__Features__RuleCache:              true
      Hermod__Features__StatsRollup:            false
      Hermod__Storage__Mode:                    Postgres
      Logging__LogLevel__Hermod:                Information
      Logging__LogLevel__Microsoft.AspNetCore:  Warning
    Mounts:
      /var/run/secrets/kubernetes.io/serviceaccount from kube-api-access-cnhg8 (ro)
  wait-for-nanomq:
    Container ID:  containerd://e07cb7b99a7bb0e5ba5ebe46cdfcbc3c25e1da3e531f9824f86043f367af4d49
    Image:         busybox:1.36
    Image ID:      docker.io/library/busybox@sha256:73aaf090f3d85aa34ee199857f03fa3a95c8ede2ffd4cc2cdb5b94e566b11662
    Port:          <none>
    Host Port:     <none>
    Command:
      sh
      -c
      until nc -z nanomq 1883; do sleep 2; done
    State:          Terminated
      Reason:       Completed
      Exit Code:    0
      Started:      Mon, 27 Apr 2026 04:57:34 +0200
      Finished:     Mon, 27 Apr 2026 04:57:34 +0200
    Ready:          True
    Restart Count:  0
    Environment:
      Hermod__Features__DeviceStateTracking:    true
      Hermod__Engine__LogBatchSize:             100
      Hermod__Engine__LogBatching:              true
      Hermod__Engine__Parallelism:              0
      Hermod__Features__MessagePersistence:     true
      Hermod__Features__RuleAuditLog:           true
      Hermod__Features__RuleCache:              true
      Hermod__Features__StatsRollup:            false
      Hermod__Storage__Mode:                    Postgres
      Logging__LogLevel__Hermod:                Information
      Logging__LogLevel__Microsoft.AspNetCore:  Warning
    Mounts:
      /var/run/secrets/kubernetes.io/serviceaccount from kube-api-access-cnhg8 (ro)
Containers:
  hermod-coordinator:
    Container ID:   containerd://866f4f97fc6bcd12a6e08f23be25f9a7bf8812fef35dd529b3313251b92ee91d
    Image:          hermod-coordinator:latest
    Image ID:       sha256:ca91ccdfcd269dd5e4e25d5ffe8d863ca5db57e5c4f62f08c8adf90d23c15eaf
    Port:           42069/TCP (http)
    Host Port:      0/TCP (http)
    State:          Running
      Started:      Mon, 27 Apr 2026 04:57:35 +0200
    Ready:          True
    Restart Count:  0
    Limits:
      cpu:     1500m
      memory:  1536Mi
    Requests:
      cpu:      200m
      memory:   256Mi
    Liveness:   http-get http://:42069/healthz delay=60s timeout=1s period=30s #success=1 #failure=3
    Readiness:  http-get http://:42069/healthz/ready delay=5s timeout=1s period=10s #success=1 #failure=3
    Startup:    http-get http://:42069/healthz delay=0s timeout=1s period=5s #success=1 #failure=30
    Environment:
      ASPNETCORE_ENVIRONMENT:                   Production
      ASPNETCORE_URLS:                          http://+:42069
      DOTNET_USE_POLLING_FILE_WATCHER:          true
      Hermod__Security__AuthBypass:             true
      Hermod__Security__VaultRequireHttps:      false
      Hermod__Features__MetricsEndpoint:        true
      Hermod__Dev__Endpoints:                   true
      Hermod__Mqtt__Host:                       nanomq
      Hermod__Mqtt__Port:                       1883
      Hermod__Mqtt__UseTls:                     false
      Hermod__Mqtt__Tls__UseTls:                false
      Hermod__Mqtt__Username:                   <set to the key 'mqtt-username' in secret 'hermod-secrets'>  Optional: false
      Hermod__Mqtt__Password:                   <set to the key 'mqtt-password' in secret 'hermod-secrets'>  Optional: false
      Hermod__Database__ConnectionString:       Host=postgres;Port=5432;Database=hermod;Username=hermod_app
      Hermod__Database__Password:               <set to the key 'hermod-db-password' in secret 'hermod-db-credentials'>  Optional: false
      Hermod__Features__DeviceStateTracking:    true
      Hermod__Engine__LogBatchSize:             100
      Hermod__Engine__LogBatching:              true
      Hermod__Engine__Parallelism:              0
      Hermod__Features__MessagePersistence:     true
      Hermod__Features__RuleAuditLog:           true
      Hermod__Features__RuleCache:              true
      Hermod__Features__StatsRollup:            false
      Hermod__Storage__Mode:                    Postgres
      Logging__LogLevel__Hermod:                Information
      Logging__LogLevel__Microsoft.AspNetCore:  Warning
    Mounts:
      /var/run/secrets/kubernetes.io/serviceaccount from kube-api-access-cnhg8 (ro)
Conditions:
  Type                        Status
  PodReadyToStartContainers   True 
  Initialized                 True 
  Ready                       True 
  ContainersReady             True 
  PodScheduled                True 
Volumes:
  kube-api-access-cnhg8:
    Type:                    Projected (a volume that contains injected data from multiple sources)
    TokenExpirationSeconds:  3607
    ConfigMapName:           kube-root-ca.crt
    Optional:                false
    DownwardAPI:             true
QoS Class:                   Burstable
Node-Selectors:              <none>
Tolerations:                 node.kubernetes.io/not-ready:NoExecute op=Exists for 300s
                             node.kubernetes.io/unreachable:NoExecute op=Exists for 300s
Events:
  Type    Reason     Age   From               Message
  ----    ------     ----  ----               -------
  Normal  Scheduled  66s   default-scheduler  Successfully assigned coord-only/hermod-coordinator-68dcbd4d99-5mq54 to <pi-host>
  Normal  Pulled     66s   kubelet            spec.initContainers{wait-for-postgres}: Container image "busybox:1.36" already present on machine
  Normal  Created    66s   kubelet            spec.initContainers{wait-for-postgres}: Created container: wait-for-postgres
  Normal  Started    66s   kubelet            spec.initContainers{wait-for-postgres}: Started container wait-for-postgres
  Normal  Pulled     65s   kubelet            spec.initContainers{wait-for-nanomq}: Container image "busybox:1.36" already present on machine
  Normal  Created    65s   kubelet            spec.initContainers{wait-for-nanomq}: Created container: wait-for-nanomq
  Normal  Started    65s   kubelet            spec.initContainers{wait-for-nanomq}: Started container wait-for-nanomq
  Normal  Pulled     64s   kubelet            spec.containers{hermod-coordinator}: Container image "hermod-coordinator:latest" already present on machine
  Normal  Created    64s   kubelet            spec.containers{hermod-coordinator}: Created container: hermod-coordinator
  Normal  Started    64s   kubelet            spec.containers{hermod-coordinator}: Started container hermod-coordinator


Name:             nanomq-76bd7959b5-nxj6x
Namespace:        coord-only
Priority:         0
Service Account:  default
Node:             <pi-host>/<pi-ip>
Start Time:       Mon, 27 Apr 2026 04:57:14 +0200
Labels:           app=nanomq
                  pod-template-hash=76bd7959b5
Annotations:      cni.projectcalico.org/containerID: 6f547526445c6a40249c75b30db24fca701752ad0b2c0b13662f5dbcb0a46a7d
                  cni.projectcalico.org/podIP: <pod-ip>/32
                  cni.projectcalico.org/podIPs: <pod-ip>/32
                  kubectl.kubernetes.io/restartedAt: 2026-04-27T04:57:12+02:00
Status:           Running
IP:               <pod-ip>
IPs:
  IP:           <pod-ip>
Controlled By:  ReplicaSet/nanomq-76bd7959b5
Containers:
  nanomq:
    Container ID:   containerd://446cacad26cd1a6322ae945d76d022f0da7d8a27adf1a85a6edbedb27b204e7b
    Image:          emqx/nanomq:0.21-slim
    Image ID:       docker.io/emqx/nanomq@sha256:53bea7acb547aced1cc45e08c514628f1e41c4da9ad544fd8c5fa96d3e9eb41b
    Ports:          1883/TCP (mqtt), 8081/TCP (http)
    Host Ports:     0/TCP (mqtt), 0/TCP (http)
    State:          Running
      Started:      Mon, 27 Apr 2026 04:57:15 +0200
    Ready:          True
    Restart Count:  0
    Limits:
      cpu:     1
      memory:  512Mi
    Requests:
      cpu:        50m
      memory:     64Mi
    Liveness:     tcp-socket :1883 delay=10s timeout=1s period=10s #success=1 #failure=3
    Readiness:    tcp-socket :1883 delay=3s timeout=1s period=5s #success=1 #failure=3
    Environment:  <none>
    Mounts:
      /etc/nanomq.conf from config (rw,path="nanomq.conf")
      /var/run/secrets/kubernetes.io/serviceaccount from kube-api-access-5nwtw (ro)
Conditions:
  Type                        Status
  PodReadyToStartContainers   True 
  Initialized                 True 
  Ready                       True 
  ContainersReady             True 
  PodScheduled                True 
Volumes:
  config:
    Type:      ConfigMap (a volume populated by a ConfigMap)
    Name:      nanomq-config
    Optional:  false
  kube-api-access-5nwtw:
    Type:                    Projected (a volume that contains injected data from multiple sources)
    TokenExpirationSeconds:  3607
    ConfigMapName:           kube-root-ca.crt
    Optional:                false
    DownwardAPI:             true
QoS Class:                   Burstable
Node-Selectors:              <none>
Tolerations:                 node.kubernetes.io/not-ready:NoExecute op=Exists for 300s
                             node.kubernetes.io/unreachable:NoExecute op=Exists for 300s
Events:
  Type    Reason     Age   From               Message
  ----    ------     ----  ----               -------
  Normal  Scheduled  84s   default-scheduler  Successfully assigned coord-only/nanomq-76bd7959b5-nxj6x to <pi-host>
  Normal  Pulled     84s   kubelet            spec.containers{nanomq}: Container image "emqx/nanomq:0.21-slim" already present on machine
  Normal  Created    84s   kubelet            spec.containers{nanomq}: Created container: nanomq
  Normal  Started    84s   kubelet            spec.containers{nanomq}: Started container nanomq


Name:             postgres-0
Namespace:        coord-only
Priority:         0
Service Account:  default
Node:             <pi-host>/<pi-ip>
Start Time:       Mon, 27 Apr 2026 04:16:57 +0200
Labels:           app=postgres
                  apps.kubernetes.io/pod-index=0
                  controller-revision-hash=postgres-6497897965
                  statefulset.kubernetes.io/pod-name=postgres-0
Annotations:      cni.projectcalico.org/containerID: 69fb4823b666d3d2a1395c00ab9b26a33337431372918fb41d9f85f42d91a056
                  cni.projectcalico.org/podIP: <pod-ip>/32
                  cni.projectcalico.org/podIPs: <pod-ip>/32
Status:           Running
IP:               <pod-ip>
IPs:
  IP:           <pod-ip>
Controlled By:  StatefulSet/postgres
Containers:
  postgres:
    Container ID:  containerd://adf8585ccc9b705cf0261f22f8e1c254a24670c72b998bb7a052f31e3a5ae5be
    Image:         postgres:17-alpine
    Image ID:      docker.io/library/postgres@sha256:778d0b486d6daa02b77434d0358ec57a1b21fd8b6d22ac2eef56a33e816928f6
    Port:          5432/TCP
    Host Port:     0/TCP
    Args:
      -c
      shared_buffers=256MB
      -c
      max_connections=200
      -c
      work_mem=16MB
    State:          Running
      Started:      Mon, 27 Apr 2026 04:16:58 +0200
    Ready:          True
    Restart Count:  0
    Limits:
      cpu:     1500m
      memory:  1536Mi
    Requests:
      cpu:      100m
      memory:   256Mi
    Liveness:   exec [pg_isready -U postgres] delay=30s timeout=1s period=10s #success=1 #failure=3
    Readiness:  exec [pg_isready -U postgres] delay=5s timeout=1s period=5s #success=1 #failure=3
    Environment:
      POSTGRES_DB:        postgres
      POSTGRES_USER:      postgres
      POSTGRES_PASSWORD:  <set to the key 'postgres-superuser-password' in secret 'hermod-secrets'>  Optional: false
    Mounts:
      /docker-entrypoint-initdb.d from init (rw)
      /var/lib/postgresql/data from data (rw)
      /var/run/secrets/kubernetes.io/serviceaccount from kube-api-access-79j56 (ro)
Conditions:
  Type                        Status
  PodReadyToStartContainers   True 
  Initialized                 True 
  Ready                       True 
  ContainersReady             True 
  PodScheduled                True 
Volumes:
  data:
    Type:       PersistentVolumeClaim (a reference to a PersistentVolumeClaim in the same namespace)
    ClaimName:  data-postgres-0
    ReadOnly:   false
  init:
    Type:      ConfigMap (a volume populated by a ConfigMap)
    Name:      postgres-init
    Optional:  false
  kube-api-access-79j56:
    Type:                    Projected (a volume that contains injected data from multiple sources)
    TokenExpirationSeconds:  3607
    ConfigMapName:           kube-root-ca.crt
    Optional:                false
    DownwardAPI:             true
QoS Class:                   Burstable
Node-Selectors:              <none>
Tolerations:                 node.kubernetes.io/not-ready:NoExecute op=Exists for 300s
                             node.kubernetes.io/unreachable:NoExecute op=Exists for 300s
Events:                      <none>

=== ts=1777258730 ===
Name:             hermod-coordinator-68dcbd4d99-5mq54
Namespace:        coord-only
Priority:         0
Service Account:  default
Node:             <pi-host>/<pi-ip>
Start Time:       Mon, 27 Apr 2026 04:57:32 +0200
Labels:           app=hermod-coordinator
                  pod-template-hash=68dcbd4d99
Annotations:      cni.projectcalico.org/containerID: 3567cd82d2046c72b925afafacfb0b9b6651a968d3713bd56af74792118de4e3
                  cni.projectcalico.org/podIP: <pod-ip>/32
                  cni.projectcalico.org/podIPs: <pod-ip>/32
                  kubectl.kubernetes.io/restartedAt: 2026-04-27T04:57:12+02:00
Status:           Running
IP:               <pod-ip>
IPs:
  IP:           <pod-ip>
Controlled By:  ReplicaSet/hermod-coordinator-68dcbd4d99
Init Containers:
  wait-for-postgres:
    Container ID:  containerd://64f281b4505891d321da623d3768b12dad138c3404410dffa872e7800b64317a
    Image:         busybox:1.36
    Image ID:      docker.io/library/busybox@sha256:73aaf090f3d85aa34ee199857f03fa3a95c8ede2ffd4cc2cdb5b94e566b11662
    Port:          <none>
    Host Port:     <none>
    Command:
      sh
      -c
      until nc -z postgres 5432; do sleep 2; done
    State:          Terminated
      Reason:       Completed
      Exit Code:    0
      Started:      Mon, 27 Apr 2026 04:57:33 +0200
      Finished:     Mon, 27 Apr 2026 04:57:33 +0200
    Ready:          True
    Restart Count:  0
    Environment:
      Hermod__Features__DeviceStateTracking:    true
      Hermod__Engine__LogBatchSize:             100
      Hermod__Engine__LogBatching:              true
      Hermod__Engine__Parallelism:              0
      Hermod__Features__MessagePersistence:     true
      Hermod__Features__RuleAuditLog:           true
      Hermod__Features__RuleCache:              true
      Hermod__Features__StatsRollup:            false
      Hermod__Storage__Mode:                    Postgres
      Logging__LogLevel__Hermod:                Information
      Logging__LogLevel__Microsoft.AspNetCore:  Warning
    Mounts:
      /var/run/secrets/kubernetes.io/serviceaccount from kube-api-access-cnhg8 (ro)
  wait-for-nanomq:
    Container ID:  containerd://e07cb7b99a7bb0e5ba5ebe46cdfcbc3c25e1da3e531f9824f86043f367af4d49
    Image:         busybox:1.36
    Image ID:      docker.io/library/busybox@sha256:73aaf090f3d85aa34ee199857f03fa3a95c8ede2ffd4cc2cdb5b94e566b11662
    Port:          <none>
    Host Port:     <none>
    Command:
      sh
      -c
      until nc -z nanomq 1883; do sleep 2; done
    State:          Terminated
      Reason:       Completed
      Exit Code:    0
      Started:      Mon, 27 Apr 2026 04:57:34 +0200
      Finished:     Mon, 27 Apr 2026 04:57:34 +0200
    Ready:          True
    Restart Count:  0
    Environment:
      Hermod__Features__DeviceStateTracking:    true
      Hermod__Engine__LogBatchSize:             100
      Hermod__Engine__LogBatching:              true
      Hermod__Engine__Parallelism:              0
      Hermod__Features__MessagePersistence:     true
      Hermod__Features__RuleAuditLog:           true
      Hermod__Features__RuleCache:              true
      Hermod__Features__StatsRollup:            false
      Hermod__Storage__Mode:                    Postgres
      Logging__LogLevel__Hermod:                Information
      Logging__LogLevel__Microsoft.AspNetCore:  Warning
    Mounts:
      /var/run/secrets/kubernetes.io/serviceaccount from kube-api-access-cnhg8 (ro)
Containers:
  hermod-coordinator:
    Container ID:   containerd://866f4f97fc6bcd12a6e08f23be25f9a7bf8812fef35dd529b3313251b92ee91d
    Image:          hermod-coordinator:latest
    Image ID:       sha256:ca91ccdfcd269dd5e4e25d5ffe8d863ca5db57e5c4f62f08c8adf90d23c15eaf
    Port:           42069/TCP (http)
    Host Port:      0/TCP (http)
    State:          Running
      Started:      Mon, 27 Apr 2026 04:57:35 +0200
    Ready:          True
    Restart Count:  0
    Limits:
      cpu:     1500m
      memory:  1536Mi
    Requests:
      cpu:      200m
      memory:   256Mi
    Liveness:   http-get http://:42069/healthz delay=60s timeout=1s period=30s #success=1 #failure=3
    Readiness:  http-get http://:42069/healthz/ready delay=5s timeout=1s period=10s #success=1 #failure=3
    Startup:    http-get http://:42069/healthz delay=0s timeout=1s period=5s #success=1 #failure=30
    Environment:
      ASPNETCORE_ENVIRONMENT:                   Production
      ASPNETCORE_URLS:                          http://+:42069
      DOTNET_USE_POLLING_FILE_WATCHER:          true
      Hermod__Security__AuthBypass:             true
      Hermod__Security__VaultRequireHttps:      false
      Hermod__Features__MetricsEndpoint:        true
      Hermod__Dev__Endpoints:                   true
      Hermod__Mqtt__Host:                       nanomq
      Hermod__Mqtt__Port:                       1883
      Hermod__Mqtt__UseTls:                     false
      Hermod__Mqtt__Tls__UseTls:                false
      Hermod__Mqtt__Username:                   <set to the key 'mqtt-username' in secret 'hermod-secrets'>  Optional: false
      Hermod__Mqtt__Password:                   <set to the key 'mqtt-password' in secret 'hermod-secrets'>  Optional: false
      Hermod__Database__ConnectionString:       Host=postgres;Port=5432;Database=hermod;Username=hermod_app
      Hermod__Database__Password:               <set to the key 'hermod-db-password' in secret 'hermod-db-credentials'>  Optional: false
      Hermod__Features__DeviceStateTracking:    true
      Hermod__Engine__LogBatchSize:             100
      Hermod__Engine__LogBatching:              true
      Hermod__Engine__Parallelism:              0
      Hermod__Features__MessagePersistence:     true
      Hermod__Features__RuleAuditLog:           true
      Hermod__Features__RuleCache:              true
      Hermod__Features__StatsRollup:            false
      Hermod__Storage__Mode:                    Postgres
      Logging__LogLevel__Hermod:                Information
      Logging__LogLevel__Microsoft.AspNetCore:  Warning
    Mounts:
      /var/run/secrets/kubernetes.io/serviceaccount from kube-api-access-cnhg8 (ro)
Conditions:
  Type                        Status
  PodReadyToStartContainers   True 
  Initialized                 True 
  Ready                       True 
  ContainersReady             True 
  PodScheduled                True 
Volumes:
  kube-api-access-cnhg8:
    Type:                    Projected (a volume that contains injected data from multiple sources)
    TokenExpirationSeconds:  3607
    ConfigMapName:           kube-root-ca.crt
    Optional:                false
    DownwardAPI:             true
QoS Class:                   Burstable
Node-Selectors:              <none>
Tolerations:                 node.kubernetes.io/not-ready:NoExecute op=Exists for 300s
                             node.kubernetes.io/unreachable:NoExecute op=Exists for 300s
Events:
  Type    Reason     Age   From               Message
  ----    ------     ----  ----               -------
  Normal  Scheduled  77s   default-scheduler  Successfully assigned coord-only/hermod-coordinator-68dcbd4d99-5mq54 to <pi-host>
  Normal  Pulled     77s   kubelet            spec.initContainers{wait-for-postgres}: Container image "busybox:1.36" already present on machine
  Normal  Created    77s   kubelet            spec.initContainers{wait-for-postgres}: Created container: wait-for-postgres
  Normal  Started    77s   kubelet            spec.initContainers{wait-for-postgres}: Started container wait-for-postgres
  Normal  Pulled     76s   kubelet            spec.initContainers{wait-for-nanomq}: Container image "busybox:1.36" already present on machine
  Normal  Created    76s   kubelet            spec.initContainers{wait-for-nanomq}: Created container: wait-for-nanomq
  Normal  Started    76s   kubelet            spec.initContainers{wait-for-nanomq}: Started container wait-for-nanomq
  Normal  Pulled     75s   kubelet            spec.containers{hermod-coordinator}: Container image "hermod-coordinator:latest" already present on machine
  Normal  Created    75s   kubelet            spec.containers{hermod-coordinator}: Created container: hermod-coordinator
  Normal  Started    75s   kubelet            spec.containers{hermod-coordinator}: Started container hermod-coordinator


Name:             nanomq-76bd7959b5-nxj6x
Namespace:        coord-only
Priority:         0
Service Account:  default
Node:             <pi-host>/<pi-ip>
Start Time:       Mon, 27 Apr 2026 04:57:14 +0200
Labels:           app=nanomq
                  pod-template-hash=76bd7959b5
Annotations:      cni.projectcalico.org/containerID: 6f547526445c6a40249c75b30db24fca701752ad0b2c0b13662f5dbcb0a46a7d
                  cni.projectcalico.org/podIP: <pod-ip>/32
                  cni.projectcalico.org/podIPs: <pod-ip>/32
                  kubectl.kubernetes.io/restartedAt: 2026-04-27T04:57:12+02:00
Status:           Running
IP:               <pod-ip>
IPs:
  IP:           <pod-ip>
Controlled By:  ReplicaSet/nanomq-76bd7959b5
Containers:
  nanomq:
    Container ID:   containerd://446cacad26cd1a6322ae945d76d022f0da7d8a27adf1a85a6edbedb27b204e7b
    Image:          emqx/nanomq:0.21-slim
    Image ID:       docker.io/emqx/nanomq@sha256:53bea7acb547aced1cc45e08c514628f1e41c4da9ad544fd8c5fa96d3e9eb41b
    Ports:          1883/TCP (mqtt), 8081/TCP (http)
    Host Ports:     0/TCP (mqtt), 0/TCP (http)
    State:          Running
      Started:      Mon, 27 Apr 2026 04:57:15 +0200
    Ready:          True
    Restart Count:  0
    Limits:
      cpu:     1
      memory:  512Mi
    Requests:
      cpu:        50m
      memory:     64Mi
    Liveness:     tcp-socket :1883 delay=10s timeout=1s period=10s #success=1 #failure=3
    Readiness:    tcp-socket :1883 delay=3s timeout=1s period=5s #success=1 #failure=3
    Environment:  <none>
    Mounts:
      /etc/nanomq.conf from config (rw,path="nanomq.conf")
      /var/run/secrets/kubernetes.io/serviceaccount from kube-api-access-5nwtw (ro)
Conditions:
  Type                        Status
  PodReadyToStartContainers   True 
  Initialized                 True 
  Ready                       True 
  ContainersReady             True 
  PodScheduled                True 
Volumes:
  config:
    Type:      ConfigMap (a volume populated by a ConfigMap)
    Name:      nanomq-config
    Optional:  false
  kube-api-access-5nwtw:
    Type:                    Projected (a volume that contains injected data from multiple sources)
    TokenExpirationSeconds:  3607
    ConfigMapName:           kube-root-ca.crt
    Optional:                false
    DownwardAPI:             true
QoS Class:                   Burstable
Node-Selectors:              <none>
Tolerations:                 node.kubernetes.io/not-ready:NoExecute op=Exists for 300s
                             node.kubernetes.io/unreachable:NoExecute op=Exists for 300s
Events:
  Type    Reason     Age   From               Message
  ----    ------     ----  ----               -------
  Normal  Scheduled  95s   default-scheduler  Successfully assigned coord-only/nanomq-76bd7959b5-nxj6x to <pi-host>
  Normal  Pulled     95s   kubelet            spec.containers{nanomq}: Container image "emqx/nanomq:0.21-slim" already present on machine
  Normal  Created    95s   kubelet            spec.containers{nanomq}: Created container: nanomq
  Normal  Started    95s   kubelet            spec.containers{nanomq}: Started container nanomq


Name:             postgres-0
Namespace:        coord-only
Priority:         0
Service Account:  default
Node:             <pi-host>/<pi-ip>
Start Time:       Mon, 27 Apr 2026 04:16:57 +0200
Labels:           app=postgres
                  apps.kubernetes.io/pod-index=0
                  controller-revision-hash=postgres-6497897965
                  statefulset.kubernetes.io/pod-name=postgres-0
Annotations:      cni.projectcalico.org/containerID: 69fb4823b666d3d2a1395c00ab9b26a33337431372918fb41d9f85f42d91a056
                  cni.projectcalico.org/podIP: <pod-ip>/32
                  cni.projectcalico.org/podIPs: <pod-ip>/32
Status:           Running
IP:               <pod-ip>
IPs:
  IP:           <pod-ip>
Controlled By:  StatefulSet/postgres
Containers:
  postgres:
    Container ID:  containerd://adf8585ccc9b705cf0261f22f8e1c254a24670c72b998bb7a052f31e3a5ae5be
    Image:         postgres:17-alpine
    Image ID:      docker.io/library/postgres@sha256:778d0b486d6daa02b77434d0358ec57a1b21fd8b6d22ac2eef56a33e816928f6
    Port:          5432/TCP
    Host Port:     0/TCP
    Args:
      -c
      shared_buffers=256MB
      -c
      max_connections=200
      -c
      work_mem=16MB
    State:          Running
      Started:      Mon, 27 Apr 2026 04:16:58 +0200
    Ready:          True
    Restart Count:  0
    Limits:
      cpu:     1500m
      memory:  1536Mi
    Requests:
      cpu:      100m
      memory:   256Mi
    Liveness:   exec [pg_isready -U postgres] delay=30s timeout=1s period=10s #success=1 #failure=3
    Readiness:  exec [pg_isready -U postgres] delay=5s timeout=1s period=5s #success=1 #failure=3
    Environment:
      POSTGRES_DB:        postgres
      POSTGRES_USER:      postgres
      POSTGRES_PASSWORD:  <set to the key 'postgres-superuser-password' in secret 'hermod-secrets'>  Optional: false
    Mounts:
      /docker-entrypoint-initdb.d from init (rw)
      /var/lib/postgresql/data from data (rw)
      /var/run/secrets/kubernetes.io/serviceaccount from kube-api-access-79j56 (ro)
Conditions:
  Type                        Status
  PodReadyToStartContainers   True 
  Initialized                 True 
  Ready                       True 
  ContainersReady             True 
  PodScheduled                True 
Volumes:
  data:
    Type:       PersistentVolumeClaim (a reference to a PersistentVolumeClaim in the same namespace)
    ClaimName:  data-postgres-0
    ReadOnly:   false
  init:
    Type:      ConfigMap (a volume populated by a ConfigMap)
    Name:      postgres-init
    Optional:  false
  kube-api-access-79j56:
    Type:                    Projected (a volume that contains injected data from multiple sources)
    TokenExpirationSeconds:  3607
    ConfigMapName:           kube-root-ca.crt
    Optional:                false
    DownwardAPI:             true
QoS Class:                   Burstable
Node-Selectors:              <none>
Tolerations:                 node.kubernetes.io/not-ready:NoExecute op=Exists for 300s
                             node.kubernetes.io/unreachable:NoExecute op=Exists for 300s
Events:                      <none>

=== ts=1777258741 ===
Name:             hermod-coordinator-68dcbd4d99-5mq54
Namespace:        coord-only
Priority:         0
Service Account:  default
Node:             <pi-host>/<pi-ip>
Start Time:       Mon, 27 Apr 2026 04:57:32 +0200
Labels:           app=hermod-coordinator
                  pod-template-hash=68dcbd4d99
Annotations:      cni.projectcalico.org/containerID: 3567cd82d2046c72b925afafacfb0b9b6651a968d3713bd56af74792118de4e3
                  cni.projectcalico.org/podIP: <pod-ip>/32
                  cni.projectcalico.org/podIPs: <pod-ip>/32
                  kubectl.kubernetes.io/restartedAt: 2026-04-27T04:57:12+02:00
Status:           Running
IP:               <pod-ip>
IPs:
  IP:           <pod-ip>
Controlled By:  ReplicaSet/hermod-coordinator-68dcbd4d99
Init Containers:
  wait-for-postgres:
    Container ID:  containerd://64f281b4505891d321da623d3768b12dad138c3404410dffa872e7800b64317a
    Image:         busybox:1.36
    Image ID:      docker.io/library/busybox@sha256:73aaf090f3d85aa34ee199857f03fa3a95c8ede2ffd4cc2cdb5b94e566b11662
    Port:          <none>
    Host Port:     <none>
    Command:
      sh
      -c
      until nc -z postgres 5432; do sleep 2; done
    State:          Terminated
      Reason:       Completed
      Exit Code:    0
      Started:      Mon, 27 Apr 2026 04:57:33 +0200
      Finished:     Mon, 27 Apr 2026 04:57:33 +0200
    Ready:          True
    Restart Count:  0
    Environment:
      Hermod__Features__DeviceStateTracking:    true
      Hermod__Engine__LogBatchSize:             100
      Hermod__Engine__LogBatching:              true
      Hermod__Engine__Parallelism:              0
      Hermod__Features__MessagePersistence:     true
      Hermod__Features__RuleAuditLog:           true
      Hermod__Features__RuleCache:              true
      Hermod__Features__StatsRollup:            false
      Hermod__Storage__Mode:                    Postgres
      Logging__LogLevel__Hermod:                Information
      Logging__LogLevel__Microsoft.AspNetCore:  Warning
    Mounts:
      /var/run/secrets/kubernetes.io/serviceaccount from kube-api-access-cnhg8 (ro)
  wait-for-nanomq:
    Container ID:  containerd://e07cb7b99a7bb0e5ba5ebe46cdfcbc3c25e1da3e531f9824f86043f367af4d49
    Image:         busybox:1.36
    Image ID:      docker.io/library/busybox@sha256:73aaf090f3d85aa34ee199857f03fa3a95c8ede2ffd4cc2cdb5b94e566b11662
    Port:          <none>
    Host Port:     <none>
    Command:
      sh
      -c
      until nc -z nanomq 1883; do sleep 2; done
    State:          Terminated
      Reason:       Completed
      Exit Code:    0
      Started:      Mon, 27 Apr 2026 04:57:34 +0200
      Finished:     Mon, 27 Apr 2026 04:57:34 +0200
    Ready:          True
    Restart Count:  0
    Environment:
      Hermod__Features__DeviceStateTracking:    true
      Hermod__Engine__LogBatchSize:             100
      Hermod__Engine__LogBatching:              true
      Hermod__Engine__Parallelism:              0
      Hermod__Features__MessagePersistence:     true
      Hermod__Features__RuleAuditLog:           true
      Hermod__Features__RuleCache:              true
      Hermod__Features__StatsRollup:            false
      Hermod__Storage__Mode:                    Postgres
      Logging__LogLevel__Hermod:                Information
      Logging__LogLevel__Microsoft.AspNetCore:  Warning
    Mounts:
      /var/run/secrets/kubernetes.io/serviceaccount from kube-api-access-cnhg8 (ro)
Containers:
  hermod-coordinator:
    Container ID:   containerd://866f4f97fc6bcd12a6e08f23be25f9a7bf8812fef35dd529b3313251b92ee91d
    Image:          hermod-coordinator:latest
    Image ID:       sha256:ca91ccdfcd269dd5e4e25d5ffe8d863ca5db57e5c4f62f08c8adf90d23c15eaf
    Port:           42069/TCP (http)
    Host Port:      0/TCP (http)
    State:          Running
      Started:      Mon, 27 Apr 2026 04:57:35 +0200
    Ready:          True
    Restart Count:  0
    Limits:
      cpu:     1500m
      memory:  1536Mi
    Requests:
      cpu:      200m
      memory:   256Mi
    Liveness:   http-get http://:42069/healthz delay=60s timeout=1s period=30s #success=1 #failure=3
    Readiness:  http-get http://:42069/healthz/ready delay=5s timeout=1s period=10s #success=1 #failure=3
    Startup:    http-get http://:42069/healthz delay=0s timeout=1s period=5s #success=1 #failure=30
    Environment:
      ASPNETCORE_ENVIRONMENT:                   Production
      ASPNETCORE_URLS:                          http://+:42069
      DOTNET_USE_POLLING_FILE_WATCHER:          true
      Hermod__Security__AuthBypass:             true
      Hermod__Security__VaultRequireHttps:      false
      Hermod__Features__MetricsEndpoint:        true
      Hermod__Dev__Endpoints:                   true
      Hermod__Mqtt__Host:                       nanomq
      Hermod__Mqtt__Port:                       1883
      Hermod__Mqtt__UseTls:                     false
      Hermod__Mqtt__Tls__UseTls:                false
      Hermod__Mqtt__Username:                   <set to the key 'mqtt-username' in secret 'hermod-secrets'>  Optional: false
      Hermod__Mqtt__Password:                   <set to the key 'mqtt-password' in secret 'hermod-secrets'>  Optional: false
      Hermod__Database__ConnectionString:       Host=postgres;Port=5432;Database=hermod;Username=hermod_app
      Hermod__Database__Password:               <set to the key 'hermod-db-password' in secret 'hermod-db-credentials'>  Optional: false
      Hermod__Features__DeviceStateTracking:    true
      Hermod__Engine__LogBatchSize:             100
      Hermod__Engine__LogBatching:              true
      Hermod__Engine__Parallelism:              0
      Hermod__Features__MessagePersistence:     true
      Hermod__Features__RuleAuditLog:           true
      Hermod__Features__RuleCache:              true
      Hermod__Features__StatsRollup:            false
      Hermod__Storage__Mode:                    Postgres
      Logging__LogLevel__Hermod:                Information
      Logging__LogLevel__Microsoft.AspNetCore:  Warning
    Mounts:
      /var/run/secrets/kubernetes.io/serviceaccount from kube-api-access-cnhg8 (ro)
Conditions:
  Type                        Status
  PodReadyToStartContainers   True 
  Initialized                 True 
  Ready                       True 
  ContainersReady             True 
  PodScheduled                True 
Volumes:
  kube-api-access-cnhg8:
    Type:                    Projected (a volume that contains injected data from multiple sources)
    TokenExpirationSeconds:  3607
    ConfigMapName:           kube-root-ca.crt
    Optional:                false
    DownwardAPI:             true
QoS Class:                   Burstable
Node-Selectors:              <none>
Tolerations:                 node.kubernetes.io/not-ready:NoExecute op=Exists for 300s
                             node.kubernetes.io/unreachable:NoExecute op=Exists for 300s
Events:
  Type    Reason     Age   From               Message
  ----    ------     ----  ----               -------
  Normal  Scheduled  89s   default-scheduler  Successfully assigned coord-only/hermod-coordinator-68dcbd4d99-5mq54 to <pi-host>
  Normal  Pulled     88s   kubelet            spec.initContainers{wait-for-postgres}: Container image "busybox:1.36" already present on machine
  Normal  Created    88s   kubelet            spec.initContainers{wait-for-postgres}: Created container: wait-for-postgres
  Normal  Started    88s   kubelet            spec.initContainers{wait-for-postgres}: Started container wait-for-postgres
  Normal  Pulled     87s   kubelet            spec.initContainers{wait-for-nanomq}: Container image "busybox:1.36" already present on machine
  Normal  Created    87s   kubelet            spec.initContainers{wait-for-nanomq}: Created container: wait-for-nanomq
  Normal  Started    87s   kubelet            spec.initContainers{wait-for-nanomq}: Started container wait-for-nanomq
  Normal  Pulled     86s   kubelet            spec.containers{hermod-coordinator}: Container image "hermod-coordinator:latest" already present on machine
  Normal  Created    86s   kubelet            spec.containers{hermod-coordinator}: Created container: hermod-coordinator
  Normal  Started    86s   kubelet            spec.containers{hermod-coordinator}: Started container hermod-coordinator


Name:             nanomq-76bd7959b5-nxj6x
Namespace:        coord-only
Priority:         0
Service Account:  default
Node:             <pi-host>/<pi-ip>
Start Time:       Mon, 27 Apr 2026 04:57:14 +0200
Labels:           app=nanomq
                  pod-template-hash=76bd7959b5
Annotations:      cni.projectcalico.org/containerID: 6f547526445c6a40249c75b30db24fca701752ad0b2c0b13662f5dbcb0a46a7d
                  cni.projectcalico.org/podIP: <pod-ip>/32
                  cni.projectcalico.org/podIPs: <pod-ip>/32
                  kubectl.kubernetes.io/restartedAt: 2026-04-27T04:57:12+02:00
Status:           Running
IP:               <pod-ip>
IPs:
  IP:           <pod-ip>
Controlled By:  ReplicaSet/nanomq-76bd7959b5
Containers:
  nanomq:
    Container ID:   containerd://446cacad26cd1a6322ae945d76d022f0da7d8a27adf1a85a6edbedb27b204e7b
    Image:          emqx/nanomq:0.21-slim
    Image ID:       docker.io/emqx/nanomq@sha256:53bea7acb547aced1cc45e08c514628f1e41c4da9ad544fd8c5fa96d3e9eb41b
    Ports:          1883/TCP (mqtt), 8081/TCP (http)
    Host Ports:     0/TCP (mqtt), 0/TCP (http)
    State:          Running
      Started:      Mon, 27 Apr 2026 04:57:15 +0200
    Ready:          True
    Restart Count:  0
    Limits:
      cpu:     1
      memory:  512Mi
    Requests:
      cpu:        50m
      memory:     64Mi
    Liveness:     tcp-socket :1883 delay=10s timeout=1s period=10s #success=1 #failure=3
    Readiness:    tcp-socket :1883 delay=3s timeout=1s period=5s #success=1 #failure=3
    Environment:  <none>
    Mounts:
      /etc/nanomq.conf from config (rw,path="nanomq.conf")
      /var/run/secrets/kubernetes.io/serviceaccount from kube-api-access-5nwtw (ro)
Conditions:
  Type                        Status
  PodReadyToStartContainers   True 
  Initialized                 True 
  Ready                       True 
  ContainersReady             True 
  PodScheduled                True 
Volumes:
  config:
    Type:      ConfigMap (a volume populated by a ConfigMap)
    Name:      nanomq-config
    Optional:  false
  kube-api-access-5nwtw:
    Type:                    Projected (a volume that contains injected data from multiple sources)
    TokenExpirationSeconds:  3607
    ConfigMapName:           kube-root-ca.crt
    Optional:                false
    DownwardAPI:             true
QoS Class:                   Burstable
Node-Selectors:              <none>
Tolerations:                 node.kubernetes.io/not-ready:NoExecute op=Exists for 300s
                             node.kubernetes.io/unreachable:NoExecute op=Exists for 300s
Events:
  Type    Reason     Age   From               Message
  ----    ------     ----  ----               -------
  Normal  Scheduled  107s  default-scheduler  Successfully assigned coord-only/nanomq-76bd7959b5-nxj6x to <pi-host>
  Normal  Pulled     106s  kubelet            spec.containers{nanomq}: Container image "emqx/nanomq:0.21-slim" already present on machine
  Normal  Created    106s  kubelet            spec.containers{nanomq}: Created container: nanomq
  Normal  Started    106s  kubelet            spec.containers{nanomq}: Started container nanomq


Name:             postgres-0
Namespace:        coord-only
Priority:         0
Service Account:  default
Node:             <pi-host>/<pi-ip>
Start Time:       Mon, 27 Apr 2026 04:16:57 +0200
Labels:           app=postgres
                  apps.kubernetes.io/pod-index=0
                  controller-revision-hash=postgres-6497897965
                  statefulset.kubernetes.io/pod-name=postgres-0
Annotations:      cni.projectcalico.org/containerID: 69fb4823b666d3d2a1395c00ab9b26a33337431372918fb41d9f85f42d91a056
                  cni.projectcalico.org/podIP: <pod-ip>/32
                  cni.projectcalico.org/podIPs: <pod-ip>/32
Status:           Running
IP:               <pod-ip>
IPs:
  IP:           <pod-ip>
Controlled By:  StatefulSet/postgres
Containers:
  postgres:
    Container ID:  containerd://adf8585ccc9b705cf0261f22f8e1c254a24670c72b998bb7a052f31e3a5ae5be
    Image:         postgres:17-alpine
    Image ID:      docker.io/library/postgres@sha256:778d0b486d6daa02b77434d0358ec57a1b21fd8b6d22ac2eef56a33e816928f6
    Port:          5432/TCP
    Host Port:     0/TCP
    Args:
      -c
      shared_buffers=256MB
      -c
      max_connections=200
      -c
      work_mem=16MB
    State:          Running
      Started:      Mon, 27 Apr 2026 04:16:58 +0200
    Ready:          True
    Restart Count:  0
    Limits:
      cpu:     1500m
      memory:  1536Mi
    Requests:
      cpu:      100m
      memory:   256Mi
    Liveness:   exec [pg_isready -U postgres] delay=30s timeout=1s period=10s #success=1 #failure=3
    Readiness:  exec [pg_isready -U postgres] delay=5s timeout=1s period=5s #success=1 #failure=3
    Environment:
      POSTGRES_DB:        postgres
      POSTGRES_USER:      postgres
      POSTGRES_PASSWORD:  <set to the key 'postgres-superuser-password' in secret 'hermod-secrets'>  Optional: false
    Mounts:
      /docker-entrypoint-initdb.d from init (rw)
      /var/lib/postgresql/data from data (rw)
      /var/run/secrets/kubernetes.io/serviceaccount from kube-api-access-79j56 (ro)
Conditions:
  Type                        Status
  PodReadyToStartContainers   True 
  Initialized                 True 
  Ready                       True 
  ContainersReady             True 
  PodScheduled                True 
Volumes:
  data:
    Type:       PersistentVolumeClaim (a reference to a PersistentVolumeClaim in the same namespace)
    ClaimName:  data-postgres-0
    ReadOnly:   false
  init:
    Type:      ConfigMap (a volume populated by a ConfigMap)
    Name:      postgres-init
    Optional:  false
  kube-api-access-79j56:
    Type:                    Projected (a volume that contains injected data from multiple sources)
    TokenExpirationSeconds:  3607
    ConfigMapName:           kube-root-ca.crt
    Optional:                false
    DownwardAPI:             true
QoS Class:                   Burstable
Node-Selectors:              <none>
Tolerations:                 node.kubernetes.io/not-ready:NoExecute op=Exists for 300s
                             node.kubernetes.io/unreachable:NoExecute op=Exists for 300s
Events:                      <none>

=== ts=1777258752 ===
Name:             hermod-coordinator-68dcbd4d99-5mq54
Namespace:        coord-only
Priority:         0
Service Account:  default
Node:             <pi-host>/<pi-ip>
Start Time:       Mon, 27 Apr 2026 04:57:32 +0200
Labels:           app=hermod-coordinator
                  pod-template-hash=68dcbd4d99
Annotations:      cni.projectcalico.org/containerID: 3567cd82d2046c72b925afafacfb0b9b6651a968d3713bd56af74792118de4e3
                  cni.projectcalico.org/podIP: <pod-ip>/32
                  cni.projectcalico.org/podIPs: <pod-ip>/32
                  kubectl.kubernetes.io/restartedAt: 2026-04-27T04:57:12+02:00
Status:           Running
IP:               <pod-ip>
IPs:
  IP:           <pod-ip>
Controlled By:  ReplicaSet/hermod-coordinator-68dcbd4d99
Init Containers:
  wait-for-postgres:
    Container ID:  containerd://64f281b4505891d321da623d3768b12dad138c3404410dffa872e7800b64317a
    Image:         busybox:1.36
    Image ID:      docker.io/library/busybox@sha256:73aaf090f3d85aa34ee199857f03fa3a95c8ede2ffd4cc2cdb5b94e566b11662
    Port:          <none>
    Host Port:     <none>
    Command:
      sh
      -c
      until nc -z postgres 5432; do sleep 2; done
    State:          Terminated
      Reason:       Completed
      Exit Code:    0
      Started:      Mon, 27 Apr 2026 04:57:33 +0200
      Finished:     Mon, 27 Apr 2026 04:57:33 +0200
    Ready:          True
    Restart Count:  0
    Environment:
      Hermod__Features__DeviceStateTracking:    true
      Hermod__Engine__LogBatchSize:             100
      Hermod__Engine__LogBatching:              true
      Hermod__Engine__Parallelism:              0
      Hermod__Features__MessagePersistence:     true
      Hermod__Features__RuleAuditLog:           true
      Hermod__Features__RuleCache:              true
      Hermod__Features__StatsRollup:            false
      Hermod__Storage__Mode:                    Postgres
      Logging__LogLevel__Hermod:                Information
      Logging__LogLevel__Microsoft.AspNetCore:  Warning
    Mounts:
      /var/run/secrets/kubernetes.io/serviceaccount from kube-api-access-cnhg8 (ro)
  wait-for-nanomq:
    Container ID:  containerd://e07cb7b99a7bb0e5ba5ebe46cdfcbc3c25e1da3e531f9824f86043f367af4d49
    Image:         busybox:1.36
    Image ID:      docker.io/library/busybox@sha256:73aaf090f3d85aa34ee199857f03fa3a95c8ede2ffd4cc2cdb5b94e566b11662
    Port:          <none>
    Host Port:     <none>
    Command:
      sh
      -c
      until nc -z nanomq 1883; do sleep 2; done
    State:          Terminated
      Reason:       Completed
      Exit Code:    0
      Started:      Mon, 27 Apr 2026 04:57:34 +0200
      Finished:     Mon, 27 Apr 2026 04:57:34 +0200
    Ready:          True
    Restart Count:  0
    Environment:
      Hermod__Features__DeviceStateTracking:    true
      Hermod__Engine__LogBatchSize:             100
      Hermod__Engine__LogBatching:              true
      Hermod__Engine__Parallelism:              0
      Hermod__Features__MessagePersistence:     true
      Hermod__Features__RuleAuditLog:           true
      Hermod__Features__RuleCache:              true
      Hermod__Features__StatsRollup:            false
      Hermod__Storage__Mode:                    Postgres
      Logging__LogLevel__Hermod:                Information
      Logging__LogLevel__Microsoft.AspNetCore:  Warning
    Mounts:
      /var/run/secrets/kubernetes.io/serviceaccount from kube-api-access-cnhg8 (ro)
Containers:
  hermod-coordinator:
    Container ID:   containerd://866f4f97fc6bcd12a6e08f23be25f9a7bf8812fef35dd529b3313251b92ee91d
    Image:          hermod-coordinator:latest
    Image ID:       sha256:ca91ccdfcd269dd5e4e25d5ffe8d863ca5db57e5c4f62f08c8adf90d23c15eaf
    Port:           42069/TCP (http)
    Host Port:      0/TCP (http)
    State:          Running
      Started:      Mon, 27 Apr 2026 04:57:35 +0200
    Ready:          True
    Restart Count:  0
    Limits:
      cpu:     1500m
      memory:  1536Mi
    Requests:
      cpu:      200m
      memory:   256Mi
    Liveness:   http-get http://:42069/healthz delay=60s timeout=1s period=30s #success=1 #failure=3
    Readiness:  http-get http://:42069/healthz/ready delay=5s timeout=1s period=10s #success=1 #failure=3
    Startup:    http-get http://:42069/healthz delay=0s timeout=1s period=5s #success=1 #failure=30
    Environment:
      ASPNETCORE_ENVIRONMENT:                   Production
      ASPNETCORE_URLS:                          http://+:42069
      DOTNET_USE_POLLING_FILE_WATCHER:          true
      Hermod__Security__AuthBypass:             true
      Hermod__Security__VaultRequireHttps:      false
      Hermod__Features__MetricsEndpoint:        true
      Hermod__Dev__Endpoints:                   true
      Hermod__Mqtt__Host:                       nanomq
      Hermod__Mqtt__Port:                       1883
      Hermod__Mqtt__UseTls:                     false
      Hermod__Mqtt__Tls__UseTls:                false
      Hermod__Mqtt__Username:                   <set to the key 'mqtt-username' in secret 'hermod-secrets'>  Optional: false
      Hermod__Mqtt__Password:                   <set to the key 'mqtt-password' in secret 'hermod-secrets'>  Optional: false
      Hermod__Database__ConnectionString:       Host=postgres;Port=5432;Database=hermod;Username=hermod_app
      Hermod__Database__Password:               <set to the key 'hermod-db-password' in secret 'hermod-db-credentials'>  Optional: false
      Hermod__Features__DeviceStateTracking:    true
      Hermod__Engine__LogBatchSize:             100
      Hermod__Engine__LogBatching:              true
      Hermod__Engine__Parallelism:              0
      Hermod__Features__MessagePersistence:     true
      Hermod__Features__RuleAuditLog:           true
      Hermod__Features__RuleCache:              true
      Hermod__Features__StatsRollup:            false
      Hermod__Storage__Mode:                    Postgres
      Logging__LogLevel__Hermod:                Information
      Logging__LogLevel__Microsoft.AspNetCore:  Warning
    Mounts:
      /var/run/secrets/kubernetes.io/serviceaccount from kube-api-access-cnhg8 (ro)
Conditions:
  Type                        Status
  PodReadyToStartContainers   True 
  Initialized                 True 
  Ready                       True 
  ContainersReady             True 
  PodScheduled                True 
Volumes:
  kube-api-access-cnhg8:
    Type:                    Projected (a volume that contains injected data from multiple sources)
    TokenExpirationSeconds:  3607
    ConfigMapName:           kube-root-ca.crt
    Optional:                false
    DownwardAPI:             true
QoS Class:                   Burstable
Node-Selectors:              <none>
Tolerations:                 node.kubernetes.io/not-ready:NoExecute op=Exists for 300s
                             node.kubernetes.io/unreachable:NoExecute op=Exists for 300s
Events:
  Type    Reason     Age   From               Message
  ----    ------     ----  ----               -------
  Normal  Scheduled  100s  default-scheduler  Successfully assigned coord-only/hermod-coordinator-68dcbd4d99-5mq54 to <pi-host>
  Normal  Pulled     99s   kubelet            spec.initContainers{wait-for-postgres}: Container image "busybox:1.36" already present on machine
  Normal  Created    99s   kubelet            spec.initContainers{wait-for-postgres}: Created container: wait-for-postgres
  Normal  Started    99s   kubelet            spec.initContainers{wait-for-postgres}: Started container wait-for-postgres
  Normal  Pulled     98s   kubelet            spec.initContainers{wait-for-nanomq}: Container image "busybox:1.36" already present on machine
  Normal  Created    98s   kubelet            spec.initContainers{wait-for-nanomq}: Created container: wait-for-nanomq
  Normal  Started    98s   kubelet            spec.initContainers{wait-for-nanomq}: Started container wait-for-nanomq
  Normal  Pulled     97s   kubelet            spec.containers{hermod-coordinator}: Container image "hermod-coordinator:latest" already present on machine
  Normal  Created    97s   kubelet            spec.containers{hermod-coordinator}: Created container: hermod-coordinator
  Normal  Started    97s   kubelet            spec.containers{hermod-coordinator}: Started container hermod-coordinator


Name:             nanomq-76bd7959b5-nxj6x
Namespace:        coord-only
Priority:         0
Service Account:  default
Node:             <pi-host>/<pi-ip>
Start Time:       Mon, 27 Apr 2026 04:57:14 +0200
Labels:           app=nanomq
                  pod-template-hash=76bd7959b5
Annotations:      cni.projectcalico.org/containerID: 6f547526445c6a40249c75b30db24fca701752ad0b2c0b13662f5dbcb0a46a7d
                  cni.projectcalico.org/podIP: <pod-ip>/32
                  cni.projectcalico.org/podIPs: <pod-ip>/32
                  kubectl.kubernetes.io/restartedAt: 2026-04-27T04:57:12+02:00
Status:           Running
IP:               <pod-ip>
IPs:
  IP:           <pod-ip>
Controlled By:  ReplicaSet/nanomq-76bd7959b5
Containers:
  nanomq:
    Container ID:   containerd://446cacad26cd1a6322ae945d76d022f0da7d8a27adf1a85a6edbedb27b204e7b
    Image:          emqx/nanomq:0.21-slim
    Image ID:       docker.io/emqx/nanomq@sha256:53bea7acb547aced1cc45e08c514628f1e41c4da9ad544fd8c5fa96d3e9eb41b
    Ports:          1883/TCP (mqtt), 8081/TCP (http)
    Host Ports:     0/TCP (mqtt), 0/TCP (http)
    State:          Running
      Started:      Mon, 27 Apr 2026 04:57:15 +0200
    Ready:          True
    Restart Count:  0
    Limits:
      cpu:     1
      memory:  512Mi
    Requests:
      cpu:        50m
      memory:     64Mi
    Liveness:     tcp-socket :1883 delay=10s timeout=1s period=10s #success=1 #failure=3
    Readiness:    tcp-socket :1883 delay=3s timeout=1s period=5s #success=1 #failure=3
    Environment:  <none>
    Mounts:
      /etc/nanomq.conf from config (rw,path="nanomq.conf")
      /var/run/secrets/kubernetes.io/serviceaccount from kube-api-access-5nwtw (ro)
Conditions:
  Type                        Status
  PodReadyToStartContainers   True 
  Initialized                 True 
  Ready                       True 
  ContainersReady             True 
  PodScheduled                True 
Volumes:
  config:
    Type:      ConfigMap (a volume populated by a ConfigMap)
    Name:      nanomq-config
    Optional:  false
  kube-api-access-5nwtw:
    Type:                    Projected (a volume that contains injected data from multiple sources)
    TokenExpirationSeconds:  3607
    ConfigMapName:           kube-root-ca.crt
    Optional:                false
    DownwardAPI:             true
QoS Class:                   Burstable
Node-Selectors:              <none>
Tolerations:                 node.kubernetes.io/not-ready:NoExecute op=Exists for 300s
                             node.kubernetes.io/unreachable:NoExecute op=Exists for 300s
Events:
  Type    Reason     Age   From               Message
  ----    ------     ----  ----               -------
  Normal  Scheduled  118s  default-scheduler  Successfully assigned coord-only/nanomq-76bd7959b5-nxj6x to <pi-host>
  Normal  Pulled     117s  kubelet            spec.containers{nanomq}: Container image "emqx/nanomq:0.21-slim" already present on machine
  Normal  Created    117s  kubelet            spec.containers{nanomq}: Created container: nanomq
  Normal  Started    117s  kubelet            spec.containers{nanomq}: Started container nanomq


Name:             postgres-0
Namespace:        coord-only
Priority:         0
Service Account:  default
Node:             <pi-host>/<pi-ip>
Start Time:       Mon, 27 Apr 2026 04:16:57 +0200
Labels:           app=postgres
                  apps.kubernetes.io/pod-index=0
                  controller-revision-hash=postgres-6497897965
                  statefulset.kubernetes.io/pod-name=postgres-0
Annotations:      cni.projectcalico.org/containerID: 69fb4823b666d3d2a1395c00ab9b26a33337431372918fb41d9f85f42d91a056
                  cni.projectcalico.org/podIP: <pod-ip>/32
                  cni.projectcalico.org/podIPs: <pod-ip>/32
Status:           Running
IP:               <pod-ip>
IPs:
  IP:           <pod-ip>
Controlled By:  StatefulSet/postgres
Containers:
  postgres:
    Container ID:  containerd://adf8585ccc9b705cf0261f22f8e1c254a24670c72b998bb7a052f31e3a5ae5be
    Image:         postgres:17-alpine
    Image ID:      docker.io/library/postgres@sha256:778d0b486d6daa02b77434d0358ec57a1b21fd8b6d22ac2eef56a33e816928f6
    Port:          5432/TCP
    Host Port:     0/TCP
    Args:
      -c
      shared_buffers=256MB
      -c
      max_connections=200
      -c
      work_mem=16MB
    State:          Running
      Started:      Mon, 27 Apr 2026 04:16:58 +0200
    Ready:          True
    Restart Count:  0
    Limits:
      cpu:     1500m
      memory:  1536Mi
    Requests:
      cpu:      100m
      memory:   256Mi
    Liveness:   exec [pg_isready -U postgres] delay=30s timeout=1s period=10s #success=1 #failure=3
    Readiness:  exec [pg_isready -U postgres] delay=5s timeout=1s period=5s #success=1 #failure=3
    Environment:
      POSTGRES_DB:        postgres
      POSTGRES_USER:      postgres
      POSTGRES_PASSWORD:  <set to the key 'postgres-superuser-password' in secret 'hermod-secrets'>  Optional: false
    Mounts:
      /docker-entrypoint-initdb.d from init (rw)
      /var/lib/postgresql/data from data (rw)
      /var/run/secrets/kubernetes.io/serviceaccount from kube-api-access-79j56 (ro)
Conditions:
  Type                        Status
  PodReadyToStartContainers   True 
  Initialized                 True 
  Ready                       True 
  ContainersReady             True 
  PodScheduled                True 
Volumes:
  data:
    Type:       PersistentVolumeClaim (a reference to a PersistentVolumeClaim in the same namespace)
    ClaimName:  data-postgres-0
    ReadOnly:   false
  init:
    Type:      ConfigMap (a volume populated by a ConfigMap)
    Name:      postgres-init
    Optional:  false
  kube-api-access-79j56:
    Type:                    Projected (a volume that contains injected data from multiple sources)
    TokenExpirationSeconds:  3607
    ConfigMapName:           kube-root-ca.crt
    Optional:                false
    DownwardAPI:             true
QoS Class:                   Burstable
Node-Selectors:              <none>
Tolerations:                 node.kubernetes.io/not-ready:NoExecute op=Exists for 300s
                             node.kubernetes.io/unreachable:NoExecute op=Exists for 300s
Events:                      <none>

=== ts=1777258764 ===
Name:             hermod-coordinator-68dcbd4d99-5mq54
Namespace:        coord-only
Priority:         0
Service Account:  default
Node:             <pi-host>/<pi-ip>
Start Time:       Mon, 27 Apr 2026 04:57:32 +0200
Labels:           app=hermod-coordinator
                  pod-template-hash=68dcbd4d99
Annotations:      cni.projectcalico.org/containerID: 3567cd82d2046c72b925afafacfb0b9b6651a968d3713bd56af74792118de4e3
                  cni.projectcalico.org/podIP: <pod-ip>/32
                  cni.projectcalico.org/podIPs: <pod-ip>/32
                  kubectl.kubernetes.io/restartedAt: 2026-04-27T04:57:12+02:00
Status:           Running
IP:               <pod-ip>
IPs:
  IP:           <pod-ip>
Controlled By:  ReplicaSet/hermod-coordinator-68dcbd4d99
Init Containers:
  wait-for-postgres:
    Container ID:  containerd://64f281b4505891d321da623d3768b12dad138c3404410dffa872e7800b64317a
    Image:         busybox:1.36
    Image ID:      docker.io/library/busybox@sha256:73aaf090f3d85aa34ee199857f03fa3a95c8ede2ffd4cc2cdb5b94e566b11662
    Port:          <none>
    Host Port:     <none>
    Command:
      sh
      -c
      until nc -z postgres 5432; do sleep 2; done
    State:          Terminated
      Reason:       Completed
      Exit Code:    0
      Started:      Mon, 27 Apr 2026 04:57:33 +0200
      Finished:     Mon, 27 Apr 2026 04:57:33 +0200
    Ready:          True
    Restart Count:  0
    Environment:
      Hermod__Features__DeviceStateTracking:    true
      Hermod__Engine__LogBatchSize:             100
      Hermod__Engine__LogBatching:              true
      Hermod__Engine__Parallelism:              0
      Hermod__Features__MessagePersistence:     true
      Hermod__Features__RuleAuditLog:           true
      Hermod__Features__RuleCache:              true
      Hermod__Features__StatsRollup:            false
      Hermod__Storage__Mode:                    Postgres
      Logging__LogLevel__Hermod:                Information
      Logging__LogLevel__Microsoft.AspNetCore:  Warning
    Mounts:
      /var/run/secrets/kubernetes.io/serviceaccount from kube-api-access-cnhg8 (ro)
  wait-for-nanomq:
    Container ID:  containerd://e07cb7b99a7bb0e5ba5ebe46cdfcbc3c25e1da3e531f9824f86043f367af4d49
    Image:         busybox:1.36
    Image ID:      docker.io/library/busybox@sha256:73aaf090f3d85aa34ee199857f03fa3a95c8ede2ffd4cc2cdb5b94e566b11662
    Port:          <none>
    Host Port:     <none>
    Command:
      sh
      -c
      until nc -z nanomq 1883; do sleep 2; done
    State:          Terminated
      Reason:       Completed
      Exit Code:    0
      Started:      Mon, 27 Apr 2026 04:57:34 +0200
      Finished:     Mon, 27 Apr 2026 04:57:34 +0200
    Ready:          True
    Restart Count:  0
    Environment:
      Hermod__Features__DeviceStateTracking:    true
      Hermod__Engine__LogBatchSize:             100
      Hermod__Engine__LogBatching:              true
      Hermod__Engine__Parallelism:              0
      Hermod__Features__MessagePersistence:     true
      Hermod__Features__RuleAuditLog:           true
      Hermod__Features__RuleCache:              true
      Hermod__Features__StatsRollup:            false
      Hermod__Storage__Mode:                    Postgres
      Logging__LogLevel__Hermod:                Information
      Logging__LogLevel__Microsoft.AspNetCore:  Warning
    Mounts:
      /var/run/secrets/kubernetes.io/serviceaccount from kube-api-access-cnhg8 (ro)
Containers:
  hermod-coordinator:
    Container ID:   containerd://866f4f97fc6bcd12a6e08f23be25f9a7bf8812fef35dd529b3313251b92ee91d
    Image:          hermod-coordinator:latest
    Image ID:       sha256:ca91ccdfcd269dd5e4e25d5ffe8d863ca5db57e5c4f62f08c8adf90d23c15eaf
    Port:           42069/TCP (http)
    Host Port:      0/TCP (http)
    State:          Running
      Started:      Mon, 27 Apr 2026 04:57:35 +0200
    Ready:          True
    Restart Count:  0
    Limits:
      cpu:     1500m
      memory:  1536Mi
    Requests:
      cpu:      200m
      memory:   256Mi
    Liveness:   http-get http://:42069/healthz delay=60s timeout=1s period=30s #success=1 #failure=3
    Readiness:  http-get http://:42069/healthz/ready delay=5s timeout=1s period=10s #success=1 #failure=3
    Startup:    http-get http://:42069/healthz delay=0s timeout=1s period=5s #success=1 #failure=30
    Environment:
      ASPNETCORE_ENVIRONMENT:                   Production
      ASPNETCORE_URLS:                          http://+:42069
      DOTNET_USE_POLLING_FILE_WATCHER:          true
      Hermod__Security__AuthBypass:             true
      Hermod__Security__VaultRequireHttps:      false
      Hermod__Features__MetricsEndpoint:        true
      Hermod__Dev__Endpoints:                   true
      Hermod__Mqtt__Host:                       nanomq
      Hermod__Mqtt__Port:                       1883
      Hermod__Mqtt__UseTls:                     false
      Hermod__Mqtt__Tls__UseTls:                false
      Hermod__Mqtt__Username:                   <set to the key 'mqtt-username' in secret 'hermod-secrets'>  Optional: false
      Hermod__Mqtt__Password:                   <set to the key 'mqtt-password' in secret 'hermod-secrets'>  Optional: false
      Hermod__Database__ConnectionString:       Host=postgres;Port=5432;Database=hermod;Username=hermod_app
      Hermod__Database__Password:               <set to the key 'hermod-db-password' in secret 'hermod-db-credentials'>  Optional: false
      Hermod__Features__DeviceStateTracking:    true
      Hermod__Engine__LogBatchSize:             100
      Hermod__Engine__LogBatching:              true
      Hermod__Engine__Parallelism:              0
      Hermod__Features__MessagePersistence:     true
      Hermod__Features__RuleAuditLog:           true
      Hermod__Features__RuleCache:              true
      Hermod__Features__StatsRollup:            false
      Hermod__Storage__Mode:                    Postgres
      Logging__LogLevel__Hermod:                Information
      Logging__LogLevel__Microsoft.AspNetCore:  Warning
    Mounts:
      /var/run/secrets/kubernetes.io/serviceaccount from kube-api-access-cnhg8 (ro)
Conditions:
  Type                        Status
  PodReadyToStartContainers   True 
  Initialized                 True 
  Ready                       True 
  ContainersReady             True 
  PodScheduled                True 
Volumes:
  kube-api-access-cnhg8:
    Type:                    Projected (a volume that contains injected data from multiple sources)
    TokenExpirationSeconds:  3607
    ConfigMapName:           kube-root-ca.crt
    Optional:                false
    DownwardAPI:             true
QoS Class:                   Burstable
Node-Selectors:              <none>
Tolerations:                 node.kubernetes.io/not-ready:NoExecute op=Exists for 300s
                             node.kubernetes.io/unreachable:NoExecute op=Exists for 300s
Events:
  Type    Reason     Age   From               Message
  ----    ------     ----  ----               -------
  Normal  Scheduled  111s  default-scheduler  Successfully assigned coord-only/hermod-coordinator-68dcbd4d99-5mq54 to <pi-host>
  Normal  Pulled     111s  kubelet            spec.initContainers{wait-for-postgres}: Container image "busybox:1.36" already present on machine
  Normal  Created    111s  kubelet            spec.initContainers{wait-for-postgres}: Created container: wait-for-postgres
  Normal  Started    111s  kubelet            spec.initContainers{wait-for-postgres}: Started container wait-for-postgres
  Normal  Pulled     110s  kubelet            spec.initContainers{wait-for-nanomq}: Container image "busybox:1.36" already present on machine
  Normal  Created    110s  kubelet            spec.initContainers{wait-for-nanomq}: Created container: wait-for-nanomq
  Normal  Started    110s  kubelet            spec.initContainers{wait-for-nanomq}: Started container wait-for-nanomq
  Normal  Pulled     109s  kubelet            spec.containers{hermod-coordinator}: Container image "hermod-coordinator:latest" already present on machine
  Normal  Created    109s  kubelet            spec.containers{hermod-coordinator}: Created container: hermod-coordinator
  Normal  Started    109s  kubelet            spec.containers{hermod-coordinator}: Started container hermod-coordinator


Name:             nanomq-76bd7959b5-nxj6x
Namespace:        coord-only
Priority:         0
Service Account:  default
Node:             <pi-host>/<pi-ip>
Start Time:       Mon, 27 Apr 2026 04:57:14 +0200
Labels:           app=nanomq
                  pod-template-hash=76bd7959b5
Annotations:      cni.projectcalico.org/containerID: 6f547526445c6a40249c75b30db24fca701752ad0b2c0b13662f5dbcb0a46a7d
                  cni.projectcalico.org/podIP: <pod-ip>/32
                  cni.projectcalico.org/podIPs: <pod-ip>/32
                  kubectl.kubernetes.io/restartedAt: 2026-04-27T04:57:12+02:00
Status:           Running
IP:               <pod-ip>
IPs:
  IP:           <pod-ip>
Controlled By:  ReplicaSet/nanomq-76bd7959b5
Containers:
  nanomq:
    Container ID:   containerd://446cacad26cd1a6322ae945d76d022f0da7d8a27adf1a85a6edbedb27b204e7b
    Image:          emqx/nanomq:0.21-slim
    Image ID:       docker.io/emqx/nanomq@sha256:53bea7acb547aced1cc45e08c514628f1e41c4da9ad544fd8c5fa96d3e9eb41b
    Ports:          1883/TCP (mqtt), 8081/TCP (http)
    Host Ports:     0/TCP (mqtt), 0/TCP (http)
    State:          Running
      Started:      Mon, 27 Apr 2026 04:57:15 +0200
    Ready:          True
    Restart Count:  0
    Limits:
      cpu:     1
      memory:  512Mi
    Requests:
      cpu:        50m
      memory:     64Mi
    Liveness:     tcp-socket :1883 delay=10s timeout=1s period=10s #success=1 #failure=3
    Readiness:    tcp-socket :1883 delay=3s timeout=1s period=5s #success=1 #failure=3
    Environment:  <none>
    Mounts:
      /etc/nanomq.conf from config (rw,path="nanomq.conf")
      /var/run/secrets/kubernetes.io/serviceaccount from kube-api-access-5nwtw (ro)
Conditions:
  Type                        Status
  PodReadyToStartContainers   True 
  Initialized                 True 
  Ready                       True 
  ContainersReady             True 
  PodScheduled                True 
Volumes:
  config:
    Type:      ConfigMap (a volume populated by a ConfigMap)
    Name:      nanomq-config
    Optional:  false
  kube-api-access-5nwtw:
    Type:                    Projected (a volume that contains injected data from multiple sources)
    TokenExpirationSeconds:  3607
    ConfigMapName:           kube-root-ca.crt
    Optional:                false
    DownwardAPI:             true
QoS Class:                   Burstable
Node-Selectors:              <none>
Tolerations:                 node.kubernetes.io/not-ready:NoExecute op=Exists for 300s
                             node.kubernetes.io/unreachable:NoExecute op=Exists for 300s
Events:
  Type    Reason     Age   From               Message
  ----    ------     ----  ----               -------
  Normal  Scheduled  2m9s  default-scheduler  Successfully assigned coord-only/nanomq-76bd7959b5-nxj6x to <pi-host>
  Normal  Pulled     2m9s  kubelet            spec.containers{nanomq}: Container image "emqx/nanomq:0.21-slim" already present on machine
  Normal  Created    2m9s  kubelet            spec.containers{nanomq}: Created container: nanomq
  Normal  Started    2m9s  kubelet            spec.containers{nanomq}: Started container nanomq


Name:             postgres-0
Namespace:        coord-only
Priority:         0
Service Account:  default
Node:             <pi-host>/<pi-ip>
Start Time:       Mon, 27 Apr 2026 04:16:57 +0200
Labels:           app=postgres
                  apps.kubernetes.io/pod-index=0
                  controller-revision-hash=postgres-6497897965
                  statefulset.kubernetes.io/pod-name=postgres-0
Annotations:      cni.projectcalico.org/containerID: 69fb4823b666d3d2a1395c00ab9b26a33337431372918fb41d9f85f42d91a056
                  cni.projectcalico.org/podIP: <pod-ip>/32
                  cni.projectcalico.org/podIPs: <pod-ip>/32
Status:           Running
IP:               <pod-ip>
IPs:
  IP:           <pod-ip>
Controlled By:  StatefulSet/postgres
Containers:
  postgres:
    Container ID:  containerd://adf8585ccc9b705cf0261f22f8e1c254a24670c72b998bb7a052f31e3a5ae5be
    Image:         postgres:17-alpine
    Image ID:      docker.io/library/postgres@sha256:778d0b486d6daa02b77434d0358ec57a1b21fd8b6d22ac2eef56a33e816928f6
    Port:          5432/TCP
    Host Port:     0/TCP
    Args:
      -c
      shared_buffers=256MB
      -c
      max_connections=200
      -c
      work_mem=16MB
    State:          Running
      Started:      Mon, 27 Apr 2026 04:16:58 +0200
    Ready:          True
    Restart Count:  0
    Limits:
      cpu:     1500m
      memory:  1536Mi
    Requests:
      cpu:      100m
      memory:   256Mi
    Liveness:   exec [pg_isready -U postgres] delay=30s timeout=1s period=10s #success=1 #failure=3
    Readiness:  exec [pg_isready -U postgres] delay=5s timeout=1s period=5s #success=1 #failure=3
    Environment:
      POSTGRES_DB:        postgres
      POSTGRES_USER:      postgres
      POSTGRES_PASSWORD:  <set to the key 'postgres-superuser-password' in secret 'hermod-secrets'>  Optional: false
    Mounts:
      /docker-entrypoint-initdb.d from init (rw)
      /var/lib/postgresql/data from data (rw)
      /var/run/secrets/kubernetes.io/serviceaccount from kube-api-access-79j56 (ro)
Conditions:
  Type                        Status
  PodReadyToStartContainers   True 
  Initialized                 True 
  Ready                       True 
  ContainersReady             True 
  PodScheduled                True 
Volumes:
  data:
    Type:       PersistentVolumeClaim (a reference to a PersistentVolumeClaim in the same namespace)
    ClaimName:  data-postgres-0
    ReadOnly:   false
  init:
    Type:      ConfigMap (a volume populated by a ConfigMap)
    Name:      postgres-init
    Optional:  false
  kube-api-access-79j56:
    Type:                    Projected (a volume that contains injected data from multiple sources)
    TokenExpirationSeconds:  3607
    ConfigMapName:           kube-root-ca.crt
    Optional:                false
    DownwardAPI:             true
QoS Class:                   Burstable
Node-Selectors:              <none>
Tolerations:                 node.kubernetes.io/not-ready:NoExecute op=Exists for 300s
                             node.kubernetes.io/unreachable:NoExecute op=Exists for 300s
Events:                      <none>

=== ts=1777258775 ===
Name:             hermod-coordinator-68dcbd4d99-5mq54
Namespace:        coord-only
Priority:         0
Service Account:  default
Node:             <pi-host>/<pi-ip>
Start Time:       Mon, 27 Apr 2026 04:57:32 +0200
Labels:           app=hermod-coordinator
                  pod-template-hash=68dcbd4d99
Annotations:      cni.projectcalico.org/containerID: 3567cd82d2046c72b925afafacfb0b9b6651a968d3713bd56af74792118de4e3
                  cni.projectcalico.org/podIP: <pod-ip>/32
                  cni.projectcalico.org/podIPs: <pod-ip>/32
                  kubectl.kubernetes.io/restartedAt: 2026-04-27T04:57:12+02:00
Status:           Running
IP:               <pod-ip>
IPs:
  IP:           <pod-ip>
Controlled By:  ReplicaSet/hermod-coordinator-68dcbd4d99
Init Containers:
  wait-for-postgres:
    Container ID:  containerd://64f281b4505891d321da623d3768b12dad138c3404410dffa872e7800b64317a
    Image:         busybox:1.36
    Image ID:      docker.io/library/busybox@sha256:73aaf090f3d85aa34ee199857f03fa3a95c8ede2ffd4cc2cdb5b94e566b11662
    Port:          <none>
    Host Port:     <none>
    Command:
      sh
      -c
      until nc -z postgres 5432; do sleep 2; done
    State:          Terminated
      Reason:       Completed
      Exit Code:    0
      Started:      Mon, 27 Apr 2026 04:57:33 +0200
      Finished:     Mon, 27 Apr 2026 04:57:33 +0200
    Ready:          True
    Restart Count:  0
    Environment:
      Hermod__Features__DeviceStateTracking:    true
      Hermod__Engine__LogBatchSize:             100
      Hermod__Engine__LogBatching:              true
      Hermod__Engine__Parallelism:              0
      Hermod__Features__MessagePersistence:     true
      Hermod__Features__RuleAuditLog:           true
      Hermod__Features__RuleCache:              true
      Hermod__Features__StatsRollup:            false
      Hermod__Storage__Mode:                    Postgres
      Logging__LogLevel__Hermod:                Information
      Logging__LogLevel__Microsoft.AspNetCore:  Warning
    Mounts:
      /var/run/secrets/kubernetes.io/serviceaccount from kube-api-access-cnhg8 (ro)
  wait-for-nanomq:
    Container ID:  containerd://e07cb7b99a7bb0e5ba5ebe46cdfcbc3c25e1da3e531f9824f86043f367af4d49
    Image:         busybox:1.36
    Image ID:      docker.io/library/busybox@sha256:73aaf090f3d85aa34ee199857f03fa3a95c8ede2ffd4cc2cdb5b94e566b11662
    Port:          <none>
    Host Port:     <none>
    Command:
      sh
      -c
      until nc -z nanomq 1883; do sleep 2; done
    State:          Terminated
      Reason:       Completed
      Exit Code:    0
      Started:      Mon, 27 Apr 2026 04:57:34 +0200
      Finished:     Mon, 27 Apr 2026 04:57:34 +0200
    Ready:          True
    Restart Count:  0
    Environment:
      Hermod__Features__DeviceStateTracking:    true
      Hermod__Engine__LogBatchSize:             100
      Hermod__Engine__LogBatching:              true
      Hermod__Engine__Parallelism:              0
      Hermod__Features__MessagePersistence:     true
      Hermod__Features__RuleAuditLog:           true
      Hermod__Features__RuleCache:              true
      Hermod__Features__StatsRollup:            false
      Hermod__Storage__Mode:                    Postgres
      Logging__LogLevel__Hermod:                Information
      Logging__LogLevel__Microsoft.AspNetCore:  Warning
    Mounts:
      /var/run/secrets/kubernetes.io/serviceaccount from kube-api-access-cnhg8 (ro)
Containers:
  hermod-coordinator:
    Container ID:   containerd://866f4f97fc6bcd12a6e08f23be25f9a7bf8812fef35dd529b3313251b92ee91d
    Image:          hermod-coordinator:latest
    Image ID:       sha256:ca91ccdfcd269dd5e4e25d5ffe8d863ca5db57e5c4f62f08c8adf90d23c15eaf
    Port:           42069/TCP (http)
    Host Port:      0/TCP (http)
    State:          Running
      Started:      Mon, 27 Apr 2026 04:57:35 +0200
    Ready:          True
    Restart Count:  0
    Limits:
      cpu:     1500m
      memory:  1536Mi
    Requests:
      cpu:      200m
      memory:   256Mi
    Liveness:   http-get http://:42069/healthz delay=60s timeout=1s period=30s #success=1 #failure=3
    Readiness:  http-get http://:42069/healthz/ready delay=5s timeout=1s period=10s #success=1 #failure=3
    Startup:    http-get http://:42069/healthz delay=0s timeout=1s period=5s #success=1 #failure=30
    Environment:
      ASPNETCORE_ENVIRONMENT:                   Production
      ASPNETCORE_URLS:                          http://+:42069
      DOTNET_USE_POLLING_FILE_WATCHER:          true
      Hermod__Security__AuthBypass:             true
      Hermod__Security__VaultRequireHttps:      false
      Hermod__Features__MetricsEndpoint:        true
      Hermod__Dev__Endpoints:                   true
      Hermod__Mqtt__Host:                       nanomq
      Hermod__Mqtt__Port:                       1883
      Hermod__Mqtt__UseTls:                     false
      Hermod__Mqtt__Tls__UseTls:                false
      Hermod__Mqtt__Username:                   <set to the key 'mqtt-username' in secret 'hermod-secrets'>  Optional: false
      Hermod__Mqtt__Password:                   <set to the key 'mqtt-password' in secret 'hermod-secrets'>  Optional: false
      Hermod__Database__ConnectionString:       Host=postgres;Port=5432;Database=hermod;Username=hermod_app
      Hermod__Database__Password:               <set to the key 'hermod-db-password' in secret 'hermod-db-credentials'>  Optional: false
      Hermod__Features__DeviceStateTracking:    true
      Hermod__Engine__LogBatchSize:             100
      Hermod__Engine__LogBatching:              true
      Hermod__Engine__Parallelism:              0
      Hermod__Features__MessagePersistence:     true
      Hermod__Features__RuleAuditLog:           true
      Hermod__Features__RuleCache:              true
      Hermod__Features__StatsRollup:            false
      Hermod__Storage__Mode:                    Postgres
      Logging__LogLevel__Hermod:                Information
      Logging__LogLevel__Microsoft.AspNetCore:  Warning
    Mounts:
      /var/run/secrets/kubernetes.io/serviceaccount from kube-api-access-cnhg8 (ro)
Conditions:
  Type                        Status
  PodReadyToStartContainers   True 
  Initialized                 True 
  Ready                       True 
  ContainersReady             True 
  PodScheduled                True 
Volumes:
  kube-api-access-cnhg8:
    Type:                    Projected (a volume that contains injected data from multiple sources)
    TokenExpirationSeconds:  3607
    ConfigMapName:           kube-root-ca.crt
    Optional:                false
    DownwardAPI:             true
QoS Class:                   Burstable
Node-Selectors:              <none>
Tolerations:                 node.kubernetes.io/not-ready:NoExecute op=Exists for 300s
                             node.kubernetes.io/unreachable:NoExecute op=Exists for 300s
Events:
  Type    Reason     Age   From               Message
  ----    ------     ----  ----               -------
  Normal  Scheduled  2m2s  default-scheduler  Successfully assigned coord-only/hermod-coordinator-68dcbd4d99-5mq54 to <pi-host>
  Normal  Pulled     2m2s  kubelet            spec.initContainers{wait-for-postgres}: Container image "busybox:1.36" already present on machine
  Normal  Created    2m2s  kubelet            spec.initContainers{wait-for-postgres}: Created container: wait-for-postgres
  Normal  Started    2m2s  kubelet            spec.initContainers{wait-for-postgres}: Started container wait-for-postgres
  Normal  Pulled     2m1s  kubelet            spec.initContainers{wait-for-nanomq}: Container image "busybox:1.36" already present on machine
  Normal  Created    2m1s  kubelet            spec.initContainers{wait-for-nanomq}: Created container: wait-for-nanomq
  Normal  Started    2m1s  kubelet            spec.initContainers{wait-for-nanomq}: Started container wait-for-nanomq
  Normal  Pulled     2m    kubelet            spec.containers{hermod-coordinator}: Container image "hermod-coordinator:latest" already present on machine
  Normal  Created    2m    kubelet            spec.containers{hermod-coordinator}: Created container: hermod-coordinator
  Normal  Started    2m    kubelet            spec.containers{hermod-coordinator}: Started container hermod-coordinator


Name:             nanomq-76bd7959b5-nxj6x
Namespace:        coord-only
Priority:         0
Service Account:  default
Node:             <pi-host>/<pi-ip>
Start Time:       Mon, 27 Apr 2026 04:57:14 +0200
Labels:           app=nanomq
                  pod-template-hash=76bd7959b5
Annotations:      cni.projectcalico.org/containerID: 6f547526445c6a40249c75b30db24fca701752ad0b2c0b13662f5dbcb0a46a7d
                  cni.projectcalico.org/podIP: <pod-ip>/32
                  cni.projectcalico.org/podIPs: <pod-ip>/32
                  kubectl.kubernetes.io/restartedAt: 2026-04-27T04:57:12+02:00
Status:           Running
IP:               <pod-ip>
IPs:
  IP:           <pod-ip>
Controlled By:  ReplicaSet/nanomq-76bd7959b5
Containers:
  nanomq:
    Container ID:   containerd://446cacad26cd1a6322ae945d76d022f0da7d8a27adf1a85a6edbedb27b204e7b
    Image:          emqx/nanomq:0.21-slim
    Image ID:       docker.io/emqx/nanomq@sha256:53bea7acb547aced1cc45e08c514628f1e41c4da9ad544fd8c5fa96d3e9eb41b
    Ports:          1883/TCP (mqtt), 8081/TCP (http)
    Host Ports:     0/TCP (mqtt), 0/TCP (http)
    State:          Running
      Started:      Mon, 27 Apr 2026 04:57:15 +0200
    Ready:          True
    Restart Count:  0
    Limits:
      cpu:     1
      memory:  512Mi
    Requests:
      cpu:        50m
      memory:     64Mi
    Liveness:     tcp-socket :1883 delay=10s timeout=1s period=10s #success=1 #failure=3
    Readiness:    tcp-socket :1883 delay=3s timeout=1s period=5s #success=1 #failure=3
    Environment:  <none>
    Mounts:
      /etc/nanomq.conf from config (rw,path="nanomq.conf")
      /var/run/secrets/kubernetes.io/serviceaccount from kube-api-access-5nwtw (ro)
Conditions:
  Type                        Status
  PodReadyToStartContainers   True 
  Initialized                 True 
  Ready                       True 
  ContainersReady             True 
  PodScheduled                True 
Volumes:
  config:
    Type:      ConfigMap (a volume populated by a ConfigMap)
    Name:      nanomq-config
    Optional:  false
  kube-api-access-5nwtw:
    Type:                    Projected (a volume that contains injected data from multiple sources)
    TokenExpirationSeconds:  3607
    ConfigMapName:           kube-root-ca.crt
    Optional:                false
    DownwardAPI:             true
QoS Class:                   Burstable
Node-Selectors:              <none>
Tolerations:                 node.kubernetes.io/not-ready:NoExecute op=Exists for 300s
                             node.kubernetes.io/unreachable:NoExecute op=Exists for 300s
Events:
  Type    Reason     Age    From               Message
  ----    ------     ----   ----               -------
  Normal  Scheduled  2m20s  default-scheduler  Successfully assigned coord-only/nanomq-76bd7959b5-nxj6x to <pi-host>
  Normal  Pulled     2m20s  kubelet            spec.containers{nanomq}: Container image "emqx/nanomq:0.21-slim" already present on machine
  Normal  Created    2m20s  kubelet            spec.containers{nanomq}: Created container: nanomq
  Normal  Started    2m20s  kubelet            spec.containers{nanomq}: Started container nanomq


Name:             postgres-0
Namespace:        coord-only
Priority:         0
Service Account:  default
Node:             <pi-host>/<pi-ip>
Start Time:       Mon, 27 Apr 2026 04:16:57 +0200
Labels:           app=postgres
                  apps.kubernetes.io/pod-index=0
                  controller-revision-hash=postgres-6497897965
                  statefulset.kubernetes.io/pod-name=postgres-0
Annotations:      cni.projectcalico.org/containerID: 69fb4823b666d3d2a1395c00ab9b26a33337431372918fb41d9f85f42d91a056
                  cni.projectcalico.org/podIP: <pod-ip>/32
                  cni.projectcalico.org/podIPs: <pod-ip>/32
Status:           Running
IP:               <pod-ip>
IPs:
  IP:           <pod-ip>
Controlled By:  StatefulSet/postgres
Containers:
  postgres:
    Container ID:  containerd://adf8585ccc9b705cf0261f22f8e1c254a24670c72b998bb7a052f31e3a5ae5be
    Image:         postgres:17-alpine
    Image ID:      docker.io/library/postgres@sha256:778d0b486d6daa02b77434d0358ec57a1b21fd8b6d22ac2eef56a33e816928f6
    Port:          5432/TCP
    Host Port:     0/TCP
    Args:
      -c
      shared_buffers=256MB
      -c
      max_connections=200
      -c
      work_mem=16MB
    State:          Running
      Started:      Mon, 27 Apr 2026 04:16:58 +0200
    Ready:          True
    Restart Count:  0
    Limits:
      cpu:     1500m
      memory:  1536Mi
    Requests:
      cpu:      100m
      memory:   256Mi
    Liveness:   exec [pg_isready -U postgres] delay=30s timeout=1s period=10s #success=1 #failure=3
    Readiness:  exec [pg_isready -U postgres] delay=5s timeout=1s period=5s #success=1 #failure=3
    Environment:
      POSTGRES_DB:        postgres
      POSTGRES_USER:      postgres
      POSTGRES_PASSWORD:  <set to the key 'postgres-superuser-password' in secret 'hermod-secrets'>  Optional: false
    Mounts:
      /docker-entrypoint-initdb.d from init (rw)
      /var/lib/postgresql/data from data (rw)
      /var/run/secrets/kubernetes.io/serviceaccount from kube-api-access-79j56 (ro)
Conditions:
  Type                        Status
  PodReadyToStartContainers   True 
  Initialized                 True 
  Ready                       True 
  ContainersReady             True 
  PodScheduled                True 
Volumes:
  data:
    Type:       PersistentVolumeClaim (a reference to a PersistentVolumeClaim in the same namespace)
    ClaimName:  data-postgres-0
    ReadOnly:   false
  init:
    Type:      ConfigMap (a volume populated by a ConfigMap)
    Name:      postgres-init
    Optional:  false
  kube-api-access-79j56:
    Type:                    Projected (a volume that contains injected data from multiple sources)
    TokenExpirationSeconds:  3607
    ConfigMapName:           kube-root-ca.crt
    Optional:                false
    DownwardAPI:             true
QoS Class:                   Burstable
Node-Selectors:              <none>
Tolerations:                 node.kubernetes.io/not-ready:NoExecute op=Exists for 300s
                             node.kubernetes.io/unreachable:NoExecute op=Exists for 300s
Events:                      <none>

=== ts=1777258786 ===
Name:             hermod-coordinator-68dcbd4d99-5mq54
Namespace:        coord-only
Priority:         0
Service Account:  default
Node:             <pi-host>/<pi-ip>
Start Time:       Mon, 27 Apr 2026 04:57:32 +0200
Labels:           app=hermod-coordinator
                  pod-template-hash=68dcbd4d99
Annotations:      cni.projectcalico.org/containerID: 3567cd82d2046c72b925afafacfb0b9b6651a968d3713bd56af74792118de4e3
                  cni.projectcalico.org/podIP: <pod-ip>/32
                  cni.projectcalico.org/podIPs: <pod-ip>/32
                  kubectl.kubernetes.io/restartedAt: 2026-04-27T04:57:12+02:00
Status:           Running
IP:               <pod-ip>
IPs:
  IP:           <pod-ip>
Controlled By:  ReplicaSet/hermod-coordinator-68dcbd4d99
Init Containers:
  wait-for-postgres:
    Container ID:  containerd://64f281b4505891d321da623d3768b12dad138c3404410dffa872e7800b64317a
    Image:         busybox:1.36
    Image ID:      docker.io/library/busybox@sha256:73aaf090f3d85aa34ee199857f03fa3a95c8ede2ffd4cc2cdb5b94e566b11662
    Port:          <none>
    Host Port:     <none>
    Command:
      sh
      -c
      until nc -z postgres 5432; do sleep 2; done
    State:          Terminated
      Reason:       Completed
      Exit Code:    0
      Started:      Mon, 27 Apr 2026 04:57:33 +0200
      Finished:     Mon, 27 Apr 2026 04:57:33 +0200
    Ready:          True
    Restart Count:  0
    Environment:
      Hermod__Features__DeviceStateTracking:    true
      Hermod__Engine__LogBatchSize:             100
      Hermod__Engine__LogBatching:              true
      Hermod__Engine__Parallelism:              0
      Hermod__Features__MessagePersistence:     true
      Hermod__Features__RuleAuditLog:           true
      Hermod__Features__RuleCache:              true
      Hermod__Features__StatsRollup:            false
      Hermod__Storage__Mode:                    Postgres
      Logging__LogLevel__Hermod:                Information
      Logging__LogLevel__Microsoft.AspNetCore:  Warning
    Mounts:
      /var/run/secrets/kubernetes.io/serviceaccount from kube-api-access-cnhg8 (ro)
  wait-for-nanomq:
    Container ID:  containerd://e07cb7b99a7bb0e5ba5ebe46cdfcbc3c25e1da3e531f9824f86043f367af4d49
    Image:         busybox:1.36
    Image ID:      docker.io/library/busybox@sha256:73aaf090f3d85aa34ee199857f03fa3a95c8ede2ffd4cc2cdb5b94e566b11662
    Port:          <none>
    Host Port:     <none>
    Command:
      sh
      -c
      until nc -z nanomq 1883; do sleep 2; done
    State:          Terminated
      Reason:       Completed
      Exit Code:    0
      Started:      Mon, 27 Apr 2026 04:57:34 +0200
      Finished:     Mon, 27 Apr 2026 04:57:34 +0200
    Ready:          True
    Restart Count:  0
    Environment:
      Hermod__Features__DeviceStateTracking:    true
      Hermod__Engine__LogBatchSize:             100
      Hermod__Engine__LogBatching:              true
      Hermod__Engine__Parallelism:              0
      Hermod__Features__MessagePersistence:     true
      Hermod__Features__RuleAuditLog:           true
      Hermod__Features__RuleCache:              true
      Hermod__Features__StatsRollup:            false
      Hermod__Storage__Mode:                    Postgres
      Logging__LogLevel__Hermod:                Information
      Logging__LogLevel__Microsoft.AspNetCore:  Warning
    Mounts:
      /var/run/secrets/kubernetes.io/serviceaccount from kube-api-access-cnhg8 (ro)
Containers:
  hermod-coordinator:
    Container ID:   containerd://866f4f97fc6bcd12a6e08f23be25f9a7bf8812fef35dd529b3313251b92ee91d
    Image:          hermod-coordinator:latest
    Image ID:       sha256:ca91ccdfcd269dd5e4e25d5ffe8d863ca5db57e5c4f62f08c8adf90d23c15eaf
    Port:           42069/TCP (http)
    Host Port:      0/TCP (http)
    State:          Running
      Started:      Mon, 27 Apr 2026 04:57:35 +0200
    Ready:          True
    Restart Count:  0
    Limits:
      cpu:     1500m
      memory:  1536Mi
    Requests:
      cpu:      200m
      memory:   256Mi
    Liveness:   http-get http://:42069/healthz delay=60s timeout=1s period=30s #success=1 #failure=3
    Readiness:  http-get http://:42069/healthz/ready delay=5s timeout=1s period=10s #success=1 #failure=3
    Startup:    http-get http://:42069/healthz delay=0s timeout=1s period=5s #success=1 #failure=30
    Environment:
      ASPNETCORE_ENVIRONMENT:                   Production
      ASPNETCORE_URLS:                          http://+:42069
      DOTNET_USE_POLLING_FILE_WATCHER:          true
      Hermod__Security__AuthBypass:             true
      Hermod__Security__VaultRequireHttps:      false
      Hermod__Features__MetricsEndpoint:        true
      Hermod__Dev__Endpoints:                   true
      Hermod__Mqtt__Host:                       nanomq
      Hermod__Mqtt__Port:                       1883
      Hermod__Mqtt__UseTls:                     false
      Hermod__Mqtt__Tls__UseTls:                false
      Hermod__Mqtt__Username:                   <set to the key 'mqtt-username' in secret 'hermod-secrets'>  Optional: false
      Hermod__Mqtt__Password:                   <set to the key 'mqtt-password' in secret 'hermod-secrets'>  Optional: false
      Hermod__Database__ConnectionString:       Host=postgres;Port=5432;Database=hermod;Username=hermod_app
      Hermod__Database__Password:               <set to the key 'hermod-db-password' in secret 'hermod-db-credentials'>  Optional: false
      Hermod__Features__DeviceStateTracking:    true
      Hermod__Engine__LogBatchSize:             100
      Hermod__Engine__LogBatching:              true
      Hermod__Engine__Parallelism:              0
      Hermod__Features__MessagePersistence:     true
      Hermod__Features__RuleAuditLog:           true
      Hermod__Features__RuleCache:              true
      Hermod__Features__StatsRollup:            false
      Hermod__Storage__Mode:                    Postgres
      Logging__LogLevel__Hermod:                Information
      Logging__LogLevel__Microsoft.AspNetCore:  Warning
    Mounts:
      /var/run/secrets/kubernetes.io/serviceaccount from kube-api-access-cnhg8 (ro)
Conditions:
  Type                        Status
  PodReadyToStartContainers   True 
  Initialized                 True 
  Ready                       True 
  ContainersReady             True 
  PodScheduled                True 
Volumes:
  kube-api-access-cnhg8:
    Type:                    Projected (a volume that contains injected data from multiple sources)
    TokenExpirationSeconds:  3607
    ConfigMapName:           kube-root-ca.crt
    Optional:                false
    DownwardAPI:             true
QoS Class:                   Burstable
Node-Selectors:              <none>
Tolerations:                 node.kubernetes.io/not-ready:NoExecute op=Exists for 300s
                             node.kubernetes.io/unreachable:NoExecute op=Exists for 300s
Events:
  Type    Reason     Age    From               Message
  ----    ------     ----   ----               -------
  Normal  Scheduled  2m14s  default-scheduler  Successfully assigned coord-only/hermod-coordinator-68dcbd4d99-5mq54 to <pi-host>
  Normal  Pulled     2m14s  kubelet            spec.initContainers{wait-for-postgres}: Container image "busybox:1.36" already present on machine
  Normal  Created    2m14s  kubelet            spec.initContainers{wait-for-postgres}: Created container: wait-for-postgres
  Normal  Started    2m14s  kubelet            spec.initContainers{wait-for-postgres}: Started container wait-for-postgres
  Normal  Pulled     2m13s  kubelet            spec.initContainers{wait-for-nanomq}: Container image "busybox:1.36" already present on machine
  Normal  Created    2m13s  kubelet            spec.initContainers{wait-for-nanomq}: Created container: wait-for-nanomq
  Normal  Started    2m13s  kubelet            spec.initContainers{wait-for-nanomq}: Started container wait-for-nanomq
  Normal  Pulled     2m12s  kubelet            spec.containers{hermod-coordinator}: Container image "hermod-coordinator:latest" already present on machine
  Normal  Created    2m12s  kubelet            spec.containers{hermod-coordinator}: Created container: hermod-coordinator
  Normal  Started    2m12s  kubelet            spec.containers{hermod-coordinator}: Started container hermod-coordinator


Name:             nanomq-76bd7959b5-nxj6x
Namespace:        coord-only
Priority:         0
Service Account:  default
Node:             <pi-host>/<pi-ip>
Start Time:       Mon, 27 Apr 2026 04:57:14 +0200
Labels:           app=nanomq
                  pod-template-hash=76bd7959b5
Annotations:      cni.projectcalico.org/containerID: 6f547526445c6a40249c75b30db24fca701752ad0b2c0b13662f5dbcb0a46a7d
                  cni.projectcalico.org/podIP: <pod-ip>/32
                  cni.projectcalico.org/podIPs: <pod-ip>/32
                  kubectl.kubernetes.io/restartedAt: 2026-04-27T04:57:12+02:00
Status:           Running
IP:               <pod-ip>
IPs:
  IP:           <pod-ip>
Controlled By:  ReplicaSet/nanomq-76bd7959b5
Containers:
  nanomq:
    Container ID:   containerd://446cacad26cd1a6322ae945d76d022f0da7d8a27adf1a85a6edbedb27b204e7b
    Image:          emqx/nanomq:0.21-slim
    Image ID:       docker.io/emqx/nanomq@sha256:53bea7acb547aced1cc45e08c514628f1e41c4da9ad544fd8c5fa96d3e9eb41b
    Ports:          1883/TCP (mqtt), 8081/TCP (http)
    Host Ports:     0/TCP (mqtt), 0/TCP (http)
    State:          Running
      Started:      Mon, 27 Apr 2026 04:57:15 +0200
    Ready:          True
    Restart Count:  0
    Limits:
      cpu:     1
      memory:  512Mi
    Requests:
      cpu:        50m
      memory:     64Mi
    Liveness:     tcp-socket :1883 delay=10s timeout=1s period=10s #success=1 #failure=3
    Readiness:    tcp-socket :1883 delay=3s timeout=1s period=5s #success=1 #failure=3
    Environment:  <none>
    Mounts:
      /etc/nanomq.conf from config (rw,path="nanomq.conf")
      /var/run/secrets/kubernetes.io/serviceaccount from kube-api-access-5nwtw (ro)
Conditions:
  Type                        Status
  PodReadyToStartContainers   True 
  Initialized                 True 
  Ready                       True 
  ContainersReady             True 
  PodScheduled                True 
Volumes:
  config:
    Type:      ConfigMap (a volume populated by a ConfigMap)
    Name:      nanomq-config
    Optional:  false
  kube-api-access-5nwtw:
    Type:                    Projected (a volume that contains injected data from multiple sources)
    TokenExpirationSeconds:  3607
    ConfigMapName:           kube-root-ca.crt
    Optional:                false
    DownwardAPI:             true
QoS Class:                   Burstable
Node-Selectors:              <none>
Tolerations:                 node.kubernetes.io/not-ready:NoExecute op=Exists for 300s
                             node.kubernetes.io/unreachable:NoExecute op=Exists for 300s
Events:
  Type    Reason     Age    From               Message
  ----    ------     ----   ----               -------
  Normal  Scheduled  2m32s  default-scheduler  Successfully assigned coord-only/nanomq-76bd7959b5-nxj6x to <pi-host>
  Normal  Pulled     2m32s  kubelet            spec.containers{nanomq}: Container image "emqx/nanomq:0.21-slim" already present on machine
  Normal  Created    2m32s  kubelet            spec.containers{nanomq}: Created container: nanomq
  Normal  Started    2m32s  kubelet            spec.containers{nanomq}: Started container nanomq


Name:             postgres-0
Namespace:        coord-only
Priority:         0
Service Account:  default
Node:             <pi-host>/<pi-ip>
Start Time:       Mon, 27 Apr 2026 04:16:57 +0200
Labels:           app=postgres
                  apps.kubernetes.io/pod-index=0
                  controller-revision-hash=postgres-6497897965
                  statefulset.kubernetes.io/pod-name=postgres-0
Annotations:      cni.projectcalico.org/containerID: 69fb4823b666d3d2a1395c00ab9b26a33337431372918fb41d9f85f42d91a056
                  cni.projectcalico.org/podIP: <pod-ip>/32
                  cni.projectcalico.org/podIPs: <pod-ip>/32
Status:           Running
IP:               <pod-ip>
IPs:
  IP:           <pod-ip>
Controlled By:  StatefulSet/postgres
Containers:
  postgres:
    Container ID:  containerd://adf8585ccc9b705cf0261f22f8e1c254a24670c72b998bb7a052f31e3a5ae5be
    Image:         postgres:17-alpine
    Image ID:      docker.io/library/postgres@sha256:778d0b486d6daa02b77434d0358ec57a1b21fd8b6d22ac2eef56a33e816928f6
    Port:          5432/TCP
    Host Port:     0/TCP
    Args:
      -c
      shared_buffers=256MB
      -c
      max_connections=200
      -c
      work_mem=16MB
    State:          Running
      Started:      Mon, 27 Apr 2026 04:16:58 +0200
    Ready:          True
    Restart Count:  0
    Limits:
      cpu:     1500m
      memory:  1536Mi
    Requests:
      cpu:      100m
      memory:   256Mi
    Liveness:   exec [pg_isready -U postgres] delay=30s timeout=1s period=10s #success=1 #failure=3
    Readiness:  exec [pg_isready -U postgres] delay=5s timeout=1s period=5s #success=1 #failure=3
    Environment:
      POSTGRES_DB:        postgres
      POSTGRES_USER:      postgres
      POSTGRES_PASSWORD:  <set to the key 'postgres-superuser-password' in secret 'hermod-secrets'>  Optional: false
    Mounts:
      /docker-entrypoint-initdb.d from init (rw)
      /var/lib/postgresql/data from data (rw)
      /var/run/secrets/kubernetes.io/serviceaccount from kube-api-access-79j56 (ro)
Conditions:
  Type                        Status
  PodReadyToStartContainers   True 
  Initialized                 True 
  Ready                       True 
  ContainersReady             True 
  PodScheduled                True 
Volumes:
  data:
    Type:       PersistentVolumeClaim (a reference to a PersistentVolumeClaim in the same namespace)
    ClaimName:  data-postgres-0
    ReadOnly:   false
  init:
    Type:      ConfigMap (a volume populated by a ConfigMap)
    Name:      postgres-init
    Optional:  false
  kube-api-access-79j56:
    Type:                    Projected (a volume that contains injected data from multiple sources)
    TokenExpirationSeconds:  3607
    ConfigMapName:           kube-root-ca.crt
    Optional:                false
    DownwardAPI:             true
QoS Class:                   Burstable
Node-Selectors:              <none>
Tolerations:                 node.kubernetes.io/not-ready:NoExecute op=Exists for 300s
                             node.kubernetes.io/unreachable:NoExecute op=Exists for 300s
Events:                      <none>

=== ts=1777258798 ===
Name:             hermod-coordinator-68dcbd4d99-5mq54
Namespace:        coord-only
Priority:         0
Service Account:  default
Node:             <pi-host>/<pi-ip>
Start Time:       Mon, 27 Apr 2026 04:57:32 +0200
Labels:           app=hermod-coordinator
                  pod-template-hash=68dcbd4d99
Annotations:      cni.projectcalico.org/containerID: 3567cd82d2046c72b925afafacfb0b9b6651a968d3713bd56af74792118de4e3
                  cni.projectcalico.org/podIP: <pod-ip>/32
                  cni.projectcalico.org/podIPs: <pod-ip>/32
                  kubectl.kubernetes.io/restartedAt: 2026-04-27T04:57:12+02:00
Status:           Running
IP:               <pod-ip>
IPs:
  IP:           <pod-ip>
Controlled By:  ReplicaSet/hermod-coordinator-68dcbd4d99
Init Containers:
  wait-for-postgres:
    Container ID:  containerd://64f281b4505891d321da623d3768b12dad138c3404410dffa872e7800b64317a
    Image:         busybox:1.36
    Image ID:      docker.io/library/busybox@sha256:73aaf090f3d85aa34ee199857f03fa3a95c8ede2ffd4cc2cdb5b94e566b11662
    Port:          <none>
    Host Port:     <none>
    Command:
      sh
      -c
      until nc -z postgres 5432; do sleep 2; done
    State:          Terminated
      Reason:       Completed
      Exit Code:    0
      Started:      Mon, 27 Apr 2026 04:57:33 +0200
      Finished:     Mon, 27 Apr 2026 04:57:33 +0200
    Ready:          True
    Restart Count:  0
    Environment:
      Hermod__Features__DeviceStateTracking:    true
      Hermod__Engine__LogBatchSize:             100
      Hermod__Engine__LogBatching:              true
      Hermod__Engine__Parallelism:              0
      Hermod__Features__MessagePersistence:     true
      Hermod__Features__RuleAuditLog:           true
      Hermod__Features__RuleCache:              true
      Hermod__Features__StatsRollup:            false
      Hermod__Storage__Mode:                    Postgres
      Logging__LogLevel__Hermod:                Information
      Logging__LogLevel__Microsoft.AspNetCore:  Warning
    Mounts:
      /var/run/secrets/kubernetes.io/serviceaccount from kube-api-access-cnhg8 (ro)
  wait-for-nanomq:
    Container ID:  containerd://e07cb7b99a7bb0e5ba5ebe46cdfcbc3c25e1da3e531f9824f86043f367af4d49
    Image:         busybox:1.36
    Image ID:      docker.io/library/busybox@sha256:73aaf090f3d85aa34ee199857f03fa3a95c8ede2ffd4cc2cdb5b94e566b11662
    Port:          <none>
    Host Port:     <none>
    Command:
      sh
      -c
      until nc -z nanomq 1883; do sleep 2; done
    State:          Terminated
      Reason:       Completed
      Exit Code:    0
      Started:      Mon, 27 Apr 2026 04:57:34 +0200
      Finished:     Mon, 27 Apr 2026 04:57:34 +0200
    Ready:          True
    Restart Count:  0
    Environment:
      Hermod__Features__DeviceStateTracking:    true
      Hermod__Engine__LogBatchSize:             100
      Hermod__Engine__LogBatching:              true
      Hermod__Engine__Parallelism:              0
      Hermod__Features__MessagePersistence:     true
      Hermod__Features__RuleAuditLog:           true
      Hermod__Features__RuleCache:              true
      Hermod__Features__StatsRollup:            false
      Hermod__Storage__Mode:                    Postgres
      Logging__LogLevel__Hermod:                Information
      Logging__LogLevel__Microsoft.AspNetCore:  Warning
    Mounts:
      /var/run/secrets/kubernetes.io/serviceaccount from kube-api-access-cnhg8 (ro)
Containers:
  hermod-coordinator:
    Container ID:   containerd://866f4f97fc6bcd12a6e08f23be25f9a7bf8812fef35dd529b3313251b92ee91d
    Image:          hermod-coordinator:latest
    Image ID:       sha256:ca91ccdfcd269dd5e4e25d5ffe8d863ca5db57e5c4f62f08c8adf90d23c15eaf
    Port:           42069/TCP (http)
    Host Port:      0/TCP (http)
    State:          Running
      Started:      Mon, 27 Apr 2026 04:57:35 +0200
    Ready:          True
    Restart Count:  0
    Limits:
      cpu:     1500m
      memory:  1536Mi
    Requests:
      cpu:      200m
      memory:   256Mi
    Liveness:   http-get http://:42069/healthz delay=60s timeout=1s period=30s #success=1 #failure=3
    Readiness:  http-get http://:42069/healthz/ready delay=5s timeout=1s period=10s #success=1 #failure=3
    Startup:    http-get http://:42069/healthz delay=0s timeout=1s period=5s #success=1 #failure=30
    Environment:
      ASPNETCORE_ENVIRONMENT:                   Production
      ASPNETCORE_URLS:                          http://+:42069
      DOTNET_USE_POLLING_FILE_WATCHER:          true
      Hermod__Security__AuthBypass:             true
      Hermod__Security__VaultRequireHttps:      false
      Hermod__Features__MetricsEndpoint:        true
      Hermod__Dev__Endpoints:                   true
      Hermod__Mqtt__Host:                       nanomq
      Hermod__Mqtt__Port:                       1883
      Hermod__Mqtt__UseTls:                     false
      Hermod__Mqtt__Tls__UseTls:                false
      Hermod__Mqtt__Username:                   <set to the key 'mqtt-username' in secret 'hermod-secrets'>  Optional: false
      Hermod__Mqtt__Password:                   <set to the key 'mqtt-password' in secret 'hermod-secrets'>  Optional: false
      Hermod__Database__ConnectionString:       Host=postgres;Port=5432;Database=hermod;Username=hermod_app
      Hermod__Database__Password:               <set to the key 'hermod-db-password' in secret 'hermod-db-credentials'>  Optional: false
      Hermod__Features__DeviceStateTracking:    true
      Hermod__Engine__LogBatchSize:             100
      Hermod__Engine__LogBatching:              true
      Hermod__Engine__Parallelism:              0
      Hermod__Features__MessagePersistence:     true
      Hermod__Features__RuleAuditLog:           true
      Hermod__Features__RuleCache:              true
      Hermod__Features__StatsRollup:            false
      Hermod__Storage__Mode:                    Postgres
      Logging__LogLevel__Hermod:                Information
      Logging__LogLevel__Microsoft.AspNetCore:  Warning
    Mounts:
      /var/run/secrets/kubernetes.io/serviceaccount from kube-api-access-cnhg8 (ro)
Conditions:
  Type                        Status
  PodReadyToStartContainers   True 
  Initialized                 True 
  Ready                       True 
  ContainersReady             True 
  PodScheduled                True 
Volumes:
  kube-api-access-cnhg8:
    Type:                    Projected (a volume that contains injected data from multiple sources)
    TokenExpirationSeconds:  3607
    ConfigMapName:           kube-root-ca.crt
    Optional:                false
    DownwardAPI:             true
QoS Class:                   Burstable
Node-Selectors:              <none>
Tolerations:                 node.kubernetes.io/not-ready:NoExecute op=Exists for 300s
                             node.kubernetes.io/unreachable:NoExecute op=Exists for 300s
Events:
  Type    Reason     Age    From               Message
  ----    ------     ----   ----               -------
  Normal  Scheduled  2m25s  default-scheduler  Successfully assigned coord-only/hermod-coordinator-68dcbd4d99-5mq54 to <pi-host>
  Normal  Pulled     2m25s  kubelet            spec.initContainers{wait-for-postgres}: Container image "busybox:1.36" already present on machine
  Normal  Created    2m25s  kubelet            spec.initContainers{wait-for-postgres}: Created container: wait-for-postgres
  Normal  Started    2m25s  kubelet            spec.initContainers{wait-for-postgres}: Started container wait-for-postgres
  Normal  Pulled     2m24s  kubelet            spec.initContainers{wait-for-nanomq}: Container image "busybox:1.36" already present on machine
  Normal  Created    2m24s  kubelet            spec.initContainers{wait-for-nanomq}: Created container: wait-for-nanomq
  Normal  Started    2m24s  kubelet            spec.initContainers{wait-for-nanomq}: Started container wait-for-nanomq
  Normal  Pulled     2m23s  kubelet            spec.containers{hermod-coordinator}: Container image "hermod-coordinator:latest" already present on machine
  Normal  Created    2m23s  kubelet            spec.containers{hermod-coordinator}: Created container: hermod-coordinator
  Normal  Started    2m23s  kubelet            spec.containers{hermod-coordinator}: Started container hermod-coordinator


Name:             nanomq-76bd7959b5-nxj6x
Namespace:        coord-only
Priority:         0
Service Account:  default
Node:             <pi-host>/<pi-ip>
Start Time:       Mon, 27 Apr 2026 04:57:14 +0200
Labels:           app=nanomq
                  pod-template-hash=76bd7959b5
Annotations:      cni.projectcalico.org/containerID: 6f547526445c6a40249c75b30db24fca701752ad0b2c0b13662f5dbcb0a46a7d
                  cni.projectcalico.org/podIP: <pod-ip>/32
                  cni.projectcalico.org/podIPs: <pod-ip>/32
                  kubectl.kubernetes.io/restartedAt: 2026-04-27T04:57:12+02:00
Status:           Running
IP:               <pod-ip>
IPs:
  IP:           <pod-ip>
Controlled By:  ReplicaSet/nanomq-76bd7959b5
Containers:
  nanomq:
    Container ID:   containerd://446cacad26cd1a6322ae945d76d022f0da7d8a27adf1a85a6edbedb27b204e7b
    Image:          emqx/nanomq:0.21-slim
    Image ID:       docker.io/emqx/nanomq@sha256:53bea7acb547aced1cc45e08c514628f1e41c4da9ad544fd8c5fa96d3e9eb41b
    Ports:          1883/TCP (mqtt), 8081/TCP (http)
    Host Ports:     0/TCP (mqtt), 0/TCP (http)
    State:          Running
      Started:      Mon, 27 Apr 2026 04:57:15 +0200
    Ready:          True
    Restart Count:  0
    Limits:
      cpu:     1
      memory:  512Mi
    Requests:
      cpu:        50m
      memory:     64Mi
    Liveness:     tcp-socket :1883 delay=10s timeout=1s period=10s #success=1 #failure=3
    Readiness:    tcp-socket :1883 delay=3s timeout=1s period=5s #success=1 #failure=3
    Environment:  <none>
    Mounts:
      /etc/nanomq.conf from config (rw,path="nanomq.conf")
      /var/run/secrets/kubernetes.io/serviceaccount from kube-api-access-5nwtw (ro)
Conditions:
  Type                        Status
  PodReadyToStartContainers   True 
  Initialized                 True 
  Ready                       True 
  ContainersReady             True 
  PodScheduled                True 
Volumes:
  config:
    Type:      ConfigMap (a volume populated by a ConfigMap)
    Name:      nanomq-config
    Optional:  false
  kube-api-access-5nwtw:
    Type:                    Projected (a volume that contains injected data from multiple sources)
    TokenExpirationSeconds:  3607
    ConfigMapName:           kube-root-ca.crt
    Optional:                false
    DownwardAPI:             true
QoS Class:                   Burstable
Node-Selectors:              <none>
Tolerations:                 node.kubernetes.io/not-ready:NoExecute op=Exists for 300s
                             node.kubernetes.io/unreachable:NoExecute op=Exists for 300s
Events:
  Type    Reason     Age    From               Message
  ----    ------     ----   ----               -------
  Normal  Scheduled  2m43s  default-scheduler  Successfully assigned coord-only/nanomq-76bd7959b5-nxj6x to <pi-host>
  Normal  Pulled     2m43s  kubelet            spec.containers{nanomq}: Container image "emqx/nanomq:0.21-slim" already present on machine
  Normal  Created    2m43s  kubelet            spec.containers{nanomq}: Created container: nanomq
  Normal  Started    2m43s  kubelet            spec.containers{nanomq}: Started container nanomq


Name:             postgres-0
Namespace:        coord-only
Priority:         0
Service Account:  default
Node:             <pi-host>/<pi-ip>
Start Time:       Mon, 27 Apr 2026 04:16:57 +0200
Labels:           app=postgres
                  apps.kubernetes.io/pod-index=0
                  controller-revision-hash=postgres-6497897965
                  statefulset.kubernetes.io/pod-name=postgres-0
Annotations:      cni.projectcalico.org/containerID: 69fb4823b666d3d2a1395c00ab9b26a33337431372918fb41d9f85f42d91a056
                  cni.projectcalico.org/podIP: <pod-ip>/32
                  cni.projectcalico.org/podIPs: <pod-ip>/32
Status:           Running
IP:               <pod-ip>
IPs:
  IP:           <pod-ip>
Controlled By:  StatefulSet/postgres
Containers:
  postgres:
    Container ID:  containerd://adf8585ccc9b705cf0261f22f8e1c254a24670c72b998bb7a052f31e3a5ae5be
    Image:         postgres:17-alpine
    Image ID:      docker.io/library/postgres@sha256:778d0b486d6daa02b77434d0358ec57a1b21fd8b6d22ac2eef56a33e816928f6
    Port:          5432/TCP
    Host Port:     0/TCP
    Args:
      -c
      shared_buffers=256MB
      -c
      max_connections=200
      -c
      work_mem=16MB
    State:          Running
      Started:      Mon, 27 Apr 2026 04:16:58 +0200
    Ready:          True
    Restart Count:  0
    Limits:
      cpu:     1500m
      memory:  1536Mi
    Requests:
      cpu:      100m
      memory:   256Mi
    Liveness:   exec [pg_isready -U postgres] delay=30s timeout=1s period=10s #success=1 #failure=3
    Readiness:  exec [pg_isready -U postgres] delay=5s timeout=1s period=5s #success=1 #failure=3
    Environment:
      POSTGRES_DB:        postgres
      POSTGRES_USER:      postgres
      POSTGRES_PASSWORD:  <set to the key 'postgres-superuser-password' in secret 'hermod-secrets'>  Optional: false
    Mounts:
      /docker-entrypoint-initdb.d from init (rw)
      /var/lib/postgresql/data from data (rw)
      /var/run/secrets/kubernetes.io/serviceaccount from kube-api-access-79j56 (ro)
Conditions:
  Type                        Status
  PodReadyToStartContainers   True 
  Initialized                 True 
  Ready                       True 
  ContainersReady             True 
  PodScheduled                True 
Volumes:
  data:
    Type:       PersistentVolumeClaim (a reference to a PersistentVolumeClaim in the same namespace)
    ClaimName:  data-postgres-0
    ReadOnly:   false
  init:
    Type:      ConfigMap (a volume populated by a ConfigMap)
    Name:      postgres-init
    Optional:  false
  kube-api-access-79j56:
    Type:                    Projected (a volume that contains injected data from multiple sources)
    TokenExpirationSeconds:  3607
    ConfigMapName:           kube-root-ca.crt
    Optional:                false
    DownwardAPI:             true
QoS Class:                   Burstable
Node-Selectors:              <none>
Tolerations:                 node.kubernetes.io/not-ready:NoExecute op=Exists for 300s
                             node.kubernetes.io/unreachable:NoExecute op=Exists for 300s
Events:                      <none>

=== ts=1777258809 ===
Name:             hermod-coordinator-68dcbd4d99-5mq54
Namespace:        coord-only
Priority:         0
Service Account:  default
Node:             <pi-host>/<pi-ip>
Start Time:       Mon, 27 Apr 2026 04:57:32 +0200
Labels:           app=hermod-coordinator
                  pod-template-hash=68dcbd4d99
Annotations:      cni.projectcalico.org/containerID: 3567cd82d2046c72b925afafacfb0b9b6651a968d3713bd56af74792118de4e3
                  cni.projectcalico.org/podIP: <pod-ip>/32
                  cni.projectcalico.org/podIPs: <pod-ip>/32
                  kubectl.kubernetes.io/restartedAt: 2026-04-27T04:57:12+02:00
Status:           Running
IP:               <pod-ip>
IPs:
  IP:           <pod-ip>
Controlled By:  ReplicaSet/hermod-coordinator-68dcbd4d99
Init Containers:
  wait-for-postgres:
    Container ID:  containerd://64f281b4505891d321da623d3768b12dad138c3404410dffa872e7800b64317a
    Image:         busybox:1.36
    Image ID:      docker.io/library/busybox@sha256:73aaf090f3d85aa34ee199857f03fa3a95c8ede2ffd4cc2cdb5b94e566b11662
    Port:          <none>
    Host Port:     <none>
    Command:
      sh
      -c
      until nc -z postgres 5432; do sleep 2; done
    State:          Terminated
      Reason:       Completed
      Exit Code:    0
      Started:      Mon, 27 Apr 2026 04:57:33 +0200
      Finished:     Mon, 27 Apr 2026 04:57:33 +0200
    Ready:          True
    Restart Count:  0
    Environment:
      Hermod__Features__DeviceStateTracking:    true
      Hermod__Engine__LogBatchSize:             100
      Hermod__Engine__LogBatching:              true
      Hermod__Engine__Parallelism:              0
      Hermod__Features__MessagePersistence:     true
      Hermod__Features__RuleAuditLog:           true
      Hermod__Features__RuleCache:              true
      Hermod__Features__StatsRollup:            false
      Hermod__Storage__Mode:                    Postgres
      Logging__LogLevel__Hermod:                Information
      Logging__LogLevel__Microsoft.AspNetCore:  Warning
    Mounts:
      /var/run/secrets/kubernetes.io/serviceaccount from kube-api-access-cnhg8 (ro)
  wait-for-nanomq:
    Container ID:  containerd://e07cb7b99a7bb0e5ba5ebe46cdfcbc3c25e1da3e531f9824f86043f367af4d49
    Image:         busybox:1.36
    Image ID:      docker.io/library/busybox@sha256:73aaf090f3d85aa34ee199857f03fa3a95c8ede2ffd4cc2cdb5b94e566b11662
    Port:          <none>
    Host Port:     <none>
    Command:
      sh
      -c
      until nc -z nanomq 1883; do sleep 2; done
    State:          Terminated
      Reason:       Completed
      Exit Code:    0
      Started:      Mon, 27 Apr 2026 04:57:34 +0200
      Finished:     Mon, 27 Apr 2026 04:57:34 +0200
    Ready:          True
    Restart Count:  0
    Environment:
      Hermod__Features__DeviceStateTracking:    true
      Hermod__Engine__LogBatchSize:             100
      Hermod__Engine__LogBatching:              true
      Hermod__Engine__Parallelism:              0
      Hermod__Features__MessagePersistence:     true
      Hermod__Features__RuleAuditLog:           true
      Hermod__Features__RuleCache:              true
      Hermod__Features__StatsRollup:            false
      Hermod__Storage__Mode:                    Postgres
      Logging__LogLevel__Hermod:                Information
      Logging__LogLevel__Microsoft.AspNetCore:  Warning
    Mounts:
      /var/run/secrets/kubernetes.io/serviceaccount from kube-api-access-cnhg8 (ro)
Containers:
  hermod-coordinator:
    Container ID:   containerd://866f4f97fc6bcd12a6e08f23be25f9a7bf8812fef35dd529b3313251b92ee91d
    Image:          hermod-coordinator:latest
    Image ID:       sha256:ca91ccdfcd269dd5e4e25d5ffe8d863ca5db57e5c4f62f08c8adf90d23c15eaf
    Port:           42069/TCP (http)
    Host Port:      0/TCP (http)
    State:          Running
      Started:      Mon, 27 Apr 2026 04:57:35 +0200
    Ready:          True
    Restart Count:  0
    Limits:
      cpu:     1500m
      memory:  1536Mi
    Requests:
      cpu:      200m
      memory:   256Mi
    Liveness:   http-get http://:42069/healthz delay=60s timeout=1s period=30s #success=1 #failure=3
    Readiness:  http-get http://:42069/healthz/ready delay=5s timeout=1s period=10s #success=1 #failure=3
    Startup:    http-get http://:42069/healthz delay=0s timeout=1s period=5s #success=1 #failure=30
    Environment:
      ASPNETCORE_ENVIRONMENT:                   Production
      ASPNETCORE_URLS:                          http://+:42069
      DOTNET_USE_POLLING_FILE_WATCHER:          true
      Hermod__Security__AuthBypass:             true
      Hermod__Security__VaultRequireHttps:      false
      Hermod__Features__MetricsEndpoint:        true
      Hermod__Dev__Endpoints:                   true
      Hermod__Mqtt__Host:                       nanomq
      Hermod__Mqtt__Port:                       1883
      Hermod__Mqtt__UseTls:                     false
      Hermod__Mqtt__Tls__UseTls:                false
      Hermod__Mqtt__Username:                   <set to the key 'mqtt-username' in secret 'hermod-secrets'>  Optional: false
      Hermod__Mqtt__Password:                   <set to the key 'mqtt-password' in secret 'hermod-secrets'>  Optional: false
      Hermod__Database__ConnectionString:       Host=postgres;Port=5432;Database=hermod;Username=hermod_app
      Hermod__Database__Password:               <set to the key 'hermod-db-password' in secret 'hermod-db-credentials'>  Optional: false
      Hermod__Features__DeviceStateTracking:    true
      Hermod__Engine__LogBatchSize:             100
      Hermod__Engine__LogBatching:              true
      Hermod__Engine__Parallelism:              0
      Hermod__Features__MessagePersistence:     true
      Hermod__Features__RuleAuditLog:           true
      Hermod__Features__RuleCache:              true
      Hermod__Features__StatsRollup:            false
      Hermod__Storage__Mode:                    Postgres
      Logging__LogLevel__Hermod:                Information
      Logging__LogLevel__Microsoft.AspNetCore:  Warning
    Mounts:
      /var/run/secrets/kubernetes.io/serviceaccount from kube-api-access-cnhg8 (ro)
Conditions:
  Type                        Status
  PodReadyToStartContainers   True 
  Initialized                 True 
  Ready                       True 
  ContainersReady             True 
  PodScheduled                True 
Volumes:
  kube-api-access-cnhg8:
    Type:                    Projected (a volume that contains injected data from multiple sources)
    TokenExpirationSeconds:  3607
    ConfigMapName:           kube-root-ca.crt
    Optional:                false
    DownwardAPI:             true
QoS Class:                   Burstable
Node-Selectors:              <none>
Tolerations:                 node.kubernetes.io/not-ready:NoExecute op=Exists for 300s
                             node.kubernetes.io/unreachable:NoExecute op=Exists for 300s
Events:
  Type    Reason     Age    From               Message
  ----    ------     ----   ----               -------
  Normal  Scheduled  2m37s  default-scheduler  Successfully assigned coord-only/hermod-coordinator-68dcbd4d99-5mq54 to <pi-host>
  Normal  Pulled     2m36s  kubelet            spec.initContainers{wait-for-postgres}: Container image "busybox:1.36" already present on machine
  Normal  Created    2m36s  kubelet            spec.initContainers{wait-for-postgres}: Created container: wait-for-postgres
  Normal  Started    2m36s  kubelet            spec.initContainers{wait-for-postgres}: Started container wait-for-postgres
  Normal  Pulled     2m35s  kubelet            spec.initContainers{wait-for-nanomq}: Container image "busybox:1.36" already present on machine
  Normal  Created    2m35s  kubelet            spec.initContainers{wait-for-nanomq}: Created container: wait-for-nanomq
  Normal  Started    2m35s  kubelet            spec.initContainers{wait-for-nanomq}: Started container wait-for-nanomq
  Normal  Pulled     2m34s  kubelet            spec.containers{hermod-coordinator}: Container image "hermod-coordinator:latest" already present on machine
  Normal  Created    2m34s  kubelet            spec.containers{hermod-coordinator}: Created container: hermod-coordinator
  Normal  Started    2m34s  kubelet            spec.containers{hermod-coordinator}: Started container hermod-coordinator


Name:             nanomq-76bd7959b5-nxj6x
Namespace:        coord-only
Priority:         0
Service Account:  default
Node:             <pi-host>/<pi-ip>
Start Time:       Mon, 27 Apr 2026 04:57:14 +0200
Labels:           app=nanomq
                  pod-template-hash=76bd7959b5
Annotations:      cni.projectcalico.org/containerID: 6f547526445c6a40249c75b30db24fca701752ad0b2c0b13662f5dbcb0a46a7d
                  cni.projectcalico.org/podIP: <pod-ip>/32
                  cni.projectcalico.org/podIPs: <pod-ip>/32
                  kubectl.kubernetes.io/restartedAt: 2026-04-27T04:57:12+02:00
Status:           Running
IP:               <pod-ip>
IPs:
  IP:           <pod-ip>
Controlled By:  ReplicaSet/nanomq-76bd7959b5
Containers:
  nanomq:
    Container ID:   containerd://446cacad26cd1a6322ae945d76d022f0da7d8a27adf1a85a6edbedb27b204e7b
    Image:          emqx/nanomq:0.21-slim
    Image ID:       docker.io/emqx/nanomq@sha256:53bea7acb547aced1cc45e08c514628f1e41c4da9ad544fd8c5fa96d3e9eb41b
    Ports:          1883/TCP (mqtt), 8081/TCP (http)
    Host Ports:     0/TCP (mqtt), 0/TCP (http)
    State:          Running
      Started:      Mon, 27 Apr 2026 04:57:15 +0200
    Ready:          True
    Restart Count:  0
    Limits:
      cpu:     1
      memory:  512Mi
    Requests:
      cpu:        50m
      memory:     64Mi
    Liveness:     tcp-socket :1883 delay=10s timeout=1s period=10s #success=1 #failure=3
    Readiness:    tcp-socket :1883 delay=3s timeout=1s period=5s #success=1 #failure=3
    Environment:  <none>
    Mounts:
      /etc/nanomq.conf from config (rw,path="nanomq.conf")
      /var/run/secrets/kubernetes.io/serviceaccount from kube-api-access-5nwtw (ro)
Conditions:
  Type                        Status
  PodReadyToStartContainers   True 
  Initialized                 True 
  Ready                       True 
  ContainersReady             True 
  PodScheduled                True 
Volumes:
  config:
    Type:      ConfigMap (a volume populated by a ConfigMap)
    Name:      nanomq-config
    Optional:  false
  kube-api-access-5nwtw:
    Type:                    Projected (a volume that contains injected data from multiple sources)
    TokenExpirationSeconds:  3607
    ConfigMapName:           kube-root-ca.crt
    Optional:                false
    DownwardAPI:             true
QoS Class:                   Burstable
Node-Selectors:              <none>
Tolerations:                 node.kubernetes.io/not-ready:NoExecute op=Exists for 300s
                             node.kubernetes.io/unreachable:NoExecute op=Exists for 300s
Events:
  Type    Reason     Age    From               Message
  ----    ------     ----   ----               -------
  Normal  Scheduled  2m55s  default-scheduler  Successfully assigned coord-only/nanomq-76bd7959b5-nxj6x to <pi-host>
  Normal  Pulled     2m54s  kubelet            spec.containers{nanomq}: Container image "emqx/nanomq:0.21-slim" already present on machine
  Normal  Created    2m54s  kubelet            spec.containers{nanomq}: Created container: nanomq
  Normal  Started    2m54s  kubelet            spec.containers{nanomq}: Started container nanomq


Name:             postgres-0
Namespace:        coord-only
Priority:         0
Service Account:  default
Node:             <pi-host>/<pi-ip>
Start Time:       Mon, 27 Apr 2026 04:16:57 +0200
Labels:           app=postgres
                  apps.kubernetes.io/pod-index=0
                  controller-revision-hash=postgres-6497897965
                  statefulset.kubernetes.io/pod-name=postgres-0
Annotations:      cni.projectcalico.org/containerID: 69fb4823b666d3d2a1395c00ab9b26a33337431372918fb41d9f85f42d91a056
                  cni.projectcalico.org/podIP: <pod-ip>/32
                  cni.projectcalico.org/podIPs: <pod-ip>/32
Status:           Running
IP:               <pod-ip>
IPs:
  IP:           <pod-ip>
Controlled By:  StatefulSet/postgres
Containers:
  postgres:
    Container ID:  containerd://adf8585ccc9b705cf0261f22f8e1c254a24670c72b998bb7a052f31e3a5ae5be
    Image:         postgres:17-alpine
    Image ID:      docker.io/library/postgres@sha256:778d0b486d6daa02b77434d0358ec57a1b21fd8b6d22ac2eef56a33e816928f6
    Port:          5432/TCP
    Host Port:     0/TCP
    Args:
      -c
      shared_buffers=256MB
      -c
      max_connections=200
      -c
      work_mem=16MB
    State:          Running
      Started:      Mon, 27 Apr 2026 04:16:58 +0200
    Ready:          True
    Restart Count:  0
    Limits:
      cpu:     1500m
      memory:  1536Mi
    Requests:
      cpu:      100m
      memory:   256Mi
    Liveness:   exec [pg_isready -U postgres] delay=30s timeout=1s period=10s #success=1 #failure=3
    Readiness:  exec [pg_isready -U postgres] delay=5s timeout=1s period=5s #success=1 #failure=3
    Environment:
      POSTGRES_DB:        postgres
      POSTGRES_USER:      postgres
      POSTGRES_PASSWORD:  <set to the key 'postgres-superuser-password' in secret 'hermod-secrets'>  Optional: false
    Mounts:
      /docker-entrypoint-initdb.d from init (rw)
      /var/lib/postgresql/data from data (rw)
      /var/run/secrets/kubernetes.io/serviceaccount from kube-api-access-79j56 (ro)
Conditions:
  Type                        Status
  PodReadyToStartContainers   True 
  Initialized                 True 
  Ready                       True 
  ContainersReady             True 
  PodScheduled                True 
Volumes:
  data:
    Type:       PersistentVolumeClaim (a reference to a PersistentVolumeClaim in the same namespace)
    ClaimName:  data-postgres-0
    ReadOnly:   false
  init:
    Type:      ConfigMap (a volume populated by a ConfigMap)
    Name:      postgres-init
    Optional:  false
  kube-api-access-79j56:
    Type:                    Projected (a volume that contains injected data from multiple sources)
    TokenExpirationSeconds:  3607
    ConfigMapName:           kube-root-ca.crt
    Optional:                false
    DownwardAPI:             true
QoS Class:                   Burstable
Node-Selectors:              <none>
Tolerations:                 node.kubernetes.io/not-ready:NoExecute op=Exists for 300s
                             node.kubernetes.io/unreachable:NoExecute op=Exists for 300s
Events:                      <none>

=== ts=1777258821 ===
Name:             hermod-coordinator-68dcbd4d99-5mq54
Namespace:        coord-only
Priority:         0
Service Account:  default
Node:             <pi-host>/<pi-ip>
Start Time:       Mon, 27 Apr 2026 04:57:32 +0200
Labels:           app=hermod-coordinator
                  pod-template-hash=68dcbd4d99
Annotations:      cni.projectcalico.org/containerID: 3567cd82d2046c72b925afafacfb0b9b6651a968d3713bd56af74792118de4e3
                  cni.projectcalico.org/podIP: <pod-ip>/32
                  cni.projectcalico.org/podIPs: <pod-ip>/32
                  kubectl.kubernetes.io/restartedAt: 2026-04-27T04:57:12+02:00
Status:           Running
IP:               <pod-ip>
IPs:
  IP:           <pod-ip>
Controlled By:  ReplicaSet/hermod-coordinator-68dcbd4d99
Init Containers:
  wait-for-postgres:
    Container ID:  containerd://64f281b4505891d321da623d3768b12dad138c3404410dffa872e7800b64317a
    Image:         busybox:1.36
    Image ID:      docker.io/library/busybox@sha256:73aaf090f3d85aa34ee199857f03fa3a95c8ede2ffd4cc2cdb5b94e566b11662
    Port:          <none>
    Host Port:     <none>
    Command:
      sh
      -c
      until nc -z postgres 5432; do sleep 2; done
    State:          Terminated
      Reason:       Completed
      Exit Code:    0
      Started:      Mon, 27 Apr 2026 04:57:33 +0200
      Finished:     Mon, 27 Apr 2026 04:57:33 +0200
    Ready:          True
    Restart Count:  0
    Environment:
      Hermod__Features__DeviceStateTracking:    true
      Hermod__Engine__LogBatchSize:             100
      Hermod__Engine__LogBatching:              true
      Hermod__Engine__Parallelism:              0
      Hermod__Features__MessagePersistence:     true
      Hermod__Features__RuleAuditLog:           true
      Hermod__Features__RuleCache:              true
      Hermod__Features__StatsRollup:            false
      Hermod__Storage__Mode:                    Postgres
      Logging__LogLevel__Hermod:                Information
      Logging__LogLevel__Microsoft.AspNetCore:  Warning
    Mounts:
      /var/run/secrets/kubernetes.io/serviceaccount from kube-api-access-cnhg8 (ro)
  wait-for-nanomq:
    Container ID:  containerd://e07cb7b99a7bb0e5ba5ebe46cdfcbc3c25e1da3e531f9824f86043f367af4d49
    Image:         busybox:1.36
    Image ID:      docker.io/library/busybox@sha256:73aaf090f3d85aa34ee199857f03fa3a95c8ede2ffd4cc2cdb5b94e566b11662
    Port:          <none>
    Host Port:     <none>
    Command:
      sh
      -c
      until nc -z nanomq 1883; do sleep 2; done
    State:          Terminated
      Reason:       Completed
      Exit Code:    0
      Started:      Mon, 27 Apr 2026 04:57:34 +0200
      Finished:     Mon, 27 Apr 2026 04:57:34 +0200
    Ready:          True
    Restart Count:  0
    Environment:
      Hermod__Features__DeviceStateTracking:    true
      Hermod__Engine__LogBatchSize:             100
      Hermod__Engine__LogBatching:              true
      Hermod__Engine__Parallelism:              0
      Hermod__Features__MessagePersistence:     true
      Hermod__Features__RuleAuditLog:           true
      Hermod__Features__RuleCache:              true
      Hermod__Features__StatsRollup:            false
      Hermod__Storage__Mode:                    Postgres
      Logging__LogLevel__Hermod:                Information
      Logging__LogLevel__Microsoft.AspNetCore:  Warning
    Mounts:
      /var/run/secrets/kubernetes.io/serviceaccount from kube-api-access-cnhg8 (ro)
Containers:
  hermod-coordinator:
    Container ID:   containerd://866f4f97fc6bcd12a6e08f23be25f9a7bf8812fef35dd529b3313251b92ee91d
    Image:          hermod-coordinator:latest
    Image ID:       sha256:ca91ccdfcd269dd5e4e25d5ffe8d863ca5db57e5c4f62f08c8adf90d23c15eaf
    Port:           42069/TCP (http)
    Host Port:      0/TCP (http)
    State:          Running
      Started:      Mon, 27 Apr 2026 04:57:35 +0200
    Ready:          True
    Restart Count:  0
    Limits:
      cpu:     1500m
      memory:  1536Mi
    Requests:
      cpu:      200m
      memory:   256Mi
    Liveness:   http-get http://:42069/healthz delay=60s timeout=1s period=30s #success=1 #failure=3
    Readiness:  http-get http://:42069/healthz/ready delay=5s timeout=1s period=10s #success=1 #failure=3
    Startup:    http-get http://:42069/healthz delay=0s timeout=1s period=5s #success=1 #failure=30
    Environment:
      ASPNETCORE_ENVIRONMENT:                   Production
      ASPNETCORE_URLS:                          http://+:42069
      DOTNET_USE_POLLING_FILE_WATCHER:          true
      Hermod__Security__AuthBypass:             true
      Hermod__Security__VaultRequireHttps:      false
      Hermod__Features__MetricsEndpoint:        true
      Hermod__Dev__Endpoints:                   true
      Hermod__Mqtt__Host:                       nanomq
      Hermod__Mqtt__Port:                       1883
      Hermod__Mqtt__UseTls:                     false
      Hermod__Mqtt__Tls__UseTls:                false
      Hermod__Mqtt__Username:                   <set to the key 'mqtt-username' in secret 'hermod-secrets'>  Optional: false
      Hermod__Mqtt__Password:                   <set to the key 'mqtt-password' in secret 'hermod-secrets'>  Optional: false
      Hermod__Database__ConnectionString:       Host=postgres;Port=5432;Database=hermod;Username=hermod_app
      Hermod__Database__Password:               <set to the key 'hermod-db-password' in secret 'hermod-db-credentials'>  Optional: false
      Hermod__Features__DeviceStateTracking:    true
      Hermod__Engine__LogBatchSize:             100
      Hermod__Engine__LogBatching:              true
      Hermod__Engine__Parallelism:              0
      Hermod__Features__MessagePersistence:     true
      Hermod__Features__RuleAuditLog:           true
      Hermod__Features__RuleCache:              true
      Hermod__Features__StatsRollup:            false
      Hermod__Storage__Mode:                    Postgres
      Logging__LogLevel__Hermod:                Information
      Logging__LogLevel__Microsoft.AspNetCore:  Warning
    Mounts:
      /var/run/secrets/kubernetes.io/serviceaccount from kube-api-access-cnhg8 (ro)
Conditions:
  Type                        Status
  PodReadyToStartContainers   True 
  Initialized                 True 
  Ready                       True 
  ContainersReady             True 
  PodScheduled                True 
Volumes:
  kube-api-access-cnhg8:
    Type:                    Projected (a volume that contains injected data from multiple sources)
    TokenExpirationSeconds:  3607
    ConfigMapName:           kube-root-ca.crt
    Optional:                false
    DownwardAPI:             true
QoS Class:                   Burstable
Node-Selectors:              <none>
Tolerations:                 node.kubernetes.io/not-ready:NoExecute op=Exists for 300s
                             node.kubernetes.io/unreachable:NoExecute op=Exists for 300s
Events:
  Type    Reason     Age    From               Message
  ----    ------     ----   ----               -------
  Normal  Scheduled  2m48s  default-scheduler  Successfully assigned coord-only/hermod-coordinator-68dcbd4d99-5mq54 to <pi-host>
  Normal  Pulled     2m48s  kubelet            spec.initContainers{wait-for-postgres}: Container image "busybox:1.36" already present on machine
  Normal  Created    2m48s  kubelet            spec.initContainers{wait-for-postgres}: Created container: wait-for-postgres
  Normal  Started    2m48s  kubelet            spec.initContainers{wait-for-postgres}: Started container wait-for-postgres
  Normal  Pulled     2m47s  kubelet            spec.initContainers{wait-for-nanomq}: Container image "busybox:1.36" already present on machine
  Normal  Created    2m47s  kubelet            spec.initContainers{wait-for-nanomq}: Created container: wait-for-nanomq
  Normal  Started    2m47s  kubelet            spec.initContainers{wait-for-nanomq}: Started container wait-for-nanomq
  Normal  Pulled     2m46s  kubelet            spec.containers{hermod-coordinator}: Container image "hermod-coordinator:latest" already present on machine
  Normal  Created    2m46s  kubelet            spec.containers{hermod-coordinator}: Created container: hermod-coordinator
  Normal  Started    2m46s  kubelet            spec.containers{hermod-coordinator}: Started container hermod-coordinator


Name:             nanomq-76bd7959b5-nxj6x
Namespace:        coord-only
Priority:         0
Service Account:  default
Node:             <pi-host>/<pi-ip>
Start Time:       Mon, 27 Apr 2026 04:57:14 +0200
Labels:           app=nanomq
                  pod-template-hash=76bd7959b5
Annotations:      cni.projectcalico.org/containerID: 6f547526445c6a40249c75b30db24fca701752ad0b2c0b13662f5dbcb0a46a7d
                  cni.projectcalico.org/podIP: <pod-ip>/32
                  cni.projectcalico.org/podIPs: <pod-ip>/32
                  kubectl.kubernetes.io/restartedAt: 2026-04-27T04:57:12+02:00
Status:           Running
IP:               <pod-ip>
IPs:
  IP:           <pod-ip>
Controlled By:  ReplicaSet/nanomq-76bd7959b5
Containers:
  nanomq:
    Container ID:   containerd://446cacad26cd1a6322ae945d76d022f0da7d8a27adf1a85a6edbedb27b204e7b
    Image:          emqx/nanomq:0.21-slim
    Image ID:       docker.io/emqx/nanomq@sha256:53bea7acb547aced1cc45e08c514628f1e41c4da9ad544fd8c5fa96d3e9eb41b
    Ports:          1883/TCP (mqtt), 8081/TCP (http)
    Host Ports:     0/TCP (mqtt), 0/TCP (http)
    State:          Running
      Started:      Mon, 27 Apr 2026 04:57:15 +0200
    Ready:          True
    Restart Count:  0
    Limits:
      cpu:     1
      memory:  512Mi
    Requests:
      cpu:        50m
      memory:     64Mi
    Liveness:     tcp-socket :1883 delay=10s timeout=1s period=10s #success=1 #failure=3
    Readiness:    tcp-socket :1883 delay=3s timeout=1s period=5s #success=1 #failure=3
    Environment:  <none>
    Mounts:
      /etc/nanomq.conf from config (rw,path="nanomq.conf")
      /var/run/secrets/kubernetes.io/serviceaccount from kube-api-access-5nwtw (ro)
Conditions:
  Type                        Status
  PodReadyToStartContainers   True 
  Initialized                 True 
  Ready                       True 
  ContainersReady             True 
  PodScheduled                True 
Volumes:
  config:
    Type:      ConfigMap (a volume populated by a ConfigMap)
    Name:      nanomq-config
    Optional:  false
  kube-api-access-5nwtw:
    Type:                    Projected (a volume that contains injected data from multiple sources)
    TokenExpirationSeconds:  3607
    ConfigMapName:           kube-root-ca.crt
    Optional:                false
    DownwardAPI:             true
QoS Class:                   Burstable
Node-Selectors:              <none>
Tolerations:                 node.kubernetes.io/not-ready:NoExecute op=Exists for 300s
                             node.kubernetes.io/unreachable:NoExecute op=Exists for 300s
Events:
  Type    Reason     Age   From               Message
  ----    ------     ----  ----               -------
  Normal  Scheduled  3m6s  default-scheduler  Successfully assigned coord-only/nanomq-76bd7959b5-nxj6x to <pi-host>
  Normal  Pulled     3m6s  kubelet            spec.containers{nanomq}: Container image "emqx/nanomq:0.21-slim" already present on machine
  Normal  Created    3m6s  kubelet            spec.containers{nanomq}: Created container: nanomq
  Normal  Started    3m6s  kubelet            spec.containers{nanomq}: Started container nanomq


Name:             postgres-0
Namespace:        coord-only
Priority:         0
Service Account:  default
Node:             <pi-host>/<pi-ip>
Start Time:       Mon, 27 Apr 2026 04:16:57 +0200
Labels:           app=postgres
                  apps.kubernetes.io/pod-index=0
                  controller-revision-hash=postgres-6497897965
                  statefulset.kubernetes.io/pod-name=postgres-0
Annotations:      cni.projectcalico.org/containerID: 69fb4823b666d3d2a1395c00ab9b26a33337431372918fb41d9f85f42d91a056
                  cni.projectcalico.org/podIP: <pod-ip>/32
                  cni.projectcalico.org/podIPs: <pod-ip>/32
Status:           Running
IP:               <pod-ip>
IPs:
  IP:           <pod-ip>
Controlled By:  StatefulSet/postgres
Containers:
  postgres:
    Container ID:  containerd://adf8585ccc9b705cf0261f22f8e1c254a24670c72b998bb7a052f31e3a5ae5be
    Image:         postgres:17-alpine
    Image ID:      docker.io/library/postgres@sha256:778d0b486d6daa02b77434d0358ec57a1b21fd8b6d22ac2eef56a33e816928f6
    Port:          5432/TCP
    Host Port:     0/TCP
    Args:
      -c
      shared_buffers=256MB
      -c
      max_connections=200
      -c
      work_mem=16MB
    State:          Running
      Started:      Mon, 27 Apr 2026 04:16:58 +0200
    Ready:          True
    Restart Count:  0
    Limits:
      cpu:     1500m
      memory:  1536Mi
    Requests:
      cpu:      100m
      memory:   256Mi
    Liveness:   exec [pg_isready -U postgres] delay=30s timeout=1s period=10s #success=1 #failure=3
    Readiness:  exec [pg_isready -U postgres] delay=5s timeout=1s period=5s #success=1 #failure=3
    Environment:
      POSTGRES_DB:        postgres
      POSTGRES_USER:      postgres
      POSTGRES_PASSWORD:  <set to the key 'postgres-superuser-password' in secret 'hermod-secrets'>  Optional: false
    Mounts:
      /docker-entrypoint-initdb.d from init (rw)
      /var/lib/postgresql/data from data (rw)
      /var/run/secrets/kubernetes.io/serviceaccount from kube-api-access-79j56 (ro)
Conditions:
  Type                        Status
  PodReadyToStartContainers   True 
  Initialized                 True 
  Ready                       True 
  ContainersReady             True 
  PodScheduled                True 
Volumes:
  data:
    Type:       PersistentVolumeClaim (a reference to a PersistentVolumeClaim in the same namespace)
    ClaimName:  data-postgres-0
    ReadOnly:   false
  init:
    Type:      ConfigMap (a volume populated by a ConfigMap)
    Name:      postgres-init
    Optional:  false
  kube-api-access-79j56:
    Type:                    Projected (a volume that contains injected data from multiple sources)
    TokenExpirationSeconds:  3607
    ConfigMapName:           kube-root-ca.crt
    Optional:                false
    DownwardAPI:             true
QoS Class:                   Burstable
Node-Selectors:              <none>
Tolerations:                 node.kubernetes.io/not-ready:NoExecute op=Exists for 300s
                             node.kubernetes.io/unreachable:NoExecute op=Exists for 300s
Events:                      <none>

=== ts=1777258832 ===
Name:             hermod-coordinator-68dcbd4d99-5mq54
Namespace:        coord-only
Priority:         0
Service Account:  default
Node:             <pi-host>/<pi-ip>
Start Time:       Mon, 27 Apr 2026 04:57:32 +0200
Labels:           app=hermod-coordinator
                  pod-template-hash=68dcbd4d99
Annotations:      cni.projectcalico.org/containerID: 3567cd82d2046c72b925afafacfb0b9b6651a968d3713bd56af74792118de4e3
                  cni.projectcalico.org/podIP: <pod-ip>/32
                  cni.projectcalico.org/podIPs: <pod-ip>/32
                  kubectl.kubernetes.io/restartedAt: 2026-04-27T04:57:12+02:00
Status:           Running
IP:               <pod-ip>
IPs:
  IP:           <pod-ip>
Controlled By:  ReplicaSet/hermod-coordinator-68dcbd4d99
Init Containers:
  wait-for-postgres:
    Container ID:  containerd://64f281b4505891d321da623d3768b12dad138c3404410dffa872e7800b64317a
    Image:         busybox:1.36
    Image ID:      docker.io/library/busybox@sha256:73aaf090f3d85aa34ee199857f03fa3a95c8ede2ffd4cc2cdb5b94e566b11662
    Port:          <none>
    Host Port:     <none>
    Command:
      sh
      -c
      until nc -z postgres 5432; do sleep 2; done
    State:          Terminated
      Reason:       Completed
      Exit Code:    0
      Started:      Mon, 27 Apr 2026 04:57:33 +0200
      Finished:     Mon, 27 Apr 2026 04:57:33 +0200
    Ready:          True
    Restart Count:  0
    Environment:
      Hermod__Features__DeviceStateTracking:    true
      Hermod__Engine__LogBatchSize:             100
      Hermod__Engine__LogBatching:              true
      Hermod__Engine__Parallelism:              0
      Hermod__Features__MessagePersistence:     true
      Hermod__Features__RuleAuditLog:           true
      Hermod__Features__RuleCache:              true
      Hermod__Features__StatsRollup:            false
      Hermod__Storage__Mode:                    Postgres
      Logging__LogLevel__Hermod:                Information
      Logging__LogLevel__Microsoft.AspNetCore:  Warning
    Mounts:
      /var/run/secrets/kubernetes.io/serviceaccount from kube-api-access-cnhg8 (ro)
  wait-for-nanomq:
    Container ID:  containerd://e07cb7b99a7bb0e5ba5ebe46cdfcbc3c25e1da3e531f9824f86043f367af4d49
    Image:         busybox:1.36
    Image ID:      docker.io/library/busybox@sha256:73aaf090f3d85aa34ee199857f03fa3a95c8ede2ffd4cc2cdb5b94e566b11662
    Port:          <none>
    Host Port:     <none>
    Command:
      sh
      -c
      until nc -z nanomq 1883; do sleep 2; done
    State:          Terminated
      Reason:       Completed
      Exit Code:    0
      Started:      Mon, 27 Apr 2026 04:57:34 +0200
      Finished:     Mon, 27 Apr 2026 04:57:34 +0200
    Ready:          True
    Restart Count:  0
    Environment:
      Hermod__Features__DeviceStateTracking:    true
      Hermod__Engine__LogBatchSize:             100
      Hermod__Engine__LogBatching:              true
      Hermod__Engine__Parallelism:              0
      Hermod__Features__MessagePersistence:     true
      Hermod__Features__RuleAuditLog:           true
      Hermod__Features__RuleCache:              true
      Hermod__Features__StatsRollup:            false
      Hermod__Storage__Mode:                    Postgres
      Logging__LogLevel__Hermod:                Information
      Logging__LogLevel__Microsoft.AspNetCore:  Warning
    Mounts:
      /var/run/secrets/kubernetes.io/serviceaccount from kube-api-access-cnhg8 (ro)
Containers:
  hermod-coordinator:
    Container ID:   containerd://866f4f97fc6bcd12a6e08f23be25f9a7bf8812fef35dd529b3313251b92ee91d
    Image:          hermod-coordinator:latest
    Image ID:       sha256:ca91ccdfcd269dd5e4e25d5ffe8d863ca5db57e5c4f62f08c8adf90d23c15eaf
    Port:           42069/TCP (http)
    Host Port:      0/TCP (http)
    State:          Running
      Started:      Mon, 27 Apr 2026 04:57:35 +0200
    Ready:          True
    Restart Count:  0
    Limits:
      cpu:     1500m
      memory:  1536Mi
    Requests:
      cpu:      200m
      memory:   256Mi
    Liveness:   http-get http://:42069/healthz delay=60s timeout=1s period=30s #success=1 #failure=3
    Readiness:  http-get http://:42069/healthz/ready delay=5s timeout=1s period=10s #success=1 #failure=3
    Startup:    http-get http://:42069/healthz delay=0s timeout=1s period=5s #success=1 #failure=30
    Environment:
      ASPNETCORE_ENVIRONMENT:                   Production
      ASPNETCORE_URLS:                          http://+:42069
      DOTNET_USE_POLLING_FILE_WATCHER:          true
      Hermod__Security__AuthBypass:             true
      Hermod__Security__VaultRequireHttps:      false
      Hermod__Features__MetricsEndpoint:        true
      Hermod__Dev__Endpoints:                   true
      Hermod__Mqtt__Host:                       nanomq
      Hermod__Mqtt__Port:                       1883
      Hermod__Mqtt__UseTls:                     false
      Hermod__Mqtt__Tls__UseTls:                false
      Hermod__Mqtt__Username:                   <set to the key 'mqtt-username' in secret 'hermod-secrets'>  Optional: false
      Hermod__Mqtt__Password:                   <set to the key 'mqtt-password' in secret 'hermod-secrets'>  Optional: false
      Hermod__Database__ConnectionString:       Host=postgres;Port=5432;Database=hermod;Username=hermod_app
      Hermod__Database__Password:               <set to the key 'hermod-db-password' in secret 'hermod-db-credentials'>  Optional: false
      Hermod__Features__DeviceStateTracking:    true
      Hermod__Engine__LogBatchSize:             100
      Hermod__Engine__LogBatching:              true
      Hermod__Engine__Parallelism:              0
      Hermod__Features__MessagePersistence:     true
      Hermod__Features__RuleAuditLog:           true
      Hermod__Features__RuleCache:              true
      Hermod__Features__StatsRollup:            false
      Hermod__Storage__Mode:                    Postgres
      Logging__LogLevel__Hermod:                Information
      Logging__LogLevel__Microsoft.AspNetCore:  Warning
    Mounts:
      /var/run/secrets/kubernetes.io/serviceaccount from kube-api-access-cnhg8 (ro)
Conditions:
  Type                        Status
  PodReadyToStartContainers   True 
  Initialized                 True 
  Ready                       True 
  ContainersReady             True 
  PodScheduled                True 
Volumes:
  kube-api-access-cnhg8:
    Type:                    Projected (a volume that contains injected data from multiple sources)
    TokenExpirationSeconds:  3607
    ConfigMapName:           kube-root-ca.crt
    Optional:                false
    DownwardAPI:             true
QoS Class:                   Burstable
Node-Selectors:              <none>
Tolerations:                 node.kubernetes.io/not-ready:NoExecute op=Exists for 300s
                             node.kubernetes.io/unreachable:NoExecute op=Exists for 300s
Events:
  Type    Reason     Age    From               Message
  ----    ------     ----   ----               -------
  Normal  Scheduled  2m59s  default-scheduler  Successfully assigned coord-only/hermod-coordinator-68dcbd4d99-5mq54 to <pi-host>
  Normal  Pulled     2m59s  kubelet            spec.initContainers{wait-for-postgres}: Container image "busybox:1.36" already present on machine
  Normal  Created    2m59s  kubelet            spec.initContainers{wait-for-postgres}: Created container: wait-for-postgres
  Normal  Started    2m59s  kubelet            spec.initContainers{wait-for-postgres}: Started container wait-for-postgres
  Normal  Pulled     2m58s  kubelet            spec.initContainers{wait-for-nanomq}: Container image "busybox:1.36" already present on machine
  Normal  Created    2m58s  kubelet            spec.initContainers{wait-for-nanomq}: Created container: wait-for-nanomq
  Normal  Started    2m58s  kubelet            spec.initContainers{wait-for-nanomq}: Started container wait-for-nanomq
  Normal  Pulled     2m57s  kubelet            spec.containers{hermod-coordinator}: Container image "hermod-coordinator:latest" already present on machine
  Normal  Created    2m57s  kubelet            spec.containers{hermod-coordinator}: Created container: hermod-coordinator
  Normal  Started    2m57s  kubelet            spec.containers{hermod-coordinator}: Started container hermod-coordinator


Name:             nanomq-76bd7959b5-nxj6x
Namespace:        coord-only
Priority:         0
Service Account:  default
Node:             <pi-host>/<pi-ip>
Start Time:       Mon, 27 Apr 2026 04:57:14 +0200
Labels:           app=nanomq
                  pod-template-hash=76bd7959b5
Annotations:      cni.projectcalico.org/containerID: 6f547526445c6a40249c75b30db24fca701752ad0b2c0b13662f5dbcb0a46a7d
                  cni.projectcalico.org/podIP: <pod-ip>/32
                  cni.projectcalico.org/podIPs: <pod-ip>/32
                  kubectl.kubernetes.io/restartedAt: 2026-04-27T04:57:12+02:00
Status:           Running
IP:               <pod-ip>
IPs:
  IP:           <pod-ip>
Controlled By:  ReplicaSet/nanomq-76bd7959b5
Containers:
  nanomq:
    Container ID:   containerd://446cacad26cd1a6322ae945d76d022f0da7d8a27adf1a85a6edbedb27b204e7b
    Image:          emqx/nanomq:0.21-slim
    Image ID:       docker.io/emqx/nanomq@sha256:53bea7acb547aced1cc45e08c514628f1e41c4da9ad544fd8c5fa96d3e9eb41b
    Ports:          1883/TCP (mqtt), 8081/TCP (http)
    Host Ports:     0/TCP (mqtt), 0/TCP (http)
    State:          Running
      Started:      Mon, 27 Apr 2026 04:57:15 +0200
    Ready:          True
    Restart Count:  0
    Limits:
      cpu:     1
      memory:  512Mi
    Requests:
      cpu:        50m
      memory:     64Mi
    Liveness:     tcp-socket :1883 delay=10s timeout=1s period=10s #success=1 #failure=3
    Readiness:    tcp-socket :1883 delay=3s timeout=1s period=5s #success=1 #failure=3
    Environment:  <none>
    Mounts:
      /etc/nanomq.conf from config (rw,path="nanomq.conf")
      /var/run/secrets/kubernetes.io/serviceaccount from kube-api-access-5nwtw (ro)
Conditions:
  Type                        Status
  PodReadyToStartContainers   True 
  Initialized                 True 
  Ready                       True 
  ContainersReady             True 
  PodScheduled                True 
Volumes:
  config:
    Type:      ConfigMap (a volume populated by a ConfigMap)
    Name:      nanomq-config
    Optional:  false
  kube-api-access-5nwtw:
    Type:                    Projected (a volume that contains injected data from multiple sources)
    TokenExpirationSeconds:  3607
    ConfigMapName:           kube-root-ca.crt
    Optional:                false
    DownwardAPI:             true
QoS Class:                   Burstable
Node-Selectors:              <none>
Tolerations:                 node.kubernetes.io/not-ready:NoExecute op=Exists for 300s
                             node.kubernetes.io/unreachable:NoExecute op=Exists for 300s
Events:
  Type    Reason     Age    From               Message
  ----    ------     ----   ----               -------
  Normal  Scheduled  3m17s  default-scheduler  Successfully assigned coord-only/nanomq-76bd7959b5-nxj6x to <pi-host>
  Normal  Pulled     3m17s  kubelet            spec.containers{nanomq}: Container image "emqx/nanomq:0.21-slim" already present on machine
  Normal  Created    3m17s  kubelet            spec.containers{nanomq}: Created container: nanomq
  Normal  Started    3m17s  kubelet            spec.containers{nanomq}: Started container nanomq


Name:             postgres-0
Namespace:        coord-only
Priority:         0
Service Account:  default
Node:             <pi-host>/<pi-ip>
Start Time:       Mon, 27 Apr 2026 04:16:57 +0200
Labels:           app=postgres
                  apps.kubernetes.io/pod-index=0
                  controller-revision-hash=postgres-6497897965
                  statefulset.kubernetes.io/pod-name=postgres-0
Annotations:      cni.projectcalico.org/containerID: 69fb4823b666d3d2a1395c00ab9b26a33337431372918fb41d9f85f42d91a056
                  cni.projectcalico.org/podIP: <pod-ip>/32
                  cni.projectcalico.org/podIPs: <pod-ip>/32
Status:           Running
IP:               <pod-ip>
IPs:
  IP:           <pod-ip>
Controlled By:  StatefulSet/postgres
Containers:
  postgres:
    Container ID:  containerd://adf8585ccc9b705cf0261f22f8e1c254a24670c72b998bb7a052f31e3a5ae5be
    Image:         postgres:17-alpine
    Image ID:      docker.io/library/postgres@sha256:778d0b486d6daa02b77434d0358ec57a1b21fd8b6d22ac2eef56a33e816928f6
    Port:          5432/TCP
    Host Port:     0/TCP
    Args:
      -c
      shared_buffers=256MB
      -c
      max_connections=200
      -c
      work_mem=16MB
    State:          Running
      Started:      Mon, 27 Apr 2026 04:16:58 +0200
    Ready:          True
    Restart Count:  0
    Limits:
      cpu:     1500m
      memory:  1536Mi
    Requests:
      cpu:      100m
      memory:   256Mi
    Liveness:   exec [pg_isready -U postgres] delay=30s timeout=1s period=10s #success=1 #failure=3
    Readiness:  exec [pg_isready -U postgres] delay=5s timeout=1s period=5s #success=1 #failure=3
    Environment:
      POSTGRES_DB:        postgres
      POSTGRES_USER:      postgres
      POSTGRES_PASSWORD:  <set to the key 'postgres-superuser-password' in secret 'hermod-secrets'>  Optional: false
    Mounts:
      /docker-entrypoint-initdb.d from init (rw)
      /var/lib/postgresql/data from data (rw)
      /var/run/secrets/kubernetes.io/serviceaccount from kube-api-access-79j56 (ro)
Conditions:
  Type                        Status
  PodReadyToStartContainers   True 
  Initialized                 True 
  Ready                       True 
  ContainersReady             True 
  PodScheduled                True 
Volumes:
  data:
    Type:       PersistentVolumeClaim (a reference to a PersistentVolumeClaim in the same namespace)
    ClaimName:  data-postgres-0
    ReadOnly:   false
  init:
    Type:      ConfigMap (a volume populated by a ConfigMap)
    Name:      postgres-init
    Optional:  false
  kube-api-access-79j56:
    Type:                    Projected (a volume that contains injected data from multiple sources)
    TokenExpirationSeconds:  3607
    ConfigMapName:           kube-root-ca.crt
    Optional:                false
    DownwardAPI:             true
QoS Class:                   Burstable
Node-Selectors:              <none>
Tolerations:                 node.kubernetes.io/not-ready:NoExecute op=Exists for 300s
                             node.kubernetes.io/unreachable:NoExecute op=Exists for 300s
Events:                      <none>

=== ts=1777258843 ===
Name:             hermod-coordinator-68dcbd4d99-5mq54
Namespace:        coord-only
Priority:         0
Service Account:  default
Node:             <pi-host>/<pi-ip>
Start Time:       Mon, 27 Apr 2026 04:57:32 +0200
Labels:           app=hermod-coordinator
                  pod-template-hash=68dcbd4d99
Annotations:      cni.projectcalico.org/containerID: 3567cd82d2046c72b925afafacfb0b9b6651a968d3713bd56af74792118de4e3
                  cni.projectcalico.org/podIP: <pod-ip>/32
                  cni.projectcalico.org/podIPs: <pod-ip>/32
                  kubectl.kubernetes.io/restartedAt: 2026-04-27T04:57:12+02:00
Status:           Running
IP:               <pod-ip>
IPs:
  IP:           <pod-ip>
Controlled By:  ReplicaSet/hermod-coordinator-68dcbd4d99
Init Containers:
  wait-for-postgres:
    Container ID:  containerd://64f281b4505891d321da623d3768b12dad138c3404410dffa872e7800b64317a
    Image:         busybox:1.36
    Image ID:      docker.io/library/busybox@sha256:73aaf090f3d85aa34ee199857f03fa3a95c8ede2ffd4cc2cdb5b94e566b11662
    Port:          <none>
    Host Port:     <none>
    Command:
      sh
      -c
      until nc -z postgres 5432; do sleep 2; done
    State:          Terminated
      Reason:       Completed
      Exit Code:    0
      Started:      Mon, 27 Apr 2026 04:57:33 +0200
      Finished:     Mon, 27 Apr 2026 04:57:33 +0200
    Ready:          True
    Restart Count:  0
    Environment:
      Hermod__Features__DeviceStateTracking:    true
      Hermod__Engine__LogBatchSize:             100
      Hermod__Engine__LogBatching:              true
      Hermod__Engine__Parallelism:              0
      Hermod__Features__MessagePersistence:     true
      Hermod__Features__RuleAuditLog:           true
      Hermod__Features__RuleCache:              true
      Hermod__Features__StatsRollup:            false
      Hermod__Storage__Mode:                    Postgres
      Logging__LogLevel__Hermod:                Information
      Logging__LogLevel__Microsoft.AspNetCore:  Warning
    Mounts:
      /var/run/secrets/kubernetes.io/serviceaccount from kube-api-access-cnhg8 (ro)
  wait-for-nanomq:
    Container ID:  containerd://e07cb7b99a7bb0e5ba5ebe46cdfcbc3c25e1da3e531f9824f86043f367af4d49
    Image:         busybox:1.36
    Image ID:      docker.io/library/busybox@sha256:73aaf090f3d85aa34ee199857f03fa3a95c8ede2ffd4cc2cdb5b94e566b11662
    Port:          <none>
    Host Port:     <none>
    Command:
      sh
      -c
      until nc -z nanomq 1883; do sleep 2; done
    State:          Terminated
      Reason:       Completed
      Exit Code:    0
      Started:      Mon, 27 Apr 2026 04:57:34 +0200
      Finished:     Mon, 27 Apr 2026 04:57:34 +0200
    Ready:          True
    Restart Count:  0
    Environment:
      Hermod__Features__DeviceStateTracking:    true
      Hermod__Engine__LogBatchSize:             100
      Hermod__Engine__LogBatching:              true
      Hermod__Engine__Parallelism:              0
      Hermod__Features__MessagePersistence:     true
      Hermod__Features__RuleAuditLog:           true
      Hermod__Features__RuleCache:              true
      Hermod__Features__StatsRollup:            false
      Hermod__Storage__Mode:                    Postgres
      Logging__LogLevel__Hermod:                Information
      Logging__LogLevel__Microsoft.AspNetCore:  Warning
    Mounts:
      /var/run/secrets/kubernetes.io/serviceaccount from kube-api-access-cnhg8 (ro)
Containers:
  hermod-coordinator:
    Container ID:   containerd://866f4f97fc6bcd12a6e08f23be25f9a7bf8812fef35dd529b3313251b92ee91d
    Image:          hermod-coordinator:latest
    Image ID:       sha256:ca91ccdfcd269dd5e4e25d5ffe8d863ca5db57e5c4f62f08c8adf90d23c15eaf
    Port:           42069/TCP (http)
    Host Port:      0/TCP (http)
    State:          Running
      Started:      Mon, 27 Apr 2026 04:57:35 +0200
    Ready:          True
    Restart Count:  0
    Limits:
      cpu:     1500m
      memory:  1536Mi
    Requests:
      cpu:      200m
      memory:   256Mi
    Liveness:   http-get http://:42069/healthz delay=60s timeout=1s period=30s #success=1 #failure=3
    Readiness:  http-get http://:42069/healthz/ready delay=5s timeout=1s period=10s #success=1 #failure=3
    Startup:    http-get http://:42069/healthz delay=0s timeout=1s period=5s #success=1 #failure=30
    Environment:
      ASPNETCORE_ENVIRONMENT:                   Production
      ASPNETCORE_URLS:                          http://+:42069
      DOTNET_USE_POLLING_FILE_WATCHER:          true
      Hermod__Security__AuthBypass:             true
      Hermod__Security__VaultRequireHttps:      false
      Hermod__Features__MetricsEndpoint:        true
      Hermod__Dev__Endpoints:                   true
      Hermod__Mqtt__Host:                       nanomq
      Hermod__Mqtt__Port:                       1883
      Hermod__Mqtt__UseTls:                     false
      Hermod__Mqtt__Tls__UseTls:                false
      Hermod__Mqtt__Username:                   <set to the key 'mqtt-username' in secret 'hermod-secrets'>  Optional: false
      Hermod__Mqtt__Password:                   <set to the key 'mqtt-password' in secret 'hermod-secrets'>  Optional: false
      Hermod__Database__ConnectionString:       Host=postgres;Port=5432;Database=hermod;Username=hermod_app
      Hermod__Database__Password:               <set to the key 'hermod-db-password' in secret 'hermod-db-credentials'>  Optional: false
      Hermod__Features__DeviceStateTracking:    true
      Hermod__Engine__LogBatchSize:             100
      Hermod__Engine__LogBatching:              true
      Hermod__Engine__Parallelism:              0
      Hermod__Features__MessagePersistence:     true
      Hermod__Features__RuleAuditLog:           true
      Hermod__Features__RuleCache:              true
      Hermod__Features__StatsRollup:            false
      Hermod__Storage__Mode:                    Postgres
      Logging__LogLevel__Hermod:                Information
      Logging__LogLevel__Microsoft.AspNetCore:  Warning
    Mounts:
      /var/run/secrets/kubernetes.io/serviceaccount from kube-api-access-cnhg8 (ro)
Conditions:
  Type                        Status
  PodReadyToStartContainers   True 
  Initialized                 True 
  Ready                       True 
  ContainersReady             True 
  PodScheduled                True 
Volumes:
  kube-api-access-cnhg8:
    Type:                    Projected (a volume that contains injected data from multiple sources)
    TokenExpirationSeconds:  3607
    ConfigMapName:           kube-root-ca.crt
    Optional:                false
    DownwardAPI:             true
QoS Class:                   Burstable
Node-Selectors:              <none>
Tolerations:                 node.kubernetes.io/not-ready:NoExecute op=Exists for 300s
                             node.kubernetes.io/unreachable:NoExecute op=Exists for 300s
Events:
  Type    Reason     Age    From               Message
  ----    ------     ----   ----               -------
  Normal  Scheduled  3m10s  default-scheduler  Successfully assigned coord-only/hermod-coordinator-68dcbd4d99-5mq54 to <pi-host>
  Normal  Pulled     3m10s  kubelet            spec.initContainers{wait-for-postgres}: Container image "busybox:1.36" already present on machine
  Normal  Created    3m10s  kubelet            spec.initContainers{wait-for-postgres}: Created container: wait-for-postgres
  Normal  Started    3m10s  kubelet            spec.initContainers{wait-for-postgres}: Started container wait-for-postgres
  Normal  Pulled     3m9s   kubelet            spec.initContainers{wait-for-nanomq}: Container image "busybox:1.36" already present on machine
  Normal  Created    3m9s   kubelet            spec.initContainers{wait-for-nanomq}: Created container: wait-for-nanomq
  Normal  Started    3m9s   kubelet            spec.initContainers{wait-for-nanomq}: Started container wait-for-nanomq
  Normal  Pulled     3m8s   kubelet            spec.containers{hermod-coordinator}: Container image "hermod-coordinator:latest" already present on machine
  Normal  Created    3m8s   kubelet            spec.containers{hermod-coordinator}: Created container: hermod-coordinator
  Normal  Started    3m8s   kubelet            spec.containers{hermod-coordinator}: Started container hermod-coordinator


Name:             nanomq-76bd7959b5-nxj6x
Namespace:        coord-only
Priority:         0
Service Account:  default
Node:             <pi-host>/<pi-ip>
Start Time:       Mon, 27 Apr 2026 04:57:14 +0200
Labels:           app=nanomq
                  pod-template-hash=76bd7959b5
Annotations:      cni.projectcalico.org/containerID: 6f547526445c6a40249c75b30db24fca701752ad0b2c0b13662f5dbcb0a46a7d
                  cni.projectcalico.org/podIP: <pod-ip>/32
                  cni.projectcalico.org/podIPs: <pod-ip>/32
                  kubectl.kubernetes.io/restartedAt: 2026-04-27T04:57:12+02:00
Status:           Running
IP:               <pod-ip>
IPs:
  IP:           <pod-ip>
Controlled By:  ReplicaSet/nanomq-76bd7959b5
Containers:
  nanomq:
    Container ID:   containerd://446cacad26cd1a6322ae945d76d022f0da7d8a27adf1a85a6edbedb27b204e7b
    Image:          emqx/nanomq:0.21-slim
    Image ID:       docker.io/emqx/nanomq@sha256:53bea7acb547aced1cc45e08c514628f1e41c4da9ad544fd8c5fa96d3e9eb41b
    Ports:          1883/TCP (mqtt), 8081/TCP (http)
    Host Ports:     0/TCP (mqtt), 0/TCP (http)
    State:          Running
      Started:      Mon, 27 Apr 2026 04:57:15 +0200
    Ready:          True
    Restart Count:  0
    Limits:
      cpu:     1
      memory:  512Mi
    Requests:
      cpu:        50m
      memory:     64Mi
    Liveness:     tcp-socket :1883 delay=10s timeout=1s period=10s #success=1 #failure=3
    Readiness:    tcp-socket :1883 delay=3s timeout=1s period=5s #success=1 #failure=3
    Environment:  <none>
    Mounts:
      /etc/nanomq.conf from config (rw,path="nanomq.conf")
      /var/run/secrets/kubernetes.io/serviceaccount from kube-api-access-5nwtw (ro)
Conditions:
  Type                        Status
  PodReadyToStartContainers   True 
  Initialized                 True 
  Ready                       True 
  ContainersReady             True 
  PodScheduled                True 
Volumes:
  config:
    Type:      ConfigMap (a volume populated by a ConfigMap)
    Name:      nanomq-config
    Optional:  false
  kube-api-access-5nwtw:
    Type:                    Projected (a volume that contains injected data from multiple sources)
    TokenExpirationSeconds:  3607
    ConfigMapName:           kube-root-ca.crt
    Optional:                false
    DownwardAPI:             true
QoS Class:                   Burstable
Node-Selectors:              <none>
Tolerations:                 node.kubernetes.io/not-ready:NoExecute op=Exists for 300s
                             node.kubernetes.io/unreachable:NoExecute op=Exists for 300s
Events:
  Type    Reason     Age    From               Message
  ----    ------     ----   ----               -------
  Normal  Scheduled  3m28s  default-scheduler  Successfully assigned coord-only/nanomq-76bd7959b5-nxj6x to <pi-host>
  Normal  Pulled     3m28s  kubelet            spec.containers{nanomq}: Container image "emqx/nanomq:0.21-slim" already present on machine
  Normal  Created    3m28s  kubelet            spec.containers{nanomq}: Created container: nanomq
  Normal  Started    3m28s  kubelet            spec.containers{nanomq}: Started container nanomq


Name:             postgres-0
Namespace:        coord-only
Priority:         0
Service Account:  default
Node:             <pi-host>/<pi-ip>
Start Time:       Mon, 27 Apr 2026 04:16:57 +0200
Labels:           app=postgres
                  apps.kubernetes.io/pod-index=0
                  controller-revision-hash=postgres-6497897965
                  statefulset.kubernetes.io/pod-name=postgres-0
Annotations:      cni.projectcalico.org/containerID: 69fb4823b666d3d2a1395c00ab9b26a33337431372918fb41d9f85f42d91a056
                  cni.projectcalico.org/podIP: <pod-ip>/32
                  cni.projectcalico.org/podIPs: <pod-ip>/32
Status:           Running
IP:               <pod-ip>
IPs:
  IP:           <pod-ip>
Controlled By:  StatefulSet/postgres
Containers:
  postgres:
    Container ID:  containerd://adf8585ccc9b705cf0261f22f8e1c254a24670c72b998bb7a052f31e3a5ae5be
    Image:         postgres:17-alpine
    Image ID:      docker.io/library/postgres@sha256:778d0b486d6daa02b77434d0358ec57a1b21fd8b6d22ac2eef56a33e816928f6
    Port:          5432/TCP
    Host Port:     0/TCP
    Args:
      -c
      shared_buffers=256MB
      -c
      max_connections=200
      -c
      work_mem=16MB
    State:          Running
      Started:      Mon, 27 Apr 2026 04:16:58 +0200
    Ready:          True
    Restart Count:  0
    Limits:
      cpu:     1500m
      memory:  1536Mi
    Requests:
      cpu:      100m
      memory:   256Mi
    Liveness:   exec [pg_isready -U postgres] delay=30s timeout=1s period=10s #success=1 #failure=3
    Readiness:  exec [pg_isready -U postgres] delay=5s timeout=1s period=5s #success=1 #failure=3
    Environment:
      POSTGRES_DB:        postgres
      POSTGRES_USER:      postgres
      POSTGRES_PASSWORD:  <set to the key 'postgres-superuser-password' in secret 'hermod-secrets'>  Optional: false
    Mounts:
      /docker-entrypoint-initdb.d from init (rw)
      /var/lib/postgresql/data from data (rw)
      /var/run/secrets/kubernetes.io/serviceaccount from kube-api-access-79j56 (ro)
Conditions:
  Type                        Status
  PodReadyToStartContainers   True 
  Initialized                 True 
  Ready                       True 
  ContainersReady             True 
  PodScheduled                True 
Volumes:
  data:
    Type:       PersistentVolumeClaim (a reference to a PersistentVolumeClaim in the same namespace)
    ClaimName:  data-postgres-0
    ReadOnly:   false
  init:
    Type:      ConfigMap (a volume populated by a ConfigMap)
    Name:      postgres-init
    Optional:  false
  kube-api-access-79j56:
    Type:                    Projected (a volume that contains injected data from multiple sources)
    TokenExpirationSeconds:  3607
    ConfigMapName:           kube-root-ca.crt
    Optional:                false
    DownwardAPI:             true
QoS Class:                   Burstable
Node-Selectors:              <none>
Tolerations:                 node.kubernetes.io/not-ready:NoExecute op=Exists for 300s
                             node.kubernetes.io/unreachable:NoExecute op=Exists for 300s
Events:                      <none>

=== ts=1777258855 ===
Name:             hermod-coordinator-68dcbd4d99-5mq54
Namespace:        coord-only
Priority:         0
Service Account:  default
Node:             <pi-host>/<pi-ip>
Start Time:       Mon, 27 Apr 2026 04:57:32 +0200
Labels:           app=hermod-coordinator
                  pod-template-hash=68dcbd4d99
Annotations:      cni.projectcalico.org/containerID: 3567cd82d2046c72b925afafacfb0b9b6651a968d3713bd56af74792118de4e3
                  cni.projectcalico.org/podIP: <pod-ip>/32
                  cni.projectcalico.org/podIPs: <pod-ip>/32
                  kubectl.kubernetes.io/restartedAt: 2026-04-27T04:57:12+02:00
Status:           Running
IP:               <pod-ip>
IPs:
  IP:           <pod-ip>
Controlled By:  ReplicaSet/hermod-coordinator-68dcbd4d99
Init Containers:
  wait-for-postgres:
    Container ID:  containerd://64f281b4505891d321da623d3768b12dad138c3404410dffa872e7800b64317a
    Image:         busybox:1.36
    Image ID:      docker.io/library/busybox@sha256:73aaf090f3d85aa34ee199857f03fa3a95c8ede2ffd4cc2cdb5b94e566b11662
    Port:          <none>
    Host Port:     <none>
    Command:
      sh
      -c
      until nc -z postgres 5432; do sleep 2; done
    State:          Terminated
      Reason:       Completed
      Exit Code:    0
      Started:      Mon, 27 Apr 2026 04:57:33 +0200
      Finished:     Mon, 27 Apr 2026 04:57:33 +0200
    Ready:          True
    Restart Count:  0
    Environment:
      Hermod__Features__DeviceStateTracking:    true
      Hermod__Engine__LogBatchSize:             100
      Hermod__Engine__LogBatching:              true
      Hermod__Engine__Parallelism:              0
      Hermod__Features__MessagePersistence:     true
      Hermod__Features__RuleAuditLog:           true
      Hermod__Features__RuleCache:              true
      Hermod__Features__StatsRollup:            false
      Hermod__Storage__Mode:                    Postgres
      Logging__LogLevel__Hermod:                Information
      Logging__LogLevel__Microsoft.AspNetCore:  Warning
    Mounts:
      /var/run/secrets/kubernetes.io/serviceaccount from kube-api-access-cnhg8 (ro)
  wait-for-nanomq:
    Container ID:  containerd://e07cb7b99a7bb0e5ba5ebe46cdfcbc3c25e1da3e531f9824f86043f367af4d49
    Image:         busybox:1.36
    Image ID:      docker.io/library/busybox@sha256:73aaf090f3d85aa34ee199857f03fa3a95c8ede2ffd4cc2cdb5b94e566b11662
    Port:          <none>
    Host Port:     <none>
    Command:
      sh
      -c
      until nc -z nanomq 1883; do sleep 2; done
    State:          Terminated
      Reason:       Completed
      Exit Code:    0
      Started:      Mon, 27 Apr 2026 04:57:34 +0200
      Finished:     Mon, 27 Apr 2026 04:57:34 +0200
    Ready:          True
    Restart Count:  0
    Environment:
      Hermod__Features__DeviceStateTracking:    true
      Hermod__Engine__LogBatchSize:             100
      Hermod__Engine__LogBatching:              true
      Hermod__Engine__Parallelism:              0
      Hermod__Features__MessagePersistence:     true
      Hermod__Features__RuleAuditLog:           true
      Hermod__Features__RuleCache:              true
      Hermod__Features__StatsRollup:            false
      Hermod__Storage__Mode:                    Postgres
      Logging__LogLevel__Hermod:                Information
      Logging__LogLevel__Microsoft.AspNetCore:  Warning
    Mounts:
      /var/run/secrets/kubernetes.io/serviceaccount from kube-api-access-cnhg8 (ro)
Containers:
  hermod-coordinator:
    Container ID:   containerd://866f4f97fc6bcd12a6e08f23be25f9a7bf8812fef35dd529b3313251b92ee91d
    Image:          hermod-coordinator:latest
    Image ID:       sha256:ca91ccdfcd269dd5e4e25d5ffe8d863ca5db57e5c4f62f08c8adf90d23c15eaf
    Port:           42069/TCP (http)
    Host Port:      0/TCP (http)
    State:          Running
      Started:      Mon, 27 Apr 2026 04:57:35 +0200
    Ready:          True
    Restart Count:  0
    Limits:
      cpu:     1500m
      memory:  1536Mi
    Requests:
      cpu:      200m
      memory:   256Mi
    Liveness:   http-get http://:42069/healthz delay=60s timeout=1s period=30s #success=1 #failure=3
    Readiness:  http-get http://:42069/healthz/ready delay=5s timeout=1s period=10s #success=1 #failure=3
    Startup:    http-get http://:42069/healthz delay=0s timeout=1s period=5s #success=1 #failure=30
    Environment:
      ASPNETCORE_ENVIRONMENT:                   Production
      ASPNETCORE_URLS:                          http://+:42069
      DOTNET_USE_POLLING_FILE_WATCHER:          true
      Hermod__Security__AuthBypass:             true
      Hermod__Security__VaultRequireHttps:      false
      Hermod__Features__MetricsEndpoint:        true
      Hermod__Dev__Endpoints:                   true
      Hermod__Mqtt__Host:                       nanomq
      Hermod__Mqtt__Port:                       1883
      Hermod__Mqtt__UseTls:                     false
      Hermod__Mqtt__Tls__UseTls:                false
      Hermod__Mqtt__Username:                   <set to the key 'mqtt-username' in secret 'hermod-secrets'>  Optional: false
      Hermod__Mqtt__Password:                   <set to the key 'mqtt-password' in secret 'hermod-secrets'>  Optional: false
      Hermod__Database__ConnectionString:       Host=postgres;Port=5432;Database=hermod;Username=hermod_app
      Hermod__Database__Password:               <set to the key 'hermod-db-password' in secret 'hermod-db-credentials'>  Optional: false
      Hermod__Features__DeviceStateTracking:    true
      Hermod__Engine__LogBatchSize:             100
      Hermod__Engine__LogBatching:              true
      Hermod__Engine__Parallelism:              0
      Hermod__Features__MessagePersistence:     true
      Hermod__Features__RuleAuditLog:           true
      Hermod__Features__RuleCache:              true
      Hermod__Features__StatsRollup:            false
      Hermod__Storage__Mode:                    Postgres
      Logging__LogLevel__Hermod:                Information
      Logging__LogLevel__Microsoft.AspNetCore:  Warning
    Mounts:
      /var/run/secrets/kubernetes.io/serviceaccount from kube-api-access-cnhg8 (ro)
Conditions:
  Type                        Status
  PodReadyToStartContainers   True 
  Initialized                 True 
  Ready                       True 
  ContainersReady             True 
  PodScheduled                True 
Volumes:
  kube-api-access-cnhg8:
    Type:                    Projected (a volume that contains injected data from multiple sources)
    TokenExpirationSeconds:  3607
    ConfigMapName:           kube-root-ca.crt
    Optional:                false
    DownwardAPI:             true
QoS Class:                   Burstable
Node-Selectors:              <none>
Tolerations:                 node.kubernetes.io/not-ready:NoExecute op=Exists for 300s
                             node.kubernetes.io/unreachable:NoExecute op=Exists for 300s
Events:
  Type    Reason     Age    From               Message
  ----    ------     ----   ----               -------
  Normal  Scheduled  3m22s  default-scheduler  Successfully assigned coord-only/hermod-coordinator-68dcbd4d99-5mq54 to <pi-host>
  Normal  Pulled     3m22s  kubelet            spec.initContainers{wait-for-postgres}: Container image "busybox:1.36" already present on machine
  Normal  Created    3m22s  kubelet            spec.initContainers{wait-for-postgres}: Created container: wait-for-postgres
  Normal  Started    3m22s  kubelet            spec.initContainers{wait-for-postgres}: Started container wait-for-postgres
  Normal  Pulled     3m21s  kubelet            spec.initContainers{wait-for-nanomq}: Container image "busybox:1.36" already present on machine
  Normal  Created    3m21s  kubelet            spec.initContainers{wait-for-nanomq}: Created container: wait-for-nanomq
  Normal  Started    3m21s  kubelet            spec.initContainers{wait-for-nanomq}: Started container wait-for-nanomq
  Normal  Pulled     3m20s  kubelet            spec.containers{hermod-coordinator}: Container image "hermod-coordinator:latest" already present on machine
  Normal  Created    3m20s  kubelet            spec.containers{hermod-coordinator}: Created container: hermod-coordinator
  Normal  Started    3m20s  kubelet            spec.containers{hermod-coordinator}: Started container hermod-coordinator


Name:             nanomq-76bd7959b5-nxj6x
Namespace:        coord-only
Priority:         0
Service Account:  default
Node:             <pi-host>/<pi-ip>
Start Time:       Mon, 27 Apr 2026 04:57:14 +0200
Labels:           app=nanomq
                  pod-template-hash=76bd7959b5
Annotations:      cni.projectcalico.org/containerID: 6f547526445c6a40249c75b30db24fca701752ad0b2c0b13662f5dbcb0a46a7d
                  cni.projectcalico.org/podIP: <pod-ip>/32
                  cni.projectcalico.org/podIPs: <pod-ip>/32
                  kubectl.kubernetes.io/restartedAt: 2026-04-27T04:57:12+02:00
Status:           Running
IP:               <pod-ip>
IPs:
  IP:           <pod-ip>
Controlled By:  ReplicaSet/nanomq-76bd7959b5
Containers:
  nanomq:
    Container ID:   containerd://446cacad26cd1a6322ae945d76d022f0da7d8a27adf1a85a6edbedb27b204e7b
    Image:          emqx/nanomq:0.21-slim
    Image ID:       docker.io/emqx/nanomq@sha256:53bea7acb547aced1cc45e08c514628f1e41c4da9ad544fd8c5fa96d3e9eb41b
    Ports:          1883/TCP (mqtt), 8081/TCP (http)
    Host Ports:     0/TCP (mqtt), 0/TCP (http)
    State:          Running
      Started:      Mon, 27 Apr 2026 04:57:15 +0200
    Ready:          True
    Restart Count:  0
    Limits:
      cpu:     1
      memory:  512Mi
    Requests:
      cpu:        50m
      memory:     64Mi
    Liveness:     tcp-socket :1883 delay=10s timeout=1s period=10s #success=1 #failure=3
    Readiness:    tcp-socket :1883 delay=3s timeout=1s period=5s #success=1 #failure=3
    Environment:  <none>
    Mounts:
      /etc/nanomq.conf from config (rw,path="nanomq.conf")
      /var/run/secrets/kubernetes.io/serviceaccount from kube-api-access-5nwtw (ro)
Conditions:
  Type                        Status
  PodReadyToStartContainers   True 
  Initialized                 True 
  Ready                       True 
  ContainersReady             True 
  PodScheduled                True 
Volumes:
  config:
    Type:      ConfigMap (a volume populated by a ConfigMap)
    Name:      nanomq-config
    Optional:  false
  kube-api-access-5nwtw:
    Type:                    Projected (a volume that contains injected data from multiple sources)
    TokenExpirationSeconds:  3607
    ConfigMapName:           kube-root-ca.crt
    Optional:                false
    DownwardAPI:             true
QoS Class:                   Burstable
Node-Selectors:              <none>
Tolerations:                 node.kubernetes.io/not-ready:NoExecute op=Exists for 300s
                             node.kubernetes.io/unreachable:NoExecute op=Exists for 300s
Events:
  Type    Reason     Age    From               Message
  ----    ------     ----   ----               -------
  Normal  Scheduled  3m40s  default-scheduler  Successfully assigned coord-only/nanomq-76bd7959b5-nxj6x to <pi-host>
  Normal  Pulled     3m40s  kubelet            spec.containers{nanomq}: Container image "emqx/nanomq:0.21-slim" already present on machine
  Normal  Created    3m40s  kubelet            spec.containers{nanomq}: Created container: nanomq
  Normal  Started    3m40s  kubelet            spec.containers{nanomq}: Started container nanomq


Name:             postgres-0
Namespace:        coord-only
Priority:         0
Service Account:  default
Node:             <pi-host>/<pi-ip>
Start Time:       Mon, 27 Apr 2026 04:16:57 +0200
Labels:           app=postgres
                  apps.kubernetes.io/pod-index=0
                  controller-revision-hash=postgres-6497897965
                  statefulset.kubernetes.io/pod-name=postgres-0
Annotations:      cni.projectcalico.org/containerID: 69fb4823b666d3d2a1395c00ab9b26a33337431372918fb41d9f85f42d91a056
                  cni.projectcalico.org/podIP: <pod-ip>/32
                  cni.projectcalico.org/podIPs: <pod-ip>/32
Status:           Running
IP:               <pod-ip>
IPs:
  IP:           <pod-ip>
Controlled By:  StatefulSet/postgres
Containers:
  postgres:
    Container ID:  containerd://adf8585ccc9b705cf0261f22f8e1c254a24670c72b998bb7a052f31e3a5ae5be
    Image:         postgres:17-alpine
    Image ID:      docker.io/library/postgres@sha256:778d0b486d6daa02b77434d0358ec57a1b21fd8b6d22ac2eef56a33e816928f6
    Port:          5432/TCP
    Host Port:     0/TCP
    Args:
      -c
      shared_buffers=256MB
      -c
      max_connections=200
      -c
      work_mem=16MB
    State:          Running
      Started:      Mon, 27 Apr 2026 04:16:58 +0200
    Ready:          True
    Restart Count:  0
    Limits:
      cpu:     1500m
      memory:  1536Mi
    Requests:
      cpu:      100m
      memory:   256Mi
    Liveness:   exec [pg_isready -U postgres] delay=30s timeout=1s period=10s #success=1 #failure=3
    Readiness:  exec [pg_isready -U postgres] delay=5s timeout=1s period=5s #success=1 #failure=3
    Environment:
      POSTGRES_DB:        postgres
      POSTGRES_USER:      postgres
      POSTGRES_PASSWORD:  <set to the key 'postgres-superuser-password' in secret 'hermod-secrets'>  Optional: false
    Mounts:
      /docker-entrypoint-initdb.d from init (rw)
      /var/lib/postgresql/data from data (rw)
      /var/run/secrets/kubernetes.io/serviceaccount from kube-api-access-79j56 (ro)
Conditions:
  Type                        Status
  PodReadyToStartContainers   True 
  Initialized                 True 
  Ready                       True 
  ContainersReady             True 
  PodScheduled                True 
Volumes:
  data:
    Type:       PersistentVolumeClaim (a reference to a PersistentVolumeClaim in the same namespace)
    ClaimName:  data-postgres-0
    ReadOnly:   false
  init:
    Type:      ConfigMap (a volume populated by a ConfigMap)
    Name:      postgres-init
    Optional:  false
  kube-api-access-79j56:
    Type:                    Projected (a volume that contains injected data from multiple sources)
    TokenExpirationSeconds:  3607
    ConfigMapName:           kube-root-ca.crt
    Optional:                false
    DownwardAPI:             true
QoS Class:                   Burstable
Node-Selectors:              <none>
Tolerations:                 node.kubernetes.io/not-ready:NoExecute op=Exists for 300s
                             node.kubernetes.io/unreachable:NoExecute op=Exists for 300s
Events:                      <none>

=== ts=1777258866 ===
Name:             hermod-coordinator-68dcbd4d99-5mq54
Namespace:        coord-only
Priority:         0
Service Account:  default
Node:             <pi-host>/<pi-ip>
Start Time:       Mon, 27 Apr 2026 04:57:32 +0200
Labels:           app=hermod-coordinator
                  pod-template-hash=68dcbd4d99
Annotations:      cni.projectcalico.org/containerID: 3567cd82d2046c72b925afafacfb0b9b6651a968d3713bd56af74792118de4e3
                  cni.projectcalico.org/podIP: <pod-ip>/32
                  cni.projectcalico.org/podIPs: <pod-ip>/32
                  kubectl.kubernetes.io/restartedAt: 2026-04-27T04:57:12+02:00
Status:           Running
IP:               <pod-ip>
IPs:
  IP:           <pod-ip>
Controlled By:  ReplicaSet/hermod-coordinator-68dcbd4d99
Init Containers:
  wait-for-postgres:
    Container ID:  containerd://64f281b4505891d321da623d3768b12dad138c3404410dffa872e7800b64317a
    Image:         busybox:1.36
    Image ID:      docker.io/library/busybox@sha256:73aaf090f3d85aa34ee199857f03fa3a95c8ede2ffd4cc2cdb5b94e566b11662
    Port:          <none>
    Host Port:     <none>
    Command:
      sh
      -c
      until nc -z postgres 5432; do sleep 2; done
    State:          Terminated
      Reason:       Completed
      Exit Code:    0
      Started:      Mon, 27 Apr 2026 04:57:33 +0200
      Finished:     Mon, 27 Apr 2026 04:57:33 +0200
    Ready:          True
    Restart Count:  0
    Environment:
      Hermod__Features__DeviceStateTracking:    true
      Hermod__Engine__LogBatchSize:             100
      Hermod__Engine__LogBatching:              true
      Hermod__Engine__Parallelism:              0
      Hermod__Features__MessagePersistence:     true
      Hermod__Features__RuleAuditLog:           true
      Hermod__Features__RuleCache:              true
      Hermod__Features__StatsRollup:            false
      Hermod__Storage__Mode:                    Postgres
      Logging__LogLevel__Hermod:                Information
      Logging__LogLevel__Microsoft.AspNetCore:  Warning
    Mounts:
      /var/run/secrets/kubernetes.io/serviceaccount from kube-api-access-cnhg8 (ro)
  wait-for-nanomq:
    Container ID:  containerd://e07cb7b99a7bb0e5ba5ebe46cdfcbc3c25e1da3e531f9824f86043f367af4d49
    Image:         busybox:1.36
    Image ID:      docker.io/library/busybox@sha256:73aaf090f3d85aa34ee199857f03fa3a95c8ede2ffd4cc2cdb5b94e566b11662
    Port:          <none>
    Host Port:     <none>
    Command:
      sh
      -c
      until nc -z nanomq 1883; do sleep 2; done
    State:          Terminated
      Reason:       Completed
      Exit Code:    0
      Started:      Mon, 27 Apr 2026 04:57:34 +0200
      Finished:     Mon, 27 Apr 2026 04:57:34 +0200
    Ready:          True
    Restart Count:  0
    Environment:
      Hermod__Features__DeviceStateTracking:    true
      Hermod__Engine__LogBatchSize:             100
      Hermod__Engine__LogBatching:              true
      Hermod__Engine__Parallelism:              0
      Hermod__Features__MessagePersistence:     true
      Hermod__Features__RuleAuditLog:           true
      Hermod__Features__RuleCache:              true
      Hermod__Features__StatsRollup:            false
      Hermod__Storage__Mode:                    Postgres
      Logging__LogLevel__Hermod:                Information
      Logging__LogLevel__Microsoft.AspNetCore:  Warning
    Mounts:
      /var/run/secrets/kubernetes.io/serviceaccount from kube-api-access-cnhg8 (ro)
Containers:
  hermod-coordinator:
    Container ID:   containerd://866f4f97fc6bcd12a6e08f23be25f9a7bf8812fef35dd529b3313251b92ee91d
    Image:          hermod-coordinator:latest
    Image ID:       sha256:ca91ccdfcd269dd5e4e25d5ffe8d863ca5db57e5c4f62f08c8adf90d23c15eaf
    Port:           42069/TCP (http)
    Host Port:      0/TCP (http)
    State:          Running
      Started:      Mon, 27 Apr 2026 04:57:35 +0200
    Ready:          True
    Restart Count:  0
    Limits:
      cpu:     1500m
      memory:  1536Mi
    Requests:
      cpu:      200m
      memory:   256Mi
    Liveness:   http-get http://:42069/healthz delay=60s timeout=1s period=30s #success=1 #failure=3
    Readiness:  http-get http://:42069/healthz/ready delay=5s timeout=1s period=10s #success=1 #failure=3
    Startup:    http-get http://:42069/healthz delay=0s timeout=1s period=5s #success=1 #failure=30
    Environment:
      ASPNETCORE_ENVIRONMENT:                   Production
      ASPNETCORE_URLS:                          http://+:42069
      DOTNET_USE_POLLING_FILE_WATCHER:          true
      Hermod__Security__AuthBypass:             true
      Hermod__Security__VaultRequireHttps:      false
      Hermod__Features__MetricsEndpoint:        true
      Hermod__Dev__Endpoints:                   true
      Hermod__Mqtt__Host:                       nanomq
      Hermod__Mqtt__Port:                       1883
      Hermod__Mqtt__UseTls:                     false
      Hermod__Mqtt__Tls__UseTls:                false
      Hermod__Mqtt__Username:                   <set to the key 'mqtt-username' in secret 'hermod-secrets'>  Optional: false
      Hermod__Mqtt__Password:                   <set to the key 'mqtt-password' in secret 'hermod-secrets'>  Optional: false
      Hermod__Database__ConnectionString:       Host=postgres;Port=5432;Database=hermod;Username=hermod_app
      Hermod__Database__Password:               <set to the key 'hermod-db-password' in secret 'hermod-db-credentials'>  Optional: false
      Hermod__Features__DeviceStateTracking:    true
      Hermod__Engine__LogBatchSize:             100
      Hermod__Engine__LogBatching:              true
      Hermod__Engine__Parallelism:              0
      Hermod__Features__MessagePersistence:     true
      Hermod__Features__RuleAuditLog:           true
      Hermod__Features__RuleCache:              true
      Hermod__Features__StatsRollup:            false
      Hermod__Storage__Mode:                    Postgres
      Logging__LogLevel__Hermod:                Information
      Logging__LogLevel__Microsoft.AspNetCore:  Warning
    Mounts:
      /var/run/secrets/kubernetes.io/serviceaccount from kube-api-access-cnhg8 (ro)
Conditions:
  Type                        Status
  PodReadyToStartContainers   True 
  Initialized                 True 
  Ready                       True 
  ContainersReady             True 
  PodScheduled                True 
Volumes:
  kube-api-access-cnhg8:
    Type:                    Projected (a volume that contains injected data from multiple sources)
    TokenExpirationSeconds:  3607
    ConfigMapName:           kube-root-ca.crt
    Optional:                false
    DownwardAPI:             true
QoS Class:                   Burstable
Node-Selectors:              <none>
Tolerations:                 node.kubernetes.io/not-ready:NoExecute op=Exists for 300s
                             node.kubernetes.io/unreachable:NoExecute op=Exists for 300s
Events:
  Type    Reason     Age    From               Message
  ----    ------     ----   ----               -------
  Normal  Scheduled  3m33s  default-scheduler  Successfully assigned coord-only/hermod-coordinator-68dcbd4d99-5mq54 to <pi-host>
  Normal  Pulled     3m33s  kubelet            spec.initContainers{wait-for-postgres}: Container image "busybox:1.36" already present on machine
  Normal  Created    3m33s  kubelet            spec.initContainers{wait-for-postgres}: Created container: wait-for-postgres
  Normal  Started    3m33s  kubelet            spec.initContainers{wait-for-postgres}: Started container wait-for-postgres
  Normal  Pulled     3m32s  kubelet            spec.initContainers{wait-for-nanomq}: Container image "busybox:1.36" already present on machine
  Normal  Created    3m32s  kubelet            spec.initContainers{wait-for-nanomq}: Created container: wait-for-nanomq
  Normal  Started    3m32s  kubelet            spec.initContainers{wait-for-nanomq}: Started container wait-for-nanomq
  Normal  Pulled     3m31s  kubelet            spec.containers{hermod-coordinator}: Container image "hermod-coordinator:latest" already present on machine
  Normal  Created    3m31s  kubelet            spec.containers{hermod-coordinator}: Created container: hermod-coordinator
  Normal  Started    3m31s  kubelet            spec.containers{hermod-coordinator}: Started container hermod-coordinator


Name:             nanomq-76bd7959b5-nxj6x
Namespace:        coord-only
Priority:         0
Service Account:  default
Node:             <pi-host>/<pi-ip>
Start Time:       Mon, 27 Apr 2026 04:57:14 +0200
Labels:           app=nanomq
                  pod-template-hash=76bd7959b5
Annotations:      cni.projectcalico.org/containerID: 6f547526445c6a40249c75b30db24fca701752ad0b2c0b13662f5dbcb0a46a7d
                  cni.projectcalico.org/podIP: <pod-ip>/32
                  cni.projectcalico.org/podIPs: <pod-ip>/32
                  kubectl.kubernetes.io/restartedAt: 2026-04-27T04:57:12+02:00
Status:           Running
IP:               <pod-ip>
IPs:
  IP:           <pod-ip>
Controlled By:  ReplicaSet/nanomq-76bd7959b5
Containers:
  nanomq:
    Container ID:   containerd://446cacad26cd1a6322ae945d76d022f0da7d8a27adf1a85a6edbedb27b204e7b
    Image:          emqx/nanomq:0.21-slim
    Image ID:       docker.io/emqx/nanomq@sha256:53bea7acb547aced1cc45e08c514628f1e41c4da9ad544fd8c5fa96d3e9eb41b
    Ports:          1883/TCP (mqtt), 8081/TCP (http)
    Host Ports:     0/TCP (mqtt), 0/TCP (http)
    State:          Running
      Started:      Mon, 27 Apr 2026 04:57:15 +0200
    Ready:          True
    Restart Count:  0
    Limits:
      cpu:     1
      memory:  512Mi
    Requests:
      cpu:        50m
      memory:     64Mi
    Liveness:     tcp-socket :1883 delay=10s timeout=1s period=10s #success=1 #failure=3
    Readiness:    tcp-socket :1883 delay=3s timeout=1s period=5s #success=1 #failure=3
    Environment:  <none>
    Mounts:
      /etc/nanomq.conf from config (rw,path="nanomq.conf")
      /var/run/secrets/kubernetes.io/serviceaccount from kube-api-access-5nwtw (ro)
Conditions:
  Type                        Status
  PodReadyToStartContainers   True 
  Initialized                 True 
  Ready                       True 
  ContainersReady             True 
  PodScheduled                True 
Volumes:
  config:
    Type:      ConfigMap (a volume populated by a ConfigMap)
    Name:      nanomq-config
    Optional:  false
  kube-api-access-5nwtw:
    Type:                    Projected (a volume that contains injected data from multiple sources)
    TokenExpirationSeconds:  3607
    ConfigMapName:           kube-root-ca.crt
    Optional:                false
    DownwardAPI:             true
QoS Class:                   Burstable
Node-Selectors:              <none>
Tolerations:                 node.kubernetes.io/not-ready:NoExecute op=Exists for 300s
                             node.kubernetes.io/unreachable:NoExecute op=Exists for 300s
Events:
  Type    Reason     Age    From               Message
  ----    ------     ----   ----               -------
  Normal  Scheduled  3m51s  default-scheduler  Successfully assigned coord-only/nanomq-76bd7959b5-nxj6x to <pi-host>
  Normal  Pulled     3m51s  kubelet            spec.containers{nanomq}: Container image "emqx/nanomq:0.21-slim" already present on machine
  Normal  Created    3m51s  kubelet            spec.containers{nanomq}: Created container: nanomq
  Normal  Started    3m51s  kubelet            spec.containers{nanomq}: Started container nanomq


Name:             postgres-0
Namespace:        coord-only
Priority:         0
Service Account:  default
Node:             <pi-host>/<pi-ip>
Start Time:       Mon, 27 Apr 2026 04:16:57 +0200
Labels:           app=postgres
                  apps.kubernetes.io/pod-index=0
                  controller-revision-hash=postgres-6497897965
                  statefulset.kubernetes.io/pod-name=postgres-0
Annotations:      cni.projectcalico.org/containerID: 69fb4823b666d3d2a1395c00ab9b26a33337431372918fb41d9f85f42d91a056
                  cni.projectcalico.org/podIP: <pod-ip>/32
                  cni.projectcalico.org/podIPs: <pod-ip>/32
Status:           Running
IP:               <pod-ip>
IPs:
  IP:           <pod-ip>
Controlled By:  StatefulSet/postgres
Containers:
  postgres:
    Container ID:  containerd://adf8585ccc9b705cf0261f22f8e1c254a24670c72b998bb7a052f31e3a5ae5be
    Image:         postgres:17-alpine
    Image ID:      docker.io/library/postgres@sha256:778d0b486d6daa02b77434d0358ec57a1b21fd8b6d22ac2eef56a33e816928f6
    Port:          5432/TCP
    Host Port:     0/TCP
    Args:
      -c
      shared_buffers=256MB
      -c
      max_connections=200
      -c
      work_mem=16MB
    State:          Running
      Started:      Mon, 27 Apr 2026 04:16:58 +0200
    Ready:          True
    Restart Count:  0
    Limits:
      cpu:     1500m
      memory:  1536Mi
    Requests:
      cpu:      100m
      memory:   256Mi
    Liveness:   exec [pg_isready -U postgres] delay=30s timeout=1s period=10s #success=1 #failure=3
    Readiness:  exec [pg_isready -U postgres] delay=5s timeout=1s period=5s #success=1 #failure=3
    Environment:
      POSTGRES_DB:        postgres
      POSTGRES_USER:      postgres
      POSTGRES_PASSWORD:  <set to the key 'postgres-superuser-password' in secret 'hermod-secrets'>  Optional: false
    Mounts:
      /docker-entrypoint-initdb.d from init (rw)
      /var/lib/postgresql/data from data (rw)
      /var/run/secrets/kubernetes.io/serviceaccount from kube-api-access-79j56 (ro)
Conditions:
  Type                        Status
  PodReadyToStartContainers   True 
  Initialized                 True 
  Ready                       True 
  ContainersReady             True 
  PodScheduled                True 
Volumes:
  data:
    Type:       PersistentVolumeClaim (a reference to a PersistentVolumeClaim in the same namespace)
    ClaimName:  data-postgres-0
    ReadOnly:   false
  init:
    Type:      ConfigMap (a volume populated by a ConfigMap)
    Name:      postgres-init
    Optional:  false
  kube-api-access-79j56:
    Type:                    Projected (a volume that contains injected data from multiple sources)
    TokenExpirationSeconds:  3607
    ConfigMapName:           kube-root-ca.crt
    Optional:                false
    DownwardAPI:             true
QoS Class:                   Burstable
Node-Selectors:              <none>
Tolerations:                 node.kubernetes.io/not-ready:NoExecute op=Exists for 300s
                             node.kubernetes.io/unreachable:NoExecute op=Exists for 300s
Events:                      <none>

=== ts=1777258877 ===
Name:             hermod-coordinator-68dcbd4d99-5mq54
Namespace:        coord-only
Priority:         0
Service Account:  default
Node:             <pi-host>/<pi-ip>
Start Time:       Mon, 27 Apr 2026 04:57:32 +0200
Labels:           app=hermod-coordinator
                  pod-template-hash=68dcbd4d99
Annotations:      cni.projectcalico.org/containerID: 3567cd82d2046c72b925afafacfb0b9b6651a968d3713bd56af74792118de4e3
                  cni.projectcalico.org/podIP: <pod-ip>/32
                  cni.projectcalico.org/podIPs: <pod-ip>/32
                  kubectl.kubernetes.io/restartedAt: 2026-04-27T04:57:12+02:00
Status:           Running
IP:               <pod-ip>
IPs:
  IP:           <pod-ip>
Controlled By:  ReplicaSet/hermod-coordinator-68dcbd4d99
Init Containers:
  wait-for-postgres:
    Container ID:  containerd://64f281b4505891d321da623d3768b12dad138c3404410dffa872e7800b64317a
    Image:         busybox:1.36
    Image ID:      docker.io/library/busybox@sha256:73aaf090f3d85aa34ee199857f03fa3a95c8ede2ffd4cc2cdb5b94e566b11662
    Port:          <none>
    Host Port:     <none>
    Command:
      sh
      -c
      until nc -z postgres 5432; do sleep 2; done
    State:          Terminated
      Reason:       Completed
      Exit Code:    0
      Started:      Mon, 27 Apr 2026 04:57:33 +0200
      Finished:     Mon, 27 Apr 2026 04:57:33 +0200
    Ready:          True
    Restart Count:  0
    Environment:
      Hermod__Features__DeviceStateTracking:    true
      Hermod__Engine__LogBatchSize:             100
      Hermod__Engine__LogBatching:              true
      Hermod__Engine__Parallelism:              0
      Hermod__Features__MessagePersistence:     true
      Hermod__Features__RuleAuditLog:           true
      Hermod__Features__RuleCache:              true
      Hermod__Features__StatsRollup:            false
      Hermod__Storage__Mode:                    Postgres
      Logging__LogLevel__Hermod:                Information
      Logging__LogLevel__Microsoft.AspNetCore:  Warning
    Mounts:
      /var/run/secrets/kubernetes.io/serviceaccount from kube-api-access-cnhg8 (ro)
  wait-for-nanomq:
    Container ID:  containerd://e07cb7b99a7bb0e5ba5ebe46cdfcbc3c25e1da3e531f9824f86043f367af4d49
    Image:         busybox:1.36
    Image ID:      docker.io/library/busybox@sha256:73aaf090f3d85aa34ee199857f03fa3a95c8ede2ffd4cc2cdb5b94e566b11662
    Port:          <none>
    Host Port:     <none>
    Command:
      sh
      -c
      until nc -z nanomq 1883; do sleep 2; done
    State:          Terminated
      Reason:       Completed
      Exit Code:    0
      Started:      Mon, 27 Apr 2026 04:57:34 +0200
      Finished:     Mon, 27 Apr 2026 04:57:34 +0200
    Ready:          True
    Restart Count:  0
    Environment:
      Hermod__Features__DeviceStateTracking:    true
      Hermod__Engine__LogBatchSize:             100
      Hermod__Engine__LogBatching:              true
      Hermod__Engine__Parallelism:              0
      Hermod__Features__MessagePersistence:     true
      Hermod__Features__RuleAuditLog:           true
      Hermod__Features__RuleCache:              true
      Hermod__Features__StatsRollup:            false
      Hermod__Storage__Mode:                    Postgres
      Logging__LogLevel__Hermod:                Information
      Logging__LogLevel__Microsoft.AspNetCore:  Warning
    Mounts:
      /var/run/secrets/kubernetes.io/serviceaccount from kube-api-access-cnhg8 (ro)
Containers:
  hermod-coordinator:
    Container ID:   containerd://866f4f97fc6bcd12a6e08f23be25f9a7bf8812fef35dd529b3313251b92ee91d
    Image:          hermod-coordinator:latest
    Image ID:       sha256:ca91ccdfcd269dd5e4e25d5ffe8d863ca5db57e5c4f62f08c8adf90d23c15eaf
    Port:           42069/TCP (http)
    Host Port:      0/TCP (http)
    State:          Running
      Started:      Mon, 27 Apr 2026 04:57:35 +0200
    Ready:          True
    Restart Count:  0
    Limits:
      cpu:     1500m
      memory:  1536Mi
    Requests:
      cpu:      200m
      memory:   256Mi
    Liveness:   http-get http://:42069/healthz delay=60s timeout=1s period=30s #success=1 #failure=3
    Readiness:  http-get http://:42069/healthz/ready delay=5s timeout=1s period=10s #success=1 #failure=3
    Startup:    http-get http://:42069/healthz delay=0s timeout=1s period=5s #success=1 #failure=30
    Environment:
      ASPNETCORE_ENVIRONMENT:                   Production
      ASPNETCORE_URLS:                          http://+:42069
      DOTNET_USE_POLLING_FILE_WATCHER:          true
      Hermod__Security__AuthBypass:             true
      Hermod__Security__VaultRequireHttps:      false
      Hermod__Features__MetricsEndpoint:        true
      Hermod__Dev__Endpoints:                   true
      Hermod__Mqtt__Host:                       nanomq
      Hermod__Mqtt__Port:                       1883
      Hermod__Mqtt__UseTls:                     false
      Hermod__Mqtt__Tls__UseTls:                false
      Hermod__Mqtt__Username:                   <set to the key 'mqtt-username' in secret 'hermod-secrets'>  Optional: false
      Hermod__Mqtt__Password:                   <set to the key 'mqtt-password' in secret 'hermod-secrets'>  Optional: false
      Hermod__Database__ConnectionString:       Host=postgres;Port=5432;Database=hermod;Username=hermod_app
      Hermod__Database__Password:               <set to the key 'hermod-db-password' in secret 'hermod-db-credentials'>  Optional: false
      Hermod__Features__DeviceStateTracking:    true
      Hermod__Engine__LogBatchSize:             100
      Hermod__Engine__LogBatching:              true
      Hermod__Engine__Parallelism:              0
      Hermod__Features__MessagePersistence:     true
      Hermod__Features__RuleAuditLog:           true
      Hermod__Features__RuleCache:              true
      Hermod__Features__StatsRollup:            false
      Hermod__Storage__Mode:                    Postgres
      Logging__LogLevel__Hermod:                Information
      Logging__LogLevel__Microsoft.AspNetCore:  Warning
    Mounts:
      /var/run/secrets/kubernetes.io/serviceaccount from kube-api-access-cnhg8 (ro)
Conditions:
  Type                        Status
  PodReadyToStartContainers   True 
  Initialized                 True 
  Ready                       True 
  ContainersReady             True 
  PodScheduled                True 
Volumes:
  kube-api-access-cnhg8:
    Type:                    Projected (a volume that contains injected data from multiple sources)
    TokenExpirationSeconds:  3607
    ConfigMapName:           kube-root-ca.crt
    Optional:                false
    DownwardAPI:             true
QoS Class:                   Burstable
Node-Selectors:              <none>
Tolerations:                 node.kubernetes.io/not-ready:NoExecute op=Exists for 300s
                             node.kubernetes.io/unreachable:NoExecute op=Exists for 300s
Events:
  Type    Reason     Age    From               Message
  ----    ------     ----   ----               -------
  Normal  Scheduled  3m45s  default-scheduler  Successfully assigned coord-only/hermod-coordinator-68dcbd4d99-5mq54 to <pi-host>
  Normal  Pulled     3m44s  kubelet            spec.initContainers{wait-for-postgres}: Container image "busybox:1.36" already present on machine
  Normal  Created    3m44s  kubelet            spec.initContainers{wait-for-postgres}: Created container: wait-for-postgres
  Normal  Started    3m44s  kubelet            spec.initContainers{wait-for-postgres}: Started container wait-for-postgres
  Normal  Pulled     3m43s  kubelet            spec.initContainers{wait-for-nanomq}: Container image "busybox:1.36" already present on machine
  Normal  Created    3m43s  kubelet            spec.initContainers{wait-for-nanomq}: Created container: wait-for-nanomq
  Normal  Started    3m43s  kubelet            spec.initContainers{wait-for-nanomq}: Started container wait-for-nanomq
  Normal  Pulled     3m42s  kubelet            spec.containers{hermod-coordinator}: Container image "hermod-coordinator:latest" already present on machine
  Normal  Created    3m42s  kubelet            spec.containers{hermod-coordinator}: Created container: hermod-coordinator
  Normal  Started    3m42s  kubelet            spec.containers{hermod-coordinator}: Started container hermod-coordinator


Name:             nanomq-76bd7959b5-nxj6x
Namespace:        coord-only
Priority:         0
Service Account:  default
Node:             <pi-host>/<pi-ip>
Start Time:       Mon, 27 Apr 2026 04:57:14 +0200
Labels:           app=nanomq
                  pod-template-hash=76bd7959b5
Annotations:      cni.projectcalico.org/containerID: 6f547526445c6a40249c75b30db24fca701752ad0b2c0b13662f5dbcb0a46a7d
                  cni.projectcalico.org/podIP: <pod-ip>/32
                  cni.projectcalico.org/podIPs: <pod-ip>/32
                  kubectl.kubernetes.io/restartedAt: 2026-04-27T04:57:12+02:00
Status:           Running
IP:               <pod-ip>
IPs:
  IP:           <pod-ip>
Controlled By:  ReplicaSet/nanomq-76bd7959b5
Containers:
  nanomq:
    Container ID:   containerd://446cacad26cd1a6322ae945d76d022f0da7d8a27adf1a85a6edbedb27b204e7b
    Image:          emqx/nanomq:0.21-slim
    Image ID:       docker.io/emqx/nanomq@sha256:53bea7acb547aced1cc45e08c514628f1e41c4da9ad544fd8c5fa96d3e9eb41b
    Ports:          1883/TCP (mqtt), 8081/TCP (http)
    Host Ports:     0/TCP (mqtt), 0/TCP (http)
    State:          Running
      Started:      Mon, 27 Apr 2026 04:57:15 +0200
    Ready:          True
    Restart Count:  0
    Limits:
      cpu:     1
      memory:  512Mi
    Requests:
      cpu:        50m
      memory:     64Mi
    Liveness:     tcp-socket :1883 delay=10s timeout=1s period=10s #success=1 #failure=3
    Readiness:    tcp-socket :1883 delay=3s timeout=1s period=5s #success=1 #failure=3
    Environment:  <none>
    Mounts:
      /etc/nanomq.conf from config (rw,path="nanomq.conf")
      /var/run/secrets/kubernetes.io/serviceaccount from kube-api-access-5nwtw (ro)
Conditions:
  Type                        Status
  PodReadyToStartContainers   True 
  Initialized                 True 
  Ready                       True 
  ContainersReady             True 
  PodScheduled                True 
Volumes:
  config:
    Type:      ConfigMap (a volume populated by a ConfigMap)
    Name:      nanomq-config
    Optional:  false
  kube-api-access-5nwtw:
    Type:                    Projected (a volume that contains injected data from multiple sources)
    TokenExpirationSeconds:  3607
    ConfigMapName:           kube-root-ca.crt
    Optional:                false
    DownwardAPI:             true
QoS Class:                   Burstable
Node-Selectors:              <none>
Tolerations:                 node.kubernetes.io/not-ready:NoExecute op=Exists for 300s
                             node.kubernetes.io/unreachable:NoExecute op=Exists for 300s
Events:
  Type    Reason     Age   From               Message
  ----    ------     ----  ----               -------
  Normal  Scheduled  4m3s  default-scheduler  Successfully assigned coord-only/nanomq-76bd7959b5-nxj6x to <pi-host>
  Normal  Pulled     4m2s  kubelet            spec.containers{nanomq}: Container image "emqx/nanomq:0.21-slim" already present on machine
  Normal  Created    4m2s  kubelet            spec.containers{nanomq}: Created container: nanomq
  Normal  Started    4m2s  kubelet            spec.containers{nanomq}: Started container nanomq


Name:             postgres-0
Namespace:        coord-only
Priority:         0
Service Account:  default
Node:             <pi-host>/<pi-ip>
Start Time:       Mon, 27 Apr 2026 04:16:57 +0200
Labels:           app=postgres
                  apps.kubernetes.io/pod-index=0
                  controller-revision-hash=postgres-6497897965
                  statefulset.kubernetes.io/pod-name=postgres-0
Annotations:      cni.projectcalico.org/containerID: 69fb4823b666d3d2a1395c00ab9b26a33337431372918fb41d9f85f42d91a056
                  cni.projectcalico.org/podIP: <pod-ip>/32
                  cni.projectcalico.org/podIPs: <pod-ip>/32
Status:           Running
IP:               <pod-ip>
IPs:
  IP:           <pod-ip>
Controlled By:  StatefulSet/postgres
Containers:
  postgres:
    Container ID:  containerd://adf8585ccc9b705cf0261f22f8e1c254a24670c72b998bb7a052f31e3a5ae5be
    Image:         postgres:17-alpine
    Image ID:      docker.io/library/postgres@sha256:778d0b486d6daa02b77434d0358ec57a1b21fd8b6d22ac2eef56a33e816928f6
    Port:          5432/TCP
    Host Port:     0/TCP
    Args:
      -c
      shared_buffers=256MB
      -c
      max_connections=200
      -c
      work_mem=16MB
    State:          Running
      Started:      Mon, 27 Apr 2026 04:16:58 +0200
    Ready:          True
    Restart Count:  0
    Limits:
      cpu:     1500m
      memory:  1536Mi
    Requests:
      cpu:      100m
      memory:   256Mi
    Liveness:   exec [pg_isready -U postgres] delay=30s timeout=1s period=10s #success=1 #failure=3
    Readiness:  exec [pg_isready -U postgres] delay=5s timeout=1s period=5s #success=1 #failure=3
    Environment:
      POSTGRES_DB:        postgres
      POSTGRES_USER:      postgres
      POSTGRES_PASSWORD:  <set to the key 'postgres-superuser-password' in secret 'hermod-secrets'>  Optional: false
    Mounts:
      /docker-entrypoint-initdb.d from init (rw)
      /var/lib/postgresql/data from data (rw)
      /var/run/secrets/kubernetes.io/serviceaccount from kube-api-access-79j56 (ro)
Conditions:
  Type                        Status
  PodReadyToStartContainers   True 
  Initialized                 True 
  Ready                       True 
  ContainersReady             True 
  PodScheduled                True 
Volumes:
  data:
    Type:       PersistentVolumeClaim (a reference to a PersistentVolumeClaim in the same namespace)
    ClaimName:  data-postgres-0
    ReadOnly:   false
  init:
    Type:      ConfigMap (a volume populated by a ConfigMap)
    Name:      postgres-init
    Optional:  false
  kube-api-access-79j56:
    Type:                    Projected (a volume that contains injected data from multiple sources)
    TokenExpirationSeconds:  3607
    ConfigMapName:           kube-root-ca.crt
    Optional:                false
    DownwardAPI:             true
QoS Class:                   Burstable
Node-Selectors:              <none>
Tolerations:                 node.kubernetes.io/not-ready:NoExecute op=Exists for 300s
                             node.kubernetes.io/unreachable:NoExecute op=Exists for 300s
Events:                      <none>

=== ts=1777258888 ===
Name:             hermod-coordinator-68dcbd4d99-5mq54
Namespace:        coord-only
Priority:         0
Service Account:  default
Node:             <pi-host>/<pi-ip>
Start Time:       Mon, 27 Apr 2026 04:57:32 +0200
Labels:           app=hermod-coordinator
                  pod-template-hash=68dcbd4d99
Annotations:      cni.projectcalico.org/containerID: 3567cd82d2046c72b925afafacfb0b9b6651a968d3713bd56af74792118de4e3
                  cni.projectcalico.org/podIP: <pod-ip>/32
                  cni.projectcalico.org/podIPs: <pod-ip>/32
                  kubectl.kubernetes.io/restartedAt: 2026-04-27T04:57:12+02:00
Status:           Running
IP:               <pod-ip>
IPs:
  IP:           <pod-ip>
Controlled By:  ReplicaSet/hermod-coordinator-68dcbd4d99
Init Containers:
  wait-for-postgres:
    Container ID:  containerd://64f281b4505891d321da623d3768b12dad138c3404410dffa872e7800b64317a
    Image:         busybox:1.36
    Image ID:      docker.io/library/busybox@sha256:73aaf090f3d85aa34ee199857f03fa3a95c8ede2ffd4cc2cdb5b94e566b11662
    Port:          <none>
    Host Port:     <none>
    Command:
      sh
      -c
      until nc -z postgres 5432; do sleep 2; done
    State:          Terminated
      Reason:       Completed
      Exit Code:    0
      Started:      Mon, 27 Apr 2026 04:57:33 +0200
      Finished:     Mon, 27 Apr 2026 04:57:33 +0200
    Ready:          True
    Restart Count:  0
    Environment:
      Hermod__Features__DeviceStateTracking:    true
      Hermod__Engine__LogBatchSize:             100
      Hermod__Engine__LogBatching:              true
      Hermod__Engine__Parallelism:              0
      Hermod__Features__MessagePersistence:     true
      Hermod__Features__RuleAuditLog:           true
      Hermod__Features__RuleCache:              true
      Hermod__Features__StatsRollup:            false
      Hermod__Storage__Mode:                    Postgres
      Logging__LogLevel__Hermod:                Information
      Logging__LogLevel__Microsoft.AspNetCore:  Warning
    Mounts:
      /var/run/secrets/kubernetes.io/serviceaccount from kube-api-access-cnhg8 (ro)
  wait-for-nanomq:
    Container ID:  containerd://e07cb7b99a7bb0e5ba5ebe46cdfcbc3c25e1da3e531f9824f86043f367af4d49
    Image:         busybox:1.36
    Image ID:      docker.io/library/busybox@sha256:73aaf090f3d85aa34ee199857f03fa3a95c8ede2ffd4cc2cdb5b94e566b11662
    Port:          <none>
    Host Port:     <none>
    Command:
      sh
      -c
      until nc -z nanomq 1883; do sleep 2; done
    State:          Terminated
      Reason:       Completed
      Exit Code:    0
      Started:      Mon, 27 Apr 2026 04:57:34 +0200
      Finished:     Mon, 27 Apr 2026 04:57:34 +0200
    Ready:          True
    Restart Count:  0
    Environment:
      Hermod__Features__DeviceStateTracking:    true
      Hermod__Engine__LogBatchSize:             100
      Hermod__Engine__LogBatching:              true
      Hermod__Engine__Parallelism:              0
      Hermod__Features__MessagePersistence:     true
      Hermod__Features__RuleAuditLog:           true
      Hermod__Features__RuleCache:              true
      Hermod__Features__StatsRollup:            false
      Hermod__Storage__Mode:                    Postgres
      Logging__LogLevel__Hermod:                Information
      Logging__LogLevel__Microsoft.AspNetCore:  Warning
    Mounts:
      /var/run/secrets/kubernetes.io/serviceaccount from kube-api-access-cnhg8 (ro)
Containers:
  hermod-coordinator:
    Container ID:   containerd://866f4f97fc6bcd12a6e08f23be25f9a7bf8812fef35dd529b3313251b92ee91d
    Image:          hermod-coordinator:latest
    Image ID:       sha256:ca91ccdfcd269dd5e4e25d5ffe8d863ca5db57e5c4f62f08c8adf90d23c15eaf
    Port:           42069/TCP (http)
    Host Port:      0/TCP (http)
    State:          Running
      Started:      Mon, 27 Apr 2026 04:57:35 +0200
    Ready:          True
    Restart Count:  0
    Limits:
      cpu:     1500m
      memory:  1536Mi
    Requests:
      cpu:      200m
      memory:   256Mi
    Liveness:   http-get http://:42069/healthz delay=60s timeout=1s period=30s #success=1 #failure=3
    Readiness:  http-get http://:42069/healthz/ready delay=5s timeout=1s period=10s #success=1 #failure=3
    Startup:    http-get http://:42069/healthz delay=0s timeout=1s period=5s #success=1 #failure=30
    Environment:
      ASPNETCORE_ENVIRONMENT:                   Production
      ASPNETCORE_URLS:                          http://+:42069
      DOTNET_USE_POLLING_FILE_WATCHER:          true
      Hermod__Security__AuthBypass:             true
      Hermod__Security__VaultRequireHttps:      false
      Hermod__Features__MetricsEndpoint:        true
      Hermod__Dev__Endpoints:                   true
      Hermod__Mqtt__Host:                       nanomq
      Hermod__Mqtt__Port:                       1883
      Hermod__Mqtt__UseTls:                     false
      Hermod__Mqtt__Tls__UseTls:                false
      Hermod__Mqtt__Username:                   <set to the key 'mqtt-username' in secret 'hermod-secrets'>  Optional: false
      Hermod__Mqtt__Password:                   <set to the key 'mqtt-password' in secret 'hermod-secrets'>  Optional: false
      Hermod__Database__ConnectionString:       Host=postgres;Port=5432;Database=hermod;Username=hermod_app
      Hermod__Database__Password:               <set to the key 'hermod-db-password' in secret 'hermod-db-credentials'>  Optional: false
      Hermod__Features__DeviceStateTracking:    true
      Hermod__Engine__LogBatchSize:             100
      Hermod__Engine__LogBatching:              true
      Hermod__Engine__Parallelism:              0
      Hermod__Features__MessagePersistence:     true
      Hermod__Features__RuleAuditLog:           true
      Hermod__Features__RuleCache:              true
      Hermod__Features__StatsRollup:            false
      Hermod__Storage__Mode:                    Postgres
      Logging__LogLevel__Hermod:                Information
      Logging__LogLevel__Microsoft.AspNetCore:  Warning
    Mounts:
      /var/run/secrets/kubernetes.io/serviceaccount from kube-api-access-cnhg8 (ro)
Conditions:
  Type                        Status
  PodReadyToStartContainers   True 
  Initialized                 True 
  Ready                       True 
  ContainersReady             True 
  PodScheduled                True 
Volumes:
  kube-api-access-cnhg8:
    Type:                    Projected (a volume that contains injected data from multiple sources)
    TokenExpirationSeconds:  3607
    ConfigMapName:           kube-root-ca.crt
    Optional:                false
    DownwardAPI:             true
QoS Class:                   Burstable
Node-Selectors:              <none>
Tolerations:                 node.kubernetes.io/not-ready:NoExecute op=Exists for 300s
                             node.kubernetes.io/unreachable:NoExecute op=Exists for 300s
Events:
  Type    Reason     Age    From               Message
  ----    ------     ----   ----               -------
  Normal  Scheduled  3m56s  default-scheduler  Successfully assigned coord-only/hermod-coordinator-68dcbd4d99-5mq54 to <pi-host>
  Normal  Pulled     3m56s  kubelet            spec.initContainers{wait-for-postgres}: Container image "busybox:1.36" already present on machine
  Normal  Created    3m56s  kubelet            spec.initContainers{wait-for-postgres}: Created container: wait-for-postgres
  Normal  Started    3m56s  kubelet            spec.initContainers{wait-for-postgres}: Started container wait-for-postgres
  Normal  Pulled     3m55s  kubelet            spec.initContainers{wait-for-nanomq}: Container image "busybox:1.36" already present on machine
  Normal  Created    3m55s  kubelet            spec.initContainers{wait-for-nanomq}: Created container: wait-for-nanomq
  Normal  Started    3m55s  kubelet            spec.initContainers{wait-for-nanomq}: Started container wait-for-nanomq
  Normal  Pulled     3m54s  kubelet            spec.containers{hermod-coordinator}: Container image "hermod-coordinator:latest" already present on machine
  Normal  Created    3m54s  kubelet            spec.containers{hermod-coordinator}: Created container: hermod-coordinator
  Normal  Started    3m54s  kubelet            spec.containers{hermod-coordinator}: Started container hermod-coordinator


Name:             nanomq-76bd7959b5-nxj6x
Namespace:        coord-only
Priority:         0
Service Account:  default
Node:             <pi-host>/<pi-ip>
Start Time:       Mon, 27 Apr 2026 04:57:14 +0200
Labels:           app=nanomq
                  pod-template-hash=76bd7959b5
Annotations:      cni.projectcalico.org/containerID: 6f547526445c6a40249c75b30db24fca701752ad0b2c0b13662f5dbcb0a46a7d
                  cni.projectcalico.org/podIP: <pod-ip>/32
                  cni.projectcalico.org/podIPs: <pod-ip>/32
                  kubectl.kubernetes.io/restartedAt: 2026-04-27T04:57:12+02:00
Status:           Running
IP:               <pod-ip>
IPs:
  IP:           <pod-ip>
Controlled By:  ReplicaSet/nanomq-76bd7959b5
Containers:
  nanomq:
    Container ID:   containerd://446cacad26cd1a6322ae945d76d022f0da7d8a27adf1a85a6edbedb27b204e7b
    Image:          emqx/nanomq:0.21-slim
    Image ID:       docker.io/emqx/nanomq@sha256:53bea7acb547aced1cc45e08c514628f1e41c4da9ad544fd8c5fa96d3e9eb41b
    Ports:          1883/TCP (mqtt), 8081/TCP (http)
    Host Ports:     0/TCP (mqtt), 0/TCP (http)
    State:          Running
      Started:      Mon, 27 Apr 2026 04:57:15 +0200
    Ready:          True
    Restart Count:  0
    Limits:
      cpu:     1
      memory:  512Mi
    Requests:
      cpu:        50m
      memory:     64Mi
    Liveness:     tcp-socket :1883 delay=10s timeout=1s period=10s #success=1 #failure=3
    Readiness:    tcp-socket :1883 delay=3s timeout=1s period=5s #success=1 #failure=3
    Environment:  <none>
    Mounts:
      /etc/nanomq.conf from config (rw,path="nanomq.conf")
      /var/run/secrets/kubernetes.io/serviceaccount from kube-api-access-5nwtw (ro)
Conditions:
  Type                        Status
  PodReadyToStartContainers   True 
  Initialized                 True 
  Ready                       True 
  ContainersReady             True 
  PodScheduled                True 
Volumes:
  config:
    Type:      ConfigMap (a volume populated by a ConfigMap)
    Name:      nanomq-config
    Optional:  false
  kube-api-access-5nwtw:
    Type:                    Projected (a volume that contains injected data from multiple sources)
    TokenExpirationSeconds:  3607
    ConfigMapName:           kube-root-ca.crt
    Optional:                false
    DownwardAPI:             true
QoS Class:                   Burstable
Node-Selectors:              <none>
Tolerations:                 node.kubernetes.io/not-ready:NoExecute op=Exists for 300s
                             node.kubernetes.io/unreachable:NoExecute op=Exists for 300s
Events:
  Type    Reason     Age    From               Message
  ----    ------     ----   ----               -------
  Normal  Scheduled  4m14s  default-scheduler  Successfully assigned coord-only/nanomq-76bd7959b5-nxj6x to <pi-host>
  Normal  Pulled     4m14s  kubelet            spec.containers{nanomq}: Container image "emqx/nanomq:0.21-slim" already present on machine
  Normal  Created    4m14s  kubelet            spec.containers{nanomq}: Created container: nanomq
  Normal  Started    4m14s  kubelet            spec.containers{nanomq}: Started container nanomq


Name:             postgres-0
Namespace:        coord-only
Priority:         0
Service Account:  default
Node:             <pi-host>/<pi-ip>
Start Time:       Mon, 27 Apr 2026 04:16:57 +0200
Labels:           app=postgres
                  apps.kubernetes.io/pod-index=0
                  controller-revision-hash=postgres-6497897965
                  statefulset.kubernetes.io/pod-name=postgres-0
Annotations:      cni.projectcalico.org/containerID: 69fb4823b666d3d2a1395c00ab9b26a33337431372918fb41d9f85f42d91a056
                  cni.projectcalico.org/podIP: <pod-ip>/32
                  cni.projectcalico.org/podIPs: <pod-ip>/32
Status:           Running
IP:               <pod-ip>
IPs:
  IP:           <pod-ip>
Controlled By:  StatefulSet/postgres
Containers:
  postgres:
    Container ID:  containerd://adf8585ccc9b705cf0261f22f8e1c254a24670c72b998bb7a052f31e3a5ae5be
    Image:         postgres:17-alpine
    Image ID:      docker.io/library/postgres@sha256:778d0b486d6daa02b77434d0358ec57a1b21fd8b6d22ac2eef56a33e816928f6
    Port:          5432/TCP
    Host Port:     0/TCP
    Args:
      -c
      shared_buffers=256MB
      -c
      max_connections=200
      -c
      work_mem=16MB
    State:          Running
      Started:      Mon, 27 Apr 2026 04:16:58 +0200
    Ready:          True
    Restart Count:  0
    Limits:
      cpu:     1500m
      memory:  1536Mi
    Requests:
      cpu:      100m
      memory:   256Mi
    Liveness:   exec [pg_isready -U postgres] delay=30s timeout=1s period=10s #success=1 #failure=3
    Readiness:  exec [pg_isready -U postgres] delay=5s timeout=1s period=5s #success=1 #failure=3
    Environment:
      POSTGRES_DB:        postgres
      POSTGRES_USER:      postgres
      POSTGRES_PASSWORD:  <set to the key 'postgres-superuser-password' in secret 'hermod-secrets'>  Optional: false
    Mounts:
      /docker-entrypoint-initdb.d from init (rw)
      /var/lib/postgresql/data from data (rw)
      /var/run/secrets/kubernetes.io/serviceaccount from kube-api-access-79j56 (ro)
Conditions:
  Type                        Status
  PodReadyToStartContainers   True 
  Initialized                 True 
  Ready                       True 
  ContainersReady             True 
  PodScheduled                True 
Volumes:
  data:
    Type:       PersistentVolumeClaim (a reference to a PersistentVolumeClaim in the same namespace)
    ClaimName:  data-postgres-0
    ReadOnly:   false
  init:
    Type:      ConfigMap (a volume populated by a ConfigMap)
    Name:      postgres-init
    Optional:  false
  kube-api-access-79j56:
    Type:                    Projected (a volume that contains injected data from multiple sources)
    TokenExpirationSeconds:  3607
    ConfigMapName:           kube-root-ca.crt
    Optional:                false
    DownwardAPI:             true
QoS Class:                   Burstable
Node-Selectors:              <none>
Tolerations:                 node.kubernetes.io/not-ready:NoExecute op=Exists for 300s
                             node.kubernetes.io/unreachable:NoExecute op=Exists for 300s
Events:                      <none>

=== ts=1777258900 ===
Name:             hermod-coordinator-68dcbd4d99-5mq54
Namespace:        coord-only
Priority:         0
Service Account:  default
Node:             <pi-host>/<pi-ip>
Start Time:       Mon, 27 Apr 2026 04:57:32 +0200
Labels:           app=hermod-coordinator
                  pod-template-hash=68dcbd4d99
Annotations:      cni.projectcalico.org/containerID: 3567cd82d2046c72b925afafacfb0b9b6651a968d3713bd56af74792118de4e3
                  cni.projectcalico.org/podIP: <pod-ip>/32
                  cni.projectcalico.org/podIPs: <pod-ip>/32
                  kubectl.kubernetes.io/restartedAt: 2026-04-27T04:57:12+02:00
Status:           Running
IP:               <pod-ip>
IPs:
  IP:           <pod-ip>
Controlled By:  ReplicaSet/hermod-coordinator-68dcbd4d99
Init Containers:
  wait-for-postgres:
    Container ID:  containerd://64f281b4505891d321da623d3768b12dad138c3404410dffa872e7800b64317a
    Image:         busybox:1.36
    Image ID:      docker.io/library/busybox@sha256:73aaf090f3d85aa34ee199857f03fa3a95c8ede2ffd4cc2cdb5b94e566b11662
    Port:          <none>
    Host Port:     <none>
    Command:
      sh
      -c
      until nc -z postgres 5432; do sleep 2; done
    State:          Terminated
      Reason:       Completed
      Exit Code:    0
      Started:      Mon, 27 Apr 2026 04:57:33 +0200
      Finished:     Mon, 27 Apr 2026 04:57:33 +0200
    Ready:          True
    Restart Count:  0
    Environment:
      Hermod__Features__DeviceStateTracking:    true
      Hermod__Engine__LogBatchSize:             100
      Hermod__Engine__LogBatching:              true
      Hermod__Engine__Parallelism:              0
      Hermod__Features__MessagePersistence:     true
      Hermod__Features__RuleAuditLog:           true
      Hermod__Features__RuleCache:              true
      Hermod__Features__StatsRollup:            false
      Hermod__Storage__Mode:                    Postgres
      Logging__LogLevel__Hermod:                Information
      Logging__LogLevel__Microsoft.AspNetCore:  Warning
    Mounts:
      /var/run/secrets/kubernetes.io/serviceaccount from kube-api-access-cnhg8 (ro)
  wait-for-nanomq:
    Container ID:  containerd://e07cb7b99a7bb0e5ba5ebe46cdfcbc3c25e1da3e531f9824f86043f367af4d49
    Image:         busybox:1.36
    Image ID:      docker.io/library/busybox@sha256:73aaf090f3d85aa34ee199857f03fa3a95c8ede2ffd4cc2cdb5b94e566b11662
    Port:          <none>
    Host Port:     <none>
    Command:
      sh
      -c
      until nc -z nanomq 1883; do sleep 2; done
    State:          Terminated
      Reason:       Completed
      Exit Code:    0
      Started:      Mon, 27 Apr 2026 04:57:34 +0200
      Finished:     Mon, 27 Apr 2026 04:57:34 +0200
    Ready:          True
    Restart Count:  0
    Environment:
      Hermod__Features__DeviceStateTracking:    true
      Hermod__Engine__LogBatchSize:             100
      Hermod__Engine__LogBatching:              true
      Hermod__Engine__Parallelism:              0
      Hermod__Features__MessagePersistence:     true
      Hermod__Features__RuleAuditLog:           true
      Hermod__Features__RuleCache:              true
      Hermod__Features__StatsRollup:            false
      Hermod__Storage__Mode:                    Postgres
      Logging__LogLevel__Hermod:                Information
      Logging__LogLevel__Microsoft.AspNetCore:  Warning
    Mounts:
      /var/run/secrets/kubernetes.io/serviceaccount from kube-api-access-cnhg8 (ro)
Containers:
  hermod-coordinator:
    Container ID:   containerd://866f4f97fc6bcd12a6e08f23be25f9a7bf8812fef35dd529b3313251b92ee91d
    Image:          hermod-coordinator:latest
    Image ID:       sha256:ca91ccdfcd269dd5e4e25d5ffe8d863ca5db57e5c4f62f08c8adf90d23c15eaf
    Port:           42069/TCP (http)
    Host Port:      0/TCP (http)
    State:          Running
      Started:      Mon, 27 Apr 2026 04:57:35 +0200
    Ready:          True
    Restart Count:  0
    Limits:
      cpu:     1500m
      memory:  1536Mi
    Requests:
      cpu:      200m
      memory:   256Mi
    Liveness:   http-get http://:42069/healthz delay=60s timeout=1s period=30s #success=1 #failure=3
    Readiness:  http-get http://:42069/healthz/ready delay=5s timeout=1s period=10s #success=1 #failure=3
    Startup:    http-get http://:42069/healthz delay=0s timeout=1s period=5s #success=1 #failure=30
    Environment:
      ASPNETCORE_ENVIRONMENT:                   Production
      ASPNETCORE_URLS:                          http://+:42069
      DOTNET_USE_POLLING_FILE_WATCHER:          true
      Hermod__Security__AuthBypass:             true
      Hermod__Security__VaultRequireHttps:      false
      Hermod__Features__MetricsEndpoint:        true
      Hermod__Dev__Endpoints:                   true
      Hermod__Mqtt__Host:                       nanomq
      Hermod__Mqtt__Port:                       1883
      Hermod__Mqtt__UseTls:                     false
      Hermod__Mqtt__Tls__UseTls:                false
      Hermod__Mqtt__Username:                   <set to the key 'mqtt-username' in secret 'hermod-secrets'>  Optional: false
      Hermod__Mqtt__Password:                   <set to the key 'mqtt-password' in secret 'hermod-secrets'>  Optional: false
      Hermod__Database__ConnectionString:       Host=postgres;Port=5432;Database=hermod;Username=hermod_app
      Hermod__Database__Password:               <set to the key 'hermod-db-password' in secret 'hermod-db-credentials'>  Optional: false
      Hermod__Features__DeviceStateTracking:    true
      Hermod__Engine__LogBatchSize:             100
      Hermod__Engine__LogBatching:              true
      Hermod__Engine__Parallelism:              0
      Hermod__Features__MessagePersistence:     true
      Hermod__Features__RuleAuditLog:           true
      Hermod__Features__RuleCache:              true
      Hermod__Features__StatsRollup:            false
      Hermod__Storage__Mode:                    Postgres
      Logging__LogLevel__Hermod:                Information
      Logging__LogLevel__Microsoft.AspNetCore:  Warning
    Mounts:
      /var/run/secrets/kubernetes.io/serviceaccount from kube-api-access-cnhg8 (ro)
Conditions:
  Type                        Status
  PodReadyToStartContainers   True 
  Initialized                 True 
  Ready                       True 
  ContainersReady             True 
  PodScheduled                True 
Volumes:
  kube-api-access-cnhg8:
    Type:                    Projected (a volume that contains injected data from multiple sources)
    TokenExpirationSeconds:  3607
    ConfigMapName:           kube-root-ca.crt
    Optional:                false
    DownwardAPI:             true
QoS Class:                   Burstable
Node-Selectors:              <none>
Tolerations:                 node.kubernetes.io/not-ready:NoExecute op=Exists for 300s
                             node.kubernetes.io/unreachable:NoExecute op=Exists for 300s
Events:
  Type    Reason     Age   From               Message
  ----    ------     ----  ----               -------
  Normal  Scheduled  4m7s  default-scheduler  Successfully assigned coord-only/hermod-coordinator-68dcbd4d99-5mq54 to <pi-host>
  Normal  Pulled     4m7s  kubelet            spec.initContainers{wait-for-postgres}: Container image "busybox:1.36" already present on machine
  Normal  Created    4m7s  kubelet            spec.initContainers{wait-for-postgres}: Created container: wait-for-postgres
  Normal  Started    4m7s  kubelet            spec.initContainers{wait-for-postgres}: Started container wait-for-postgres
  Normal  Pulled     4m6s  kubelet            spec.initContainers{wait-for-nanomq}: Container image "busybox:1.36" already present on machine
  Normal  Created    4m6s  kubelet            spec.initContainers{wait-for-nanomq}: Created container: wait-for-nanomq
  Normal  Started    4m6s  kubelet            spec.initContainers{wait-for-nanomq}: Started container wait-for-nanomq
  Normal  Pulled     4m5s  kubelet            spec.containers{hermod-coordinator}: Container image "hermod-coordinator:latest" already present on machine
  Normal  Created    4m5s  kubelet            spec.containers{hermod-coordinator}: Created container: hermod-coordinator
  Normal  Started    4m5s  kubelet            spec.containers{hermod-coordinator}: Started container hermod-coordinator


Name:             nanomq-76bd7959b5-nxj6x
Namespace:        coord-only
Priority:         0
Service Account:  default
Node:             <pi-host>/<pi-ip>
Start Time:       Mon, 27 Apr 2026 04:57:14 +0200
Labels:           app=nanomq
                  pod-template-hash=76bd7959b5
Annotations:      cni.projectcalico.org/containerID: 6f547526445c6a40249c75b30db24fca701752ad0b2c0b13662f5dbcb0a46a7d
                  cni.projectcalico.org/podIP: <pod-ip>/32
                  cni.projectcalico.org/podIPs: <pod-ip>/32
                  kubectl.kubernetes.io/restartedAt: 2026-04-27T04:57:12+02:00
Status:           Running
IP:               <pod-ip>
IPs:
  IP:           <pod-ip>
Controlled By:  ReplicaSet/nanomq-76bd7959b5
Containers:
  nanomq:
    Container ID:   containerd://446cacad26cd1a6322ae945d76d022f0da7d8a27adf1a85a6edbedb27b204e7b
    Image:          emqx/nanomq:0.21-slim
    Image ID:       docker.io/emqx/nanomq@sha256:53bea7acb547aced1cc45e08c514628f1e41c4da9ad544fd8c5fa96d3e9eb41b
    Ports:          1883/TCP (mqtt), 8081/TCP (http)
    Host Ports:     0/TCP (mqtt), 0/TCP (http)
    State:          Running
      Started:      Mon, 27 Apr 2026 04:57:15 +0200
    Ready:          True
    Restart Count:  0
    Limits:
      cpu:     1
      memory:  512Mi
    Requests:
      cpu:        50m
      memory:     64Mi
    Liveness:     tcp-socket :1883 delay=10s timeout=1s period=10s #success=1 #failure=3
    Readiness:    tcp-socket :1883 delay=3s timeout=1s period=5s #success=1 #failure=3
    Environment:  <none>
    Mounts:
      /etc/nanomq.conf from config (rw,path="nanomq.conf")
      /var/run/secrets/kubernetes.io/serviceaccount from kube-api-access-5nwtw (ro)
Conditions:
  Type                        Status
  PodReadyToStartContainers   True 
  Initialized                 True 
  Ready                       True 
  ContainersReady             True 
  PodScheduled                True 
Volumes:
  config:
    Type:      ConfigMap (a volume populated by a ConfigMap)
    Name:      nanomq-config
    Optional:  false
  kube-api-access-5nwtw:
    Type:                    Projected (a volume that contains injected data from multiple sources)
    TokenExpirationSeconds:  3607
    ConfigMapName:           kube-root-ca.crt
    Optional:                false
    DownwardAPI:             true
QoS Class:                   Burstable
Node-Selectors:              <none>
Tolerations:                 node.kubernetes.io/not-ready:NoExecute op=Exists for 300s
                             node.kubernetes.io/unreachable:NoExecute op=Exists for 300s
Events:
  Type    Reason     Age    From               Message
  ----    ------     ----   ----               -------
  Normal  Scheduled  4m25s  default-scheduler  Successfully assigned coord-only/nanomq-76bd7959b5-nxj6x to <pi-host>
  Normal  Pulled     4m25s  kubelet            spec.containers{nanomq}: Container image "emqx/nanomq:0.21-slim" already present on machine
  Normal  Created    4m25s  kubelet            spec.containers{nanomq}: Created container: nanomq
  Normal  Started    4m25s  kubelet            spec.containers{nanomq}: Started container nanomq


Name:             postgres-0
Namespace:        coord-only
Priority:         0
Service Account:  default
Node:             <pi-host>/<pi-ip>
Start Time:       Mon, 27 Apr 2026 04:16:57 +0200
Labels:           app=postgres
                  apps.kubernetes.io/pod-index=0
                  controller-revision-hash=postgres-6497897965
                  statefulset.kubernetes.io/pod-name=postgres-0
Annotations:      cni.projectcalico.org/containerID: 69fb4823b666d3d2a1395c00ab9b26a33337431372918fb41d9f85f42d91a056
                  cni.projectcalico.org/podIP: <pod-ip>/32
                  cni.projectcalico.org/podIPs: <pod-ip>/32
Status:           Running
IP:               <pod-ip>
IPs:
  IP:           <pod-ip>
Controlled By:  StatefulSet/postgres
Containers:
  postgres:
    Container ID:  containerd://adf8585ccc9b705cf0261f22f8e1c254a24670c72b998bb7a052f31e3a5ae5be
    Image:         postgres:17-alpine
    Image ID:      docker.io/library/postgres@sha256:778d0b486d6daa02b77434d0358ec57a1b21fd8b6d22ac2eef56a33e816928f6
    Port:          5432/TCP
    Host Port:     0/TCP
    Args:
      -c
      shared_buffers=256MB
      -c
      max_connections=200
      -c
      work_mem=16MB
    State:          Running
      Started:      Mon, 27 Apr 2026 04:16:58 +0200
    Ready:          True
    Restart Count:  0
    Limits:
      cpu:     1500m
      memory:  1536Mi
    Requests:
      cpu:      100m
      memory:   256Mi
    Liveness:   exec [pg_isready -U postgres] delay=30s timeout=1s period=10s #success=1 #failure=3
    Readiness:  exec [pg_isready -U postgres] delay=5s timeout=1s period=5s #success=1 #failure=3
    Environment:
      POSTGRES_DB:        postgres
      POSTGRES_USER:      postgres
      POSTGRES_PASSWORD:  <set to the key 'postgres-superuser-password' in secret 'hermod-secrets'>  Optional: false
    Mounts:
      /docker-entrypoint-initdb.d from init (rw)
      /var/lib/postgresql/data from data (rw)
      /var/run/secrets/kubernetes.io/serviceaccount from kube-api-access-79j56 (ro)
Conditions:
  Type                        Status
  PodReadyToStartContainers   True 
  Initialized                 True 
  Ready                       True 
  ContainersReady             True 
  PodScheduled                True 
Volumes:
  data:
    Type:       PersistentVolumeClaim (a reference to a PersistentVolumeClaim in the same namespace)
    ClaimName:  data-postgres-0
    ReadOnly:   false
  init:
    Type:      ConfigMap (a volume populated by a ConfigMap)
    Name:      postgres-init
    Optional:  false
  kube-api-access-79j56:
    Type:                    Projected (a volume that contains injected data from multiple sources)
    TokenExpirationSeconds:  3607
    ConfigMapName:           kube-root-ca.crt
    Optional:                false
    DownwardAPI:             true
QoS Class:                   Burstable
Node-Selectors:              <none>
Tolerations:                 node.kubernetes.io/not-ready:NoExecute op=Exists for 300s
                             node.kubernetes.io/unreachable:NoExecute op=Exists for 300s
Events:                      <none>

=== ts=1777258911 ===
Name:             hermod-coordinator-68dcbd4d99-5mq54
Namespace:        coord-only
Priority:         0
Service Account:  default
Node:             <pi-host>/<pi-ip>
Start Time:       Mon, 27 Apr 2026 04:57:32 +0200
Labels:           app=hermod-coordinator
                  pod-template-hash=68dcbd4d99
Annotations:      cni.projectcalico.org/containerID: 3567cd82d2046c72b925afafacfb0b9b6651a968d3713bd56af74792118de4e3
                  cni.projectcalico.org/podIP: <pod-ip>/32
                  cni.projectcalico.org/podIPs: <pod-ip>/32
                  kubectl.kubernetes.io/restartedAt: 2026-04-27T04:57:12+02:00
Status:           Running
IP:               <pod-ip>
IPs:
  IP:           <pod-ip>
Controlled By:  ReplicaSet/hermod-coordinator-68dcbd4d99
Init Containers:
  wait-for-postgres:
    Container ID:  containerd://64f281b4505891d321da623d3768b12dad138c3404410dffa872e7800b64317a
    Image:         busybox:1.36
    Image ID:      docker.io/library/busybox@sha256:73aaf090f3d85aa34ee199857f03fa3a95c8ede2ffd4cc2cdb5b94e566b11662
    Port:          <none>
    Host Port:     <none>
    Command:
      sh
      -c
      until nc -z postgres 5432; do sleep 2; done
    State:          Terminated
      Reason:       Completed
      Exit Code:    0
      Started:      Mon, 27 Apr 2026 04:57:33 +0200
      Finished:     Mon, 27 Apr 2026 04:57:33 +0200
    Ready:          True
    Restart Count:  0
    Environment:
      Hermod__Features__DeviceStateTracking:    true
      Hermod__Engine__LogBatchSize:             100
      Hermod__Engine__LogBatching:              true
      Hermod__Engine__Parallelism:              0
      Hermod__Features__MessagePersistence:     true
      Hermod__Features__RuleAuditLog:           true
      Hermod__Features__RuleCache:              true
      Hermod__Features__StatsRollup:            false
      Hermod__Storage__Mode:                    Postgres
      Logging__LogLevel__Hermod:                Information
      Logging__LogLevel__Microsoft.AspNetCore:  Warning
    Mounts:
      /var/run/secrets/kubernetes.io/serviceaccount from kube-api-access-cnhg8 (ro)
  wait-for-nanomq:
    Container ID:  containerd://e07cb7b99a7bb0e5ba5ebe46cdfcbc3c25e1da3e531f9824f86043f367af4d49
    Image:         busybox:1.36
    Image ID:      docker.io/library/busybox@sha256:73aaf090f3d85aa34ee199857f03fa3a95c8ede2ffd4cc2cdb5b94e566b11662
    Port:          <none>
    Host Port:     <none>
    Command:
      sh
      -c
      until nc -z nanomq 1883; do sleep 2; done
    State:          Terminated
      Reason:       Completed
      Exit Code:    0
      Started:      Mon, 27 Apr 2026 04:57:34 +0200
      Finished:     Mon, 27 Apr 2026 04:57:34 +0200
    Ready:          True
    Restart Count:  0
    Environment:
      Hermod__Features__DeviceStateTracking:    true
      Hermod__Engine__LogBatchSize:             100
      Hermod__Engine__LogBatching:              true
      Hermod__Engine__Parallelism:              0
      Hermod__Features__MessagePersistence:     true
      Hermod__Features__RuleAuditLog:           true
      Hermod__Features__RuleCache:              true
      Hermod__Features__StatsRollup:            false
      Hermod__Storage__Mode:                    Postgres
      Logging__LogLevel__Hermod:                Information
      Logging__LogLevel__Microsoft.AspNetCore:  Warning
    Mounts:
      /var/run/secrets/kubernetes.io/serviceaccount from kube-api-access-cnhg8 (ro)
Containers:
  hermod-coordinator:
    Container ID:   containerd://866f4f97fc6bcd12a6e08f23be25f9a7bf8812fef35dd529b3313251b92ee91d
    Image:          hermod-coordinator:latest
    Image ID:       sha256:ca91ccdfcd269dd5e4e25d5ffe8d863ca5db57e5c4f62f08c8adf90d23c15eaf
    Port:           42069/TCP (http)
    Host Port:      0/TCP (http)
    State:          Running
      Started:      Mon, 27 Apr 2026 04:57:35 +0200
    Ready:          True
    Restart Count:  0
    Limits:
      cpu:     1500m
      memory:  1536Mi
    Requests:
      cpu:      200m
      memory:   256Mi
    Liveness:   http-get http://:42069/healthz delay=60s timeout=1s period=30s #success=1 #failure=3
    Readiness:  http-get http://:42069/healthz/ready delay=5s timeout=1s period=10s #success=1 #failure=3
    Startup:    http-get http://:42069/healthz delay=0s timeout=1s period=5s #success=1 #failure=30
    Environment:
      ASPNETCORE_ENVIRONMENT:                   Production
      ASPNETCORE_URLS:                          http://+:42069
      DOTNET_USE_POLLING_FILE_WATCHER:          true
      Hermod__Security__AuthBypass:             true
      Hermod__Security__VaultRequireHttps:      false
      Hermod__Features__MetricsEndpoint:        true
      Hermod__Dev__Endpoints:                   true
      Hermod__Mqtt__Host:                       nanomq
      Hermod__Mqtt__Port:                       1883
      Hermod__Mqtt__UseTls:                     false
      Hermod__Mqtt__Tls__UseTls:                false
      Hermod__Mqtt__Username:                   <set to the key 'mqtt-username' in secret 'hermod-secrets'>  Optional: false
      Hermod__Mqtt__Password:                   <set to the key 'mqtt-password' in secret 'hermod-secrets'>  Optional: false
      Hermod__Database__ConnectionString:       Host=postgres;Port=5432;Database=hermod;Username=hermod_app
      Hermod__Database__Password:               <set to the key 'hermod-db-password' in secret 'hermod-db-credentials'>  Optional: false
      Hermod__Features__DeviceStateTracking:    true
      Hermod__Engine__LogBatchSize:             100
      Hermod__Engine__LogBatching:              true
      Hermod__Engine__Parallelism:              0
      Hermod__Features__MessagePersistence:     true
      Hermod__Features__RuleAuditLog:           true
      Hermod__Features__RuleCache:              true
      Hermod__Features__StatsRollup:            false
      Hermod__Storage__Mode:                    Postgres
      Logging__LogLevel__Hermod:                Information
      Logging__LogLevel__Microsoft.AspNetCore:  Warning
    Mounts:
      /var/run/secrets/kubernetes.io/serviceaccount from kube-api-access-cnhg8 (ro)
Conditions:
  Type                        Status
  PodReadyToStartContainers   True 
  Initialized                 True 
  Ready                       True 
  ContainersReady             True 
  PodScheduled                True 
Volumes:
  kube-api-access-cnhg8:
    Type:                    Projected (a volume that contains injected data from multiple sources)
    TokenExpirationSeconds:  3607
    ConfigMapName:           kube-root-ca.crt
    Optional:                false
    DownwardAPI:             true
QoS Class:                   Burstable
Node-Selectors:              <none>
Tolerations:                 node.kubernetes.io/not-ready:NoExecute op=Exists for 300s
                             node.kubernetes.io/unreachable:NoExecute op=Exists for 300s
Events:
  Type    Reason     Age    From               Message
  ----    ------     ----   ----               -------
  Normal  Scheduled  4m18s  default-scheduler  Successfully assigned coord-only/hermod-coordinator-68dcbd4d99-5mq54 to <pi-host>
  Normal  Pulled     4m18s  kubelet            spec.initContainers{wait-for-postgres}: Container image "busybox:1.36" already present on machine
  Normal  Created    4m18s  kubelet            spec.initContainers{wait-for-postgres}: Created container: wait-for-postgres
  Normal  Started    4m18s  kubelet            spec.initContainers{wait-for-postgres}: Started container wait-for-postgres
  Normal  Pulled     4m17s  kubelet            spec.initContainers{wait-for-nanomq}: Container image "busybox:1.36" already present on machine
  Normal  Created    4m17s  kubelet            spec.initContainers{wait-for-nanomq}: Created container: wait-for-nanomq
  Normal  Started    4m17s  kubelet            spec.initContainers{wait-for-nanomq}: Started container wait-for-nanomq
  Normal  Pulled     4m16s  kubelet            spec.containers{hermod-coordinator}: Container image "hermod-coordinator:latest" already present on machine
  Normal  Created    4m16s  kubelet            spec.containers{hermod-coordinator}: Created container: hermod-coordinator
  Normal  Started    4m16s  kubelet            spec.containers{hermod-coordinator}: Started container hermod-coordinator


Name:             nanomq-76bd7959b5-nxj6x
Namespace:        coord-only
Priority:         0
Service Account:  default
Node:             <pi-host>/<pi-ip>
Start Time:       Mon, 27 Apr 2026 04:57:14 +0200
Labels:           app=nanomq
                  pod-template-hash=76bd7959b5
Annotations:      cni.projectcalico.org/containerID: 6f547526445c6a40249c75b30db24fca701752ad0b2c0b13662f5dbcb0a46a7d
                  cni.projectcalico.org/podIP: <pod-ip>/32
                  cni.projectcalico.org/podIPs: <pod-ip>/32
                  kubectl.kubernetes.io/restartedAt: 2026-04-27T04:57:12+02:00
Status:           Running
IP:               <pod-ip>
IPs:
  IP:           <pod-ip>
Controlled By:  ReplicaSet/nanomq-76bd7959b5
Containers:
  nanomq:
    Container ID:   containerd://446cacad26cd1a6322ae945d76d022f0da7d8a27adf1a85a6edbedb27b204e7b
    Image:          emqx/nanomq:0.21-slim
    Image ID:       docker.io/emqx/nanomq@sha256:53bea7acb547aced1cc45e08c514628f1e41c4da9ad544fd8c5fa96d3e9eb41b
    Ports:          1883/TCP (mqtt), 8081/TCP (http)
    Host Ports:     0/TCP (mqtt), 0/TCP (http)
    State:          Running
      Started:      Mon, 27 Apr 2026 04:57:15 +0200
    Ready:          True
    Restart Count:  0
    Limits:
      cpu:     1
      memory:  512Mi
    Requests:
      cpu:        50m
      memory:     64Mi
    Liveness:     tcp-socket :1883 delay=10s timeout=1s period=10s #success=1 #failure=3
    Readiness:    tcp-socket :1883 delay=3s timeout=1s period=5s #success=1 #failure=3
    Environment:  <none>
    Mounts:
      /etc/nanomq.conf from config (rw,path="nanomq.conf")
      /var/run/secrets/kubernetes.io/serviceaccount from kube-api-access-5nwtw (ro)
Conditions:
  Type                        Status
  PodReadyToStartContainers   True 
  Initialized                 True 
  Ready                       True 
  ContainersReady             True 
  PodScheduled                True 
Volumes:
  config:
    Type:      ConfigMap (a volume populated by a ConfigMap)
    Name:      nanomq-config
    Optional:  false
  kube-api-access-5nwtw:
    Type:                    Projected (a volume that contains injected data from multiple sources)
    TokenExpirationSeconds:  3607
    ConfigMapName:           kube-root-ca.crt
    Optional:                false
    DownwardAPI:             true
QoS Class:                   Burstable
Node-Selectors:              <none>
Tolerations:                 node.kubernetes.io/not-ready:NoExecute op=Exists for 300s
                             node.kubernetes.io/unreachable:NoExecute op=Exists for 300s
Events:
  Type    Reason     Age    From               Message
  ----    ------     ----   ----               -------
  Normal  Scheduled  4m37s  default-scheduler  Successfully assigned coord-only/nanomq-76bd7959b5-nxj6x to <pi-host>
  Normal  Pulled     4m36s  kubelet            spec.containers{nanomq}: Container image "emqx/nanomq:0.21-slim" already present on machine
  Normal  Created    4m36s  kubelet            spec.containers{nanomq}: Created container: nanomq
  Normal  Started    4m36s  kubelet            spec.containers{nanomq}: Started container nanomq


Name:             postgres-0
Namespace:        coord-only
Priority:         0
Service Account:  default
Node:             <pi-host>/<pi-ip>
Start Time:       Mon, 27 Apr 2026 04:16:57 +0200
Labels:           app=postgres
                  apps.kubernetes.io/pod-index=0
                  controller-revision-hash=postgres-6497897965
                  statefulset.kubernetes.io/pod-name=postgres-0
Annotations:      cni.projectcalico.org/containerID: 69fb4823b666d3d2a1395c00ab9b26a33337431372918fb41d9f85f42d91a056
                  cni.projectcalico.org/podIP: <pod-ip>/32
                  cni.projectcalico.org/podIPs: <pod-ip>/32
Status:           Running
IP:               <pod-ip>
IPs:
  IP:           <pod-ip>
Controlled By:  StatefulSet/postgres
Containers:
  postgres:
    Container ID:  containerd://adf8585ccc9b705cf0261f22f8e1c254a24670c72b998bb7a052f31e3a5ae5be
    Image:         postgres:17-alpine
    Image ID:      docker.io/library/postgres@sha256:778d0b486d6daa02b77434d0358ec57a1b21fd8b6d22ac2eef56a33e816928f6
    Port:          5432/TCP
    Host Port:     0/TCP
    Args:
      -c
      shared_buffers=256MB
      -c
      max_connections=200
      -c
      work_mem=16MB
    State:          Running
      Started:      Mon, 27 Apr 2026 04:16:58 +0200
    Ready:          True
    Restart Count:  0
    Limits:
      cpu:     1500m
      memory:  1536Mi
    Requests:
      cpu:      100m
      memory:   256Mi
    Liveness:   exec [pg_isready -U postgres] delay=30s timeout=1s period=10s #success=1 #failure=3
    Readiness:  exec [pg_isready -U postgres] delay=5s timeout=1s period=5s #success=1 #failure=3
    Environment:
      POSTGRES_DB:        postgres
      POSTGRES_USER:      postgres
      POSTGRES_PASSWORD:  <set to the key 'postgres-superuser-password' in secret 'hermod-secrets'>  Optional: false
    Mounts:
      /docker-entrypoint-initdb.d from init (rw)
      /var/lib/postgresql/data from data (rw)
      /var/run/secrets/kubernetes.io/serviceaccount from kube-api-access-79j56 (ro)
Conditions:
  Type                        Status
  PodReadyToStartContainers   True 
  Initialized                 True 
  Ready                       True 
  ContainersReady             True 
  PodScheduled                True 
Volumes:
  data:
    Type:       PersistentVolumeClaim (a reference to a PersistentVolumeClaim in the same namespace)
    ClaimName:  data-postgres-0
    ReadOnly:   false
  init:
    Type:      ConfigMap (a volume populated by a ConfigMap)
    Name:      postgres-init
    Optional:  false
  kube-api-access-79j56:
    Type:                    Projected (a volume that contains injected data from multiple sources)
    TokenExpirationSeconds:  3607
    ConfigMapName:           kube-root-ca.crt
    Optional:                false
    DownwardAPI:             true
QoS Class:                   Burstable
Node-Selectors:              <none>
Tolerations:                 node.kubernetes.io/not-ready:NoExecute op=Exists for 300s
                             node.kubernetes.io/unreachable:NoExecute op=Exists for 300s
Events:                      <none>

=== ts=1777258923 ===
Name:             hermod-coordinator-68dcbd4d99-5mq54
Namespace:        coord-only
Priority:         0
Service Account:  default
Node:             <pi-host>/<pi-ip>
Start Time:       Mon, 27 Apr 2026 04:57:32 +0200
Labels:           app=hermod-coordinator
                  pod-template-hash=68dcbd4d99
Annotations:      cni.projectcalico.org/containerID: 3567cd82d2046c72b925afafacfb0b9b6651a968d3713bd56af74792118de4e3
                  cni.projectcalico.org/podIP: <pod-ip>/32
                  cni.projectcalico.org/podIPs: <pod-ip>/32
                  kubectl.kubernetes.io/restartedAt: 2026-04-27T04:57:12+02:00
Status:           Running
IP:               <pod-ip>
IPs:
  IP:           <pod-ip>
Controlled By:  ReplicaSet/hermod-coordinator-68dcbd4d99
Init Containers:
  wait-for-postgres:
    Container ID:  containerd://64f281b4505891d321da623d3768b12dad138c3404410dffa872e7800b64317a
    Image:         busybox:1.36
    Image ID:      docker.io/library/busybox@sha256:73aaf090f3d85aa34ee199857f03fa3a95c8ede2ffd4cc2cdb5b94e566b11662
    Port:          <none>
    Host Port:     <none>
    Command:
      sh
      -c
      until nc -z postgres 5432; do sleep 2; done
    State:          Terminated
      Reason:       Completed
      Exit Code:    0
      Started:      Mon, 27 Apr 2026 04:57:33 +0200
      Finished:     Mon, 27 Apr 2026 04:57:33 +0200
    Ready:          True
    Restart Count:  0
    Environment:
      Hermod__Features__DeviceStateTracking:    true
      Hermod__Engine__LogBatchSize:             100
      Hermod__Engine__LogBatching:              true
      Hermod__Engine__Parallelism:              0
      Hermod__Features__MessagePersistence:     true
      Hermod__Features__RuleAuditLog:           true
      Hermod__Features__RuleCache:              true
      Hermod__Features__StatsRollup:            false
      Hermod__Storage__Mode:                    Postgres
      Logging__LogLevel__Hermod:                Information
      Logging__LogLevel__Microsoft.AspNetCore:  Warning
    Mounts:
      /var/run/secrets/kubernetes.io/serviceaccount from kube-api-access-cnhg8 (ro)
  wait-for-nanomq:
    Container ID:  containerd://e07cb7b99a7bb0e5ba5ebe46cdfcbc3c25e1da3e531f9824f86043f367af4d49
    Image:         busybox:1.36
    Image ID:      docker.io/library/busybox@sha256:73aaf090f3d85aa34ee199857f03fa3a95c8ede2ffd4cc2cdb5b94e566b11662
    Port:          <none>
    Host Port:     <none>
    Command:
      sh
      -c
      until nc -z nanomq 1883; do sleep 2; done
    State:          Terminated
      Reason:       Completed
      Exit Code:    0
      Started:      Mon, 27 Apr 2026 04:57:34 +0200
      Finished:     Mon, 27 Apr 2026 04:57:34 +0200
    Ready:          True
    Restart Count:  0
    Environment:
      Hermod__Features__DeviceStateTracking:    true
      Hermod__Engine__LogBatchSize:             100
      Hermod__Engine__LogBatching:              true
      Hermod__Engine__Parallelism:              0
      Hermod__Features__MessagePersistence:     true
      Hermod__Features__RuleAuditLog:           true
      Hermod__Features__RuleCache:              true
      Hermod__Features__StatsRollup:            false
      Hermod__Storage__Mode:                    Postgres
      Logging__LogLevel__Hermod:                Information
      Logging__LogLevel__Microsoft.AspNetCore:  Warning
    Mounts:
      /var/run/secrets/kubernetes.io/serviceaccount from kube-api-access-cnhg8 (ro)
Containers:
  hermod-coordinator:
    Container ID:   containerd://866f4f97fc6bcd12a6e08f23be25f9a7bf8812fef35dd529b3313251b92ee91d
    Image:          hermod-coordinator:latest
    Image ID:       sha256:ca91ccdfcd269dd5e4e25d5ffe8d863ca5db57e5c4f62f08c8adf90d23c15eaf
    Port:           42069/TCP (http)
    Host Port:      0/TCP (http)
    State:          Running
      Started:      Mon, 27 Apr 2026 04:57:35 +0200
    Ready:          True
    Restart Count:  0
    Limits:
      cpu:     1500m
      memory:  1536Mi
    Requests:
      cpu:      200m
      memory:   256Mi
    Liveness:   http-get http://:42069/healthz delay=60s timeout=1s period=30s #success=1 #failure=3
    Readiness:  http-get http://:42069/healthz/ready delay=5s timeout=1s period=10s #success=1 #failure=3
    Startup:    http-get http://:42069/healthz delay=0s timeout=1s period=5s #success=1 #failure=30
    Environment:
      ASPNETCORE_ENVIRONMENT:                   Production
      ASPNETCORE_URLS:                          http://+:42069
      DOTNET_USE_POLLING_FILE_WATCHER:          true
      Hermod__Security__AuthBypass:             true
      Hermod__Security__VaultRequireHttps:      false
      Hermod__Features__MetricsEndpoint:        true
      Hermod__Dev__Endpoints:                   true
      Hermod__Mqtt__Host:                       nanomq
      Hermod__Mqtt__Port:                       1883
      Hermod__Mqtt__UseTls:                     false
      Hermod__Mqtt__Tls__UseTls:                false
      Hermod__Mqtt__Username:                   <set to the key 'mqtt-username' in secret 'hermod-secrets'>  Optional: false
      Hermod__Mqtt__Password:                   <set to the key 'mqtt-password' in secret 'hermod-secrets'>  Optional: false
      Hermod__Database__ConnectionString:       Host=postgres;Port=5432;Database=hermod;Username=hermod_app
      Hermod__Database__Password:               <set to the key 'hermod-db-password' in secret 'hermod-db-credentials'>  Optional: false
      Hermod__Features__DeviceStateTracking:    true
      Hermod__Engine__LogBatchSize:             100
      Hermod__Engine__LogBatching:              true
      Hermod__Engine__Parallelism:              0
      Hermod__Features__MessagePersistence:     true
      Hermod__Features__RuleAuditLog:           true
      Hermod__Features__RuleCache:              true
      Hermod__Features__StatsRollup:            false
      Hermod__Storage__Mode:                    Postgres
      Logging__LogLevel__Hermod:                Information
      Logging__LogLevel__Microsoft.AspNetCore:  Warning
    Mounts:
      /var/run/secrets/kubernetes.io/serviceaccount from kube-api-access-cnhg8 (ro)
Conditions:
  Type                        Status
  PodReadyToStartContainers   True 
  Initialized                 True 
  Ready                       True 
  ContainersReady             True 
  PodScheduled                True 
Volumes:
  kube-api-access-cnhg8:
    Type:                    Projected (a volume that contains injected data from multiple sources)
    TokenExpirationSeconds:  3607
    ConfigMapName:           kube-root-ca.crt
    Optional:                false
    DownwardAPI:             true
QoS Class:                   Burstable
Node-Selectors:              <none>
Tolerations:                 node.kubernetes.io/not-ready:NoExecute op=Exists for 300s
                             node.kubernetes.io/unreachable:NoExecute op=Exists for 300s
Events:
  Type    Reason     Age    From               Message
  ----    ------     ----   ----               -------
  Normal  Scheduled  4m31s  default-scheduler  Successfully assigned coord-only/hermod-coordinator-68dcbd4d99-5mq54 to <pi-host>
  Normal  Pulled     4m30s  kubelet            spec.initContainers{wait-for-postgres}: Container image "busybox:1.36" already present on machine
  Normal  Created    4m30s  kubelet            spec.initContainers{wait-for-postgres}: Created container: wait-for-postgres
  Normal  Started    4m30s  kubelet            spec.initContainers{wait-for-postgres}: Started container wait-for-postgres
  Normal  Pulled     4m29s  kubelet            spec.initContainers{wait-for-nanomq}: Container image "busybox:1.36" already present on machine
  Normal  Created    4m29s  kubelet            spec.initContainers{wait-for-nanomq}: Created container: wait-for-nanomq
  Normal  Started    4m29s  kubelet            spec.initContainers{wait-for-nanomq}: Started container wait-for-nanomq
  Normal  Pulled     4m28s  kubelet            spec.containers{hermod-coordinator}: Container image "hermod-coordinator:latest" already present on machine
  Normal  Created    4m28s  kubelet            spec.containers{hermod-coordinator}: Created container: hermod-coordinator
  Normal  Started    4m28s  kubelet            spec.containers{hermod-coordinator}: Started container hermod-coordinator


Name:             nanomq-76bd7959b5-nxj6x
Namespace:        coord-only
Priority:         0
Service Account:  default
Node:             <pi-host>/<pi-ip>
Start Time:       Mon, 27 Apr 2026 04:57:14 +0200
Labels:           app=nanomq
                  pod-template-hash=76bd7959b5
Annotations:      cni.projectcalico.org/containerID: 6f547526445c6a40249c75b30db24fca701752ad0b2c0b13662f5dbcb0a46a7d
                  cni.projectcalico.org/podIP: <pod-ip>/32
                  cni.projectcalico.org/podIPs: <pod-ip>/32
                  kubectl.kubernetes.io/restartedAt: 2026-04-27T04:57:12+02:00
Status:           Running
IP:               <pod-ip>
IPs:
  IP:           <pod-ip>
Controlled By:  ReplicaSet/nanomq-76bd7959b5
Containers:
  nanomq:
    Container ID:   containerd://446cacad26cd1a6322ae945d76d022f0da7d8a27adf1a85a6edbedb27b204e7b
    Image:          emqx/nanomq:0.21-slim
    Image ID:       docker.io/emqx/nanomq@sha256:53bea7acb547aced1cc45e08c514628f1e41c4da9ad544fd8c5fa96d3e9eb41b
    Ports:          1883/TCP (mqtt), 8081/TCP (http)
    Host Ports:     0/TCP (mqtt), 0/TCP (http)
    State:          Running
      Started:      Mon, 27 Apr 2026 04:57:15 +0200
    Ready:          True
    Restart Count:  0
    Limits:
      cpu:     1
      memory:  512Mi
    Requests:
      cpu:        50m
      memory:     64Mi
    Liveness:     tcp-socket :1883 delay=10s timeout=1s period=10s #success=1 #failure=3
    Readiness:    tcp-socket :1883 delay=3s timeout=1s period=5s #success=1 #failure=3
    Environment:  <none>
    Mounts:
      /etc/nanomq.conf from config (rw,path="nanomq.conf")
      /var/run/secrets/kubernetes.io/serviceaccount from kube-api-access-5nwtw (ro)
Conditions:
  Type                        Status
  PodReadyToStartContainers   True 
  Initialized                 True 
  Ready                       True 
  ContainersReady             True 
  PodScheduled                True 
Volumes:
  config:
    Type:      ConfigMap (a volume populated by a ConfigMap)
    Name:      nanomq-config
    Optional:  false
  kube-api-access-5nwtw:
    Type:                    Projected (a volume that contains injected data from multiple sources)
    TokenExpirationSeconds:  3607
    ConfigMapName:           kube-root-ca.crt
    Optional:                false
    DownwardAPI:             true
QoS Class:                   Burstable
Node-Selectors:              <none>
Tolerations:                 node.kubernetes.io/not-ready:NoExecute op=Exists for 300s
                             node.kubernetes.io/unreachable:NoExecute op=Exists for 300s
Events:
  Type    Reason     Age    From               Message
  ----    ------     ----   ----               -------
  Normal  Scheduled  4m49s  default-scheduler  Successfully assigned coord-only/nanomq-76bd7959b5-nxj6x to <pi-host>
  Normal  Pulled     4m48s  kubelet            spec.containers{nanomq}: Container image "emqx/nanomq:0.21-slim" already present on machine
  Normal  Created    4m48s  kubelet            spec.containers{nanomq}: Created container: nanomq
  Normal  Started    4m48s  kubelet            spec.containers{nanomq}: Started container nanomq


Name:             postgres-0
Namespace:        coord-only
Priority:         0
Service Account:  default
Node:             <pi-host>/<pi-ip>
Start Time:       Mon, 27 Apr 2026 04:16:57 +0200
Labels:           app=postgres
                  apps.kubernetes.io/pod-index=0
                  controller-revision-hash=postgres-6497897965
                  statefulset.kubernetes.io/pod-name=postgres-0
Annotations:      cni.projectcalico.org/containerID: 69fb4823b666d3d2a1395c00ab9b26a33337431372918fb41d9f85f42d91a056
                  cni.projectcalico.org/podIP: <pod-ip>/32
                  cni.projectcalico.org/podIPs: <pod-ip>/32
Status:           Running
IP:               <pod-ip>
IPs:
  IP:           <pod-ip>
Controlled By:  StatefulSet/postgres
Containers:
  postgres:
    Container ID:  containerd://adf8585ccc9b705cf0261f22f8e1c254a24670c72b998bb7a052f31e3a5ae5be
    Image:         postgres:17-alpine
    Image ID:      docker.io/library/postgres@sha256:778d0b486d6daa02b77434d0358ec57a1b21fd8b6d22ac2eef56a33e816928f6
    Port:          5432/TCP
    Host Port:     0/TCP
    Args:
      -c
      shared_buffers=256MB
      -c
      max_connections=200
      -c
      work_mem=16MB
    State:          Running
      Started:      Mon, 27 Apr 2026 04:16:58 +0200
    Ready:          True
    Restart Count:  0
    Limits:
      cpu:     1500m
      memory:  1536Mi
    Requests:
      cpu:      100m
      memory:   256Mi
    Liveness:   exec [pg_isready -U postgres] delay=30s timeout=1s period=10s #success=1 #failure=3
    Readiness:  exec [pg_isready -U postgres] delay=5s timeout=1s period=5s #success=1 #failure=3
    Environment:
      POSTGRES_DB:        postgres
      POSTGRES_USER:      postgres
      POSTGRES_PASSWORD:  <set to the key 'postgres-superuser-password' in secret 'hermod-secrets'>  Optional: false
    Mounts:
      /docker-entrypoint-initdb.d from init (rw)
      /var/lib/postgresql/data from data (rw)
      /var/run/secrets/kubernetes.io/serviceaccount from kube-api-access-79j56 (ro)
Conditions:
  Type                        Status
  PodReadyToStartContainers   True 
  Initialized                 True 
  Ready                       True 
  ContainersReady             True 
  PodScheduled                True 
Volumes:
  data:
    Type:       PersistentVolumeClaim (a reference to a PersistentVolumeClaim in the same namespace)
    ClaimName:  data-postgres-0
    ReadOnly:   false
  init:
    Type:      ConfigMap (a volume populated by a ConfigMap)
    Name:      postgres-init
    Optional:  false
  kube-api-access-79j56:
    Type:                    Projected (a volume that contains injected data from multiple sources)
    TokenExpirationSeconds:  3607
    ConfigMapName:           kube-root-ca.crt
    Optional:                false
    DownwardAPI:             true
QoS Class:                   Burstable
Node-Selectors:              <none>
Tolerations:                 node.kubernetes.io/not-ready:NoExecute op=Exists for 300s
                             node.kubernetes.io/unreachable:NoExecute op=Exists for 300s
Events:                      <none>

=== ts=1777258937 ===
Name:             hermod-coordinator-68dcbd4d99-5mq54
Namespace:        coord-only
Priority:         0
Service Account:  default
Node:             <pi-host>/<pi-ip>
Start Time:       Mon, 27 Apr 2026 04:57:32 +0200
Labels:           app=hermod-coordinator
                  pod-template-hash=68dcbd4d99
Annotations:      cni.projectcalico.org/containerID: 3567cd82d2046c72b925afafacfb0b9b6651a968d3713bd56af74792118de4e3
                  cni.projectcalico.org/podIP: <pod-ip>/32
                  cni.projectcalico.org/podIPs: <pod-ip>/32
                  kubectl.kubernetes.io/restartedAt: 2026-04-27T04:57:12+02:00
Status:           Running
IP:               <pod-ip>
IPs:
  IP:           <pod-ip>
Controlled By:  ReplicaSet/hermod-coordinator-68dcbd4d99
Init Containers:
  wait-for-postgres:
    Container ID:  containerd://64f281b4505891d321da623d3768b12dad138c3404410dffa872e7800b64317a
    Image:         busybox:1.36
    Image ID:      docker.io/library/busybox@sha256:73aaf090f3d85aa34ee199857f03fa3a95c8ede2ffd4cc2cdb5b94e566b11662
    Port:          <none>
    Host Port:     <none>
    Command:
      sh
      -c
      until nc -z postgres 5432; do sleep 2; done
    State:          Terminated
      Reason:       Completed
      Exit Code:    0
      Started:      Mon, 27 Apr 2026 04:57:33 +0200
      Finished:     Mon, 27 Apr 2026 04:57:33 +0200
    Ready:          True
    Restart Count:  0
    Environment:
      Hermod__Features__DeviceStateTracking:    true
      Hermod__Engine__LogBatchSize:             100
      Hermod__Engine__LogBatching:              true
      Hermod__Engine__Parallelism:              0
      Hermod__Features__MessagePersistence:     true
      Hermod__Features__RuleAuditLog:           true
      Hermod__Features__RuleCache:              true
      Hermod__Features__StatsRollup:            false
      Hermod__Storage__Mode:                    Postgres
      Logging__LogLevel__Hermod:                Information
      Logging__LogLevel__Microsoft.AspNetCore:  Warning
    Mounts:
      /var/run/secrets/kubernetes.io/serviceaccount from kube-api-access-cnhg8 (ro)
  wait-for-nanomq:
    Container ID:  containerd://e07cb7b99a7bb0e5ba5ebe46cdfcbc3c25e1da3e531f9824f86043f367af4d49
    Image:         busybox:1.36
    Image ID:      docker.io/library/busybox@sha256:73aaf090f3d85aa34ee199857f03fa3a95c8ede2ffd4cc2cdb5b94e566b11662
    Port:          <none>
    Host Port:     <none>
    Command:
      sh
      -c
      until nc -z nanomq 1883; do sleep 2; done
    State:          Terminated
      Reason:       Completed
      Exit Code:    0
      Started:      Mon, 27 Apr 2026 04:57:34 +0200
      Finished:     Mon, 27 Apr 2026 04:57:34 +0200
    Ready:          True
    Restart Count:  0
    Environment:
      Hermod__Features__DeviceStateTracking:    true
      Hermod__Engine__LogBatchSize:             100
      Hermod__Engine__LogBatching:              true
      Hermod__Engine__Parallelism:              0
      Hermod__Features__MessagePersistence:     true
      Hermod__Features__RuleAuditLog:           true
      Hermod__Features__RuleCache:              true
      Hermod__Features__StatsRollup:            false
      Hermod__Storage__Mode:                    Postgres
      Logging__LogLevel__Hermod:                Information
      Logging__LogLevel__Microsoft.AspNetCore:  Warning
    Mounts:
      /var/run/secrets/kubernetes.io/serviceaccount from kube-api-access-cnhg8 (ro)
Containers:
  hermod-coordinator:
    Container ID:   containerd://866f4f97fc6bcd12a6e08f23be25f9a7bf8812fef35dd529b3313251b92ee91d
    Image:          hermod-coordinator:latest
    Image ID:       sha256:ca91ccdfcd269dd5e4e25d5ffe8d863ca5db57e5c4f62f08c8adf90d23c15eaf
    Port:           42069/TCP (http)
    Host Port:      0/TCP (http)
    State:          Running
      Started:      Mon, 27 Apr 2026 04:57:35 +0200
    Ready:          True
    Restart Count:  0
    Limits:
      cpu:     1500m
      memory:  1536Mi
    Requests:
      cpu:      200m
      memory:   256Mi
    Liveness:   http-get http://:42069/healthz delay=60s timeout=1s period=30s #success=1 #failure=3
    Readiness:  http-get http://:42069/healthz/ready delay=5s timeout=1s period=10s #success=1 #failure=3
    Startup:    http-get http://:42069/healthz delay=0s timeout=1s period=5s #success=1 #failure=30
    Environment:
      ASPNETCORE_ENVIRONMENT:                   Production
      ASPNETCORE_URLS:                          http://+:42069
      DOTNET_USE_POLLING_FILE_WATCHER:          true
      Hermod__Security__AuthBypass:             true
      Hermod__Security__VaultRequireHttps:      false
      Hermod__Features__MetricsEndpoint:        true
      Hermod__Dev__Endpoints:                   true
      Hermod__Mqtt__Host:                       nanomq
      Hermod__Mqtt__Port:                       1883
      Hermod__Mqtt__UseTls:                     false
      Hermod__Mqtt__Tls__UseTls:                false
      Hermod__Mqtt__Username:                   <set to the key 'mqtt-username' in secret 'hermod-secrets'>  Optional: false
      Hermod__Mqtt__Password:                   <set to the key 'mqtt-password' in secret 'hermod-secrets'>  Optional: false
      Hermod__Database__ConnectionString:       Host=postgres;Port=5432;Database=hermod;Username=hermod_app
      Hermod__Database__Password:               <set to the key 'hermod-db-password' in secret 'hermod-db-credentials'>  Optional: false
      Hermod__Features__DeviceStateTracking:    true
      Hermod__Engine__LogBatchSize:             100
      Hermod__Engine__LogBatching:              true
      Hermod__Engine__Parallelism:              0
      Hermod__Features__MessagePersistence:     true
      Hermod__Features__RuleAuditLog:           true
      Hermod__Features__RuleCache:              true
      Hermod__Features__StatsRollup:            false
      Hermod__Storage__Mode:                    Postgres
      Logging__LogLevel__Hermod:                Information
      Logging__LogLevel__Microsoft.AspNetCore:  Warning
    Mounts:
      /var/run/secrets/kubernetes.io/serviceaccount from kube-api-access-cnhg8 (ro)
Conditions:
  Type                        Status
  PodReadyToStartContainers   True 
  Initialized                 True 
  Ready                       True 
  ContainersReady             True 
  PodScheduled                True 
Volumes:
  kube-api-access-cnhg8:
    Type:                    Projected (a volume that contains injected data from multiple sources)
    TokenExpirationSeconds:  3607
    ConfigMapName:           kube-root-ca.crt
    Optional:                false
    DownwardAPI:             true
QoS Class:                   Burstable
Node-Selectors:              <none>
Tolerations:                 node.kubernetes.io/not-ready:NoExecute op=Exists for 300s
                             node.kubernetes.io/unreachable:NoExecute op=Exists for 300s
Events:
  Type    Reason     Age    From               Message
  ----    ------     ----   ----               -------
  Normal  Scheduled  4m44s  default-scheduler  Successfully assigned coord-only/hermod-coordinator-68dcbd4d99-5mq54 to <pi-host>
  Normal  Pulled     4m44s  kubelet            spec.initContainers{wait-for-postgres}: Container image "busybox:1.36" already present on machine
  Normal  Created    4m44s  kubelet            spec.initContainers{wait-for-postgres}: Created container: wait-for-postgres
  Normal  Started    4m44s  kubelet            spec.initContainers{wait-for-postgres}: Started container wait-for-postgres
  Normal  Pulled     4m43s  kubelet            spec.initContainers{wait-for-nanomq}: Container image "busybox:1.36" already present on machine
  Normal  Created    4m43s  kubelet            spec.initContainers{wait-for-nanomq}: Created container: wait-for-nanomq
  Normal  Started    4m43s  kubelet            spec.initContainers{wait-for-nanomq}: Started container wait-for-nanomq
  Normal  Pulled     4m42s  kubelet            spec.containers{hermod-coordinator}: Container image "hermod-coordinator:latest" already present on machine
  Normal  Created    4m42s  kubelet            spec.containers{hermod-coordinator}: Created container: hermod-coordinator
  Normal  Started    4m42s  kubelet            spec.containers{hermod-coordinator}: Started container hermod-coordinator


Name:             nanomq-76bd7959b5-nxj6x
Namespace:        coord-only
Priority:         0
Service Account:  default
Node:             <pi-host>/<pi-ip>
Start Time:       Mon, 27 Apr 2026 04:57:14 +0200
Labels:           app=nanomq
                  pod-template-hash=76bd7959b5
Annotations:      cni.projectcalico.org/containerID: 6f547526445c6a40249c75b30db24fca701752ad0b2c0b13662f5dbcb0a46a7d
                  cni.projectcalico.org/podIP: <pod-ip>/32
                  cni.projectcalico.org/podIPs: <pod-ip>/32
                  kubectl.kubernetes.io/restartedAt: 2026-04-27T04:57:12+02:00
Status:           Running
IP:               <pod-ip>
IPs:
  IP:           <pod-ip>
Controlled By:  ReplicaSet/nanomq-76bd7959b5
Containers:
  nanomq:
    Container ID:   containerd://446cacad26cd1a6322ae945d76d022f0da7d8a27adf1a85a6edbedb27b204e7b
    Image:          emqx/nanomq:0.21-slim
    Image ID:       docker.io/emqx/nanomq@sha256:53bea7acb547aced1cc45e08c514628f1e41c4da9ad544fd8c5fa96d3e9eb41b
    Ports:          1883/TCP (mqtt), 8081/TCP (http)
    Host Ports:     0/TCP (mqtt), 0/TCP (http)
    State:          Running
      Started:      Mon, 27 Apr 2026 04:57:15 +0200
    Ready:          True
    Restart Count:  0
    Limits:
      cpu:     1
      memory:  512Mi
    Requests:
      cpu:        50m
      memory:     64Mi
    Liveness:     tcp-socket :1883 delay=10s timeout=1s period=10s #success=1 #failure=3
    Readiness:    tcp-socket :1883 delay=3s timeout=1s period=5s #success=1 #failure=3
    Environment:  <none>
    Mounts:
      /etc/nanomq.conf from config (rw,path="nanomq.conf")
      /var/run/secrets/kubernetes.io/serviceaccount from kube-api-access-5nwtw (ro)
Conditions:
  Type                        Status
  PodReadyToStartContainers   True 
  Initialized                 True 
  Ready                       True 
  ContainersReady             True 
  PodScheduled                True 
Volumes:
  config:
    Type:      ConfigMap (a volume populated by a ConfigMap)
    Name:      nanomq-config
    Optional:  false
  kube-api-access-5nwtw:
    Type:                    Projected (a volume that contains injected data from multiple sources)
    TokenExpirationSeconds:  3607
    ConfigMapName:           kube-root-ca.crt
    Optional:                false
    DownwardAPI:             true
QoS Class:                   Burstable
Node-Selectors:              <none>
Tolerations:                 node.kubernetes.io/not-ready:NoExecute op=Exists for 300s
                             node.kubernetes.io/unreachable:NoExecute op=Exists for 300s
Events:
  Type    Reason     Age   From               Message
  ----    ------     ----  ----               -------
  Normal  Scheduled  5m2s  default-scheduler  Successfully assigned coord-only/nanomq-76bd7959b5-nxj6x to <pi-host>
  Normal  Pulled     5m2s  kubelet            spec.containers{nanomq}: Container image "emqx/nanomq:0.21-slim" already present on machine
  Normal  Created    5m2s  kubelet            spec.containers{nanomq}: Created container: nanomq
  Normal  Started    5m2s  kubelet            spec.containers{nanomq}: Started container nanomq


Name:             postgres-0
Namespace:        coord-only
Priority:         0
Service Account:  default
Node:             <pi-host>/<pi-ip>
Start Time:       Mon, 27 Apr 2026 04:16:57 +0200
Labels:           app=postgres
                  apps.kubernetes.io/pod-index=0
                  controller-revision-hash=postgres-6497897965
                  statefulset.kubernetes.io/pod-name=postgres-0
Annotations:      cni.projectcalico.org/containerID: 69fb4823b666d3d2a1395c00ab9b26a33337431372918fb41d9f85f42d91a056
                  cni.projectcalico.org/podIP: <pod-ip>/32
                  cni.projectcalico.org/podIPs: <pod-ip>/32
Status:           Running
IP:               <pod-ip>
IPs:
  IP:           <pod-ip>
Controlled By:  StatefulSet/postgres
Containers:
  postgres:
    Container ID:  containerd://adf8585ccc9b705cf0261f22f8e1c254a24670c72b998bb7a052f31e3a5ae5be
    Image:         postgres:17-alpine
    Image ID:      docker.io/library/postgres@sha256:778d0b486d6daa02b77434d0358ec57a1b21fd8b6d22ac2eef56a33e816928f6
    Port:          5432/TCP
    Host Port:     0/TCP
    Args:
      -c
      shared_buffers=256MB
      -c
      max_connections=200
      -c
      work_mem=16MB
    State:          Running
      Started:      Mon, 27 Apr 2026 04:16:58 +0200
    Ready:          True
    Restart Count:  0
    Limits:
      cpu:     1500m
      memory:  1536Mi
    Requests:
      cpu:      100m
      memory:   256Mi
    Liveness:   exec [pg_isready -U postgres] delay=30s timeout=1s period=10s #success=1 #failure=3
    Readiness:  exec [pg_isready -U postgres] delay=5s timeout=1s period=5s #success=1 #failure=3
    Environment:
      POSTGRES_DB:        postgres
      POSTGRES_USER:      postgres
      POSTGRES_PASSWORD:  <set to the key 'postgres-superuser-password' in secret 'hermod-secrets'>  Optional: false
    Mounts:
      /docker-entrypoint-initdb.d from init (rw)
      /var/lib/postgresql/data from data (rw)
      /var/run/secrets/kubernetes.io/serviceaccount from kube-api-access-79j56 (ro)
Conditions:
  Type                        Status
  PodReadyToStartContainers   True 
  Initialized                 True 
  Ready                       True 
  ContainersReady             True 
  PodScheduled                True 
Volumes:
  data:
    Type:       PersistentVolumeClaim (a reference to a PersistentVolumeClaim in the same namespace)
    ClaimName:  data-postgres-0
    ReadOnly:   false
  init:
    Type:      ConfigMap (a volume populated by a ConfigMap)
    Name:      postgres-init
    Optional:  false
  kube-api-access-79j56:
    Type:                    Projected (a volume that contains injected data from multiple sources)
    TokenExpirationSeconds:  3607
    ConfigMapName:           kube-root-ca.crt
    Optional:                false
    DownwardAPI:             true
QoS Class:                   Burstable
Node-Selectors:              <none>
Tolerations:                 node.kubernetes.io/not-ready:NoExecute op=Exists for 300s
                             node.kubernetes.io/unreachable:NoExecute op=Exists for 300s
Events:                      <none>

