=== ts=1777276208 ===
Name:             hermod-coordinator-6b6ff849ff-plftp
Namespace:        translator-zigbee
Priority:         0
Service Account:  default
Node:             <pi-host>/<pi-ip>
Start Time:       Mon, 27 Apr 2026 09:49:20 +0200
Labels:           app=hermod-coordinator
                  pod-template-hash=6b6ff849ff
Annotations:      cni.projectcalico.org/containerID: 6d6c2be3c89e2c79f60efa97f8f9a99fea7ddf86d5322d66c89b5b619eb38980
                  cni.projectcalico.org/podIP: 
                  cni.projectcalico.org/podIPs: 
Status:           Succeeded
IP:               <pod-ip>
IPs:
  IP:           <pod-ip>
Controlled By:  ReplicaSet/hermod-coordinator-6b6ff849ff
Init Containers:
  wait-for-postgres:
    Container ID:  containerd://2238aa57c75e7a037c46f31dd4608c87d6d018bee0668ade1aee42fa98c1e9d9
    Image:         busybox:1.36
    Image ID:      docker.io/library/busybox@sha256:73aaf090f3d85aa34ee199857f03fa3a95c8ede2ffd4cc2cdb5b94e566b11662
    Port:          <none>
    Host Port:     <none>
    Command:
      sh
      -c
      until nc -z postgres 5432; do sleep 2; done
    State:          Terminated
      Reason:       Completed
      Exit Code:    0
      Started:      Mon, 27 Apr 2026 09:49:21 +0200
      Finished:     Mon, 27 Apr 2026 09:49:37 +0200
    Ready:          True
    Restart Count:  0
    Environment:    <none>
    Mounts:
      /var/run/secrets/kubernetes.io/serviceaccount from kube-api-access-jvf8t (ro)
  wait-for-nanomq:
    Container ID:  containerd://1a19617a82021f80e52ddb7898989e68ce10d4e61431aae84a1a61ba81d3843a
    Image:         busybox:1.36
    Image ID:      docker.io/library/busybox@sha256:73aaf090f3d85aa34ee199857f03fa3a95c8ede2ffd4cc2cdb5b94e566b11662
    Port:          <none>
    Host Port:     <none>
    Command:
      sh
      -c
      until nc -z nanomq 1883; do sleep 2; done
    State:          Terminated
      Reason:       Completed
      Exit Code:    0
      Started:      Mon, 27 Apr 2026 09:49:38 +0200
      Finished:     Mon, 27 Apr 2026 09:49:38 +0200
    Ready:          True
    Restart Count:  0
    Environment:    <none>
    Mounts:
      /var/run/secrets/kubernetes.io/serviceaccount from kube-api-access-jvf8t (ro)
Containers:
  hermod-coordinator:
    Container ID:   containerd://b0eaf745f284548ab572b968b4c8a37173745bb8b691aebbda60bf882dc8981b
    Image:          hermod-coordinator:latest
    Image ID:       sha256:ca91ccdfcd269dd5e4e25d5ffe8d863ca5db57e5c4f62f08c8adf90d23c15eaf
    Port:           42069/TCP (http)
    Host Port:      0/TCP (http)
    State:          Terminated
      Reason:       Completed
      Exit Code:    0
      Started:      Mon, 27 Apr 2026 09:49:39 +0200
      Finished:     Mon, 27 Apr 2026 09:50:07 +0200
    Ready:          False
    Restart Count:  0
    Limits:
      cpu:     1500m
      memory:  1536Mi
    Requests:
      cpu:      200m
      memory:   256Mi
    Liveness:   http-get http://:42069/healthz delay=60s timeout=1s period=30s #success=1 #failure=3
    Readiness:  http-get http://:42069/healthz/ready delay=5s timeout=1s period=10s #success=1 #failure=3
    Startup:    http-get http://:42069/healthz delay=0s timeout=1s period=5s #success=1 #failure=30
    Environment:
      ASPNETCORE_ENVIRONMENT:               Production
      ASPNETCORE_URLS:                      http://+:42069
      DOTNET_USE_POLLING_FILE_WATCHER:      true
      Hermod__Security__AuthBypass:         true
      Hermod__Security__VaultRequireHttps:  false
      Hermod__Features__MetricsEndpoint:    true
      Hermod__Dev__Endpoints:               true
      Hermod__Mqtt__Host:                   nanomq
      Hermod__Mqtt__Port:                   1883
      Hermod__Mqtt__UseTls:                 false
      Hermod__Mqtt__Tls__UseTls:            false
      Hermod__Mqtt__Username:               <set to the key 'mqtt-username' in secret 'hermod-secrets'>  Optional: false
      Hermod__Mqtt__Password:               <set to the key 'mqtt-password' in secret 'hermod-secrets'>  Optional: false
      Hermod__Database__ConnectionString:   Host=postgres;Port=5432;Database=hermod;Username=hermod_app
      Hermod__Database__Password:           <set to the key 'hermod-db-password' in secret 'hermod-db-credentials'>  Optional: false
    Mounts:
      /var/run/secrets/kubernetes.io/serviceaccount from kube-api-access-jvf8t (ro)
Conditions:
  Type                        Status
  PodReadyToStartContainers   False 
  Initialized                 True 
  Ready                       False 
  ContainersReady             False 
  PodScheduled                True 
Volumes:
  kube-api-access-jvf8t:
    Type:                    Projected (a volume that contains injected data from multiple sources)
    TokenExpirationSeconds:  3607
    ConfigMapName:           kube-root-ca.crt
    Optional:                false
    DownwardAPI:             true
QoS Class:                   Burstable
Node-Selectors:              <none>
Tolerations:                 node.kubernetes.io/not-ready:NoExecute op=Exists for 300s
                             node.kubernetes.io/unreachable:NoExecute op=Exists for 300s
Events:
  Type    Reason     Age   From               Message
  ----    ------     ----  ----               -------
  Normal  Scheduled  47s   default-scheduler  Successfully assigned translator-zigbee/hermod-coordinator-6b6ff849ff-plftp to <pi-host>
  Normal  Pulled     47s   kubelet            spec.initContainers{wait-for-postgres}: Container image "busybox:1.36" already present on machine
  Normal  Created    47s   kubelet            spec.initContainers{wait-for-postgres}: Created container: wait-for-postgres
  Normal  Started    47s   kubelet            spec.initContainers{wait-for-postgres}: Started container wait-for-postgres
  Normal  Pulled     30s   kubelet            spec.initContainers{wait-for-nanomq}: Container image "busybox:1.36" already present on machine
  Normal  Created    30s   kubelet            spec.initContainers{wait-for-nanomq}: Created container: wait-for-nanomq
  Normal  Started    30s   kubelet            spec.initContainers{wait-for-nanomq}: Started container wait-for-nanomq
  Normal  Pulled     29s   kubelet            spec.containers{hermod-coordinator}: Container image "hermod-coordinator:latest" already present on machine
  Normal  Created    29s   kubelet            spec.containers{hermod-coordinator}: Created container: hermod-coordinator
  Normal  Started    29s   kubelet            spec.containers{hermod-coordinator}: Started container hermod-coordinator
  Normal  Killing    1s    kubelet            spec.containers{hermod-coordinator}: Stopping container hermod-coordinator


Name:             nanomq-756fd88db6-vhv5g
Namespace:        translator-zigbee
Priority:         0
Service Account:  default
Node:             <pi-host>/<pi-ip>
Start Time:       Mon, 27 Apr 2026 09:49:20 +0200
Labels:           app=nanomq
                  pod-template-hash=756fd88db6
Annotations:      cni.projectcalico.org/containerID: a3a4f02780450d074339dc07fdd6e0f8e761fe12187fa30153e912d7227d3b4c
                  cni.projectcalico.org/podIP: <pod-ip>/32
                  cni.projectcalico.org/podIPs: <pod-ip>/32
Status:           Running
IP:               <pod-ip>
IPs:
  IP:           <pod-ip>
Controlled By:  ReplicaSet/nanomq-756fd88db6
Containers:
  nanomq:
    Container ID:   containerd://16bc15beddea3bebae52dddabec0fa0daff7437988feac08c163839ad209ac7d
    Image:          emqx/nanomq:0.21-slim
    Image ID:       docker.io/emqx/nanomq@sha256:53bea7acb547aced1cc45e08c514628f1e41c4da9ad544fd8c5fa96d3e9eb41b
    Ports:          1883/TCP (mqtt), 8081/TCP (http)
    Host Ports:     0/TCP (mqtt), 0/TCP (http)
    State:          Running
      Started:      Mon, 27 Apr 2026 09:49:21 +0200
    Ready:          True
    Restart Count:  0
    Limits:
      cpu:     1
      memory:  512Mi
    Requests:
      cpu:        50m
      memory:     64Mi
    Readiness:    tcp-socket :1883 delay=3s timeout=1s period=5s #success=1 #failure=3
    Environment:  <none>
    Mounts:
      /etc/nanomq.conf from config (rw,path="nanomq.conf")
      /var/run/secrets/kubernetes.io/serviceaccount from kube-api-access-v8gft (ro)
Conditions:
  Type                        Status
  PodReadyToStartContainers   True 
  Initialized                 True 
  Ready                       True 
  ContainersReady             True 
  PodScheduled                True 
Volumes:
  config:
    Type:      ConfigMap (a volume populated by a ConfigMap)
    Name:      nanomq-config
    Optional:  false
  kube-api-access-v8gft:
    Type:                    Projected (a volume that contains injected data from multiple sources)
    TokenExpirationSeconds:  3607
    ConfigMapName:           kube-root-ca.crt
    Optional:                false
    DownwardAPI:             true
QoS Class:                   Burstable
Node-Selectors:              <none>
Tolerations:                 node.kubernetes.io/not-ready:NoExecute op=Exists for 300s
                             node.kubernetes.io/unreachable:NoExecute op=Exists for 300s
Events:
  Type    Reason     Age   From               Message
  ----    ------     ----  ----               -------
  Normal  Scheduled  47s   default-scheduler  Successfully assigned translator-zigbee/nanomq-756fd88db6-vhv5g to <pi-host>
  Normal  Pulled     47s   kubelet            spec.containers{nanomq}: Container image "emqx/nanomq:0.21-slim" already present on machine
  Normal  Created    47s   kubelet            spec.containers{nanomq}: Created container: nanomq
  Normal  Started    47s   kubelet            spec.containers{nanomq}: Started container nanomq


Name:             postgres-0
Namespace:        translator-zigbee
Priority:         0
Service Account:  default
Node:             <pi-host>/<pi-ip>
Start Time:       Mon, 27 Apr 2026 09:49:26 +0200
Labels:           app=postgres
                  apps.kubernetes.io/pod-index=0
                  controller-revision-hash=postgres-848ccb988d
                  statefulset.kubernetes.io/pod-name=postgres-0
Annotations:      cni.projectcalico.org/containerID: b990af0d9d729b83832263f843950a380aa339b9087841ab4fe4ca7575110bb9
                  cni.projectcalico.org/podIP: <pod-ip>/32
                  cni.projectcalico.org/podIPs: <pod-ip>/32
Status:           Running
IP:               <pod-ip>
IPs:
  IP:           <pod-ip>
Controlled By:  StatefulSet/postgres
Containers:
  postgres:
    Container ID:   containerd://f83e5a4387e0a14e8077305dbcdeba3cc7b9b1970751ae25482015d718169132
    Image:          postgres:17-alpine
    Image ID:       docker.io/library/postgres@sha256:778d0b486d6daa02b77434d0358ec57a1b21fd8b6d22ac2eef56a33e816928f6
    Port:           5432/TCP
    Host Port:      0/TCP
    State:          Running
      Started:      Mon, 27 Apr 2026 09:49:27 +0200
    Ready:          True
    Restart Count:  0
    Limits:
      cpu:     1500m
      memory:  1536Mi
    Requests:
      cpu:      100m
      memory:   256Mi
    Readiness:  exec [pg_isready -U postgres] delay=5s timeout=1s period=5s #success=1 #failure=3
    Environment:
      POSTGRES_DB:        postgres
      POSTGRES_USER:      postgres
      POSTGRES_PASSWORD:  <set to the key 'postgres-superuser-password' in secret 'hermod-secrets'>  Optional: false
    Mounts:
      /docker-entrypoint-initdb.d from init (rw)
      /var/lib/postgresql/data from data (rw)
      /var/run/secrets/kubernetes.io/serviceaccount from kube-api-access-vnw56 (ro)
Conditions:
  Type                        Status
  PodReadyToStartContainers   True 
  Initialized                 True 
  Ready                       True 
  ContainersReady             True 
  PodScheduled                True 
Volumes:
  data:
    Type:       PersistentVolumeClaim (a reference to a PersistentVolumeClaim in the same namespace)
    ClaimName:  data-postgres-0
    ReadOnly:   false
  init:
    Type:      ConfigMap (a volume populated by a ConfigMap)
    Name:      postgres-init
    Optional:  false
  kube-api-access-vnw56:
    Type:                    Projected (a volume that contains injected data from multiple sources)
    TokenExpirationSeconds:  3607
    ConfigMapName:           kube-root-ca.crt
    Optional:                false
    DownwardAPI:             true
QoS Class:                   Burstable
Node-Selectors:              <none>
Tolerations:                 node.kubernetes.io/not-ready:NoExecute op=Exists for 300s
                             node.kubernetes.io/unreachable:NoExecute op=Exists for 300s
Events:
  Type    Reason     Age   From               Message
  ----    ------     ----  ----               -------
  Normal  Scheduled  41s   default-scheduler  Successfully assigned translator-zigbee/postgres-0 to <pi-host>
  Normal  Pulled     41s   kubelet            spec.containers{postgres}: Container image "postgres:17-alpine" already present on machine
  Normal  Created    41s   kubelet            spec.containers{postgres}: Created container: postgres
  Normal  Started    41s   kubelet            spec.containers{postgres}: Started container postgres


Name:             zigbee2mqtt-6f749bd7b-hnqld
Namespace:        translator-zigbee
Priority:         0
Service Account:  default
Node:             <pi-host>/<pi-ip>
Start Time:       Mon, 27 Apr 2026 09:49:20 +0200
Labels:           app=zigbee2mqtt
                  pod-template-hash=6f749bd7b
Annotations:      cni.projectcalico.org/containerID: 40f3d4c372aacc8caf6d2d8c550e8e8785170a590e20fd2ce4403319ab2db42b
                  cni.projectcalico.org/podIP: <pod-ip>/32
                  cni.projectcalico.org/podIPs: <pod-ip>/32
Status:           Running
IP:               <pod-ip>
IPs:
  IP:           <pod-ip>
Controlled By:  ReplicaSet/zigbee2mqtt-6f749bd7b
Containers:
  zigbee2mqtt:
    Container ID:   containerd://97ec04b33b3f3e447939e81c506c6fd28e0a0e11bd381437a999377090686233
    Image:          koenkk/zigbee2mqtt:latest
    Image ID:       docker.io/koenkk/zigbee2mqtt@sha256:2a21bbf7a664a149024bbe1f776e3151f28ed9db15948270dcbffb89544a41f0
    Port:           8080/TCP (http)
    Host Port:      0/TCP (http)
    State:          Terminated
      Reason:       Error
      Exit Code:    1
      Started:      Mon, 27 Apr 2026 09:50:06 +0200
      Finished:     Mon, 27 Apr 2026 09:50:07 +0200
    Last State:     Terminated
      Reason:       Error
      Exit Code:    1
      Started:      Mon, 27 Apr 2026 09:49:38 +0200
      Finished:     Mon, 27 Apr 2026 09:49:39 +0200
    Ready:          False
    Restart Count:  3
    Limits:
      cpu:     1
      memory:  512Mi
    Requests:
      cpu:     100m
      memory:  128Mi
    Environment:
      TZ:                                Europe/Bratislava
      ZIGBEE2MQTT_CONFIG_MQTT_USER:      <set to the key 'mqtt-username' in secret 'hermod-secrets'>  Optional: false
      ZIGBEE2MQTT_CONFIG_MQTT_PASSWORD:  <set to the key 'mqtt-password' in secret 'hermod-secrets'>  Optional: false
    Mounts:
      /app/data from data (rw)
      /app/data/configuration.yaml from config (rw,path="configuration.yaml")
      /dev/ttyUSB0 from zigbee-device (rw)
      /var/run/secrets/kubernetes.io/serviceaccount from kube-api-access-69lx4 (ro)
Conditions:
  Type                        Status
  PodReadyToStartContainers   True 
  Initialized                 True 
  Ready                       False 
  ContainersReady             False 
  PodScheduled                True 
Volumes:
  data:
    Type:       EmptyDir (a temporary directory that shares a pod's lifetime)
    Medium:     
    SizeLimit:  <unset>
  config:
    Type:      ConfigMap (a volume populated by a ConfigMap)
    Name:      zigbee2mqtt-config
    Optional:  false
  zigbee-device:
    Type:          HostPath (bare host directory volume)
    Path:          /dev/ttyUSB0
    HostPathType:  CharDevice
  kube-api-access-69lx4:
    Type:                    Projected (a volume that contains injected data from multiple sources)
    TokenExpirationSeconds:  3607
    ConfigMapName:           kube-root-ca.crt
    Optional:                false
    DownwardAPI:             true
QoS Class:                   Burstable
Node-Selectors:              hermod.io/zigbee=true
Tolerations:                 node.kubernetes.io/not-ready:NoExecute op=Exists for 300s
                             node.kubernetes.io/unreachable:NoExecute op=Exists for 300s
Events:
  Type     Reason     Age               From               Message
  ----     ------     ----              ----               -------
  Normal   Scheduled  47s               default-scheduler  Successfully assigned translator-zigbee/zigbee2mqtt-6f749bd7b-hnqld to <pi-host>
  Normal   Pulled     2s (x4 over 47s)  kubelet            spec.containers{zigbee2mqtt}: Container image "koenkk/zigbee2mqtt:latest" already present on machine
  Normal   Created    2s (x4 over 47s)  kubelet            spec.containers{zigbee2mqtt}: Created container: zigbee2mqtt
  Normal   Started    2s (x4 over 46s)  kubelet            spec.containers{zigbee2mqtt}: Started container zigbee2mqtt
  Warning  BackOff    0s (x5 over 42s)  kubelet            spec.containers{zigbee2mqtt}: Back-off restarting failed container zigbee2mqtt in pod zigbee2mqtt-6f749bd7b-hnqld_translator-zigbee(31ae8769-a232-40fd-9113-f97332d450da)

=== ts=1777276219 ===
Name:             hermod-coordinator-7d7b88cc46-b7rxz
Namespace:        translator-zigbee
Priority:         0
Service Account:  default
Node:             <pi-host>/<pi-ip>
Start Time:       Mon, 27 Apr 2026 09:50:09 +0200
Labels:           app=hermod-coordinator
                  pod-template-hash=7d7b88cc46
Annotations:      cni.projectcalico.org/containerID: 6f9fd2870bf476961b9c56eec684c0d6ae119ff559d1859e052d05c4b5cd7f88
                  cni.projectcalico.org/podIP: <pod-ip>/32
                  cni.projectcalico.org/podIPs: <pod-ip>/32
Status:           Running
IP:               <pod-ip>
IPs:
  IP:           <pod-ip>
Controlled By:  ReplicaSet/hermod-coordinator-7d7b88cc46
Init Containers:
  wait-for-postgres:
    Container ID:  containerd://80a24eab50e521a263c498ff5efdfaa3405e5ad7454a00215882c416d3b4ca3b
    Image:         busybox:1.36
    Image ID:      docker.io/library/busybox@sha256:73aaf090f3d85aa34ee199857f03fa3a95c8ede2ffd4cc2cdb5b94e566b11662
    Port:          <none>
    Host Port:     <none>
    Command:
      sh
      -c
      until nc -z postgres 5432; do sleep 2; done
    State:          Terminated
      Reason:       Completed
      Exit Code:    0
      Started:      Mon, 27 Apr 2026 09:50:10 +0200
      Finished:     Mon, 27 Apr 2026 09:50:10 +0200
    Ready:          True
    Restart Count:  0
    Environment:
      Hermod__Features__DeviceStateTracking:    true
      Hermod__Engine__LogBatchSize:             100
      Hermod__Engine__LogBatching:              true
      Hermod__Engine__Parallelism:              0
      Hermod__Features__MessagePersistence:     true
      Hermod__Features__RuleAuditLog:           true
      Hermod__Features__RuleCache:              true
      Hermod__Features__StatsRollup:            true
      Hermod__Storage__Mode:                    Postgres
      Logging__LogLevel__Hermod:                Information
      Logging__LogLevel__Microsoft.AspNetCore:  Warning
    Mounts:
      /var/run/secrets/kubernetes.io/serviceaccount from kube-api-access-dnff6 (ro)
  wait-for-nanomq:
    Container ID:  containerd://6bf15dbf348a720db647d7c3fa312d13873d09198b54924eae9447bc30ae9314
    Image:         busybox:1.36
    Image ID:      docker.io/library/busybox@sha256:73aaf090f3d85aa34ee199857f03fa3a95c8ede2ffd4cc2cdb5b94e566b11662
    Port:          <none>
    Host Port:     <none>
    Command:
      sh
      -c
      until nc -z nanomq 1883; do sleep 2; done
    State:          Terminated
      Reason:       Completed
      Exit Code:    0
      Started:      Mon, 27 Apr 2026 09:50:11 +0200
      Finished:     Mon, 27 Apr 2026 09:50:11 +0200
    Ready:          True
    Restart Count:  0
    Environment:
      Hermod__Features__DeviceStateTracking:    true
      Hermod__Engine__LogBatchSize:             100
      Hermod__Engine__LogBatching:              true
      Hermod__Engine__Parallelism:              0
      Hermod__Features__MessagePersistence:     true
      Hermod__Features__RuleAuditLog:           true
      Hermod__Features__RuleCache:              true
      Hermod__Features__StatsRollup:            true
      Hermod__Storage__Mode:                    Postgres
      Logging__LogLevel__Hermod:                Information
      Logging__LogLevel__Microsoft.AspNetCore:  Warning
    Mounts:
      /var/run/secrets/kubernetes.io/serviceaccount from kube-api-access-dnff6 (ro)
Containers:
  hermod-coordinator:
    Container ID:   containerd://da8b3f95fbb43422817d9e07d38cd9f1429d49c7c6d30caad0cf1ec1c3c54e98
    Image:          hermod-coordinator:latest
    Image ID:       sha256:ca91ccdfcd269dd5e4e25d5ffe8d863ca5db57e5c4f62f08c8adf90d23c15eaf
    Port:           42069/TCP (http)
    Host Port:      0/TCP (http)
    State:          Running
      Started:      Mon, 27 Apr 2026 09:50:12 +0200
    Ready:          False
    Restart Count:  0
    Limits:
      cpu:     1500m
      memory:  1536Mi
    Requests:
      cpu:      200m
      memory:   256Mi
    Liveness:   http-get http://:42069/healthz delay=60s timeout=1s period=30s #success=1 #failure=3
    Readiness:  http-get http://:42069/healthz/ready delay=5s timeout=1s period=10s #success=1 #failure=3
    Startup:    http-get http://:42069/healthz delay=0s timeout=1s period=5s #success=1 #failure=30
    Environment:
      ASPNETCORE_ENVIRONMENT:                   Production
      ASPNETCORE_URLS:                          http://+:42069
      DOTNET_USE_POLLING_FILE_WATCHER:          true
      Hermod__Security__AuthBypass:             true
      Hermod__Security__VaultRequireHttps:      false
      Hermod__Features__MetricsEndpoint:        true
      Hermod__Dev__Endpoints:                   true
      Hermod__Mqtt__Host:                       nanomq
      Hermod__Mqtt__Port:                       1883
      Hermod__Mqtt__UseTls:                     false
      Hermod__Mqtt__Tls__UseTls:                false
      Hermod__Mqtt__Username:                   <set to the key 'mqtt-username' in secret 'hermod-secrets'>  Optional: false
      Hermod__Mqtt__Password:                   <set to the key 'mqtt-password' in secret 'hermod-secrets'>  Optional: false
      Hermod__Database__ConnectionString:       Host=postgres;Port=5432;Database=hermod;Username=hermod_app
      Hermod__Database__Password:               <set to the key 'hermod-db-password' in secret 'hermod-db-credentials'>  Optional: false
      Hermod__Features__DeviceStateTracking:    true
      Hermod__Engine__LogBatchSize:             100
      Hermod__Engine__LogBatching:              true
      Hermod__Engine__Parallelism:              0
      Hermod__Features__MessagePersistence:     true
      Hermod__Features__RuleAuditLog:           true
      Hermod__Features__RuleCache:              true
      Hermod__Features__StatsRollup:            true
      Hermod__Storage__Mode:                    Postgres
      Logging__LogLevel__Hermod:                Information
      Logging__LogLevel__Microsoft.AspNetCore:  Warning
    Mounts:
      /var/run/secrets/kubernetes.io/serviceaccount from kube-api-access-dnff6 (ro)
Conditions:
  Type                        Status
  PodReadyToStartContainers   True 
  Initialized                 True 
  Ready                       False 
  ContainersReady             False 
  PodScheduled                True 
Volumes:
  kube-api-access-dnff6:
    Type:                    Projected (a volume that contains injected data from multiple sources)
    TokenExpirationSeconds:  3607
    ConfigMapName:           kube-root-ca.crt
    Optional:                false
    DownwardAPI:             true
QoS Class:                   Burstable
Node-Selectors:              <none>
Tolerations:                 node.kubernetes.io/not-ready:NoExecute op=Exists for 300s
                             node.kubernetes.io/unreachable:NoExecute op=Exists for 300s
Events:
  Type    Reason     Age   From               Message
  ----    ------     ----  ----               -------
  Normal  Scheduled  10s   default-scheduler  Successfully assigned translator-zigbee/hermod-coordinator-7d7b88cc46-b7rxz to <pi-host>
  Normal  Pulled     9s    kubelet            spec.initContainers{wait-for-postgres}: Container image "busybox:1.36" already present on machine
  Normal  Created    9s    kubelet            spec.initContainers{wait-for-postgres}: Created container: wait-for-postgres
  Normal  Started    9s    kubelet            spec.initContainers{wait-for-postgres}: Started container wait-for-postgres
  Normal  Pulled     8s    kubelet            spec.initContainers{wait-for-nanomq}: Container image "busybox:1.36" already present on machine
  Normal  Created    8s    kubelet            spec.initContainers{wait-for-nanomq}: Created container: wait-for-nanomq
  Normal  Started    8s    kubelet            spec.initContainers{wait-for-nanomq}: Started container wait-for-nanomq
  Normal  Pulled     7s    kubelet            spec.containers{hermod-coordinator}: Container image "hermod-coordinator:latest" already present on machine
  Normal  Created    7s    kubelet            spec.containers{hermod-coordinator}: Created container: hermod-coordinator
  Normal  Started    7s    kubelet            spec.containers{hermod-coordinator}: Started container hermod-coordinator


Name:             nanomq-756fd88db6-vhv5g
Namespace:        translator-zigbee
Priority:         0
Service Account:  default
Node:             <pi-host>/<pi-ip>
Start Time:       Mon, 27 Apr 2026 09:49:20 +0200
Labels:           app=nanomq
                  pod-template-hash=756fd88db6
Annotations:      cni.projectcalico.org/containerID: a3a4f02780450d074339dc07fdd6e0f8e761fe12187fa30153e912d7227d3b4c
                  cni.projectcalico.org/podIP: <pod-ip>/32
                  cni.projectcalico.org/podIPs: <pod-ip>/32
Status:           Running
IP:               <pod-ip>
IPs:
  IP:           <pod-ip>
Controlled By:  ReplicaSet/nanomq-756fd88db6
Containers:
  nanomq:
    Container ID:   containerd://16bc15beddea3bebae52dddabec0fa0daff7437988feac08c163839ad209ac7d
    Image:          emqx/nanomq:0.21-slim
    Image ID:       docker.io/emqx/nanomq@sha256:53bea7acb547aced1cc45e08c514628f1e41c4da9ad544fd8c5fa96d3e9eb41b
    Ports:          1883/TCP (mqtt), 8081/TCP (http)
    Host Ports:     0/TCP (mqtt), 0/TCP (http)
    State:          Running
      Started:      Mon, 27 Apr 2026 09:49:21 +0200
    Ready:          True
    Restart Count:  0
    Limits:
      cpu:     1
      memory:  512Mi
    Requests:
      cpu:        50m
      memory:     64Mi
    Readiness:    tcp-socket :1883 delay=3s timeout=1s period=5s #success=1 #failure=3
    Environment:  <none>
    Mounts:
      /etc/nanomq.conf from config (rw,path="nanomq.conf")
      /var/run/secrets/kubernetes.io/serviceaccount from kube-api-access-v8gft (ro)
Conditions:
  Type                        Status
  PodReadyToStartContainers   True 
  Initialized                 True 
  Ready                       True 
  ContainersReady             True 
  PodScheduled                True 
Volumes:
  config:
    Type:      ConfigMap (a volume populated by a ConfigMap)
    Name:      nanomq-config
    Optional:  false
  kube-api-access-v8gft:
    Type:                    Projected (a volume that contains injected data from multiple sources)
    TokenExpirationSeconds:  3607
    ConfigMapName:           kube-root-ca.crt
    Optional:                false
    DownwardAPI:             true
QoS Class:                   Burstable
Node-Selectors:              <none>
Tolerations:                 node.kubernetes.io/not-ready:NoExecute op=Exists for 300s
                             node.kubernetes.io/unreachable:NoExecute op=Exists for 300s
Events:
  Type    Reason     Age   From               Message
  ----    ------     ----  ----               -------
  Normal  Scheduled  58s   default-scheduler  Successfully assigned translator-zigbee/nanomq-756fd88db6-vhv5g to <pi-host>
  Normal  Pulled     58s   kubelet            spec.containers{nanomq}: Container image "emqx/nanomq:0.21-slim" already present on machine
  Normal  Created    58s   kubelet            spec.containers{nanomq}: Created container: nanomq
  Normal  Started    58s   kubelet            spec.containers{nanomq}: Started container nanomq


Name:             postgres-0
Namespace:        translator-zigbee
Priority:         0
Service Account:  default
Node:             <pi-host>/<pi-ip>
Start Time:       Mon, 27 Apr 2026 09:49:26 +0200
Labels:           app=postgres
                  apps.kubernetes.io/pod-index=0
                  controller-revision-hash=postgres-848ccb988d
                  statefulset.kubernetes.io/pod-name=postgres-0
Annotations:      cni.projectcalico.org/containerID: b990af0d9d729b83832263f843950a380aa339b9087841ab4fe4ca7575110bb9
                  cni.projectcalico.org/podIP: <pod-ip>/32
                  cni.projectcalico.org/podIPs: <pod-ip>/32
Status:           Running
IP:               <pod-ip>
IPs:
  IP:           <pod-ip>
Controlled By:  StatefulSet/postgres
Containers:
  postgres:
    Container ID:   containerd://f83e5a4387e0a14e8077305dbcdeba3cc7b9b1970751ae25482015d718169132
    Image:          postgres:17-alpine
    Image ID:       docker.io/library/postgres@sha256:778d0b486d6daa02b77434d0358ec57a1b21fd8b6d22ac2eef56a33e816928f6
    Port:           5432/TCP
    Host Port:      0/TCP
    State:          Running
      Started:      Mon, 27 Apr 2026 09:49:27 +0200
    Ready:          True
    Restart Count:  0
    Limits:
      cpu:     1500m
      memory:  1536Mi
    Requests:
      cpu:      100m
      memory:   256Mi
    Readiness:  exec [pg_isready -U postgres] delay=5s timeout=1s period=5s #success=1 #failure=3
    Environment:
      POSTGRES_DB:        postgres
      POSTGRES_USER:      postgres
      POSTGRES_PASSWORD:  <set to the key 'postgres-superuser-password' in secret 'hermod-secrets'>  Optional: false
    Mounts:
      /docker-entrypoint-initdb.d from init (rw)
      /var/lib/postgresql/data from data (rw)
      /var/run/secrets/kubernetes.io/serviceaccount from kube-api-access-vnw56 (ro)
Conditions:
  Type                        Status
  PodReadyToStartContainers   True 
  Initialized                 True 
  Ready                       True 
  ContainersReady             True 
  PodScheduled                True 
Volumes:
  data:
    Type:       PersistentVolumeClaim (a reference to a PersistentVolumeClaim in the same namespace)
    ClaimName:  data-postgres-0
    ReadOnly:   false
  init:
    Type:      ConfigMap (a volume populated by a ConfigMap)
    Name:      postgres-init
    Optional:  false
  kube-api-access-vnw56:
    Type:                    Projected (a volume that contains injected data from multiple sources)
    TokenExpirationSeconds:  3607
    ConfigMapName:           kube-root-ca.crt
    Optional:                false
    DownwardAPI:             true
QoS Class:                   Burstable
Node-Selectors:              <none>
Tolerations:                 node.kubernetes.io/not-ready:NoExecute op=Exists for 300s
                             node.kubernetes.io/unreachable:NoExecute op=Exists for 300s
Events:
  Type    Reason     Age   From               Message
  ----    ------     ----  ----               -------
  Normal  Scheduled  52s   default-scheduler  Successfully assigned translator-zigbee/postgres-0 to <pi-host>
  Normal  Pulled     52s   kubelet            spec.containers{postgres}: Container image "postgres:17-alpine" already present on machine
  Normal  Created    52s   kubelet            spec.containers{postgres}: Created container: postgres
  Normal  Started    52s   kubelet            spec.containers{postgres}: Started container postgres


Name:             zigbee2mqtt-6f749bd7b-hnqld
Namespace:        translator-zigbee
Priority:         0
Service Account:  default
Node:             <pi-host>/<pi-ip>
Start Time:       Mon, 27 Apr 2026 09:49:20 +0200
Labels:           app=zigbee2mqtt
                  pod-template-hash=6f749bd7b
Annotations:      cni.projectcalico.org/containerID: 40f3d4c372aacc8caf6d2d8c550e8e8785170a590e20fd2ce4403319ab2db42b
                  cni.projectcalico.org/podIP: <pod-ip>/32
                  cni.projectcalico.org/podIPs: <pod-ip>/32
Status:           Running
IP:               <pod-ip>
IPs:
  IP:           <pod-ip>
Controlled By:  ReplicaSet/zigbee2mqtt-6f749bd7b
Containers:
  zigbee2mqtt:
    Container ID:   containerd://97ec04b33b3f3e447939e81c506c6fd28e0a0e11bd381437a999377090686233
    Image:          koenkk/zigbee2mqtt:latest
    Image ID:       docker.io/koenkk/zigbee2mqtt@sha256:2a21bbf7a664a149024bbe1f776e3151f28ed9db15948270dcbffb89544a41f0
    Port:           8080/TCP (http)
    Host Port:      0/TCP (http)
    State:          Terminated
      Reason:       Error
      Exit Code:    1
      Started:      Mon, 27 Apr 2026 09:50:06 +0200
      Finished:     Mon, 27 Apr 2026 09:50:07 +0200
    Last State:     Terminated
      Reason:       Error
      Exit Code:    1
      Started:      Mon, 27 Apr 2026 09:49:38 +0200
      Finished:     Mon, 27 Apr 2026 09:49:39 +0200
    Ready:          False
    Restart Count:  3
    Limits:
      cpu:     1
      memory:  512Mi
    Requests:
      cpu:     100m
      memory:  128Mi
    Environment:
      TZ:                                Europe/Bratislava
      ZIGBEE2MQTT_CONFIG_MQTT_USER:      <set to the key 'mqtt-username' in secret 'hermod-secrets'>  Optional: false
      ZIGBEE2MQTT_CONFIG_MQTT_PASSWORD:  <set to the key 'mqtt-password' in secret 'hermod-secrets'>  Optional: false
    Mounts:
      /app/data from data (rw)
      /app/data/configuration.yaml from config (rw,path="configuration.yaml")
      /dev/ttyUSB0 from zigbee-device (rw)
      /var/run/secrets/kubernetes.io/serviceaccount from kube-api-access-69lx4 (ro)
Conditions:
  Type                        Status
  PodReadyToStartContainers   True 
  Initialized                 True 
  Ready                       False 
  ContainersReady             False 
  PodScheduled                True 
Volumes:
  data:
    Type:       EmptyDir (a temporary directory that shares a pod's lifetime)
    Medium:     
    SizeLimit:  <unset>
  config:
    Type:      ConfigMap (a volume populated by a ConfigMap)
    Name:      zigbee2mqtt-config
    Optional:  false
  zigbee-device:
    Type:          HostPath (bare host directory volume)
    Path:          /dev/ttyUSB0
    HostPathType:  CharDevice
  kube-api-access-69lx4:
    Type:                    Projected (a volume that contains injected data from multiple sources)
    TokenExpirationSeconds:  3607
    ConfigMapName:           kube-root-ca.crt
    Optional:                false
    DownwardAPI:             true
QoS Class:                   Burstable
Node-Selectors:              hermod.io/zigbee=true
Tolerations:                 node.kubernetes.io/not-ready:NoExecute op=Exists for 300s
                             node.kubernetes.io/unreachable:NoExecute op=Exists for 300s
Events:
  Type     Reason     Age                From               Message
  ----     ------     ----               ----               -------
  Normal   Scheduled  58s                default-scheduler  Successfully assigned translator-zigbee/zigbee2mqtt-6f749bd7b-hnqld to <pi-host>
  Normal   Pulled     13s (x4 over 58s)  kubelet            spec.containers{zigbee2mqtt}: Container image "koenkk/zigbee2mqtt:latest" already present on machine
  Normal   Created    13s (x4 over 58s)  kubelet            spec.containers{zigbee2mqtt}: Created container: zigbee2mqtt
  Normal   Started    13s (x4 over 57s)  kubelet            spec.containers{zigbee2mqtt}: Started container zigbee2mqtt
  Warning  BackOff    11s (x5 over 53s)  kubelet            spec.containers{zigbee2mqtt}: Back-off restarting failed container zigbee2mqtt in pod zigbee2mqtt-6f749bd7b-hnqld_translator-zigbee(31ae8769-a232-40fd-9113-f97332d450da)

=== ts=1777276230 ===
Name:             hermod-coordinator-7d7b88cc46-b7rxz
Namespace:        translator-zigbee
Priority:         0
Service Account:  default
Node:             <pi-host>/<pi-ip>
Start Time:       Mon, 27 Apr 2026 09:50:09 +0200
Labels:           app=hermod-coordinator
                  pod-template-hash=7d7b88cc46
Annotations:      cni.projectcalico.org/containerID: 6f9fd2870bf476961b9c56eec684c0d6ae119ff559d1859e052d05c4b5cd7f88
                  cni.projectcalico.org/podIP: <pod-ip>/32
                  cni.projectcalico.org/podIPs: <pod-ip>/32
Status:           Running
IP:               <pod-ip>
IPs:
  IP:           <pod-ip>
Controlled By:  ReplicaSet/hermod-coordinator-7d7b88cc46
Init Containers:
  wait-for-postgres:
    Container ID:  containerd://80a24eab50e521a263c498ff5efdfaa3405e5ad7454a00215882c416d3b4ca3b
    Image:         busybox:1.36
    Image ID:      docker.io/library/busybox@sha256:73aaf090f3d85aa34ee199857f03fa3a95c8ede2ffd4cc2cdb5b94e566b11662
    Port:          <none>
    Host Port:     <none>
    Command:
      sh
      -c
      until nc -z postgres 5432; do sleep 2; done
    State:          Terminated
      Reason:       Completed
      Exit Code:    0
      Started:      Mon, 27 Apr 2026 09:50:10 +0200
      Finished:     Mon, 27 Apr 2026 09:50:10 +0200
    Ready:          True
    Restart Count:  0
    Environment:
      Hermod__Features__DeviceStateTracking:    true
      Hermod__Engine__LogBatchSize:             100
      Hermod__Engine__LogBatching:              true
      Hermod__Engine__Parallelism:              0
      Hermod__Features__MessagePersistence:     true
      Hermod__Features__RuleAuditLog:           true
      Hermod__Features__RuleCache:              true
      Hermod__Features__StatsRollup:            true
      Hermod__Storage__Mode:                    Postgres
      Logging__LogLevel__Hermod:                Information
      Logging__LogLevel__Microsoft.AspNetCore:  Warning
    Mounts:
      /var/run/secrets/kubernetes.io/serviceaccount from kube-api-access-dnff6 (ro)
  wait-for-nanomq:
    Container ID:  containerd://6bf15dbf348a720db647d7c3fa312d13873d09198b54924eae9447bc30ae9314
    Image:         busybox:1.36
    Image ID:      docker.io/library/busybox@sha256:73aaf090f3d85aa34ee199857f03fa3a95c8ede2ffd4cc2cdb5b94e566b11662
    Port:          <none>
    Host Port:     <none>
    Command:
      sh
      -c
      until nc -z nanomq 1883; do sleep 2; done
    State:          Terminated
      Reason:       Completed
      Exit Code:    0
      Started:      Mon, 27 Apr 2026 09:50:11 +0200
      Finished:     Mon, 27 Apr 2026 09:50:11 +0200
    Ready:          True
    Restart Count:  0
    Environment:
      Hermod__Features__DeviceStateTracking:    true
      Hermod__Engine__LogBatchSize:             100
      Hermod__Engine__LogBatching:              true
      Hermod__Engine__Parallelism:              0
      Hermod__Features__MessagePersistence:     true
      Hermod__Features__RuleAuditLog:           true
      Hermod__Features__RuleCache:              true
      Hermod__Features__StatsRollup:            true
      Hermod__Storage__Mode:                    Postgres
      Logging__LogLevel__Hermod:                Information
      Logging__LogLevel__Microsoft.AspNetCore:  Warning
    Mounts:
      /var/run/secrets/kubernetes.io/serviceaccount from kube-api-access-dnff6 (ro)
Containers:
  hermod-coordinator:
    Container ID:   containerd://da8b3f95fbb43422817d9e07d38cd9f1429d49c7c6d30caad0cf1ec1c3c54e98
    Image:          hermod-coordinator:latest
    Image ID:       sha256:ca91ccdfcd269dd5e4e25d5ffe8d863ca5db57e5c4f62f08c8adf90d23c15eaf
    Port:           42069/TCP (http)
    Host Port:      0/TCP (http)
    State:          Running
      Started:      Mon, 27 Apr 2026 09:50:12 +0200
    Ready:          True
    Restart Count:  0
    Limits:
      cpu:     1500m
      memory:  1536Mi
    Requests:
      cpu:      200m
      memory:   256Mi
    Liveness:   http-get http://:42069/healthz delay=60s timeout=1s period=30s #success=1 #failure=3
    Readiness:  http-get http://:42069/healthz/ready delay=5s timeout=1s period=10s #success=1 #failure=3
    Startup:    http-get http://:42069/healthz delay=0s timeout=1s period=5s #success=1 #failure=30
    Environment:
      ASPNETCORE_ENVIRONMENT:                   Production
      ASPNETCORE_URLS:                          http://+:42069
      DOTNET_USE_POLLING_FILE_WATCHER:          true
      Hermod__Security__AuthBypass:             true
      Hermod__Security__VaultRequireHttps:      false
      Hermod__Features__MetricsEndpoint:        true
      Hermod__Dev__Endpoints:                   true
      Hermod__Mqtt__Host:                       nanomq
      Hermod__Mqtt__Port:                       1883
      Hermod__Mqtt__UseTls:                     false
      Hermod__Mqtt__Tls__UseTls:                false
      Hermod__Mqtt__Username:                   <set to the key 'mqtt-username' in secret 'hermod-secrets'>  Optional: false
      Hermod__Mqtt__Password:                   <set to the key 'mqtt-password' in secret 'hermod-secrets'>  Optional: false
      Hermod__Database__ConnectionString:       Host=postgres;Port=5432;Database=hermod;Username=hermod_app
      Hermod__Database__Password:               <set to the key 'hermod-db-password' in secret 'hermod-db-credentials'>  Optional: false
      Hermod__Features__DeviceStateTracking:    true
      Hermod__Engine__LogBatchSize:             100
      Hermod__Engine__LogBatching:              true
      Hermod__Engine__Parallelism:              0
      Hermod__Features__MessagePersistence:     true
      Hermod__Features__RuleAuditLog:           true
      Hermod__Features__RuleCache:              true
      Hermod__Features__StatsRollup:            true
      Hermod__Storage__Mode:                    Postgres
      Logging__LogLevel__Hermod:                Information
      Logging__LogLevel__Microsoft.AspNetCore:  Warning
    Mounts:
      /var/run/secrets/kubernetes.io/serviceaccount from kube-api-access-dnff6 (ro)
Conditions:
  Type                        Status
  PodReadyToStartContainers   True 
  Initialized                 True 
  Ready                       True 
  ContainersReady             True 
  PodScheduled                True 
Volumes:
  kube-api-access-dnff6:
    Type:                    Projected (a volume that contains injected data from multiple sources)
    TokenExpirationSeconds:  3607
    ConfigMapName:           kube-root-ca.crt
    Optional:                false
    DownwardAPI:             true
QoS Class:                   Burstable
Node-Selectors:              <none>
Tolerations:                 node.kubernetes.io/not-ready:NoExecute op=Exists for 300s
                             node.kubernetes.io/unreachable:NoExecute op=Exists for 300s
Events:
  Type    Reason     Age   From               Message
  ----    ------     ----  ----               -------
  Normal  Scheduled  21s   default-scheduler  Successfully assigned translator-zigbee/hermod-coordinator-7d7b88cc46-b7rxz to <pi-host>
  Normal  Pulled     20s   kubelet            spec.initContainers{wait-for-postgres}: Container image "busybox:1.36" already present on machine
  Normal  Created    20s   kubelet            spec.initContainers{wait-for-postgres}: Created container: wait-for-postgres
  Normal  Started    20s   kubelet            spec.initContainers{wait-for-postgres}: Started container wait-for-postgres
  Normal  Pulled     19s   kubelet            spec.initContainers{wait-for-nanomq}: Container image "busybox:1.36" already present on machine
  Normal  Created    19s   kubelet            spec.initContainers{wait-for-nanomq}: Created container: wait-for-nanomq
  Normal  Started    19s   kubelet            spec.initContainers{wait-for-nanomq}: Started container wait-for-nanomq
  Normal  Pulled     18s   kubelet            spec.containers{hermod-coordinator}: Container image "hermod-coordinator:latest" already present on machine
  Normal  Created    18s   kubelet            spec.containers{hermod-coordinator}: Created container: hermod-coordinator
  Normal  Started    18s   kubelet            spec.containers{hermod-coordinator}: Started container hermod-coordinator


Name:             nanomq-756fd88db6-vhv5g
Namespace:        translator-zigbee
Priority:         0
Service Account:  default
Node:             <pi-host>/<pi-ip>
Start Time:       Mon, 27 Apr 2026 09:49:20 +0200
Labels:           app=nanomq
                  pod-template-hash=756fd88db6
Annotations:      cni.projectcalico.org/containerID: a3a4f02780450d074339dc07fdd6e0f8e761fe12187fa30153e912d7227d3b4c
                  cni.projectcalico.org/podIP: <pod-ip>/32
                  cni.projectcalico.org/podIPs: <pod-ip>/32
Status:           Running
IP:               <pod-ip>
IPs:
  IP:           <pod-ip>
Controlled By:  ReplicaSet/nanomq-756fd88db6
Containers:
  nanomq:
    Container ID:   containerd://16bc15beddea3bebae52dddabec0fa0daff7437988feac08c163839ad209ac7d
    Image:          emqx/nanomq:0.21-slim
    Image ID:       docker.io/emqx/nanomq@sha256:53bea7acb547aced1cc45e08c514628f1e41c4da9ad544fd8c5fa96d3e9eb41b
    Ports:          1883/TCP (mqtt), 8081/TCP (http)
    Host Ports:     0/TCP (mqtt), 0/TCP (http)
    State:          Running
      Started:      Mon, 27 Apr 2026 09:49:21 +0200
    Ready:          True
    Restart Count:  0
    Limits:
      cpu:     1
      memory:  512Mi
    Requests:
      cpu:        50m
      memory:     64Mi
    Readiness:    tcp-socket :1883 delay=3s timeout=1s period=5s #success=1 #failure=3
    Environment:  <none>
    Mounts:
      /etc/nanomq.conf from config (rw,path="nanomq.conf")
      /var/run/secrets/kubernetes.io/serviceaccount from kube-api-access-v8gft (ro)
Conditions:
  Type                        Status
  PodReadyToStartContainers   True 
  Initialized                 True 
  Ready                       True 
  ContainersReady             True 
  PodScheduled                True 
Volumes:
  config:
    Type:      ConfigMap (a volume populated by a ConfigMap)
    Name:      nanomq-config
    Optional:  false
  kube-api-access-v8gft:
    Type:                    Projected (a volume that contains injected data from multiple sources)
    TokenExpirationSeconds:  3607
    ConfigMapName:           kube-root-ca.crt
    Optional:                false
    DownwardAPI:             true
QoS Class:                   Burstable
Node-Selectors:              <none>
Tolerations:                 node.kubernetes.io/not-ready:NoExecute op=Exists for 300s
                             node.kubernetes.io/unreachable:NoExecute op=Exists for 300s
Events:
  Type    Reason     Age   From               Message
  ----    ------     ----  ----               -------
  Normal  Scheduled  70s   default-scheduler  Successfully assigned translator-zigbee/nanomq-756fd88db6-vhv5g to <pi-host>
  Normal  Pulled     69s   kubelet            spec.containers{nanomq}: Container image "emqx/nanomq:0.21-slim" already present on machine
  Normal  Created    69s   kubelet            spec.containers{nanomq}: Created container: nanomq
  Normal  Started    69s   kubelet            spec.containers{nanomq}: Started container nanomq


Name:             postgres-0
Namespace:        translator-zigbee
Priority:         0
Service Account:  default
Node:             <pi-host>/<pi-ip>
Start Time:       Mon, 27 Apr 2026 09:49:26 +0200
Labels:           app=postgres
                  apps.kubernetes.io/pod-index=0
                  controller-revision-hash=postgres-848ccb988d
                  statefulset.kubernetes.io/pod-name=postgres-0
Annotations:      cni.projectcalico.org/containerID: b990af0d9d729b83832263f843950a380aa339b9087841ab4fe4ca7575110bb9
                  cni.projectcalico.org/podIP: <pod-ip>/32
                  cni.projectcalico.org/podIPs: <pod-ip>/32
Status:           Running
IP:               <pod-ip>
IPs:
  IP:           <pod-ip>
Controlled By:  StatefulSet/postgres
Containers:
  postgres:
    Container ID:   containerd://f83e5a4387e0a14e8077305dbcdeba3cc7b9b1970751ae25482015d718169132
    Image:          postgres:17-alpine
    Image ID:       docker.io/library/postgres@sha256:778d0b486d6daa02b77434d0358ec57a1b21fd8b6d22ac2eef56a33e816928f6
    Port:           5432/TCP
    Host Port:      0/TCP
    State:          Running
      Started:      Mon, 27 Apr 2026 09:49:27 +0200
    Ready:          True
    Restart Count:  0
    Limits:
      cpu:     1500m
      memory:  1536Mi
    Requests:
      cpu:      100m
      memory:   256Mi
    Readiness:  exec [pg_isready -U postgres] delay=5s timeout=1s period=5s #success=1 #failure=3
    Environment:
      POSTGRES_DB:        postgres
      POSTGRES_USER:      postgres
      POSTGRES_PASSWORD:  <set to the key 'postgres-superuser-password' in secret 'hermod-secrets'>  Optional: false
    Mounts:
      /docker-entrypoint-initdb.d from init (rw)
      /var/lib/postgresql/data from data (rw)
      /var/run/secrets/kubernetes.io/serviceaccount from kube-api-access-vnw56 (ro)
Conditions:
  Type                        Status
  PodReadyToStartContainers   True 
  Initialized                 True 
  Ready                       True 
  ContainersReady             True 
  PodScheduled                True 
Volumes:
  data:
    Type:       PersistentVolumeClaim (a reference to a PersistentVolumeClaim in the same namespace)
    ClaimName:  data-postgres-0
    ReadOnly:   false
  init:
    Type:      ConfigMap (a volume populated by a ConfigMap)
    Name:      postgres-init
    Optional:  false
  kube-api-access-vnw56:
    Type:                    Projected (a volume that contains injected data from multiple sources)
    TokenExpirationSeconds:  3607
    ConfigMapName:           kube-root-ca.crt
    Optional:                false
    DownwardAPI:             true
QoS Class:                   Burstable
Node-Selectors:              <none>
Tolerations:                 node.kubernetes.io/not-ready:NoExecute op=Exists for 300s
                             node.kubernetes.io/unreachable:NoExecute op=Exists for 300s
Events:
  Type    Reason     Age   From               Message
  ----    ------     ----  ----               -------
  Normal  Scheduled  64s   default-scheduler  Successfully assigned translator-zigbee/postgres-0 to <pi-host>
  Normal  Pulled     63s   kubelet            spec.containers{postgres}: Container image "postgres:17-alpine" already present on machine
  Normal  Created    63s   kubelet            spec.containers{postgres}: Created container: postgres
  Normal  Started    63s   kubelet            spec.containers{postgres}: Started container postgres


Name:             zigbee2mqtt-6f749bd7b-hnqld
Namespace:        translator-zigbee
Priority:         0
Service Account:  default
Node:             <pi-host>/<pi-ip>
Start Time:       Mon, 27 Apr 2026 09:49:20 +0200
Labels:           app=zigbee2mqtt
                  pod-template-hash=6f749bd7b
Annotations:      cni.projectcalico.org/containerID: 40f3d4c372aacc8caf6d2d8c550e8e8785170a590e20fd2ce4403319ab2db42b
                  cni.projectcalico.org/podIP: <pod-ip>/32
                  cni.projectcalico.org/podIPs: <pod-ip>/32
Status:           Running
IP:               <pod-ip>
IPs:
  IP:           <pod-ip>
Controlled By:  ReplicaSet/zigbee2mqtt-6f749bd7b
Containers:
  zigbee2mqtt:
    Container ID:   containerd://97ec04b33b3f3e447939e81c506c6fd28e0a0e11bd381437a999377090686233
    Image:          koenkk/zigbee2mqtt:latest
    Image ID:       docker.io/koenkk/zigbee2mqtt@sha256:2a21bbf7a664a149024bbe1f776e3151f28ed9db15948270dcbffb89544a41f0
    Port:           8080/TCP (http)
    Host Port:      0/TCP (http)
    State:          Waiting
      Reason:       CrashLoopBackOff
    Last State:     Terminated
      Reason:       Error
      Exit Code:    1
      Started:      Mon, 27 Apr 2026 09:50:06 +0200
      Finished:     Mon, 27 Apr 2026 09:50:07 +0200
    Ready:          False
    Restart Count:  3
    Limits:
      cpu:     1
      memory:  512Mi
    Requests:
      cpu:     100m
      memory:  128Mi
    Environment:
      TZ:                                Europe/Bratislava
      ZIGBEE2MQTT_CONFIG_MQTT_USER:      <set to the key 'mqtt-username' in secret 'hermod-secrets'>  Optional: false
      ZIGBEE2MQTT_CONFIG_MQTT_PASSWORD:  <set to the key 'mqtt-password' in secret 'hermod-secrets'>  Optional: false
    Mounts:
      /app/data from data (rw)
      /app/data/configuration.yaml from config (rw,path="configuration.yaml")
      /dev/ttyUSB0 from zigbee-device (rw)
      /var/run/secrets/kubernetes.io/serviceaccount from kube-api-access-69lx4 (ro)
Conditions:
  Type                        Status
  PodReadyToStartContainers   True 
  Initialized                 True 
  Ready                       False 
  ContainersReady             False 
  PodScheduled                True 
Volumes:
  data:
    Type:       EmptyDir (a temporary directory that shares a pod's lifetime)
    Medium:     
    SizeLimit:  <unset>
  config:
    Type:      ConfigMap (a volume populated by a ConfigMap)
    Name:      zigbee2mqtt-config
    Optional:  false
  zigbee-device:
    Type:          HostPath (bare host directory volume)
    Path:          /dev/ttyUSB0
    HostPathType:  CharDevice
  kube-api-access-69lx4:
    Type:                    Projected (a volume that contains injected data from multiple sources)
    TokenExpirationSeconds:  3607
    ConfigMapName:           kube-root-ca.crt
    Optional:                false
    DownwardAPI:             true
QoS Class:                   Burstable
Node-Selectors:              hermod.io/zigbee=true
Tolerations:                 node.kubernetes.io/not-ready:NoExecute op=Exists for 300s
                             node.kubernetes.io/unreachable:NoExecute op=Exists for 300s
Events:
  Type     Reason     Age                From               Message
  ----     ------     ----               ----               -------
  Normal   Scheduled  70s                default-scheduler  Successfully assigned translator-zigbee/zigbee2mqtt-6f749bd7b-hnqld to <pi-host>
  Normal   Pulled     24s (x4 over 69s)  kubelet            spec.containers{zigbee2mqtt}: Container image "koenkk/zigbee2mqtt:latest" already present on machine
  Normal   Created    24s (x4 over 69s)  kubelet            spec.containers{zigbee2mqtt}: Created container: zigbee2mqtt
  Normal   Started    24s (x4 over 68s)  kubelet            spec.containers{zigbee2mqtt}: Started container zigbee2mqtt
  Warning  BackOff    10s (x6 over 64s)  kubelet            spec.containers{zigbee2mqtt}: Back-off restarting failed container zigbee2mqtt in pod zigbee2mqtt-6f749bd7b-hnqld_translator-zigbee(31ae8769-a232-40fd-9113-f97332d450da)

=== ts=1777276242 ===
Name:             hermod-coordinator-7d7b88cc46-b7rxz
Namespace:        translator-zigbee
Priority:         0
Service Account:  default
Node:             <pi-host>/<pi-ip>
Start Time:       Mon, 27 Apr 2026 09:50:09 +0200
Labels:           app=hermod-coordinator
                  pod-template-hash=7d7b88cc46
Annotations:      cni.projectcalico.org/containerID: 6f9fd2870bf476961b9c56eec684c0d6ae119ff559d1859e052d05c4b5cd7f88
                  cni.projectcalico.org/podIP: <pod-ip>/32
                  cni.projectcalico.org/podIPs: <pod-ip>/32
Status:           Running
IP:               <pod-ip>
IPs:
  IP:           <pod-ip>
Controlled By:  ReplicaSet/hermod-coordinator-7d7b88cc46
Init Containers:
  wait-for-postgres:
    Container ID:  containerd://80a24eab50e521a263c498ff5efdfaa3405e5ad7454a00215882c416d3b4ca3b
    Image:         busybox:1.36
    Image ID:      docker.io/library/busybox@sha256:73aaf090f3d85aa34ee199857f03fa3a95c8ede2ffd4cc2cdb5b94e566b11662
    Port:          <none>
    Host Port:     <none>
    Command:
      sh
      -c
      until nc -z postgres 5432; do sleep 2; done
    State:          Terminated
      Reason:       Completed
      Exit Code:    0
      Started:      Mon, 27 Apr 2026 09:50:10 +0200
      Finished:     Mon, 27 Apr 2026 09:50:10 +0200
    Ready:          True
    Restart Count:  0
    Environment:
      Hermod__Features__DeviceStateTracking:    true
      Hermod__Engine__LogBatchSize:             100
      Hermod__Engine__LogBatching:              true
      Hermod__Engine__Parallelism:              0
      Hermod__Features__MessagePersistence:     true
      Hermod__Features__RuleAuditLog:           true
      Hermod__Features__RuleCache:              true
      Hermod__Features__StatsRollup:            true
      Hermod__Storage__Mode:                    Postgres
      Logging__LogLevel__Hermod:                Information
      Logging__LogLevel__Microsoft.AspNetCore:  Warning
    Mounts:
      /var/run/secrets/kubernetes.io/serviceaccount from kube-api-access-dnff6 (ro)
  wait-for-nanomq:
    Container ID:  containerd://6bf15dbf348a720db647d7c3fa312d13873d09198b54924eae9447bc30ae9314
    Image:         busybox:1.36
    Image ID:      docker.io/library/busybox@sha256:73aaf090f3d85aa34ee199857f03fa3a95c8ede2ffd4cc2cdb5b94e566b11662
    Port:          <none>
    Host Port:     <none>
    Command:
      sh
      -c
      until nc -z nanomq 1883; do sleep 2; done
    State:          Terminated
      Reason:       Completed
      Exit Code:    0
      Started:      Mon, 27 Apr 2026 09:50:11 +0200
      Finished:     Mon, 27 Apr 2026 09:50:11 +0200
    Ready:          True
    Restart Count:  0
    Environment:
      Hermod__Features__DeviceStateTracking:    true
      Hermod__Engine__LogBatchSize:             100
      Hermod__Engine__LogBatching:              true
      Hermod__Engine__Parallelism:              0
      Hermod__Features__MessagePersistence:     true
      Hermod__Features__RuleAuditLog:           true
      Hermod__Features__RuleCache:              true
      Hermod__Features__StatsRollup:            true
      Hermod__Storage__Mode:                    Postgres
      Logging__LogLevel__Hermod:                Information
      Logging__LogLevel__Microsoft.AspNetCore:  Warning
    Mounts:
      /var/run/secrets/kubernetes.io/serviceaccount from kube-api-access-dnff6 (ro)
Containers:
  hermod-coordinator:
    Container ID:   containerd://da8b3f95fbb43422817d9e07d38cd9f1429d49c7c6d30caad0cf1ec1c3c54e98
    Image:          hermod-coordinator:latest
    Image ID:       sha256:ca91ccdfcd269dd5e4e25d5ffe8d863ca5db57e5c4f62f08c8adf90d23c15eaf
    Port:           42069/TCP (http)
    Host Port:      0/TCP (http)
    State:          Running
      Started:      Mon, 27 Apr 2026 09:50:12 +0200
    Ready:          True
    Restart Count:  0
    Limits:
      cpu:     1500m
      memory:  1536Mi
    Requests:
      cpu:      200m
      memory:   256Mi
    Liveness:   http-get http://:42069/healthz delay=60s timeout=1s period=30s #success=1 #failure=3
    Readiness:  http-get http://:42069/healthz/ready delay=5s timeout=1s period=10s #success=1 #failure=3
    Startup:    http-get http://:42069/healthz delay=0s timeout=1s period=5s #success=1 #failure=30
    Environment:
      ASPNETCORE_ENVIRONMENT:                   Production
      ASPNETCORE_URLS:                          http://+:42069
      DOTNET_USE_POLLING_FILE_WATCHER:          true
      Hermod__Security__AuthBypass:             true
      Hermod__Security__VaultRequireHttps:      false
      Hermod__Features__MetricsEndpoint:        true
      Hermod__Dev__Endpoints:                   true
      Hermod__Mqtt__Host:                       nanomq
      Hermod__Mqtt__Port:                       1883
      Hermod__Mqtt__UseTls:                     false
      Hermod__Mqtt__Tls__UseTls:                false
      Hermod__Mqtt__Username:                   <set to the key 'mqtt-username' in secret 'hermod-secrets'>  Optional: false
      Hermod__Mqtt__Password:                   <set to the key 'mqtt-password' in secret 'hermod-secrets'>  Optional: false
      Hermod__Database__ConnectionString:       Host=postgres;Port=5432;Database=hermod;Username=hermod_app
      Hermod__Database__Password:               <set to the key 'hermod-db-password' in secret 'hermod-db-credentials'>  Optional: false
      Hermod__Features__DeviceStateTracking:    true
      Hermod__Engine__LogBatchSize:             100
      Hermod__Engine__LogBatching:              true
      Hermod__Engine__Parallelism:              0
      Hermod__Features__MessagePersistence:     true
      Hermod__Features__RuleAuditLog:           true
      Hermod__Features__RuleCache:              true
      Hermod__Features__StatsRollup:            true
      Hermod__Storage__Mode:                    Postgres
      Logging__LogLevel__Hermod:                Information
      Logging__LogLevel__Microsoft.AspNetCore:  Warning
    Mounts:
      /var/run/secrets/kubernetes.io/serviceaccount from kube-api-access-dnff6 (ro)
Conditions:
  Type                        Status
  PodReadyToStartContainers   True 
  Initialized                 True 
  Ready                       True 
  ContainersReady             True 
  PodScheduled                True 
Volumes:
  kube-api-access-dnff6:
    Type:                    Projected (a volume that contains injected data from multiple sources)
    TokenExpirationSeconds:  3607
    ConfigMapName:           kube-root-ca.crt
    Optional:                false
    DownwardAPI:             true
QoS Class:                   Burstable
Node-Selectors:              <none>
Tolerations:                 node.kubernetes.io/not-ready:NoExecute op=Exists for 300s
                             node.kubernetes.io/unreachable:NoExecute op=Exists for 300s
Events:
  Type    Reason     Age   From               Message
  ----    ------     ----  ----               -------
  Normal  Scheduled  32s   default-scheduler  Successfully assigned translator-zigbee/hermod-coordinator-7d7b88cc46-b7rxz to <pi-host>
  Normal  Pulled     32s   kubelet            spec.initContainers{wait-for-postgres}: Container image "busybox:1.36" already present on machine
  Normal  Created    32s   kubelet            spec.initContainers{wait-for-postgres}: Created container: wait-for-postgres
  Normal  Started    32s   kubelet            spec.initContainers{wait-for-postgres}: Started container wait-for-postgres
  Normal  Pulled     31s   kubelet            spec.initContainers{wait-for-nanomq}: Container image "busybox:1.36" already present on machine
  Normal  Created    31s   kubelet            spec.initContainers{wait-for-nanomq}: Created container: wait-for-nanomq
  Normal  Started    31s   kubelet            spec.initContainers{wait-for-nanomq}: Started container wait-for-nanomq
  Normal  Pulled     30s   kubelet            spec.containers{hermod-coordinator}: Container image "hermod-coordinator:latest" already present on machine
  Normal  Created    30s   kubelet            spec.containers{hermod-coordinator}: Created container: hermod-coordinator
  Normal  Started    30s   kubelet            spec.containers{hermod-coordinator}: Started container hermod-coordinator


Name:             nanomq-756fd88db6-vhv5g
Namespace:        translator-zigbee
Priority:         0
Service Account:  default
Node:             <pi-host>/<pi-ip>
Start Time:       Mon, 27 Apr 2026 09:49:20 +0200
Labels:           app=nanomq
                  pod-template-hash=756fd88db6
Annotations:      cni.projectcalico.org/containerID: a3a4f02780450d074339dc07fdd6e0f8e761fe12187fa30153e912d7227d3b4c
                  cni.projectcalico.org/podIP: <pod-ip>/32
                  cni.projectcalico.org/podIPs: <pod-ip>/32
Status:           Running
IP:               <pod-ip>
IPs:
  IP:           <pod-ip>
Controlled By:  ReplicaSet/nanomq-756fd88db6
Containers:
  nanomq:
    Container ID:   containerd://16bc15beddea3bebae52dddabec0fa0daff7437988feac08c163839ad209ac7d
    Image:          emqx/nanomq:0.21-slim
    Image ID:       docker.io/emqx/nanomq@sha256:53bea7acb547aced1cc45e08c514628f1e41c4da9ad544fd8c5fa96d3e9eb41b
    Ports:          1883/TCP (mqtt), 8081/TCP (http)
    Host Ports:     0/TCP (mqtt), 0/TCP (http)
    State:          Running
      Started:      Mon, 27 Apr 2026 09:49:21 +0200
    Ready:          True
    Restart Count:  0
    Limits:
      cpu:     1
      memory:  512Mi
    Requests:
      cpu:        50m
      memory:     64Mi
    Readiness:    tcp-socket :1883 delay=3s timeout=1s period=5s #success=1 #failure=3
    Environment:  <none>
    Mounts:
      /etc/nanomq.conf from config (rw,path="nanomq.conf")
      /var/run/secrets/kubernetes.io/serviceaccount from kube-api-access-v8gft (ro)
Conditions:
  Type                        Status
  PodReadyToStartContainers   True 
  Initialized                 True 
  Ready                       True 
  ContainersReady             True 
  PodScheduled                True 
Volumes:
  config:
    Type:      ConfigMap (a volume populated by a ConfigMap)
    Name:      nanomq-config
    Optional:  false
  kube-api-access-v8gft:
    Type:                    Projected (a volume that contains injected data from multiple sources)
    TokenExpirationSeconds:  3607
    ConfigMapName:           kube-root-ca.crt
    Optional:                false
    DownwardAPI:             true
QoS Class:                   Burstable
Node-Selectors:              <none>
Tolerations:                 node.kubernetes.io/not-ready:NoExecute op=Exists for 300s
                             node.kubernetes.io/unreachable:NoExecute op=Exists for 300s
Events:
  Type    Reason     Age   From               Message
  ----    ------     ----  ----               -------
  Normal  Scheduled  81s   default-scheduler  Successfully assigned translator-zigbee/nanomq-756fd88db6-vhv5g to <pi-host>
  Normal  Pulled     81s   kubelet            spec.containers{nanomq}: Container image "emqx/nanomq:0.21-slim" already present on machine
  Normal  Created    81s   kubelet            spec.containers{nanomq}: Created container: nanomq
  Normal  Started    81s   kubelet            spec.containers{nanomq}: Started container nanomq


Name:             postgres-0
Namespace:        translator-zigbee
Priority:         0
Service Account:  default
Node:             <pi-host>/<pi-ip>
Start Time:       Mon, 27 Apr 2026 09:49:26 +0200
Labels:           app=postgres
                  apps.kubernetes.io/pod-index=0
                  controller-revision-hash=postgres-848ccb988d
                  statefulset.kubernetes.io/pod-name=postgres-0
Annotations:      cni.projectcalico.org/containerID: b990af0d9d729b83832263f843950a380aa339b9087841ab4fe4ca7575110bb9
                  cni.projectcalico.org/podIP: <pod-ip>/32
                  cni.projectcalico.org/podIPs: <pod-ip>/32
Status:           Running
IP:               <pod-ip>
IPs:
  IP:           <pod-ip>
Controlled By:  StatefulSet/postgres
Containers:
  postgres:
    Container ID:   containerd://f83e5a4387e0a14e8077305dbcdeba3cc7b9b1970751ae25482015d718169132
    Image:          postgres:17-alpine
    Image ID:       docker.io/library/postgres@sha256:778d0b486d6daa02b77434d0358ec57a1b21fd8b6d22ac2eef56a33e816928f6
    Port:           5432/TCP
    Host Port:      0/TCP
    State:          Running
      Started:      Mon, 27 Apr 2026 09:49:27 +0200
    Ready:          True
    Restart Count:  0
    Limits:
      cpu:     1500m
      memory:  1536Mi
    Requests:
      cpu:      100m
      memory:   256Mi
    Readiness:  exec [pg_isready -U postgres] delay=5s timeout=1s period=5s #success=1 #failure=3
    Environment:
      POSTGRES_DB:        postgres
      POSTGRES_USER:      postgres
      POSTGRES_PASSWORD:  <set to the key 'postgres-superuser-password' in secret 'hermod-secrets'>  Optional: false
    Mounts:
      /docker-entrypoint-initdb.d from init (rw)
      /var/lib/postgresql/data from data (rw)
      /var/run/secrets/kubernetes.io/serviceaccount from kube-api-access-vnw56 (ro)
Conditions:
  Type                        Status
  PodReadyToStartContainers   True 
  Initialized                 True 
  Ready                       True 
  ContainersReady             True 
  PodScheduled                True 
Volumes:
  data:
    Type:       PersistentVolumeClaim (a reference to a PersistentVolumeClaim in the same namespace)
    ClaimName:  data-postgres-0
    ReadOnly:   false
  init:
    Type:      ConfigMap (a volume populated by a ConfigMap)
    Name:      postgres-init
    Optional:  false
  kube-api-access-vnw56:
    Type:                    Projected (a volume that contains injected data from multiple sources)
    TokenExpirationSeconds:  3607
    ConfigMapName:           kube-root-ca.crt
    Optional:                false
    DownwardAPI:             true
QoS Class:                   Burstable
Node-Selectors:              <none>
Tolerations:                 node.kubernetes.io/not-ready:NoExecute op=Exists for 300s
                             node.kubernetes.io/unreachable:NoExecute op=Exists for 300s
Events:
  Type    Reason     Age   From               Message
  ----    ------     ----  ----               -------
  Normal  Scheduled  75s   default-scheduler  Successfully assigned translator-zigbee/postgres-0 to <pi-host>
  Normal  Pulled     75s   kubelet            spec.containers{postgres}: Container image "postgres:17-alpine" already present on machine
  Normal  Created    75s   kubelet            spec.containers{postgres}: Created container: postgres
  Normal  Started    75s   kubelet            spec.containers{postgres}: Started container postgres


Name:             zigbee2mqtt-6f749bd7b-hnqld
Namespace:        translator-zigbee
Priority:         0
Service Account:  default
Node:             <pi-host>/<pi-ip>
Start Time:       Mon, 27 Apr 2026 09:49:20 +0200
Labels:           app=zigbee2mqtt
                  pod-template-hash=6f749bd7b
Annotations:      cni.projectcalico.org/containerID: 40f3d4c372aacc8caf6d2d8c550e8e8785170a590e20fd2ce4403319ab2db42b
                  cni.projectcalico.org/podIP: <pod-ip>/32
                  cni.projectcalico.org/podIPs: <pod-ip>/32
Status:           Running
IP:               <pod-ip>
IPs:
  IP:           <pod-ip>
Controlled By:  ReplicaSet/zigbee2mqtt-6f749bd7b
Containers:
  zigbee2mqtt:
    Container ID:   containerd://97ec04b33b3f3e447939e81c506c6fd28e0a0e11bd381437a999377090686233
    Image:          koenkk/zigbee2mqtt:latest
    Image ID:       docker.io/koenkk/zigbee2mqtt@sha256:2a21bbf7a664a149024bbe1f776e3151f28ed9db15948270dcbffb89544a41f0
    Port:           8080/TCP (http)
    Host Port:      0/TCP (http)
    State:          Waiting
      Reason:       CrashLoopBackOff
    Last State:     Terminated
      Reason:       Error
      Exit Code:    1
      Started:      Mon, 27 Apr 2026 09:50:06 +0200
      Finished:     Mon, 27 Apr 2026 09:50:07 +0200
    Ready:          False
    Restart Count:  3
    Limits:
      cpu:     1
      memory:  512Mi
    Requests:
      cpu:     100m
      memory:  128Mi
    Environment:
      TZ:                                Europe/Bratislava
      ZIGBEE2MQTT_CONFIG_MQTT_USER:      <set to the key 'mqtt-username' in secret 'hermod-secrets'>  Optional: false
      ZIGBEE2MQTT_CONFIG_MQTT_PASSWORD:  <set to the key 'mqtt-password' in secret 'hermod-secrets'>  Optional: false
    Mounts:
      /app/data from data (rw)
      /app/data/configuration.yaml from config (rw,path="configuration.yaml")
      /dev/ttyUSB0 from zigbee-device (rw)
      /var/run/secrets/kubernetes.io/serviceaccount from kube-api-access-69lx4 (ro)
Conditions:
  Type                        Status
  PodReadyToStartContainers   True 
  Initialized                 True 
  Ready                       False 
  ContainersReady             False 
  PodScheduled                True 
Volumes:
  data:
    Type:       EmptyDir (a temporary directory that shares a pod's lifetime)
    Medium:     
    SizeLimit:  <unset>
  config:
    Type:      ConfigMap (a volume populated by a ConfigMap)
    Name:      zigbee2mqtt-config
    Optional:  false
  zigbee-device:
    Type:          HostPath (bare host directory volume)
    Path:          /dev/ttyUSB0
    HostPathType:  CharDevice
  kube-api-access-69lx4:
    Type:                    Projected (a volume that contains injected data from multiple sources)
    TokenExpirationSeconds:  3607
    ConfigMapName:           kube-root-ca.crt
    Optional:                false
    DownwardAPI:             true
QoS Class:                   Burstable
Node-Selectors:              hermod.io/zigbee=true
Tolerations:                 node.kubernetes.io/not-ready:NoExecute op=Exists for 300s
                             node.kubernetes.io/unreachable:NoExecute op=Exists for 300s
Events:
  Type     Reason     Age                From               Message
  ----     ------     ----               ----               -------
  Normal   Scheduled  81s                default-scheduler  Successfully assigned translator-zigbee/zigbee2mqtt-6f749bd7b-hnqld to <pi-host>
  Normal   Pulled     36s (x4 over 81s)  kubelet            spec.containers{zigbee2mqtt}: Container image "koenkk/zigbee2mqtt:latest" already present on machine
  Normal   Created    36s (x4 over 81s)  kubelet            spec.containers{zigbee2mqtt}: Created container: zigbee2mqtt
  Normal   Started    36s (x4 over 80s)  kubelet            spec.containers{zigbee2mqtt}: Started container zigbee2mqtt
  Warning  BackOff    8s (x7 over 76s)   kubelet            spec.containers{zigbee2mqtt}: Back-off restarting failed container zigbee2mqtt in pod zigbee2mqtt-6f749bd7b-hnqld_translator-zigbee(31ae8769-a232-40fd-9113-f97332d450da)

=== ts=1777276253 ===
Name:             hermod-coordinator-7d7b88cc46-b7rxz
Namespace:        translator-zigbee
Priority:         0
Service Account:  default
Node:             <pi-host>/<pi-ip>
Start Time:       Mon, 27 Apr 2026 09:50:09 +0200
Labels:           app=hermod-coordinator
                  pod-template-hash=7d7b88cc46
Annotations:      cni.projectcalico.org/containerID: 6f9fd2870bf476961b9c56eec684c0d6ae119ff559d1859e052d05c4b5cd7f88
                  cni.projectcalico.org/podIP: <pod-ip>/32
                  cni.projectcalico.org/podIPs: <pod-ip>/32
Status:           Running
IP:               <pod-ip>
IPs:
  IP:           <pod-ip>
Controlled By:  ReplicaSet/hermod-coordinator-7d7b88cc46
Init Containers:
  wait-for-postgres:
    Container ID:  containerd://80a24eab50e521a263c498ff5efdfaa3405e5ad7454a00215882c416d3b4ca3b
    Image:         busybox:1.36
    Image ID:      docker.io/library/busybox@sha256:73aaf090f3d85aa34ee199857f03fa3a95c8ede2ffd4cc2cdb5b94e566b11662
    Port:          <none>
    Host Port:     <none>
    Command:
      sh
      -c
      until nc -z postgres 5432; do sleep 2; done
    State:          Terminated
      Reason:       Completed
      Exit Code:    0
      Started:      Mon, 27 Apr 2026 09:50:10 +0200
      Finished:     Mon, 27 Apr 2026 09:50:10 +0200
    Ready:          True
    Restart Count:  0
    Environment:
      Hermod__Features__DeviceStateTracking:    true
      Hermod__Engine__LogBatchSize:             100
      Hermod__Engine__LogBatching:              true
      Hermod__Engine__Parallelism:              0
      Hermod__Features__MessagePersistence:     true
      Hermod__Features__RuleAuditLog:           true
      Hermod__Features__RuleCache:              true
      Hermod__Features__StatsRollup:            true
      Hermod__Storage__Mode:                    Postgres
      Logging__LogLevel__Hermod:                Information
      Logging__LogLevel__Microsoft.AspNetCore:  Warning
    Mounts:
      /var/run/secrets/kubernetes.io/serviceaccount from kube-api-access-dnff6 (ro)
  wait-for-nanomq:
    Container ID:  containerd://6bf15dbf348a720db647d7c3fa312d13873d09198b54924eae9447bc30ae9314
    Image:         busybox:1.36
    Image ID:      docker.io/library/busybox@sha256:73aaf090f3d85aa34ee199857f03fa3a95c8ede2ffd4cc2cdb5b94e566b11662
    Port:          <none>
    Host Port:     <none>
    Command:
      sh
      -c
      until nc -z nanomq 1883; do sleep 2; done
    State:          Terminated
      Reason:       Completed
      Exit Code:    0
      Started:      Mon, 27 Apr 2026 09:50:11 +0200
      Finished:     Mon, 27 Apr 2026 09:50:11 +0200
    Ready:          True
    Restart Count:  0
    Environment:
      Hermod__Features__DeviceStateTracking:    true
      Hermod__Engine__LogBatchSize:             100
      Hermod__Engine__LogBatching:              true
      Hermod__Engine__Parallelism:              0
      Hermod__Features__MessagePersistence:     true
      Hermod__Features__RuleAuditLog:           true
      Hermod__Features__RuleCache:              true
      Hermod__Features__StatsRollup:            true
      Hermod__Storage__Mode:                    Postgres
      Logging__LogLevel__Hermod:                Information
      Logging__LogLevel__Microsoft.AspNetCore:  Warning
    Mounts:
      /var/run/secrets/kubernetes.io/serviceaccount from kube-api-access-dnff6 (ro)
Containers:
  hermod-coordinator:
    Container ID:   containerd://da8b3f95fbb43422817d9e07d38cd9f1429d49c7c6d30caad0cf1ec1c3c54e98
    Image:          hermod-coordinator:latest
    Image ID:       sha256:ca91ccdfcd269dd5e4e25d5ffe8d863ca5db57e5c4f62f08c8adf90d23c15eaf
    Port:           42069/TCP (http)
    Host Port:      0/TCP (http)
    State:          Running
      Started:      Mon, 27 Apr 2026 09:50:12 +0200
    Ready:          True
    Restart Count:  0
    Limits:
      cpu:     1500m
      memory:  1536Mi
    Requests:
      cpu:      200m
      memory:   256Mi
    Liveness:   http-get http://:42069/healthz delay=60s timeout=1s period=30s #success=1 #failure=3
    Readiness:  http-get http://:42069/healthz/ready delay=5s timeout=1s period=10s #success=1 #failure=3
    Startup:    http-get http://:42069/healthz delay=0s timeout=1s period=5s #success=1 #failure=30
    Environment:
      ASPNETCORE_ENVIRONMENT:                   Production
      ASPNETCORE_URLS:                          http://+:42069
      DOTNET_USE_POLLING_FILE_WATCHER:          true
      Hermod__Security__AuthBypass:             true
      Hermod__Security__VaultRequireHttps:      false
      Hermod__Features__MetricsEndpoint:        true
      Hermod__Dev__Endpoints:                   true
      Hermod__Mqtt__Host:                       nanomq
      Hermod__Mqtt__Port:                       1883
      Hermod__Mqtt__UseTls:                     false
      Hermod__Mqtt__Tls__UseTls:                false
      Hermod__Mqtt__Username:                   <set to the key 'mqtt-username' in secret 'hermod-secrets'>  Optional: false
      Hermod__Mqtt__Password:                   <set to the key 'mqtt-password' in secret 'hermod-secrets'>  Optional: false
      Hermod__Database__ConnectionString:       Host=postgres;Port=5432;Database=hermod;Username=hermod_app
      Hermod__Database__Password:               <set to the key 'hermod-db-password' in secret 'hermod-db-credentials'>  Optional: false
      Hermod__Features__DeviceStateTracking:    true
      Hermod__Engine__LogBatchSize:             100
      Hermod__Engine__LogBatching:              true
      Hermod__Engine__Parallelism:              0
      Hermod__Features__MessagePersistence:     true
      Hermod__Features__RuleAuditLog:           true
      Hermod__Features__RuleCache:              true
      Hermod__Features__StatsRollup:            true
      Hermod__Storage__Mode:                    Postgres
      Logging__LogLevel__Hermod:                Information
      Logging__LogLevel__Microsoft.AspNetCore:  Warning
    Mounts:
      /var/run/secrets/kubernetes.io/serviceaccount from kube-api-access-dnff6 (ro)
Conditions:
  Type                        Status
  PodReadyToStartContainers   True 
  Initialized                 True 
  Ready                       True 
  ContainersReady             True 
  PodScheduled                True 
Volumes:
  kube-api-access-dnff6:
    Type:                    Projected (a volume that contains injected data from multiple sources)
    TokenExpirationSeconds:  3607
    ConfigMapName:           kube-root-ca.crt
    Optional:                false
    DownwardAPI:             true
QoS Class:                   Burstable
Node-Selectors:              <none>
Tolerations:                 node.kubernetes.io/not-ready:NoExecute op=Exists for 300s
                             node.kubernetes.io/unreachable:NoExecute op=Exists for 300s
Events:
  Type    Reason     Age   From               Message
  ----    ------     ----  ----               -------
  Normal  Scheduled  44s   default-scheduler  Successfully assigned translator-zigbee/hermod-coordinator-7d7b88cc46-b7rxz to <pi-host>
  Normal  Pulled     43s   kubelet            spec.initContainers{wait-for-postgres}: Container image "busybox:1.36" already present on machine
  Normal  Created    43s   kubelet            spec.initContainers{wait-for-postgres}: Created container: wait-for-postgres
  Normal  Started    43s   kubelet            spec.initContainers{wait-for-postgres}: Started container wait-for-postgres
  Normal  Pulled     42s   kubelet            spec.initContainers{wait-for-nanomq}: Container image "busybox:1.36" already present on machine
  Normal  Created    42s   kubelet            spec.initContainers{wait-for-nanomq}: Created container: wait-for-nanomq
  Normal  Started    42s   kubelet            spec.initContainers{wait-for-nanomq}: Started container wait-for-nanomq
  Normal  Pulled     41s   kubelet            spec.containers{hermod-coordinator}: Container image "hermod-coordinator:latest" already present on machine
  Normal  Created    41s   kubelet            spec.containers{hermod-coordinator}: Created container: hermod-coordinator
  Normal  Started    41s   kubelet            spec.containers{hermod-coordinator}: Started container hermod-coordinator


Name:             nanomq-756fd88db6-vhv5g
Namespace:        translator-zigbee
Priority:         0
Service Account:  default
Node:             <pi-host>/<pi-ip>
Start Time:       Mon, 27 Apr 2026 09:49:20 +0200
Labels:           app=nanomq
                  pod-template-hash=756fd88db6
Annotations:      cni.projectcalico.org/containerID: a3a4f02780450d074339dc07fdd6e0f8e761fe12187fa30153e912d7227d3b4c
                  cni.projectcalico.org/podIP: <pod-ip>/32
                  cni.projectcalico.org/podIPs: <pod-ip>/32
Status:           Running
IP:               <pod-ip>
IPs:
  IP:           <pod-ip>
Controlled By:  ReplicaSet/nanomq-756fd88db6
Containers:
  nanomq:
    Container ID:   containerd://16bc15beddea3bebae52dddabec0fa0daff7437988feac08c163839ad209ac7d
    Image:          emqx/nanomq:0.21-slim
    Image ID:       docker.io/emqx/nanomq@sha256:53bea7acb547aced1cc45e08c514628f1e41c4da9ad544fd8c5fa96d3e9eb41b
    Ports:          1883/TCP (mqtt), 8081/TCP (http)
    Host Ports:     0/TCP (mqtt), 0/TCP (http)
    State:          Running
      Started:      Mon, 27 Apr 2026 09:49:21 +0200
    Ready:          True
    Restart Count:  0
    Limits:
      cpu:     1
      memory:  512Mi
    Requests:
      cpu:        50m
      memory:     64Mi
    Readiness:    tcp-socket :1883 delay=3s timeout=1s period=5s #success=1 #failure=3
    Environment:  <none>
    Mounts:
      /etc/nanomq.conf from config (rw,path="nanomq.conf")
      /var/run/secrets/kubernetes.io/serviceaccount from kube-api-access-v8gft (ro)
Conditions:
  Type                        Status
  PodReadyToStartContainers   True 
  Initialized                 True 
  Ready                       True 
  ContainersReady             True 
  PodScheduled                True 
Volumes:
  config:
    Type:      ConfigMap (a volume populated by a ConfigMap)
    Name:      nanomq-config
    Optional:  false
  kube-api-access-v8gft:
    Type:                    Projected (a volume that contains injected data from multiple sources)
    TokenExpirationSeconds:  3607
    ConfigMapName:           kube-root-ca.crt
    Optional:                false
    DownwardAPI:             true
QoS Class:                   Burstable
Node-Selectors:              <none>
Tolerations:                 node.kubernetes.io/not-ready:NoExecute op=Exists for 300s
                             node.kubernetes.io/unreachable:NoExecute op=Exists for 300s
Events:
  Type    Reason     Age   From               Message
  ----    ------     ----  ----               -------
  Normal  Scheduled  92s   default-scheduler  Successfully assigned translator-zigbee/nanomq-756fd88db6-vhv5g to <pi-host>
  Normal  Pulled     92s   kubelet            spec.containers{nanomq}: Container image "emqx/nanomq:0.21-slim" already present on machine
  Normal  Created    92s   kubelet            spec.containers{nanomq}: Created container: nanomq
  Normal  Started    92s   kubelet            spec.containers{nanomq}: Started container nanomq


Name:             postgres-0
Namespace:        translator-zigbee
Priority:         0
Service Account:  default
Node:             <pi-host>/<pi-ip>
Start Time:       Mon, 27 Apr 2026 09:49:26 +0200
Labels:           app=postgres
                  apps.kubernetes.io/pod-index=0
                  controller-revision-hash=postgres-848ccb988d
                  statefulset.kubernetes.io/pod-name=postgres-0
Annotations:      cni.projectcalico.org/containerID: b990af0d9d729b83832263f843950a380aa339b9087841ab4fe4ca7575110bb9
                  cni.projectcalico.org/podIP: <pod-ip>/32
                  cni.projectcalico.org/podIPs: <pod-ip>/32
Status:           Running
IP:               <pod-ip>
IPs:
  IP:           <pod-ip>
Controlled By:  StatefulSet/postgres
Containers:
  postgres:
    Container ID:   containerd://f83e5a4387e0a14e8077305dbcdeba3cc7b9b1970751ae25482015d718169132
    Image:          postgres:17-alpine
    Image ID:       docker.io/library/postgres@sha256:778d0b486d6daa02b77434d0358ec57a1b21fd8b6d22ac2eef56a33e816928f6
    Port:           5432/TCP
    Host Port:      0/TCP
    State:          Running
      Started:      Mon, 27 Apr 2026 09:49:27 +0200
    Ready:          True
    Restart Count:  0
    Limits:
      cpu:     1500m
      memory:  1536Mi
    Requests:
      cpu:      100m
      memory:   256Mi
    Readiness:  exec [pg_isready -U postgres] delay=5s timeout=1s period=5s #success=1 #failure=3
    Environment:
      POSTGRES_DB:        postgres
      POSTGRES_USER:      postgres
      POSTGRES_PASSWORD:  <set to the key 'postgres-superuser-password' in secret 'hermod-secrets'>  Optional: false
    Mounts:
      /docker-entrypoint-initdb.d from init (rw)
      /var/lib/postgresql/data from data (rw)
      /var/run/secrets/kubernetes.io/serviceaccount from kube-api-access-vnw56 (ro)
Conditions:
  Type                        Status
  PodReadyToStartContainers   True 
  Initialized                 True 
  Ready                       True 
  ContainersReady             True 
  PodScheduled                True 
Volumes:
  data:
    Type:       PersistentVolumeClaim (a reference to a PersistentVolumeClaim in the same namespace)
    ClaimName:  data-postgres-0
    ReadOnly:   false
  init:
    Type:      ConfigMap (a volume populated by a ConfigMap)
    Name:      postgres-init
    Optional:  false
  kube-api-access-vnw56:
    Type:                    Projected (a volume that contains injected data from multiple sources)
    TokenExpirationSeconds:  3607
    ConfigMapName:           kube-root-ca.crt
    Optional:                false
    DownwardAPI:             true
QoS Class:                   Burstable
Node-Selectors:              <none>
Tolerations:                 node.kubernetes.io/not-ready:NoExecute op=Exists for 300s
                             node.kubernetes.io/unreachable:NoExecute op=Exists for 300s
Events:
  Type    Reason     Age   From               Message
  ----    ------     ----  ----               -------
  Normal  Scheduled  87s   default-scheduler  Successfully assigned translator-zigbee/postgres-0 to <pi-host>
  Normal  Pulled     86s   kubelet            spec.containers{postgres}: Container image "postgres:17-alpine" already present on machine
  Normal  Created    86s   kubelet            spec.containers{postgres}: Created container: postgres
  Normal  Started    86s   kubelet            spec.containers{postgres}: Started container postgres


Name:             zigbee2mqtt-6f749bd7b-hnqld
Namespace:        translator-zigbee
Priority:         0
Service Account:  default
Node:             <pi-host>/<pi-ip>
Start Time:       Mon, 27 Apr 2026 09:49:20 +0200
Labels:           app=zigbee2mqtt
                  pod-template-hash=6f749bd7b
Annotations:      cni.projectcalico.org/containerID: 40f3d4c372aacc8caf6d2d8c550e8e8785170a590e20fd2ce4403319ab2db42b
                  cni.projectcalico.org/podIP: <pod-ip>/32
                  cni.projectcalico.org/podIPs: <pod-ip>/32
Status:           Running
IP:               <pod-ip>
IPs:
  IP:           <pod-ip>
Controlled By:  ReplicaSet/zigbee2mqtt-6f749bd7b
Containers:
  zigbee2mqtt:
    Container ID:   containerd://a5a5b635316b015ac4385adac04e53ec1134242183a9c42a55585cf80cf9945a
    Image:          koenkk/zigbee2mqtt:latest
    Image ID:       docker.io/koenkk/zigbee2mqtt@sha256:2a21bbf7a664a149024bbe1f776e3151f28ed9db15948270dcbffb89544a41f0
    Port:           8080/TCP (http)
    Host Port:      0/TCP (http)
    State:          Terminated
      Reason:       Error
      Exit Code:    1
      Started:      Mon, 27 Apr 2026 09:50:48 +0200
      Finished:     Mon, 27 Apr 2026 09:50:49 +0200
    Last State:     Terminated
      Reason:       Error
      Exit Code:    1
      Started:      Mon, 27 Apr 2026 09:50:06 +0200
      Finished:     Mon, 27 Apr 2026 09:50:07 +0200
    Ready:          False
    Restart Count:  4
    Limits:
      cpu:     1
      memory:  512Mi
    Requests:
      cpu:     100m
      memory:  128Mi
    Environment:
      TZ:                                Europe/Bratislava
      ZIGBEE2MQTT_CONFIG_MQTT_USER:      <set to the key 'mqtt-username' in secret 'hermod-secrets'>  Optional: false
      ZIGBEE2MQTT_CONFIG_MQTT_PASSWORD:  <set to the key 'mqtt-password' in secret 'hermod-secrets'>  Optional: false
    Mounts:
      /app/data from data (rw)
      /app/data/configuration.yaml from config (rw,path="configuration.yaml")
      /dev/ttyUSB0 from zigbee-device (rw)
      /var/run/secrets/kubernetes.io/serviceaccount from kube-api-access-69lx4 (ro)
Conditions:
  Type                        Status
  PodReadyToStartContainers   True 
  Initialized                 True 
  Ready                       False 
  ContainersReady             False 
  PodScheduled                True 
Volumes:
  data:
    Type:       EmptyDir (a temporary directory that shares a pod's lifetime)
    Medium:     
    SizeLimit:  <unset>
  config:
    Type:      ConfigMap (a volume populated by a ConfigMap)
    Name:      zigbee2mqtt-config
    Optional:  false
  zigbee-device:
    Type:          HostPath (bare host directory volume)
    Path:          /dev/ttyUSB0
    HostPathType:  CharDevice
  kube-api-access-69lx4:
    Type:                    Projected (a volume that contains injected data from multiple sources)
    TokenExpirationSeconds:  3607
    ConfigMapName:           kube-root-ca.crt
    Optional:                false
    DownwardAPI:             true
QoS Class:                   Burstable
Node-Selectors:              hermod.io/zigbee=true
Tolerations:                 node.kubernetes.io/not-ready:NoExecute op=Exists for 300s
                             node.kubernetes.io/unreachable:NoExecute op=Exists for 300s
Events:
  Type     Reason     Age               From               Message
  ----     ------     ----              ----               -------
  Normal   Scheduled  92s               default-scheduler  Successfully assigned translator-zigbee/zigbee2mqtt-6f749bd7b-hnqld to <pi-host>
  Normal   Pulled     5s (x5 over 92s)  kubelet            spec.containers{zigbee2mqtt}: Container image "koenkk/zigbee2mqtt:latest" already present on machine
  Normal   Created    5s (x5 over 92s)  kubelet            spec.containers{zigbee2mqtt}: Created container: zigbee2mqtt
  Normal   Started    5s (x5 over 91s)  kubelet            spec.containers{zigbee2mqtt}: Started container zigbee2mqtt
  Warning  BackOff    3s (x8 over 87s)  kubelet            spec.containers{zigbee2mqtt}: Back-off restarting failed container zigbee2mqtt in pod zigbee2mqtt-6f749bd7b-hnqld_translator-zigbee(31ae8769-a232-40fd-9113-f97332d450da)

=== ts=1777276264 ===
Name:             hermod-coordinator-7d7b88cc46-b7rxz
Namespace:        translator-zigbee
Priority:         0
Service Account:  default
Node:             <pi-host>/<pi-ip>
Start Time:       Mon, 27 Apr 2026 09:50:09 +0200
Labels:           app=hermod-coordinator
                  pod-template-hash=7d7b88cc46
Annotations:      cni.projectcalico.org/containerID: 6f9fd2870bf476961b9c56eec684c0d6ae119ff559d1859e052d05c4b5cd7f88
                  cni.projectcalico.org/podIP: <pod-ip>/32
                  cni.projectcalico.org/podIPs: <pod-ip>/32
Status:           Running
IP:               <pod-ip>
IPs:
  IP:           <pod-ip>
Controlled By:  ReplicaSet/hermod-coordinator-7d7b88cc46
Init Containers:
  wait-for-postgres:
    Container ID:  containerd://80a24eab50e521a263c498ff5efdfaa3405e5ad7454a00215882c416d3b4ca3b
    Image:         busybox:1.36
    Image ID:      docker.io/library/busybox@sha256:73aaf090f3d85aa34ee199857f03fa3a95c8ede2ffd4cc2cdb5b94e566b11662
    Port:          <none>
    Host Port:     <none>
    Command:
      sh
      -c
      until nc -z postgres 5432; do sleep 2; done
    State:          Terminated
      Reason:       Completed
      Exit Code:    0
      Started:      Mon, 27 Apr 2026 09:50:10 +0200
      Finished:     Mon, 27 Apr 2026 09:50:10 +0200
    Ready:          True
    Restart Count:  0
    Environment:
      Hermod__Features__DeviceStateTracking:    true
      Hermod__Engine__LogBatchSize:             100
      Hermod__Engine__LogBatching:              true
      Hermod__Engine__Parallelism:              0
      Hermod__Features__MessagePersistence:     true
      Hermod__Features__RuleAuditLog:           true
      Hermod__Features__RuleCache:              true
      Hermod__Features__StatsRollup:            true
      Hermod__Storage__Mode:                    Postgres
      Logging__LogLevel__Hermod:                Information
      Logging__LogLevel__Microsoft.AspNetCore:  Warning
    Mounts:
      /var/run/secrets/kubernetes.io/serviceaccount from kube-api-access-dnff6 (ro)
  wait-for-nanomq:
    Container ID:  containerd://6bf15dbf348a720db647d7c3fa312d13873d09198b54924eae9447bc30ae9314
    Image:         busybox:1.36
    Image ID:      docker.io/library/busybox@sha256:73aaf090f3d85aa34ee199857f03fa3a95c8ede2ffd4cc2cdb5b94e566b11662
    Port:          <none>
    Host Port:     <none>
    Command:
      sh
      -c
      until nc -z nanomq 1883; do sleep 2; done
    State:          Terminated
      Reason:       Completed
      Exit Code:    0
      Started:      Mon, 27 Apr 2026 09:50:11 +0200
      Finished:     Mon, 27 Apr 2026 09:50:11 +0200
    Ready:          True
    Restart Count:  0
    Environment:
      Hermod__Features__DeviceStateTracking:    true
      Hermod__Engine__LogBatchSize:             100
      Hermod__Engine__LogBatching:              true
      Hermod__Engine__Parallelism:              0
      Hermod__Features__MessagePersistence:     true
      Hermod__Features__RuleAuditLog:           true
      Hermod__Features__RuleCache:              true
      Hermod__Features__StatsRollup:            true
      Hermod__Storage__Mode:                    Postgres
      Logging__LogLevel__Hermod:                Information
      Logging__LogLevel__Microsoft.AspNetCore:  Warning
    Mounts:
      /var/run/secrets/kubernetes.io/serviceaccount from kube-api-access-dnff6 (ro)
Containers:
  hermod-coordinator:
    Container ID:   containerd://da8b3f95fbb43422817d9e07d38cd9f1429d49c7c6d30caad0cf1ec1c3c54e98
    Image:          hermod-coordinator:latest
    Image ID:       sha256:ca91ccdfcd269dd5e4e25d5ffe8d863ca5db57e5c4f62f08c8adf90d23c15eaf
    Port:           42069/TCP (http)
    Host Port:      0/TCP (http)
    State:          Running
      Started:      Mon, 27 Apr 2026 09:50:12 +0200
    Ready:          True
    Restart Count:  0
    Limits:
      cpu:     1500m
      memory:  1536Mi
    Requests:
      cpu:      200m
      memory:   256Mi
    Liveness:   http-get http://:42069/healthz delay=60s timeout=1s period=30s #success=1 #failure=3
    Readiness:  http-get http://:42069/healthz/ready delay=5s timeout=1s period=10s #success=1 #failure=3
    Startup:    http-get http://:42069/healthz delay=0s timeout=1s period=5s #success=1 #failure=30
    Environment:
      ASPNETCORE_ENVIRONMENT:                   Production
      ASPNETCORE_URLS:                          http://+:42069
      DOTNET_USE_POLLING_FILE_WATCHER:          true
      Hermod__Security__AuthBypass:             true
      Hermod__Security__VaultRequireHttps:      false
      Hermod__Features__MetricsEndpoint:        true
      Hermod__Dev__Endpoints:                   true
      Hermod__Mqtt__Host:                       nanomq
      Hermod__Mqtt__Port:                       1883
      Hermod__Mqtt__UseTls:                     false
      Hermod__Mqtt__Tls__UseTls:                false
      Hermod__Mqtt__Username:                   <set to the key 'mqtt-username' in secret 'hermod-secrets'>  Optional: false
      Hermod__Mqtt__Password:                   <set to the key 'mqtt-password' in secret 'hermod-secrets'>  Optional: false
      Hermod__Database__ConnectionString:       Host=postgres;Port=5432;Database=hermod;Username=hermod_app
      Hermod__Database__Password:               <set to the key 'hermod-db-password' in secret 'hermod-db-credentials'>  Optional: false
      Hermod__Features__DeviceStateTracking:    true
      Hermod__Engine__LogBatchSize:             100
      Hermod__Engine__LogBatching:              true
      Hermod__Engine__Parallelism:              0
      Hermod__Features__MessagePersistence:     true
      Hermod__Features__RuleAuditLog:           true
      Hermod__Features__RuleCache:              true
      Hermod__Features__StatsRollup:            true
      Hermod__Storage__Mode:                    Postgres
      Logging__LogLevel__Hermod:                Information
      Logging__LogLevel__Microsoft.AspNetCore:  Warning
    Mounts:
      /var/run/secrets/kubernetes.io/serviceaccount from kube-api-access-dnff6 (ro)
Conditions:
  Type                        Status
  PodReadyToStartContainers   True 
  Initialized                 True 
  Ready                       True 
  ContainersReady             True 
  PodScheduled                True 
Volumes:
  kube-api-access-dnff6:
    Type:                    Projected (a volume that contains injected data from multiple sources)
    TokenExpirationSeconds:  3607
    ConfigMapName:           kube-root-ca.crt
    Optional:                false
    DownwardAPI:             true
QoS Class:                   Burstable
Node-Selectors:              <none>
Tolerations:                 node.kubernetes.io/not-ready:NoExecute op=Exists for 300s
                             node.kubernetes.io/unreachable:NoExecute op=Exists for 300s
Events:
  Type    Reason     Age   From               Message
  ----    ------     ----  ----               -------
  Normal  Scheduled  55s   default-scheduler  Successfully assigned translator-zigbee/hermod-coordinator-7d7b88cc46-b7rxz to <pi-host>
  Normal  Pulled     54s   kubelet            spec.initContainers{wait-for-postgres}: Container image "busybox:1.36" already present on machine
  Normal  Created    54s   kubelet            spec.initContainers{wait-for-postgres}: Created container: wait-for-postgres
  Normal  Started    54s   kubelet            spec.initContainers{wait-for-postgres}: Started container wait-for-postgres
  Normal  Pulled     53s   kubelet            spec.initContainers{wait-for-nanomq}: Container image "busybox:1.36" already present on machine
  Normal  Created    53s   kubelet            spec.initContainers{wait-for-nanomq}: Created container: wait-for-nanomq
  Normal  Started    53s   kubelet            spec.initContainers{wait-for-nanomq}: Started container wait-for-nanomq
  Normal  Pulled     52s   kubelet            spec.containers{hermod-coordinator}: Container image "hermod-coordinator:latest" already present on machine
  Normal  Created    52s   kubelet            spec.containers{hermod-coordinator}: Created container: hermod-coordinator
  Normal  Started    52s   kubelet            spec.containers{hermod-coordinator}: Started container hermod-coordinator


Name:             nanomq-756fd88db6-vhv5g
Namespace:        translator-zigbee
Priority:         0
Service Account:  default
Node:             <pi-host>/<pi-ip>
Start Time:       Mon, 27 Apr 2026 09:49:20 +0200
Labels:           app=nanomq
                  pod-template-hash=756fd88db6
Annotations:      cni.projectcalico.org/containerID: a3a4f02780450d074339dc07fdd6e0f8e761fe12187fa30153e912d7227d3b4c
                  cni.projectcalico.org/podIP: <pod-ip>/32
                  cni.projectcalico.org/podIPs: <pod-ip>/32
Status:           Running
IP:               <pod-ip>
IPs:
  IP:           <pod-ip>
Controlled By:  ReplicaSet/nanomq-756fd88db6
Containers:
  nanomq:
    Container ID:   containerd://16bc15beddea3bebae52dddabec0fa0daff7437988feac08c163839ad209ac7d
    Image:          emqx/nanomq:0.21-slim
    Image ID:       docker.io/emqx/nanomq@sha256:53bea7acb547aced1cc45e08c514628f1e41c4da9ad544fd8c5fa96d3e9eb41b
    Ports:          1883/TCP (mqtt), 8081/TCP (http)
    Host Ports:     0/TCP (mqtt), 0/TCP (http)
    State:          Running
      Started:      Mon, 27 Apr 2026 09:49:21 +0200
    Ready:          True
    Restart Count:  0
    Limits:
      cpu:     1
      memory:  512Mi
    Requests:
      cpu:        50m
      memory:     64Mi
    Readiness:    tcp-socket :1883 delay=3s timeout=1s period=5s #success=1 #failure=3
    Environment:  <none>
    Mounts:
      /etc/nanomq.conf from config (rw,path="nanomq.conf")
      /var/run/secrets/kubernetes.io/serviceaccount from kube-api-access-v8gft (ro)
Conditions:
  Type                        Status
  PodReadyToStartContainers   True 
  Initialized                 True 
  Ready                       True 
  ContainersReady             True 
  PodScheduled                True 
Volumes:
  config:
    Type:      ConfigMap (a volume populated by a ConfigMap)
    Name:      nanomq-config
    Optional:  false
  kube-api-access-v8gft:
    Type:                    Projected (a volume that contains injected data from multiple sources)
    TokenExpirationSeconds:  3607
    ConfigMapName:           kube-root-ca.crt
    Optional:                false
    DownwardAPI:             true
QoS Class:                   Burstable
Node-Selectors:              <none>
Tolerations:                 node.kubernetes.io/not-ready:NoExecute op=Exists for 300s
                             node.kubernetes.io/unreachable:NoExecute op=Exists for 300s
Events:
  Type    Reason     Age   From               Message
  ----    ------     ----  ----               -------
  Normal  Scheduled  104s  default-scheduler  Successfully assigned translator-zigbee/nanomq-756fd88db6-vhv5g to <pi-host>
  Normal  Pulled     103s  kubelet            spec.containers{nanomq}: Container image "emqx/nanomq:0.21-slim" already present on machine
  Normal  Created    103s  kubelet            spec.containers{nanomq}: Created container: nanomq
  Normal  Started    103s  kubelet            spec.containers{nanomq}: Started container nanomq


Name:             postgres-0
Namespace:        translator-zigbee
Priority:         0
Service Account:  default
Node:             <pi-host>/<pi-ip>
Start Time:       Mon, 27 Apr 2026 09:49:26 +0200
Labels:           app=postgres
                  apps.kubernetes.io/pod-index=0
                  controller-revision-hash=postgres-848ccb988d
                  statefulset.kubernetes.io/pod-name=postgres-0
Annotations:      cni.projectcalico.org/containerID: b990af0d9d729b83832263f843950a380aa339b9087841ab4fe4ca7575110bb9
                  cni.projectcalico.org/podIP: <pod-ip>/32
                  cni.projectcalico.org/podIPs: <pod-ip>/32
Status:           Running
IP:               <pod-ip>
IPs:
  IP:           <pod-ip>
Controlled By:  StatefulSet/postgres
Containers:
  postgres:
    Container ID:   containerd://f83e5a4387e0a14e8077305dbcdeba3cc7b9b1970751ae25482015d718169132
    Image:          postgres:17-alpine
    Image ID:       docker.io/library/postgres@sha256:778d0b486d6daa02b77434d0358ec57a1b21fd8b6d22ac2eef56a33e816928f6
    Port:           5432/TCP
    Host Port:      0/TCP
    State:          Running
      Started:      Mon, 27 Apr 2026 09:49:27 +0200
    Ready:          True
    Restart Count:  0
    Limits:
      cpu:     1500m
      memory:  1536Mi
    Requests:
      cpu:      100m
      memory:   256Mi
    Readiness:  exec [pg_isready -U postgres] delay=5s timeout=1s period=5s #success=1 #failure=3
    Environment:
      POSTGRES_DB:        postgres
      POSTGRES_USER:      postgres
      POSTGRES_PASSWORD:  <set to the key 'postgres-superuser-password' in secret 'hermod-secrets'>  Optional: false
    Mounts:
      /docker-entrypoint-initdb.d from init (rw)
      /var/lib/postgresql/data from data (rw)
      /var/run/secrets/kubernetes.io/serviceaccount from kube-api-access-vnw56 (ro)
Conditions:
  Type                        Status
  PodReadyToStartContainers   True 
  Initialized                 True 
  Ready                       True 
  ContainersReady             True 
  PodScheduled                True 
Volumes:
  data:
    Type:       PersistentVolumeClaim (a reference to a PersistentVolumeClaim in the same namespace)
    ClaimName:  data-postgres-0
    ReadOnly:   false
  init:
    Type:      ConfigMap (a volume populated by a ConfigMap)
    Name:      postgres-init
    Optional:  false
  kube-api-access-vnw56:
    Type:                    Projected (a volume that contains injected data from multiple sources)
    TokenExpirationSeconds:  3607
    ConfigMapName:           kube-root-ca.crt
    Optional:                false
    DownwardAPI:             true
QoS Class:                   Burstable
Node-Selectors:              <none>
Tolerations:                 node.kubernetes.io/not-ready:NoExecute op=Exists for 300s
                             node.kubernetes.io/unreachable:NoExecute op=Exists for 300s
Events:
  Type    Reason     Age   From               Message
  ----    ------     ----  ----               -------
  Normal  Scheduled  98s   default-scheduler  Successfully assigned translator-zigbee/postgres-0 to <pi-host>
  Normal  Pulled     97s   kubelet            spec.containers{postgres}: Container image "postgres:17-alpine" already present on machine
  Normal  Created    97s   kubelet            spec.containers{postgres}: Created container: postgres
  Normal  Started    97s   kubelet            spec.containers{postgres}: Started container postgres


Name:             zigbee2mqtt-6f749bd7b-hnqld
Namespace:        translator-zigbee
Priority:         0
Service Account:  default
Node:             <pi-host>/<pi-ip>
Start Time:       Mon, 27 Apr 2026 09:49:20 +0200
Labels:           app=zigbee2mqtt
                  pod-template-hash=6f749bd7b
Annotations:      cni.projectcalico.org/containerID: 40f3d4c372aacc8caf6d2d8c550e8e8785170a590e20fd2ce4403319ab2db42b
                  cni.projectcalico.org/podIP: <pod-ip>/32
                  cni.projectcalico.org/podIPs: <pod-ip>/32
Status:           Running
IP:               <pod-ip>
IPs:
  IP:           <pod-ip>
Controlled By:  ReplicaSet/zigbee2mqtt-6f749bd7b
Containers:
  zigbee2mqtt:
    Container ID:   containerd://a5a5b635316b015ac4385adac04e53ec1134242183a9c42a55585cf80cf9945a
    Image:          koenkk/zigbee2mqtt:latest
    Image ID:       docker.io/koenkk/zigbee2mqtt@sha256:2a21bbf7a664a149024bbe1f776e3151f28ed9db15948270dcbffb89544a41f0
    Port:           8080/TCP (http)
    Host Port:      0/TCP (http)
    State:          Waiting
      Reason:       CrashLoopBackOff
    Last State:     Terminated
      Reason:       Error
      Exit Code:    1
      Started:      Mon, 27 Apr 2026 09:50:48 +0200
      Finished:     Mon, 27 Apr 2026 09:50:49 +0200
    Ready:          False
    Restart Count:  4
    Limits:
      cpu:     1
      memory:  512Mi
    Requests:
      cpu:     100m
      memory:  128Mi
    Environment:
      TZ:                                Europe/Bratislava
      ZIGBEE2MQTT_CONFIG_MQTT_USER:      <set to the key 'mqtt-username' in secret 'hermod-secrets'>  Optional: false
      ZIGBEE2MQTT_CONFIG_MQTT_PASSWORD:  <set to the key 'mqtt-password' in secret 'hermod-secrets'>  Optional: false
    Mounts:
      /app/data from data (rw)
      /app/data/configuration.yaml from config (rw,path="configuration.yaml")
      /dev/ttyUSB0 from zigbee-device (rw)
      /var/run/secrets/kubernetes.io/serviceaccount from kube-api-access-69lx4 (ro)
Conditions:
  Type                        Status
  PodReadyToStartContainers   True 
  Initialized                 True 
  Ready                       False 
  ContainersReady             False 
  PodScheduled                True 
Volumes:
  data:
    Type:       EmptyDir (a temporary directory that shares a pod's lifetime)
    Medium:     
    SizeLimit:  <unset>
  config:
    Type:      ConfigMap (a volume populated by a ConfigMap)
    Name:      zigbee2mqtt-config
    Optional:  false
  zigbee-device:
    Type:          HostPath (bare host directory volume)
    Path:          /dev/ttyUSB0
    HostPathType:  CharDevice
  kube-api-access-69lx4:
    Type:                    Projected (a volume that contains injected data from multiple sources)
    TokenExpirationSeconds:  3607
    ConfigMapName:           kube-root-ca.crt
    Optional:                false
    DownwardAPI:             true
QoS Class:                   Burstable
Node-Selectors:              hermod.io/zigbee=true
Tolerations:                 node.kubernetes.io/not-ready:NoExecute op=Exists for 300s
                             node.kubernetes.io/unreachable:NoExecute op=Exists for 300s
Events:
  Type     Reason     Age                 From               Message
  ----     ------     ----                ----               -------
  Normal   Scheduled  103s                default-scheduler  Successfully assigned translator-zigbee/zigbee2mqtt-6f749bd7b-hnqld to <pi-host>
  Normal   Pulled     16s (x5 over 103s)  kubelet            spec.containers{zigbee2mqtt}: Container image "koenkk/zigbee2mqtt:latest" already present on machine
  Normal   Created    16s (x5 over 103s)  kubelet            spec.containers{zigbee2mqtt}: Created container: zigbee2mqtt
  Normal   Started    16s (x5 over 102s)  kubelet            spec.containers{zigbee2mqtt}: Started container zigbee2mqtt
  Warning  BackOff    2s (x9 over 98s)    kubelet            spec.containers{zigbee2mqtt}: Back-off restarting failed container zigbee2mqtt in pod zigbee2mqtt-6f749bd7b-hnqld_translator-zigbee(31ae8769-a232-40fd-9113-f97332d450da)

=== ts=1777276276 ===
Name:             hermod-coordinator-7d7b88cc46-b7rxz
Namespace:        translator-zigbee
Priority:         0
Service Account:  default
Node:             <pi-host>/<pi-ip>
Start Time:       Mon, 27 Apr 2026 09:50:09 +0200
Labels:           app=hermod-coordinator
                  pod-template-hash=7d7b88cc46
Annotations:      cni.projectcalico.org/containerID: 6f9fd2870bf476961b9c56eec684c0d6ae119ff559d1859e052d05c4b5cd7f88
                  cni.projectcalico.org/podIP: <pod-ip>/32
                  cni.projectcalico.org/podIPs: <pod-ip>/32
Status:           Running
IP:               <pod-ip>
IPs:
  IP:           <pod-ip>
Controlled By:  ReplicaSet/hermod-coordinator-7d7b88cc46
Init Containers:
  wait-for-postgres:
    Container ID:  containerd://80a24eab50e521a263c498ff5efdfaa3405e5ad7454a00215882c416d3b4ca3b
    Image:         busybox:1.36
    Image ID:      docker.io/library/busybox@sha256:73aaf090f3d85aa34ee199857f03fa3a95c8ede2ffd4cc2cdb5b94e566b11662
    Port:          <none>
    Host Port:     <none>
    Command:
      sh
      -c
      until nc -z postgres 5432; do sleep 2; done
    State:          Terminated
      Reason:       Completed
      Exit Code:    0
      Started:      Mon, 27 Apr 2026 09:50:10 +0200
      Finished:     Mon, 27 Apr 2026 09:50:10 +0200
    Ready:          True
    Restart Count:  0
    Environment:
      Hermod__Features__DeviceStateTracking:    true
      Hermod__Engine__LogBatchSize:             100
      Hermod__Engine__LogBatching:              true
      Hermod__Engine__Parallelism:              0
      Hermod__Features__MessagePersistence:     true
      Hermod__Features__RuleAuditLog:           true
      Hermod__Features__RuleCache:              true
      Hermod__Features__StatsRollup:            true
      Hermod__Storage__Mode:                    Postgres
      Logging__LogLevel__Hermod:                Information
      Logging__LogLevel__Microsoft.AspNetCore:  Warning
    Mounts:
      /var/run/secrets/kubernetes.io/serviceaccount from kube-api-access-dnff6 (ro)
  wait-for-nanomq:
    Container ID:  containerd://6bf15dbf348a720db647d7c3fa312d13873d09198b54924eae9447bc30ae9314
    Image:         busybox:1.36
    Image ID:      docker.io/library/busybox@sha256:73aaf090f3d85aa34ee199857f03fa3a95c8ede2ffd4cc2cdb5b94e566b11662
    Port:          <none>
    Host Port:     <none>
    Command:
      sh
      -c
      until nc -z nanomq 1883; do sleep 2; done
    State:          Terminated
      Reason:       Completed
      Exit Code:    0
      Started:      Mon, 27 Apr 2026 09:50:11 +0200
      Finished:     Mon, 27 Apr 2026 09:50:11 +0200
    Ready:          True
    Restart Count:  0
    Environment:
      Hermod__Features__DeviceStateTracking:    true
      Hermod__Engine__LogBatchSize:             100
      Hermod__Engine__LogBatching:              true
      Hermod__Engine__Parallelism:              0
      Hermod__Features__MessagePersistence:     true
      Hermod__Features__RuleAuditLog:           true
      Hermod__Features__RuleCache:              true
      Hermod__Features__StatsRollup:            true
      Hermod__Storage__Mode:                    Postgres
      Logging__LogLevel__Hermod:                Information
      Logging__LogLevel__Microsoft.AspNetCore:  Warning
    Mounts:
      /var/run/secrets/kubernetes.io/serviceaccount from kube-api-access-dnff6 (ro)
Containers:
  hermod-coordinator:
    Container ID:   containerd://da8b3f95fbb43422817d9e07d38cd9f1429d49c7c6d30caad0cf1ec1c3c54e98
    Image:          hermod-coordinator:latest
    Image ID:       sha256:ca91ccdfcd269dd5e4e25d5ffe8d863ca5db57e5c4f62f08c8adf90d23c15eaf
    Port:           42069/TCP (http)
    Host Port:      0/TCP (http)
    State:          Running
      Started:      Mon, 27 Apr 2026 09:50:12 +0200
    Ready:          True
    Restart Count:  0
    Limits:
      cpu:     1500m
      memory:  1536Mi
    Requests:
      cpu:      200m
      memory:   256Mi
    Liveness:   http-get http://:42069/healthz delay=60s timeout=1s period=30s #success=1 #failure=3
    Readiness:  http-get http://:42069/healthz/ready delay=5s timeout=1s period=10s #success=1 #failure=3
    Startup:    http-get http://:42069/healthz delay=0s timeout=1s period=5s #success=1 #failure=30
    Environment:
      ASPNETCORE_ENVIRONMENT:                   Production
      ASPNETCORE_URLS:                          http://+:42069
      DOTNET_USE_POLLING_FILE_WATCHER:          true
      Hermod__Security__AuthBypass:             true
      Hermod__Security__VaultRequireHttps:      false
      Hermod__Features__MetricsEndpoint:        true
      Hermod__Dev__Endpoints:                   true
      Hermod__Mqtt__Host:                       nanomq
      Hermod__Mqtt__Port:                       1883
      Hermod__Mqtt__UseTls:                     false
      Hermod__Mqtt__Tls__UseTls:                false
      Hermod__Mqtt__Username:                   <set to the key 'mqtt-username' in secret 'hermod-secrets'>  Optional: false
      Hermod__Mqtt__Password:                   <set to the key 'mqtt-password' in secret 'hermod-secrets'>  Optional: false
      Hermod__Database__ConnectionString:       Host=postgres;Port=5432;Database=hermod;Username=hermod_app
      Hermod__Database__Password:               <set to the key 'hermod-db-password' in secret 'hermod-db-credentials'>  Optional: false
      Hermod__Features__DeviceStateTracking:    true
      Hermod__Engine__LogBatchSize:             100
      Hermod__Engine__LogBatching:              true
      Hermod__Engine__Parallelism:              0
      Hermod__Features__MessagePersistence:     true
      Hermod__Features__RuleAuditLog:           true
      Hermod__Features__RuleCache:              true
      Hermod__Features__StatsRollup:            true
      Hermod__Storage__Mode:                    Postgres
      Logging__LogLevel__Hermod:                Information
      Logging__LogLevel__Microsoft.AspNetCore:  Warning
    Mounts:
      /var/run/secrets/kubernetes.io/serviceaccount from kube-api-access-dnff6 (ro)
Conditions:
  Type                        Status
  PodReadyToStartContainers   True 
  Initialized                 True 
  Ready                       True 
  ContainersReady             True 
  PodScheduled                True 
Volumes:
  kube-api-access-dnff6:
    Type:                    Projected (a volume that contains injected data from multiple sources)
    TokenExpirationSeconds:  3607
    ConfigMapName:           kube-root-ca.crt
    Optional:                false
    DownwardAPI:             true
QoS Class:                   Burstable
Node-Selectors:              <none>
Tolerations:                 node.kubernetes.io/not-ready:NoExecute op=Exists for 300s
                             node.kubernetes.io/unreachable:NoExecute op=Exists for 300s
Events:
  Type    Reason     Age   From               Message
  ----    ------     ----  ----               -------
  Normal  Scheduled  67s   default-scheduler  Successfully assigned translator-zigbee/hermod-coordinator-7d7b88cc46-b7rxz to <pi-host>
  Normal  Pulled     66s   kubelet            spec.initContainers{wait-for-postgres}: Container image "busybox:1.36" already present on machine
  Normal  Created    66s   kubelet            spec.initContainers{wait-for-postgres}: Created container: wait-for-postgres
  Normal  Started    66s   kubelet            spec.initContainers{wait-for-postgres}: Started container wait-for-postgres
  Normal  Pulled     65s   kubelet            spec.initContainers{wait-for-nanomq}: Container image "busybox:1.36" already present on machine
  Normal  Created    65s   kubelet            spec.initContainers{wait-for-nanomq}: Created container: wait-for-nanomq
  Normal  Started    65s   kubelet            spec.initContainers{wait-for-nanomq}: Started container wait-for-nanomq
  Normal  Pulled     64s   kubelet            spec.containers{hermod-coordinator}: Container image "hermod-coordinator:latest" already present on machine
  Normal  Created    64s   kubelet            spec.containers{hermod-coordinator}: Created container: hermod-coordinator
  Normal  Started    64s   kubelet            spec.containers{hermod-coordinator}: Started container hermod-coordinator


Name:             nanomq-756fd88db6-vhv5g
Namespace:        translator-zigbee
Priority:         0
Service Account:  default
Node:             <pi-host>/<pi-ip>
Start Time:       Mon, 27 Apr 2026 09:49:20 +0200
Labels:           app=nanomq
                  pod-template-hash=756fd88db6
Annotations:      cni.projectcalico.org/containerID: a3a4f02780450d074339dc07fdd6e0f8e761fe12187fa30153e912d7227d3b4c
                  cni.projectcalico.org/podIP: <pod-ip>/32
                  cni.projectcalico.org/podIPs: <pod-ip>/32
Status:           Running
IP:               <pod-ip>
IPs:
  IP:           <pod-ip>
Controlled By:  ReplicaSet/nanomq-756fd88db6
Containers:
  nanomq:
    Container ID:   containerd://16bc15beddea3bebae52dddabec0fa0daff7437988feac08c163839ad209ac7d
    Image:          emqx/nanomq:0.21-slim
    Image ID:       docker.io/emqx/nanomq@sha256:53bea7acb547aced1cc45e08c514628f1e41c4da9ad544fd8c5fa96d3e9eb41b
    Ports:          1883/TCP (mqtt), 8081/TCP (http)
    Host Ports:     0/TCP (mqtt), 0/TCP (http)
    State:          Running
      Started:      Mon, 27 Apr 2026 09:49:21 +0200
    Ready:          True
    Restart Count:  0
    Limits:
      cpu:     1
      memory:  512Mi
    Requests:
      cpu:        50m
      memory:     64Mi
    Readiness:    tcp-socket :1883 delay=3s timeout=1s period=5s #success=1 #failure=3
    Environment:  <none>
    Mounts:
      /etc/nanomq.conf from config (rw,path="nanomq.conf")
      /var/run/secrets/kubernetes.io/serviceaccount from kube-api-access-v8gft (ro)
Conditions:
  Type                        Status
  PodReadyToStartContainers   True 
  Initialized                 True 
  Ready                       True 
  ContainersReady             True 
  PodScheduled                True 
Volumes:
  config:
    Type:      ConfigMap (a volume populated by a ConfigMap)
    Name:      nanomq-config
    Optional:  false
  kube-api-access-v8gft:
    Type:                    Projected (a volume that contains injected data from multiple sources)
    TokenExpirationSeconds:  3607
    ConfigMapName:           kube-root-ca.crt
    Optional:                false
    DownwardAPI:             true
QoS Class:                   Burstable
Node-Selectors:              <none>
Tolerations:                 node.kubernetes.io/not-ready:NoExecute op=Exists for 300s
                             node.kubernetes.io/unreachable:NoExecute op=Exists for 300s
Events:
  Type    Reason     Age   From               Message
  ----    ------     ----  ----               -------
  Normal  Scheduled  116s  default-scheduler  Successfully assigned translator-zigbee/nanomq-756fd88db6-vhv5g to <pi-host>
  Normal  Pulled     115s  kubelet            spec.containers{nanomq}: Container image "emqx/nanomq:0.21-slim" already present on machine
  Normal  Created    115s  kubelet            spec.containers{nanomq}: Created container: nanomq
  Normal  Started    115s  kubelet            spec.containers{nanomq}: Started container nanomq


Name:             postgres-0
Namespace:        translator-zigbee
Priority:         0
Service Account:  default
Node:             <pi-host>/<pi-ip>
Start Time:       Mon, 27 Apr 2026 09:49:26 +0200
Labels:           app=postgres
                  apps.kubernetes.io/pod-index=0
                  controller-revision-hash=postgres-848ccb988d
                  statefulset.kubernetes.io/pod-name=postgres-0
Annotations:      cni.projectcalico.org/containerID: b990af0d9d729b83832263f843950a380aa339b9087841ab4fe4ca7575110bb9
                  cni.projectcalico.org/podIP: <pod-ip>/32
                  cni.projectcalico.org/podIPs: <pod-ip>/32
Status:           Running
IP:               <pod-ip>
IPs:
  IP:           <pod-ip>
Controlled By:  StatefulSet/postgres
Containers:
  postgres:
    Container ID:   containerd://f83e5a4387e0a14e8077305dbcdeba3cc7b9b1970751ae25482015d718169132
    Image:          postgres:17-alpine
    Image ID:       docker.io/library/postgres@sha256:778d0b486d6daa02b77434d0358ec57a1b21fd8b6d22ac2eef56a33e816928f6
    Port:           5432/TCP
    Host Port:      0/TCP
    State:          Running
      Started:      Mon, 27 Apr 2026 09:49:27 +0200
    Ready:          True
    Restart Count:  0
    Limits:
      cpu:     1500m
      memory:  1536Mi
    Requests:
      cpu:      100m
      memory:   256Mi
    Readiness:  exec [pg_isready -U postgres] delay=5s timeout=1s period=5s #success=1 #failure=3
    Environment:
      POSTGRES_DB:        postgres
      POSTGRES_USER:      postgres
      POSTGRES_PASSWORD:  <set to the key 'postgres-superuser-password' in secret 'hermod-secrets'>  Optional: false
    Mounts:
      /docker-entrypoint-initdb.d from init (rw)
      /var/lib/postgresql/data from data (rw)
      /var/run/secrets/kubernetes.io/serviceaccount from kube-api-access-vnw56 (ro)
Conditions:
  Type                        Status
  PodReadyToStartContainers   True 
  Initialized                 True 
  Ready                       True 
  ContainersReady             True 
  PodScheduled                True 
Volumes:
  data:
    Type:       PersistentVolumeClaim (a reference to a PersistentVolumeClaim in the same namespace)
    ClaimName:  data-postgres-0
    ReadOnly:   false
  init:
    Type:      ConfigMap (a volume populated by a ConfigMap)
    Name:      postgres-init
    Optional:  false
  kube-api-access-vnw56:
    Type:                    Projected (a volume that contains injected data from multiple sources)
    TokenExpirationSeconds:  3607
    ConfigMapName:           kube-root-ca.crt
    Optional:                false
    DownwardAPI:             true
QoS Class:                   Burstable
Node-Selectors:              <none>
Tolerations:                 node.kubernetes.io/not-ready:NoExecute op=Exists for 300s
                             node.kubernetes.io/unreachable:NoExecute op=Exists for 300s
Events:
  Type    Reason     Age   From               Message
  ----    ------     ----  ----               -------
  Normal  Scheduled  110s  default-scheduler  Successfully assigned translator-zigbee/postgres-0 to <pi-host>
  Normal  Pulled     109s  kubelet            spec.containers{postgres}: Container image "postgres:17-alpine" already present on machine
  Normal  Created    109s  kubelet            spec.containers{postgres}: Created container: postgres
  Normal  Started    109s  kubelet            spec.containers{postgres}: Started container postgres


Name:             zigbee2mqtt-6f749bd7b-hnqld
Namespace:        translator-zigbee
Priority:         0
Service Account:  default
Node:             <pi-host>/<pi-ip>
Start Time:       Mon, 27 Apr 2026 09:49:20 +0200
Labels:           app=zigbee2mqtt
                  pod-template-hash=6f749bd7b
Annotations:      cni.projectcalico.org/containerID: 40f3d4c372aacc8caf6d2d8c550e8e8785170a590e20fd2ce4403319ab2db42b
                  cni.projectcalico.org/podIP: <pod-ip>/32
                  cni.projectcalico.org/podIPs: <pod-ip>/32
Status:           Running
IP:               <pod-ip>
IPs:
  IP:           <pod-ip>
Controlled By:  ReplicaSet/zigbee2mqtt-6f749bd7b
Containers:
  zigbee2mqtt:
    Container ID:   containerd://a5a5b635316b015ac4385adac04e53ec1134242183a9c42a55585cf80cf9945a
    Image:          koenkk/zigbee2mqtt:latest
    Image ID:       docker.io/koenkk/zigbee2mqtt@sha256:2a21bbf7a664a149024bbe1f776e3151f28ed9db15948270dcbffb89544a41f0
    Port:           8080/TCP (http)
    Host Port:      0/TCP (http)
    State:          Waiting
      Reason:       CrashLoopBackOff
    Last State:     Terminated
      Reason:       Error
      Exit Code:    1
      Started:      Mon, 27 Apr 2026 09:50:48 +0200
      Finished:     Mon, 27 Apr 2026 09:50:49 +0200
    Ready:          False
    Restart Count:  4
    Limits:
      cpu:     1
      memory:  512Mi
    Requests:
      cpu:     100m
      memory:  128Mi
    Environment:
      TZ:                                Europe/Bratislava
      ZIGBEE2MQTT_CONFIG_MQTT_USER:      <set to the key 'mqtt-username' in secret 'hermod-secrets'>  Optional: false
      ZIGBEE2MQTT_CONFIG_MQTT_PASSWORD:  <set to the key 'mqtt-password' in secret 'hermod-secrets'>  Optional: false
    Mounts:
      /app/data from data (rw)
      /app/data/configuration.yaml from config (rw,path="configuration.yaml")
      /dev/ttyUSB0 from zigbee-device (rw)
      /var/run/secrets/kubernetes.io/serviceaccount from kube-api-access-69lx4 (ro)
Conditions:
  Type                        Status
  PodReadyToStartContainers   True 
  Initialized                 True 
  Ready                       False 
  ContainersReady             False 
  PodScheduled                True 
Volumes:
  data:
    Type:       EmptyDir (a temporary directory that shares a pod's lifetime)
    Medium:     
    SizeLimit:  <unset>
  config:
    Type:      ConfigMap (a volume populated by a ConfigMap)
    Name:      zigbee2mqtt-config
    Optional:  false
  zigbee-device:
    Type:          HostPath (bare host directory volume)
    Path:          /dev/ttyUSB0
    HostPathType:  CharDevice
  kube-api-access-69lx4:
    Type:                    Projected (a volume that contains injected data from multiple sources)
    TokenExpirationSeconds:  3607
    ConfigMapName:           kube-root-ca.crt
    Optional:                false
    DownwardAPI:             true
QoS Class:                   Burstable
Node-Selectors:              hermod.io/zigbee=true
Tolerations:                 node.kubernetes.io/not-ready:NoExecute op=Exists for 300s
                             node.kubernetes.io/unreachable:NoExecute op=Exists for 300s
Events:
  Type     Reason     Age                 From               Message
  ----     ------     ----                ----               -------
  Normal   Scheduled  115s                default-scheduler  Successfully assigned translator-zigbee/zigbee2mqtt-6f749bd7b-hnqld to <pi-host>
  Normal   Pulled     28s (x5 over 115s)  kubelet            spec.containers{zigbee2mqtt}: Container image "koenkk/zigbee2mqtt:latest" already present on machine
  Normal   Created    28s (x5 over 115s)  kubelet            spec.containers{zigbee2mqtt}: Created container: zigbee2mqtt
  Normal   Started    28s (x5 over 114s)  kubelet            spec.containers{zigbee2mqtt}: Started container zigbee2mqtt
  Warning  BackOff    1s (x10 over 110s)  kubelet            spec.containers{zigbee2mqtt}: Back-off restarting failed container zigbee2mqtt in pod zigbee2mqtt-6f749bd7b-hnqld_translator-zigbee(31ae8769-a232-40fd-9113-f97332d450da)

=== ts=1777276287 ===
Name:             hermod-coordinator-7d7b88cc46-b7rxz
Namespace:        translator-zigbee
Priority:         0
Service Account:  default
Node:             <pi-host>/<pi-ip>
Start Time:       Mon, 27 Apr 2026 09:50:09 +0200
Labels:           app=hermod-coordinator
                  pod-template-hash=7d7b88cc46
Annotations:      cni.projectcalico.org/containerID: 6f9fd2870bf476961b9c56eec684c0d6ae119ff559d1859e052d05c4b5cd7f88
                  cni.projectcalico.org/podIP: <pod-ip>/32
                  cni.projectcalico.org/podIPs: <pod-ip>/32
Status:           Running
IP:               <pod-ip>
IPs:
  IP:           <pod-ip>
Controlled By:  ReplicaSet/hermod-coordinator-7d7b88cc46
Init Containers:
  wait-for-postgres:
    Container ID:  containerd://80a24eab50e521a263c498ff5efdfaa3405e5ad7454a00215882c416d3b4ca3b
    Image:         busybox:1.36
    Image ID:      docker.io/library/busybox@sha256:73aaf090f3d85aa34ee199857f03fa3a95c8ede2ffd4cc2cdb5b94e566b11662
    Port:          <none>
    Host Port:     <none>
    Command:
      sh
      -c
      until nc -z postgres 5432; do sleep 2; done
    State:          Terminated
      Reason:       Completed
      Exit Code:    0
      Started:      Mon, 27 Apr 2026 09:50:10 +0200
      Finished:     Mon, 27 Apr 2026 09:50:10 +0200
    Ready:          True
    Restart Count:  0
    Environment:
      Hermod__Features__DeviceStateTracking:    true
      Hermod__Engine__LogBatchSize:             100
      Hermod__Engine__LogBatching:              true
      Hermod__Engine__Parallelism:              0
      Hermod__Features__MessagePersistence:     true
      Hermod__Features__RuleAuditLog:           true
      Hermod__Features__RuleCache:              true
      Hermod__Features__StatsRollup:            true
      Hermod__Storage__Mode:                    Postgres
      Logging__LogLevel__Hermod:                Information
      Logging__LogLevel__Microsoft.AspNetCore:  Warning
    Mounts:
      /var/run/secrets/kubernetes.io/serviceaccount from kube-api-access-dnff6 (ro)
  wait-for-nanomq:
    Container ID:  containerd://6bf15dbf348a720db647d7c3fa312d13873d09198b54924eae9447bc30ae9314
    Image:         busybox:1.36
    Image ID:      docker.io/library/busybox@sha256:73aaf090f3d85aa34ee199857f03fa3a95c8ede2ffd4cc2cdb5b94e566b11662
    Port:          <none>
    Host Port:     <none>
    Command:
      sh
      -c
      until nc -z nanomq 1883; do sleep 2; done
    State:          Terminated
      Reason:       Completed
      Exit Code:    0
      Started:      Mon, 27 Apr 2026 09:50:11 +0200
      Finished:     Mon, 27 Apr 2026 09:50:11 +0200
    Ready:          True
    Restart Count:  0
    Environment:
      Hermod__Features__DeviceStateTracking:    true
      Hermod__Engine__LogBatchSize:             100
      Hermod__Engine__LogBatching:              true
      Hermod__Engine__Parallelism:              0
      Hermod__Features__MessagePersistence:     true
      Hermod__Features__RuleAuditLog:           true
      Hermod__Features__RuleCache:              true
      Hermod__Features__StatsRollup:            true
      Hermod__Storage__Mode:                    Postgres
      Logging__LogLevel__Hermod:                Information
      Logging__LogLevel__Microsoft.AspNetCore:  Warning
    Mounts:
      /var/run/secrets/kubernetes.io/serviceaccount from kube-api-access-dnff6 (ro)
Containers:
  hermod-coordinator:
    Container ID:   containerd://da8b3f95fbb43422817d9e07d38cd9f1429d49c7c6d30caad0cf1ec1c3c54e98
    Image:          hermod-coordinator:latest
    Image ID:       sha256:ca91ccdfcd269dd5e4e25d5ffe8d863ca5db57e5c4f62f08c8adf90d23c15eaf
    Port:           42069/TCP (http)
    Host Port:      0/TCP (http)
    State:          Running
      Started:      Mon, 27 Apr 2026 09:50:12 +0200
    Ready:          True
    Restart Count:  0
    Limits:
      cpu:     1500m
      memory:  1536Mi
    Requests:
      cpu:      200m
      memory:   256Mi
    Liveness:   http-get http://:42069/healthz delay=60s timeout=1s period=30s #success=1 #failure=3
    Readiness:  http-get http://:42069/healthz/ready delay=5s timeout=1s period=10s #success=1 #failure=3
    Startup:    http-get http://:42069/healthz delay=0s timeout=1s period=5s #success=1 #failure=30
    Environment:
      ASPNETCORE_ENVIRONMENT:                   Production
      ASPNETCORE_URLS:                          http://+:42069
      DOTNET_USE_POLLING_FILE_WATCHER:          true
      Hermod__Security__AuthBypass:             true
      Hermod__Security__VaultRequireHttps:      false
      Hermod__Features__MetricsEndpoint:        true
      Hermod__Dev__Endpoints:                   true
      Hermod__Mqtt__Host:                       nanomq
      Hermod__Mqtt__Port:                       1883
      Hermod__Mqtt__UseTls:                     false
      Hermod__Mqtt__Tls__UseTls:                false
      Hermod__Mqtt__Username:                   <set to the key 'mqtt-username' in secret 'hermod-secrets'>  Optional: false
      Hermod__Mqtt__Password:                   <set to the key 'mqtt-password' in secret 'hermod-secrets'>  Optional: false
      Hermod__Database__ConnectionString:       Host=postgres;Port=5432;Database=hermod;Username=hermod_app
      Hermod__Database__Password:               <set to the key 'hermod-db-password' in secret 'hermod-db-credentials'>  Optional: false
      Hermod__Features__DeviceStateTracking:    true
      Hermod__Engine__LogBatchSize:             100
      Hermod__Engine__LogBatching:              true
      Hermod__Engine__Parallelism:              0
      Hermod__Features__MessagePersistence:     true
      Hermod__Features__RuleAuditLog:           true
      Hermod__Features__RuleCache:              true
      Hermod__Features__StatsRollup:            true
      Hermod__Storage__Mode:                    Postgres
      Logging__LogLevel__Hermod:                Information
      Logging__LogLevel__Microsoft.AspNetCore:  Warning
    Mounts:
      /var/run/secrets/kubernetes.io/serviceaccount from kube-api-access-dnff6 (ro)
Conditions:
  Type                        Status
  PodReadyToStartContainers   True 
  Initialized                 True 
  Ready                       True 
  ContainersReady             True 
  PodScheduled                True 
Volumes:
  kube-api-access-dnff6:
    Type:                    Projected (a volume that contains injected data from multiple sources)
    TokenExpirationSeconds:  3607
    ConfigMapName:           kube-root-ca.crt
    Optional:                false
    DownwardAPI:             true
QoS Class:                   Burstable
Node-Selectors:              <none>
Tolerations:                 node.kubernetes.io/not-ready:NoExecute op=Exists for 300s
                             node.kubernetes.io/unreachable:NoExecute op=Exists for 300s
Events:
  Type    Reason     Age   From               Message
  ----    ------     ----  ----               -------
  Normal  Scheduled  78s   default-scheduler  Successfully assigned translator-zigbee/hermod-coordinator-7d7b88cc46-b7rxz to <pi-host>
  Normal  Pulled     77s   kubelet            spec.initContainers{wait-for-postgres}: Container image "busybox:1.36" already present on machine
  Normal  Created    77s   kubelet            spec.initContainers{wait-for-postgres}: Created container: wait-for-postgres
  Normal  Started    77s   kubelet            spec.initContainers{wait-for-postgres}: Started container wait-for-postgres
  Normal  Pulled     76s   kubelet            spec.initContainers{wait-for-nanomq}: Container image "busybox:1.36" already present on machine
  Normal  Created    76s   kubelet            spec.initContainers{wait-for-nanomq}: Created container: wait-for-nanomq
  Normal  Started    76s   kubelet            spec.initContainers{wait-for-nanomq}: Started container wait-for-nanomq
  Normal  Pulled     75s   kubelet            spec.containers{hermod-coordinator}: Container image "hermod-coordinator:latest" already present on machine
  Normal  Created    75s   kubelet            spec.containers{hermod-coordinator}: Created container: hermod-coordinator
  Normal  Started    75s   kubelet            spec.containers{hermod-coordinator}: Started container hermod-coordinator


Name:             nanomq-756fd88db6-vhv5g
Namespace:        translator-zigbee
Priority:         0
Service Account:  default
Node:             <pi-host>/<pi-ip>
Start Time:       Mon, 27 Apr 2026 09:49:20 +0200
Labels:           app=nanomq
                  pod-template-hash=756fd88db6
Annotations:      cni.projectcalico.org/containerID: a3a4f02780450d074339dc07fdd6e0f8e761fe12187fa30153e912d7227d3b4c
                  cni.projectcalico.org/podIP: <pod-ip>/32
                  cni.projectcalico.org/podIPs: <pod-ip>/32
Status:           Running
IP:               <pod-ip>
IPs:
  IP:           <pod-ip>
Controlled By:  ReplicaSet/nanomq-756fd88db6
Containers:
  nanomq:
    Container ID:   containerd://16bc15beddea3bebae52dddabec0fa0daff7437988feac08c163839ad209ac7d
    Image:          emqx/nanomq:0.21-slim
    Image ID:       docker.io/emqx/nanomq@sha256:53bea7acb547aced1cc45e08c514628f1e41c4da9ad544fd8c5fa96d3e9eb41b
    Ports:          1883/TCP (mqtt), 8081/TCP (http)
    Host Ports:     0/TCP (mqtt), 0/TCP (http)
    State:          Running
      Started:      Mon, 27 Apr 2026 09:49:21 +0200
    Ready:          True
    Restart Count:  0
    Limits:
      cpu:     1
      memory:  512Mi
    Requests:
      cpu:        50m
      memory:     64Mi
    Readiness:    tcp-socket :1883 delay=3s timeout=1s period=5s #success=1 #failure=3
    Environment:  <none>
    Mounts:
      /etc/nanomq.conf from config (rw,path="nanomq.conf")
      /var/run/secrets/kubernetes.io/serviceaccount from kube-api-access-v8gft (ro)
Conditions:
  Type                        Status
  PodReadyToStartContainers   True 
  Initialized                 True 
  Ready                       True 
  ContainersReady             True 
  PodScheduled                True 
Volumes:
  config:
    Type:      ConfigMap (a volume populated by a ConfigMap)
    Name:      nanomq-config
    Optional:  false
  kube-api-access-v8gft:
    Type:                    Projected (a volume that contains injected data from multiple sources)
    TokenExpirationSeconds:  3607
    ConfigMapName:           kube-root-ca.crt
    Optional:                false
    DownwardAPI:             true
QoS Class:                   Burstable
Node-Selectors:              <none>
Tolerations:                 node.kubernetes.io/not-ready:NoExecute op=Exists for 300s
                             node.kubernetes.io/unreachable:NoExecute op=Exists for 300s
Events:
  Type    Reason     Age   From               Message
  ----    ------     ----  ----               -------
  Normal  Scheduled  2m7s  default-scheduler  Successfully assigned translator-zigbee/nanomq-756fd88db6-vhv5g to <pi-host>
  Normal  Pulled     2m6s  kubelet            spec.containers{nanomq}: Container image "emqx/nanomq:0.21-slim" already present on machine
  Normal  Created    2m6s  kubelet            spec.containers{nanomq}: Created container: nanomq
  Normal  Started    2m6s  kubelet            spec.containers{nanomq}: Started container nanomq


Name:             postgres-0
Namespace:        translator-zigbee
Priority:         0
Service Account:  default
Node:             <pi-host>/<pi-ip>
Start Time:       Mon, 27 Apr 2026 09:49:26 +0200
Labels:           app=postgres
                  apps.kubernetes.io/pod-index=0
                  controller-revision-hash=postgres-848ccb988d
                  statefulset.kubernetes.io/pod-name=postgres-0
Annotations:      cni.projectcalico.org/containerID: b990af0d9d729b83832263f843950a380aa339b9087841ab4fe4ca7575110bb9
                  cni.projectcalico.org/podIP: <pod-ip>/32
                  cni.projectcalico.org/podIPs: <pod-ip>/32
Status:           Running
IP:               <pod-ip>
IPs:
  IP:           <pod-ip>
Controlled By:  StatefulSet/postgres
Containers:
  postgres:
    Container ID:   containerd://f83e5a4387e0a14e8077305dbcdeba3cc7b9b1970751ae25482015d718169132
    Image:          postgres:17-alpine
    Image ID:       docker.io/library/postgres@sha256:778d0b486d6daa02b77434d0358ec57a1b21fd8b6d22ac2eef56a33e816928f6
    Port:           5432/TCP
    Host Port:      0/TCP
    State:          Running
      Started:      Mon, 27 Apr 2026 09:49:27 +0200
    Ready:          True
    Restart Count:  0
    Limits:
      cpu:     1500m
      memory:  1536Mi
    Requests:
      cpu:      100m
      memory:   256Mi
    Readiness:  exec [pg_isready -U postgres] delay=5s timeout=1s period=5s #success=1 #failure=3
    Environment:
      POSTGRES_DB:        postgres
      POSTGRES_USER:      postgres
      POSTGRES_PASSWORD:  <set to the key 'postgres-superuser-password' in secret 'hermod-secrets'>  Optional: false
    Mounts:
      /docker-entrypoint-initdb.d from init (rw)
      /var/lib/postgresql/data from data (rw)
      /var/run/secrets/kubernetes.io/serviceaccount from kube-api-access-vnw56 (ro)
Conditions:
  Type                        Status
  PodReadyToStartContainers   True 
  Initialized                 True 
  Ready                       True 
  ContainersReady             True 
  PodScheduled                True 
Volumes:
  data:
    Type:       PersistentVolumeClaim (a reference to a PersistentVolumeClaim in the same namespace)
    ClaimName:  data-postgres-0
    ReadOnly:   false
  init:
    Type:      ConfigMap (a volume populated by a ConfigMap)
    Name:      postgres-init
    Optional:  false
  kube-api-access-vnw56:
    Type:                    Projected (a volume that contains injected data from multiple sources)
    TokenExpirationSeconds:  3607
    ConfigMapName:           kube-root-ca.crt
    Optional:                false
    DownwardAPI:             true
QoS Class:                   Burstable
Node-Selectors:              <none>
Tolerations:                 node.kubernetes.io/not-ready:NoExecute op=Exists for 300s
                             node.kubernetes.io/unreachable:NoExecute op=Exists for 300s
Events:
  Type    Reason     Age   From               Message
  ----    ------     ----  ----               -------
  Normal  Scheduled  2m1s  default-scheduler  Successfully assigned translator-zigbee/postgres-0 to <pi-host>
  Normal  Pulled     2m1s  kubelet            spec.containers{postgres}: Container image "postgres:17-alpine" already present on machine
  Normal  Created    2m1s  kubelet            spec.containers{postgres}: Created container: postgres
  Normal  Started    2m1s  kubelet            spec.containers{postgres}: Started container postgres


Name:             zigbee2mqtt-6f749bd7b-hnqld
Namespace:        translator-zigbee
Priority:         0
Service Account:  default
Node:             <pi-host>/<pi-ip>
Start Time:       Mon, 27 Apr 2026 09:49:20 +0200
Labels:           app=zigbee2mqtt
                  pod-template-hash=6f749bd7b
Annotations:      cni.projectcalico.org/containerID: 40f3d4c372aacc8caf6d2d8c550e8e8785170a590e20fd2ce4403319ab2db42b
                  cni.projectcalico.org/podIP: <pod-ip>/32
                  cni.projectcalico.org/podIPs: <pod-ip>/32
Status:           Running
IP:               <pod-ip>
IPs:
  IP:           <pod-ip>
Controlled By:  ReplicaSet/zigbee2mqtt-6f749bd7b
Containers:
  zigbee2mqtt:
    Container ID:   containerd://a5a5b635316b015ac4385adac04e53ec1134242183a9c42a55585cf80cf9945a
    Image:          koenkk/zigbee2mqtt:latest
    Image ID:       docker.io/koenkk/zigbee2mqtt@sha256:2a21bbf7a664a149024bbe1f776e3151f28ed9db15948270dcbffb89544a41f0
    Port:           8080/TCP (http)
    Host Port:      0/TCP (http)
    State:          Waiting
      Reason:       CrashLoopBackOff
    Last State:     Terminated
      Reason:       Error
      Exit Code:    1
      Started:      Mon, 27 Apr 2026 09:50:48 +0200
      Finished:     Mon, 27 Apr 2026 09:50:49 +0200
    Ready:          False
    Restart Count:  4
    Limits:
      cpu:     1
      memory:  512Mi
    Requests:
      cpu:     100m
      memory:  128Mi
    Environment:
      TZ:                                Europe/Bratislava
      ZIGBEE2MQTT_CONFIG_MQTT_USER:      <set to the key 'mqtt-username' in secret 'hermod-secrets'>  Optional: false
      ZIGBEE2MQTT_CONFIG_MQTT_PASSWORD:  <set to the key 'mqtt-password' in secret 'hermod-secrets'>  Optional: false
    Mounts:
      /app/data from data (rw)
      /app/data/configuration.yaml from config (rw,path="configuration.yaml")
      /dev/ttyUSB0 from zigbee-device (rw)
      /var/run/secrets/kubernetes.io/serviceaccount from kube-api-access-69lx4 (ro)
Conditions:
  Type                        Status
  PodReadyToStartContainers   True 
  Initialized                 True 
  Ready                       False 
  ContainersReady             False 
  PodScheduled                True 
Volumes:
  data:
    Type:       EmptyDir (a temporary directory that shares a pod's lifetime)
    Medium:     
    SizeLimit:  <unset>
  config:
    Type:      ConfigMap (a volume populated by a ConfigMap)
    Name:      zigbee2mqtt-config
    Optional:  false
  zigbee-device:
    Type:          HostPath (bare host directory volume)
    Path:          /dev/ttyUSB0
    HostPathType:  CharDevice
  kube-api-access-69lx4:
    Type:                    Projected (a volume that contains injected data from multiple sources)
    TokenExpirationSeconds:  3607
    ConfigMapName:           kube-root-ca.crt
    Optional:                false
    DownwardAPI:             true
QoS Class:                   Burstable
Node-Selectors:              hermod.io/zigbee=true
Tolerations:                 node.kubernetes.io/not-ready:NoExecute op=Exists for 300s
                             node.kubernetes.io/unreachable:NoExecute op=Exists for 300s
Events:
  Type     Reason     Age                 From               Message
  ----     ------     ----                ----               -------
  Normal   Scheduled  2m7s                default-scheduler  Successfully assigned translator-zigbee/zigbee2mqtt-6f749bd7b-hnqld to <pi-host>
  Normal   Pulled     40s (x5 over 2m7s)  kubelet            spec.containers{zigbee2mqtt}: Container image "koenkk/zigbee2mqtt:latest" already present on machine
  Normal   Created    40s (x5 over 2m7s)  kubelet            spec.containers{zigbee2mqtt}: Created container: zigbee2mqtt
  Normal   Started    40s (x5 over 2m6s)  kubelet            spec.containers{zigbee2mqtt}: Started container zigbee2mqtt
  Warning  BackOff    1s (x11 over 2m2s)  kubelet            spec.containers{zigbee2mqtt}: Back-off restarting failed container zigbee2mqtt in pod zigbee2mqtt-6f749bd7b-hnqld_translator-zigbee(31ae8769-a232-40fd-9113-f97332d450da)

=== ts=1777276299 ===
Name:             hermod-coordinator-7d7b88cc46-b7rxz
Namespace:        translator-zigbee
Priority:         0
Service Account:  default
Node:             <pi-host>/<pi-ip>
Start Time:       Mon, 27 Apr 2026 09:50:09 +0200
Labels:           app=hermod-coordinator
                  pod-template-hash=7d7b88cc46
Annotations:      cni.projectcalico.org/containerID: 6f9fd2870bf476961b9c56eec684c0d6ae119ff559d1859e052d05c4b5cd7f88
                  cni.projectcalico.org/podIP: <pod-ip>/32
                  cni.projectcalico.org/podIPs: <pod-ip>/32
Status:           Running
IP:               <pod-ip>
IPs:
  IP:           <pod-ip>
Controlled By:  ReplicaSet/hermod-coordinator-7d7b88cc46
Init Containers:
  wait-for-postgres:
    Container ID:  containerd://80a24eab50e521a263c498ff5efdfaa3405e5ad7454a00215882c416d3b4ca3b
    Image:         busybox:1.36
    Image ID:      docker.io/library/busybox@sha256:73aaf090f3d85aa34ee199857f03fa3a95c8ede2ffd4cc2cdb5b94e566b11662
    Port:          <none>
    Host Port:     <none>
    Command:
      sh
      -c
      until nc -z postgres 5432; do sleep 2; done
    State:          Terminated
      Reason:       Completed
      Exit Code:    0
      Started:      Mon, 27 Apr 2026 09:50:10 +0200
      Finished:     Mon, 27 Apr 2026 09:50:10 +0200
    Ready:          True
    Restart Count:  0
    Environment:
      Hermod__Features__DeviceStateTracking:    true
      Hermod__Engine__LogBatchSize:             100
      Hermod__Engine__LogBatching:              true
      Hermod__Engine__Parallelism:              0
      Hermod__Features__MessagePersistence:     true
      Hermod__Features__RuleAuditLog:           true
      Hermod__Features__RuleCache:              true
      Hermod__Features__StatsRollup:            true
      Hermod__Storage__Mode:                    Postgres
      Logging__LogLevel__Hermod:                Information
      Logging__LogLevel__Microsoft.AspNetCore:  Warning
    Mounts:
      /var/run/secrets/kubernetes.io/serviceaccount from kube-api-access-dnff6 (ro)
  wait-for-nanomq:
    Container ID:  containerd://6bf15dbf348a720db647d7c3fa312d13873d09198b54924eae9447bc30ae9314
    Image:         busybox:1.36
    Image ID:      docker.io/library/busybox@sha256:73aaf090f3d85aa34ee199857f03fa3a95c8ede2ffd4cc2cdb5b94e566b11662
    Port:          <none>
    Host Port:     <none>
    Command:
      sh
      -c
      until nc -z nanomq 1883; do sleep 2; done
    State:          Terminated
      Reason:       Completed
      Exit Code:    0
      Started:      Mon, 27 Apr 2026 09:50:11 +0200
      Finished:     Mon, 27 Apr 2026 09:50:11 +0200
    Ready:          True
    Restart Count:  0
    Environment:
      Hermod__Features__DeviceStateTracking:    true
      Hermod__Engine__LogBatchSize:             100
      Hermod__Engine__LogBatching:              true
      Hermod__Engine__Parallelism:              0
      Hermod__Features__MessagePersistence:     true
      Hermod__Features__RuleAuditLog:           true
      Hermod__Features__RuleCache:              true
      Hermod__Features__StatsRollup:            true
      Hermod__Storage__Mode:                    Postgres
      Logging__LogLevel__Hermod:                Information
      Logging__LogLevel__Microsoft.AspNetCore:  Warning
    Mounts:
      /var/run/secrets/kubernetes.io/serviceaccount from kube-api-access-dnff6 (ro)
Containers:
  hermod-coordinator:
    Container ID:   containerd://da8b3f95fbb43422817d9e07d38cd9f1429d49c7c6d30caad0cf1ec1c3c54e98
    Image:          hermod-coordinator:latest
    Image ID:       sha256:ca91ccdfcd269dd5e4e25d5ffe8d863ca5db57e5c4f62f08c8adf90d23c15eaf
    Port:           42069/TCP (http)
    Host Port:      0/TCP (http)
    State:          Running
      Started:      Mon, 27 Apr 2026 09:50:12 +0200
    Ready:          True
    Restart Count:  0
    Limits:
      cpu:     1500m
      memory:  1536Mi
    Requests:
      cpu:      200m
      memory:   256Mi
    Liveness:   http-get http://:42069/healthz delay=60s timeout=1s period=30s #success=1 #failure=3
    Readiness:  http-get http://:42069/healthz/ready delay=5s timeout=1s period=10s #success=1 #failure=3
    Startup:    http-get http://:42069/healthz delay=0s timeout=1s period=5s #success=1 #failure=30
    Environment:
      ASPNETCORE_ENVIRONMENT:                   Production
      ASPNETCORE_URLS:                          http://+:42069
      DOTNET_USE_POLLING_FILE_WATCHER:          true
      Hermod__Security__AuthBypass:             true
      Hermod__Security__VaultRequireHttps:      false
      Hermod__Features__MetricsEndpoint:        true
      Hermod__Dev__Endpoints:                   true
      Hermod__Mqtt__Host:                       nanomq
      Hermod__Mqtt__Port:                       1883
      Hermod__Mqtt__UseTls:                     false
      Hermod__Mqtt__Tls__UseTls:                false
      Hermod__Mqtt__Username:                   <set to the key 'mqtt-username' in secret 'hermod-secrets'>  Optional: false
      Hermod__Mqtt__Password:                   <set to the key 'mqtt-password' in secret 'hermod-secrets'>  Optional: false
      Hermod__Database__ConnectionString:       Host=postgres;Port=5432;Database=hermod;Username=hermod_app
      Hermod__Database__Password:               <set to the key 'hermod-db-password' in secret 'hermod-db-credentials'>  Optional: false
      Hermod__Features__DeviceStateTracking:    true
      Hermod__Engine__LogBatchSize:             100
      Hermod__Engine__LogBatching:              true
      Hermod__Engine__Parallelism:              0
      Hermod__Features__MessagePersistence:     true
      Hermod__Features__RuleAuditLog:           true
      Hermod__Features__RuleCache:              true
      Hermod__Features__StatsRollup:            true
      Hermod__Storage__Mode:                    Postgres
      Logging__LogLevel__Hermod:                Information
      Logging__LogLevel__Microsoft.AspNetCore:  Warning
    Mounts:
      /var/run/secrets/kubernetes.io/serviceaccount from kube-api-access-dnff6 (ro)
Conditions:
  Type                        Status
  PodReadyToStartContainers   True 
  Initialized                 True 
  Ready                       True 
  ContainersReady             True 
  PodScheduled                True 
Volumes:
  kube-api-access-dnff6:
    Type:                    Projected (a volume that contains injected data from multiple sources)
    TokenExpirationSeconds:  3607
    ConfigMapName:           kube-root-ca.crt
    Optional:                false
    DownwardAPI:             true
QoS Class:                   Burstable
Node-Selectors:              <none>
Tolerations:                 node.kubernetes.io/not-ready:NoExecute op=Exists for 300s
                             node.kubernetes.io/unreachable:NoExecute op=Exists for 300s
Events:
  Type    Reason     Age   From               Message
  ----    ------     ----  ----               -------
  Normal  Scheduled  90s   default-scheduler  Successfully assigned translator-zigbee/hermod-coordinator-7d7b88cc46-b7rxz to <pi-host>
  Normal  Pulled     89s   kubelet            spec.initContainers{wait-for-postgres}: Container image "busybox:1.36" already present on machine
  Normal  Created    89s   kubelet            spec.initContainers{wait-for-postgres}: Created container: wait-for-postgres
  Normal  Started    89s   kubelet            spec.initContainers{wait-for-postgres}: Started container wait-for-postgres
  Normal  Pulled     88s   kubelet            spec.initContainers{wait-for-nanomq}: Container image "busybox:1.36" already present on machine
  Normal  Created    88s   kubelet            spec.initContainers{wait-for-nanomq}: Created container: wait-for-nanomq
  Normal  Started    88s   kubelet            spec.initContainers{wait-for-nanomq}: Started container wait-for-nanomq
  Normal  Pulled     87s   kubelet            spec.containers{hermod-coordinator}: Container image "hermod-coordinator:latest" already present on machine
  Normal  Created    87s   kubelet            spec.containers{hermod-coordinator}: Created container: hermod-coordinator
  Normal  Started    87s   kubelet            spec.containers{hermod-coordinator}: Started container hermod-coordinator


Name:             nanomq-756fd88db6-vhv5g
Namespace:        translator-zigbee
Priority:         0
Service Account:  default
Node:             <pi-host>/<pi-ip>
Start Time:       Mon, 27 Apr 2026 09:49:20 +0200
Labels:           app=nanomq
                  pod-template-hash=756fd88db6
Annotations:      cni.projectcalico.org/containerID: a3a4f02780450d074339dc07fdd6e0f8e761fe12187fa30153e912d7227d3b4c
                  cni.projectcalico.org/podIP: <pod-ip>/32
                  cni.projectcalico.org/podIPs: <pod-ip>/32
Status:           Running
IP:               <pod-ip>
IPs:
  IP:           <pod-ip>
Controlled By:  ReplicaSet/nanomq-756fd88db6
Containers:
  nanomq:
    Container ID:   containerd://16bc15beddea3bebae52dddabec0fa0daff7437988feac08c163839ad209ac7d
    Image:          emqx/nanomq:0.21-slim
    Image ID:       docker.io/emqx/nanomq@sha256:53bea7acb547aced1cc45e08c514628f1e41c4da9ad544fd8c5fa96d3e9eb41b
    Ports:          1883/TCP (mqtt), 8081/TCP (http)
    Host Ports:     0/TCP (mqtt), 0/TCP (http)
    State:          Running
      Started:      Mon, 27 Apr 2026 09:49:21 +0200
    Ready:          True
    Restart Count:  0
    Limits:
      cpu:     1
      memory:  512Mi
    Requests:
      cpu:        50m
      memory:     64Mi
    Readiness:    tcp-socket :1883 delay=3s timeout=1s period=5s #success=1 #failure=3
    Environment:  <none>
    Mounts:
      /etc/nanomq.conf from config (rw,path="nanomq.conf")
      /var/run/secrets/kubernetes.io/serviceaccount from kube-api-access-v8gft (ro)
Conditions:
  Type                        Status
  PodReadyToStartContainers   True 
  Initialized                 True 
  Ready                       True 
  ContainersReady             True 
  PodScheduled                True 
Volumes:
  config:
    Type:      ConfigMap (a volume populated by a ConfigMap)
    Name:      nanomq-config
    Optional:  false
  kube-api-access-v8gft:
    Type:                    Projected (a volume that contains injected data from multiple sources)
    TokenExpirationSeconds:  3607
    ConfigMapName:           kube-root-ca.crt
    Optional:                false
    DownwardAPI:             true
QoS Class:                   Burstable
Node-Selectors:              <none>
Tolerations:                 node.kubernetes.io/not-ready:NoExecute op=Exists for 300s
                             node.kubernetes.io/unreachable:NoExecute op=Exists for 300s
Events:
  Type    Reason     Age    From               Message
  ----    ------     ----   ----               -------
  Normal  Scheduled  2m18s  default-scheduler  Successfully assigned translator-zigbee/nanomq-756fd88db6-vhv5g to <pi-host>
  Normal  Pulled     2m18s  kubelet            spec.containers{nanomq}: Container image "emqx/nanomq:0.21-slim" already present on machine
  Normal  Created    2m18s  kubelet            spec.containers{nanomq}: Created container: nanomq
  Normal  Started    2m18s  kubelet            spec.containers{nanomq}: Started container nanomq


Name:             postgres-0
Namespace:        translator-zigbee
Priority:         0
Service Account:  default
Node:             <pi-host>/<pi-ip>
Start Time:       Mon, 27 Apr 2026 09:49:26 +0200
Labels:           app=postgres
                  apps.kubernetes.io/pod-index=0
                  controller-revision-hash=postgres-848ccb988d
                  statefulset.kubernetes.io/pod-name=postgres-0
Annotations:      cni.projectcalico.org/containerID: b990af0d9d729b83832263f843950a380aa339b9087841ab4fe4ca7575110bb9
                  cni.projectcalico.org/podIP: <pod-ip>/32
                  cni.projectcalico.org/podIPs: <pod-ip>/32
Status:           Running
IP:               <pod-ip>
IPs:
  IP:           <pod-ip>
Controlled By:  StatefulSet/postgres
Containers:
  postgres:
    Container ID:   containerd://f83e5a4387e0a14e8077305dbcdeba3cc7b9b1970751ae25482015d718169132
    Image:          postgres:17-alpine
    Image ID:       docker.io/library/postgres@sha256:778d0b486d6daa02b77434d0358ec57a1b21fd8b6d22ac2eef56a33e816928f6
    Port:           5432/TCP
    Host Port:      0/TCP
    State:          Running
      Started:      Mon, 27 Apr 2026 09:49:27 +0200
    Ready:          True
    Restart Count:  0
    Limits:
      cpu:     1500m
      memory:  1536Mi
    Requests:
      cpu:      100m
      memory:   256Mi
    Readiness:  exec [pg_isready -U postgres] delay=5s timeout=1s period=5s #success=1 #failure=3
    Environment:
      POSTGRES_DB:        postgres
      POSTGRES_USER:      postgres
      POSTGRES_PASSWORD:  <set to the key 'postgres-superuser-password' in secret 'hermod-secrets'>  Optional: false
    Mounts:
      /docker-entrypoint-initdb.d from init (rw)
      /var/lib/postgresql/data from data (rw)
      /var/run/secrets/kubernetes.io/serviceaccount from kube-api-access-vnw56 (ro)
Conditions:
  Type                        Status
  PodReadyToStartContainers   True 
  Initialized                 True 
  Ready                       True 
  ContainersReady             True 
  PodScheduled                True 
Volumes:
  data:
    Type:       PersistentVolumeClaim (a reference to a PersistentVolumeClaim in the same namespace)
    ClaimName:  data-postgres-0
    ReadOnly:   false
  init:
    Type:      ConfigMap (a volume populated by a ConfigMap)
    Name:      postgres-init
    Optional:  false
  kube-api-access-vnw56:
    Type:                    Projected (a volume that contains injected data from multiple sources)
    TokenExpirationSeconds:  3607
    ConfigMapName:           kube-root-ca.crt
    Optional:                false
    DownwardAPI:             true
QoS Class:                   Burstable
Node-Selectors:              <none>
Tolerations:                 node.kubernetes.io/not-ready:NoExecute op=Exists for 300s
                             node.kubernetes.io/unreachable:NoExecute op=Exists for 300s
Events:
  Type    Reason     Age    From               Message
  ----    ------     ----   ----               -------
  Normal  Scheduled  2m12s  default-scheduler  Successfully assigned translator-zigbee/postgres-0 to <pi-host>
  Normal  Pulled     2m12s  kubelet            spec.containers{postgres}: Container image "postgres:17-alpine" already present on machine
  Normal  Created    2m12s  kubelet            spec.containers{postgres}: Created container: postgres
  Normal  Started    2m12s  kubelet            spec.containers{postgres}: Started container postgres


Name:             zigbee2mqtt-6f749bd7b-hnqld
Namespace:        translator-zigbee
Priority:         0
Service Account:  default
Node:             <pi-host>/<pi-ip>
Start Time:       Mon, 27 Apr 2026 09:49:20 +0200
Labels:           app=zigbee2mqtt
                  pod-template-hash=6f749bd7b
Annotations:      cni.projectcalico.org/containerID: 40f3d4c372aacc8caf6d2d8c550e8e8785170a590e20fd2ce4403319ab2db42b
                  cni.projectcalico.org/podIP: <pod-ip>/32
                  cni.projectcalico.org/podIPs: <pod-ip>/32
Status:           Running
IP:               <pod-ip>
IPs:
  IP:           <pod-ip>
Controlled By:  ReplicaSet/zigbee2mqtt-6f749bd7b
Containers:
  zigbee2mqtt:
    Container ID:   containerd://a5a5b635316b015ac4385adac04e53ec1134242183a9c42a55585cf80cf9945a
    Image:          koenkk/zigbee2mqtt:latest
    Image ID:       docker.io/koenkk/zigbee2mqtt@sha256:2a21bbf7a664a149024bbe1f776e3151f28ed9db15948270dcbffb89544a41f0
    Port:           8080/TCP (http)
    Host Port:      0/TCP (http)
    State:          Waiting
      Reason:       CrashLoopBackOff
    Last State:     Terminated
      Reason:       Error
      Exit Code:    1
      Started:      Mon, 27 Apr 2026 09:50:48 +0200
      Finished:     Mon, 27 Apr 2026 09:50:49 +0200
    Ready:          False
    Restart Count:  4
    Limits:
      cpu:     1
      memory:  512Mi
    Requests:
      cpu:     100m
      memory:  128Mi
    Environment:
      TZ:                                Europe/Bratislava
      ZIGBEE2MQTT_CONFIG_MQTT_USER:      <set to the key 'mqtt-username' in secret 'hermod-secrets'>  Optional: false
      ZIGBEE2MQTT_CONFIG_MQTT_PASSWORD:  <set to the key 'mqtt-password' in secret 'hermod-secrets'>  Optional: false
    Mounts:
      /app/data from data (rw)
      /app/data/configuration.yaml from config (rw,path="configuration.yaml")
      /dev/ttyUSB0 from zigbee-device (rw)
      /var/run/secrets/kubernetes.io/serviceaccount from kube-api-access-69lx4 (ro)
Conditions:
  Type                        Status
  PodReadyToStartContainers   True 
  Initialized                 True 
  Ready                       False 
  ContainersReady             False 
  PodScheduled                True 
Volumes:
  data:
    Type:       EmptyDir (a temporary directory that shares a pod's lifetime)
    Medium:     
    SizeLimit:  <unset>
  config:
    Type:      ConfigMap (a volume populated by a ConfigMap)
    Name:      zigbee2mqtt-config
    Optional:  false
  zigbee-device:
    Type:          HostPath (bare host directory volume)
    Path:          /dev/ttyUSB0
    HostPathType:  CharDevice
  kube-api-access-69lx4:
    Type:                    Projected (a volume that contains injected data from multiple sources)
    TokenExpirationSeconds:  3607
    ConfigMapName:           kube-root-ca.crt
    Optional:                false
    DownwardAPI:             true
QoS Class:                   Burstable
Node-Selectors:              hermod.io/zigbee=true
Tolerations:                 node.kubernetes.io/not-ready:NoExecute op=Exists for 300s
                             node.kubernetes.io/unreachable:NoExecute op=Exists for 300s
Events:
  Type     Reason     Age                  From               Message
  ----     ------     ----                 ----               -------
  Normal   Scheduled  2m18s                default-scheduler  Successfully assigned translator-zigbee/zigbee2mqtt-6f749bd7b-hnqld to <pi-host>
  Normal   Pulled     51s (x5 over 2m18s)  kubelet            spec.containers{zigbee2mqtt}: Container image "koenkk/zigbee2mqtt:latest" already present on machine
  Normal   Created    51s (x5 over 2m18s)  kubelet            spec.containers{zigbee2mqtt}: Created container: zigbee2mqtt
  Normal   Started    51s (x5 over 2m17s)  kubelet            spec.containers{zigbee2mqtt}: Started container zigbee2mqtt
  Warning  BackOff    0s (x12 over 2m13s)  kubelet            spec.containers{zigbee2mqtt}: Back-off restarting failed container zigbee2mqtt in pod zigbee2mqtt-6f749bd7b-hnqld_translator-zigbee(31ae8769-a232-40fd-9113-f97332d450da)

=== ts=1777276310 ===
Name:             hermod-coordinator-7d7b88cc46-b7rxz
Namespace:        translator-zigbee
Priority:         0
Service Account:  default
Node:             <pi-host>/<pi-ip>
Start Time:       Mon, 27 Apr 2026 09:50:09 +0200
Labels:           app=hermod-coordinator
                  pod-template-hash=7d7b88cc46
Annotations:      cni.projectcalico.org/containerID: 6f9fd2870bf476961b9c56eec684c0d6ae119ff559d1859e052d05c4b5cd7f88
                  cni.projectcalico.org/podIP: <pod-ip>/32
                  cni.projectcalico.org/podIPs: <pod-ip>/32
Status:           Running
IP:               <pod-ip>
IPs:
  IP:           <pod-ip>
Controlled By:  ReplicaSet/hermod-coordinator-7d7b88cc46
Init Containers:
  wait-for-postgres:
    Container ID:  containerd://80a24eab50e521a263c498ff5efdfaa3405e5ad7454a00215882c416d3b4ca3b
    Image:         busybox:1.36
    Image ID:      docker.io/library/busybox@sha256:73aaf090f3d85aa34ee199857f03fa3a95c8ede2ffd4cc2cdb5b94e566b11662
    Port:          <none>
    Host Port:     <none>
    Command:
      sh
      -c
      until nc -z postgres 5432; do sleep 2; done
    State:          Terminated
      Reason:       Completed
      Exit Code:    0
      Started:      Mon, 27 Apr 2026 09:50:10 +0200
      Finished:     Mon, 27 Apr 2026 09:50:10 +0200
    Ready:          True
    Restart Count:  0
    Environment:
      Hermod__Features__DeviceStateTracking:    true
      Hermod__Engine__LogBatchSize:             100
      Hermod__Engine__LogBatching:              true
      Hermod__Engine__Parallelism:              0
      Hermod__Features__MessagePersistence:     true
      Hermod__Features__RuleAuditLog:           true
      Hermod__Features__RuleCache:              true
      Hermod__Features__StatsRollup:            true
      Hermod__Storage__Mode:                    Postgres
      Logging__LogLevel__Hermod:                Information
      Logging__LogLevel__Microsoft.AspNetCore:  Warning
    Mounts:
      /var/run/secrets/kubernetes.io/serviceaccount from kube-api-access-dnff6 (ro)
  wait-for-nanomq:
    Container ID:  containerd://6bf15dbf348a720db647d7c3fa312d13873d09198b54924eae9447bc30ae9314
    Image:         busybox:1.36
    Image ID:      docker.io/library/busybox@sha256:73aaf090f3d85aa34ee199857f03fa3a95c8ede2ffd4cc2cdb5b94e566b11662
    Port:          <none>
    Host Port:     <none>
    Command:
      sh
      -c
      until nc -z nanomq 1883; do sleep 2; done
    State:          Terminated
      Reason:       Completed
      Exit Code:    0
      Started:      Mon, 27 Apr 2026 09:50:11 +0200
      Finished:     Mon, 27 Apr 2026 09:50:11 +0200
    Ready:          True
    Restart Count:  0
    Environment:
      Hermod__Features__DeviceStateTracking:    true
      Hermod__Engine__LogBatchSize:             100
      Hermod__Engine__LogBatching:              true
      Hermod__Engine__Parallelism:              0
      Hermod__Features__MessagePersistence:     true
      Hermod__Features__RuleAuditLog:           true
      Hermod__Features__RuleCache:              true
      Hermod__Features__StatsRollup:            true
      Hermod__Storage__Mode:                    Postgres
      Logging__LogLevel__Hermod:                Information
      Logging__LogLevel__Microsoft.AspNetCore:  Warning
    Mounts:
      /var/run/secrets/kubernetes.io/serviceaccount from kube-api-access-dnff6 (ro)
Containers:
  hermod-coordinator:
    Container ID:   containerd://da8b3f95fbb43422817d9e07d38cd9f1429d49c7c6d30caad0cf1ec1c3c54e98
    Image:          hermod-coordinator:latest
    Image ID:       sha256:ca91ccdfcd269dd5e4e25d5ffe8d863ca5db57e5c4f62f08c8adf90d23c15eaf
    Port:           42069/TCP (http)
    Host Port:      0/TCP (http)
    State:          Running
      Started:      Mon, 27 Apr 2026 09:50:12 +0200
    Ready:          True
    Restart Count:  0
    Limits:
      cpu:     1500m
      memory:  1536Mi
    Requests:
      cpu:      200m
      memory:   256Mi
    Liveness:   http-get http://:42069/healthz delay=60s timeout=1s period=30s #success=1 #failure=3
    Readiness:  http-get http://:42069/healthz/ready delay=5s timeout=1s period=10s #success=1 #failure=3
    Startup:    http-get http://:42069/healthz delay=0s timeout=1s period=5s #success=1 #failure=30
    Environment:
      ASPNETCORE_ENVIRONMENT:                   Production
      ASPNETCORE_URLS:                          http://+:42069
      DOTNET_USE_POLLING_FILE_WATCHER:          true
      Hermod__Security__AuthBypass:             true
      Hermod__Security__VaultRequireHttps:      false
      Hermod__Features__MetricsEndpoint:        true
      Hermod__Dev__Endpoints:                   true
      Hermod__Mqtt__Host:                       nanomq
      Hermod__Mqtt__Port:                       1883
      Hermod__Mqtt__UseTls:                     false
      Hermod__Mqtt__Tls__UseTls:                false
      Hermod__Mqtt__Username:                   <set to the key 'mqtt-username' in secret 'hermod-secrets'>  Optional: false
      Hermod__Mqtt__Password:                   <set to the key 'mqtt-password' in secret 'hermod-secrets'>  Optional: false
      Hermod__Database__ConnectionString:       Host=postgres;Port=5432;Database=hermod;Username=hermod_app
      Hermod__Database__Password:               <set to the key 'hermod-db-password' in secret 'hermod-db-credentials'>  Optional: false
      Hermod__Features__DeviceStateTracking:    true
      Hermod__Engine__LogBatchSize:             100
      Hermod__Engine__LogBatching:              true
      Hermod__Engine__Parallelism:              0
      Hermod__Features__MessagePersistence:     true
      Hermod__Features__RuleAuditLog:           true
      Hermod__Features__RuleCache:              true
      Hermod__Features__StatsRollup:            true
      Hermod__Storage__Mode:                    Postgres
      Logging__LogLevel__Hermod:                Information
      Logging__LogLevel__Microsoft.AspNetCore:  Warning
    Mounts:
      /var/run/secrets/kubernetes.io/serviceaccount from kube-api-access-dnff6 (ro)
Conditions:
  Type                        Status
  PodReadyToStartContainers   True 
  Initialized                 True 
  Ready                       True 
  ContainersReady             True 
  PodScheduled                True 
Volumes:
  kube-api-access-dnff6:
    Type:                    Projected (a volume that contains injected data from multiple sources)
    TokenExpirationSeconds:  3607
    ConfigMapName:           kube-root-ca.crt
    Optional:                false
    DownwardAPI:             true
QoS Class:                   Burstable
Node-Selectors:              <none>
Tolerations:                 node.kubernetes.io/not-ready:NoExecute op=Exists for 300s
                             node.kubernetes.io/unreachable:NoExecute op=Exists for 300s
Events:
  Type    Reason     Age   From               Message
  ----    ------     ----  ----               -------
  Normal  Scheduled  101s  default-scheduler  Successfully assigned translator-zigbee/hermod-coordinator-7d7b88cc46-b7rxz to <pi-host>
  Normal  Pulled     100s  kubelet            spec.initContainers{wait-for-postgres}: Container image "busybox:1.36" already present on machine
  Normal  Created    100s  kubelet            spec.initContainers{wait-for-postgres}: Created container: wait-for-postgres
  Normal  Started    100s  kubelet            spec.initContainers{wait-for-postgres}: Started container wait-for-postgres
  Normal  Pulled     99s   kubelet            spec.initContainers{wait-for-nanomq}: Container image "busybox:1.36" already present on machine
  Normal  Created    99s   kubelet            spec.initContainers{wait-for-nanomq}: Created container: wait-for-nanomq
  Normal  Started    99s   kubelet            spec.initContainers{wait-for-nanomq}: Started container wait-for-nanomq
  Normal  Pulled     98s   kubelet            spec.containers{hermod-coordinator}: Container image "hermod-coordinator:latest" already present on machine
  Normal  Created    98s   kubelet            spec.containers{hermod-coordinator}: Created container: hermod-coordinator
  Normal  Started    98s   kubelet            spec.containers{hermod-coordinator}: Started container hermod-coordinator


Name:             nanomq-756fd88db6-vhv5g
Namespace:        translator-zigbee
Priority:         0
Service Account:  default
Node:             <pi-host>/<pi-ip>
Start Time:       Mon, 27 Apr 2026 09:49:20 +0200
Labels:           app=nanomq
                  pod-template-hash=756fd88db6
Annotations:      cni.projectcalico.org/containerID: a3a4f02780450d074339dc07fdd6e0f8e761fe12187fa30153e912d7227d3b4c
                  cni.projectcalico.org/podIP: <pod-ip>/32
                  cni.projectcalico.org/podIPs: <pod-ip>/32
Status:           Running
IP:               <pod-ip>
IPs:
  IP:           <pod-ip>
Controlled By:  ReplicaSet/nanomq-756fd88db6
Containers:
  nanomq:
    Container ID:   containerd://16bc15beddea3bebae52dddabec0fa0daff7437988feac08c163839ad209ac7d
    Image:          emqx/nanomq:0.21-slim
    Image ID:       docker.io/emqx/nanomq@sha256:53bea7acb547aced1cc45e08c514628f1e41c4da9ad544fd8c5fa96d3e9eb41b
    Ports:          1883/TCP (mqtt), 8081/TCP (http)
    Host Ports:     0/TCP (mqtt), 0/TCP (http)
    State:          Running
      Started:      Mon, 27 Apr 2026 09:49:21 +0200
    Ready:          True
    Restart Count:  0
    Limits:
      cpu:     1
      memory:  512Mi
    Requests:
      cpu:        50m
      memory:     64Mi
    Readiness:    tcp-socket :1883 delay=3s timeout=1s period=5s #success=1 #failure=3
    Environment:  <none>
    Mounts:
      /etc/nanomq.conf from config (rw,path="nanomq.conf")
      /var/run/secrets/kubernetes.io/serviceaccount from kube-api-access-v8gft (ro)
Conditions:
  Type                        Status
  PodReadyToStartContainers   True 
  Initialized                 True 
  Ready                       True 
  ContainersReady             True 
  PodScheduled                True 
Volumes:
  config:
    Type:      ConfigMap (a volume populated by a ConfigMap)
    Name:      nanomq-config
    Optional:  false
  kube-api-access-v8gft:
    Type:                    Projected (a volume that contains injected data from multiple sources)
    TokenExpirationSeconds:  3607
    ConfigMapName:           kube-root-ca.crt
    Optional:                false
    DownwardAPI:             true
QoS Class:                   Burstable
Node-Selectors:              <none>
Tolerations:                 node.kubernetes.io/not-ready:NoExecute op=Exists for 300s
                             node.kubernetes.io/unreachable:NoExecute op=Exists for 300s
Events:
  Type    Reason     Age    From               Message
  ----    ------     ----   ----               -------
  Normal  Scheduled  2m30s  default-scheduler  Successfully assigned translator-zigbee/nanomq-756fd88db6-vhv5g to <pi-host>
  Normal  Pulled     2m29s  kubelet            spec.containers{nanomq}: Container image "emqx/nanomq:0.21-slim" already present on machine
  Normal  Created    2m29s  kubelet            spec.containers{nanomq}: Created container: nanomq
  Normal  Started    2m29s  kubelet            spec.containers{nanomq}: Started container nanomq


Name:             postgres-0
Namespace:        translator-zigbee
Priority:         0
Service Account:  default
Node:             <pi-host>/<pi-ip>
Start Time:       Mon, 27 Apr 2026 09:49:26 +0200
Labels:           app=postgres
                  apps.kubernetes.io/pod-index=0
                  controller-revision-hash=postgres-848ccb988d
                  statefulset.kubernetes.io/pod-name=postgres-0
Annotations:      cni.projectcalico.org/containerID: b990af0d9d729b83832263f843950a380aa339b9087841ab4fe4ca7575110bb9
                  cni.projectcalico.org/podIP: <pod-ip>/32
                  cni.projectcalico.org/podIPs: <pod-ip>/32
Status:           Running
IP:               <pod-ip>
IPs:
  IP:           <pod-ip>
Controlled By:  StatefulSet/postgres
Containers:
  postgres:
    Container ID:   containerd://f83e5a4387e0a14e8077305dbcdeba3cc7b9b1970751ae25482015d718169132
    Image:          postgres:17-alpine
    Image ID:       docker.io/library/postgres@sha256:778d0b486d6daa02b77434d0358ec57a1b21fd8b6d22ac2eef56a33e816928f6
    Port:           5432/TCP
    Host Port:      0/TCP
    State:          Running
      Started:      Mon, 27 Apr 2026 09:49:27 +0200
    Ready:          True
    Restart Count:  0
    Limits:
      cpu:     1500m
      memory:  1536Mi
    Requests:
      cpu:      100m
      memory:   256Mi
    Readiness:  exec [pg_isready -U postgres] delay=5s timeout=1s period=5s #success=1 #failure=3
    Environment:
      POSTGRES_DB:        postgres
      POSTGRES_USER:      postgres
      POSTGRES_PASSWORD:  <set to the key 'postgres-superuser-password' in secret 'hermod-secrets'>  Optional: false
    Mounts:
      /docker-entrypoint-initdb.d from init (rw)
      /var/lib/postgresql/data from data (rw)
      /var/run/secrets/kubernetes.io/serviceaccount from kube-api-access-vnw56 (ro)
Conditions:
  Type                        Status
  PodReadyToStartContainers   True 
  Initialized                 True 
  Ready                       True 
  ContainersReady             True 
  PodScheduled                True 
Volumes:
  data:
    Type:       PersistentVolumeClaim (a reference to a PersistentVolumeClaim in the same namespace)
    ClaimName:  data-postgres-0
    ReadOnly:   false
  init:
    Type:      ConfigMap (a volume populated by a ConfigMap)
    Name:      postgres-init
    Optional:  false
  kube-api-access-vnw56:
    Type:                    Projected (a volume that contains injected data from multiple sources)
    TokenExpirationSeconds:  3607
    ConfigMapName:           kube-root-ca.crt
    Optional:                false
    DownwardAPI:             true
QoS Class:                   Burstable
Node-Selectors:              <none>
Tolerations:                 node.kubernetes.io/not-ready:NoExecute op=Exists for 300s
                             node.kubernetes.io/unreachable:NoExecute op=Exists for 300s
Events:
  Type    Reason     Age    From               Message
  ----    ------     ----   ----               -------
  Normal  Scheduled  2m24s  default-scheduler  Successfully assigned translator-zigbee/postgres-0 to <pi-host>
  Normal  Pulled     2m23s  kubelet            spec.containers{postgres}: Container image "postgres:17-alpine" already present on machine
  Normal  Created    2m23s  kubelet            spec.containers{postgres}: Created container: postgres
  Normal  Started    2m23s  kubelet            spec.containers{postgres}: Started container postgres


Name:             zigbee2mqtt-6f749bd7b-hnqld
Namespace:        translator-zigbee
Priority:         0
Service Account:  default
Node:             <pi-host>/<pi-ip>
Start Time:       Mon, 27 Apr 2026 09:49:20 +0200
Labels:           app=zigbee2mqtt
                  pod-template-hash=6f749bd7b
Annotations:      cni.projectcalico.org/containerID: 40f3d4c372aacc8caf6d2d8c550e8e8785170a590e20fd2ce4403319ab2db42b
                  cni.projectcalico.org/podIP: <pod-ip>/32
                  cni.projectcalico.org/podIPs: <pod-ip>/32
Status:           Running
IP:               <pod-ip>
IPs:
  IP:           <pod-ip>
Controlled By:  ReplicaSet/zigbee2mqtt-6f749bd7b
Containers:
  zigbee2mqtt:
    Container ID:   containerd://a5a5b635316b015ac4385adac04e53ec1134242183a9c42a55585cf80cf9945a
    Image:          koenkk/zigbee2mqtt:latest
    Image ID:       docker.io/koenkk/zigbee2mqtt@sha256:2a21bbf7a664a149024bbe1f776e3151f28ed9db15948270dcbffb89544a41f0
    Port:           8080/TCP (http)
    Host Port:      0/TCP (http)
    State:          Waiting
      Reason:       CrashLoopBackOff
    Last State:     Terminated
      Reason:       Error
      Exit Code:    1
      Started:      Mon, 27 Apr 2026 09:50:48 +0200
      Finished:     Mon, 27 Apr 2026 09:50:49 +0200
    Ready:          False
    Restart Count:  4
    Limits:
      cpu:     1
      memory:  512Mi
    Requests:
      cpu:     100m
      memory:  128Mi
    Environment:
      TZ:                                Europe/Bratislava
      ZIGBEE2MQTT_CONFIG_MQTT_USER:      <set to the key 'mqtt-username' in secret 'hermod-secrets'>  Optional: false
      ZIGBEE2MQTT_CONFIG_MQTT_PASSWORD:  <set to the key 'mqtt-password' in secret 'hermod-secrets'>  Optional: false
    Mounts:
      /app/data from data (rw)
      /app/data/configuration.yaml from config (rw,path="configuration.yaml")
      /dev/ttyUSB0 from zigbee-device (rw)
      /var/run/secrets/kubernetes.io/serviceaccount from kube-api-access-69lx4 (ro)
Conditions:
  Type                        Status
  PodReadyToStartContainers   True 
  Initialized                 True 
  Ready                       False 
  ContainersReady             False 
  PodScheduled                True 
Volumes:
  data:
    Type:       EmptyDir (a temporary directory that shares a pod's lifetime)
    Medium:     
    SizeLimit:  <unset>
  config:
    Type:      ConfigMap (a volume populated by a ConfigMap)
    Name:      zigbee2mqtt-config
    Optional:  false
  zigbee-device:
    Type:          HostPath (bare host directory volume)
    Path:          /dev/ttyUSB0
    HostPathType:  CharDevice
  kube-api-access-69lx4:
    Type:                    Projected (a volume that contains injected data from multiple sources)
    TokenExpirationSeconds:  3607
    ConfigMapName:           kube-root-ca.crt
    Optional:                false
    DownwardAPI:             true
QoS Class:                   Burstable
Node-Selectors:              hermod.io/zigbee=true
Tolerations:                 node.kubernetes.io/not-ready:NoExecute op=Exists for 300s
                             node.kubernetes.io/unreachable:NoExecute op=Exists for 300s
Events:
  Type     Reason     Age                   From               Message
  ----     ------     ----                  ----               -------
  Normal   Scheduled  2m29s                 default-scheduler  Successfully assigned translator-zigbee/zigbee2mqtt-6f749bd7b-hnqld to <pi-host>
  Normal   Pulled     62s (x5 over 2m29s)   kubelet            spec.containers{zigbee2mqtt}: Container image "koenkk/zigbee2mqtt:latest" already present on machine
  Normal   Created    62s (x5 over 2m29s)   kubelet            spec.containers{zigbee2mqtt}: Created container: zigbee2mqtt
  Normal   Started    62s (x5 over 2m28s)   kubelet            spec.containers{zigbee2mqtt}: Started container zigbee2mqtt
  Warning  BackOff    11s (x12 over 2m24s)  kubelet            spec.containers{zigbee2mqtt}: Back-off restarting failed container zigbee2mqtt in pod zigbee2mqtt-6f749bd7b-hnqld_translator-zigbee(31ae8769-a232-40fd-9113-f97332d450da)

=== ts=1777276321 ===
Name:             hermod-coordinator-7d7b88cc46-b7rxz
Namespace:        translator-zigbee
Priority:         0
Service Account:  default
Node:             <pi-host>/<pi-ip>
Start Time:       Mon, 27 Apr 2026 09:50:09 +0200
Labels:           app=hermod-coordinator
                  pod-template-hash=7d7b88cc46
Annotations:      cni.projectcalico.org/containerID: 6f9fd2870bf476961b9c56eec684c0d6ae119ff559d1859e052d05c4b5cd7f88
                  cni.projectcalico.org/podIP: <pod-ip>/32
                  cni.projectcalico.org/podIPs: <pod-ip>/32
Status:           Running
IP:               <pod-ip>
IPs:
  IP:           <pod-ip>
Controlled By:  ReplicaSet/hermod-coordinator-7d7b88cc46
Init Containers:
  wait-for-postgres:
    Container ID:  containerd://80a24eab50e521a263c498ff5efdfaa3405e5ad7454a00215882c416d3b4ca3b
    Image:         busybox:1.36
    Image ID:      docker.io/library/busybox@sha256:73aaf090f3d85aa34ee199857f03fa3a95c8ede2ffd4cc2cdb5b94e566b11662
    Port:          <none>
    Host Port:     <none>
    Command:
      sh
      -c
      until nc -z postgres 5432; do sleep 2; done
    State:          Terminated
      Reason:       Completed
      Exit Code:    0
      Started:      Mon, 27 Apr 2026 09:50:10 +0200
      Finished:     Mon, 27 Apr 2026 09:50:10 +0200
    Ready:          True
    Restart Count:  0
    Environment:
      Hermod__Features__DeviceStateTracking:    true
      Hermod__Engine__LogBatchSize:             100
      Hermod__Engine__LogBatching:              true
      Hermod__Engine__Parallelism:              0
      Hermod__Features__MessagePersistence:     true
      Hermod__Features__RuleAuditLog:           true
      Hermod__Features__RuleCache:              true
      Hermod__Features__StatsRollup:            true
      Hermod__Storage__Mode:                    Postgres
      Logging__LogLevel__Hermod:                Information
      Logging__LogLevel__Microsoft.AspNetCore:  Warning
    Mounts:
      /var/run/secrets/kubernetes.io/serviceaccount from kube-api-access-dnff6 (ro)
  wait-for-nanomq:
    Container ID:  containerd://6bf15dbf348a720db647d7c3fa312d13873d09198b54924eae9447bc30ae9314
    Image:         busybox:1.36
    Image ID:      docker.io/library/busybox@sha256:73aaf090f3d85aa34ee199857f03fa3a95c8ede2ffd4cc2cdb5b94e566b11662
    Port:          <none>
    Host Port:     <none>
    Command:
      sh
      -c
      until nc -z nanomq 1883; do sleep 2; done
    State:          Terminated
      Reason:       Completed
      Exit Code:    0
      Started:      Mon, 27 Apr 2026 09:50:11 +0200
      Finished:     Mon, 27 Apr 2026 09:50:11 +0200
    Ready:          True
    Restart Count:  0
    Environment:
      Hermod__Features__DeviceStateTracking:    true
      Hermod__Engine__LogBatchSize:             100
      Hermod__Engine__LogBatching:              true
      Hermod__Engine__Parallelism:              0
      Hermod__Features__MessagePersistence:     true
      Hermod__Features__RuleAuditLog:           true
      Hermod__Features__RuleCache:              true
      Hermod__Features__StatsRollup:            true
      Hermod__Storage__Mode:                    Postgres
      Logging__LogLevel__Hermod:                Information
      Logging__LogLevel__Microsoft.AspNetCore:  Warning
    Mounts:
      /var/run/secrets/kubernetes.io/serviceaccount from kube-api-access-dnff6 (ro)
Containers:
  hermod-coordinator:
    Container ID:   containerd://da8b3f95fbb43422817d9e07d38cd9f1429d49c7c6d30caad0cf1ec1c3c54e98
    Image:          hermod-coordinator:latest
    Image ID:       sha256:ca91ccdfcd269dd5e4e25d5ffe8d863ca5db57e5c4f62f08c8adf90d23c15eaf
    Port:           42069/TCP (http)
    Host Port:      0/TCP (http)
    State:          Running
      Started:      Mon, 27 Apr 2026 09:50:12 +0200
    Ready:          True
    Restart Count:  0
    Limits:
      cpu:     1500m
      memory:  1536Mi
    Requests:
      cpu:      200m
      memory:   256Mi
    Liveness:   http-get http://:42069/healthz delay=60s timeout=1s period=30s #success=1 #failure=3
    Readiness:  http-get http://:42069/healthz/ready delay=5s timeout=1s period=10s #success=1 #failure=3
    Startup:    http-get http://:42069/healthz delay=0s timeout=1s period=5s #success=1 #failure=30
    Environment:
      ASPNETCORE_ENVIRONMENT:                   Production
      ASPNETCORE_URLS:                          http://+:42069
      DOTNET_USE_POLLING_FILE_WATCHER:          true
      Hermod__Security__AuthBypass:             true
      Hermod__Security__VaultRequireHttps:      false
      Hermod__Features__MetricsEndpoint:        true
      Hermod__Dev__Endpoints:                   true
      Hermod__Mqtt__Host:                       nanomq
      Hermod__Mqtt__Port:                       1883
      Hermod__Mqtt__UseTls:                     false
      Hermod__Mqtt__Tls__UseTls:                false
      Hermod__Mqtt__Username:                   <set to the key 'mqtt-username' in secret 'hermod-secrets'>  Optional: false
      Hermod__Mqtt__Password:                   <set to the key 'mqtt-password' in secret 'hermod-secrets'>  Optional: false
      Hermod__Database__ConnectionString:       Host=postgres;Port=5432;Database=hermod;Username=hermod_app
      Hermod__Database__Password:               <set to the key 'hermod-db-password' in secret 'hermod-db-credentials'>  Optional: false
      Hermod__Features__DeviceStateTracking:    true
      Hermod__Engine__LogBatchSize:             100
      Hermod__Engine__LogBatching:              true
      Hermod__Engine__Parallelism:              0
      Hermod__Features__MessagePersistence:     true
      Hermod__Features__RuleAuditLog:           true
      Hermod__Features__RuleCache:              true
      Hermod__Features__StatsRollup:            true
      Hermod__Storage__Mode:                    Postgres
      Logging__LogLevel__Hermod:                Information
      Logging__LogLevel__Microsoft.AspNetCore:  Warning
    Mounts:
      /var/run/secrets/kubernetes.io/serviceaccount from kube-api-access-dnff6 (ro)
Conditions:
  Type                        Status
  PodReadyToStartContainers   True 
  Initialized                 True 
  Ready                       True 
  ContainersReady             True 
  PodScheduled                True 
Volumes:
  kube-api-access-dnff6:
    Type:                    Projected (a volume that contains injected data from multiple sources)
    TokenExpirationSeconds:  3607
    ConfigMapName:           kube-root-ca.crt
    Optional:                false
    DownwardAPI:             true
QoS Class:                   Burstable
Node-Selectors:              <none>
Tolerations:                 node.kubernetes.io/not-ready:NoExecute op=Exists for 300s
                             node.kubernetes.io/unreachable:NoExecute op=Exists for 300s
Events:
  Type    Reason     Age   From               Message
  ----    ------     ----  ----               -------
  Normal  Scheduled  112s  default-scheduler  Successfully assigned translator-zigbee/hermod-coordinator-7d7b88cc46-b7rxz to <pi-host>
  Normal  Pulled     111s  kubelet            spec.initContainers{wait-for-postgres}: Container image "busybox:1.36" already present on machine
  Normal  Created    111s  kubelet            spec.initContainers{wait-for-postgres}: Created container: wait-for-postgres
  Normal  Started    111s  kubelet            spec.initContainers{wait-for-postgres}: Started container wait-for-postgres
  Normal  Pulled     110s  kubelet            spec.initContainers{wait-for-nanomq}: Container image "busybox:1.36" already present on machine
  Normal  Created    110s  kubelet            spec.initContainers{wait-for-nanomq}: Created container: wait-for-nanomq
  Normal  Started    110s  kubelet            spec.initContainers{wait-for-nanomq}: Started container wait-for-nanomq
  Normal  Pulled     109s  kubelet            spec.containers{hermod-coordinator}: Container image "hermod-coordinator:latest" already present on machine
  Normal  Created    109s  kubelet            spec.containers{hermod-coordinator}: Created container: hermod-coordinator
  Normal  Started    109s  kubelet            spec.containers{hermod-coordinator}: Started container hermod-coordinator


Name:             nanomq-756fd88db6-vhv5g
Namespace:        translator-zigbee
Priority:         0
Service Account:  default
Node:             <pi-host>/<pi-ip>
Start Time:       Mon, 27 Apr 2026 09:49:20 +0200
Labels:           app=nanomq
                  pod-template-hash=756fd88db6
Annotations:      cni.projectcalico.org/containerID: a3a4f02780450d074339dc07fdd6e0f8e761fe12187fa30153e912d7227d3b4c
                  cni.projectcalico.org/podIP: <pod-ip>/32
                  cni.projectcalico.org/podIPs: <pod-ip>/32
Status:           Running
IP:               <pod-ip>
IPs:
  IP:           <pod-ip>
Controlled By:  ReplicaSet/nanomq-756fd88db6
Containers:
  nanomq:
    Container ID:   containerd://16bc15beddea3bebae52dddabec0fa0daff7437988feac08c163839ad209ac7d
    Image:          emqx/nanomq:0.21-slim
    Image ID:       docker.io/emqx/nanomq@sha256:53bea7acb547aced1cc45e08c514628f1e41c4da9ad544fd8c5fa96d3e9eb41b
    Ports:          1883/TCP (mqtt), 8081/TCP (http)
    Host Ports:     0/TCP (mqtt), 0/TCP (http)
    State:          Running
      Started:      Mon, 27 Apr 2026 09:49:21 +0200
    Ready:          True
    Restart Count:  0
    Limits:
      cpu:     1
      memory:  512Mi
    Requests:
      cpu:        50m
      memory:     64Mi
    Readiness:    tcp-socket :1883 delay=3s timeout=1s period=5s #success=1 #failure=3
    Environment:  <none>
    Mounts:
      /etc/nanomq.conf from config (rw,path="nanomq.conf")
      /var/run/secrets/kubernetes.io/serviceaccount from kube-api-access-v8gft (ro)
Conditions:
  Type                        Status
  PodReadyToStartContainers   True 
  Initialized                 True 
  Ready                       True 
  ContainersReady             True 
  PodScheduled                True 
Volumes:
  config:
    Type:      ConfigMap (a volume populated by a ConfigMap)
    Name:      nanomq-config
    Optional:  false
  kube-api-access-v8gft:
    Type:                    Projected (a volume that contains injected data from multiple sources)
    TokenExpirationSeconds:  3607
    ConfigMapName:           kube-root-ca.crt
    Optional:                false
    DownwardAPI:             true
QoS Class:                   Burstable
Node-Selectors:              <none>
Tolerations:                 node.kubernetes.io/not-ready:NoExecute op=Exists for 300s
                             node.kubernetes.io/unreachable:NoExecute op=Exists for 300s
Events:
  Type    Reason     Age    From               Message
  ----    ------     ----   ----               -------
  Normal  Scheduled  2m41s  default-scheduler  Successfully assigned translator-zigbee/nanomq-756fd88db6-vhv5g to <pi-host>
  Normal  Pulled     2m41s  kubelet            spec.containers{nanomq}: Container image "emqx/nanomq:0.21-slim" already present on machine
  Normal  Created    2m41s  kubelet            spec.containers{nanomq}: Created container: nanomq
  Normal  Started    2m41s  kubelet            spec.containers{nanomq}: Started container nanomq


Name:             postgres-0
Namespace:        translator-zigbee
Priority:         0
Service Account:  default
Node:             <pi-host>/<pi-ip>
Start Time:       Mon, 27 Apr 2026 09:49:26 +0200
Labels:           app=postgres
                  apps.kubernetes.io/pod-index=0
                  controller-revision-hash=postgres-848ccb988d
                  statefulset.kubernetes.io/pod-name=postgres-0
Annotations:      cni.projectcalico.org/containerID: b990af0d9d729b83832263f843950a380aa339b9087841ab4fe4ca7575110bb9
                  cni.projectcalico.org/podIP: <pod-ip>/32
                  cni.projectcalico.org/podIPs: <pod-ip>/32
Status:           Running
IP:               <pod-ip>
IPs:
  IP:           <pod-ip>
Controlled By:  StatefulSet/postgres
Containers:
  postgres:
    Container ID:   containerd://f83e5a4387e0a14e8077305dbcdeba3cc7b9b1970751ae25482015d718169132
    Image:          postgres:17-alpine
    Image ID:       docker.io/library/postgres@sha256:778d0b486d6daa02b77434d0358ec57a1b21fd8b6d22ac2eef56a33e816928f6
    Port:           5432/TCP
    Host Port:      0/TCP
    State:          Running
      Started:      Mon, 27 Apr 2026 09:49:27 +0200
    Ready:          True
    Restart Count:  0
    Limits:
      cpu:     1500m
      memory:  1536Mi
    Requests:
      cpu:      100m
      memory:   256Mi
    Readiness:  exec [pg_isready -U postgres] delay=5s timeout=1s period=5s #success=1 #failure=3
    Environment:
      POSTGRES_DB:        postgres
      POSTGRES_USER:      postgres
      POSTGRES_PASSWORD:  <set to the key 'postgres-superuser-password' in secret 'hermod-secrets'>  Optional: false
    Mounts:
      /docker-entrypoint-initdb.d from init (rw)
      /var/lib/postgresql/data from data (rw)
      /var/run/secrets/kubernetes.io/serviceaccount from kube-api-access-vnw56 (ro)
Conditions:
  Type                        Status
  PodReadyToStartContainers   True 
  Initialized                 True 
  Ready                       True 
  ContainersReady             True 
  PodScheduled                True 
Volumes:
  data:
    Type:       PersistentVolumeClaim (a reference to a PersistentVolumeClaim in the same namespace)
    ClaimName:  data-postgres-0
    ReadOnly:   false
  init:
    Type:      ConfigMap (a volume populated by a ConfigMap)
    Name:      postgres-init
    Optional:  false
  kube-api-access-vnw56:
    Type:                    Projected (a volume that contains injected data from multiple sources)
    TokenExpirationSeconds:  3607
    ConfigMapName:           kube-root-ca.crt
    Optional:                false
    DownwardAPI:             true
QoS Class:                   Burstable
Node-Selectors:              <none>
Tolerations:                 node.kubernetes.io/not-ready:NoExecute op=Exists for 300s
                             node.kubernetes.io/unreachable:NoExecute op=Exists for 300s
Events:
  Type    Reason     Age    From               Message
  ----    ------     ----   ----               -------
  Normal  Scheduled  2m35s  default-scheduler  Successfully assigned translator-zigbee/postgres-0 to <pi-host>
  Normal  Pulled     2m35s  kubelet            spec.containers{postgres}: Container image "postgres:17-alpine" already present on machine
  Normal  Created    2m35s  kubelet            spec.containers{postgres}: Created container: postgres
  Normal  Started    2m35s  kubelet            spec.containers{postgres}: Started container postgres


Name:             zigbee2mqtt-6f749bd7b-hnqld
Namespace:        translator-zigbee
Priority:         0
Service Account:  default
Node:             <pi-host>/<pi-ip>
Start Time:       Mon, 27 Apr 2026 09:49:20 +0200
Labels:           app=zigbee2mqtt
                  pod-template-hash=6f749bd7b
Annotations:      cni.projectcalico.org/containerID: 40f3d4c372aacc8caf6d2d8c550e8e8785170a590e20fd2ce4403319ab2db42b
                  cni.projectcalico.org/podIP: <pod-ip>/32
                  cni.projectcalico.org/podIPs: <pod-ip>/32
Status:           Running
IP:               <pod-ip>
IPs:
  IP:           <pod-ip>
Controlled By:  ReplicaSet/zigbee2mqtt-6f749bd7b
Containers:
  zigbee2mqtt:
    Container ID:   containerd://a5a5b635316b015ac4385adac04e53ec1134242183a9c42a55585cf80cf9945a
    Image:          koenkk/zigbee2mqtt:latest
    Image ID:       docker.io/koenkk/zigbee2mqtt@sha256:2a21bbf7a664a149024bbe1f776e3151f28ed9db15948270dcbffb89544a41f0
    Port:           8080/TCP (http)
    Host Port:      0/TCP (http)
    State:          Waiting
      Reason:       CrashLoopBackOff
    Last State:     Terminated
      Reason:       Error
      Exit Code:    1
      Started:      Mon, 27 Apr 2026 09:50:48 +0200
      Finished:     Mon, 27 Apr 2026 09:50:49 +0200
    Ready:          False
    Restart Count:  4
    Limits:
      cpu:     1
      memory:  512Mi
    Requests:
      cpu:     100m
      memory:  128Mi
    Environment:
      TZ:                                Europe/Bratislava
      ZIGBEE2MQTT_CONFIG_MQTT_USER:      <set to the key 'mqtt-username' in secret 'hermod-secrets'>  Optional: false
      ZIGBEE2MQTT_CONFIG_MQTT_PASSWORD:  <set to the key 'mqtt-password' in secret 'hermod-secrets'>  Optional: false
    Mounts:
      /app/data from data (rw)
      /app/data/configuration.yaml from config (rw,path="configuration.yaml")
      /dev/ttyUSB0 from zigbee-device (rw)
      /var/run/secrets/kubernetes.io/serviceaccount from kube-api-access-69lx4 (ro)
Conditions:
  Type                        Status
  PodReadyToStartContainers   True 
  Initialized                 True 
  Ready                       False 
  ContainersReady             False 
  PodScheduled                True 
Volumes:
  data:
    Type:       EmptyDir (a temporary directory that shares a pod's lifetime)
    Medium:     
    SizeLimit:  <unset>
  config:
    Type:      ConfigMap (a volume populated by a ConfigMap)
    Name:      zigbee2mqtt-config
    Optional:  false
  zigbee-device:
    Type:          HostPath (bare host directory volume)
    Path:          /dev/ttyUSB0
    HostPathType:  CharDevice
  kube-api-access-69lx4:
    Type:                    Projected (a volume that contains injected data from multiple sources)
    TokenExpirationSeconds:  3607
    ConfigMapName:           kube-root-ca.crt
    Optional:                false
    DownwardAPI:             true
QoS Class:                   Burstable
Node-Selectors:              hermod.io/zigbee=true
Tolerations:                 node.kubernetes.io/not-ready:NoExecute op=Exists for 300s
                             node.kubernetes.io/unreachable:NoExecute op=Exists for 300s
Events:
  Type     Reason     Age                  From               Message
  ----     ------     ----                 ----               -------
  Normal   Scheduled  2m41s                default-scheduler  Successfully assigned translator-zigbee/zigbee2mqtt-6f749bd7b-hnqld to <pi-host>
  Normal   Pulled     74s (x5 over 2m41s)  kubelet            spec.containers{zigbee2mqtt}: Container image "koenkk/zigbee2mqtt:latest" already present on machine
  Normal   Created    74s (x5 over 2m41s)  kubelet            spec.containers{zigbee2mqtt}: Created container: zigbee2mqtt
  Normal   Started    74s (x5 over 2m40s)  kubelet            spec.containers{zigbee2mqtt}: Started container zigbee2mqtt
  Warning  BackOff    9s (x13 over 2m36s)  kubelet            spec.containers{zigbee2mqtt}: Back-off restarting failed container zigbee2mqtt in pod zigbee2mqtt-6f749bd7b-hnqld_translator-zigbee(31ae8769-a232-40fd-9113-f97332d450da)

=== ts=1777276333 ===
Name:             hermod-coordinator-7d7b88cc46-b7rxz
Namespace:        translator-zigbee
Priority:         0
Service Account:  default
Node:             <pi-host>/<pi-ip>
Start Time:       Mon, 27 Apr 2026 09:50:09 +0200
Labels:           app=hermod-coordinator
                  pod-template-hash=7d7b88cc46
Annotations:      cni.projectcalico.org/containerID: 6f9fd2870bf476961b9c56eec684c0d6ae119ff559d1859e052d05c4b5cd7f88
                  cni.projectcalico.org/podIP: <pod-ip>/32
                  cni.projectcalico.org/podIPs: <pod-ip>/32
Status:           Running
IP:               <pod-ip>
IPs:
  IP:           <pod-ip>
Controlled By:  ReplicaSet/hermod-coordinator-7d7b88cc46
Init Containers:
  wait-for-postgres:
    Container ID:  containerd://80a24eab50e521a263c498ff5efdfaa3405e5ad7454a00215882c416d3b4ca3b
    Image:         busybox:1.36
    Image ID:      docker.io/library/busybox@sha256:73aaf090f3d85aa34ee199857f03fa3a95c8ede2ffd4cc2cdb5b94e566b11662
    Port:          <none>
    Host Port:     <none>
    Command:
      sh
      -c
      until nc -z postgres 5432; do sleep 2; done
    State:          Terminated
      Reason:       Completed
      Exit Code:    0
      Started:      Mon, 27 Apr 2026 09:50:10 +0200
      Finished:     Mon, 27 Apr 2026 09:50:10 +0200
    Ready:          True
    Restart Count:  0
    Environment:
      Hermod__Features__DeviceStateTracking:    true
      Hermod__Engine__LogBatchSize:             100
      Hermod__Engine__LogBatching:              true
      Hermod__Engine__Parallelism:              0
      Hermod__Features__MessagePersistence:     true
      Hermod__Features__RuleAuditLog:           true
      Hermod__Features__RuleCache:              true
      Hermod__Features__StatsRollup:            true
      Hermod__Storage__Mode:                    Postgres
      Logging__LogLevel__Hermod:                Information
      Logging__LogLevel__Microsoft.AspNetCore:  Warning
    Mounts:
      /var/run/secrets/kubernetes.io/serviceaccount from kube-api-access-dnff6 (ro)
  wait-for-nanomq:
    Container ID:  containerd://6bf15dbf348a720db647d7c3fa312d13873d09198b54924eae9447bc30ae9314
    Image:         busybox:1.36
    Image ID:      docker.io/library/busybox@sha256:73aaf090f3d85aa34ee199857f03fa3a95c8ede2ffd4cc2cdb5b94e566b11662
    Port:          <none>
    Host Port:     <none>
    Command:
      sh
      -c
      until nc -z nanomq 1883; do sleep 2; done
    State:          Terminated
      Reason:       Completed
      Exit Code:    0
      Started:      Mon, 27 Apr 2026 09:50:11 +0200
      Finished:     Mon, 27 Apr 2026 09:50:11 +0200
    Ready:          True
    Restart Count:  0
    Environment:
      Hermod__Features__DeviceStateTracking:    true
      Hermod__Engine__LogBatchSize:             100
      Hermod__Engine__LogBatching:              true
      Hermod__Engine__Parallelism:              0
      Hermod__Features__MessagePersistence:     true
      Hermod__Features__RuleAuditLog:           true
      Hermod__Features__RuleCache:              true
      Hermod__Features__StatsRollup:            true
      Hermod__Storage__Mode:                    Postgres
      Logging__LogLevel__Hermod:                Information
      Logging__LogLevel__Microsoft.AspNetCore:  Warning
    Mounts:
      /var/run/secrets/kubernetes.io/serviceaccount from kube-api-access-dnff6 (ro)
Containers:
  hermod-coordinator:
    Container ID:   containerd://da8b3f95fbb43422817d9e07d38cd9f1429d49c7c6d30caad0cf1ec1c3c54e98
    Image:          hermod-coordinator:latest
    Image ID:       sha256:ca91ccdfcd269dd5e4e25d5ffe8d863ca5db57e5c4f62f08c8adf90d23c15eaf
    Port:           42069/TCP (http)
    Host Port:      0/TCP (http)
    State:          Running
      Started:      Mon, 27 Apr 2026 09:50:12 +0200
    Ready:          True
    Restart Count:  0
    Limits:
      cpu:     1500m
      memory:  1536Mi
    Requests:
      cpu:      200m
      memory:   256Mi
    Liveness:   http-get http://:42069/healthz delay=60s timeout=1s period=30s #success=1 #failure=3
    Readiness:  http-get http://:42069/healthz/ready delay=5s timeout=1s period=10s #success=1 #failure=3
    Startup:    http-get http://:42069/healthz delay=0s timeout=1s period=5s #success=1 #failure=30
    Environment:
      ASPNETCORE_ENVIRONMENT:                   Production
      ASPNETCORE_URLS:                          http://+:42069
      DOTNET_USE_POLLING_FILE_WATCHER:          true
      Hermod__Security__AuthBypass:             true
      Hermod__Security__VaultRequireHttps:      false
      Hermod__Features__MetricsEndpoint:        true
      Hermod__Dev__Endpoints:                   true
      Hermod__Mqtt__Host:                       nanomq
      Hermod__Mqtt__Port:                       1883
      Hermod__Mqtt__UseTls:                     false
      Hermod__Mqtt__Tls__UseTls:                false
      Hermod__Mqtt__Username:                   <set to the key 'mqtt-username' in secret 'hermod-secrets'>  Optional: false
      Hermod__Mqtt__Password:                   <set to the key 'mqtt-password' in secret 'hermod-secrets'>  Optional: false
      Hermod__Database__ConnectionString:       Host=postgres;Port=5432;Database=hermod;Username=hermod_app
      Hermod__Database__Password:               <set to the key 'hermod-db-password' in secret 'hermod-db-credentials'>  Optional: false
      Hermod__Features__DeviceStateTracking:    true
      Hermod__Engine__LogBatchSize:             100
      Hermod__Engine__LogBatching:              true
      Hermod__Engine__Parallelism:              0
      Hermod__Features__MessagePersistence:     true
      Hermod__Features__RuleAuditLog:           true
      Hermod__Features__RuleCache:              true
      Hermod__Features__StatsRollup:            true
      Hermod__Storage__Mode:                    Postgres
      Logging__LogLevel__Hermod:                Information
      Logging__LogLevel__Microsoft.AspNetCore:  Warning
    Mounts:
      /var/run/secrets/kubernetes.io/serviceaccount from kube-api-access-dnff6 (ro)
Conditions:
  Type                        Status
  PodReadyToStartContainers   True 
  Initialized                 True 
  Ready                       True 
  ContainersReady             True 
  PodScheduled                True 
Volumes:
  kube-api-access-dnff6:
    Type:                    Projected (a volume that contains injected data from multiple sources)
    TokenExpirationSeconds:  3607
    ConfigMapName:           kube-root-ca.crt
    Optional:                false
    DownwardAPI:             true
QoS Class:                   Burstable
Node-Selectors:              <none>
Tolerations:                 node.kubernetes.io/not-ready:NoExecute op=Exists for 300s
                             node.kubernetes.io/unreachable:NoExecute op=Exists for 300s
Events:
  Type    Reason     Age   From               Message
  ----    ------     ----  ----               -------
  Normal  Scheduled  2m4s  default-scheduler  Successfully assigned translator-zigbee/hermod-coordinator-7d7b88cc46-b7rxz to <pi-host>
  Normal  Pulled     2m3s  kubelet            spec.initContainers{wait-for-postgres}: Container image "busybox:1.36" already present on machine
  Normal  Created    2m3s  kubelet            spec.initContainers{wait-for-postgres}: Created container: wait-for-postgres
  Normal  Started    2m3s  kubelet            spec.initContainers{wait-for-postgres}: Started container wait-for-postgres
  Normal  Pulled     2m2s  kubelet            spec.initContainers{wait-for-nanomq}: Container image "busybox:1.36" already present on machine
  Normal  Created    2m2s  kubelet            spec.initContainers{wait-for-nanomq}: Created container: wait-for-nanomq
  Normal  Started    2m2s  kubelet            spec.initContainers{wait-for-nanomq}: Started container wait-for-nanomq
  Normal  Pulled     2m1s  kubelet            spec.containers{hermod-coordinator}: Container image "hermod-coordinator:latest" already present on machine
  Normal  Created    2m1s  kubelet            spec.containers{hermod-coordinator}: Created container: hermod-coordinator
  Normal  Started    2m1s  kubelet            spec.containers{hermod-coordinator}: Started container hermod-coordinator


Name:             nanomq-756fd88db6-vhv5g
Namespace:        translator-zigbee
Priority:         0
Service Account:  default
Node:             <pi-host>/<pi-ip>
Start Time:       Mon, 27 Apr 2026 09:49:20 +0200
Labels:           app=nanomq
                  pod-template-hash=756fd88db6
Annotations:      cni.projectcalico.org/containerID: a3a4f02780450d074339dc07fdd6e0f8e761fe12187fa30153e912d7227d3b4c
                  cni.projectcalico.org/podIP: <pod-ip>/32
                  cni.projectcalico.org/podIPs: <pod-ip>/32
Status:           Running
IP:               <pod-ip>
IPs:
  IP:           <pod-ip>
Controlled By:  ReplicaSet/nanomq-756fd88db6
Containers:
  nanomq:
    Container ID:   containerd://16bc15beddea3bebae52dddabec0fa0daff7437988feac08c163839ad209ac7d
    Image:          emqx/nanomq:0.21-slim
    Image ID:       docker.io/emqx/nanomq@sha256:53bea7acb547aced1cc45e08c514628f1e41c4da9ad544fd8c5fa96d3e9eb41b
    Ports:          1883/TCP (mqtt), 8081/TCP (http)
    Host Ports:     0/TCP (mqtt), 0/TCP (http)
    State:          Running
      Started:      Mon, 27 Apr 2026 09:49:21 +0200
    Ready:          True
    Restart Count:  0
    Limits:
      cpu:     1
      memory:  512Mi
    Requests:
      cpu:        50m
      memory:     64Mi
    Readiness:    tcp-socket :1883 delay=3s timeout=1s period=5s #success=1 #failure=3
    Environment:  <none>
    Mounts:
      /etc/nanomq.conf from config (rw,path="nanomq.conf")
      /var/run/secrets/kubernetes.io/serviceaccount from kube-api-access-v8gft (ro)
Conditions:
  Type                        Status
  PodReadyToStartContainers   True 
  Initialized                 True 
  Ready                       True 
  ContainersReady             True 
  PodScheduled                True 
Volumes:
  config:
    Type:      ConfigMap (a volume populated by a ConfigMap)
    Name:      nanomq-config
    Optional:  false
  kube-api-access-v8gft:
    Type:                    Projected (a volume that contains injected data from multiple sources)
    TokenExpirationSeconds:  3607
    ConfigMapName:           kube-root-ca.crt
    Optional:                false
    DownwardAPI:             true
QoS Class:                   Burstable
Node-Selectors:              <none>
Tolerations:                 node.kubernetes.io/not-ready:NoExecute op=Exists for 300s
                             node.kubernetes.io/unreachable:NoExecute op=Exists for 300s
Events:
  Type    Reason     Age    From               Message
  ----    ------     ----   ----               -------
  Normal  Scheduled  2m52s  default-scheduler  Successfully assigned translator-zigbee/nanomq-756fd88db6-vhv5g to <pi-host>
  Normal  Pulled     2m52s  kubelet            spec.containers{nanomq}: Container image "emqx/nanomq:0.21-slim" already present on machine
  Normal  Created    2m52s  kubelet            spec.containers{nanomq}: Created container: nanomq
  Normal  Started    2m52s  kubelet            spec.containers{nanomq}: Started container nanomq


Name:             postgres-0
Namespace:        translator-zigbee
Priority:         0
Service Account:  default
Node:             <pi-host>/<pi-ip>
Start Time:       Mon, 27 Apr 2026 09:49:26 +0200
Labels:           app=postgres
                  apps.kubernetes.io/pod-index=0
                  controller-revision-hash=postgres-848ccb988d
                  statefulset.kubernetes.io/pod-name=postgres-0
Annotations:      cni.projectcalico.org/containerID: b990af0d9d729b83832263f843950a380aa339b9087841ab4fe4ca7575110bb9
                  cni.projectcalico.org/podIP: <pod-ip>/32
                  cni.projectcalico.org/podIPs: <pod-ip>/32
Status:           Running
IP:               <pod-ip>
IPs:
  IP:           <pod-ip>
Controlled By:  StatefulSet/postgres
Containers:
  postgres:
    Container ID:   containerd://f83e5a4387e0a14e8077305dbcdeba3cc7b9b1970751ae25482015d718169132
    Image:          postgres:17-alpine
    Image ID:       docker.io/library/postgres@sha256:778d0b486d6daa02b77434d0358ec57a1b21fd8b6d22ac2eef56a33e816928f6
    Port:           5432/TCP
    Host Port:      0/TCP
    State:          Running
      Started:      Mon, 27 Apr 2026 09:49:27 +0200
    Ready:          True
    Restart Count:  0
    Limits:
      cpu:     1500m
      memory:  1536Mi
    Requests:
      cpu:      100m
      memory:   256Mi
    Readiness:  exec [pg_isready -U postgres] delay=5s timeout=1s period=5s #success=1 #failure=3
    Environment:
      POSTGRES_DB:        postgres
      POSTGRES_USER:      postgres
      POSTGRES_PASSWORD:  <set to the key 'postgres-superuser-password' in secret 'hermod-secrets'>  Optional: false
    Mounts:
      /docker-entrypoint-initdb.d from init (rw)
      /var/lib/postgresql/data from data (rw)
      /var/run/secrets/kubernetes.io/serviceaccount from kube-api-access-vnw56 (ro)
Conditions:
  Type                        Status
  PodReadyToStartContainers   True 
  Initialized                 True 
  Ready                       True 
  ContainersReady             True 
  PodScheduled                True 
Volumes:
  data:
    Type:       PersistentVolumeClaim (a reference to a PersistentVolumeClaim in the same namespace)
    ClaimName:  data-postgres-0
    ReadOnly:   false
  init:
    Type:      ConfigMap (a volume populated by a ConfigMap)
    Name:      postgres-init
    Optional:  false
  kube-api-access-vnw56:
    Type:                    Projected (a volume that contains injected data from multiple sources)
    TokenExpirationSeconds:  3607
    ConfigMapName:           kube-root-ca.crt
    Optional:                false
    DownwardAPI:             true
QoS Class:                   Burstable
Node-Selectors:              <none>
Tolerations:                 node.kubernetes.io/not-ready:NoExecute op=Exists for 300s
                             node.kubernetes.io/unreachable:NoExecute op=Exists for 300s
Events:
  Type    Reason     Age    From               Message
  ----    ------     ----   ----               -------
  Normal  Scheduled  2m46s  default-scheduler  Successfully assigned translator-zigbee/postgres-0 to <pi-host>
  Normal  Pulled     2m46s  kubelet            spec.containers{postgres}: Container image "postgres:17-alpine" already present on machine
  Normal  Created    2m46s  kubelet            spec.containers{postgres}: Created container: postgres
  Normal  Started    2m46s  kubelet            spec.containers{postgres}: Started container postgres


Name:             zigbee2mqtt-6f749bd7b-hnqld
Namespace:        translator-zigbee
Priority:         0
Service Account:  default
Node:             <pi-host>/<pi-ip>
Start Time:       Mon, 27 Apr 2026 09:49:20 +0200
Labels:           app=zigbee2mqtt
                  pod-template-hash=6f749bd7b
Annotations:      cni.projectcalico.org/containerID: 40f3d4c372aacc8caf6d2d8c550e8e8785170a590e20fd2ce4403319ab2db42b
                  cni.projectcalico.org/podIP: <pod-ip>/32
                  cni.projectcalico.org/podIPs: <pod-ip>/32
Status:           Running
IP:               <pod-ip>
IPs:
  IP:           <pod-ip>
Controlled By:  ReplicaSet/zigbee2mqtt-6f749bd7b
Containers:
  zigbee2mqtt:
    Container ID:   containerd://a5a5b635316b015ac4385adac04e53ec1134242183a9c42a55585cf80cf9945a
    Image:          koenkk/zigbee2mqtt:latest
    Image ID:       docker.io/koenkk/zigbee2mqtt@sha256:2a21bbf7a664a149024bbe1f776e3151f28ed9db15948270dcbffb89544a41f0
    Port:           8080/TCP (http)
    Host Port:      0/TCP (http)
    State:          Waiting
      Reason:       CrashLoopBackOff
    Last State:     Terminated
      Reason:       Error
      Exit Code:    1
      Started:      Mon, 27 Apr 2026 09:50:48 +0200
      Finished:     Mon, 27 Apr 2026 09:50:49 +0200
    Ready:          False
    Restart Count:  4
    Limits:
      cpu:     1
      memory:  512Mi
    Requests:
      cpu:     100m
      memory:  128Mi
    Environment:
      TZ:                                Europe/Bratislava
      ZIGBEE2MQTT_CONFIG_MQTT_USER:      <set to the key 'mqtt-username' in secret 'hermod-secrets'>  Optional: false
      ZIGBEE2MQTT_CONFIG_MQTT_PASSWORD:  <set to the key 'mqtt-password' in secret 'hermod-secrets'>  Optional: false
    Mounts:
      /app/data from data (rw)
      /app/data/configuration.yaml from config (rw,path="configuration.yaml")
      /dev/ttyUSB0 from zigbee-device (rw)
      /var/run/secrets/kubernetes.io/serviceaccount from kube-api-access-69lx4 (ro)
Conditions:
  Type                        Status
  PodReadyToStartContainers   True 
  Initialized                 True 
  Ready                       False 
  ContainersReady             False 
  PodScheduled                True 
Volumes:
  data:
    Type:       EmptyDir (a temporary directory that shares a pod's lifetime)
    Medium:     
    SizeLimit:  <unset>
  config:
    Type:      ConfigMap (a volume populated by a ConfigMap)
    Name:      zigbee2mqtt-config
    Optional:  false
  zigbee-device:
    Type:          HostPath (bare host directory volume)
    Path:          /dev/ttyUSB0
    HostPathType:  CharDevice
  kube-api-access-69lx4:
    Type:                    Projected (a volume that contains injected data from multiple sources)
    TokenExpirationSeconds:  3607
    ConfigMapName:           kube-root-ca.crt
    Optional:                false
    DownwardAPI:             true
QoS Class:                   Burstable
Node-Selectors:              hermod.io/zigbee=true
Tolerations:                 node.kubernetes.io/not-ready:NoExecute op=Exists for 300s
                             node.kubernetes.io/unreachable:NoExecute op=Exists for 300s
Events:
  Type     Reason     Age                  From               Message
  ----     ------     ----                 ----               -------
  Normal   Scheduled  2m52s                default-scheduler  Successfully assigned translator-zigbee/zigbee2mqtt-6f749bd7b-hnqld to <pi-host>
  Normal   Pulled     85s (x5 over 2m52s)  kubelet            spec.containers{zigbee2mqtt}: Container image "koenkk/zigbee2mqtt:latest" already present on machine
  Normal   Created    85s (x5 over 2m52s)  kubelet            spec.containers{zigbee2mqtt}: Created container: zigbee2mqtt
  Normal   Started    85s (x5 over 2m51s)  kubelet            spec.containers{zigbee2mqtt}: Started container zigbee2mqtt
  Warning  BackOff    5s (x14 over 2m47s)  kubelet            spec.containers{zigbee2mqtt}: Back-off restarting failed container zigbee2mqtt in pod zigbee2mqtt-6f749bd7b-hnqld_translator-zigbee(31ae8769-a232-40fd-9113-f97332d450da)

=== ts=1777276344 ===
Name:             hermod-coordinator-7d7b88cc46-b7rxz
Namespace:        translator-zigbee
Priority:         0
Service Account:  default
Node:             <pi-host>/<pi-ip>
Start Time:       Mon, 27 Apr 2026 09:50:09 +0200
Labels:           app=hermod-coordinator
                  pod-template-hash=7d7b88cc46
Annotations:      cni.projectcalico.org/containerID: 6f9fd2870bf476961b9c56eec684c0d6ae119ff559d1859e052d05c4b5cd7f88
                  cni.projectcalico.org/podIP: <pod-ip>/32
                  cni.projectcalico.org/podIPs: <pod-ip>/32
Status:           Running
IP:               <pod-ip>
IPs:
  IP:           <pod-ip>
Controlled By:  ReplicaSet/hermod-coordinator-7d7b88cc46
Init Containers:
  wait-for-postgres:
    Container ID:  containerd://80a24eab50e521a263c498ff5efdfaa3405e5ad7454a00215882c416d3b4ca3b
    Image:         busybox:1.36
    Image ID:      docker.io/library/busybox@sha256:73aaf090f3d85aa34ee199857f03fa3a95c8ede2ffd4cc2cdb5b94e566b11662
    Port:          <none>
    Host Port:     <none>
    Command:
      sh
      -c
      until nc -z postgres 5432; do sleep 2; done
    State:          Terminated
      Reason:       Completed
      Exit Code:    0
      Started:      Mon, 27 Apr 2026 09:50:10 +0200
      Finished:     Mon, 27 Apr 2026 09:50:10 +0200
    Ready:          True
    Restart Count:  0
    Environment:
      Hermod__Features__DeviceStateTracking:    true
      Hermod__Engine__LogBatchSize:             100
      Hermod__Engine__LogBatching:              true
      Hermod__Engine__Parallelism:              0
      Hermod__Features__MessagePersistence:     true
      Hermod__Features__RuleAuditLog:           true
      Hermod__Features__RuleCache:              true
      Hermod__Features__StatsRollup:            true
      Hermod__Storage__Mode:                    Postgres
      Logging__LogLevel__Hermod:                Information
      Logging__LogLevel__Microsoft.AspNetCore:  Warning
    Mounts:
      /var/run/secrets/kubernetes.io/serviceaccount from kube-api-access-dnff6 (ro)
  wait-for-nanomq:
    Container ID:  containerd://6bf15dbf348a720db647d7c3fa312d13873d09198b54924eae9447bc30ae9314
    Image:         busybox:1.36
    Image ID:      docker.io/library/busybox@sha256:73aaf090f3d85aa34ee199857f03fa3a95c8ede2ffd4cc2cdb5b94e566b11662
    Port:          <none>
    Host Port:     <none>
    Command:
      sh
      -c
      until nc -z nanomq 1883; do sleep 2; done
    State:          Terminated
      Reason:       Completed
      Exit Code:    0
      Started:      Mon, 27 Apr 2026 09:50:11 +0200
      Finished:     Mon, 27 Apr 2026 09:50:11 +0200
    Ready:          True
    Restart Count:  0
    Environment:
      Hermod__Features__DeviceStateTracking:    true
      Hermod__Engine__LogBatchSize:             100
      Hermod__Engine__LogBatching:              true
      Hermod__Engine__Parallelism:              0
      Hermod__Features__MessagePersistence:     true
      Hermod__Features__RuleAuditLog:           true
      Hermod__Features__RuleCache:              true
      Hermod__Features__StatsRollup:            true
      Hermod__Storage__Mode:                    Postgres
      Logging__LogLevel__Hermod:                Information
      Logging__LogLevel__Microsoft.AspNetCore:  Warning
    Mounts:
      /var/run/secrets/kubernetes.io/serviceaccount from kube-api-access-dnff6 (ro)
Containers:
  hermod-coordinator:
    Container ID:   containerd://da8b3f95fbb43422817d9e07d38cd9f1429d49c7c6d30caad0cf1ec1c3c54e98
    Image:          hermod-coordinator:latest
    Image ID:       sha256:ca91ccdfcd269dd5e4e25d5ffe8d863ca5db57e5c4f62f08c8adf90d23c15eaf
    Port:           42069/TCP (http)
    Host Port:      0/TCP (http)
    State:          Running
      Started:      Mon, 27 Apr 2026 09:50:12 +0200
    Ready:          True
    Restart Count:  0
    Limits:
      cpu:     1500m
      memory:  1536Mi
    Requests:
      cpu:      200m
      memory:   256Mi
    Liveness:   http-get http://:42069/healthz delay=60s timeout=1s period=30s #success=1 #failure=3
    Readiness:  http-get http://:42069/healthz/ready delay=5s timeout=1s period=10s #success=1 #failure=3
    Startup:    http-get http://:42069/healthz delay=0s timeout=1s period=5s #success=1 #failure=30
    Environment:
      ASPNETCORE_ENVIRONMENT:                   Production
      ASPNETCORE_URLS:                          http://+:42069
      DOTNET_USE_POLLING_FILE_WATCHER:          true
      Hermod__Security__AuthBypass:             true
      Hermod__Security__VaultRequireHttps:      false
      Hermod__Features__MetricsEndpoint:        true
      Hermod__Dev__Endpoints:                   true
      Hermod__Mqtt__Host:                       nanomq
      Hermod__Mqtt__Port:                       1883
      Hermod__Mqtt__UseTls:                     false
      Hermod__Mqtt__Tls__UseTls:                false
      Hermod__Mqtt__Username:                   <set to the key 'mqtt-username' in secret 'hermod-secrets'>  Optional: false
      Hermod__Mqtt__Password:                   <set to the key 'mqtt-password' in secret 'hermod-secrets'>  Optional: false
      Hermod__Database__ConnectionString:       Host=postgres;Port=5432;Database=hermod;Username=hermod_app
      Hermod__Database__Password:               <set to the key 'hermod-db-password' in secret 'hermod-db-credentials'>  Optional: false
      Hermod__Features__DeviceStateTracking:    true
      Hermod__Engine__LogBatchSize:             100
      Hermod__Engine__LogBatching:              true
      Hermod__Engine__Parallelism:              0
      Hermod__Features__MessagePersistence:     true
      Hermod__Features__RuleAuditLog:           true
      Hermod__Features__RuleCache:              true
      Hermod__Features__StatsRollup:            true
      Hermod__Storage__Mode:                    Postgres
      Logging__LogLevel__Hermod:                Information
      Logging__LogLevel__Microsoft.AspNetCore:  Warning
    Mounts:
      /var/run/secrets/kubernetes.io/serviceaccount from kube-api-access-dnff6 (ro)
Conditions:
  Type                        Status
  PodReadyToStartContainers   True 
  Initialized                 True 
  Ready                       True 
  ContainersReady             True 
  PodScheduled                True 
Volumes:
  kube-api-access-dnff6:
    Type:                    Projected (a volume that contains injected data from multiple sources)
    TokenExpirationSeconds:  3607
    ConfigMapName:           kube-root-ca.crt
    Optional:                false
    DownwardAPI:             true
QoS Class:                   Burstable
Node-Selectors:              <none>
Tolerations:                 node.kubernetes.io/not-ready:NoExecute op=Exists for 300s
                             node.kubernetes.io/unreachable:NoExecute op=Exists for 300s
Events:
  Type    Reason     Age    From               Message
  ----    ------     ----   ----               -------
  Normal  Scheduled  2m15s  default-scheduler  Successfully assigned translator-zigbee/hermod-coordinator-7d7b88cc46-b7rxz to <pi-host>
  Normal  Pulled     2m15s  kubelet            spec.initContainers{wait-for-postgres}: Container image "busybox:1.36" already present on machine
  Normal  Created    2m15s  kubelet            spec.initContainers{wait-for-postgres}: Created container: wait-for-postgres
  Normal  Started    2m15s  kubelet            spec.initContainers{wait-for-postgres}: Started container wait-for-postgres
  Normal  Pulled     2m14s  kubelet            spec.initContainers{wait-for-nanomq}: Container image "busybox:1.36" already present on machine
  Normal  Created    2m14s  kubelet            spec.initContainers{wait-for-nanomq}: Created container: wait-for-nanomq
  Normal  Started    2m14s  kubelet            spec.initContainers{wait-for-nanomq}: Started container wait-for-nanomq
  Normal  Pulled     2m13s  kubelet            spec.containers{hermod-coordinator}: Container image "hermod-coordinator:latest" already present on machine
  Normal  Created    2m13s  kubelet            spec.containers{hermod-coordinator}: Created container: hermod-coordinator
  Normal  Started    2m13s  kubelet            spec.containers{hermod-coordinator}: Started container hermod-coordinator


Name:             nanomq-756fd88db6-vhv5g
Namespace:        translator-zigbee
Priority:         0
Service Account:  default
Node:             <pi-host>/<pi-ip>
Start Time:       Mon, 27 Apr 2026 09:49:20 +0200
Labels:           app=nanomq
                  pod-template-hash=756fd88db6
Annotations:      cni.projectcalico.org/containerID: a3a4f02780450d074339dc07fdd6e0f8e761fe12187fa30153e912d7227d3b4c
                  cni.projectcalico.org/podIP: <pod-ip>/32
                  cni.projectcalico.org/podIPs: <pod-ip>/32
Status:           Running
IP:               <pod-ip>
IPs:
  IP:           <pod-ip>
Controlled By:  ReplicaSet/nanomq-756fd88db6
Containers:
  nanomq:
    Container ID:   containerd://16bc15beddea3bebae52dddabec0fa0daff7437988feac08c163839ad209ac7d
    Image:          emqx/nanomq:0.21-slim
    Image ID:       docker.io/emqx/nanomq@sha256:53bea7acb547aced1cc45e08c514628f1e41c4da9ad544fd8c5fa96d3e9eb41b
    Ports:          1883/TCP (mqtt), 8081/TCP (http)
    Host Ports:     0/TCP (mqtt), 0/TCP (http)
    State:          Running
      Started:      Mon, 27 Apr 2026 09:49:21 +0200
    Ready:          True
    Restart Count:  0
    Limits:
      cpu:     1
      memory:  512Mi
    Requests:
      cpu:        50m
      memory:     64Mi
    Readiness:    tcp-socket :1883 delay=3s timeout=1s period=5s #success=1 #failure=3
    Environment:  <none>
    Mounts:
      /etc/nanomq.conf from config (rw,path="nanomq.conf")
      /var/run/secrets/kubernetes.io/serviceaccount from kube-api-access-v8gft (ro)
Conditions:
  Type                        Status
  PodReadyToStartContainers   True 
  Initialized                 True 
  Ready                       True 
  ContainersReady             True 
  PodScheduled                True 
Volumes:
  config:
    Type:      ConfigMap (a volume populated by a ConfigMap)
    Name:      nanomq-config
    Optional:  false
  kube-api-access-v8gft:
    Type:                    Projected (a volume that contains injected data from multiple sources)
    TokenExpirationSeconds:  3607
    ConfigMapName:           kube-root-ca.crt
    Optional:                false
    DownwardAPI:             true
QoS Class:                   Burstable
Node-Selectors:              <none>
Tolerations:                 node.kubernetes.io/not-ready:NoExecute op=Exists for 300s
                             node.kubernetes.io/unreachable:NoExecute op=Exists for 300s
Events:
  Type    Reason     Age   From               Message
  ----    ------     ----  ----               -------
  Normal  Scheduled  3m4s  default-scheduler  Successfully assigned translator-zigbee/nanomq-756fd88db6-vhv5g to <pi-host>
  Normal  Pulled     3m4s  kubelet            spec.containers{nanomq}: Container image "emqx/nanomq:0.21-slim" already present on machine
  Normal  Created    3m4s  kubelet            spec.containers{nanomq}: Created container: nanomq
  Normal  Started    3m4s  kubelet            spec.containers{nanomq}: Started container nanomq


Name:             postgres-0
Namespace:        translator-zigbee
Priority:         0
Service Account:  default
Node:             <pi-host>/<pi-ip>
Start Time:       Mon, 27 Apr 2026 09:49:26 +0200
Labels:           app=postgres
                  apps.kubernetes.io/pod-index=0
                  controller-revision-hash=postgres-848ccb988d
                  statefulset.kubernetes.io/pod-name=postgres-0
Annotations:      cni.projectcalico.org/containerID: b990af0d9d729b83832263f843950a380aa339b9087841ab4fe4ca7575110bb9
                  cni.projectcalico.org/podIP: <pod-ip>/32
                  cni.projectcalico.org/podIPs: <pod-ip>/32
Status:           Running
IP:               <pod-ip>
IPs:
  IP:           <pod-ip>
Controlled By:  StatefulSet/postgres
Containers:
  postgres:
    Container ID:   containerd://f83e5a4387e0a14e8077305dbcdeba3cc7b9b1970751ae25482015d718169132
    Image:          postgres:17-alpine
    Image ID:       docker.io/library/postgres@sha256:778d0b486d6daa02b77434d0358ec57a1b21fd8b6d22ac2eef56a33e816928f6
    Port:           5432/TCP
    Host Port:      0/TCP
    State:          Running
      Started:      Mon, 27 Apr 2026 09:49:27 +0200
    Ready:          True
    Restart Count:  0
    Limits:
      cpu:     1500m
      memory:  1536Mi
    Requests:
      cpu:      100m
      memory:   256Mi
    Readiness:  exec [pg_isready -U postgres] delay=5s timeout=1s period=5s #success=1 #failure=3
    Environment:
      POSTGRES_DB:        postgres
      POSTGRES_USER:      postgres
      POSTGRES_PASSWORD:  <set to the key 'postgres-superuser-password' in secret 'hermod-secrets'>  Optional: false
    Mounts:
      /docker-entrypoint-initdb.d from init (rw)
      /var/lib/postgresql/data from data (rw)
      /var/run/secrets/kubernetes.io/serviceaccount from kube-api-access-vnw56 (ro)
Conditions:
  Type                        Status
  PodReadyToStartContainers   True 
  Initialized                 True 
  Ready                       True 
  ContainersReady             True 
  PodScheduled                True 
Volumes:
  data:
    Type:       PersistentVolumeClaim (a reference to a PersistentVolumeClaim in the same namespace)
    ClaimName:  data-postgres-0
    ReadOnly:   false
  init:
    Type:      ConfigMap (a volume populated by a ConfigMap)
    Name:      postgres-init
    Optional:  false
  kube-api-access-vnw56:
    Type:                    Projected (a volume that contains injected data from multiple sources)
    TokenExpirationSeconds:  3607
    ConfigMapName:           kube-root-ca.crt
    Optional:                false
    DownwardAPI:             true
QoS Class:                   Burstable
Node-Selectors:              <none>
Tolerations:                 node.kubernetes.io/not-ready:NoExecute op=Exists for 300s
                             node.kubernetes.io/unreachable:NoExecute op=Exists for 300s
Events:
  Type    Reason     Age    From               Message
  ----    ------     ----   ----               -------
  Normal  Scheduled  2m58s  default-scheduler  Successfully assigned translator-zigbee/postgres-0 to <pi-host>
  Normal  Pulled     2m58s  kubelet            spec.containers{postgres}: Container image "postgres:17-alpine" already present on machine
  Normal  Created    2m58s  kubelet            spec.containers{postgres}: Created container: postgres
  Normal  Started    2m58s  kubelet            spec.containers{postgres}: Started container postgres


Name:             zigbee2mqtt-6f749bd7b-hnqld
Namespace:        translator-zigbee
Priority:         0
Service Account:  default
Node:             <pi-host>/<pi-ip>
Start Time:       Mon, 27 Apr 2026 09:49:20 +0200
Labels:           app=zigbee2mqtt
                  pod-template-hash=6f749bd7b
Annotations:      cni.projectcalico.org/containerID: 40f3d4c372aacc8caf6d2d8c550e8e8785170a590e20fd2ce4403319ab2db42b
                  cni.projectcalico.org/podIP: <pod-ip>/32
                  cni.projectcalico.org/podIPs: <pod-ip>/32
Status:           Running
IP:               <pod-ip>
IPs:
  IP:           <pod-ip>
Controlled By:  ReplicaSet/zigbee2mqtt-6f749bd7b
Containers:
  zigbee2mqtt:
    Container ID:   containerd://80ca3eda13ea28ad032fbec59b111b2cf524ea25ab36f83981b8804e81259a00
    Image:          koenkk/zigbee2mqtt:latest
    Image ID:       docker.io/koenkk/zigbee2mqtt@sha256:2a21bbf7a664a149024bbe1f776e3151f28ed9db15948270dcbffb89544a41f0
    Port:           8080/TCP (http)
    Host Port:      0/TCP (http)
    State:          Terminated
      Reason:       Error
      Exit Code:    1
      Started:      Mon, 27 Apr 2026 09:52:21 +0200
      Finished:     Mon, 27 Apr 2026 09:52:22 +0200
    Last State:     Terminated
      Reason:       Error
      Exit Code:    1
      Started:      Mon, 27 Apr 2026 09:50:48 +0200
      Finished:     Mon, 27 Apr 2026 09:50:49 +0200
    Ready:          False
    Restart Count:  5
    Limits:
      cpu:     1
      memory:  512Mi
    Requests:
      cpu:     100m
      memory:  128Mi
    Environment:
      TZ:                                Europe/Bratislava
      ZIGBEE2MQTT_CONFIG_MQTT_USER:      <set to the key 'mqtt-username' in secret 'hermod-secrets'>  Optional: false
      ZIGBEE2MQTT_CONFIG_MQTT_PASSWORD:  <set to the key 'mqtt-password' in secret 'hermod-secrets'>  Optional: false
    Mounts:
      /app/data from data (rw)
      /app/data/configuration.yaml from config (rw,path="configuration.yaml")
      /dev/ttyUSB0 from zigbee-device (rw)
      /var/run/secrets/kubernetes.io/serviceaccount from kube-api-access-69lx4 (ro)
Conditions:
  Type                        Status
  PodReadyToStartContainers   True 
  Initialized                 True 
  Ready                       False 
  ContainersReady             False 
  PodScheduled                True 
Volumes:
  data:
    Type:       EmptyDir (a temporary directory that shares a pod's lifetime)
    Medium:     
    SizeLimit:  <unset>
  config:
    Type:      ConfigMap (a volume populated by a ConfigMap)
    Name:      zigbee2mqtt-config
    Optional:  false
  zigbee-device:
    Type:          HostPath (bare host directory volume)
    Path:          /dev/ttyUSB0
    HostPathType:  CharDevice
  kube-api-access-69lx4:
    Type:                    Projected (a volume that contains injected data from multiple sources)
    TokenExpirationSeconds:  3607
    ConfigMapName:           kube-root-ca.crt
    Optional:                false
    DownwardAPI:             true
QoS Class:                   Burstable
Node-Selectors:              hermod.io/zigbee=true
Tolerations:                 node.kubernetes.io/not-ready:NoExecute op=Exists for 300s
                             node.kubernetes.io/unreachable:NoExecute op=Exists for 300s
Events:
  Type     Reason     Age                  From               Message
  ----     ------     ----                 ----               -------
  Normal   Scheduled  3m4s                 default-scheduler  Successfully assigned translator-zigbee/zigbee2mqtt-6f749bd7b-hnqld to <pi-host>
  Normal   Pulled     4s (x6 over 3m4s)    kubelet            spec.containers{zigbee2mqtt}: Container image "koenkk/zigbee2mqtt:latest" already present on machine
  Normal   Created    4s (x6 over 3m4s)    kubelet            spec.containers{zigbee2mqtt}: Created container: zigbee2mqtt
  Normal   Started    4s (x6 over 3m3s)    kubelet            spec.containers{zigbee2mqtt}: Started container zigbee2mqtt
  Warning  BackOff    2s (x15 over 2m59s)  kubelet            spec.containers{zigbee2mqtt}: Back-off restarting failed container zigbee2mqtt in pod zigbee2mqtt-6f749bd7b-hnqld_translator-zigbee(31ae8769-a232-40fd-9113-f97332d450da)

=== ts=1777276356 ===

=== ts=1777276367 ===

=== ts=1777276377 ===
Name:             hermod-coordinator-6b6ff849ff-kzqf5
Namespace:        translator-zigbee
Priority:         0
Service Account:  default
Node:             <pi-host>/<pi-ip>
Start Time:       Mon, 27 Apr 2026 09:52:52 +0200
Labels:           app=hermod-coordinator
                  pod-template-hash=6b6ff849ff
Annotations:      cni.projectcalico.org/containerID: 229af5fab8a4dd119499138fe3cf1fe3764068a20a861a12f206411648ee0fb3
                  cni.projectcalico.org/podIP: <pod-ip>/32
                  cni.projectcalico.org/podIPs: <pod-ip>/32
Status:           Pending
IP:               <pod-ip>
IPs:
  IP:           <pod-ip>
Controlled By:  ReplicaSet/hermod-coordinator-6b6ff849ff
Init Containers:
  wait-for-postgres:
    Container ID:  containerd://41d7cfd56ebdc0b2ae29d6919fed508f6942b8991f9090421b6bc1319d1718ca
    Image:         busybox:1.36
    Image ID:      docker.io/library/busybox@sha256:73aaf090f3d85aa34ee199857f03fa3a95c8ede2ffd4cc2cdb5b94e566b11662
    Port:          <none>
    Host Port:     <none>
    Command:
      sh
      -c
      until nc -z postgres 5432; do sleep 2; done
    State:          Running
      Started:      Mon, 27 Apr 2026 09:52:54 +0200
    Ready:          False
    Restart Count:  0
    Environment:    <none>
    Mounts:
      /var/run/secrets/kubernetes.io/serviceaccount from kube-api-access-xtmbn (ro)
  wait-for-nanomq:
    Container ID:  
    Image:         busybox:1.36
    Image ID:      
    Port:          <none>
    Host Port:     <none>
    Command:
      sh
      -c
      until nc -z nanomq 1883; do sleep 2; done
    State:          Waiting
      Reason:       PodInitializing
    Ready:          False
    Restart Count:  0
    Environment:    <none>
    Mounts:
      /var/run/secrets/kubernetes.io/serviceaccount from kube-api-access-xtmbn (ro)
Containers:
  hermod-coordinator:
    Container ID:   
    Image:          hermod-coordinator:latest
    Image ID:       
    Port:           42069/TCP (http)
    Host Port:      0/TCP (http)
    State:          Waiting
      Reason:       PodInitializing
    Ready:          False
    Restart Count:  0
    Limits:
      cpu:     1500m
      memory:  1536Mi
    Requests:
      cpu:      200m
      memory:   256Mi
    Liveness:   http-get http://:42069/healthz delay=60s timeout=1s period=30s #success=1 #failure=3
    Readiness:  http-get http://:42069/healthz/ready delay=5s timeout=1s period=10s #success=1 #failure=3
    Startup:    http-get http://:42069/healthz delay=0s timeout=1s period=5s #success=1 #failure=30
    Environment:
      ASPNETCORE_ENVIRONMENT:               Production
      ASPNETCORE_URLS:                      http://+:42069
      DOTNET_USE_POLLING_FILE_WATCHER:      true
      Hermod__Security__AuthBypass:         true
      Hermod__Security__VaultRequireHttps:  false
      Hermod__Features__MetricsEndpoint:    true
      Hermod__Dev__Endpoints:               true
      Hermod__Mqtt__Host:                   nanomq
      Hermod__Mqtt__Port:                   1883
      Hermod__Mqtt__UseTls:                 false
      Hermod__Mqtt__Tls__UseTls:            false
      Hermod__Mqtt__Username:               <set to the key 'mqtt-username' in secret 'hermod-secrets'>  Optional: false
      Hermod__Mqtt__Password:               <set to the key 'mqtt-password' in secret 'hermod-secrets'>  Optional: false
      Hermod__Database__ConnectionString:   Host=postgres;Port=5432;Database=hermod;Username=hermod_app
      Hermod__Database__Password:           <set to the key 'hermod-db-password' in secret 'hermod-db-credentials'>  Optional: false
    Mounts:
      /var/run/secrets/kubernetes.io/serviceaccount from kube-api-access-xtmbn (ro)
Conditions:
  Type                        Status
  PodReadyToStartContainers   True 
  Initialized                 False 
  Ready                       False 
  ContainersReady             False 
  PodScheduled                True 
Volumes:
  kube-api-access-xtmbn:
    Type:                    Projected (a volume that contains injected data from multiple sources)
    TokenExpirationSeconds:  3607
    ConfigMapName:           kube-root-ca.crt
    Optional:                false
    DownwardAPI:             true
QoS Class:                   Burstable
Node-Selectors:              <none>
Tolerations:                 node.kubernetes.io/not-ready:NoExecute op=Exists for 300s
                             node.kubernetes.io/unreachable:NoExecute op=Exists for 300s
Events:
  Type    Reason     Age   From               Message
  ----    ------     ----  ----               -------
  Normal  Scheduled  5s    default-scheduler  Successfully assigned translator-zigbee/hermod-coordinator-6b6ff849ff-kzqf5 to <pi-host>
  Normal  Pulled     3s    kubelet            spec.initContainers{wait-for-postgres}: Container image "busybox:1.36" already present on machine
  Normal  Created    3s    kubelet            spec.initContainers{wait-for-postgres}: Created container: wait-for-postgres
  Normal  Started    3s    kubelet            spec.initContainers{wait-for-postgres}: Started container wait-for-postgres


Name:             nanomq-756fd88db6-7k858
Namespace:        translator-zigbee
Priority:         0
Service Account:  default
Node:             <pi-host>/<pi-ip>
Start Time:       Mon, 27 Apr 2026 09:52:52 +0200
Labels:           app=nanomq
                  pod-template-hash=756fd88db6
Annotations:      cni.projectcalico.org/containerID: f68917fdb6d5fd3ef7b3460dc9ac51bf0b1a84031e3fb47f6c871b391cca24dd
                  cni.projectcalico.org/podIP: <pod-ip>/32
                  cni.projectcalico.org/podIPs: <pod-ip>/32
Status:           Running
IP:               <pod-ip>
IPs:
  IP:           <pod-ip>
Controlled By:  ReplicaSet/nanomq-756fd88db6
Containers:
  nanomq:
    Container ID:   containerd://480eeb895e24a6a50602e6f2f95d3b5b3cfced0cad9a460bca746b8b3fd2bc0d
    Image:          emqx/nanomq:0.21-slim
    Image ID:       docker.io/emqx/nanomq@sha256:53bea7acb547aced1cc45e08c514628f1e41c4da9ad544fd8c5fa96d3e9eb41b
    Ports:          1883/TCP (mqtt), 8081/TCP (http)
    Host Ports:     0/TCP (mqtt), 0/TCP (http)
    State:          Running
      Started:      Mon, 27 Apr 2026 09:52:53 +0200
    Ready:          False
    Restart Count:  0
    Limits:
      cpu:     1
      memory:  512Mi
    Requests:
      cpu:        50m
      memory:     64Mi
    Readiness:    tcp-socket :1883 delay=3s timeout=1s period=5s #success=1 #failure=3
    Environment:  <none>
    Mounts:
      /etc/nanomq.conf from config (rw,path="nanomq.conf")
      /var/run/secrets/kubernetes.io/serviceaccount from kube-api-access-tcmf7 (ro)
Conditions:
  Type                        Status
  PodReadyToStartContainers   True 
  Initialized                 True 
  Ready                       False 
  ContainersReady             False 
  PodScheduled                True 
Volumes:
  config:
    Type:      ConfigMap (a volume populated by a ConfigMap)
    Name:      nanomq-config
    Optional:  false
  kube-api-access-tcmf7:
    Type:                    Projected (a volume that contains injected data from multiple sources)
    TokenExpirationSeconds:  3607
    ConfigMapName:           kube-root-ca.crt
    Optional:                false
    DownwardAPI:             true
QoS Class:                   Burstable
Node-Selectors:              <none>
Tolerations:                 node.kubernetes.io/not-ready:NoExecute op=Exists for 300s
                             node.kubernetes.io/unreachable:NoExecute op=Exists for 300s
Events:
  Type    Reason     Age   From               Message
  ----    ------     ----  ----               -------
  Normal  Scheduled  5s    default-scheduler  Successfully assigned translator-zigbee/nanomq-756fd88db6-7k858 to <pi-host>
  Normal  Pulled     4s    kubelet            spec.containers{nanomq}: Container image "emqx/nanomq:0.21-slim" already present on machine
  Normal  Created    4s    kubelet            spec.containers{nanomq}: Created container: nanomq
  Normal  Started    4s    kubelet            spec.containers{nanomq}: Started container nanomq


Name:             postgres-0
Namespace:        translator-zigbee
Priority:         0
Service Account:  default
Node:             <none>
Labels:           app=postgres
                  apps.kubernetes.io/pod-index=0
                  controller-revision-hash=postgres-848ccb988d
                  statefulset.kubernetes.io/pod-name=postgres-0
Annotations:      <none>
Status:           Pending
IP:               
IPs:              <none>
Controlled By:    StatefulSet/postgres
Containers:
  postgres:
    Image:      postgres:17-alpine
    Port:       5432/TCP
    Host Port:  0/TCP
    Limits:
      cpu:     1500m
      memory:  1536Mi
    Requests:
      cpu:      100m
      memory:   256Mi
    Readiness:  exec [pg_isready -U postgres] delay=5s timeout=1s period=5s #success=1 #failure=3
    Environment:
      POSTGRES_DB:        postgres
      POSTGRES_USER:      postgres
      POSTGRES_PASSWORD:  <set to the key 'postgres-superuser-password' in secret 'hermod-secrets'>  Optional: false
    Mounts:
      /docker-entrypoint-initdb.d from init (rw)
      /var/lib/postgresql/data from data (rw)
      /var/run/secrets/kubernetes.io/serviceaccount from kube-api-access-s775r (ro)
Volumes:
  data:
    Type:       PersistentVolumeClaim (a reference to a PersistentVolumeClaim in the same namespace)
    ClaimName:  data-postgres-0
    ReadOnly:   false
  init:
    Type:      ConfigMap (a volume populated by a ConfigMap)
    Name:      postgres-init
    Optional:  false
  kube-api-access-s775r:
    Type:                    Projected (a volume that contains injected data from multiple sources)
    TokenExpirationSeconds:  3607
    ConfigMapName:           kube-root-ca.crt
    Optional:                false
    DownwardAPI:             true
QoS Class:                   Burstable
Node-Selectors:              <none>
Tolerations:                 node.kubernetes.io/not-ready:NoExecute op=Exists for 300s
                             node.kubernetes.io/unreachable:NoExecute op=Exists for 300s
Events:                      <none>


Name:             zigbee2mqtt-6b85d5787-hfqp6
Namespace:        translator-zigbee
Priority:         0
Service Account:  default
Node:             <pi-host>/<pi-ip>
Start Time:       Mon, 27 Apr 2026 09:52:52 +0200
Labels:           app=zigbee2mqtt
                  pod-template-hash=6b85d5787
Annotations:      cni.projectcalico.org/containerID: 945e0fd22ec1a56b36a59771ef689cb52560ac9f3b725176dbd634431be110bd
                  cni.projectcalico.org/podIP: <pod-ip>/32
                  cni.projectcalico.org/podIPs: <pod-ip>/32
Status:           Running
IP:               <pod-ip>
IPs:
  IP:           <pod-ip>
Controlled By:  ReplicaSet/zigbee2mqtt-6b85d5787
Init Containers:
  seed-config:
    Container ID:  containerd://425d2c3d7f1796a5c23ff1c62a02f58918b092cd754eebb5e227552df216432b
    Image:         busybox:latest
    Image ID:      docker.io/library/busybox@sha256:1487d0af5f52b4ba31c7e465126ee2123fe3f2305d638e7827681e7cf6c83d5e
    Port:          <none>
    Host Port:     <none>
    Command:
      sh
      -c
      cp /tmp/cm/configuration.yaml /app/data/configuration.yaml && chmod 0644 /app/data/configuration.yaml
    State:          Terminated
      Reason:       Completed
      Exit Code:    0
      Started:      Mon, 27 Apr 2026 09:52:54 +0200
      Finished:     Mon, 27 Apr 2026 09:52:54 +0200
    Ready:          True
    Restart Count:  0
    Environment:    <none>
    Mounts:
      /app/data from data (rw)
      /tmp/cm from config-cm (rw)
      /var/run/secrets/kubernetes.io/serviceaccount from kube-api-access-4xq2n (ro)
Containers:
  zigbee2mqtt:
    Container ID:   containerd://fc5ad13fc4216bfb9aec82f1144fc8c5734bc87c8c93b7e995b228c3a637a4ba
    Image:          koenkk/zigbee2mqtt:latest
    Image ID:       docker.io/koenkk/zigbee2mqtt@sha256:2a21bbf7a664a149024bbe1f776e3151f28ed9db15948270dcbffb89544a41f0
    Port:           8080/TCP (http)
    Host Port:      0/TCP (http)
    State:          Running
      Started:      Mon, 27 Apr 2026 09:52:55 +0200
    Ready:          True
    Restart Count:  0
    Limits:
      cpu:     1
      memory:  512Mi
    Requests:
      cpu:     100m
      memory:  128Mi
    Environment:
      TZ:                                Europe/Bratislava
      ZIGBEE2MQTT_CONFIG_MQTT_USER:      <set to the key 'mqtt-username' in secret 'hermod-secrets'>  Optional: false
      ZIGBEE2MQTT_CONFIG_MQTT_PASSWORD:  <set to the key 'mqtt-password' in secret 'hermod-secrets'>  Optional: false
    Mounts:
      /app/data from data (rw)
      /dev/ttyUSB0 from zigbee-device (rw)
      /var/run/secrets/kubernetes.io/serviceaccount from kube-api-access-4xq2n (ro)
Conditions:
  Type                        Status
  PodReadyToStartContainers   True 
  Initialized                 True 
  Ready                       True 
  ContainersReady             True 
  PodScheduled                True 
Volumes:
  data:
    Type:       EmptyDir (a temporary directory that shares a pod's lifetime)
    Medium:     
    SizeLimit:  <unset>
  config-cm:
    Type:      ConfigMap (a volume populated by a ConfigMap)
    Name:      zigbee2mqtt-config
    Optional:  false
  zigbee-device:
    Type:          HostPath (bare host directory volume)
    Path:          /dev/ttyUSB0
    HostPathType:  CharDevice
  kube-api-access-4xq2n:
    Type:                    Projected (a volume that contains injected data from multiple sources)
    TokenExpirationSeconds:  3607
    ConfigMapName:           kube-root-ca.crt
    Optional:                false
    DownwardAPI:             true
QoS Class:                   Burstable
Node-Selectors:              hermod.io/zigbee=true
Tolerations:                 node.kubernetes.io/not-ready:NoExecute op=Exists for 300s
                             node.kubernetes.io/unreachable:NoExecute op=Exists for 300s
Events:
  Type    Reason     Age   From               Message
  ----    ------     ----  ----               -------
  Normal  Scheduled  5s    default-scheduler  Successfully assigned translator-zigbee/zigbee2mqtt-6b85d5787-hfqp6 to <pi-host>
  Normal  Pulled     4s    kubelet            spec.initContainers{seed-config}: Container image "busybox:latest" already present on machine
  Normal  Created    4s    kubelet            spec.initContainers{seed-config}: Created container: seed-config
  Normal  Started    3s    kubelet            spec.initContainers{seed-config}: Started container seed-config
  Normal  Pulled     3s    kubelet            spec.containers{zigbee2mqtt}: Container image "koenkk/zigbee2mqtt:latest" already present on machine
  Normal  Created    2s    kubelet            spec.containers{zigbee2mqtt}: Created container: zigbee2mqtt
  Normal  Started    2s    kubelet            spec.containers{zigbee2mqtt}: Started container zigbee2mqtt

=== ts=1777276389 ===
Name:             hermod-coordinator-6b6ff849ff-kzqf5
Namespace:        translator-zigbee
Priority:         0
Service Account:  default
Node:             <pi-host>/<pi-ip>
Start Time:       Mon, 27 Apr 2026 09:52:52 +0200
Labels:           app=hermod-coordinator
                  pod-template-hash=6b6ff849ff
Annotations:      cni.projectcalico.org/containerID: 229af5fab8a4dd119499138fe3cf1fe3764068a20a861a12f206411648ee0fb3
                  cni.projectcalico.org/podIP: <pod-ip>/32
                  cni.projectcalico.org/podIPs: <pod-ip>/32
Status:           Pending
IP:               <pod-ip>
IPs:
  IP:           <pod-ip>
Controlled By:  ReplicaSet/hermod-coordinator-6b6ff849ff
Init Containers:
  wait-for-postgres:
    Container ID:  containerd://41d7cfd56ebdc0b2ae29d6919fed508f6942b8991f9090421b6bc1319d1718ca
    Image:         busybox:1.36
    Image ID:      docker.io/library/busybox@sha256:73aaf090f3d85aa34ee199857f03fa3a95c8ede2ffd4cc2cdb5b94e566b11662
    Port:          <none>
    Host Port:     <none>
    Command:
      sh
      -c
      until nc -z postgres 5432; do sleep 2; done
    State:          Terminated
      Reason:       Completed
      Exit Code:    0
      Started:      Mon, 27 Apr 2026 09:52:54 +0200
      Finished:     Mon, 27 Apr 2026 09:53:06 +0200
    Ready:          True
    Restart Count:  0
    Environment:    <none>
    Mounts:
      /var/run/secrets/kubernetes.io/serviceaccount from kube-api-access-xtmbn (ro)
  wait-for-nanomq:
    Container ID:  containerd://2b7480ae7d09de7de2ec8893a4440090d2996de6bb25670fae25aa79cd592786
    Image:         busybox:1.36
    Image ID:      docker.io/library/busybox@sha256:73aaf090f3d85aa34ee199857f03fa3a95c8ede2ffd4cc2cdb5b94e566b11662
    Port:          <none>
    Host Port:     <none>
    Command:
      sh
      -c
      until nc -z nanomq 1883; do sleep 2; done
    State:          Terminated
      Reason:       Completed
      Exit Code:    0
      Started:      Mon, 27 Apr 2026 09:53:07 +0200
      Finished:     Mon, 27 Apr 2026 09:53:07 +0200
    Ready:          True
    Restart Count:  0
    Environment:    <none>
    Mounts:
      /var/run/secrets/kubernetes.io/serviceaccount from kube-api-access-xtmbn (ro)
Containers:
  hermod-coordinator:
    Container ID:   
    Image:          hermod-coordinator:latest
    Image ID:       
    Port:           42069/TCP (http)
    Host Port:      0/TCP (http)
    State:          Waiting
      Reason:       PodInitializing
    Ready:          False
    Restart Count:  0
    Limits:
      cpu:     1500m
      memory:  1536Mi
    Requests:
      cpu:      200m
      memory:   256Mi
    Liveness:   http-get http://:42069/healthz delay=60s timeout=1s period=30s #success=1 #failure=3
    Readiness:  http-get http://:42069/healthz/ready delay=5s timeout=1s period=10s #success=1 #failure=3
    Startup:    http-get http://:42069/healthz delay=0s timeout=1s period=5s #success=1 #failure=30
    Environment:
      ASPNETCORE_ENVIRONMENT:               Production
      ASPNETCORE_URLS:                      http://+:42069
      DOTNET_USE_POLLING_FILE_WATCHER:      true
      Hermod__Security__AuthBypass:         true
      Hermod__Security__VaultRequireHttps:  false
      Hermod__Features__MetricsEndpoint:    true
      Hermod__Dev__Endpoints:               true
      Hermod__Mqtt__Host:                   nanomq
      Hermod__Mqtt__Port:                   1883
      Hermod__Mqtt__UseTls:                 false
      Hermod__Mqtt__Tls__UseTls:            false
      Hermod__Mqtt__Username:               <set to the key 'mqtt-username' in secret 'hermod-secrets'>  Optional: false
      Hermod__Mqtt__Password:               <set to the key 'mqtt-password' in secret 'hermod-secrets'>  Optional: false
      Hermod__Database__ConnectionString:   Host=postgres;Port=5432;Database=hermod;Username=hermod_app
      Hermod__Database__Password:           <set to the key 'hermod-db-password' in secret 'hermod-db-credentials'>  Optional: false
    Mounts:
      /var/run/secrets/kubernetes.io/serviceaccount from kube-api-access-xtmbn (ro)
Conditions:
  Type                        Status
  PodReadyToStartContainers   True 
  Initialized                 True 
  Ready                       False 
  ContainersReady             False 
  PodScheduled                True 
Volumes:
  kube-api-access-xtmbn:
    Type:                    Projected (a volume that contains injected data from multiple sources)
    TokenExpirationSeconds:  3607
    ConfigMapName:           kube-root-ca.crt
    Optional:                false
    DownwardAPI:             true
QoS Class:                   Burstable
Node-Selectors:              <none>
Tolerations:                 node.kubernetes.io/not-ready:NoExecute op=Exists for 300s
                             node.kubernetes.io/unreachable:NoExecute op=Exists for 300s
Events:
  Type    Reason     Age   From               Message
  ----    ------     ----  ----               -------
  Normal  Scheduled  16s   default-scheduler  Successfully assigned translator-zigbee/hermod-coordinator-6b6ff849ff-kzqf5 to <pi-host>
  Normal  Pulled     15s   kubelet            spec.initContainers{wait-for-postgres}: Container image "busybox:1.36" already present on machine
  Normal  Created    15s   kubelet            spec.initContainers{wait-for-postgres}: Created container: wait-for-postgres
  Normal  Started    15s   kubelet            spec.initContainers{wait-for-postgres}: Started container wait-for-postgres
  Normal  Pulled     2s    kubelet            spec.initContainers{wait-for-nanomq}: Container image "busybox:1.36" already present on machine
  Normal  Created    2s    kubelet            spec.initContainers{wait-for-nanomq}: Created container: wait-for-nanomq
  Normal  Started    2s    kubelet            spec.initContainers{wait-for-nanomq}: Started container wait-for-nanomq
  Normal  Pulled     1s    kubelet            spec.containers{hermod-coordinator}: Container image "hermod-coordinator:latest" already present on machine
  Normal  Created    1s    kubelet            spec.containers{hermod-coordinator}: Created container: hermod-coordinator
  Normal  Started    1s    kubelet            spec.containers{hermod-coordinator}: Started container hermod-coordinator


Name:             nanomq-756fd88db6-7k858
Namespace:        translator-zigbee
Priority:         0
Service Account:  default
Node:             <pi-host>/<pi-ip>
Start Time:       Mon, 27 Apr 2026 09:52:52 +0200
Labels:           app=nanomq
                  pod-template-hash=756fd88db6
Annotations:      cni.projectcalico.org/containerID: f68917fdb6d5fd3ef7b3460dc9ac51bf0b1a84031e3fb47f6c871b391cca24dd
                  cni.projectcalico.org/podIP: <pod-ip>/32
                  cni.projectcalico.org/podIPs: <pod-ip>/32
Status:           Running
IP:               <pod-ip>
IPs:
  IP:           <pod-ip>
Controlled By:  ReplicaSet/nanomq-756fd88db6
Containers:
  nanomq:
    Container ID:   containerd://480eeb895e24a6a50602e6f2f95d3b5b3cfced0cad9a460bca746b8b3fd2bc0d
    Image:          emqx/nanomq:0.21-slim
    Image ID:       docker.io/emqx/nanomq@sha256:53bea7acb547aced1cc45e08c514628f1e41c4da9ad544fd8c5fa96d3e9eb41b
    Ports:          1883/TCP (mqtt), 8081/TCP (http)
    Host Ports:     0/TCP (mqtt), 0/TCP (http)
    State:          Running
      Started:      Mon, 27 Apr 2026 09:52:53 +0200
    Ready:          True
    Restart Count:  0
    Limits:
      cpu:     1
      memory:  512Mi
    Requests:
      cpu:        50m
      memory:     64Mi
    Readiness:    tcp-socket :1883 delay=3s timeout=1s period=5s #success=1 #failure=3
    Environment:  <none>
    Mounts:
      /etc/nanomq.conf from config (rw,path="nanomq.conf")
      /var/run/secrets/kubernetes.io/serviceaccount from kube-api-access-tcmf7 (ro)
Conditions:
  Type                        Status
  PodReadyToStartContainers   True 
  Initialized                 True 
  Ready                       True 
  ContainersReady             True 
  PodScheduled                True 
Volumes:
  config:
    Type:      ConfigMap (a volume populated by a ConfigMap)
    Name:      nanomq-config
    Optional:  false
  kube-api-access-tcmf7:
    Type:                    Projected (a volume that contains injected data from multiple sources)
    TokenExpirationSeconds:  3607
    ConfigMapName:           kube-root-ca.crt
    Optional:                false
    DownwardAPI:             true
QoS Class:                   Burstable
Node-Selectors:              <none>
Tolerations:                 node.kubernetes.io/not-ready:NoExecute op=Exists for 300s
                             node.kubernetes.io/unreachable:NoExecute op=Exists for 300s
Events:
  Type    Reason     Age   From               Message
  ----    ------     ----  ----               -------
  Normal  Scheduled  16s   default-scheduler  Successfully assigned translator-zigbee/nanomq-756fd88db6-7k858 to <pi-host>
  Normal  Pulled     16s   kubelet            spec.containers{nanomq}: Container image "emqx/nanomq:0.21-slim" already present on machine
  Normal  Created    16s   kubelet            spec.containers{nanomq}: Created container: nanomq
  Normal  Started    16s   kubelet            spec.containers{nanomq}: Started container nanomq


Name:             postgres-0
Namespace:        translator-zigbee
Priority:         0
Service Account:  default
Node:             <pi-host>/<pi-ip>
Start Time:       Mon, 27 Apr 2026 09:52:58 +0200
Labels:           app=postgres
                  apps.kubernetes.io/pod-index=0
                  controller-revision-hash=postgres-848ccb988d
                  statefulset.kubernetes.io/pod-name=postgres-0
Annotations:      cni.projectcalico.org/containerID: 006d092a18672fa9e728a5b435a4d67a77871b40812ee6c28f8ffab3c1cf181d
                  cni.projectcalico.org/podIP: <pod-ip>/32
                  cni.projectcalico.org/podIPs: <pod-ip>/32
Status:           Running
IP:               <pod-ip>
IPs:
  IP:           <pod-ip>
Controlled By:  StatefulSet/postgres
Containers:
  postgres:
    Container ID:   containerd://f76b36dbb6ed02991c69860f3495b292fe266300a98a8c52d4d1fd1711a4d864
    Image:          postgres:17-alpine
    Image ID:       docker.io/library/postgres@sha256:778d0b486d6daa02b77434d0358ec57a1b21fd8b6d22ac2eef56a33e816928f6
    Port:           5432/TCP
    Host Port:      0/TCP
    State:          Running
      Started:      Mon, 27 Apr 2026 09:52:59 +0200
    Ready:          True
    Restart Count:  0
    Limits:
      cpu:     1500m
      memory:  1536Mi
    Requests:
      cpu:      100m
      memory:   256Mi
    Readiness:  exec [pg_isready -U postgres] delay=5s timeout=1s period=5s #success=1 #failure=3
    Environment:
      POSTGRES_DB:        postgres
      POSTGRES_USER:      postgres
      POSTGRES_PASSWORD:  <set to the key 'postgres-superuser-password' in secret 'hermod-secrets'>  Optional: false
    Mounts:
      /docker-entrypoint-initdb.d from init (rw)
      /var/lib/postgresql/data from data (rw)
      /var/run/secrets/kubernetes.io/serviceaccount from kube-api-access-s775r (ro)
Conditions:
  Type                        Status
  PodReadyToStartContainers   True 
  Initialized                 True 
  Ready                       True 
  ContainersReady             True 
  PodScheduled                True 
Volumes:
  data:
    Type:       PersistentVolumeClaim (a reference to a PersistentVolumeClaim in the same namespace)
    ClaimName:  data-postgres-0
    ReadOnly:   false
  init:
    Type:      ConfigMap (a volume populated by a ConfigMap)
    Name:      postgres-init
    Optional:  false
  kube-api-access-s775r:
    Type:                    Projected (a volume that contains injected data from multiple sources)
    TokenExpirationSeconds:  3607
    ConfigMapName:           kube-root-ca.crt
    Optional:                false
    DownwardAPI:             true
QoS Class:                   Burstable
Node-Selectors:              <none>
Tolerations:                 node.kubernetes.io/not-ready:NoExecute op=Exists for 300s
                             node.kubernetes.io/unreachable:NoExecute op=Exists for 300s
Events:
  Type    Reason     Age   From               Message
  ----    ------     ----  ----               -------
  Normal  Scheduled  10s   default-scheduler  Successfully assigned translator-zigbee/postgres-0 to <pi-host>
  Normal  Pulled     10s   kubelet            spec.containers{postgres}: Container image "postgres:17-alpine" already present on machine
  Normal  Created    10s   kubelet            spec.containers{postgres}: Created container: postgres
  Normal  Started    10s   kubelet            spec.containers{postgres}: Started container postgres


Name:             zigbee2mqtt-6b85d5787-hfqp6
Namespace:        translator-zigbee
Priority:         0
Service Account:  default
Node:             <pi-host>/<pi-ip>
Start Time:       Mon, 27 Apr 2026 09:52:52 +0200
Labels:           app=zigbee2mqtt
                  pod-template-hash=6b85d5787
Annotations:      cni.projectcalico.org/containerID: 945e0fd22ec1a56b36a59771ef689cb52560ac9f3b725176dbd634431be110bd
                  cni.projectcalico.org/podIP: <pod-ip>/32
                  cni.projectcalico.org/podIPs: <pod-ip>/32
Status:           Running
IP:               <pod-ip>
IPs:
  IP:           <pod-ip>
Controlled By:  ReplicaSet/zigbee2mqtt-6b85d5787
Init Containers:
  seed-config:
    Container ID:  containerd://425d2c3d7f1796a5c23ff1c62a02f58918b092cd754eebb5e227552df216432b
    Image:         busybox:latest
    Image ID:      docker.io/library/busybox@sha256:1487d0af5f52b4ba31c7e465126ee2123fe3f2305d638e7827681e7cf6c83d5e
    Port:          <none>
    Host Port:     <none>
    Command:
      sh
      -c
      cp /tmp/cm/configuration.yaml /app/data/configuration.yaml && chmod 0644 /app/data/configuration.yaml
    State:          Terminated
      Reason:       Completed
      Exit Code:    0
      Started:      Mon, 27 Apr 2026 09:52:54 +0200
      Finished:     Mon, 27 Apr 2026 09:52:54 +0200
    Ready:          True
    Restart Count:  0
    Environment:    <none>
    Mounts:
      /app/data from data (rw)
      /tmp/cm from config-cm (rw)
      /var/run/secrets/kubernetes.io/serviceaccount from kube-api-access-4xq2n (ro)
Containers:
  zigbee2mqtt:
    Container ID:   containerd://fc5ad13fc4216bfb9aec82f1144fc8c5734bc87c8c93b7e995b228c3a637a4ba
    Image:          koenkk/zigbee2mqtt:latest
    Image ID:       docker.io/koenkk/zigbee2mqtt@sha256:2a21bbf7a664a149024bbe1f776e3151f28ed9db15948270dcbffb89544a41f0
    Port:           8080/TCP (http)
    Host Port:      0/TCP (http)
    State:          Running
      Started:      Mon, 27 Apr 2026 09:52:55 +0200
    Ready:          True
    Restart Count:  0
    Limits:
      cpu:     1
      memory:  512Mi
    Requests:
      cpu:     100m
      memory:  128Mi
    Environment:
      TZ:                                Europe/Bratislava
      ZIGBEE2MQTT_CONFIG_MQTT_USER:      <set to the key 'mqtt-username' in secret 'hermod-secrets'>  Optional: false
      ZIGBEE2MQTT_CONFIG_MQTT_PASSWORD:  <set to the key 'mqtt-password' in secret 'hermod-secrets'>  Optional: false
    Mounts:
      /app/data from data (rw)
      /dev/ttyUSB0 from zigbee-device (rw)
      /var/run/secrets/kubernetes.io/serviceaccount from kube-api-access-4xq2n (ro)
Conditions:
  Type                        Status
  PodReadyToStartContainers   True 
  Initialized                 True 
  Ready                       True 
  ContainersReady             True 
  PodScheduled                True 
Volumes:
  data:
    Type:       EmptyDir (a temporary directory that shares a pod's lifetime)
    Medium:     
    SizeLimit:  <unset>
  config-cm:
    Type:      ConfigMap (a volume populated by a ConfigMap)
    Name:      zigbee2mqtt-config
    Optional:  false
  zigbee-device:
    Type:          HostPath (bare host directory volume)
    Path:          /dev/ttyUSB0
    HostPathType:  CharDevice
  kube-api-access-4xq2n:
    Type:                    Projected (a volume that contains injected data from multiple sources)
    TokenExpirationSeconds:  3607
    ConfigMapName:           kube-root-ca.crt
    Optional:                false
    DownwardAPI:             true
QoS Class:                   Burstable
Node-Selectors:              hermod.io/zigbee=true
Tolerations:                 node.kubernetes.io/not-ready:NoExecute op=Exists for 300s
                             node.kubernetes.io/unreachable:NoExecute op=Exists for 300s
Events:
  Type    Reason     Age   From               Message
  ----    ------     ----  ----               -------
  Normal  Scheduled  16s   default-scheduler  Successfully assigned translator-zigbee/zigbee2mqtt-6b85d5787-hfqp6 to <pi-host>
  Normal  Pulled     16s   kubelet            spec.initContainers{seed-config}: Container image "busybox:latest" already present on machine
  Normal  Created    16s   kubelet            spec.initContainers{seed-config}: Created container: seed-config
  Normal  Started    15s   kubelet            spec.initContainers{seed-config}: Started container seed-config
  Normal  Pulled     15s   kubelet            spec.containers{zigbee2mqtt}: Container image "koenkk/zigbee2mqtt:latest" already present on machine
  Normal  Created    14s   kubelet            spec.containers{zigbee2mqtt}: Created container: zigbee2mqtt
  Normal  Started    14s   kubelet            spec.containers{zigbee2mqtt}: Started container zigbee2mqtt

=== ts=1777276394 ===
Name:                      hermod-coordinator-6b6ff849ff-kzqf5
Namespace:                 translator-zigbee
Priority:                  0
Service Account:           default
Node:                      <pi-host>/<pi-ip>
Start Time:                Mon, 27 Apr 2026 09:52:52 +0200
Labels:                    app=hermod-coordinator
                           pod-template-hash=6b6ff849ff
Annotations:               cni.projectcalico.org/containerID: 229af5fab8a4dd119499138fe3cf1fe3764068a20a861a12f206411648ee0fb3
                           cni.projectcalico.org/podIP: <pod-ip>/32
                           cni.projectcalico.org/podIPs: <pod-ip>/32
Status:                    Terminating (lasts <invalid>)
Termination Grace Period:  30s
IP:                        <pod-ip>
IPs:
  IP:           <pod-ip>
Controlled By:  ReplicaSet/hermod-coordinator-6b6ff849ff
Init Containers:
  wait-for-postgres:
    Container ID:  containerd://41d7cfd56ebdc0b2ae29d6919fed508f6942b8991f9090421b6bc1319d1718ca
    Image:         busybox:1.36
    Image ID:      docker.io/library/busybox@sha256:73aaf090f3d85aa34ee199857f03fa3a95c8ede2ffd4cc2cdb5b94e566b11662
    Port:          <none>
    Host Port:     <none>
    Command:
      sh
      -c
      until nc -z postgres 5432; do sleep 2; done
    State:          Terminated
      Reason:       Completed
      Exit Code:    0
      Started:      Mon, 27 Apr 2026 09:52:54 +0200
      Finished:     Mon, 27 Apr 2026 09:53:06 +0200
    Ready:          True
    Restart Count:  0
    Environment:    <none>
    Mounts:
      /var/run/secrets/kubernetes.io/serviceaccount from kube-api-access-xtmbn (ro)
  wait-for-nanomq:
    Container ID:  containerd://2b7480ae7d09de7de2ec8893a4440090d2996de6bb25670fae25aa79cd592786
    Image:         busybox:1.36
    Image ID:      docker.io/library/busybox@sha256:73aaf090f3d85aa34ee199857f03fa3a95c8ede2ffd4cc2cdb5b94e566b11662
    Port:          <none>
    Host Port:     <none>
    Command:
      sh
      -c
      until nc -z nanomq 1883; do sleep 2; done
    State:          Terminated
      Reason:       Completed
      Exit Code:    0
      Started:      Mon, 27 Apr 2026 09:53:07 +0200
      Finished:     Mon, 27 Apr 2026 09:53:07 +0200
    Ready:          True
    Restart Count:  0
    Environment:    <none>
    Mounts:
      /var/run/secrets/kubernetes.io/serviceaccount from kube-api-access-xtmbn (ro)
Containers:
  hermod-coordinator:
    Container ID:   containerd://6653dfa963af884b6b1a3cb1cf0ae806e93dd67713640d6f6b796cc9025c14de
    Image:          hermod-coordinator:latest
    Image ID:       sha256:ca91ccdfcd269dd5e4e25d5ffe8d863ca5db57e5c4f62f08c8adf90d23c15eaf
    Port:           42069/TCP (http)
    Host Port:      0/TCP (http)
    State:          Running
      Started:      Mon, 27 Apr 2026 09:53:08 +0200
    Ready:          True
    Restart Count:  0
    Limits:
      cpu:     1500m
      memory:  1536Mi
    Requests:
      cpu:      200m
      memory:   256Mi
    Liveness:   http-get http://:42069/healthz delay=60s timeout=1s period=30s #success=1 #failure=3
    Readiness:  http-get http://:42069/healthz/ready delay=5s timeout=1s period=10s #success=1 #failure=3
    Startup:    http-get http://:42069/healthz delay=0s timeout=1s period=5s #success=1 #failure=30
    Environment:
      ASPNETCORE_ENVIRONMENT:               Production
      ASPNETCORE_URLS:                      http://+:42069
      DOTNET_USE_POLLING_FILE_WATCHER:      true
      Hermod__Security__AuthBypass:         true
      Hermod__Security__VaultRequireHttps:  false
      Hermod__Features__MetricsEndpoint:    true
      Hermod__Dev__Endpoints:               true
      Hermod__Mqtt__Host:                   nanomq
      Hermod__Mqtt__Port:                   1883
      Hermod__Mqtt__UseTls:                 false
      Hermod__Mqtt__Tls__UseTls:            false
      Hermod__Mqtt__Username:               <set to the key 'mqtt-username' in secret 'hermod-secrets'>  Optional: false
      Hermod__Mqtt__Password:               <set to the key 'mqtt-password' in secret 'hermod-secrets'>  Optional: false
      Hermod__Database__ConnectionString:   Host=postgres;Port=5432;Database=hermod;Username=hermod_app
      Hermod__Database__Password:           <set to the key 'hermod-db-password' in secret 'hermod-db-credentials'>  Optional: false
    Mounts:
      /var/run/secrets/kubernetes.io/serviceaccount from kube-api-access-xtmbn (ro)
Conditions:
  Type                        Status
  PodReadyToStartContainers   True 
  Initialized                 True 
  Ready                       True 
  ContainersReady             True 
  PodScheduled                True 
Volumes:
  kube-api-access-xtmbn:
    Type:                    Projected (a volume that contains injected data from multiple sources)
    TokenExpirationSeconds:  3607
    ConfigMapName:           kube-root-ca.crt
    Optional:                false
    DownwardAPI:             true
QoS Class:                   Burstable
Node-Selectors:              <none>
Tolerations:                 node.kubernetes.io/not-ready:NoExecute op=Exists for 300s
                             node.kubernetes.io/unreachable:NoExecute op=Exists for 300s
Events:
  Type    Reason     Age   From               Message
  ----    ------     ----  ----               -------
  Normal  Scheduled  21s   default-scheduler  Successfully assigned translator-zigbee/hermod-coordinator-6b6ff849ff-kzqf5 to <pi-host>
  Normal  Pulled     20s   kubelet            spec.initContainers{wait-for-postgres}: Container image "busybox:1.36" already present on machine
  Normal  Created    20s   kubelet            spec.initContainers{wait-for-postgres}: Created container: wait-for-postgres
  Normal  Started    20s   kubelet            spec.initContainers{wait-for-postgres}: Started container wait-for-postgres
  Normal  Pulled     7s    kubelet            spec.initContainers{wait-for-nanomq}: Container image "busybox:1.36" already present on machine
  Normal  Created    7s    kubelet            spec.initContainers{wait-for-nanomq}: Created container: wait-for-nanomq
  Normal  Started    7s    kubelet            spec.initContainers{wait-for-nanomq}: Started container wait-for-nanomq
  Normal  Pulled     6s    kubelet            spec.containers{hermod-coordinator}: Container image "hermod-coordinator:latest" already present on machine
  Normal  Created    6s    kubelet            spec.containers{hermod-coordinator}: Created container: hermod-coordinator
  Normal  Started    6s    kubelet            spec.containers{hermod-coordinator}: Started container hermod-coordinator


Name:             nanomq-756fd88db6-7k858
Namespace:        translator-zigbee
Priority:         0
Service Account:  default
Node:             <pi-host>/<pi-ip>
Start Time:       Mon, 27 Apr 2026 09:52:52 +0200
Labels:           app=nanomq
                  pod-template-hash=756fd88db6
Annotations:      cni.projectcalico.org/containerID: f68917fdb6d5fd3ef7b3460dc9ac51bf0b1a84031e3fb47f6c871b391cca24dd
                  cni.projectcalico.org/podIP: <pod-ip>/32
                  cni.projectcalico.org/podIPs: <pod-ip>/32
Status:           Running
IP:               <pod-ip>
IPs:
  IP:           <pod-ip>
Controlled By:  ReplicaSet/nanomq-756fd88db6
Containers:
  nanomq:
    Container ID:   containerd://480eeb895e24a6a50602e6f2f95d3b5b3cfced0cad9a460bca746b8b3fd2bc0d
    Image:          emqx/nanomq:0.21-slim
    Image ID:       docker.io/emqx/nanomq@sha256:53bea7acb547aced1cc45e08c514628f1e41c4da9ad544fd8c5fa96d3e9eb41b
    Ports:          1883/TCP (mqtt), 8081/TCP (http)
    Host Ports:     0/TCP (mqtt), 0/TCP (http)
    State:          Running
      Started:      Mon, 27 Apr 2026 09:52:53 +0200
    Ready:          True
    Restart Count:  0
    Limits:
      cpu:     1
      memory:  512Mi
    Requests:
      cpu:        50m
      memory:     64Mi
    Readiness:    tcp-socket :1883 delay=3s timeout=1s period=5s #success=1 #failure=3
    Environment:  <none>
    Mounts:
      /etc/nanomq.conf from config (rw,path="nanomq.conf")
      /var/run/secrets/kubernetes.io/serviceaccount from kube-api-access-tcmf7 (ro)
Conditions:
  Type                        Status
  PodReadyToStartContainers   True 
  Initialized                 True 
  Ready                       True 
  ContainersReady             True 
  PodScheduled                True 
Volumes:
  config:
    Type:      ConfigMap (a volume populated by a ConfigMap)
    Name:      nanomq-config
    Optional:  false
  kube-api-access-tcmf7:
    Type:                    Projected (a volume that contains injected data from multiple sources)
    TokenExpirationSeconds:  3607
    ConfigMapName:           kube-root-ca.crt
    Optional:                false
    DownwardAPI:             true
QoS Class:                   Burstable
Node-Selectors:              <none>
Tolerations:                 node.kubernetes.io/not-ready:NoExecute op=Exists for 300s
                             node.kubernetes.io/unreachable:NoExecute op=Exists for 300s
Events:
  Type    Reason     Age   From               Message
  ----    ------     ----  ----               -------
  Normal  Scheduled  21s   default-scheduler  Successfully assigned translator-zigbee/nanomq-756fd88db6-7k858 to <pi-host>
  Normal  Pulled     21s   kubelet            spec.containers{nanomq}: Container image "emqx/nanomq:0.21-slim" already present on machine
  Normal  Created    21s   kubelet            spec.containers{nanomq}: Created container: nanomq
  Normal  Started    21s   kubelet            spec.containers{nanomq}: Started container nanomq


Name:             postgres-0
Namespace:        translator-zigbee
Priority:         0
Service Account:  default
Node:             <pi-host>/<pi-ip>
Start Time:       Mon, 27 Apr 2026 09:52:58 +0200
Labels:           app=postgres
                  apps.kubernetes.io/pod-index=0
                  controller-revision-hash=postgres-848ccb988d
                  statefulset.kubernetes.io/pod-name=postgres-0
Annotations:      cni.projectcalico.org/containerID: 006d092a18672fa9e728a5b435a4d67a77871b40812ee6c28f8ffab3c1cf181d
                  cni.projectcalico.org/podIP: <pod-ip>/32
                  cni.projectcalico.org/podIPs: <pod-ip>/32
Status:           Running
IP:               <pod-ip>
IPs:
  IP:           <pod-ip>
Controlled By:  StatefulSet/postgres
Containers:
  postgres:
    Container ID:   containerd://f76b36dbb6ed02991c69860f3495b292fe266300a98a8c52d4d1fd1711a4d864
    Image:          postgres:17-alpine
    Image ID:       docker.io/library/postgres@sha256:778d0b486d6daa02b77434d0358ec57a1b21fd8b6d22ac2eef56a33e816928f6
    Port:           5432/TCP
    Host Port:      0/TCP
    State:          Running
      Started:      Mon, 27 Apr 2026 09:52:59 +0200
    Ready:          True
    Restart Count:  0
    Limits:
      cpu:     1500m
      memory:  1536Mi
    Requests:
      cpu:      100m
      memory:   256Mi
    Readiness:  exec [pg_isready -U postgres] delay=5s timeout=1s period=5s #success=1 #failure=3
    Environment:
      POSTGRES_DB:        postgres
      POSTGRES_USER:      postgres
      POSTGRES_PASSWORD:  <set to the key 'postgres-superuser-password' in secret 'hermod-secrets'>  Optional: false
    Mounts:
      /docker-entrypoint-initdb.d from init (rw)
      /var/lib/postgresql/data from data (rw)
      /var/run/secrets/kubernetes.io/serviceaccount from kube-api-access-s775r (ro)
Conditions:
  Type                        Status
  PodReadyToStartContainers   True 
  Initialized                 True 
  Ready                       True 
  ContainersReady             True 
  PodScheduled                True 
Volumes:
  data:
    Type:       PersistentVolumeClaim (a reference to a PersistentVolumeClaim in the same namespace)
    ClaimName:  data-postgres-0
    ReadOnly:   false
  init:
    Type:      ConfigMap (a volume populated by a ConfigMap)
    Name:      postgres-init
    Optional:  false
  kube-api-access-s775r:
    Type:                    Projected (a volume that contains injected data from multiple sources)
    TokenExpirationSeconds:  3607
    ConfigMapName:           kube-root-ca.crt
    Optional:                false
    DownwardAPI:             true
QoS Class:                   Burstable
Node-Selectors:              <none>
Tolerations:                 node.kubernetes.io/not-ready:NoExecute op=Exists for 300s
                             node.kubernetes.io/unreachable:NoExecute op=Exists for 300s
Events:
  Type    Reason     Age   From               Message
  ----    ------     ----  ----               -------
  Normal  Scheduled  16s   default-scheduler  Successfully assigned translator-zigbee/postgres-0 to <pi-host>
  Normal  Pulled     15s   kubelet            spec.containers{postgres}: Container image "postgres:17-alpine" already present on machine
  Normal  Created    15s   kubelet            spec.containers{postgres}: Created container: postgres
  Normal  Started    15s   kubelet            spec.containers{postgres}: Started container postgres


Name:             zigbee2mqtt-6b85d5787-hfqp6
Namespace:        translator-zigbee
Priority:         0
Service Account:  default
Node:             <pi-host>/<pi-ip>
Start Time:       Mon, 27 Apr 2026 09:52:52 +0200
Labels:           app=zigbee2mqtt
                  pod-template-hash=6b85d5787
Annotations:      cni.projectcalico.org/containerID: 945e0fd22ec1a56b36a59771ef689cb52560ac9f3b725176dbd634431be110bd
                  cni.projectcalico.org/podIP: <pod-ip>/32
                  cni.projectcalico.org/podIPs: <pod-ip>/32
Status:           Running
IP:               <pod-ip>
IPs:
  IP:           <pod-ip>
Controlled By:  ReplicaSet/zigbee2mqtt-6b85d5787
Init Containers:
  seed-config:
    Container ID:  containerd://425d2c3d7f1796a5c23ff1c62a02f58918b092cd754eebb5e227552df216432b
    Image:         busybox:latest
    Image ID:      docker.io/library/busybox@sha256:1487d0af5f52b4ba31c7e465126ee2123fe3f2305d638e7827681e7cf6c83d5e
    Port:          <none>
    Host Port:     <none>
    Command:
      sh
      -c
      cp /tmp/cm/configuration.yaml /app/data/configuration.yaml && chmod 0644 /app/data/configuration.yaml
    State:          Terminated
      Reason:       Completed
      Exit Code:    0
      Started:      Mon, 27 Apr 2026 09:52:54 +0200
      Finished:     Mon, 27 Apr 2026 09:52:54 +0200
    Ready:          True
    Restart Count:  0
    Environment:    <none>
    Mounts:
      /app/data from data (rw)
      /tmp/cm from config-cm (rw)
      /var/run/secrets/kubernetes.io/serviceaccount from kube-api-access-4xq2n (ro)
Containers:
  zigbee2mqtt:
    Container ID:   containerd://fc5ad13fc4216bfb9aec82f1144fc8c5734bc87c8c93b7e995b228c3a637a4ba
    Image:          koenkk/zigbee2mqtt:latest
    Image ID:       docker.io/koenkk/zigbee2mqtt@sha256:2a21bbf7a664a149024bbe1f776e3151f28ed9db15948270dcbffb89544a41f0
    Port:           8080/TCP (http)
    Host Port:      0/TCP (http)
    State:          Running
      Started:      Mon, 27 Apr 2026 09:52:55 +0200
    Ready:          True
    Restart Count:  0
    Limits:
      cpu:     1
      memory:  512Mi
    Requests:
      cpu:     100m
      memory:  128Mi
    Environment:
      TZ:                                Europe/Bratislava
      ZIGBEE2MQTT_CONFIG_MQTT_USER:      <set to the key 'mqtt-username' in secret 'hermod-secrets'>  Optional: false
      ZIGBEE2MQTT_CONFIG_MQTT_PASSWORD:  <set to the key 'mqtt-password' in secret 'hermod-secrets'>  Optional: false
    Mounts:
      /app/data from data (rw)
      /dev/ttyUSB0 from zigbee-device (rw)
      /var/run/secrets/kubernetes.io/serviceaccount from kube-api-access-4xq2n (ro)
Conditions:
  Type                        Status
  PodReadyToStartContainers   True 
  Initialized                 True 
  Ready                       True 
  ContainersReady             True 
  PodScheduled                True 
Volumes:
  data:
    Type:       EmptyDir (a temporary directory that shares a pod's lifetime)
    Medium:     
    SizeLimit:  <unset>
  config-cm:
    Type:      ConfigMap (a volume populated by a ConfigMap)
    Name:      zigbee2mqtt-config
    Optional:  false
  zigbee-device:
    Type:          HostPath (bare host directory volume)
    Path:          /dev/ttyUSB0
    HostPathType:  CharDevice
  kube-api-access-4xq2n:
    Type:                    Projected (a volume that contains injected data from multiple sources)
    TokenExpirationSeconds:  3607
    ConfigMapName:           kube-root-ca.crt
    Optional:                false
    DownwardAPI:             true
QoS Class:                   Burstable
Node-Selectors:              hermod.io/zigbee=true
Tolerations:                 node.kubernetes.io/not-ready:NoExecute op=Exists for 300s
                             node.kubernetes.io/unreachable:NoExecute op=Exists for 300s
Events:
  Type    Reason     Age   From               Message
  ----    ------     ----  ----               -------
  Normal  Scheduled  21s   default-scheduler  Successfully assigned translator-zigbee/zigbee2mqtt-6b85d5787-hfqp6 to <pi-host>
  Normal  Pulled     21s   kubelet            spec.initContainers{seed-config}: Container image "busybox:latest" already present on machine
  Normal  Created    21s   kubelet            spec.initContainers{seed-config}: Created container: seed-config
  Normal  Started    20s   kubelet            spec.initContainers{seed-config}: Started container seed-config
  Normal  Pulled     20s   kubelet            spec.containers{zigbee2mqtt}: Container image "koenkk/zigbee2mqtt:latest" already present on machine
  Normal  Created    19s   kubelet            spec.containers{zigbee2mqtt}: Created container: zigbee2mqtt
  Normal  Started    19s   kubelet            spec.containers{zigbee2mqtt}: Started container zigbee2mqtt

=== ts=1777276400 ===
Name:             hermod-coordinator-7d7b88cc46-hnhsd
Namespace:        translator-zigbee
Priority:         0
Service Account:  default
Node:             <pi-host>/<pi-ip>
Start Time:       Mon, 27 Apr 2026 09:53:17 +0200
Labels:           app=hermod-coordinator
                  pod-template-hash=7d7b88cc46
Annotations:      cni.projectcalico.org/containerID: 29dd33c590284941ac26f11ce89e47701bca669c6fa6a39dfb3a42148d14863c
                  cni.projectcalico.org/podIP: <pod-ip>/32
                  cni.projectcalico.org/podIPs: <pod-ip>/32
Status:           Pending
IP:               <pod-ip>
IPs:
  IP:           <pod-ip>
Controlled By:  ReplicaSet/hermod-coordinator-7d7b88cc46
Init Containers:
  wait-for-postgres:
    Container ID:  containerd://b735ec22ca4fc4068c9ce71d1813ee4b5d3068bca9fbb01e233f111cba80d489
    Image:         busybox:1.36
    Image ID:      docker.io/library/busybox@sha256:73aaf090f3d85aa34ee199857f03fa3a95c8ede2ffd4cc2cdb5b94e566b11662
    Port:          <none>
    Host Port:     <none>
    Command:
      sh
      -c
      until nc -z postgres 5432; do sleep 2; done
    State:          Terminated
      Reason:       Completed
      Exit Code:    0
      Started:      Mon, 27 Apr 2026 09:53:18 +0200
      Finished:     Mon, 27 Apr 2026 09:53:18 +0200
    Ready:          True
    Restart Count:  0
    Environment:
      Hermod__Features__DeviceStateTracking:    true
      Hermod__Engine__LogBatchSize:             100
      Hermod__Engine__LogBatching:              true
      Hermod__Engine__Parallelism:              0
      Hermod__Features__MessagePersistence:     true
      Hermod__Features__RuleAuditLog:           true
      Hermod__Features__RuleCache:              true
      Hermod__Features__StatsRollup:            true
      Hermod__Storage__Mode:                    Postgres
      Logging__LogLevel__Hermod:                Information
      Logging__LogLevel__Microsoft.AspNetCore:  Warning
    Mounts:
      /var/run/secrets/kubernetes.io/serviceaccount from kube-api-access-jx7xr (ro)
  wait-for-nanomq:
    Container ID:  
    Image:         busybox:1.36
    Image ID:      
    Port:          <none>
    Host Port:     <none>
    Command:
      sh
      -c
      until nc -z nanomq 1883; do sleep 2; done
    State:          Waiting
      Reason:       PodInitializing
    Ready:          False
    Restart Count:  0
    Environment:
      Hermod__Features__DeviceStateTracking:    true
      Hermod__Engine__LogBatchSize:             100
      Hermod__Engine__LogBatching:              true
      Hermod__Engine__Parallelism:              0
      Hermod__Features__MessagePersistence:     true
      Hermod__Features__RuleAuditLog:           true
      Hermod__Features__RuleCache:              true
      Hermod__Features__StatsRollup:            true
      Hermod__Storage__Mode:                    Postgres
      Logging__LogLevel__Hermod:                Information
      Logging__LogLevel__Microsoft.AspNetCore:  Warning
    Mounts:
      /var/run/secrets/kubernetes.io/serviceaccount from kube-api-access-jx7xr (ro)
Containers:
  hermod-coordinator:
    Container ID:   
    Image:          hermod-coordinator:latest
    Image ID:       
    Port:           42069/TCP (http)
    Host Port:      0/TCP (http)
    State:          Waiting
      Reason:       PodInitializing
    Ready:          False
    Restart Count:  0
    Limits:
      cpu:     1500m
      memory:  1536Mi
    Requests:
      cpu:      200m
      memory:   256Mi
    Liveness:   http-get http://:42069/healthz delay=60s timeout=1s period=30s #success=1 #failure=3
    Readiness:  http-get http://:42069/healthz/ready delay=5s timeout=1s period=10s #success=1 #failure=3
    Startup:    http-get http://:42069/healthz delay=0s timeout=1s period=5s #success=1 #failure=30
    Environment:
      ASPNETCORE_ENVIRONMENT:                   Production
      ASPNETCORE_URLS:                          http://+:42069
      DOTNET_USE_POLLING_FILE_WATCHER:          true
      Hermod__Security__AuthBypass:             true
      Hermod__Security__VaultRequireHttps:      false
      Hermod__Features__MetricsEndpoint:        true
      Hermod__Dev__Endpoints:                   true
      Hermod__Mqtt__Host:                       nanomq
      Hermod__Mqtt__Port:                       1883
      Hermod__Mqtt__UseTls:                     false
      Hermod__Mqtt__Tls__UseTls:                false
      Hermod__Mqtt__Username:                   <set to the key 'mqtt-username' in secret 'hermod-secrets'>  Optional: false
      Hermod__Mqtt__Password:                   <set to the key 'mqtt-password' in secret 'hermod-secrets'>  Optional: false
      Hermod__Database__ConnectionString:       Host=postgres;Port=5432;Database=hermod;Username=hermod_app
      Hermod__Database__Password:               <set to the key 'hermod-db-password' in secret 'hermod-db-credentials'>  Optional: false
      Hermod__Features__DeviceStateTracking:    true
      Hermod__Engine__LogBatchSize:             100
      Hermod__Engine__LogBatching:              true
      Hermod__Engine__Parallelism:              0
      Hermod__Features__MessagePersistence:     true
      Hermod__Features__RuleAuditLog:           true
      Hermod__Features__RuleCache:              true
      Hermod__Features__StatsRollup:            true
      Hermod__Storage__Mode:                    Postgres
      Logging__LogLevel__Hermod:                Information
      Logging__LogLevel__Microsoft.AspNetCore:  Warning
    Mounts:
      /var/run/secrets/kubernetes.io/serviceaccount from kube-api-access-jx7xr (ro)
Conditions:
  Type                        Status
  PodReadyToStartContainers   True 
  Initialized                 False 
  Ready                       False 
  ContainersReady             False 
  PodScheduled                True 
Volumes:
  kube-api-access-jx7xr:
    Type:                    Projected (a volume that contains injected data from multiple sources)
    TokenExpirationSeconds:  3607
    ConfigMapName:           kube-root-ca.crt
    Optional:                false
    DownwardAPI:             true
QoS Class:                   Burstable
Node-Selectors:              <none>
Tolerations:                 node.kubernetes.io/not-ready:NoExecute op=Exists for 300s
                             node.kubernetes.io/unreachable:NoExecute op=Exists for 300s
Events:
  Type    Reason     Age   From               Message
  ----    ------     ----  ----               -------
  Normal  Scheduled  2s    default-scheduler  Successfully assigned translator-zigbee/hermod-coordinator-7d7b88cc46-hnhsd to <pi-host>
  Normal  Pulled     2s    kubelet            spec.initContainers{wait-for-postgres}: Container image "busybox:1.36" already present on machine
  Normal  Created    2s    kubelet            spec.initContainers{wait-for-postgres}: Created container: wait-for-postgres
  Normal  Started    2s    kubelet            spec.initContainers{wait-for-postgres}: Started container wait-for-postgres
  Normal  Pulled     1s    kubelet            spec.initContainers{wait-for-nanomq}: Container image "busybox:1.36" already present on machine
  Normal  Created    1s    kubelet            spec.initContainers{wait-for-nanomq}: Created container: wait-for-nanomq
  Normal  Started    1s    kubelet            spec.initContainers{wait-for-nanomq}: Started container wait-for-nanomq


Name:             nanomq-756fd88db6-7k858
Namespace:        translator-zigbee
Priority:         0
Service Account:  default
Node:             <pi-host>/<pi-ip>
Start Time:       Mon, 27 Apr 2026 09:52:52 +0200
Labels:           app=nanomq
                  pod-template-hash=756fd88db6
Annotations:      cni.projectcalico.org/containerID: f68917fdb6d5fd3ef7b3460dc9ac51bf0b1a84031e3fb47f6c871b391cca24dd
                  cni.projectcalico.org/podIP: <pod-ip>/32
                  cni.projectcalico.org/podIPs: <pod-ip>/32
Status:           Running
IP:               <pod-ip>
IPs:
  IP:           <pod-ip>
Controlled By:  ReplicaSet/nanomq-756fd88db6
Containers:
  nanomq:
    Container ID:   containerd://480eeb895e24a6a50602e6f2f95d3b5b3cfced0cad9a460bca746b8b3fd2bc0d
    Image:          emqx/nanomq:0.21-slim
    Image ID:       docker.io/emqx/nanomq@sha256:53bea7acb547aced1cc45e08c514628f1e41c4da9ad544fd8c5fa96d3e9eb41b
    Ports:          1883/TCP (mqtt), 8081/TCP (http)
    Host Ports:     0/TCP (mqtt), 0/TCP (http)
    State:          Running
      Started:      Mon, 27 Apr 2026 09:52:53 +0200
    Ready:          True
    Restart Count:  0
    Limits:
      cpu:     1
      memory:  512Mi
    Requests:
      cpu:        50m
      memory:     64Mi
    Readiness:    tcp-socket :1883 delay=3s timeout=1s period=5s #success=1 #failure=3
    Environment:  <none>
    Mounts:
      /etc/nanomq.conf from config (rw,path="nanomq.conf")
      /var/run/secrets/kubernetes.io/serviceaccount from kube-api-access-tcmf7 (ro)
Conditions:
  Type                        Status
  PodReadyToStartContainers   True 
  Initialized                 True 
  Ready                       True 
  ContainersReady             True 
  PodScheduled                True 
Volumes:
  config:
    Type:      ConfigMap (a volume populated by a ConfigMap)
    Name:      nanomq-config
    Optional:  false
  kube-api-access-tcmf7:
    Type:                    Projected (a volume that contains injected data from multiple sources)
    TokenExpirationSeconds:  3607
    ConfigMapName:           kube-root-ca.crt
    Optional:                false
    DownwardAPI:             true
QoS Class:                   Burstable
Node-Selectors:              <none>
Tolerations:                 node.kubernetes.io/not-ready:NoExecute op=Exists for 300s
                             node.kubernetes.io/unreachable:NoExecute op=Exists for 300s
Events:
  Type    Reason     Age   From               Message
  ----    ------     ----  ----               -------
  Normal  Scheduled  28s   default-scheduler  Successfully assigned translator-zigbee/nanomq-756fd88db6-7k858 to <pi-host>
  Normal  Pulled     27s   kubelet            spec.containers{nanomq}: Container image "emqx/nanomq:0.21-slim" already present on machine
  Normal  Created    27s   kubelet            spec.containers{nanomq}: Created container: nanomq
  Normal  Started    27s   kubelet            spec.containers{nanomq}: Started container nanomq


Name:             postgres-0
Namespace:        translator-zigbee
Priority:         0
Service Account:  default
Node:             <pi-host>/<pi-ip>
Start Time:       Mon, 27 Apr 2026 09:52:58 +0200
Labels:           app=postgres
                  apps.kubernetes.io/pod-index=0
                  controller-revision-hash=postgres-848ccb988d
                  statefulset.kubernetes.io/pod-name=postgres-0
Annotations:      cni.projectcalico.org/containerID: 006d092a18672fa9e728a5b435a4d67a77871b40812ee6c28f8ffab3c1cf181d
                  cni.projectcalico.org/podIP: <pod-ip>/32
                  cni.projectcalico.org/podIPs: <pod-ip>/32
Status:           Running
IP:               <pod-ip>
IPs:
  IP:           <pod-ip>
Controlled By:  StatefulSet/postgres
Containers:
  postgres:
    Container ID:   containerd://f76b36dbb6ed02991c69860f3495b292fe266300a98a8c52d4d1fd1711a4d864
    Image:          postgres:17-alpine
    Image ID:       docker.io/library/postgres@sha256:778d0b486d6daa02b77434d0358ec57a1b21fd8b6d22ac2eef56a33e816928f6
    Port:           5432/TCP
    Host Port:      0/TCP
    State:          Running
      Started:      Mon, 27 Apr 2026 09:52:59 +0200
    Ready:          True
    Restart Count:  0
    Limits:
      cpu:     1500m
      memory:  1536Mi
    Requests:
      cpu:      100m
      memory:   256Mi
    Readiness:  exec [pg_isready -U postgres] delay=5s timeout=1s period=5s #success=1 #failure=3
    Environment:
      POSTGRES_DB:        postgres
      POSTGRES_USER:      postgres
      POSTGRES_PASSWORD:  <set to the key 'postgres-superuser-password' in secret 'hermod-secrets'>  Optional: false
    Mounts:
      /docker-entrypoint-initdb.d from init (rw)
      /var/lib/postgresql/data from data (rw)
      /var/run/secrets/kubernetes.io/serviceaccount from kube-api-access-s775r (ro)
Conditions:
  Type                        Status
  PodReadyToStartContainers   True 
  Initialized                 True 
  Ready                       True 
  ContainersReady             True 
  PodScheduled                True 
Volumes:
  data:
    Type:       PersistentVolumeClaim (a reference to a PersistentVolumeClaim in the same namespace)
    ClaimName:  data-postgres-0
    ReadOnly:   false
  init:
    Type:      ConfigMap (a volume populated by a ConfigMap)
    Name:      postgres-init
    Optional:  false
  kube-api-access-s775r:
    Type:                    Projected (a volume that contains injected data from multiple sources)
    TokenExpirationSeconds:  3607
    ConfigMapName:           kube-root-ca.crt
    Optional:                false
    DownwardAPI:             true
QoS Class:                   Burstable
Node-Selectors:              <none>
Tolerations:                 node.kubernetes.io/not-ready:NoExecute op=Exists for 300s
                             node.kubernetes.io/unreachable:NoExecute op=Exists for 300s
Events:
  Type    Reason     Age   From               Message
  ----    ------     ----  ----               -------
  Normal  Scheduled  22s   default-scheduler  Successfully assigned translator-zigbee/postgres-0 to <pi-host>
  Normal  Pulled     21s   kubelet            spec.containers{postgres}: Container image "postgres:17-alpine" already present on machine
  Normal  Created    21s   kubelet            spec.containers{postgres}: Created container: postgres
  Normal  Started    21s   kubelet            spec.containers{postgres}: Started container postgres


Name:             zigbee2mqtt-6b85d5787-hfqp6
Namespace:        translator-zigbee
Priority:         0
Service Account:  default
Node:             <pi-host>/<pi-ip>
Start Time:       Mon, 27 Apr 2026 09:52:52 +0200
Labels:           app=zigbee2mqtt
                  pod-template-hash=6b85d5787
Annotations:      cni.projectcalico.org/containerID: 945e0fd22ec1a56b36a59771ef689cb52560ac9f3b725176dbd634431be110bd
                  cni.projectcalico.org/podIP: <pod-ip>/32
                  cni.projectcalico.org/podIPs: <pod-ip>/32
Status:           Running
IP:               <pod-ip>
IPs:
  IP:           <pod-ip>
Controlled By:  ReplicaSet/zigbee2mqtt-6b85d5787
Init Containers:
  seed-config:
    Container ID:  containerd://425d2c3d7f1796a5c23ff1c62a02f58918b092cd754eebb5e227552df216432b
    Image:         busybox:latest
    Image ID:      docker.io/library/busybox@sha256:1487d0af5f52b4ba31c7e465126ee2123fe3f2305d638e7827681e7cf6c83d5e
    Port:          <none>
    Host Port:     <none>
    Command:
      sh
      -c
      cp /tmp/cm/configuration.yaml /app/data/configuration.yaml && chmod 0644 /app/data/configuration.yaml
    State:          Terminated
      Reason:       Completed
      Exit Code:    0
      Started:      Mon, 27 Apr 2026 09:52:54 +0200
      Finished:     Mon, 27 Apr 2026 09:52:54 +0200
    Ready:          True
    Restart Count:  0
    Environment:    <none>
    Mounts:
      /app/data from data (rw)
      /tmp/cm from config-cm (rw)
      /var/run/secrets/kubernetes.io/serviceaccount from kube-api-access-4xq2n (ro)
Containers:
  zigbee2mqtt:
    Container ID:   containerd://fc5ad13fc4216bfb9aec82f1144fc8c5734bc87c8c93b7e995b228c3a637a4ba
    Image:          koenkk/zigbee2mqtt:latest
    Image ID:       docker.io/koenkk/zigbee2mqtt@sha256:2a21bbf7a664a149024bbe1f776e3151f28ed9db15948270dcbffb89544a41f0
    Port:           8080/TCP (http)
    Host Port:      0/TCP (http)
    State:          Running
      Started:      Mon, 27 Apr 2026 09:52:55 +0200
    Ready:          True
    Restart Count:  0
    Limits:
      cpu:     1
      memory:  512Mi
    Requests:
      cpu:     100m
      memory:  128Mi
    Environment:
      TZ:                                Europe/Bratislava
      ZIGBEE2MQTT_CONFIG_MQTT_USER:      <set to the key 'mqtt-username' in secret 'hermod-secrets'>  Optional: false
      ZIGBEE2MQTT_CONFIG_MQTT_PASSWORD:  <set to the key 'mqtt-password' in secret 'hermod-secrets'>  Optional: false
    Mounts:
      /app/data from data (rw)
      /dev/ttyUSB0 from zigbee-device (rw)
      /var/run/secrets/kubernetes.io/serviceaccount from kube-api-access-4xq2n (ro)
Conditions:
  Type                        Status
  PodReadyToStartContainers   True 
  Initialized                 True 
  Ready                       True 
  ContainersReady             True 
  PodScheduled                True 
Volumes:
  data:
    Type:       EmptyDir (a temporary directory that shares a pod's lifetime)
    Medium:     
    SizeLimit:  <unset>
  config-cm:
    Type:      ConfigMap (a volume populated by a ConfigMap)
    Name:      zigbee2mqtt-config
    Optional:  false
  zigbee-device:
    Type:          HostPath (bare host directory volume)
    Path:          /dev/ttyUSB0
    HostPathType:  CharDevice
  kube-api-access-4xq2n:
    Type:                    Projected (a volume that contains injected data from multiple sources)
    TokenExpirationSeconds:  3607
    ConfigMapName:           kube-root-ca.crt
    Optional:                false
    DownwardAPI:             true
QoS Class:                   Burstable
Node-Selectors:              hermod.io/zigbee=true
Tolerations:                 node.kubernetes.io/not-ready:NoExecute op=Exists for 300s
                             node.kubernetes.io/unreachable:NoExecute op=Exists for 300s
Events:
  Type    Reason     Age   From               Message
  ----    ------     ----  ----               -------
  Normal  Scheduled  27s   default-scheduler  Successfully assigned translator-zigbee/zigbee2mqtt-6b85d5787-hfqp6 to <pi-host>
  Normal  Pulled     27s   kubelet            spec.initContainers{seed-config}: Container image "busybox:latest" already present on machine
  Normal  Created    27s   kubelet            spec.initContainers{seed-config}: Created container: seed-config
  Normal  Started    26s   kubelet            spec.initContainers{seed-config}: Started container seed-config
  Normal  Pulled     26s   kubelet            spec.containers{zigbee2mqtt}: Container image "koenkk/zigbee2mqtt:latest" already present on machine
  Normal  Created    25s   kubelet            spec.containers{zigbee2mqtt}: Created container: zigbee2mqtt
  Normal  Started    25s   kubelet            spec.containers{zigbee2mqtt}: Started container zigbee2mqtt

=== ts=1777276406 ===
Name:             hermod-coordinator-7d7b88cc46-hnhsd
Namespace:        translator-zigbee
Priority:         0
Service Account:  default
Node:             <pi-host>/<pi-ip>
Start Time:       Mon, 27 Apr 2026 09:53:17 +0200
Labels:           app=hermod-coordinator
                  pod-template-hash=7d7b88cc46
Annotations:      cni.projectcalico.org/containerID: 29dd33c590284941ac26f11ce89e47701bca669c6fa6a39dfb3a42148d14863c
                  cni.projectcalico.org/podIP: <pod-ip>/32
                  cni.projectcalico.org/podIPs: <pod-ip>/32
Status:           Running
IP:               <pod-ip>
IPs:
  IP:           <pod-ip>
Controlled By:  ReplicaSet/hermod-coordinator-7d7b88cc46
Init Containers:
  wait-for-postgres:
    Container ID:  containerd://b735ec22ca4fc4068c9ce71d1813ee4b5d3068bca9fbb01e233f111cba80d489
    Image:         busybox:1.36
    Image ID:      docker.io/library/busybox@sha256:73aaf090f3d85aa34ee199857f03fa3a95c8ede2ffd4cc2cdb5b94e566b11662
    Port:          <none>
    Host Port:     <none>
    Command:
      sh
      -c
      until nc -z postgres 5432; do sleep 2; done
    State:          Terminated
      Reason:       Completed
      Exit Code:    0
      Started:      Mon, 27 Apr 2026 09:53:18 +0200
      Finished:     Mon, 27 Apr 2026 09:53:18 +0200
    Ready:          True
    Restart Count:  0
    Environment:
      Hermod__Features__DeviceStateTracking:    true
      Hermod__Engine__LogBatchSize:             100
      Hermod__Engine__LogBatching:              true
      Hermod__Engine__Parallelism:              0
      Hermod__Features__MessagePersistence:     true
      Hermod__Features__RuleAuditLog:           true
      Hermod__Features__RuleCache:              true
      Hermod__Features__StatsRollup:            true
      Hermod__Storage__Mode:                    Postgres
      Logging__LogLevel__Hermod:                Information
      Logging__LogLevel__Microsoft.AspNetCore:  Warning
    Mounts:
      /var/run/secrets/kubernetes.io/serviceaccount from kube-api-access-jx7xr (ro)
  wait-for-nanomq:
    Container ID:  containerd://16133d1264b40b8023c68fae5d2c08f3c8ddf43ec02d29421d460893aab9db46
    Image:         busybox:1.36
    Image ID:      docker.io/library/busybox@sha256:73aaf090f3d85aa34ee199857f03fa3a95c8ede2ffd4cc2cdb5b94e566b11662
    Port:          <none>
    Host Port:     <none>
    Command:
      sh
      -c
      until nc -z nanomq 1883; do sleep 2; done
    State:          Terminated
      Reason:       Completed
      Exit Code:    0
      Started:      Mon, 27 Apr 2026 09:53:19 +0200
      Finished:     Mon, 27 Apr 2026 09:53:19 +0200
    Ready:          True
    Restart Count:  0
    Environment:
      Hermod__Features__DeviceStateTracking:    true
      Hermod__Engine__LogBatchSize:             100
      Hermod__Engine__LogBatching:              true
      Hermod__Engine__Parallelism:              0
      Hermod__Features__MessagePersistence:     true
      Hermod__Features__RuleAuditLog:           true
      Hermod__Features__RuleCache:              true
      Hermod__Features__StatsRollup:            true
      Hermod__Storage__Mode:                    Postgres
      Logging__LogLevel__Hermod:                Information
      Logging__LogLevel__Microsoft.AspNetCore:  Warning
    Mounts:
      /var/run/secrets/kubernetes.io/serviceaccount from kube-api-access-jx7xr (ro)
Containers:
  hermod-coordinator:
    Container ID:   containerd://8bc8e597bde7e2e74a647eb24d90960d221d7add66230cddeca440fb6b8cbad2
    Image:          hermod-coordinator:latest
    Image ID:       sha256:ca91ccdfcd269dd5e4e25d5ffe8d863ca5db57e5c4f62f08c8adf90d23c15eaf
    Port:           42069/TCP (http)
    Host Port:      0/TCP (http)
    State:          Running
      Started:      Mon, 27 Apr 2026 09:53:20 +0200
    Ready:          True
    Restart Count:  0
    Limits:
      cpu:     1500m
      memory:  1536Mi
    Requests:
      cpu:      200m
      memory:   256Mi
    Liveness:   http-get http://:42069/healthz delay=60s timeout=1s period=30s #success=1 #failure=3
    Readiness:  http-get http://:42069/healthz/ready delay=5s timeout=1s period=10s #success=1 #failure=3
    Startup:    http-get http://:42069/healthz delay=0s timeout=1s period=5s #success=1 #failure=30
    Environment:
      ASPNETCORE_ENVIRONMENT:                   Production
      ASPNETCORE_URLS:                          http://+:42069
      DOTNET_USE_POLLING_FILE_WATCHER:          true
      Hermod__Security__AuthBypass:             true
      Hermod__Security__VaultRequireHttps:      false
      Hermod__Features__MetricsEndpoint:        true
      Hermod__Dev__Endpoints:                   true
      Hermod__Mqtt__Host:                       nanomq
      Hermod__Mqtt__Port:                       1883
      Hermod__Mqtt__UseTls:                     false
      Hermod__Mqtt__Tls__UseTls:                false
      Hermod__Mqtt__Username:                   <set to the key 'mqtt-username' in secret 'hermod-secrets'>  Optional: false
      Hermod__Mqtt__Password:                   <set to the key 'mqtt-password' in secret 'hermod-secrets'>  Optional: false
      Hermod__Database__ConnectionString:       Host=postgres;Port=5432;Database=hermod;Username=hermod_app
      Hermod__Database__Password:               <set to the key 'hermod-db-password' in secret 'hermod-db-credentials'>  Optional: false
      Hermod__Features__DeviceStateTracking:    true
      Hermod__Engine__LogBatchSize:             100
      Hermod__Engine__LogBatching:              true
      Hermod__Engine__Parallelism:              0
      Hermod__Features__MessagePersistence:     true
      Hermod__Features__RuleAuditLog:           true
      Hermod__Features__RuleCache:              true
      Hermod__Features__StatsRollup:            true
      Hermod__Storage__Mode:                    Postgres
      Logging__LogLevel__Hermod:                Information
      Logging__LogLevel__Microsoft.AspNetCore:  Warning
    Mounts:
      /var/run/secrets/kubernetes.io/serviceaccount from kube-api-access-jx7xr (ro)
Conditions:
  Type                        Status
  PodReadyToStartContainers   True 
  Initialized                 True 
  Ready                       True 
  ContainersReady             True 
  PodScheduled                True 
Volumes:
  kube-api-access-jx7xr:
    Type:                    Projected (a volume that contains injected data from multiple sources)
    TokenExpirationSeconds:  3607
    ConfigMapName:           kube-root-ca.crt
    Optional:                false
    DownwardAPI:             true
QoS Class:                   Burstable
Node-Selectors:              <none>
Tolerations:                 node.kubernetes.io/not-ready:NoExecute op=Exists for 300s
                             node.kubernetes.io/unreachable:NoExecute op=Exists for 300s
Events:
  Type    Reason     Age   From               Message
  ----    ------     ----  ----               -------
  Normal  Scheduled  8s    default-scheduler  Successfully assigned translator-zigbee/hermod-coordinator-7d7b88cc46-hnhsd to <pi-host>
  Normal  Pulled     8s    kubelet            spec.initContainers{wait-for-postgres}: Container image "busybox:1.36" already present on machine
  Normal  Created    8s    kubelet            spec.initContainers{wait-for-postgres}: Created container: wait-for-postgres
  Normal  Started    8s    kubelet            spec.initContainers{wait-for-postgres}: Started container wait-for-postgres
  Normal  Pulled     7s    kubelet            spec.initContainers{wait-for-nanomq}: Container image "busybox:1.36" already present on machine
  Normal  Created    7s    kubelet            spec.initContainers{wait-for-nanomq}: Created container: wait-for-nanomq
  Normal  Started    7s    kubelet            spec.initContainers{wait-for-nanomq}: Started container wait-for-nanomq
  Normal  Pulled     6s    kubelet            spec.containers{hermod-coordinator}: Container image "hermod-coordinator:latest" already present on machine
  Normal  Created    6s    kubelet            spec.containers{hermod-coordinator}: Created container: hermod-coordinator
  Normal  Started    6s    kubelet            spec.containers{hermod-coordinator}: Started container hermod-coordinator


Name:             nanomq-756fd88db6-7k858
Namespace:        translator-zigbee
Priority:         0
Service Account:  default
Node:             <pi-host>/<pi-ip>
Start Time:       Mon, 27 Apr 2026 09:52:52 +0200
Labels:           app=nanomq
                  pod-template-hash=756fd88db6
Annotations:      cni.projectcalico.org/containerID: f68917fdb6d5fd3ef7b3460dc9ac51bf0b1a84031e3fb47f6c871b391cca24dd
                  cni.projectcalico.org/podIP: <pod-ip>/32
                  cni.projectcalico.org/podIPs: <pod-ip>/32
Status:           Running
IP:               <pod-ip>
IPs:
  IP:           <pod-ip>
Controlled By:  ReplicaSet/nanomq-756fd88db6
Containers:
  nanomq:
    Container ID:   containerd://480eeb895e24a6a50602e6f2f95d3b5b3cfced0cad9a460bca746b8b3fd2bc0d
    Image:          emqx/nanomq:0.21-slim
    Image ID:       docker.io/emqx/nanomq@sha256:53bea7acb547aced1cc45e08c514628f1e41c4da9ad544fd8c5fa96d3e9eb41b
    Ports:          1883/TCP (mqtt), 8081/TCP (http)
    Host Ports:     0/TCP (mqtt), 0/TCP (http)
    State:          Running
      Started:      Mon, 27 Apr 2026 09:52:53 +0200
    Ready:          True
    Restart Count:  0
    Limits:
      cpu:     1
      memory:  512Mi
    Requests:
      cpu:        50m
      memory:     64Mi
    Readiness:    tcp-socket :1883 delay=3s timeout=1s period=5s #success=1 #failure=3
    Environment:  <none>
    Mounts:
      /etc/nanomq.conf from config (rw,path="nanomq.conf")
      /var/run/secrets/kubernetes.io/serviceaccount from kube-api-access-tcmf7 (ro)
Conditions:
  Type                        Status
  PodReadyToStartContainers   True 
  Initialized                 True 
  Ready                       True 
  ContainersReady             True 
  PodScheduled                True 
Volumes:
  config:
    Type:      ConfigMap (a volume populated by a ConfigMap)
    Name:      nanomq-config
    Optional:  false
  kube-api-access-tcmf7:
    Type:                    Projected (a volume that contains injected data from multiple sources)
    TokenExpirationSeconds:  3607
    ConfigMapName:           kube-root-ca.crt
    Optional:                false
    DownwardAPI:             true
QoS Class:                   Burstable
Node-Selectors:              <none>
Tolerations:                 node.kubernetes.io/not-ready:NoExecute op=Exists for 300s
                             node.kubernetes.io/unreachable:NoExecute op=Exists for 300s
Events:
  Type    Reason     Age   From               Message
  ----    ------     ----  ----               -------
  Normal  Scheduled  33s   default-scheduler  Successfully assigned translator-zigbee/nanomq-756fd88db6-7k858 to <pi-host>
  Normal  Pulled     33s   kubelet            spec.containers{nanomq}: Container image "emqx/nanomq:0.21-slim" already present on machine
  Normal  Created    33s   kubelet            spec.containers{nanomq}: Created container: nanomq
  Normal  Started    33s   kubelet            spec.containers{nanomq}: Started container nanomq


Name:             postgres-0
Namespace:        translator-zigbee
Priority:         0
Service Account:  default
Node:             <pi-host>/<pi-ip>
Start Time:       Mon, 27 Apr 2026 09:52:58 +0200
Labels:           app=postgres
                  apps.kubernetes.io/pod-index=0
                  controller-revision-hash=postgres-848ccb988d
                  statefulset.kubernetes.io/pod-name=postgres-0
Annotations:      cni.projectcalico.org/containerID: 006d092a18672fa9e728a5b435a4d67a77871b40812ee6c28f8ffab3c1cf181d
                  cni.projectcalico.org/podIP: <pod-ip>/32
                  cni.projectcalico.org/podIPs: <pod-ip>/32
Status:           Running
IP:               <pod-ip>
IPs:
  IP:           <pod-ip>
Controlled By:  StatefulSet/postgres
Containers:
  postgres:
    Container ID:   containerd://f76b36dbb6ed02991c69860f3495b292fe266300a98a8c52d4d1fd1711a4d864
    Image:          postgres:17-alpine
    Image ID:       docker.io/library/postgres@sha256:778d0b486d6daa02b77434d0358ec57a1b21fd8b6d22ac2eef56a33e816928f6
    Port:           5432/TCP
    Host Port:      0/TCP
    State:          Running
      Started:      Mon, 27 Apr 2026 09:52:59 +0200
    Ready:          True
    Restart Count:  0
    Limits:
      cpu:     1500m
      memory:  1536Mi
    Requests:
      cpu:      100m
      memory:   256Mi
    Readiness:  exec [pg_isready -U postgres] delay=5s timeout=1s period=5s #success=1 #failure=3
    Environment:
      POSTGRES_DB:        postgres
      POSTGRES_USER:      postgres
      POSTGRES_PASSWORD:  <set to the key 'postgres-superuser-password' in secret 'hermod-secrets'>  Optional: false
    Mounts:
      /docker-entrypoint-initdb.d from init (rw)
      /var/lib/postgresql/data from data (rw)
      /var/run/secrets/kubernetes.io/serviceaccount from kube-api-access-s775r (ro)
Conditions:
  Type                        Status
  PodReadyToStartContainers   True 
  Initialized                 True 
  Ready                       True 
  ContainersReady             True 
  PodScheduled                True 
Volumes:
  data:
    Type:       PersistentVolumeClaim (a reference to a PersistentVolumeClaim in the same namespace)
    ClaimName:  data-postgres-0
    ReadOnly:   false
  init:
    Type:      ConfigMap (a volume populated by a ConfigMap)
    Name:      postgres-init
    Optional:  false
  kube-api-access-s775r:
    Type:                    Projected (a volume that contains injected data from multiple sources)
    TokenExpirationSeconds:  3607
    ConfigMapName:           kube-root-ca.crt
    Optional:                false
    DownwardAPI:             true
QoS Class:                   Burstable
Node-Selectors:              <none>
Tolerations:                 node.kubernetes.io/not-ready:NoExecute op=Exists for 300s
                             node.kubernetes.io/unreachable:NoExecute op=Exists for 300s
Events:
  Type    Reason     Age   From               Message
  ----    ------     ----  ----               -------
  Normal  Scheduled  27s   default-scheduler  Successfully assigned translator-zigbee/postgres-0 to <pi-host>
  Normal  Pulled     27s   kubelet            spec.containers{postgres}: Container image "postgres:17-alpine" already present on machine
  Normal  Created    27s   kubelet            spec.containers{postgres}: Created container: postgres
  Normal  Started    27s   kubelet            spec.containers{postgres}: Started container postgres


Name:             zigbee2mqtt-6b85d5787-hfqp6
Namespace:        translator-zigbee
Priority:         0
Service Account:  default
Node:             <pi-host>/<pi-ip>
Start Time:       Mon, 27 Apr 2026 09:52:52 +0200
Labels:           app=zigbee2mqtt
                  pod-template-hash=6b85d5787
Annotations:      cni.projectcalico.org/containerID: 945e0fd22ec1a56b36a59771ef689cb52560ac9f3b725176dbd634431be110bd
                  cni.projectcalico.org/podIP: <pod-ip>/32
                  cni.projectcalico.org/podIPs: <pod-ip>/32
Status:           Running
IP:               <pod-ip>
IPs:
  IP:           <pod-ip>
Controlled By:  ReplicaSet/zigbee2mqtt-6b85d5787
Init Containers:
  seed-config:
    Container ID:  containerd://425d2c3d7f1796a5c23ff1c62a02f58918b092cd754eebb5e227552df216432b
    Image:         busybox:latest
    Image ID:      docker.io/library/busybox@sha256:1487d0af5f52b4ba31c7e465126ee2123fe3f2305d638e7827681e7cf6c83d5e
    Port:          <none>
    Host Port:     <none>
    Command:
      sh
      -c
      cp /tmp/cm/configuration.yaml /app/data/configuration.yaml && chmod 0644 /app/data/configuration.yaml
    State:          Terminated
      Reason:       Completed
      Exit Code:    0
      Started:      Mon, 27 Apr 2026 09:52:54 +0200
      Finished:     Mon, 27 Apr 2026 09:52:54 +0200
    Ready:          True
    Restart Count:  0
    Environment:    <none>
    Mounts:
      /app/data from data (rw)
      /tmp/cm from config-cm (rw)
      /var/run/secrets/kubernetes.io/serviceaccount from kube-api-access-4xq2n (ro)
Containers:
  zigbee2mqtt:
    Container ID:   containerd://fc5ad13fc4216bfb9aec82f1144fc8c5734bc87c8c93b7e995b228c3a637a4ba
    Image:          koenkk/zigbee2mqtt:latest
    Image ID:       docker.io/koenkk/zigbee2mqtt@sha256:2a21bbf7a664a149024bbe1f776e3151f28ed9db15948270dcbffb89544a41f0
    Port:           8080/TCP (http)
    Host Port:      0/TCP (http)
    State:          Running
      Started:      Mon, 27 Apr 2026 09:52:55 +0200
    Ready:          True
    Restart Count:  0
    Limits:
      cpu:     1
      memory:  512Mi
    Requests:
      cpu:     100m
      memory:  128Mi
    Environment:
      TZ:                                Europe/Bratislava
      ZIGBEE2MQTT_CONFIG_MQTT_USER:      <set to the key 'mqtt-username' in secret 'hermod-secrets'>  Optional: false
      ZIGBEE2MQTT_CONFIG_MQTT_PASSWORD:  <set to the key 'mqtt-password' in secret 'hermod-secrets'>  Optional: false
    Mounts:
      /app/data from data (rw)
      /dev/ttyUSB0 from zigbee-device (rw)
      /var/run/secrets/kubernetes.io/serviceaccount from kube-api-access-4xq2n (ro)
Conditions:
  Type                        Status
  PodReadyToStartContainers   True 
  Initialized                 True 
  Ready                       True 
  ContainersReady             True 
  PodScheduled                True 
Volumes:
  data:
    Type:       EmptyDir (a temporary directory that shares a pod's lifetime)
    Medium:     
    SizeLimit:  <unset>
  config-cm:
    Type:      ConfigMap (a volume populated by a ConfigMap)
    Name:      zigbee2mqtt-config
    Optional:  false
  zigbee-device:
    Type:          HostPath (bare host directory volume)
    Path:          /dev/ttyUSB0
    HostPathType:  CharDevice
  kube-api-access-4xq2n:
    Type:                    Projected (a volume that contains injected data from multiple sources)
    TokenExpirationSeconds:  3607
    ConfigMapName:           kube-root-ca.crt
    Optional:                false
    DownwardAPI:             true
QoS Class:                   Burstable
Node-Selectors:              hermod.io/zigbee=true
Tolerations:                 node.kubernetes.io/not-ready:NoExecute op=Exists for 300s
                             node.kubernetes.io/unreachable:NoExecute op=Exists for 300s
Events:
  Type    Reason     Age   From               Message
  ----    ------     ----  ----               -------
  Normal  Scheduled  33s   default-scheduler  Successfully assigned translator-zigbee/zigbee2mqtt-6b85d5787-hfqp6 to <pi-host>
  Normal  Pulled     33s   kubelet            spec.initContainers{seed-config}: Container image "busybox:latest" already present on machine
  Normal  Created    33s   kubelet            spec.initContainers{seed-config}: Created container: seed-config
  Normal  Started    32s   kubelet            spec.initContainers{seed-config}: Started container seed-config
  Normal  Pulled     32s   kubelet            spec.containers{zigbee2mqtt}: Container image "koenkk/zigbee2mqtt:latest" already present on machine
  Normal  Created    31s   kubelet            spec.containers{zigbee2mqtt}: Created container: zigbee2mqtt
  Normal  Started    31s   kubelet            spec.containers{zigbee2mqtt}: Started container zigbee2mqtt

=== ts=1777276411 ===
Name:             hermod-coordinator-7d7b88cc46-hnhsd
Namespace:        translator-zigbee
Priority:         0
Service Account:  default
Node:             <pi-host>/<pi-ip>
Start Time:       Mon, 27 Apr 2026 09:53:17 +0200
Labels:           app=hermod-coordinator
                  pod-template-hash=7d7b88cc46
Annotations:      cni.projectcalico.org/containerID: 29dd33c590284941ac26f11ce89e47701bca669c6fa6a39dfb3a42148d14863c
                  cni.projectcalico.org/podIP: <pod-ip>/32
                  cni.projectcalico.org/podIPs: <pod-ip>/32
Status:           Running
IP:               <pod-ip>
IPs:
  IP:           <pod-ip>
Controlled By:  ReplicaSet/hermod-coordinator-7d7b88cc46
Init Containers:
  wait-for-postgres:
    Container ID:  containerd://b735ec22ca4fc4068c9ce71d1813ee4b5d3068bca9fbb01e233f111cba80d489
    Image:         busybox:1.36
    Image ID:      docker.io/library/busybox@sha256:73aaf090f3d85aa34ee199857f03fa3a95c8ede2ffd4cc2cdb5b94e566b11662
    Port:          <none>
    Host Port:     <none>
    Command:
      sh
      -c
      until nc -z postgres 5432; do sleep 2; done
    State:          Terminated
      Reason:       Completed
      Exit Code:    0
      Started:      Mon, 27 Apr 2026 09:53:18 +0200
      Finished:     Mon, 27 Apr 2026 09:53:18 +0200
    Ready:          True
    Restart Count:  0
    Environment:
      Hermod__Features__DeviceStateTracking:    true
      Hermod__Engine__LogBatchSize:             100
      Hermod__Engine__LogBatching:              true
      Hermod__Engine__Parallelism:              0
      Hermod__Features__MessagePersistence:     true
      Hermod__Features__RuleAuditLog:           true
      Hermod__Features__RuleCache:              true
      Hermod__Features__StatsRollup:            true
      Hermod__Storage__Mode:                    Postgres
      Logging__LogLevel__Hermod:                Information
      Logging__LogLevel__Microsoft.AspNetCore:  Warning
    Mounts:
      /var/run/secrets/kubernetes.io/serviceaccount from kube-api-access-jx7xr (ro)
  wait-for-nanomq:
    Container ID:  containerd://16133d1264b40b8023c68fae5d2c08f3c8ddf43ec02d29421d460893aab9db46
    Image:         busybox:1.36
    Image ID:      docker.io/library/busybox@sha256:73aaf090f3d85aa34ee199857f03fa3a95c8ede2ffd4cc2cdb5b94e566b11662
    Port:          <none>
    Host Port:     <none>
    Command:
      sh
      -c
      until nc -z nanomq 1883; do sleep 2; done
    State:          Terminated
      Reason:       Completed
      Exit Code:    0
      Started:      Mon, 27 Apr 2026 09:53:19 +0200
      Finished:     Mon, 27 Apr 2026 09:53:19 +0200
    Ready:          True
    Restart Count:  0
    Environment:
      Hermod__Features__DeviceStateTracking:    true
      Hermod__Engine__LogBatchSize:             100
      Hermod__Engine__LogBatching:              true
      Hermod__Engine__Parallelism:              0
      Hermod__Features__MessagePersistence:     true
      Hermod__Features__RuleAuditLog:           true
      Hermod__Features__RuleCache:              true
      Hermod__Features__StatsRollup:            true
      Hermod__Storage__Mode:                    Postgres
      Logging__LogLevel__Hermod:                Information
      Logging__LogLevel__Microsoft.AspNetCore:  Warning
    Mounts:
      /var/run/secrets/kubernetes.io/serviceaccount from kube-api-access-jx7xr (ro)
Containers:
  hermod-coordinator:
    Container ID:   containerd://8bc8e597bde7e2e74a647eb24d90960d221d7add66230cddeca440fb6b8cbad2
    Image:          hermod-coordinator:latest
    Image ID:       sha256:ca91ccdfcd269dd5e4e25d5ffe8d863ca5db57e5c4f62f08c8adf90d23c15eaf
    Port:           42069/TCP (http)
    Host Port:      0/TCP (http)
    State:          Running
      Started:      Mon, 27 Apr 2026 09:53:20 +0200
    Ready:          True
    Restart Count:  0
    Limits:
      cpu:     1500m
      memory:  1536Mi
    Requests:
      cpu:      200m
      memory:   256Mi
    Liveness:   http-get http://:42069/healthz delay=60s timeout=1s period=30s #success=1 #failure=3
    Readiness:  http-get http://:42069/healthz/ready delay=5s timeout=1s period=10s #success=1 #failure=3
    Startup:    http-get http://:42069/healthz delay=0s timeout=1s period=5s #success=1 #failure=30
    Environment:
      ASPNETCORE_ENVIRONMENT:                   Production
      ASPNETCORE_URLS:                          http://+:42069
      DOTNET_USE_POLLING_FILE_WATCHER:          true
      Hermod__Security__AuthBypass:             true
      Hermod__Security__VaultRequireHttps:      false
      Hermod__Features__MetricsEndpoint:        true
      Hermod__Dev__Endpoints:                   true
      Hermod__Mqtt__Host:                       nanomq
      Hermod__Mqtt__Port:                       1883
      Hermod__Mqtt__UseTls:                     false
      Hermod__Mqtt__Tls__UseTls:                false
      Hermod__Mqtt__Username:                   <set to the key 'mqtt-username' in secret 'hermod-secrets'>  Optional: false
      Hermod__Mqtt__Password:                   <set to the key 'mqtt-password' in secret 'hermod-secrets'>  Optional: false
      Hermod__Database__ConnectionString:       Host=postgres;Port=5432;Database=hermod;Username=hermod_app
      Hermod__Database__Password:               <set to the key 'hermod-db-password' in secret 'hermod-db-credentials'>  Optional: false
      Hermod__Features__DeviceStateTracking:    true
      Hermod__Engine__LogBatchSize:             100
      Hermod__Engine__LogBatching:              true
      Hermod__Engine__Parallelism:              0
      Hermod__Features__MessagePersistence:     true
      Hermod__Features__RuleAuditLog:           true
      Hermod__Features__RuleCache:              true
      Hermod__Features__StatsRollup:            true
      Hermod__Storage__Mode:                    Postgres
      Logging__LogLevel__Hermod:                Information
      Logging__LogLevel__Microsoft.AspNetCore:  Warning
    Mounts:
      /var/run/secrets/kubernetes.io/serviceaccount from kube-api-access-jx7xr (ro)
Conditions:
  Type                        Status
  PodReadyToStartContainers   True 
  Initialized                 True 
  Ready                       True 
  ContainersReady             True 
  PodScheduled                True 
Volumes:
  kube-api-access-jx7xr:
    Type:                    Projected (a volume that contains injected data from multiple sources)
    TokenExpirationSeconds:  3607
    ConfigMapName:           kube-root-ca.crt
    Optional:                false
    DownwardAPI:             true
QoS Class:                   Burstable
Node-Selectors:              <none>
Tolerations:                 node.kubernetes.io/not-ready:NoExecute op=Exists for 300s
                             node.kubernetes.io/unreachable:NoExecute op=Exists for 300s
Events:
  Type    Reason     Age   From               Message
  ----    ------     ----  ----               -------
  Normal  Scheduled  14s   default-scheduler  Successfully assigned translator-zigbee/hermod-coordinator-7d7b88cc46-hnhsd to <pi-host>
  Normal  Pulled     13s   kubelet            spec.initContainers{wait-for-postgres}: Container image "busybox:1.36" already present on machine
  Normal  Created    13s   kubelet            spec.initContainers{wait-for-postgres}: Created container: wait-for-postgres
  Normal  Started    13s   kubelet            spec.initContainers{wait-for-postgres}: Started container wait-for-postgres
  Normal  Pulled     12s   kubelet            spec.initContainers{wait-for-nanomq}: Container image "busybox:1.36" already present on machine
  Normal  Created    12s   kubelet            spec.initContainers{wait-for-nanomq}: Created container: wait-for-nanomq
  Normal  Started    12s   kubelet            spec.initContainers{wait-for-nanomq}: Started container wait-for-nanomq
  Normal  Pulled     11s   kubelet            spec.containers{hermod-coordinator}: Container image "hermod-coordinator:latest" already present on machine
  Normal  Created    11s   kubelet            spec.containers{hermod-coordinator}: Created container: hermod-coordinator
  Normal  Started    11s   kubelet            spec.containers{hermod-coordinator}: Started container hermod-coordinator


Name:             nanomq-756fd88db6-7k858
Namespace:        translator-zigbee
Priority:         0
Service Account:  default
Node:             <pi-host>/<pi-ip>
Start Time:       Mon, 27 Apr 2026 09:52:52 +0200
Labels:           app=nanomq
                  pod-template-hash=756fd88db6
Annotations:      cni.projectcalico.org/containerID: f68917fdb6d5fd3ef7b3460dc9ac51bf0b1a84031e3fb47f6c871b391cca24dd
                  cni.projectcalico.org/podIP: <pod-ip>/32
                  cni.projectcalico.org/podIPs: <pod-ip>/32
Status:           Running
IP:               <pod-ip>
IPs:
  IP:           <pod-ip>
Controlled By:  ReplicaSet/nanomq-756fd88db6
Containers:
  nanomq:
    Container ID:   containerd://480eeb895e24a6a50602e6f2f95d3b5b3cfced0cad9a460bca746b8b3fd2bc0d
    Image:          emqx/nanomq:0.21-slim
    Image ID:       docker.io/emqx/nanomq@sha256:53bea7acb547aced1cc45e08c514628f1e41c4da9ad544fd8c5fa96d3e9eb41b
    Ports:          1883/TCP (mqtt), 8081/TCP (http)
    Host Ports:     0/TCP (mqtt), 0/TCP (http)
    State:          Running
      Started:      Mon, 27 Apr 2026 09:52:53 +0200
    Ready:          True
    Restart Count:  0
    Limits:
      cpu:     1
      memory:  512Mi
    Requests:
      cpu:        50m
      memory:     64Mi
    Readiness:    tcp-socket :1883 delay=3s timeout=1s period=5s #success=1 #failure=3
    Environment:  <none>
    Mounts:
      /etc/nanomq.conf from config (rw,path="nanomq.conf")
      /var/run/secrets/kubernetes.io/serviceaccount from kube-api-access-tcmf7 (ro)
Conditions:
  Type                        Status
  PodReadyToStartContainers   True 
  Initialized                 True 
  Ready                       True 
  ContainersReady             True 
  PodScheduled                True 
Volumes:
  config:
    Type:      ConfigMap (a volume populated by a ConfigMap)
    Name:      nanomq-config
    Optional:  false
  kube-api-access-tcmf7:
    Type:                    Projected (a volume that contains injected data from multiple sources)
    TokenExpirationSeconds:  3607
    ConfigMapName:           kube-root-ca.crt
    Optional:                false
    DownwardAPI:             true
QoS Class:                   Burstable
Node-Selectors:              <none>
Tolerations:                 node.kubernetes.io/not-ready:NoExecute op=Exists for 300s
                             node.kubernetes.io/unreachable:NoExecute op=Exists for 300s
Events:
  Type    Reason     Age   From               Message
  ----    ------     ----  ----               -------
  Normal  Scheduled  39s   default-scheduler  Successfully assigned translator-zigbee/nanomq-756fd88db6-7k858 to <pi-host>
  Normal  Pulled     38s   kubelet            spec.containers{nanomq}: Container image "emqx/nanomq:0.21-slim" already present on machine
  Normal  Created    38s   kubelet            spec.containers{nanomq}: Created container: nanomq
  Normal  Started    38s   kubelet            spec.containers{nanomq}: Started container nanomq


Name:             postgres-0
Namespace:        translator-zigbee
Priority:         0
Service Account:  default
Node:             <pi-host>/<pi-ip>
Start Time:       Mon, 27 Apr 2026 09:52:58 +0200
Labels:           app=postgres
                  apps.kubernetes.io/pod-index=0
                  controller-revision-hash=postgres-848ccb988d
                  statefulset.kubernetes.io/pod-name=postgres-0
Annotations:      cni.projectcalico.org/containerID: 006d092a18672fa9e728a5b435a4d67a77871b40812ee6c28f8ffab3c1cf181d
                  cni.projectcalico.org/podIP: <pod-ip>/32
                  cni.projectcalico.org/podIPs: <pod-ip>/32
Status:           Running
IP:               <pod-ip>
IPs:
  IP:           <pod-ip>
Controlled By:  StatefulSet/postgres
Containers:
  postgres:
    Container ID:   containerd://f76b36dbb6ed02991c69860f3495b292fe266300a98a8c52d4d1fd1711a4d864
    Image:          postgres:17-alpine
    Image ID:       docker.io/library/postgres@sha256:778d0b486d6daa02b77434d0358ec57a1b21fd8b6d22ac2eef56a33e816928f6
    Port:           5432/TCP
    Host Port:      0/TCP
    State:          Running
      Started:      Mon, 27 Apr 2026 09:52:59 +0200
    Ready:          True
    Restart Count:  0
    Limits:
      cpu:     1500m
      memory:  1536Mi
    Requests:
      cpu:      100m
      memory:   256Mi
    Readiness:  exec [pg_isready -U postgres] delay=5s timeout=1s period=5s #success=1 #failure=3
    Environment:
      POSTGRES_DB:        postgres
      POSTGRES_USER:      postgres
      POSTGRES_PASSWORD:  <set to the key 'postgres-superuser-password' in secret 'hermod-secrets'>  Optional: false
    Mounts:
      /docker-entrypoint-initdb.d from init (rw)
      /var/lib/postgresql/data from data (rw)
      /var/run/secrets/kubernetes.io/serviceaccount from kube-api-access-s775r (ro)
Conditions:
  Type                        Status
  PodReadyToStartContainers   True 
  Initialized                 True 
  Ready                       True 
  ContainersReady             True 
  PodScheduled                True 
Volumes:
  data:
    Type:       PersistentVolumeClaim (a reference to a PersistentVolumeClaim in the same namespace)
    ClaimName:  data-postgres-0
    ReadOnly:   false
  init:
    Type:      ConfigMap (a volume populated by a ConfigMap)
    Name:      postgres-init
    Optional:  false
  kube-api-access-s775r:
    Type:                    Projected (a volume that contains injected data from multiple sources)
    TokenExpirationSeconds:  3607
    ConfigMapName:           kube-root-ca.crt
    Optional:                false
    DownwardAPI:             true
QoS Class:                   Burstable
Node-Selectors:              <none>
Tolerations:                 node.kubernetes.io/not-ready:NoExecute op=Exists for 300s
                             node.kubernetes.io/unreachable:NoExecute op=Exists for 300s
Events:
  Type    Reason     Age   From               Message
  ----    ------     ----  ----               -------
  Normal  Scheduled  33s   default-scheduler  Successfully assigned translator-zigbee/postgres-0 to <pi-host>
  Normal  Pulled     32s   kubelet            spec.containers{postgres}: Container image "postgres:17-alpine" already present on machine
  Normal  Created    32s   kubelet            spec.containers{postgres}: Created container: postgres
  Normal  Started    32s   kubelet            spec.containers{postgres}: Started container postgres


Name:             zigbee2mqtt-6b85d5787-hfqp6
Namespace:        translator-zigbee
Priority:         0
Service Account:  default
Node:             <pi-host>/<pi-ip>
Start Time:       Mon, 27 Apr 2026 09:52:52 +0200
Labels:           app=zigbee2mqtt
                  pod-template-hash=6b85d5787
Annotations:      cni.projectcalico.org/containerID: 945e0fd22ec1a56b36a59771ef689cb52560ac9f3b725176dbd634431be110bd
                  cni.projectcalico.org/podIP: <pod-ip>/32
                  cni.projectcalico.org/podIPs: <pod-ip>/32
Status:           Running
IP:               <pod-ip>
IPs:
  IP:           <pod-ip>
Controlled By:  ReplicaSet/zigbee2mqtt-6b85d5787
Init Containers:
  seed-config:
    Container ID:  containerd://425d2c3d7f1796a5c23ff1c62a02f58918b092cd754eebb5e227552df216432b
    Image:         busybox:latest
    Image ID:      docker.io/library/busybox@sha256:1487d0af5f52b4ba31c7e465126ee2123fe3f2305d638e7827681e7cf6c83d5e
    Port:          <none>
    Host Port:     <none>
    Command:
      sh
      -c
      cp /tmp/cm/configuration.yaml /app/data/configuration.yaml && chmod 0644 /app/data/configuration.yaml
    State:          Terminated
      Reason:       Completed
      Exit Code:    0
      Started:      Mon, 27 Apr 2026 09:52:54 +0200
      Finished:     Mon, 27 Apr 2026 09:52:54 +0200
    Ready:          True
    Restart Count:  0
    Environment:    <none>
    Mounts:
      /app/data from data (rw)
      /tmp/cm from config-cm (rw)
      /var/run/secrets/kubernetes.io/serviceaccount from kube-api-access-4xq2n (ro)
Containers:
  zigbee2mqtt:
    Container ID:   containerd://fc5ad13fc4216bfb9aec82f1144fc8c5734bc87c8c93b7e995b228c3a637a4ba
    Image:          koenkk/zigbee2mqtt:latest
    Image ID:       docker.io/koenkk/zigbee2mqtt@sha256:2a21bbf7a664a149024bbe1f776e3151f28ed9db15948270dcbffb89544a41f0
    Port:           8080/TCP (http)
    Host Port:      0/TCP (http)
    State:          Running
      Started:      Mon, 27 Apr 2026 09:52:55 +0200
    Ready:          True
    Restart Count:  0
    Limits:
      cpu:     1
      memory:  512Mi
    Requests:
      cpu:     100m
      memory:  128Mi
    Environment:
      TZ:                                Europe/Bratislava
      ZIGBEE2MQTT_CONFIG_MQTT_USER:      <set to the key 'mqtt-username' in secret 'hermod-secrets'>  Optional: false
      ZIGBEE2MQTT_CONFIG_MQTT_PASSWORD:  <set to the key 'mqtt-password' in secret 'hermod-secrets'>  Optional: false
    Mounts:
      /app/data from data (rw)
      /dev/ttyUSB0 from zigbee-device (rw)
      /var/run/secrets/kubernetes.io/serviceaccount from kube-api-access-4xq2n (ro)
Conditions:
  Type                        Status
  PodReadyToStartContainers   True 
  Initialized                 True 
  Ready                       True 
  ContainersReady             True 
  PodScheduled                True 
Volumes:
  data:
    Type:       EmptyDir (a temporary directory that shares a pod's lifetime)
    Medium:     
    SizeLimit:  <unset>
  config-cm:
    Type:      ConfigMap (a volume populated by a ConfigMap)
    Name:      zigbee2mqtt-config
    Optional:  false
  zigbee-device:
    Type:          HostPath (bare host directory volume)
    Path:          /dev/ttyUSB0
    HostPathType:  CharDevice
  kube-api-access-4xq2n:
    Type:                    Projected (a volume that contains injected data from multiple sources)
    TokenExpirationSeconds:  3607
    ConfigMapName:           kube-root-ca.crt
    Optional:                false
    DownwardAPI:             true
QoS Class:                   Burstable
Node-Selectors:              hermod.io/zigbee=true
Tolerations:                 node.kubernetes.io/not-ready:NoExecute op=Exists for 300s
                             node.kubernetes.io/unreachable:NoExecute op=Exists for 300s
Events:
  Type    Reason     Age   From               Message
  ----    ------     ----  ----               -------
  Normal  Scheduled  39s   default-scheduler  Successfully assigned translator-zigbee/zigbee2mqtt-6b85d5787-hfqp6 to <pi-host>
  Normal  Pulled     38s   kubelet            spec.initContainers{seed-config}: Container image "busybox:latest" already present on machine
  Normal  Created    38s   kubelet            spec.initContainers{seed-config}: Created container: seed-config
  Normal  Started    37s   kubelet            spec.initContainers{seed-config}: Started container seed-config
  Normal  Pulled     37s   kubelet            spec.containers{zigbee2mqtt}: Container image "koenkk/zigbee2mqtt:latest" already present on machine
  Normal  Created    36s   kubelet            spec.containers{zigbee2mqtt}: Created container: zigbee2mqtt
  Normal  Started    36s   kubelet            spec.containers{zigbee2mqtt}: Started container zigbee2mqtt

=== ts=1777276417 ===
Name:             hermod-coordinator-7d7b88cc46-hnhsd
Namespace:        translator-zigbee
Priority:         0
Service Account:  default
Node:             <pi-host>/<pi-ip>
Start Time:       Mon, 27 Apr 2026 09:53:17 +0200
Labels:           app=hermod-coordinator
                  pod-template-hash=7d7b88cc46
Annotations:      cni.projectcalico.org/containerID: 29dd33c590284941ac26f11ce89e47701bca669c6fa6a39dfb3a42148d14863c
                  cni.projectcalico.org/podIP: <pod-ip>/32
                  cni.projectcalico.org/podIPs: <pod-ip>/32
Status:           Running
IP:               <pod-ip>
IPs:
  IP:           <pod-ip>
Controlled By:  ReplicaSet/hermod-coordinator-7d7b88cc46
Init Containers:
  wait-for-postgres:
    Container ID:  containerd://b735ec22ca4fc4068c9ce71d1813ee4b5d3068bca9fbb01e233f111cba80d489
    Image:         busybox:1.36
    Image ID:      docker.io/library/busybox@sha256:73aaf090f3d85aa34ee199857f03fa3a95c8ede2ffd4cc2cdb5b94e566b11662
    Port:          <none>
    Host Port:     <none>
    Command:
      sh
      -c
      until nc -z postgres 5432; do sleep 2; done
    State:          Terminated
      Reason:       Completed
      Exit Code:    0
      Started:      Mon, 27 Apr 2026 09:53:18 +0200
      Finished:     Mon, 27 Apr 2026 09:53:18 +0200
    Ready:          True
    Restart Count:  0
    Environment:
      Hermod__Features__DeviceStateTracking:    true
      Hermod__Engine__LogBatchSize:             100
      Hermod__Engine__LogBatching:              true
      Hermod__Engine__Parallelism:              0
      Hermod__Features__MessagePersistence:     true
      Hermod__Features__RuleAuditLog:           true
      Hermod__Features__RuleCache:              true
      Hermod__Features__StatsRollup:            true
      Hermod__Storage__Mode:                    Postgres
      Logging__LogLevel__Hermod:                Information
      Logging__LogLevel__Microsoft.AspNetCore:  Warning
    Mounts:
      /var/run/secrets/kubernetes.io/serviceaccount from kube-api-access-jx7xr (ro)
  wait-for-nanomq:
    Container ID:  containerd://16133d1264b40b8023c68fae5d2c08f3c8ddf43ec02d29421d460893aab9db46
    Image:         busybox:1.36
    Image ID:      docker.io/library/busybox@sha256:73aaf090f3d85aa34ee199857f03fa3a95c8ede2ffd4cc2cdb5b94e566b11662
    Port:          <none>
    Host Port:     <none>
    Command:
      sh
      -c
      until nc -z nanomq 1883; do sleep 2; done
    State:          Terminated
      Reason:       Completed
      Exit Code:    0
      Started:      Mon, 27 Apr 2026 09:53:19 +0200
      Finished:     Mon, 27 Apr 2026 09:53:19 +0200
    Ready:          True
    Restart Count:  0
    Environment:
      Hermod__Features__DeviceStateTracking:    true
      Hermod__Engine__LogBatchSize:             100
      Hermod__Engine__LogBatching:              true
      Hermod__Engine__Parallelism:              0
      Hermod__Features__MessagePersistence:     true
      Hermod__Features__RuleAuditLog:           true
      Hermod__Features__RuleCache:              true
      Hermod__Features__StatsRollup:            true
      Hermod__Storage__Mode:                    Postgres
      Logging__LogLevel__Hermod:                Information
      Logging__LogLevel__Microsoft.AspNetCore:  Warning
    Mounts:
      /var/run/secrets/kubernetes.io/serviceaccount from kube-api-access-jx7xr (ro)
Containers:
  hermod-coordinator:
    Container ID:   containerd://8bc8e597bde7e2e74a647eb24d90960d221d7add66230cddeca440fb6b8cbad2
    Image:          hermod-coordinator:latest
    Image ID:       sha256:ca91ccdfcd269dd5e4e25d5ffe8d863ca5db57e5c4f62f08c8adf90d23c15eaf
    Port:           42069/TCP (http)
    Host Port:      0/TCP (http)
    State:          Running
      Started:      Mon, 27 Apr 2026 09:53:20 +0200
    Ready:          True
    Restart Count:  0
    Limits:
      cpu:     1500m
      memory:  1536Mi
    Requests:
      cpu:      200m
      memory:   256Mi
    Liveness:   http-get http://:42069/healthz delay=60s timeout=1s period=30s #success=1 #failure=3
    Readiness:  http-get http://:42069/healthz/ready delay=5s timeout=1s period=10s #success=1 #failure=3
    Startup:    http-get http://:42069/healthz delay=0s timeout=1s period=5s #success=1 #failure=30
    Environment:
      ASPNETCORE_ENVIRONMENT:                   Production
      ASPNETCORE_URLS:                          http://+:42069
      DOTNET_USE_POLLING_FILE_WATCHER:          true
      Hermod__Security__AuthBypass:             true
      Hermod__Security__VaultRequireHttps:      false
      Hermod__Features__MetricsEndpoint:        true
      Hermod__Dev__Endpoints:                   true
      Hermod__Mqtt__Host:                       nanomq
      Hermod__Mqtt__Port:                       1883
      Hermod__Mqtt__UseTls:                     false
      Hermod__Mqtt__Tls__UseTls:                false
      Hermod__Mqtt__Username:                   <set to the key 'mqtt-username' in secret 'hermod-secrets'>  Optional: false
      Hermod__Mqtt__Password:                   <set to the key 'mqtt-password' in secret 'hermod-secrets'>  Optional: false
      Hermod__Database__ConnectionString:       Host=postgres;Port=5432;Database=hermod;Username=hermod_app
      Hermod__Database__Password:               <set to the key 'hermod-db-password' in secret 'hermod-db-credentials'>  Optional: false
      Hermod__Features__DeviceStateTracking:    true
      Hermod__Engine__LogBatchSize:             100
      Hermod__Engine__LogBatching:              true
      Hermod__Engine__Parallelism:              0
      Hermod__Features__MessagePersistence:     true
      Hermod__Features__RuleAuditLog:           true
      Hermod__Features__RuleCache:              true
      Hermod__Features__StatsRollup:            true
      Hermod__Storage__Mode:                    Postgres
      Logging__LogLevel__Hermod:                Information
      Logging__LogLevel__Microsoft.AspNetCore:  Warning
    Mounts:
      /var/run/secrets/kubernetes.io/serviceaccount from kube-api-access-jx7xr (ro)
Conditions:
  Type                        Status
  PodReadyToStartContainers   True 
  Initialized                 True 
  Ready                       True 
  ContainersReady             True 
  PodScheduled                True 
Volumes:
  kube-api-access-jx7xr:
    Type:                    Projected (a volume that contains injected data from multiple sources)
    TokenExpirationSeconds:  3607
    ConfigMapName:           kube-root-ca.crt
    Optional:                false
    DownwardAPI:             true
QoS Class:                   Burstable
Node-Selectors:              <none>
Tolerations:                 node.kubernetes.io/not-ready:NoExecute op=Exists for 300s
                             node.kubernetes.io/unreachable:NoExecute op=Exists for 300s
Events:
  Type    Reason     Age   From               Message
  ----    ------     ----  ----               -------
  Normal  Scheduled  19s   default-scheduler  Successfully assigned translator-zigbee/hermod-coordinator-7d7b88cc46-hnhsd to <pi-host>
  Normal  Pulled     19s   kubelet            spec.initContainers{wait-for-postgres}: Container image "busybox:1.36" already present on machine
  Normal  Created    19s   kubelet            spec.initContainers{wait-for-postgres}: Created container: wait-for-postgres
  Normal  Started    19s   kubelet            spec.initContainers{wait-for-postgres}: Started container wait-for-postgres
  Normal  Pulled     18s   kubelet            spec.initContainers{wait-for-nanomq}: Container image "busybox:1.36" already present on machine
  Normal  Created    18s   kubelet            spec.initContainers{wait-for-nanomq}: Created container: wait-for-nanomq
  Normal  Started    18s   kubelet            spec.initContainers{wait-for-nanomq}: Started container wait-for-nanomq
  Normal  Pulled     17s   kubelet            spec.containers{hermod-coordinator}: Container image "hermod-coordinator:latest" already present on machine
  Normal  Created    17s   kubelet            spec.containers{hermod-coordinator}: Created container: hermod-coordinator
  Normal  Started    17s   kubelet            spec.containers{hermod-coordinator}: Started container hermod-coordinator


Name:             nanomq-756fd88db6-7k858
Namespace:        translator-zigbee
Priority:         0
Service Account:  default
Node:             <pi-host>/<pi-ip>
Start Time:       Mon, 27 Apr 2026 09:52:52 +0200
Labels:           app=nanomq
                  pod-template-hash=756fd88db6
Annotations:      cni.projectcalico.org/containerID: f68917fdb6d5fd3ef7b3460dc9ac51bf0b1a84031e3fb47f6c871b391cca24dd
                  cni.projectcalico.org/podIP: <pod-ip>/32
                  cni.projectcalico.org/podIPs: <pod-ip>/32
Status:           Running
IP:               <pod-ip>
IPs:
  IP:           <pod-ip>
Controlled By:  ReplicaSet/nanomq-756fd88db6
Containers:
  nanomq:
    Container ID:   containerd://480eeb895e24a6a50602e6f2f95d3b5b3cfced0cad9a460bca746b8b3fd2bc0d
    Image:          emqx/nanomq:0.21-slim
    Image ID:       docker.io/emqx/nanomq@sha256:53bea7acb547aced1cc45e08c514628f1e41c4da9ad544fd8c5fa96d3e9eb41b
    Ports:          1883/TCP (mqtt), 8081/TCP (http)
    Host Ports:     0/TCP (mqtt), 0/TCP (http)
    State:          Running
      Started:      Mon, 27 Apr 2026 09:52:53 +0200
    Ready:          True
    Restart Count:  0
    Limits:
      cpu:     1
      memory:  512Mi
    Requests:
      cpu:        50m
      memory:     64Mi
    Readiness:    tcp-socket :1883 delay=3s timeout=1s period=5s #success=1 #failure=3
    Environment:  <none>
    Mounts:
      /etc/nanomq.conf from config (rw,path="nanomq.conf")
      /var/run/secrets/kubernetes.io/serviceaccount from kube-api-access-tcmf7 (ro)
Conditions:
  Type                        Status
  PodReadyToStartContainers   True 
  Initialized                 True 
  Ready                       True 
  ContainersReady             True 
  PodScheduled                True 
Volumes:
  config:
    Type:      ConfigMap (a volume populated by a ConfigMap)
    Name:      nanomq-config
    Optional:  false
  kube-api-access-tcmf7:
    Type:                    Projected (a volume that contains injected data from multiple sources)
    TokenExpirationSeconds:  3607
    ConfigMapName:           kube-root-ca.crt
    Optional:                false
    DownwardAPI:             true
QoS Class:                   Burstable
Node-Selectors:              <none>
Tolerations:                 node.kubernetes.io/not-ready:NoExecute op=Exists for 300s
                             node.kubernetes.io/unreachable:NoExecute op=Exists for 300s
Events:
  Type    Reason     Age   From               Message
  ----    ------     ----  ----               -------
  Normal  Scheduled  45s   default-scheduler  Successfully assigned translator-zigbee/nanomq-756fd88db6-7k858 to <pi-host>
  Normal  Pulled     44s   kubelet            spec.containers{nanomq}: Container image "emqx/nanomq:0.21-slim" already present on machine
  Normal  Created    44s   kubelet            spec.containers{nanomq}: Created container: nanomq
  Normal  Started    44s   kubelet            spec.containers{nanomq}: Started container nanomq


Name:             postgres-0
Namespace:        translator-zigbee
Priority:         0
Service Account:  default
Node:             <pi-host>/<pi-ip>
Start Time:       Mon, 27 Apr 2026 09:52:58 +0200
Labels:           app=postgres
                  apps.kubernetes.io/pod-index=0
                  controller-revision-hash=postgres-848ccb988d
                  statefulset.kubernetes.io/pod-name=postgres-0
Annotations:      cni.projectcalico.org/containerID: 006d092a18672fa9e728a5b435a4d67a77871b40812ee6c28f8ffab3c1cf181d
                  cni.projectcalico.org/podIP: <pod-ip>/32
                  cni.projectcalico.org/podIPs: <pod-ip>/32
Status:           Running
IP:               <pod-ip>
IPs:
  IP:           <pod-ip>
Controlled By:  StatefulSet/postgres
Containers:
  postgres:
    Container ID:   containerd://f76b36dbb6ed02991c69860f3495b292fe266300a98a8c52d4d1fd1711a4d864
    Image:          postgres:17-alpine
    Image ID:       docker.io/library/postgres@sha256:778d0b486d6daa02b77434d0358ec57a1b21fd8b6d22ac2eef56a33e816928f6
    Port:           5432/TCP
    Host Port:      0/TCP
    State:          Running
      Started:      Mon, 27 Apr 2026 09:52:59 +0200
    Ready:          True
    Restart Count:  0
    Limits:
      cpu:     1500m
      memory:  1536Mi
    Requests:
      cpu:      100m
      memory:   256Mi
    Readiness:  exec [pg_isready -U postgres] delay=5s timeout=1s period=5s #success=1 #failure=3
    Environment:
      POSTGRES_DB:        postgres
      POSTGRES_USER:      postgres
      POSTGRES_PASSWORD:  <set to the key 'postgres-superuser-password' in secret 'hermod-secrets'>  Optional: false
    Mounts:
      /docker-entrypoint-initdb.d from init (rw)
      /var/lib/postgresql/data from data (rw)
      /var/run/secrets/kubernetes.io/serviceaccount from kube-api-access-s775r (ro)
Conditions:
  Type                        Status
  PodReadyToStartContainers   True 
  Initialized                 True 
  Ready                       True 
  ContainersReady             True 
  PodScheduled                True 
Volumes:
  data:
    Type:       PersistentVolumeClaim (a reference to a PersistentVolumeClaim in the same namespace)
    ClaimName:  data-postgres-0
    ReadOnly:   false
  init:
    Type:      ConfigMap (a volume populated by a ConfigMap)
    Name:      postgres-init
    Optional:  false
  kube-api-access-s775r:
    Type:                    Projected (a volume that contains injected data from multiple sources)
    TokenExpirationSeconds:  3607
    ConfigMapName:           kube-root-ca.crt
    Optional:                false
    DownwardAPI:             true
QoS Class:                   Burstable
Node-Selectors:              <none>
Tolerations:                 node.kubernetes.io/not-ready:NoExecute op=Exists for 300s
                             node.kubernetes.io/unreachable:NoExecute op=Exists for 300s
Events:
  Type    Reason     Age   From               Message
  ----    ------     ----  ----               -------
  Normal  Scheduled  39s   default-scheduler  Successfully assigned translator-zigbee/postgres-0 to <pi-host>
  Normal  Pulled     38s   kubelet            spec.containers{postgres}: Container image "postgres:17-alpine" already present on machine
  Normal  Created    38s   kubelet            spec.containers{postgres}: Created container: postgres
  Normal  Started    38s   kubelet            spec.containers{postgres}: Started container postgres


Name:             zigbee2mqtt-6b85d5787-hfqp6
Namespace:        translator-zigbee
Priority:         0
Service Account:  default
Node:             <pi-host>/<pi-ip>
Start Time:       Mon, 27 Apr 2026 09:52:52 +0200
Labels:           app=zigbee2mqtt
                  pod-template-hash=6b85d5787
Annotations:      cni.projectcalico.org/containerID: 945e0fd22ec1a56b36a59771ef689cb52560ac9f3b725176dbd634431be110bd
                  cni.projectcalico.org/podIP: <pod-ip>/32
                  cni.projectcalico.org/podIPs: <pod-ip>/32
Status:           Running
IP:               <pod-ip>
IPs:
  IP:           <pod-ip>
Controlled By:  ReplicaSet/zigbee2mqtt-6b85d5787
Init Containers:
  seed-config:
    Container ID:  containerd://425d2c3d7f1796a5c23ff1c62a02f58918b092cd754eebb5e227552df216432b
    Image:         busybox:latest
    Image ID:      docker.io/library/busybox@sha256:1487d0af5f52b4ba31c7e465126ee2123fe3f2305d638e7827681e7cf6c83d5e
    Port:          <none>
    Host Port:     <none>
    Command:
      sh
      -c
      cp /tmp/cm/configuration.yaml /app/data/configuration.yaml && chmod 0644 /app/data/configuration.yaml
    State:          Terminated
      Reason:       Completed
      Exit Code:    0
      Started:      Mon, 27 Apr 2026 09:52:54 +0200
      Finished:     Mon, 27 Apr 2026 09:52:54 +0200
    Ready:          True
    Restart Count:  0
    Environment:    <none>
    Mounts:
      /app/data from data (rw)
      /tmp/cm from config-cm (rw)
      /var/run/secrets/kubernetes.io/serviceaccount from kube-api-access-4xq2n (ro)
Containers:
  zigbee2mqtt:
    Container ID:   containerd://fc5ad13fc4216bfb9aec82f1144fc8c5734bc87c8c93b7e995b228c3a637a4ba
    Image:          koenkk/zigbee2mqtt:latest
    Image ID:       docker.io/koenkk/zigbee2mqtt@sha256:2a21bbf7a664a149024bbe1f776e3151f28ed9db15948270dcbffb89544a41f0
    Port:           8080/TCP (http)
    Host Port:      0/TCP (http)
    State:          Running
      Started:      Mon, 27 Apr 2026 09:52:55 +0200
    Ready:          True
    Restart Count:  0
    Limits:
      cpu:     1
      memory:  512Mi
    Requests:
      cpu:     100m
      memory:  128Mi
    Environment:
      TZ:                                Europe/Bratislava
      ZIGBEE2MQTT_CONFIG_MQTT_USER:      <set to the key 'mqtt-username' in secret 'hermod-secrets'>  Optional: false
      ZIGBEE2MQTT_CONFIG_MQTT_PASSWORD:  <set to the key 'mqtt-password' in secret 'hermod-secrets'>  Optional: false
    Mounts:
      /app/data from data (rw)
      /dev/ttyUSB0 from zigbee-device (rw)
      /var/run/secrets/kubernetes.io/serviceaccount from kube-api-access-4xq2n (ro)
Conditions:
  Type                        Status
  PodReadyToStartContainers   True 
  Initialized                 True 
  Ready                       True 
  ContainersReady             True 
  PodScheduled                True 
Volumes:
  data:
    Type:       EmptyDir (a temporary directory that shares a pod's lifetime)
    Medium:     
    SizeLimit:  <unset>
  config-cm:
    Type:      ConfigMap (a volume populated by a ConfigMap)
    Name:      zigbee2mqtt-config
    Optional:  false
  zigbee-device:
    Type:          HostPath (bare host directory volume)
    Path:          /dev/ttyUSB0
    HostPathType:  CharDevice
  kube-api-access-4xq2n:
    Type:                    Projected (a volume that contains injected data from multiple sources)
    TokenExpirationSeconds:  3607
    ConfigMapName:           kube-root-ca.crt
    Optional:                false
    DownwardAPI:             true
QoS Class:                   Burstable
Node-Selectors:              hermod.io/zigbee=true
Tolerations:                 node.kubernetes.io/not-ready:NoExecute op=Exists for 300s
                             node.kubernetes.io/unreachable:NoExecute op=Exists for 300s
Events:
  Type    Reason     Age   From               Message
  ----    ------     ----  ----               -------
  Normal  Scheduled  44s   default-scheduler  Successfully assigned translator-zigbee/zigbee2mqtt-6b85d5787-hfqp6 to <pi-host>
  Normal  Pulled     44s   kubelet            spec.initContainers{seed-config}: Container image "busybox:latest" already present on machine
  Normal  Created    44s   kubelet            spec.initContainers{seed-config}: Created container: seed-config
  Normal  Started    43s   kubelet            spec.initContainers{seed-config}: Started container seed-config
  Normal  Pulled     43s   kubelet            spec.containers{zigbee2mqtt}: Container image "koenkk/zigbee2mqtt:latest" already present on machine
  Normal  Created    42s   kubelet            spec.containers{zigbee2mqtt}: Created container: zigbee2mqtt
  Normal  Started    42s   kubelet            spec.containers{zigbee2mqtt}: Started container zigbee2mqtt

=== ts=1777276423 ===
Name:             hermod-coordinator-7d7b88cc46-hnhsd
Namespace:        translator-zigbee
Priority:         0
Service Account:  default
Node:             <pi-host>/<pi-ip>
Start Time:       Mon, 27 Apr 2026 09:53:17 +0200
Labels:           app=hermod-coordinator
                  pod-template-hash=7d7b88cc46
Annotations:      cni.projectcalico.org/containerID: 29dd33c590284941ac26f11ce89e47701bca669c6fa6a39dfb3a42148d14863c
                  cni.projectcalico.org/podIP: <pod-ip>/32
                  cni.projectcalico.org/podIPs: <pod-ip>/32
Status:           Running
IP:               <pod-ip>
IPs:
  IP:           <pod-ip>
Controlled By:  ReplicaSet/hermod-coordinator-7d7b88cc46
Init Containers:
  wait-for-postgres:
    Container ID:  containerd://b735ec22ca4fc4068c9ce71d1813ee4b5d3068bca9fbb01e233f111cba80d489
    Image:         busybox:1.36
    Image ID:      docker.io/library/busybox@sha256:73aaf090f3d85aa34ee199857f03fa3a95c8ede2ffd4cc2cdb5b94e566b11662
    Port:          <none>
    Host Port:     <none>
    Command:
      sh
      -c
      until nc -z postgres 5432; do sleep 2; done
    State:          Terminated
      Reason:       Completed
      Exit Code:    0
      Started:      Mon, 27 Apr 2026 09:53:18 +0200
      Finished:     Mon, 27 Apr 2026 09:53:18 +0200
    Ready:          True
    Restart Count:  0
    Environment:
      Hermod__Features__DeviceStateTracking:    true
      Hermod__Engine__LogBatchSize:             100
      Hermod__Engine__LogBatching:              true
      Hermod__Engine__Parallelism:              0
      Hermod__Features__MessagePersistence:     true
      Hermod__Features__RuleAuditLog:           true
      Hermod__Features__RuleCache:              true
      Hermod__Features__StatsRollup:            true
      Hermod__Storage__Mode:                    Postgres
      Logging__LogLevel__Hermod:                Information
      Logging__LogLevel__Microsoft.AspNetCore:  Warning
    Mounts:
      /var/run/secrets/kubernetes.io/serviceaccount from kube-api-access-jx7xr (ro)
  wait-for-nanomq:
    Container ID:  containerd://16133d1264b40b8023c68fae5d2c08f3c8ddf43ec02d29421d460893aab9db46
    Image:         busybox:1.36
    Image ID:      docker.io/library/busybox@sha256:73aaf090f3d85aa34ee199857f03fa3a95c8ede2ffd4cc2cdb5b94e566b11662
    Port:          <none>
    Host Port:     <none>
    Command:
      sh
      -c
      until nc -z nanomq 1883; do sleep 2; done
    State:          Terminated
      Reason:       Completed
      Exit Code:    0
      Started:      Mon, 27 Apr 2026 09:53:19 +0200
      Finished:     Mon, 27 Apr 2026 09:53:19 +0200
    Ready:          True
    Restart Count:  0
    Environment:
      Hermod__Features__DeviceStateTracking:    true
      Hermod__Engine__LogBatchSize:             100
      Hermod__Engine__LogBatching:              true
      Hermod__Engine__Parallelism:              0
      Hermod__Features__MessagePersistence:     true
      Hermod__Features__RuleAuditLog:           true
      Hermod__Features__RuleCache:              true
      Hermod__Features__StatsRollup:            true
      Hermod__Storage__Mode:                    Postgres
      Logging__LogLevel__Hermod:                Information
      Logging__LogLevel__Microsoft.AspNetCore:  Warning
    Mounts:
      /var/run/secrets/kubernetes.io/serviceaccount from kube-api-access-jx7xr (ro)
Containers:
  hermod-coordinator:
    Container ID:   containerd://8bc8e597bde7e2e74a647eb24d90960d221d7add66230cddeca440fb6b8cbad2
    Image:          hermod-coordinator:latest
    Image ID:       sha256:ca91ccdfcd269dd5e4e25d5ffe8d863ca5db57e5c4f62f08c8adf90d23c15eaf
    Port:           42069/TCP (http)
    Host Port:      0/TCP (http)
    State:          Running
      Started:      Mon, 27 Apr 2026 09:53:20 +0200
    Ready:          True
    Restart Count:  0
    Limits:
      cpu:     1500m
      memory:  1536Mi
    Requests:
      cpu:      200m
      memory:   256Mi
    Liveness:   http-get http://:42069/healthz delay=60s timeout=1s period=30s #success=1 #failure=3
    Readiness:  http-get http://:42069/healthz/ready delay=5s timeout=1s period=10s #success=1 #failure=3
    Startup:    http-get http://:42069/healthz delay=0s timeout=1s period=5s #success=1 #failure=30
    Environment:
      ASPNETCORE_ENVIRONMENT:                   Production
      ASPNETCORE_URLS:                          http://+:42069
      DOTNET_USE_POLLING_FILE_WATCHER:          true
      Hermod__Security__AuthBypass:             true
      Hermod__Security__VaultRequireHttps:      false
      Hermod__Features__MetricsEndpoint:        true
      Hermod__Dev__Endpoints:                   true
      Hermod__Mqtt__Host:                       nanomq
      Hermod__Mqtt__Port:                       1883
      Hermod__Mqtt__UseTls:                     false
      Hermod__Mqtt__Tls__UseTls:                false
      Hermod__Mqtt__Username:                   <set to the key 'mqtt-username' in secret 'hermod-secrets'>  Optional: false
      Hermod__Mqtt__Password:                   <set to the key 'mqtt-password' in secret 'hermod-secrets'>  Optional: false
      Hermod__Database__ConnectionString:       Host=postgres;Port=5432;Database=hermod;Username=hermod_app
      Hermod__Database__Password:               <set to the key 'hermod-db-password' in secret 'hermod-db-credentials'>  Optional: false
      Hermod__Features__DeviceStateTracking:    true
      Hermod__Engine__LogBatchSize:             100
      Hermod__Engine__LogBatching:              true
      Hermod__Engine__Parallelism:              0
      Hermod__Features__MessagePersistence:     true
      Hermod__Features__RuleAuditLog:           true
      Hermod__Features__RuleCache:              true
      Hermod__Features__StatsRollup:            true
      Hermod__Storage__Mode:                    Postgres
      Logging__LogLevel__Hermod:                Information
      Logging__LogLevel__Microsoft.AspNetCore:  Warning
    Mounts:
      /var/run/secrets/kubernetes.io/serviceaccount from kube-api-access-jx7xr (ro)
Conditions:
  Type                        Status
  PodReadyToStartContainers   True 
  Initialized                 True 
  Ready                       True 
  ContainersReady             True 
  PodScheduled                True 
Volumes:
  kube-api-access-jx7xr:
    Type:                    Projected (a volume that contains injected data from multiple sources)
    TokenExpirationSeconds:  3607
    ConfigMapName:           kube-root-ca.crt
    Optional:                false
    DownwardAPI:             true
QoS Class:                   Burstable
Node-Selectors:              <none>
Tolerations:                 node.kubernetes.io/not-ready:NoExecute op=Exists for 300s
                             node.kubernetes.io/unreachable:NoExecute op=Exists for 300s
Events:
  Type    Reason     Age   From               Message
  ----    ------     ----  ----               -------
  Normal  Scheduled  25s   default-scheduler  Successfully assigned translator-zigbee/hermod-coordinator-7d7b88cc46-hnhsd to <pi-host>
  Normal  Pulled     25s   kubelet            spec.initContainers{wait-for-postgres}: Container image "busybox:1.36" already present on machine
  Normal  Created    25s   kubelet            spec.initContainers{wait-for-postgres}: Created container: wait-for-postgres
  Normal  Started    25s   kubelet            spec.initContainers{wait-for-postgres}: Started container wait-for-postgres
  Normal  Pulled     24s   kubelet            spec.initContainers{wait-for-nanomq}: Container image "busybox:1.36" already present on machine
  Normal  Created    24s   kubelet            spec.initContainers{wait-for-nanomq}: Created container: wait-for-nanomq
  Normal  Started    24s   kubelet            spec.initContainers{wait-for-nanomq}: Started container wait-for-nanomq
  Normal  Pulled     23s   kubelet            spec.containers{hermod-coordinator}: Container image "hermod-coordinator:latest" already present on machine
  Normal  Created    23s   kubelet            spec.containers{hermod-coordinator}: Created container: hermod-coordinator
  Normal  Started    23s   kubelet            spec.containers{hermod-coordinator}: Started container hermod-coordinator


Name:             nanomq-756fd88db6-7k858
Namespace:        translator-zigbee
Priority:         0
Service Account:  default
Node:             <pi-host>/<pi-ip>
Start Time:       Mon, 27 Apr 2026 09:52:52 +0200
Labels:           app=nanomq
                  pod-template-hash=756fd88db6
Annotations:      cni.projectcalico.org/containerID: f68917fdb6d5fd3ef7b3460dc9ac51bf0b1a84031e3fb47f6c871b391cca24dd
                  cni.projectcalico.org/podIP: <pod-ip>/32
                  cni.projectcalico.org/podIPs: <pod-ip>/32
Status:           Running
IP:               <pod-ip>
IPs:
  IP:           <pod-ip>
Controlled By:  ReplicaSet/nanomq-756fd88db6
Containers:
  nanomq:
    Container ID:   containerd://480eeb895e24a6a50602e6f2f95d3b5b3cfced0cad9a460bca746b8b3fd2bc0d
    Image:          emqx/nanomq:0.21-slim
    Image ID:       docker.io/emqx/nanomq@sha256:53bea7acb547aced1cc45e08c514628f1e41c4da9ad544fd8c5fa96d3e9eb41b
    Ports:          1883/TCP (mqtt), 8081/TCP (http)
    Host Ports:     0/TCP (mqtt), 0/TCP (http)
    State:          Running
      Started:      Mon, 27 Apr 2026 09:52:53 +0200
    Ready:          True
    Restart Count:  0
    Limits:
      cpu:     1
      memory:  512Mi
    Requests:
      cpu:        50m
      memory:     64Mi
    Readiness:    tcp-socket :1883 delay=3s timeout=1s period=5s #success=1 #failure=3
    Environment:  <none>
    Mounts:
      /etc/nanomq.conf from config (rw,path="nanomq.conf")
      /var/run/secrets/kubernetes.io/serviceaccount from kube-api-access-tcmf7 (ro)
Conditions:
  Type                        Status
  PodReadyToStartContainers   True 
  Initialized                 True 
  Ready                       True 
  ContainersReady             True 
  PodScheduled                True 
Volumes:
  config:
    Type:      ConfigMap (a volume populated by a ConfigMap)
    Name:      nanomq-config
    Optional:  false
  kube-api-access-tcmf7:
    Type:                    Projected (a volume that contains injected data from multiple sources)
    TokenExpirationSeconds:  3607
    ConfigMapName:           kube-root-ca.crt
    Optional:                false
    DownwardAPI:             true
QoS Class:                   Burstable
Node-Selectors:              <none>
Tolerations:                 node.kubernetes.io/not-ready:NoExecute op=Exists for 300s
                             node.kubernetes.io/unreachable:NoExecute op=Exists for 300s
Events:
  Type    Reason     Age   From               Message
  ----    ------     ----  ----               -------
  Normal  Scheduled  50s   default-scheduler  Successfully assigned translator-zigbee/nanomq-756fd88db6-7k858 to <pi-host>
  Normal  Pulled     50s   kubelet            spec.containers{nanomq}: Container image "emqx/nanomq:0.21-slim" already present on machine
  Normal  Created    50s   kubelet            spec.containers{nanomq}: Created container: nanomq
  Normal  Started    50s   kubelet            spec.containers{nanomq}: Started container nanomq


Name:             postgres-0
Namespace:        translator-zigbee
Priority:         0
Service Account:  default
Node:             <pi-host>/<pi-ip>
Start Time:       Mon, 27 Apr 2026 09:52:58 +0200
Labels:           app=postgres
                  apps.kubernetes.io/pod-index=0
                  controller-revision-hash=postgres-848ccb988d
                  statefulset.kubernetes.io/pod-name=postgres-0
Annotations:      cni.projectcalico.org/containerID: 006d092a18672fa9e728a5b435a4d67a77871b40812ee6c28f8ffab3c1cf181d
                  cni.projectcalico.org/podIP: <pod-ip>/32
                  cni.projectcalico.org/podIPs: <pod-ip>/32
Status:           Running
IP:               <pod-ip>
IPs:
  IP:           <pod-ip>
Controlled By:  StatefulSet/postgres
Containers:
  postgres:
    Container ID:   containerd://f76b36dbb6ed02991c69860f3495b292fe266300a98a8c52d4d1fd1711a4d864
    Image:          postgres:17-alpine
    Image ID:       docker.io/library/postgres@sha256:778d0b486d6daa02b77434d0358ec57a1b21fd8b6d22ac2eef56a33e816928f6
    Port:           5432/TCP
    Host Port:      0/TCP
    State:          Running
      Started:      Mon, 27 Apr 2026 09:52:59 +0200
    Ready:          True
    Restart Count:  0
    Limits:
      cpu:     1500m
      memory:  1536Mi
    Requests:
      cpu:      100m
      memory:   256Mi
    Readiness:  exec [pg_isready -U postgres] delay=5s timeout=1s period=5s #success=1 #failure=3
    Environment:
      POSTGRES_DB:        postgres
      POSTGRES_USER:      postgres
      POSTGRES_PASSWORD:  <set to the key 'postgres-superuser-password' in secret 'hermod-secrets'>  Optional: false
    Mounts:
      /docker-entrypoint-initdb.d from init (rw)
      /var/lib/postgresql/data from data (rw)
      /var/run/secrets/kubernetes.io/serviceaccount from kube-api-access-s775r (ro)
Conditions:
  Type                        Status
  PodReadyToStartContainers   True 
  Initialized                 True 
  Ready                       True 
  ContainersReady             True 
  PodScheduled                True 
Volumes:
  data:
    Type:       PersistentVolumeClaim (a reference to a PersistentVolumeClaim in the same namespace)
    ClaimName:  data-postgres-0
    ReadOnly:   false
  init:
    Type:      ConfigMap (a volume populated by a ConfigMap)
    Name:      postgres-init
    Optional:  false
  kube-api-access-s775r:
    Type:                    Projected (a volume that contains injected data from multiple sources)
    TokenExpirationSeconds:  3607
    ConfigMapName:           kube-root-ca.crt
    Optional:                false
    DownwardAPI:             true
QoS Class:                   Burstable
Node-Selectors:              <none>
Tolerations:                 node.kubernetes.io/not-ready:NoExecute op=Exists for 300s
                             node.kubernetes.io/unreachable:NoExecute op=Exists for 300s
Events:
  Type    Reason     Age   From               Message
  ----    ------     ----  ----               -------
  Normal  Scheduled  44s   default-scheduler  Successfully assigned translator-zigbee/postgres-0 to <pi-host>
  Normal  Pulled     44s   kubelet            spec.containers{postgres}: Container image "postgres:17-alpine" already present on machine
  Normal  Created    44s   kubelet            spec.containers{postgres}: Created container: postgres
  Normal  Started    44s   kubelet            spec.containers{postgres}: Started container postgres


Name:             zigbee2mqtt-6b85d5787-hfqp6
Namespace:        translator-zigbee
Priority:         0
Service Account:  default
Node:             <pi-host>/<pi-ip>
Start Time:       Mon, 27 Apr 2026 09:52:52 +0200
Labels:           app=zigbee2mqtt
                  pod-template-hash=6b85d5787
Annotations:      cni.projectcalico.org/containerID: 945e0fd22ec1a56b36a59771ef689cb52560ac9f3b725176dbd634431be110bd
                  cni.projectcalico.org/podIP: <pod-ip>/32
                  cni.projectcalico.org/podIPs: <pod-ip>/32
Status:           Running
IP:               <pod-ip>
IPs:
  IP:           <pod-ip>
Controlled By:  ReplicaSet/zigbee2mqtt-6b85d5787
Init Containers:
  seed-config:
    Container ID:  containerd://425d2c3d7f1796a5c23ff1c62a02f58918b092cd754eebb5e227552df216432b
    Image:         busybox:latest
    Image ID:      docker.io/library/busybox@sha256:1487d0af5f52b4ba31c7e465126ee2123fe3f2305d638e7827681e7cf6c83d5e
    Port:          <none>
    Host Port:     <none>
    Command:
      sh
      -c
      cp /tmp/cm/configuration.yaml /app/data/configuration.yaml && chmod 0644 /app/data/configuration.yaml
    State:          Terminated
      Reason:       Completed
      Exit Code:    0
      Started:      Mon, 27 Apr 2026 09:52:54 +0200
      Finished:     Mon, 27 Apr 2026 09:52:54 +0200
    Ready:          True
    Restart Count:  0
    Environment:    <none>
    Mounts:
      /app/data from data (rw)
      /tmp/cm from config-cm (rw)
      /var/run/secrets/kubernetes.io/serviceaccount from kube-api-access-4xq2n (ro)
Containers:
  zigbee2mqtt:
    Container ID:   containerd://fc5ad13fc4216bfb9aec82f1144fc8c5734bc87c8c93b7e995b228c3a637a4ba
    Image:          koenkk/zigbee2mqtt:latest
    Image ID:       docker.io/koenkk/zigbee2mqtt@sha256:2a21bbf7a664a149024bbe1f776e3151f28ed9db15948270dcbffb89544a41f0
    Port:           8080/TCP (http)
    Host Port:      0/TCP (http)
    State:          Running
      Started:      Mon, 27 Apr 2026 09:52:55 +0200
    Ready:          True
    Restart Count:  0
    Limits:
      cpu:     1
      memory:  512Mi
    Requests:
      cpu:     100m
      memory:  128Mi
    Environment:
      TZ:                                Europe/Bratislava
      ZIGBEE2MQTT_CONFIG_MQTT_USER:      <set to the key 'mqtt-username' in secret 'hermod-secrets'>  Optional: false
      ZIGBEE2MQTT_CONFIG_MQTT_PASSWORD:  <set to the key 'mqtt-password' in secret 'hermod-secrets'>  Optional: false
    Mounts:
      /app/data from data (rw)
      /dev/ttyUSB0 from zigbee-device (rw)
      /var/run/secrets/kubernetes.io/serviceaccount from kube-api-access-4xq2n (ro)
Conditions:
  Type                        Status
  PodReadyToStartContainers   True 
  Initialized                 True 
  Ready                       True 
  ContainersReady             True 
  PodScheduled                True 
Volumes:
  data:
    Type:       EmptyDir (a temporary directory that shares a pod's lifetime)
    Medium:     
    SizeLimit:  <unset>
  config-cm:
    Type:      ConfigMap (a volume populated by a ConfigMap)
    Name:      zigbee2mqtt-config
    Optional:  false
  zigbee-device:
    Type:          HostPath (bare host directory volume)
    Path:          /dev/ttyUSB0
    HostPathType:  CharDevice
  kube-api-access-4xq2n:
    Type:                    Projected (a volume that contains injected data from multiple sources)
    TokenExpirationSeconds:  3607
    ConfigMapName:           kube-root-ca.crt
    Optional:                false
    DownwardAPI:             true
QoS Class:                   Burstable
Node-Selectors:              hermod.io/zigbee=true
Tolerations:                 node.kubernetes.io/not-ready:NoExecute op=Exists for 300s
                             node.kubernetes.io/unreachable:NoExecute op=Exists for 300s
Events:
  Type    Reason     Age   From               Message
  ----    ------     ----  ----               -------
  Normal  Scheduled  50s   default-scheduler  Successfully assigned translator-zigbee/zigbee2mqtt-6b85d5787-hfqp6 to <pi-host>
  Normal  Pulled     50s   kubelet            spec.initContainers{seed-config}: Container image "busybox:latest" already present on machine
  Normal  Created    50s   kubelet            spec.initContainers{seed-config}: Created container: seed-config
  Normal  Started    49s   kubelet            spec.initContainers{seed-config}: Started container seed-config
  Normal  Pulled     49s   kubelet            spec.containers{zigbee2mqtt}: Container image "koenkk/zigbee2mqtt:latest" already present on machine
  Normal  Created    48s   kubelet            spec.containers{zigbee2mqtt}: Created container: zigbee2mqtt
  Normal  Started    48s   kubelet            spec.containers{zigbee2mqtt}: Started container zigbee2mqtt

=== ts=1777276429 ===
Name:             hermod-coordinator-7d7b88cc46-hnhsd
Namespace:        translator-zigbee
Priority:         0
Service Account:  default
Node:             <pi-host>/<pi-ip>
Start Time:       Mon, 27 Apr 2026 09:53:17 +0200
Labels:           app=hermod-coordinator
                  pod-template-hash=7d7b88cc46
Annotations:      cni.projectcalico.org/containerID: 29dd33c590284941ac26f11ce89e47701bca669c6fa6a39dfb3a42148d14863c
                  cni.projectcalico.org/podIP: <pod-ip>/32
                  cni.projectcalico.org/podIPs: <pod-ip>/32
Status:           Running
IP:               <pod-ip>
IPs:
  IP:           <pod-ip>
Controlled By:  ReplicaSet/hermod-coordinator-7d7b88cc46
Init Containers:
  wait-for-postgres:
    Container ID:  containerd://b735ec22ca4fc4068c9ce71d1813ee4b5d3068bca9fbb01e233f111cba80d489
    Image:         busybox:1.36
    Image ID:      docker.io/library/busybox@sha256:73aaf090f3d85aa34ee199857f03fa3a95c8ede2ffd4cc2cdb5b94e566b11662
    Port:          <none>
    Host Port:     <none>
    Command:
      sh
      -c
      until nc -z postgres 5432; do sleep 2; done
    State:          Terminated
      Reason:       Completed
      Exit Code:    0
      Started:      Mon, 27 Apr 2026 09:53:18 +0200
      Finished:     Mon, 27 Apr 2026 09:53:18 +0200
    Ready:          True
    Restart Count:  0
    Environment:
      Hermod__Features__DeviceStateTracking:    true
      Hermod__Engine__LogBatchSize:             100
      Hermod__Engine__LogBatching:              true
      Hermod__Engine__Parallelism:              0
      Hermod__Features__MessagePersistence:     true
      Hermod__Features__RuleAuditLog:           true
      Hermod__Features__RuleCache:              true
      Hermod__Features__StatsRollup:            true
      Hermod__Storage__Mode:                    Postgres
      Logging__LogLevel__Hermod:                Information
      Logging__LogLevel__Microsoft.AspNetCore:  Warning
    Mounts:
      /var/run/secrets/kubernetes.io/serviceaccount from kube-api-access-jx7xr (ro)
  wait-for-nanomq:
    Container ID:  containerd://16133d1264b40b8023c68fae5d2c08f3c8ddf43ec02d29421d460893aab9db46
    Image:         busybox:1.36
    Image ID:      docker.io/library/busybox@sha256:73aaf090f3d85aa34ee199857f03fa3a95c8ede2ffd4cc2cdb5b94e566b11662
    Port:          <none>
    Host Port:     <none>
    Command:
      sh
      -c
      until nc -z nanomq 1883; do sleep 2; done
    State:          Terminated
      Reason:       Completed
      Exit Code:    0
      Started:      Mon, 27 Apr 2026 09:53:19 +0200
      Finished:     Mon, 27 Apr 2026 09:53:19 +0200
    Ready:          True
    Restart Count:  0
    Environment:
      Hermod__Features__DeviceStateTracking:    true
      Hermod__Engine__LogBatchSize:             100
      Hermod__Engine__LogBatching:              true
      Hermod__Engine__Parallelism:              0
      Hermod__Features__MessagePersistence:     true
      Hermod__Features__RuleAuditLog:           true
      Hermod__Features__RuleCache:              true
      Hermod__Features__StatsRollup:            true
      Hermod__Storage__Mode:                    Postgres
      Logging__LogLevel__Hermod:                Information
      Logging__LogLevel__Microsoft.AspNetCore:  Warning
    Mounts:
      /var/run/secrets/kubernetes.io/serviceaccount from kube-api-access-jx7xr (ro)
Containers:
  hermod-coordinator:
    Container ID:   containerd://8bc8e597bde7e2e74a647eb24d90960d221d7add66230cddeca440fb6b8cbad2
    Image:          hermod-coordinator:latest
    Image ID:       sha256:ca91ccdfcd269dd5e4e25d5ffe8d863ca5db57e5c4f62f08c8adf90d23c15eaf
    Port:           42069/TCP (http)
    Host Port:      0/TCP (http)
    State:          Running
      Started:      Mon, 27 Apr 2026 09:53:20 +0200
    Ready:          True
    Restart Count:  0
    Limits:
      cpu:     1500m
      memory:  1536Mi
    Requests:
      cpu:      200m
      memory:   256Mi
    Liveness:   http-get http://:42069/healthz delay=60s timeout=1s period=30s #success=1 #failure=3
    Readiness:  http-get http://:42069/healthz/ready delay=5s timeout=1s period=10s #success=1 #failure=3
    Startup:    http-get http://:42069/healthz delay=0s timeout=1s period=5s #success=1 #failure=30
    Environment:
      ASPNETCORE_ENVIRONMENT:                   Production
      ASPNETCORE_URLS:                          http://+:42069
      DOTNET_USE_POLLING_FILE_WATCHER:          true
      Hermod__Security__AuthBypass:             true
      Hermod__Security__VaultRequireHttps:      false
      Hermod__Features__MetricsEndpoint:        true
      Hermod__Dev__Endpoints:                   true
      Hermod__Mqtt__Host:                       nanomq
      Hermod__Mqtt__Port:                       1883
      Hermod__Mqtt__UseTls:                     false
      Hermod__Mqtt__Tls__UseTls:                false
      Hermod__Mqtt__Username:                   <set to the key 'mqtt-username' in secret 'hermod-secrets'>  Optional: false
      Hermod__Mqtt__Password:                   <set to the key 'mqtt-password' in secret 'hermod-secrets'>  Optional: false
      Hermod__Database__ConnectionString:       Host=postgres;Port=5432;Database=hermod;Username=hermod_app
      Hermod__Database__Password:               <set to the key 'hermod-db-password' in secret 'hermod-db-credentials'>  Optional: false
      Hermod__Features__DeviceStateTracking:    true
      Hermod__Engine__LogBatchSize:             100
      Hermod__Engine__LogBatching:              true
      Hermod__Engine__Parallelism:              0
      Hermod__Features__MessagePersistence:     true
      Hermod__Features__RuleAuditLog:           true
      Hermod__Features__RuleCache:              true
      Hermod__Features__StatsRollup:            true
      Hermod__Storage__Mode:                    Postgres
      Logging__LogLevel__Hermod:                Information
      Logging__LogLevel__Microsoft.AspNetCore:  Warning
    Mounts:
      /var/run/secrets/kubernetes.io/serviceaccount from kube-api-access-jx7xr (ro)
Conditions:
  Type                        Status
  PodReadyToStartContainers   True 
  Initialized                 True 
  Ready                       True 
  ContainersReady             True 
  PodScheduled                True 
Volumes:
  kube-api-access-jx7xr:
    Type:                    Projected (a volume that contains injected data from multiple sources)
    TokenExpirationSeconds:  3607
    ConfigMapName:           kube-root-ca.crt
    Optional:                false
    DownwardAPI:             true
QoS Class:                   Burstable
Node-Selectors:              <none>
Tolerations:                 node.kubernetes.io/not-ready:NoExecute op=Exists for 300s
                             node.kubernetes.io/unreachable:NoExecute op=Exists for 300s
Events:
  Type    Reason     Age   From               Message
  ----    ------     ----  ----               -------
  Normal  Scheduled  31s   default-scheduler  Successfully assigned translator-zigbee/hermod-coordinator-7d7b88cc46-hnhsd to <pi-host>
  Normal  Pulled     31s   kubelet            spec.initContainers{wait-for-postgres}: Container image "busybox:1.36" already present on machine
  Normal  Created    31s   kubelet            spec.initContainers{wait-for-postgres}: Created container: wait-for-postgres
  Normal  Started    31s   kubelet            spec.initContainers{wait-for-postgres}: Started container wait-for-postgres
  Normal  Pulled     30s   kubelet            spec.initContainers{wait-for-nanomq}: Container image "busybox:1.36" already present on machine
  Normal  Created    30s   kubelet            spec.initContainers{wait-for-nanomq}: Created container: wait-for-nanomq
  Normal  Started    30s   kubelet            spec.initContainers{wait-for-nanomq}: Started container wait-for-nanomq
  Normal  Pulled     29s   kubelet            spec.containers{hermod-coordinator}: Container image "hermod-coordinator:latest" already present on machine
  Normal  Created    29s   kubelet            spec.containers{hermod-coordinator}: Created container: hermod-coordinator
  Normal  Started    29s   kubelet            spec.containers{hermod-coordinator}: Started container hermod-coordinator


Name:             nanomq-756fd88db6-7k858
Namespace:        translator-zigbee
Priority:         0
Service Account:  default
Node:             <pi-host>/<pi-ip>
Start Time:       Mon, 27 Apr 2026 09:52:52 +0200
Labels:           app=nanomq
                  pod-template-hash=756fd88db6
Annotations:      cni.projectcalico.org/containerID: f68917fdb6d5fd3ef7b3460dc9ac51bf0b1a84031e3fb47f6c871b391cca24dd
                  cni.projectcalico.org/podIP: <pod-ip>/32
                  cni.projectcalico.org/podIPs: <pod-ip>/32
Status:           Running
IP:               <pod-ip>
IPs:
  IP:           <pod-ip>
Controlled By:  ReplicaSet/nanomq-756fd88db6
Containers:
  nanomq:
    Container ID:   containerd://480eeb895e24a6a50602e6f2f95d3b5b3cfced0cad9a460bca746b8b3fd2bc0d
    Image:          emqx/nanomq:0.21-slim
    Image ID:       docker.io/emqx/nanomq@sha256:53bea7acb547aced1cc45e08c514628f1e41c4da9ad544fd8c5fa96d3e9eb41b
    Ports:          1883/TCP (mqtt), 8081/TCP (http)
    Host Ports:     0/TCP (mqtt), 0/TCP (http)
    State:          Running
      Started:      Mon, 27 Apr 2026 09:52:53 +0200
    Ready:          True
    Restart Count:  0
    Limits:
      cpu:     1
      memory:  512Mi
    Requests:
      cpu:        50m
      memory:     64Mi
    Readiness:    tcp-socket :1883 delay=3s timeout=1s period=5s #success=1 #failure=3
    Environment:  <none>
    Mounts:
      /etc/nanomq.conf from config (rw,path="nanomq.conf")
      /var/run/secrets/kubernetes.io/serviceaccount from kube-api-access-tcmf7 (ro)
Conditions:
  Type                        Status
  PodReadyToStartContainers   True 
  Initialized                 True 
  Ready                       True 
  ContainersReady             True 
  PodScheduled                True 
Volumes:
  config:
    Type:      ConfigMap (a volume populated by a ConfigMap)
    Name:      nanomq-config
    Optional:  false
  kube-api-access-tcmf7:
    Type:                    Projected (a volume that contains injected data from multiple sources)
    TokenExpirationSeconds:  3607
    ConfigMapName:           kube-root-ca.crt
    Optional:                false
    DownwardAPI:             true
QoS Class:                   Burstable
Node-Selectors:              <none>
Tolerations:                 node.kubernetes.io/not-ready:NoExecute op=Exists for 300s
                             node.kubernetes.io/unreachable:NoExecute op=Exists for 300s
Events:
  Type    Reason     Age   From               Message
  ----    ------     ----  ----               -------
  Normal  Scheduled  56s   default-scheduler  Successfully assigned translator-zigbee/nanomq-756fd88db6-7k858 to <pi-host>
  Normal  Pulled     56s   kubelet            spec.containers{nanomq}: Container image "emqx/nanomq:0.21-slim" already present on machine
  Normal  Created    56s   kubelet            spec.containers{nanomq}: Created container: nanomq
  Normal  Started    56s   kubelet            spec.containers{nanomq}: Started container nanomq


Name:             postgres-0
Namespace:        translator-zigbee
Priority:         0
Service Account:  default
Node:             <pi-host>/<pi-ip>
Start Time:       Mon, 27 Apr 2026 09:52:58 +0200
Labels:           app=postgres
                  apps.kubernetes.io/pod-index=0
                  controller-revision-hash=postgres-848ccb988d
                  statefulset.kubernetes.io/pod-name=postgres-0
Annotations:      cni.projectcalico.org/containerID: 006d092a18672fa9e728a5b435a4d67a77871b40812ee6c28f8ffab3c1cf181d
                  cni.projectcalico.org/podIP: <pod-ip>/32
                  cni.projectcalico.org/podIPs: <pod-ip>/32
Status:           Running
IP:               <pod-ip>
IPs:
  IP:           <pod-ip>
Controlled By:  StatefulSet/postgres
Containers:
  postgres:
    Container ID:   containerd://f76b36dbb6ed02991c69860f3495b292fe266300a98a8c52d4d1fd1711a4d864
    Image:          postgres:17-alpine
    Image ID:       docker.io/library/postgres@sha256:778d0b486d6daa02b77434d0358ec57a1b21fd8b6d22ac2eef56a33e816928f6
    Port:           5432/TCP
    Host Port:      0/TCP
    State:          Running
      Started:      Mon, 27 Apr 2026 09:52:59 +0200
    Ready:          True
    Restart Count:  0
    Limits:
      cpu:     1500m
      memory:  1536Mi
    Requests:
      cpu:      100m
      memory:   256Mi
    Readiness:  exec [pg_isready -U postgres] delay=5s timeout=1s period=5s #success=1 #failure=3
    Environment:
      POSTGRES_DB:        postgres
      POSTGRES_USER:      postgres
      POSTGRES_PASSWORD:  <set to the key 'postgres-superuser-password' in secret 'hermod-secrets'>  Optional: false
    Mounts:
      /docker-entrypoint-initdb.d from init (rw)
      /var/lib/postgresql/data from data (rw)
      /var/run/secrets/kubernetes.io/serviceaccount from kube-api-access-s775r (ro)
Conditions:
  Type                        Status
  PodReadyToStartContainers   True 
  Initialized                 True 
  Ready                       True 
  ContainersReady             True 
  PodScheduled                True 
Volumes:
  data:
    Type:       PersistentVolumeClaim (a reference to a PersistentVolumeClaim in the same namespace)
    ClaimName:  data-postgres-0
    ReadOnly:   false
  init:
    Type:      ConfigMap (a volume populated by a ConfigMap)
    Name:      postgres-init
    Optional:  false
  kube-api-access-s775r:
    Type:                    Projected (a volume that contains injected data from multiple sources)
    TokenExpirationSeconds:  3607
    ConfigMapName:           kube-root-ca.crt
    Optional:                false
    DownwardAPI:             true
QoS Class:                   Burstable
Node-Selectors:              <none>
Tolerations:                 node.kubernetes.io/not-ready:NoExecute op=Exists for 300s
                             node.kubernetes.io/unreachable:NoExecute op=Exists for 300s
Events:
  Type    Reason     Age   From               Message
  ----    ------     ----  ----               -------
  Normal  Scheduled  50s   default-scheduler  Successfully assigned translator-zigbee/postgres-0 to <pi-host>
  Normal  Pulled     50s   kubelet            spec.containers{postgres}: Container image "postgres:17-alpine" already present on machine
  Normal  Created    50s   kubelet            spec.containers{postgres}: Created container: postgres
  Normal  Started    50s   kubelet            spec.containers{postgres}: Started container postgres


Name:             zigbee2mqtt-6b85d5787-hfqp6
Namespace:        translator-zigbee
Priority:         0
Service Account:  default
Node:             <pi-host>/<pi-ip>
Start Time:       Mon, 27 Apr 2026 09:52:52 +0200
Labels:           app=zigbee2mqtt
                  pod-template-hash=6b85d5787
Annotations:      cni.projectcalico.org/containerID: 945e0fd22ec1a56b36a59771ef689cb52560ac9f3b725176dbd634431be110bd
                  cni.projectcalico.org/podIP: <pod-ip>/32
                  cni.projectcalico.org/podIPs: <pod-ip>/32
Status:           Running
IP:               <pod-ip>
IPs:
  IP:           <pod-ip>
Controlled By:  ReplicaSet/zigbee2mqtt-6b85d5787
Init Containers:
  seed-config:
    Container ID:  containerd://425d2c3d7f1796a5c23ff1c62a02f58918b092cd754eebb5e227552df216432b
    Image:         busybox:latest
    Image ID:      docker.io/library/busybox@sha256:1487d0af5f52b4ba31c7e465126ee2123fe3f2305d638e7827681e7cf6c83d5e
    Port:          <none>
    Host Port:     <none>
    Command:
      sh
      -c
      cp /tmp/cm/configuration.yaml /app/data/configuration.yaml && chmod 0644 /app/data/configuration.yaml
    State:          Terminated
      Reason:       Completed
      Exit Code:    0
      Started:      Mon, 27 Apr 2026 09:52:54 +0200
      Finished:     Mon, 27 Apr 2026 09:52:54 +0200
    Ready:          True
    Restart Count:  0
    Environment:    <none>
    Mounts:
      /app/data from data (rw)
      /tmp/cm from config-cm (rw)
      /var/run/secrets/kubernetes.io/serviceaccount from kube-api-access-4xq2n (ro)
Containers:
  zigbee2mqtt:
    Container ID:   containerd://fc5ad13fc4216bfb9aec82f1144fc8c5734bc87c8c93b7e995b228c3a637a4ba
    Image:          koenkk/zigbee2mqtt:latest
    Image ID:       docker.io/koenkk/zigbee2mqtt@sha256:2a21bbf7a664a149024bbe1f776e3151f28ed9db15948270dcbffb89544a41f0
    Port:           8080/TCP (http)
    Host Port:      0/TCP (http)
    State:          Running
      Started:      Mon, 27 Apr 2026 09:52:55 +0200
    Ready:          True
    Restart Count:  0
    Limits:
      cpu:     1
      memory:  512Mi
    Requests:
      cpu:     100m
      memory:  128Mi
    Environment:
      TZ:                                Europe/Bratislava
      ZIGBEE2MQTT_CONFIG_MQTT_USER:      <set to the key 'mqtt-username' in secret 'hermod-secrets'>  Optional: false
      ZIGBEE2MQTT_CONFIG_MQTT_PASSWORD:  <set to the key 'mqtt-password' in secret 'hermod-secrets'>  Optional: false
    Mounts:
      /app/data from data (rw)
      /dev/ttyUSB0 from zigbee-device (rw)
      /var/run/secrets/kubernetes.io/serviceaccount from kube-api-access-4xq2n (ro)
Conditions:
  Type                        Status
  PodReadyToStartContainers   True 
  Initialized                 True 
  Ready                       True 
  ContainersReady             True 
  PodScheduled                True 
Volumes:
  data:
    Type:       EmptyDir (a temporary directory that shares a pod's lifetime)
    Medium:     
    SizeLimit:  <unset>
  config-cm:
    Type:      ConfigMap (a volume populated by a ConfigMap)
    Name:      zigbee2mqtt-config
    Optional:  false
  zigbee-device:
    Type:          HostPath (bare host directory volume)
    Path:          /dev/ttyUSB0
    HostPathType:  CharDevice
  kube-api-access-4xq2n:
    Type:                    Projected (a volume that contains injected data from multiple sources)
    TokenExpirationSeconds:  3607
    ConfigMapName:           kube-root-ca.crt
    Optional:                false
    DownwardAPI:             true
QoS Class:                   Burstable
Node-Selectors:              hermod.io/zigbee=true
Tolerations:                 node.kubernetes.io/not-ready:NoExecute op=Exists for 300s
                             node.kubernetes.io/unreachable:NoExecute op=Exists for 300s
Events:
  Type    Reason     Age   From               Message
  ----    ------     ----  ----               -------
  Normal  Scheduled  56s   default-scheduler  Successfully assigned translator-zigbee/zigbee2mqtt-6b85d5787-hfqp6 to <pi-host>
  Normal  Pulled     56s   kubelet            spec.initContainers{seed-config}: Container image "busybox:latest" already present on machine
  Normal  Created    56s   kubelet            spec.initContainers{seed-config}: Created container: seed-config
  Normal  Started    55s   kubelet            spec.initContainers{seed-config}: Started container seed-config
  Normal  Pulled     55s   kubelet            spec.containers{zigbee2mqtt}: Container image "koenkk/zigbee2mqtt:latest" already present on machine
  Normal  Created    54s   kubelet            spec.containers{zigbee2mqtt}: Created container: zigbee2mqtt
  Normal  Started    54s   kubelet            spec.containers{zigbee2mqtt}: Started container zigbee2mqtt

=== ts=1777276434 ===
Name:             hermod-coordinator-7d7b88cc46-hnhsd
Namespace:        translator-zigbee
Priority:         0
Service Account:  default
Node:             <pi-host>/<pi-ip>
Start Time:       Mon, 27 Apr 2026 09:53:17 +0200
Labels:           app=hermod-coordinator
                  pod-template-hash=7d7b88cc46
Annotations:      cni.projectcalico.org/containerID: 29dd33c590284941ac26f11ce89e47701bca669c6fa6a39dfb3a42148d14863c
                  cni.projectcalico.org/podIP: <pod-ip>/32
                  cni.projectcalico.org/podIPs: <pod-ip>/32
Status:           Running
IP:               <pod-ip>
IPs:
  IP:           <pod-ip>
Controlled By:  ReplicaSet/hermod-coordinator-7d7b88cc46
Init Containers:
  wait-for-postgres:
    Container ID:  containerd://b735ec22ca4fc4068c9ce71d1813ee4b5d3068bca9fbb01e233f111cba80d489
    Image:         busybox:1.36
    Image ID:      docker.io/library/busybox@sha256:73aaf090f3d85aa34ee199857f03fa3a95c8ede2ffd4cc2cdb5b94e566b11662
    Port:          <none>
    Host Port:     <none>
    Command:
      sh
      -c
      until nc -z postgres 5432; do sleep 2; done
    State:          Terminated
      Reason:       Completed
      Exit Code:    0
      Started:      Mon, 27 Apr 2026 09:53:18 +0200
      Finished:     Mon, 27 Apr 2026 09:53:18 +0200
    Ready:          True
    Restart Count:  0
    Environment:
      Hermod__Features__DeviceStateTracking:    true
      Hermod__Engine__LogBatchSize:             100
      Hermod__Engine__LogBatching:              true
      Hermod__Engine__Parallelism:              0
      Hermod__Features__MessagePersistence:     true
      Hermod__Features__RuleAuditLog:           true
      Hermod__Features__RuleCache:              true
      Hermod__Features__StatsRollup:            true
      Hermod__Storage__Mode:                    Postgres
      Logging__LogLevel__Hermod:                Information
      Logging__LogLevel__Microsoft.AspNetCore:  Warning
    Mounts:
      /var/run/secrets/kubernetes.io/serviceaccount from kube-api-access-jx7xr (ro)
  wait-for-nanomq:
    Container ID:  containerd://16133d1264b40b8023c68fae5d2c08f3c8ddf43ec02d29421d460893aab9db46
    Image:         busybox:1.36
    Image ID:      docker.io/library/busybox@sha256:73aaf090f3d85aa34ee199857f03fa3a95c8ede2ffd4cc2cdb5b94e566b11662
    Port:          <none>
    Host Port:     <none>
    Command:
      sh
      -c
      until nc -z nanomq 1883; do sleep 2; done
    State:          Terminated
      Reason:       Completed
      Exit Code:    0
      Started:      Mon, 27 Apr 2026 09:53:19 +0200
      Finished:     Mon, 27 Apr 2026 09:53:19 +0200
    Ready:          True
    Restart Count:  0
    Environment:
      Hermod__Features__DeviceStateTracking:    true
      Hermod__Engine__LogBatchSize:             100
      Hermod__Engine__LogBatching:              true
      Hermod__Engine__Parallelism:              0
      Hermod__Features__MessagePersistence:     true
      Hermod__Features__RuleAuditLog:           true
      Hermod__Features__RuleCache:              true
      Hermod__Features__StatsRollup:            true
      Hermod__Storage__Mode:                    Postgres
      Logging__LogLevel__Hermod:                Information
      Logging__LogLevel__Microsoft.AspNetCore:  Warning
    Mounts:
      /var/run/secrets/kubernetes.io/serviceaccount from kube-api-access-jx7xr (ro)
Containers:
  hermod-coordinator:
    Container ID:   containerd://8bc8e597bde7e2e74a647eb24d90960d221d7add66230cddeca440fb6b8cbad2
    Image:          hermod-coordinator:latest
    Image ID:       sha256:ca91ccdfcd269dd5e4e25d5ffe8d863ca5db57e5c4f62f08c8adf90d23c15eaf
    Port:           42069/TCP (http)
    Host Port:      0/TCP (http)
    State:          Running
      Started:      Mon, 27 Apr 2026 09:53:20 +0200
    Ready:          True
    Restart Count:  0
    Limits:
      cpu:     1500m
      memory:  1536Mi
    Requests:
      cpu:      200m
      memory:   256Mi
    Liveness:   http-get http://:42069/healthz delay=60s timeout=1s period=30s #success=1 #failure=3
    Readiness:  http-get http://:42069/healthz/ready delay=5s timeout=1s period=10s #success=1 #failure=3
    Startup:    http-get http://:42069/healthz delay=0s timeout=1s period=5s #success=1 #failure=30
    Environment:
      ASPNETCORE_ENVIRONMENT:                   Production
      ASPNETCORE_URLS:                          http://+:42069
      DOTNET_USE_POLLING_FILE_WATCHER:          true
      Hermod__Security__AuthBypass:             true
      Hermod__Security__VaultRequireHttps:      false
      Hermod__Features__MetricsEndpoint:        true
      Hermod__Dev__Endpoints:                   true
      Hermod__Mqtt__Host:                       nanomq
      Hermod__Mqtt__Port:                       1883
      Hermod__Mqtt__UseTls:                     false
      Hermod__Mqtt__Tls__UseTls:                false
      Hermod__Mqtt__Username:                   <set to the key 'mqtt-username' in secret 'hermod-secrets'>  Optional: false
      Hermod__Mqtt__Password:                   <set to the key 'mqtt-password' in secret 'hermod-secrets'>  Optional: false
      Hermod__Database__ConnectionString:       Host=postgres;Port=5432;Database=hermod;Username=hermod_app
      Hermod__Database__Password:               <set to the key 'hermod-db-password' in secret 'hermod-db-credentials'>  Optional: false
      Hermod__Features__DeviceStateTracking:    true
      Hermod__Engine__LogBatchSize:             100
      Hermod__Engine__LogBatching:              true
      Hermod__Engine__Parallelism:              0
      Hermod__Features__MessagePersistence:     true
      Hermod__Features__RuleAuditLog:           true
      Hermod__Features__RuleCache:              true
      Hermod__Features__StatsRollup:            true
      Hermod__Storage__Mode:                    Postgres
      Logging__LogLevel__Hermod:                Information
      Logging__LogLevel__Microsoft.AspNetCore:  Warning
    Mounts:
      /var/run/secrets/kubernetes.io/serviceaccount from kube-api-access-jx7xr (ro)
Conditions:
  Type                        Status
  PodReadyToStartContainers   True 
  Initialized                 True 
  Ready                       True 
  ContainersReady             True 
  PodScheduled                True 
Volumes:
  kube-api-access-jx7xr:
    Type:                    Projected (a volume that contains injected data from multiple sources)
    TokenExpirationSeconds:  3607
    ConfigMapName:           kube-root-ca.crt
    Optional:                false
    DownwardAPI:             true
QoS Class:                   Burstable
Node-Selectors:              <none>
Tolerations:                 node.kubernetes.io/not-ready:NoExecute op=Exists for 300s
                             node.kubernetes.io/unreachable:NoExecute op=Exists for 300s
Events:
  Type    Reason     Age   From               Message
  ----    ------     ----  ----               -------
  Normal  Scheduled  36s   default-scheduler  Successfully assigned translator-zigbee/hermod-coordinator-7d7b88cc46-hnhsd to <pi-host>
  Normal  Pulled     36s   kubelet            spec.initContainers{wait-for-postgres}: Container image "busybox:1.36" already present on machine
  Normal  Created    36s   kubelet            spec.initContainers{wait-for-postgres}: Created container: wait-for-postgres
  Normal  Started    36s   kubelet            spec.initContainers{wait-for-postgres}: Started container wait-for-postgres
  Normal  Pulled     35s   kubelet            spec.initContainers{wait-for-nanomq}: Container image "busybox:1.36" already present on machine
  Normal  Created    35s   kubelet            spec.initContainers{wait-for-nanomq}: Created container: wait-for-nanomq
  Normal  Started    35s   kubelet            spec.initContainers{wait-for-nanomq}: Started container wait-for-nanomq
  Normal  Pulled     34s   kubelet            spec.containers{hermod-coordinator}: Container image "hermod-coordinator:latest" already present on machine
  Normal  Created    34s   kubelet            spec.containers{hermod-coordinator}: Created container: hermod-coordinator
  Normal  Started    34s   kubelet            spec.containers{hermod-coordinator}: Started container hermod-coordinator


Name:             nanomq-756fd88db6-7k858
Namespace:        translator-zigbee
Priority:         0
Service Account:  default
Node:             <pi-host>/<pi-ip>
Start Time:       Mon, 27 Apr 2026 09:52:52 +0200
Labels:           app=nanomq
                  pod-template-hash=756fd88db6
Annotations:      cni.projectcalico.org/containerID: f68917fdb6d5fd3ef7b3460dc9ac51bf0b1a84031e3fb47f6c871b391cca24dd
                  cni.projectcalico.org/podIP: <pod-ip>/32
                  cni.projectcalico.org/podIPs: <pod-ip>/32
Status:           Running
IP:               <pod-ip>
IPs:
  IP:           <pod-ip>
Controlled By:  ReplicaSet/nanomq-756fd88db6
Containers:
  nanomq:
    Container ID:   containerd://480eeb895e24a6a50602e6f2f95d3b5b3cfced0cad9a460bca746b8b3fd2bc0d
    Image:          emqx/nanomq:0.21-slim
    Image ID:       docker.io/emqx/nanomq@sha256:53bea7acb547aced1cc45e08c514628f1e41c4da9ad544fd8c5fa96d3e9eb41b
    Ports:          1883/TCP (mqtt), 8081/TCP (http)
    Host Ports:     0/TCP (mqtt), 0/TCP (http)
    State:          Running
      Started:      Mon, 27 Apr 2026 09:52:53 +0200
    Ready:          True
    Restart Count:  0
    Limits:
      cpu:     1
      memory:  512Mi
    Requests:
      cpu:        50m
      memory:     64Mi
    Readiness:    tcp-socket :1883 delay=3s timeout=1s period=5s #success=1 #failure=3
    Environment:  <none>
    Mounts:
      /etc/nanomq.conf from config (rw,path="nanomq.conf")
      /var/run/secrets/kubernetes.io/serviceaccount from kube-api-access-tcmf7 (ro)
Conditions:
  Type                        Status
  PodReadyToStartContainers   True 
  Initialized                 True 
  Ready                       True 
  ContainersReady             True 
  PodScheduled                True 
Volumes:
  config:
    Type:      ConfigMap (a volume populated by a ConfigMap)
    Name:      nanomq-config
    Optional:  false
  kube-api-access-tcmf7:
    Type:                    Projected (a volume that contains injected data from multiple sources)
    TokenExpirationSeconds:  3607
    ConfigMapName:           kube-root-ca.crt
    Optional:                false
    DownwardAPI:             true
QoS Class:                   Burstable
Node-Selectors:              <none>
Tolerations:                 node.kubernetes.io/not-ready:NoExecute op=Exists for 300s
                             node.kubernetes.io/unreachable:NoExecute op=Exists for 300s
Events:
  Type    Reason     Age   From               Message
  ----    ------     ----  ----               -------
  Normal  Scheduled  62s   default-scheduler  Successfully assigned translator-zigbee/nanomq-756fd88db6-7k858 to <pi-host>
  Normal  Pulled     61s   kubelet            spec.containers{nanomq}: Container image "emqx/nanomq:0.21-slim" already present on machine
  Normal  Created    61s   kubelet            spec.containers{nanomq}: Created container: nanomq
  Normal  Started    61s   kubelet            spec.containers{nanomq}: Started container nanomq


Name:             postgres-0
Namespace:        translator-zigbee
Priority:         0
Service Account:  default
Node:             <pi-host>/<pi-ip>
Start Time:       Mon, 27 Apr 2026 09:52:58 +0200
Labels:           app=postgres
                  apps.kubernetes.io/pod-index=0
                  controller-revision-hash=postgres-848ccb988d
                  statefulset.kubernetes.io/pod-name=postgres-0
Annotations:      cni.projectcalico.org/containerID: 006d092a18672fa9e728a5b435a4d67a77871b40812ee6c28f8ffab3c1cf181d
                  cni.projectcalico.org/podIP: <pod-ip>/32
                  cni.projectcalico.org/podIPs: <pod-ip>/32
Status:           Running
IP:               <pod-ip>
IPs:
  IP:           <pod-ip>
Controlled By:  StatefulSet/postgres
Containers:
  postgres:
    Container ID:   containerd://f76b36dbb6ed02991c69860f3495b292fe266300a98a8c52d4d1fd1711a4d864
    Image:          postgres:17-alpine
    Image ID:       docker.io/library/postgres@sha256:778d0b486d6daa02b77434d0358ec57a1b21fd8b6d22ac2eef56a33e816928f6
    Port:           5432/TCP
    Host Port:      0/TCP
    State:          Running
      Started:      Mon, 27 Apr 2026 09:52:59 +0200
    Ready:          True
    Restart Count:  0
    Limits:
      cpu:     1500m
      memory:  1536Mi
    Requests:
      cpu:      100m
      memory:   256Mi
    Readiness:  exec [pg_isready -U postgres] delay=5s timeout=1s period=5s #success=1 #failure=3
    Environment:
      POSTGRES_DB:        postgres
      POSTGRES_USER:      postgres
      POSTGRES_PASSWORD:  <set to the key 'postgres-superuser-password' in secret 'hermod-secrets'>  Optional: false
    Mounts:
      /docker-entrypoint-initdb.d from init (rw)
      /var/lib/postgresql/data from data (rw)
      /var/run/secrets/kubernetes.io/serviceaccount from kube-api-access-s775r (ro)
Conditions:
  Type                        Status
  PodReadyToStartContainers   True 
  Initialized                 True 
  Ready                       True 
  ContainersReady             True 
  PodScheduled                True 
Volumes:
  data:
    Type:       PersistentVolumeClaim (a reference to a PersistentVolumeClaim in the same namespace)
    ClaimName:  data-postgres-0
    ReadOnly:   false
  init:
    Type:      ConfigMap (a volume populated by a ConfigMap)
    Name:      postgres-init
    Optional:  false
  kube-api-access-s775r:
    Type:                    Projected (a volume that contains injected data from multiple sources)
    TokenExpirationSeconds:  3607
    ConfigMapName:           kube-root-ca.crt
    Optional:                false
    DownwardAPI:             true
QoS Class:                   Burstable
Node-Selectors:              <none>
Tolerations:                 node.kubernetes.io/not-ready:NoExecute op=Exists for 300s
                             node.kubernetes.io/unreachable:NoExecute op=Exists for 300s
Events:
  Type    Reason     Age   From               Message
  ----    ------     ----  ----               -------
  Normal  Scheduled  56s   default-scheduler  Successfully assigned translator-zigbee/postgres-0 to <pi-host>
  Normal  Pulled     55s   kubelet            spec.containers{postgres}: Container image "postgres:17-alpine" already present on machine
  Normal  Created    55s   kubelet            spec.containers{postgres}: Created container: postgres
  Normal  Started    55s   kubelet            spec.containers{postgres}: Started container postgres


Name:             zigbee2mqtt-6b85d5787-hfqp6
Namespace:        translator-zigbee
Priority:         0
Service Account:  default
Node:             <pi-host>/<pi-ip>
Start Time:       Mon, 27 Apr 2026 09:52:52 +0200
Labels:           app=zigbee2mqtt
                  pod-template-hash=6b85d5787
Annotations:      cni.projectcalico.org/containerID: 945e0fd22ec1a56b36a59771ef689cb52560ac9f3b725176dbd634431be110bd
                  cni.projectcalico.org/podIP: <pod-ip>/32
                  cni.projectcalico.org/podIPs: <pod-ip>/32
Status:           Running
IP:               <pod-ip>
IPs:
  IP:           <pod-ip>
Controlled By:  ReplicaSet/zigbee2mqtt-6b85d5787
Init Containers:
  seed-config:
    Container ID:  containerd://425d2c3d7f1796a5c23ff1c62a02f58918b092cd754eebb5e227552df216432b
    Image:         busybox:latest
    Image ID:      docker.io/library/busybox@sha256:1487d0af5f52b4ba31c7e465126ee2123fe3f2305d638e7827681e7cf6c83d5e
    Port:          <none>
    Host Port:     <none>
    Command:
      sh
      -c
      cp /tmp/cm/configuration.yaml /app/data/configuration.yaml && chmod 0644 /app/data/configuration.yaml
    State:          Terminated
      Reason:       Completed
      Exit Code:    0
      Started:      Mon, 27 Apr 2026 09:52:54 +0200
      Finished:     Mon, 27 Apr 2026 09:52:54 +0200
    Ready:          True
    Restart Count:  0
    Environment:    <none>
    Mounts:
      /app/data from data (rw)
      /tmp/cm from config-cm (rw)
      /var/run/secrets/kubernetes.io/serviceaccount from kube-api-access-4xq2n (ro)
Containers:
  zigbee2mqtt:
    Container ID:   containerd://fc5ad13fc4216bfb9aec82f1144fc8c5734bc87c8c93b7e995b228c3a637a4ba
    Image:          koenkk/zigbee2mqtt:latest
    Image ID:       docker.io/koenkk/zigbee2mqtt@sha256:2a21bbf7a664a149024bbe1f776e3151f28ed9db15948270dcbffb89544a41f0
    Port:           8080/TCP (http)
    Host Port:      0/TCP (http)
    State:          Running
      Started:      Mon, 27 Apr 2026 09:52:55 +0200
    Ready:          True
    Restart Count:  0
    Limits:
      cpu:     1
      memory:  512Mi
    Requests:
      cpu:     100m
      memory:  128Mi
    Environment:
      TZ:                                Europe/Bratislava
      ZIGBEE2MQTT_CONFIG_MQTT_USER:      <set to the key 'mqtt-username' in secret 'hermod-secrets'>  Optional: false
      ZIGBEE2MQTT_CONFIG_MQTT_PASSWORD:  <set to the key 'mqtt-password' in secret 'hermod-secrets'>  Optional: false
    Mounts:
      /app/data from data (rw)
      /dev/ttyUSB0 from zigbee-device (rw)
      /var/run/secrets/kubernetes.io/serviceaccount from kube-api-access-4xq2n (ro)
Conditions:
  Type                        Status
  PodReadyToStartContainers   True 
  Initialized                 True 
  Ready                       True 
  ContainersReady             True 
  PodScheduled                True 
Volumes:
  data:
    Type:       EmptyDir (a temporary directory that shares a pod's lifetime)
    Medium:     
    SizeLimit:  <unset>
  config-cm:
    Type:      ConfigMap (a volume populated by a ConfigMap)
    Name:      zigbee2mqtt-config
    Optional:  false
  zigbee-device:
    Type:          HostPath (bare host directory volume)
    Path:          /dev/ttyUSB0
    HostPathType:  CharDevice
  kube-api-access-4xq2n:
    Type:                    Projected (a volume that contains injected data from multiple sources)
    TokenExpirationSeconds:  3607
    ConfigMapName:           kube-root-ca.crt
    Optional:                false
    DownwardAPI:             true
QoS Class:                   Burstable
Node-Selectors:              hermod.io/zigbee=true
Tolerations:                 node.kubernetes.io/not-ready:NoExecute op=Exists for 300s
                             node.kubernetes.io/unreachable:NoExecute op=Exists for 300s
Events:
  Type    Reason     Age   From               Message
  ----    ------     ----  ----               -------
  Normal  Scheduled  61s   default-scheduler  Successfully assigned translator-zigbee/zigbee2mqtt-6b85d5787-hfqp6 to <pi-host>
  Normal  Pulled     61s   kubelet            spec.initContainers{seed-config}: Container image "busybox:latest" already present on machine
  Normal  Created    61s   kubelet            spec.initContainers{seed-config}: Created container: seed-config
  Normal  Started    60s   kubelet            spec.initContainers{seed-config}: Started container seed-config
  Normal  Pulled     60s   kubelet            spec.containers{zigbee2mqtt}: Container image "koenkk/zigbee2mqtt:latest" already present on machine
  Normal  Created    59s   kubelet            spec.containers{zigbee2mqtt}: Created container: zigbee2mqtt
  Normal  Started    59s   kubelet            spec.containers{zigbee2mqtt}: Started container zigbee2mqtt

=== ts=1777276440 ===
Name:             hermod-coordinator-7d7b88cc46-hnhsd
Namespace:        translator-zigbee
Priority:         0
Service Account:  default
Node:             <pi-host>/<pi-ip>
Start Time:       Mon, 27 Apr 2026 09:53:17 +0200
Labels:           app=hermod-coordinator
                  pod-template-hash=7d7b88cc46
Annotations:      cni.projectcalico.org/containerID: 29dd33c590284941ac26f11ce89e47701bca669c6fa6a39dfb3a42148d14863c
                  cni.projectcalico.org/podIP: <pod-ip>/32
                  cni.projectcalico.org/podIPs: <pod-ip>/32
Status:           Running
IP:               <pod-ip>
IPs:
  IP:           <pod-ip>
Controlled By:  ReplicaSet/hermod-coordinator-7d7b88cc46
Init Containers:
  wait-for-postgres:
    Container ID:  containerd://b735ec22ca4fc4068c9ce71d1813ee4b5d3068bca9fbb01e233f111cba80d489
    Image:         busybox:1.36
    Image ID:      docker.io/library/busybox@sha256:73aaf090f3d85aa34ee199857f03fa3a95c8ede2ffd4cc2cdb5b94e566b11662
    Port:          <none>
    Host Port:     <none>
    Command:
      sh
      -c
      until nc -z postgres 5432; do sleep 2; done
    State:          Terminated
      Reason:       Completed
      Exit Code:    0
      Started:      Mon, 27 Apr 2026 09:53:18 +0200
      Finished:     Mon, 27 Apr 2026 09:53:18 +0200
    Ready:          True
    Restart Count:  0
    Environment:
      Hermod__Features__DeviceStateTracking:    true
      Hermod__Engine__LogBatchSize:             100
      Hermod__Engine__LogBatching:              true
      Hermod__Engine__Parallelism:              0
      Hermod__Features__MessagePersistence:     true
      Hermod__Features__RuleAuditLog:           true
      Hermod__Features__RuleCache:              true
      Hermod__Features__StatsRollup:            true
      Hermod__Storage__Mode:                    Postgres
      Logging__LogLevel__Hermod:                Information
      Logging__LogLevel__Microsoft.AspNetCore:  Warning
    Mounts:
      /var/run/secrets/kubernetes.io/serviceaccount from kube-api-access-jx7xr (ro)
  wait-for-nanomq:
    Container ID:  containerd://16133d1264b40b8023c68fae5d2c08f3c8ddf43ec02d29421d460893aab9db46
    Image:         busybox:1.36
    Image ID:      docker.io/library/busybox@sha256:73aaf090f3d85aa34ee199857f03fa3a95c8ede2ffd4cc2cdb5b94e566b11662
    Port:          <none>
    Host Port:     <none>
    Command:
      sh
      -c
      until nc -z nanomq 1883; do sleep 2; done
    State:          Terminated
      Reason:       Completed
      Exit Code:    0
      Started:      Mon, 27 Apr 2026 09:53:19 +0200
      Finished:     Mon, 27 Apr 2026 09:53:19 +0200
    Ready:          True
    Restart Count:  0
    Environment:
      Hermod__Features__DeviceStateTracking:    true
      Hermod__Engine__LogBatchSize:             100
      Hermod__Engine__LogBatching:              true
      Hermod__Engine__Parallelism:              0
      Hermod__Features__MessagePersistence:     true
      Hermod__Features__RuleAuditLog:           true
      Hermod__Features__RuleCache:              true
      Hermod__Features__StatsRollup:            true
      Hermod__Storage__Mode:                    Postgres
      Logging__LogLevel__Hermod:                Information
      Logging__LogLevel__Microsoft.AspNetCore:  Warning
    Mounts:
      /var/run/secrets/kubernetes.io/serviceaccount from kube-api-access-jx7xr (ro)
Containers:
  hermod-coordinator:
    Container ID:   containerd://8bc8e597bde7e2e74a647eb24d90960d221d7add66230cddeca440fb6b8cbad2
    Image:          hermod-coordinator:latest
    Image ID:       sha256:ca91ccdfcd269dd5e4e25d5ffe8d863ca5db57e5c4f62f08c8adf90d23c15eaf
    Port:           42069/TCP (http)
    Host Port:      0/TCP (http)
    State:          Running
      Started:      Mon, 27 Apr 2026 09:53:20 +0200
    Ready:          True
    Restart Count:  0
    Limits:
      cpu:     1500m
      memory:  1536Mi
    Requests:
      cpu:      200m
      memory:   256Mi
    Liveness:   http-get http://:42069/healthz delay=60s timeout=1s period=30s #success=1 #failure=3
    Readiness:  http-get http://:42069/healthz/ready delay=5s timeout=1s period=10s #success=1 #failure=3
    Startup:    http-get http://:42069/healthz delay=0s timeout=1s period=5s #success=1 #failure=30
    Environment:
      ASPNETCORE_ENVIRONMENT:                   Production
      ASPNETCORE_URLS:                          http://+:42069
      DOTNET_USE_POLLING_FILE_WATCHER:          true
      Hermod__Security__AuthBypass:             true
      Hermod__Security__VaultRequireHttps:      false
      Hermod__Features__MetricsEndpoint:        true
      Hermod__Dev__Endpoints:                   true
      Hermod__Mqtt__Host:                       nanomq
      Hermod__Mqtt__Port:                       1883
      Hermod__Mqtt__UseTls:                     false
      Hermod__Mqtt__Tls__UseTls:                false
      Hermod__Mqtt__Username:                   <set to the key 'mqtt-username' in secret 'hermod-secrets'>  Optional: false
      Hermod__Mqtt__Password:                   <set to the key 'mqtt-password' in secret 'hermod-secrets'>  Optional: false
      Hermod__Database__ConnectionString:       Host=postgres;Port=5432;Database=hermod;Username=hermod_app
      Hermod__Database__Password:               <set to the key 'hermod-db-password' in secret 'hermod-db-credentials'>  Optional: false
      Hermod__Features__DeviceStateTracking:    true
      Hermod__Engine__LogBatchSize:             100
      Hermod__Engine__LogBatching:              true
      Hermod__Engine__Parallelism:              0
      Hermod__Features__MessagePersistence:     true
      Hermod__Features__RuleAuditLog:           true
      Hermod__Features__RuleCache:              true
      Hermod__Features__StatsRollup:            true
      Hermod__Storage__Mode:                    Postgres
      Logging__LogLevel__Hermod:                Information
      Logging__LogLevel__Microsoft.AspNetCore:  Warning
    Mounts:
      /var/run/secrets/kubernetes.io/serviceaccount from kube-api-access-jx7xr (ro)
Conditions:
  Type                        Status
  PodReadyToStartContainers   True 
  Initialized                 True 
  Ready                       True 
  ContainersReady             True 
  PodScheduled                True 
Volumes:
  kube-api-access-jx7xr:
    Type:                    Projected (a volume that contains injected data from multiple sources)
    TokenExpirationSeconds:  3607
    ConfigMapName:           kube-root-ca.crt
    Optional:                false
    DownwardAPI:             true
QoS Class:                   Burstable
Node-Selectors:              <none>
Tolerations:                 node.kubernetes.io/not-ready:NoExecute op=Exists for 300s
                             node.kubernetes.io/unreachable:NoExecute op=Exists for 300s
Events:
  Type    Reason     Age   From               Message
  ----    ------     ----  ----               -------
  Normal  Scheduled  42s   default-scheduler  Successfully assigned translator-zigbee/hermod-coordinator-7d7b88cc46-hnhsd to <pi-host>
  Normal  Pulled     42s   kubelet            spec.initContainers{wait-for-postgres}: Container image "busybox:1.36" already present on machine
  Normal  Created    42s   kubelet            spec.initContainers{wait-for-postgres}: Created container: wait-for-postgres
  Normal  Started    42s   kubelet            spec.initContainers{wait-for-postgres}: Started container wait-for-postgres
  Normal  Pulled     41s   kubelet            spec.initContainers{wait-for-nanomq}: Container image "busybox:1.36" already present on machine
  Normal  Created    41s   kubelet            spec.initContainers{wait-for-nanomq}: Created container: wait-for-nanomq
  Normal  Started    41s   kubelet            spec.initContainers{wait-for-nanomq}: Started container wait-for-nanomq
  Normal  Pulled     40s   kubelet            spec.containers{hermod-coordinator}: Container image "hermod-coordinator:latest" already present on machine
  Normal  Created    40s   kubelet            spec.containers{hermod-coordinator}: Created container: hermod-coordinator
  Normal  Started    40s   kubelet            spec.containers{hermod-coordinator}: Started container hermod-coordinator


Name:             nanomq-756fd88db6-7k858
Namespace:        translator-zigbee
Priority:         0
Service Account:  default
Node:             <pi-host>/<pi-ip>
Start Time:       Mon, 27 Apr 2026 09:52:52 +0200
Labels:           app=nanomq
                  pod-template-hash=756fd88db6
Annotations:      cni.projectcalico.org/containerID: f68917fdb6d5fd3ef7b3460dc9ac51bf0b1a84031e3fb47f6c871b391cca24dd
                  cni.projectcalico.org/podIP: <pod-ip>/32
                  cni.projectcalico.org/podIPs: <pod-ip>/32
Status:           Running
IP:               <pod-ip>
IPs:
  IP:           <pod-ip>
Controlled By:  ReplicaSet/nanomq-756fd88db6
Containers:
  nanomq:
    Container ID:   containerd://480eeb895e24a6a50602e6f2f95d3b5b3cfced0cad9a460bca746b8b3fd2bc0d
    Image:          emqx/nanomq:0.21-slim
    Image ID:       docker.io/emqx/nanomq@sha256:53bea7acb547aced1cc45e08c514628f1e41c4da9ad544fd8c5fa96d3e9eb41b
    Ports:          1883/TCP (mqtt), 8081/TCP (http)
    Host Ports:     0/TCP (mqtt), 0/TCP (http)
    State:          Running
      Started:      Mon, 27 Apr 2026 09:52:53 +0200
    Ready:          True
    Restart Count:  0
    Limits:
      cpu:     1
      memory:  512Mi
    Requests:
      cpu:        50m
      memory:     64Mi
    Readiness:    tcp-socket :1883 delay=3s timeout=1s period=5s #success=1 #failure=3
    Environment:  <none>
    Mounts:
      /etc/nanomq.conf from config (rw,path="nanomq.conf")
      /var/run/secrets/kubernetes.io/serviceaccount from kube-api-access-tcmf7 (ro)
Conditions:
  Type                        Status
  PodReadyToStartContainers   True 
  Initialized                 True 
  Ready                       True 
  ContainersReady             True 
  PodScheduled                True 
Volumes:
  config:
    Type:      ConfigMap (a volume populated by a ConfigMap)
    Name:      nanomq-config
    Optional:  false
  kube-api-access-tcmf7:
    Type:                    Projected (a volume that contains injected data from multiple sources)
    TokenExpirationSeconds:  3607
    ConfigMapName:           kube-root-ca.crt
    Optional:                false
    DownwardAPI:             true
QoS Class:                   Burstable
Node-Selectors:              <none>
Tolerations:                 node.kubernetes.io/not-ready:NoExecute op=Exists for 300s
                             node.kubernetes.io/unreachable:NoExecute op=Exists for 300s
Events:
  Type    Reason     Age   From               Message
  ----    ------     ----  ----               -------
  Normal  Scheduled  68s   default-scheduler  Successfully assigned translator-zigbee/nanomq-756fd88db6-7k858 to <pi-host>
  Normal  Pulled     67s   kubelet            spec.containers{nanomq}: Container image "emqx/nanomq:0.21-slim" already present on machine
  Normal  Created    67s   kubelet            spec.containers{nanomq}: Created container: nanomq
  Normal  Started    67s   kubelet            spec.containers{nanomq}: Started container nanomq


Name:             postgres-0
Namespace:        translator-zigbee
Priority:         0
Service Account:  default
Node:             <pi-host>/<pi-ip>
Start Time:       Mon, 27 Apr 2026 09:52:58 +0200
Labels:           app=postgres
                  apps.kubernetes.io/pod-index=0
                  controller-revision-hash=postgres-848ccb988d
                  statefulset.kubernetes.io/pod-name=postgres-0
Annotations:      cni.projectcalico.org/containerID: 006d092a18672fa9e728a5b435a4d67a77871b40812ee6c28f8ffab3c1cf181d
                  cni.projectcalico.org/podIP: <pod-ip>/32
                  cni.projectcalico.org/podIPs: <pod-ip>/32
Status:           Running
IP:               <pod-ip>
IPs:
  IP:           <pod-ip>
Controlled By:  StatefulSet/postgres
Containers:
  postgres:
    Container ID:   containerd://f76b36dbb6ed02991c69860f3495b292fe266300a98a8c52d4d1fd1711a4d864
    Image:          postgres:17-alpine
    Image ID:       docker.io/library/postgres@sha256:778d0b486d6daa02b77434d0358ec57a1b21fd8b6d22ac2eef56a33e816928f6
    Port:           5432/TCP
    Host Port:      0/TCP
    State:          Running
      Started:      Mon, 27 Apr 2026 09:52:59 +0200
    Ready:          True
    Restart Count:  0
    Limits:
      cpu:     1500m
      memory:  1536Mi
    Requests:
      cpu:      100m
      memory:   256Mi
    Readiness:  exec [pg_isready -U postgres] delay=5s timeout=1s period=5s #success=1 #failure=3
    Environment:
      POSTGRES_DB:        postgres
      POSTGRES_USER:      postgres
      POSTGRES_PASSWORD:  <set to the key 'postgres-superuser-password' in secret 'hermod-secrets'>  Optional: false
    Mounts:
      /docker-entrypoint-initdb.d from init (rw)
      /var/lib/postgresql/data from data (rw)
      /var/run/secrets/kubernetes.io/serviceaccount from kube-api-access-s775r (ro)
Conditions:
  Type                        Status
  PodReadyToStartContainers   True 
  Initialized                 True 
  Ready                       True 
  ContainersReady             True 
  PodScheduled                True 
Volumes:
  data:
    Type:       PersistentVolumeClaim (a reference to a PersistentVolumeClaim in the same namespace)
    ClaimName:  data-postgres-0
    ReadOnly:   false
  init:
    Type:      ConfigMap (a volume populated by a ConfigMap)
    Name:      postgres-init
    Optional:  false
  kube-api-access-s775r:
    Type:                    Projected (a volume that contains injected data from multiple sources)
    TokenExpirationSeconds:  3607
    ConfigMapName:           kube-root-ca.crt
    Optional:                false
    DownwardAPI:             true
QoS Class:                   Burstable
Node-Selectors:              <none>
Tolerations:                 node.kubernetes.io/not-ready:NoExecute op=Exists for 300s
                             node.kubernetes.io/unreachable:NoExecute op=Exists for 300s
Events:
  Type    Reason     Age   From               Message
  ----    ------     ----  ----               -------
  Normal  Scheduled  62s   default-scheduler  Successfully assigned translator-zigbee/postgres-0 to <pi-host>
  Normal  Pulled     61s   kubelet            spec.containers{postgres}: Container image "postgres:17-alpine" already present on machine
  Normal  Created    61s   kubelet            spec.containers{postgres}: Created container: postgres
  Normal  Started    61s   kubelet            spec.containers{postgres}: Started container postgres


Name:             zigbee2mqtt-6b85d5787-hfqp6
Namespace:        translator-zigbee
Priority:         0
Service Account:  default
Node:             <pi-host>/<pi-ip>
Start Time:       Mon, 27 Apr 2026 09:52:52 +0200
Labels:           app=zigbee2mqtt
                  pod-template-hash=6b85d5787
Annotations:      cni.projectcalico.org/containerID: 945e0fd22ec1a56b36a59771ef689cb52560ac9f3b725176dbd634431be110bd
                  cni.projectcalico.org/podIP: <pod-ip>/32
                  cni.projectcalico.org/podIPs: <pod-ip>/32
Status:           Running
IP:               <pod-ip>
IPs:
  IP:           <pod-ip>
Controlled By:  ReplicaSet/zigbee2mqtt-6b85d5787
Init Containers:
  seed-config:
    Container ID:  containerd://425d2c3d7f1796a5c23ff1c62a02f58918b092cd754eebb5e227552df216432b
    Image:         busybox:latest
    Image ID:      docker.io/library/busybox@sha256:1487d0af5f52b4ba31c7e465126ee2123fe3f2305d638e7827681e7cf6c83d5e
    Port:          <none>
    Host Port:     <none>
    Command:
      sh
      -c
      cp /tmp/cm/configuration.yaml /app/data/configuration.yaml && chmod 0644 /app/data/configuration.yaml
    State:          Terminated
      Reason:       Completed
      Exit Code:    0
      Started:      Mon, 27 Apr 2026 09:52:54 +0200
      Finished:     Mon, 27 Apr 2026 09:52:54 +0200
    Ready:          True
    Restart Count:  0
    Environment:    <none>
    Mounts:
      /app/data from data (rw)
      /tmp/cm from config-cm (rw)
      /var/run/secrets/kubernetes.io/serviceaccount from kube-api-access-4xq2n (ro)
Containers:
  zigbee2mqtt:
    Container ID:   containerd://fc5ad13fc4216bfb9aec82f1144fc8c5734bc87c8c93b7e995b228c3a637a4ba
    Image:          koenkk/zigbee2mqtt:latest
    Image ID:       docker.io/koenkk/zigbee2mqtt@sha256:2a21bbf7a664a149024bbe1f776e3151f28ed9db15948270dcbffb89544a41f0
    Port:           8080/TCP (http)
    Host Port:      0/TCP (http)
    State:          Running
      Started:      Mon, 27 Apr 2026 09:52:55 +0200
    Ready:          True
    Restart Count:  0
    Limits:
      cpu:     1
      memory:  512Mi
    Requests:
      cpu:     100m
      memory:  128Mi
    Environment:
      TZ:                                Europe/Bratislava
      ZIGBEE2MQTT_CONFIG_MQTT_USER:      <set to the key 'mqtt-username' in secret 'hermod-secrets'>  Optional: false
      ZIGBEE2MQTT_CONFIG_MQTT_PASSWORD:  <set to the key 'mqtt-password' in secret 'hermod-secrets'>  Optional: false
    Mounts:
      /app/data from data (rw)
      /dev/ttyUSB0 from zigbee-device (rw)
      /var/run/secrets/kubernetes.io/serviceaccount from kube-api-access-4xq2n (ro)
Conditions:
  Type                        Status
  PodReadyToStartContainers   True 
  Initialized                 True 
  Ready                       True 
  ContainersReady             True 
  PodScheduled                True 
Volumes:
  data:
    Type:       EmptyDir (a temporary directory that shares a pod's lifetime)
    Medium:     
    SizeLimit:  <unset>
  config-cm:
    Type:      ConfigMap (a volume populated by a ConfigMap)
    Name:      zigbee2mqtt-config
    Optional:  false
  zigbee-device:
    Type:          HostPath (bare host directory volume)
    Path:          /dev/ttyUSB0
    HostPathType:  CharDevice
  kube-api-access-4xq2n:
    Type:                    Projected (a volume that contains injected data from multiple sources)
    TokenExpirationSeconds:  3607
    ConfigMapName:           kube-root-ca.crt
    Optional:                false
    DownwardAPI:             true
QoS Class:                   Burstable
Node-Selectors:              hermod.io/zigbee=true
Tolerations:                 node.kubernetes.io/not-ready:NoExecute op=Exists for 300s
                             node.kubernetes.io/unreachable:NoExecute op=Exists for 300s
Events:
  Type    Reason     Age   From               Message
  ----    ------     ----  ----               -------
  Normal  Scheduled  67s   default-scheduler  Successfully assigned translator-zigbee/zigbee2mqtt-6b85d5787-hfqp6 to <pi-host>
  Normal  Pulled     67s   kubelet            spec.initContainers{seed-config}: Container image "busybox:latest" already present on machine
  Normal  Created    67s   kubelet            spec.initContainers{seed-config}: Created container: seed-config
  Normal  Started    66s   kubelet            spec.initContainers{seed-config}: Started container seed-config
  Normal  Pulled     66s   kubelet            spec.containers{zigbee2mqtt}: Container image "koenkk/zigbee2mqtt:latest" already present on machine
  Normal  Created    65s   kubelet            spec.containers{zigbee2mqtt}: Created container: zigbee2mqtt
  Normal  Started    65s   kubelet            spec.containers{zigbee2mqtt}: Started container zigbee2mqtt

=== ts=1777276445 ===
Name:             hermod-coordinator-7d7b88cc46-hnhsd
Namespace:        translator-zigbee
Priority:         0
Service Account:  default
Node:             <pi-host>/<pi-ip>
Start Time:       Mon, 27 Apr 2026 09:53:17 +0200
Labels:           app=hermod-coordinator
                  pod-template-hash=7d7b88cc46
Annotations:      cni.projectcalico.org/containerID: 29dd33c590284941ac26f11ce89e47701bca669c6fa6a39dfb3a42148d14863c
                  cni.projectcalico.org/podIP: <pod-ip>/32
                  cni.projectcalico.org/podIPs: <pod-ip>/32
Status:           Running
IP:               <pod-ip>
IPs:
  IP:           <pod-ip>
Controlled By:  ReplicaSet/hermod-coordinator-7d7b88cc46
Init Containers:
  wait-for-postgres:
    Container ID:  containerd://b735ec22ca4fc4068c9ce71d1813ee4b5d3068bca9fbb01e233f111cba80d489
    Image:         busybox:1.36
    Image ID:      docker.io/library/busybox@sha256:73aaf090f3d85aa34ee199857f03fa3a95c8ede2ffd4cc2cdb5b94e566b11662
    Port:          <none>
    Host Port:     <none>
    Command:
      sh
      -c
      until nc -z postgres 5432; do sleep 2; done
    State:          Terminated
      Reason:       Completed
      Exit Code:    0
      Started:      Mon, 27 Apr 2026 09:53:18 +0200
      Finished:     Mon, 27 Apr 2026 09:53:18 +0200
    Ready:          True
    Restart Count:  0
    Environment:
      Hermod__Features__DeviceStateTracking:    true
      Hermod__Engine__LogBatchSize:             100
      Hermod__Engine__LogBatching:              true
      Hermod__Engine__Parallelism:              0
      Hermod__Features__MessagePersistence:     true
      Hermod__Features__RuleAuditLog:           true
      Hermod__Features__RuleCache:              true
      Hermod__Features__StatsRollup:            true
      Hermod__Storage__Mode:                    Postgres
      Logging__LogLevel__Hermod:                Information
      Logging__LogLevel__Microsoft.AspNetCore:  Warning
    Mounts:
      /var/run/secrets/kubernetes.io/serviceaccount from kube-api-access-jx7xr (ro)
  wait-for-nanomq:
    Container ID:  containerd://16133d1264b40b8023c68fae5d2c08f3c8ddf43ec02d29421d460893aab9db46
    Image:         busybox:1.36
    Image ID:      docker.io/library/busybox@sha256:73aaf090f3d85aa34ee199857f03fa3a95c8ede2ffd4cc2cdb5b94e566b11662
    Port:          <none>
    Host Port:     <none>
    Command:
      sh
      -c
      until nc -z nanomq 1883; do sleep 2; done
    State:          Terminated
      Reason:       Completed
      Exit Code:    0
      Started:      Mon, 27 Apr 2026 09:53:19 +0200
      Finished:     Mon, 27 Apr 2026 09:53:19 +0200
    Ready:          True
    Restart Count:  0
    Environment:
      Hermod__Features__DeviceStateTracking:    true
      Hermod__Engine__LogBatchSize:             100
      Hermod__Engine__LogBatching:              true
      Hermod__Engine__Parallelism:              0
      Hermod__Features__MessagePersistence:     true
      Hermod__Features__RuleAuditLog:           true
      Hermod__Features__RuleCache:              true
      Hermod__Features__StatsRollup:            true
      Hermod__Storage__Mode:                    Postgres
      Logging__LogLevel__Hermod:                Information
      Logging__LogLevel__Microsoft.AspNetCore:  Warning
    Mounts:
      /var/run/secrets/kubernetes.io/serviceaccount from kube-api-access-jx7xr (ro)
Containers:
  hermod-coordinator:
    Container ID:   containerd://8bc8e597bde7e2e74a647eb24d90960d221d7add66230cddeca440fb6b8cbad2
    Image:          hermod-coordinator:latest
    Image ID:       sha256:ca91ccdfcd269dd5e4e25d5ffe8d863ca5db57e5c4f62f08c8adf90d23c15eaf
    Port:           42069/TCP (http)
    Host Port:      0/TCP (http)
    State:          Running
      Started:      Mon, 27 Apr 2026 09:53:20 +0200
    Ready:          True
    Restart Count:  0
    Limits:
      cpu:     1500m
      memory:  1536Mi
    Requests:
      cpu:      200m
      memory:   256Mi
    Liveness:   http-get http://:42069/healthz delay=60s timeout=1s period=30s #success=1 #failure=3
    Readiness:  http-get http://:42069/healthz/ready delay=5s timeout=1s period=10s #success=1 #failure=3
    Startup:    http-get http://:42069/healthz delay=0s timeout=1s period=5s #success=1 #failure=30
    Environment:
      ASPNETCORE_ENVIRONMENT:                   Production
      ASPNETCORE_URLS:                          http://+:42069
      DOTNET_USE_POLLING_FILE_WATCHER:          true
      Hermod__Security__AuthBypass:             true
      Hermod__Security__VaultRequireHttps:      false
      Hermod__Features__MetricsEndpoint:        true
      Hermod__Dev__Endpoints:                   true
      Hermod__Mqtt__Host:                       nanomq
      Hermod__Mqtt__Port:                       1883
      Hermod__Mqtt__UseTls:                     false
      Hermod__Mqtt__Tls__UseTls:                false
      Hermod__Mqtt__Username:                   <set to the key 'mqtt-username' in secret 'hermod-secrets'>  Optional: false
      Hermod__Mqtt__Password:                   <set to the key 'mqtt-password' in secret 'hermod-secrets'>  Optional: false
      Hermod__Database__ConnectionString:       Host=postgres;Port=5432;Database=hermod;Username=hermod_app
      Hermod__Database__Password:               <set to the key 'hermod-db-password' in secret 'hermod-db-credentials'>  Optional: false
      Hermod__Features__DeviceStateTracking:    true
      Hermod__Engine__LogBatchSize:             100
      Hermod__Engine__LogBatching:              true
      Hermod__Engine__Parallelism:              0
      Hermod__Features__MessagePersistence:     true
      Hermod__Features__RuleAuditLog:           true
      Hermod__Features__RuleCache:              true
      Hermod__Features__StatsRollup:            true
      Hermod__Storage__Mode:                    Postgres
      Logging__LogLevel__Hermod:                Information
      Logging__LogLevel__Microsoft.AspNetCore:  Warning
    Mounts:
      /var/run/secrets/kubernetes.io/serviceaccount from kube-api-access-jx7xr (ro)
Conditions:
  Type                        Status
  PodReadyToStartContainers   True 
  Initialized                 True 
  Ready                       True 
  ContainersReady             True 
  PodScheduled                True 
Volumes:
  kube-api-access-jx7xr:
    Type:                    Projected (a volume that contains injected data from multiple sources)
    TokenExpirationSeconds:  3607
    ConfigMapName:           kube-root-ca.crt
    Optional:                false
    DownwardAPI:             true
QoS Class:                   Burstable
Node-Selectors:              <none>
Tolerations:                 node.kubernetes.io/not-ready:NoExecute op=Exists for 300s
                             node.kubernetes.io/unreachable:NoExecute op=Exists for 300s
Events:
  Type    Reason     Age   From               Message
  ----    ------     ----  ----               -------
  Normal  Scheduled  48s   default-scheduler  Successfully assigned translator-zigbee/hermod-coordinator-7d7b88cc46-hnhsd to <pi-host>
  Normal  Pulled     47s   kubelet            spec.initContainers{wait-for-postgres}: Container image "busybox:1.36" already present on machine
  Normal  Created    47s   kubelet            spec.initContainers{wait-for-postgres}: Created container: wait-for-postgres
  Normal  Started    47s   kubelet            spec.initContainers{wait-for-postgres}: Started container wait-for-postgres
  Normal  Pulled     46s   kubelet            spec.initContainers{wait-for-nanomq}: Container image "busybox:1.36" already present on machine
  Normal  Created    46s   kubelet            spec.initContainers{wait-for-nanomq}: Created container: wait-for-nanomq
  Normal  Started    46s   kubelet            spec.initContainers{wait-for-nanomq}: Started container wait-for-nanomq
  Normal  Pulled     45s   kubelet            spec.containers{hermod-coordinator}: Container image "hermod-coordinator:latest" already present on machine
  Normal  Created    45s   kubelet            spec.containers{hermod-coordinator}: Created container: hermod-coordinator
  Normal  Started    45s   kubelet            spec.containers{hermod-coordinator}: Started container hermod-coordinator


Name:             nanomq-756fd88db6-7k858
Namespace:        translator-zigbee
Priority:         0
Service Account:  default
Node:             <pi-host>/<pi-ip>
Start Time:       Mon, 27 Apr 2026 09:52:52 +0200
Labels:           app=nanomq
                  pod-template-hash=756fd88db6
Annotations:      cni.projectcalico.org/containerID: f68917fdb6d5fd3ef7b3460dc9ac51bf0b1a84031e3fb47f6c871b391cca24dd
                  cni.projectcalico.org/podIP: <pod-ip>/32
                  cni.projectcalico.org/podIPs: <pod-ip>/32
Status:           Running
IP:               <pod-ip>
IPs:
  IP:           <pod-ip>
Controlled By:  ReplicaSet/nanomq-756fd88db6
Containers:
  nanomq:
    Container ID:   containerd://480eeb895e24a6a50602e6f2f95d3b5b3cfced0cad9a460bca746b8b3fd2bc0d
    Image:          emqx/nanomq:0.21-slim
    Image ID:       docker.io/emqx/nanomq@sha256:53bea7acb547aced1cc45e08c514628f1e41c4da9ad544fd8c5fa96d3e9eb41b
    Ports:          1883/TCP (mqtt), 8081/TCP (http)
    Host Ports:     0/TCP (mqtt), 0/TCP (http)
    State:          Running
      Started:      Mon, 27 Apr 2026 09:52:53 +0200
    Ready:          True
    Restart Count:  0
    Limits:
      cpu:     1
      memory:  512Mi
    Requests:
      cpu:        50m
      memory:     64Mi
    Readiness:    tcp-socket :1883 delay=3s timeout=1s period=5s #success=1 #failure=3
    Environment:  <none>
    Mounts:
      /etc/nanomq.conf from config (rw,path="nanomq.conf")
      /var/run/secrets/kubernetes.io/serviceaccount from kube-api-access-tcmf7 (ro)
Conditions:
  Type                        Status
  PodReadyToStartContainers   True 
  Initialized                 True 
  Ready                       True 
  ContainersReady             True 
  PodScheduled                True 
Volumes:
  config:
    Type:      ConfigMap (a volume populated by a ConfigMap)
    Name:      nanomq-config
    Optional:  false
  kube-api-access-tcmf7:
    Type:                    Projected (a volume that contains injected data from multiple sources)
    TokenExpirationSeconds:  3607
    ConfigMapName:           kube-root-ca.crt
    Optional:                false
    DownwardAPI:             true
QoS Class:                   Burstable
Node-Selectors:              <none>
Tolerations:                 node.kubernetes.io/not-ready:NoExecute op=Exists for 300s
                             node.kubernetes.io/unreachable:NoExecute op=Exists for 300s
Events:
  Type    Reason     Age   From               Message
  ----    ------     ----  ----               -------
  Normal  Scheduled  73s   default-scheduler  Successfully assigned translator-zigbee/nanomq-756fd88db6-7k858 to <pi-host>
  Normal  Pulled     72s   kubelet            spec.containers{nanomq}: Container image "emqx/nanomq:0.21-slim" already present on machine
  Normal  Created    72s   kubelet            spec.containers{nanomq}: Created container: nanomq
  Normal  Started    72s   kubelet            spec.containers{nanomq}: Started container nanomq


Name:             postgres-0
Namespace:        translator-zigbee
Priority:         0
Service Account:  default
Node:             <pi-host>/<pi-ip>
Start Time:       Mon, 27 Apr 2026 09:52:58 +0200
Labels:           app=postgres
                  apps.kubernetes.io/pod-index=0
                  controller-revision-hash=postgres-848ccb988d
                  statefulset.kubernetes.io/pod-name=postgres-0
Annotations:      cni.projectcalico.org/containerID: 006d092a18672fa9e728a5b435a4d67a77871b40812ee6c28f8ffab3c1cf181d
                  cni.projectcalico.org/podIP: <pod-ip>/32
                  cni.projectcalico.org/podIPs: <pod-ip>/32
Status:           Running
IP:               <pod-ip>
IPs:
  IP:           <pod-ip>
Controlled By:  StatefulSet/postgres
Containers:
  postgres:
    Container ID:   containerd://f76b36dbb6ed02991c69860f3495b292fe266300a98a8c52d4d1fd1711a4d864
    Image:          postgres:17-alpine
    Image ID:       docker.io/library/postgres@sha256:778d0b486d6daa02b77434d0358ec57a1b21fd8b6d22ac2eef56a33e816928f6
    Port:           5432/TCP
    Host Port:      0/TCP
    State:          Running
      Started:      Mon, 27 Apr 2026 09:52:59 +0200
    Ready:          True
    Restart Count:  0
    Limits:
      cpu:     1500m
      memory:  1536Mi
    Requests:
      cpu:      100m
      memory:   256Mi
    Readiness:  exec [pg_isready -U postgres] delay=5s timeout=1s period=5s #success=1 #failure=3
    Environment:
      POSTGRES_DB:        postgres
      POSTGRES_USER:      postgres
      POSTGRES_PASSWORD:  <set to the key 'postgres-superuser-password' in secret 'hermod-secrets'>  Optional: false
    Mounts:
      /docker-entrypoint-initdb.d from init (rw)
      /var/lib/postgresql/data from data (rw)
      /var/run/secrets/kubernetes.io/serviceaccount from kube-api-access-s775r (ro)
Conditions:
  Type                        Status
  PodReadyToStartContainers   True 
  Initialized                 True 
  Ready                       True 
  ContainersReady             True 
  PodScheduled                True 
Volumes:
  data:
    Type:       PersistentVolumeClaim (a reference to a PersistentVolumeClaim in the same namespace)
    ClaimName:  data-postgres-0
    ReadOnly:   false
  init:
    Type:      ConfigMap (a volume populated by a ConfigMap)
    Name:      postgres-init
    Optional:  false
  kube-api-access-s775r:
    Type:                    Projected (a volume that contains injected data from multiple sources)
    TokenExpirationSeconds:  3607
    ConfigMapName:           kube-root-ca.crt
    Optional:                false
    DownwardAPI:             true
QoS Class:                   Burstable
Node-Selectors:              <none>
Tolerations:                 node.kubernetes.io/not-ready:NoExecute op=Exists for 300s
                             node.kubernetes.io/unreachable:NoExecute op=Exists for 300s
Events:
  Type    Reason     Age   From               Message
  ----    ------     ----  ----               -------
  Normal  Scheduled  67s   default-scheduler  Successfully assigned translator-zigbee/postgres-0 to <pi-host>
  Normal  Pulled     67s   kubelet            spec.containers{postgres}: Container image "postgres:17-alpine" already present on machine
  Normal  Created    67s   kubelet            spec.containers{postgres}: Created container: postgres
  Normal  Started    67s   kubelet            spec.containers{postgres}: Started container postgres


Name:             zigbee2mqtt-6b85d5787-hfqp6
Namespace:        translator-zigbee
Priority:         0
Service Account:  default
Node:             <pi-host>/<pi-ip>
Start Time:       Mon, 27 Apr 2026 09:52:52 +0200
Labels:           app=zigbee2mqtt
                  pod-template-hash=6b85d5787
Annotations:      cni.projectcalico.org/containerID: 945e0fd22ec1a56b36a59771ef689cb52560ac9f3b725176dbd634431be110bd
                  cni.projectcalico.org/podIP: <pod-ip>/32
                  cni.projectcalico.org/podIPs: <pod-ip>/32
Status:           Running
IP:               <pod-ip>
IPs:
  IP:           <pod-ip>
Controlled By:  ReplicaSet/zigbee2mqtt-6b85d5787
Init Containers:
  seed-config:
    Container ID:  containerd://425d2c3d7f1796a5c23ff1c62a02f58918b092cd754eebb5e227552df216432b
    Image:         busybox:latest
    Image ID:      docker.io/library/busybox@sha256:1487d0af5f52b4ba31c7e465126ee2123fe3f2305d638e7827681e7cf6c83d5e
    Port:          <none>
    Host Port:     <none>
    Command:
      sh
      -c
      cp /tmp/cm/configuration.yaml /app/data/configuration.yaml && chmod 0644 /app/data/configuration.yaml
    State:          Terminated
      Reason:       Completed
      Exit Code:    0
      Started:      Mon, 27 Apr 2026 09:52:54 +0200
      Finished:     Mon, 27 Apr 2026 09:52:54 +0200
    Ready:          True
    Restart Count:  0
    Environment:    <none>
    Mounts:
      /app/data from data (rw)
      /tmp/cm from config-cm (rw)
      /var/run/secrets/kubernetes.io/serviceaccount from kube-api-access-4xq2n (ro)
Containers:
  zigbee2mqtt:
    Container ID:   containerd://fc5ad13fc4216bfb9aec82f1144fc8c5734bc87c8c93b7e995b228c3a637a4ba
    Image:          koenkk/zigbee2mqtt:latest
    Image ID:       docker.io/koenkk/zigbee2mqtt@sha256:2a21bbf7a664a149024bbe1f776e3151f28ed9db15948270dcbffb89544a41f0
    Port:           8080/TCP (http)
    Host Port:      0/TCP (http)
    State:          Running
      Started:      Mon, 27 Apr 2026 09:52:55 +0200
    Ready:          True
    Restart Count:  0
    Limits:
      cpu:     1
      memory:  512Mi
    Requests:
      cpu:     100m
      memory:  128Mi
    Environment:
      TZ:                                Europe/Bratislava
      ZIGBEE2MQTT_CONFIG_MQTT_USER:      <set to the key 'mqtt-username' in secret 'hermod-secrets'>  Optional: false
      ZIGBEE2MQTT_CONFIG_MQTT_PASSWORD:  <set to the key 'mqtt-password' in secret 'hermod-secrets'>  Optional: false
    Mounts:
      /app/data from data (rw)
      /dev/ttyUSB0 from zigbee-device (rw)
      /var/run/secrets/kubernetes.io/serviceaccount from kube-api-access-4xq2n (ro)
Conditions:
  Type                        Status
  PodReadyToStartContainers   True 
  Initialized                 True 
  Ready                       True 
  ContainersReady             True 
  PodScheduled                True 
Volumes:
  data:
    Type:       EmptyDir (a temporary directory that shares a pod's lifetime)
    Medium:     
    SizeLimit:  <unset>
  config-cm:
    Type:      ConfigMap (a volume populated by a ConfigMap)
    Name:      zigbee2mqtt-config
    Optional:  false
  zigbee-device:
    Type:          HostPath (bare host directory volume)
    Path:          /dev/ttyUSB0
    HostPathType:  CharDevice
  kube-api-access-4xq2n:
    Type:                    Projected (a volume that contains injected data from multiple sources)
    TokenExpirationSeconds:  3607
    ConfigMapName:           kube-root-ca.crt
    Optional:                false
    DownwardAPI:             true
QoS Class:                   Burstable
Node-Selectors:              hermod.io/zigbee=true
Tolerations:                 node.kubernetes.io/not-ready:NoExecute op=Exists for 300s
                             node.kubernetes.io/unreachable:NoExecute op=Exists for 300s
Events:
  Type    Reason     Age   From               Message
  ----    ------     ----  ----               -------
  Normal  Scheduled  73s   default-scheduler  Successfully assigned translator-zigbee/zigbee2mqtt-6b85d5787-hfqp6 to <pi-host>
  Normal  Pulled     73s   kubelet            spec.initContainers{seed-config}: Container image "busybox:latest" already present on machine
  Normal  Created    73s   kubelet            spec.initContainers{seed-config}: Created container: seed-config
  Normal  Started    72s   kubelet            spec.initContainers{seed-config}: Started container seed-config
  Normal  Pulled     72s   kubelet            spec.containers{zigbee2mqtt}: Container image "koenkk/zigbee2mqtt:latest" already present on machine
  Normal  Created    71s   kubelet            spec.containers{zigbee2mqtt}: Created container: zigbee2mqtt
  Normal  Started    71s   kubelet            spec.containers{zigbee2mqtt}: Started container zigbee2mqtt

=== ts=1777276451 ===
Name:             hermod-coordinator-7d7b88cc46-hnhsd
Namespace:        translator-zigbee
Priority:         0
Service Account:  default
Node:             <pi-host>/<pi-ip>
Start Time:       Mon, 27 Apr 2026 09:53:17 +0200
Labels:           app=hermod-coordinator
                  pod-template-hash=7d7b88cc46
Annotations:      cni.projectcalico.org/containerID: 29dd33c590284941ac26f11ce89e47701bca669c6fa6a39dfb3a42148d14863c
                  cni.projectcalico.org/podIP: <pod-ip>/32
                  cni.projectcalico.org/podIPs: <pod-ip>/32
Status:           Running
IP:               <pod-ip>
IPs:
  IP:           <pod-ip>
Controlled By:  ReplicaSet/hermod-coordinator-7d7b88cc46
Init Containers:
  wait-for-postgres:
    Container ID:  containerd://b735ec22ca4fc4068c9ce71d1813ee4b5d3068bca9fbb01e233f111cba80d489
    Image:         busybox:1.36
    Image ID:      docker.io/library/busybox@sha256:73aaf090f3d85aa34ee199857f03fa3a95c8ede2ffd4cc2cdb5b94e566b11662
    Port:          <none>
    Host Port:     <none>
    Command:
      sh
      -c
      until nc -z postgres 5432; do sleep 2; done
    State:          Terminated
      Reason:       Completed
      Exit Code:    0
      Started:      Mon, 27 Apr 2026 09:53:18 +0200
      Finished:     Mon, 27 Apr 2026 09:53:18 +0200
    Ready:          True
    Restart Count:  0
    Environment:
      Hermod__Features__DeviceStateTracking:    true
      Hermod__Engine__LogBatchSize:             100
      Hermod__Engine__LogBatching:              true
      Hermod__Engine__Parallelism:              0
      Hermod__Features__MessagePersistence:     true
      Hermod__Features__RuleAuditLog:           true
      Hermod__Features__RuleCache:              true
      Hermod__Features__StatsRollup:            true
      Hermod__Storage__Mode:                    Postgres
      Logging__LogLevel__Hermod:                Information
      Logging__LogLevel__Microsoft.AspNetCore:  Warning
    Mounts:
      /var/run/secrets/kubernetes.io/serviceaccount from kube-api-access-jx7xr (ro)
  wait-for-nanomq:
    Container ID:  containerd://16133d1264b40b8023c68fae5d2c08f3c8ddf43ec02d29421d460893aab9db46
    Image:         busybox:1.36
    Image ID:      docker.io/library/busybox@sha256:73aaf090f3d85aa34ee199857f03fa3a95c8ede2ffd4cc2cdb5b94e566b11662
    Port:          <none>
    Host Port:     <none>
    Command:
      sh
      -c
      until nc -z nanomq 1883; do sleep 2; done
    State:          Terminated
      Reason:       Completed
      Exit Code:    0
      Started:      Mon, 27 Apr 2026 09:53:19 +0200
      Finished:     Mon, 27 Apr 2026 09:53:19 +0200
    Ready:          True
    Restart Count:  0
    Environment:
      Hermod__Features__DeviceStateTracking:    true
      Hermod__Engine__LogBatchSize:             100
      Hermod__Engine__LogBatching:              true
      Hermod__Engine__Parallelism:              0
      Hermod__Features__MessagePersistence:     true
      Hermod__Features__RuleAuditLog:           true
      Hermod__Features__RuleCache:              true
      Hermod__Features__StatsRollup:            true
      Hermod__Storage__Mode:                    Postgres
      Logging__LogLevel__Hermod:                Information
      Logging__LogLevel__Microsoft.AspNetCore:  Warning
    Mounts:
      /var/run/secrets/kubernetes.io/serviceaccount from kube-api-access-jx7xr (ro)
Containers:
  hermod-coordinator:
    Container ID:   containerd://8bc8e597bde7e2e74a647eb24d90960d221d7add66230cddeca440fb6b8cbad2
    Image:          hermod-coordinator:latest
    Image ID:       sha256:ca91ccdfcd269dd5e4e25d5ffe8d863ca5db57e5c4f62f08c8adf90d23c15eaf
    Port:           42069/TCP (http)
    Host Port:      0/TCP (http)
    State:          Running
      Started:      Mon, 27 Apr 2026 09:53:20 +0200
    Ready:          True
    Restart Count:  0
    Limits:
      cpu:     1500m
      memory:  1536Mi
    Requests:
      cpu:      200m
      memory:   256Mi
    Liveness:   http-get http://:42069/healthz delay=60s timeout=1s period=30s #success=1 #failure=3
    Readiness:  http-get http://:42069/healthz/ready delay=5s timeout=1s period=10s #success=1 #failure=3
    Startup:    http-get http://:42069/healthz delay=0s timeout=1s period=5s #success=1 #failure=30
    Environment:
      ASPNETCORE_ENVIRONMENT:                   Production
      ASPNETCORE_URLS:                          http://+:42069
      DOTNET_USE_POLLING_FILE_WATCHER:          true
      Hermod__Security__AuthBypass:             true
      Hermod__Security__VaultRequireHttps:      false
      Hermod__Features__MetricsEndpoint:        true
      Hermod__Dev__Endpoints:                   true
      Hermod__Mqtt__Host:                       nanomq
      Hermod__Mqtt__Port:                       1883
      Hermod__Mqtt__UseTls:                     false
      Hermod__Mqtt__Tls__UseTls:                false
      Hermod__Mqtt__Username:                   <set to the key 'mqtt-username' in secret 'hermod-secrets'>  Optional: false
      Hermod__Mqtt__Password:                   <set to the key 'mqtt-password' in secret 'hermod-secrets'>  Optional: false
      Hermod__Database__ConnectionString:       Host=postgres;Port=5432;Database=hermod;Username=hermod_app
      Hermod__Database__Password:               <set to the key 'hermod-db-password' in secret 'hermod-db-credentials'>  Optional: false
      Hermod__Features__DeviceStateTracking:    true
      Hermod__Engine__LogBatchSize:             100
      Hermod__Engine__LogBatching:              true
      Hermod__Engine__Parallelism:              0
      Hermod__Features__MessagePersistence:     true
      Hermod__Features__RuleAuditLog:           true
      Hermod__Features__RuleCache:              true
      Hermod__Features__StatsRollup:            true
      Hermod__Storage__Mode:                    Postgres
      Logging__LogLevel__Hermod:                Information
      Logging__LogLevel__Microsoft.AspNetCore:  Warning
    Mounts:
      /var/run/secrets/kubernetes.io/serviceaccount from kube-api-access-jx7xr (ro)
Conditions:
  Type                        Status
  PodReadyToStartContainers   True 
  Initialized                 True 
  Ready                       True 
  ContainersReady             True 
  PodScheduled                True 
Volumes:
  kube-api-access-jx7xr:
    Type:                    Projected (a volume that contains injected data from multiple sources)
    TokenExpirationSeconds:  3607
    ConfigMapName:           kube-root-ca.crt
    Optional:                false
    DownwardAPI:             true
QoS Class:                   Burstable
Node-Selectors:              <none>
Tolerations:                 node.kubernetes.io/not-ready:NoExecute op=Exists for 300s
                             node.kubernetes.io/unreachable:NoExecute op=Exists for 300s
Events:
  Type    Reason     Age   From               Message
  ----    ------     ----  ----               -------
  Normal  Scheduled  54s   default-scheduler  Successfully assigned translator-zigbee/hermod-coordinator-7d7b88cc46-hnhsd to <pi-host>
  Normal  Pulled     53s   kubelet            spec.initContainers{wait-for-postgres}: Container image "busybox:1.36" already present on machine
  Normal  Created    53s   kubelet            spec.initContainers{wait-for-postgres}: Created container: wait-for-postgres
  Normal  Started    53s   kubelet            spec.initContainers{wait-for-postgres}: Started container wait-for-postgres
  Normal  Pulled     52s   kubelet            spec.initContainers{wait-for-nanomq}: Container image "busybox:1.36" already present on machine
  Normal  Created    52s   kubelet            spec.initContainers{wait-for-nanomq}: Created container: wait-for-nanomq
  Normal  Started    52s   kubelet            spec.initContainers{wait-for-nanomq}: Started container wait-for-nanomq
  Normal  Pulled     51s   kubelet            spec.containers{hermod-coordinator}: Container image "hermod-coordinator:latest" already present on machine
  Normal  Created    51s   kubelet            spec.containers{hermod-coordinator}: Created container: hermod-coordinator
  Normal  Started    51s   kubelet            spec.containers{hermod-coordinator}: Started container hermod-coordinator


Name:             nanomq-756fd88db6-7k858
Namespace:        translator-zigbee
Priority:         0
Service Account:  default
Node:             <pi-host>/<pi-ip>
Start Time:       Mon, 27 Apr 2026 09:52:52 +0200
Labels:           app=nanomq
                  pod-template-hash=756fd88db6
Annotations:      cni.projectcalico.org/containerID: f68917fdb6d5fd3ef7b3460dc9ac51bf0b1a84031e3fb47f6c871b391cca24dd
                  cni.projectcalico.org/podIP: <pod-ip>/32
                  cni.projectcalico.org/podIPs: <pod-ip>/32
Status:           Running
IP:               <pod-ip>
IPs:
  IP:           <pod-ip>
Controlled By:  ReplicaSet/nanomq-756fd88db6
Containers:
  nanomq:
    Container ID:   containerd://480eeb895e24a6a50602e6f2f95d3b5b3cfced0cad9a460bca746b8b3fd2bc0d
    Image:          emqx/nanomq:0.21-slim
    Image ID:       docker.io/emqx/nanomq@sha256:53bea7acb547aced1cc45e08c514628f1e41c4da9ad544fd8c5fa96d3e9eb41b
    Ports:          1883/TCP (mqtt), 8081/TCP (http)
    Host Ports:     0/TCP (mqtt), 0/TCP (http)
    State:          Running
      Started:      Mon, 27 Apr 2026 09:52:53 +0200
    Ready:          True
    Restart Count:  0
    Limits:
      cpu:     1
      memory:  512Mi
    Requests:
      cpu:        50m
      memory:     64Mi
    Readiness:    tcp-socket :1883 delay=3s timeout=1s period=5s #success=1 #failure=3
    Environment:  <none>
    Mounts:
      /etc/nanomq.conf from config (rw,path="nanomq.conf")
      /var/run/secrets/kubernetes.io/serviceaccount from kube-api-access-tcmf7 (ro)
Conditions:
  Type                        Status
  PodReadyToStartContainers   True 
  Initialized                 True 
  Ready                       True 
  ContainersReady             True 
  PodScheduled                True 
Volumes:
  config:
    Type:      ConfigMap (a volume populated by a ConfigMap)
    Name:      nanomq-config
    Optional:  false
  kube-api-access-tcmf7:
    Type:                    Projected (a volume that contains injected data from multiple sources)
    TokenExpirationSeconds:  3607
    ConfigMapName:           kube-root-ca.crt
    Optional:                false
    DownwardAPI:             true
QoS Class:                   Burstable
Node-Selectors:              <none>
Tolerations:                 node.kubernetes.io/not-ready:NoExecute op=Exists for 300s
                             node.kubernetes.io/unreachable:NoExecute op=Exists for 300s
Events:
  Type    Reason     Age   From               Message
  ----    ------     ----  ----               -------
  Normal  Scheduled  79s   default-scheduler  Successfully assigned translator-zigbee/nanomq-756fd88db6-7k858 to <pi-host>
  Normal  Pulled     78s   kubelet            spec.containers{nanomq}: Container image "emqx/nanomq:0.21-slim" already present on machine
  Normal  Created    78s   kubelet            spec.containers{nanomq}: Created container: nanomq
  Normal  Started    78s   kubelet            spec.containers{nanomq}: Started container nanomq


Name:             postgres-0
Namespace:        translator-zigbee
Priority:         0
Service Account:  default
Node:             <pi-host>/<pi-ip>
Start Time:       Mon, 27 Apr 2026 09:52:58 +0200
Labels:           app=postgres
                  apps.kubernetes.io/pod-index=0
                  controller-revision-hash=postgres-848ccb988d
                  statefulset.kubernetes.io/pod-name=postgres-0
Annotations:      cni.projectcalico.org/containerID: 006d092a18672fa9e728a5b435a4d67a77871b40812ee6c28f8ffab3c1cf181d
                  cni.projectcalico.org/podIP: <pod-ip>/32
                  cni.projectcalico.org/podIPs: <pod-ip>/32
Status:           Running
IP:               <pod-ip>
IPs:
  IP:           <pod-ip>
Controlled By:  StatefulSet/postgres
Containers:
  postgres:
    Container ID:   containerd://f76b36dbb6ed02991c69860f3495b292fe266300a98a8c52d4d1fd1711a4d864
    Image:          postgres:17-alpine
    Image ID:       docker.io/library/postgres@sha256:778d0b486d6daa02b77434d0358ec57a1b21fd8b6d22ac2eef56a33e816928f6
    Port:           5432/TCP
    Host Port:      0/TCP
    State:          Running
      Started:      Mon, 27 Apr 2026 09:52:59 +0200
    Ready:          True
    Restart Count:  0
    Limits:
      cpu:     1500m
      memory:  1536Mi
    Requests:
      cpu:      100m
      memory:   256Mi
    Readiness:  exec [pg_isready -U postgres] delay=5s timeout=1s period=5s #success=1 #failure=3
    Environment:
      POSTGRES_DB:        postgres
      POSTGRES_USER:      postgres
      POSTGRES_PASSWORD:  <set to the key 'postgres-superuser-password' in secret 'hermod-secrets'>  Optional: false
    Mounts:
      /docker-entrypoint-initdb.d from init (rw)
      /var/lib/postgresql/data from data (rw)
      /var/run/secrets/kubernetes.io/serviceaccount from kube-api-access-s775r (ro)
Conditions:
  Type                        Status
  PodReadyToStartContainers   True 
  Initialized                 True 
  Ready                       True 
  ContainersReady             True 
  PodScheduled                True 
Volumes:
  data:
    Type:       PersistentVolumeClaim (a reference to a PersistentVolumeClaim in the same namespace)
    ClaimName:  data-postgres-0
    ReadOnly:   false
  init:
    Type:      ConfigMap (a volume populated by a ConfigMap)
    Name:      postgres-init
    Optional:  false
  kube-api-access-s775r:
    Type:                    Projected (a volume that contains injected data from multiple sources)
    TokenExpirationSeconds:  3607
    ConfigMapName:           kube-root-ca.crt
    Optional:                false
    DownwardAPI:             true
QoS Class:                   Burstable
Node-Selectors:              <none>
Tolerations:                 node.kubernetes.io/not-ready:NoExecute op=Exists for 300s
                             node.kubernetes.io/unreachable:NoExecute op=Exists for 300s
Events:
  Type    Reason     Age   From               Message
  ----    ------     ----  ----               -------
  Normal  Scheduled  73s   default-scheduler  Successfully assigned translator-zigbee/postgres-0 to <pi-host>
  Normal  Pulled     72s   kubelet            spec.containers{postgres}: Container image "postgres:17-alpine" already present on machine
  Normal  Created    72s   kubelet            spec.containers{postgres}: Created container: postgres
  Normal  Started    72s   kubelet            spec.containers{postgres}: Started container postgres


Name:             zigbee2mqtt-6b85d5787-hfqp6
Namespace:        translator-zigbee
Priority:         0
Service Account:  default
Node:             <pi-host>/<pi-ip>
Start Time:       Mon, 27 Apr 2026 09:52:52 +0200
Labels:           app=zigbee2mqtt
                  pod-template-hash=6b85d5787
Annotations:      cni.projectcalico.org/containerID: 945e0fd22ec1a56b36a59771ef689cb52560ac9f3b725176dbd634431be110bd
                  cni.projectcalico.org/podIP: <pod-ip>/32
                  cni.projectcalico.org/podIPs: <pod-ip>/32
Status:           Running
IP:               <pod-ip>
IPs:
  IP:           <pod-ip>
Controlled By:  ReplicaSet/zigbee2mqtt-6b85d5787
Init Containers:
  seed-config:
    Container ID:  containerd://425d2c3d7f1796a5c23ff1c62a02f58918b092cd754eebb5e227552df216432b
    Image:         busybox:latest
    Image ID:      docker.io/library/busybox@sha256:1487d0af5f52b4ba31c7e465126ee2123fe3f2305d638e7827681e7cf6c83d5e
    Port:          <none>
    Host Port:     <none>
    Command:
      sh
      -c
      cp /tmp/cm/configuration.yaml /app/data/configuration.yaml && chmod 0644 /app/data/configuration.yaml
    State:          Terminated
      Reason:       Completed
      Exit Code:    0
      Started:      Mon, 27 Apr 2026 09:52:54 +0200
      Finished:     Mon, 27 Apr 2026 09:52:54 +0200
    Ready:          True
    Restart Count:  0
    Environment:    <none>
    Mounts:
      /app/data from data (rw)
      /tmp/cm from config-cm (rw)
      /var/run/secrets/kubernetes.io/serviceaccount from kube-api-access-4xq2n (ro)
Containers:
  zigbee2mqtt:
    Container ID:   containerd://fc5ad13fc4216bfb9aec82f1144fc8c5734bc87c8c93b7e995b228c3a637a4ba
    Image:          koenkk/zigbee2mqtt:latest
    Image ID:       docker.io/koenkk/zigbee2mqtt@sha256:2a21bbf7a664a149024bbe1f776e3151f28ed9db15948270dcbffb89544a41f0
    Port:           8080/TCP (http)
    Host Port:      0/TCP (http)
    State:          Running
      Started:      Mon, 27 Apr 2026 09:52:55 +0200
    Ready:          True
    Restart Count:  0
    Limits:
      cpu:     1
      memory:  512Mi
    Requests:
      cpu:     100m
      memory:  128Mi
    Environment:
      TZ:                                Europe/Bratislava
      ZIGBEE2MQTT_CONFIG_MQTT_USER:      <set to the key 'mqtt-username' in secret 'hermod-secrets'>  Optional: false
      ZIGBEE2MQTT_CONFIG_MQTT_PASSWORD:  <set to the key 'mqtt-password' in secret 'hermod-secrets'>  Optional: false
    Mounts:
      /app/data from data (rw)
      /dev/ttyUSB0 from zigbee-device (rw)
      /var/run/secrets/kubernetes.io/serviceaccount from kube-api-access-4xq2n (ro)
Conditions:
  Type                        Status
  PodReadyToStartContainers   True 
  Initialized                 True 
  Ready                       True 
  ContainersReady             True 
  PodScheduled                True 
Volumes:
  data:
    Type:       EmptyDir (a temporary directory that shares a pod's lifetime)
    Medium:     
    SizeLimit:  <unset>
  config-cm:
    Type:      ConfigMap (a volume populated by a ConfigMap)
    Name:      zigbee2mqtt-config
    Optional:  false
  zigbee-device:
    Type:          HostPath (bare host directory volume)
    Path:          /dev/ttyUSB0
    HostPathType:  CharDevice
  kube-api-access-4xq2n:
    Type:                    Projected (a volume that contains injected data from multiple sources)
    TokenExpirationSeconds:  3607
    ConfigMapName:           kube-root-ca.crt
    Optional:                false
    DownwardAPI:             true
QoS Class:                   Burstable
Node-Selectors:              hermod.io/zigbee=true
Tolerations:                 node.kubernetes.io/not-ready:NoExecute op=Exists for 300s
                             node.kubernetes.io/unreachable:NoExecute op=Exists for 300s
Events:
  Type    Reason     Age   From               Message
  ----    ------     ----  ----               -------
  Normal  Scheduled  79s   default-scheduler  Successfully assigned translator-zigbee/zigbee2mqtt-6b85d5787-hfqp6 to <pi-host>
  Normal  Pulled     78s   kubelet            spec.initContainers{seed-config}: Container image "busybox:latest" already present on machine
  Normal  Created    78s   kubelet            spec.initContainers{seed-config}: Created container: seed-config
  Normal  Started    77s   kubelet            spec.initContainers{seed-config}: Started container seed-config
  Normal  Pulled     77s   kubelet            spec.containers{zigbee2mqtt}: Container image "koenkk/zigbee2mqtt:latest" already present on machine
  Normal  Created    76s   kubelet            spec.containers{zigbee2mqtt}: Created container: zigbee2mqtt
  Normal  Started    76s   kubelet            spec.containers{zigbee2mqtt}: Started container zigbee2mqtt

=== ts=1777276457 ===
Name:             hermod-coordinator-7d7b88cc46-hnhsd
Namespace:        translator-zigbee
Priority:         0
Service Account:  default
Node:             <pi-host>/<pi-ip>
Start Time:       Mon, 27 Apr 2026 09:53:17 +0200
Labels:           app=hermod-coordinator
                  pod-template-hash=7d7b88cc46
Annotations:      cni.projectcalico.org/containerID: 29dd33c590284941ac26f11ce89e47701bca669c6fa6a39dfb3a42148d14863c
                  cni.projectcalico.org/podIP: <pod-ip>/32
                  cni.projectcalico.org/podIPs: <pod-ip>/32
Status:           Running
IP:               <pod-ip>
IPs:
  IP:           <pod-ip>
Controlled By:  ReplicaSet/hermod-coordinator-7d7b88cc46
Init Containers:
  wait-for-postgres:
    Container ID:  containerd://b735ec22ca4fc4068c9ce71d1813ee4b5d3068bca9fbb01e233f111cba80d489
    Image:         busybox:1.36
    Image ID:      docker.io/library/busybox@sha256:73aaf090f3d85aa34ee199857f03fa3a95c8ede2ffd4cc2cdb5b94e566b11662
    Port:          <none>
    Host Port:     <none>
    Command:
      sh
      -c
      until nc -z postgres 5432; do sleep 2; done
    State:          Terminated
      Reason:       Completed
      Exit Code:    0
      Started:      Mon, 27 Apr 2026 09:53:18 +0200
      Finished:     Mon, 27 Apr 2026 09:53:18 +0200
    Ready:          True
    Restart Count:  0
    Environment:
      Hermod__Features__DeviceStateTracking:    true
      Hermod__Engine__LogBatchSize:             100
      Hermod__Engine__LogBatching:              true
      Hermod__Engine__Parallelism:              0
      Hermod__Features__MessagePersistence:     true
      Hermod__Features__RuleAuditLog:           true
      Hermod__Features__RuleCache:              true
      Hermod__Features__StatsRollup:            true
      Hermod__Storage__Mode:                    Postgres
      Logging__LogLevel__Hermod:                Information
      Logging__LogLevel__Microsoft.AspNetCore:  Warning
    Mounts:
      /var/run/secrets/kubernetes.io/serviceaccount from kube-api-access-jx7xr (ro)
  wait-for-nanomq:
    Container ID:  containerd://16133d1264b40b8023c68fae5d2c08f3c8ddf43ec02d29421d460893aab9db46
    Image:         busybox:1.36
    Image ID:      docker.io/library/busybox@sha256:73aaf090f3d85aa34ee199857f03fa3a95c8ede2ffd4cc2cdb5b94e566b11662
    Port:          <none>
    Host Port:     <none>
    Command:
      sh
      -c
      until nc -z nanomq 1883; do sleep 2; done
    State:          Terminated
      Reason:       Completed
      Exit Code:    0
      Started:      Mon, 27 Apr 2026 09:53:19 +0200
      Finished:     Mon, 27 Apr 2026 09:53:19 +0200
    Ready:          True
    Restart Count:  0
    Environment:
      Hermod__Features__DeviceStateTracking:    true
      Hermod__Engine__LogBatchSize:             100
      Hermod__Engine__LogBatching:              true
      Hermod__Engine__Parallelism:              0
      Hermod__Features__MessagePersistence:     true
      Hermod__Features__RuleAuditLog:           true
      Hermod__Features__RuleCache:              true
      Hermod__Features__StatsRollup:            true
      Hermod__Storage__Mode:                    Postgres
      Logging__LogLevel__Hermod:                Information
      Logging__LogLevel__Microsoft.AspNetCore:  Warning
    Mounts:
      /var/run/secrets/kubernetes.io/serviceaccount from kube-api-access-jx7xr (ro)
Containers:
  hermod-coordinator:
    Container ID:   containerd://8bc8e597bde7e2e74a647eb24d90960d221d7add66230cddeca440fb6b8cbad2
    Image:          hermod-coordinator:latest
    Image ID:       sha256:ca91ccdfcd269dd5e4e25d5ffe8d863ca5db57e5c4f62f08c8adf90d23c15eaf
    Port:           42069/TCP (http)
    Host Port:      0/TCP (http)
    State:          Running
      Started:      Mon, 27 Apr 2026 09:53:20 +0200
    Ready:          True
    Restart Count:  0
    Limits:
      cpu:     1500m
      memory:  1536Mi
    Requests:
      cpu:      200m
      memory:   256Mi
    Liveness:   http-get http://:42069/healthz delay=60s timeout=1s period=30s #success=1 #failure=3
    Readiness:  http-get http://:42069/healthz/ready delay=5s timeout=1s period=10s #success=1 #failure=3
    Startup:    http-get http://:42069/healthz delay=0s timeout=1s period=5s #success=1 #failure=30
    Environment:
      ASPNETCORE_ENVIRONMENT:                   Production
      ASPNETCORE_URLS:                          http://+:42069
      DOTNET_USE_POLLING_FILE_WATCHER:          true
      Hermod__Security__AuthBypass:             true
      Hermod__Security__VaultRequireHttps:      false
      Hermod__Features__MetricsEndpoint:        true
      Hermod__Dev__Endpoints:                   true
      Hermod__Mqtt__Host:                       nanomq
      Hermod__Mqtt__Port:                       1883
      Hermod__Mqtt__UseTls:                     false
      Hermod__Mqtt__Tls__UseTls:                false
      Hermod__Mqtt__Username:                   <set to the key 'mqtt-username' in secret 'hermod-secrets'>  Optional: false
      Hermod__Mqtt__Password:                   <set to the key 'mqtt-password' in secret 'hermod-secrets'>  Optional: false
      Hermod__Database__ConnectionString:       Host=postgres;Port=5432;Database=hermod;Username=hermod_app
      Hermod__Database__Password:               <set to the key 'hermod-db-password' in secret 'hermod-db-credentials'>  Optional: false
      Hermod__Features__DeviceStateTracking:    true
      Hermod__Engine__LogBatchSize:             100
      Hermod__Engine__LogBatching:              true
      Hermod__Engine__Parallelism:              0
      Hermod__Features__MessagePersistence:     true
      Hermod__Features__RuleAuditLog:           true
      Hermod__Features__RuleCache:              true
      Hermod__Features__StatsRollup:            true
      Hermod__Storage__Mode:                    Postgres
      Logging__LogLevel__Hermod:                Information
      Logging__LogLevel__Microsoft.AspNetCore:  Warning
    Mounts:
      /var/run/secrets/kubernetes.io/serviceaccount from kube-api-access-jx7xr (ro)
Conditions:
  Type                        Status
  PodReadyToStartContainers   True 
  Initialized                 True 
  Ready                       True 
  ContainersReady             True 
  PodScheduled                True 
Volumes:
  kube-api-access-jx7xr:
    Type:                    Projected (a volume that contains injected data from multiple sources)
    TokenExpirationSeconds:  3607
    ConfigMapName:           kube-root-ca.crt
    Optional:                false
    DownwardAPI:             true
QoS Class:                   Burstable
Node-Selectors:              <none>
Tolerations:                 node.kubernetes.io/not-ready:NoExecute op=Exists for 300s
                             node.kubernetes.io/unreachable:NoExecute op=Exists for 300s
Events:
  Type    Reason     Age   From               Message
  ----    ------     ----  ----               -------
  Normal  Scheduled  59s   default-scheduler  Successfully assigned translator-zigbee/hermod-coordinator-7d7b88cc46-hnhsd to <pi-host>
  Normal  Pulled     59s   kubelet            spec.initContainers{wait-for-postgres}: Container image "busybox:1.36" already present on machine
  Normal  Created    59s   kubelet            spec.initContainers{wait-for-postgres}: Created container: wait-for-postgres
  Normal  Started    59s   kubelet            spec.initContainers{wait-for-postgres}: Started container wait-for-postgres
  Normal  Pulled     58s   kubelet            spec.initContainers{wait-for-nanomq}: Container image "busybox:1.36" already present on machine
  Normal  Created    58s   kubelet            spec.initContainers{wait-for-nanomq}: Created container: wait-for-nanomq
  Normal  Started    58s   kubelet            spec.initContainers{wait-for-nanomq}: Started container wait-for-nanomq
  Normal  Pulled     57s   kubelet            spec.containers{hermod-coordinator}: Container image "hermod-coordinator:latest" already present on machine
  Normal  Created    57s   kubelet            spec.containers{hermod-coordinator}: Created container: hermod-coordinator
  Normal  Started    57s   kubelet            spec.containers{hermod-coordinator}: Started container hermod-coordinator


Name:             nanomq-756fd88db6-7k858
Namespace:        translator-zigbee
Priority:         0
Service Account:  default
Node:             <pi-host>/<pi-ip>
Start Time:       Mon, 27 Apr 2026 09:52:52 +0200
Labels:           app=nanomq
                  pod-template-hash=756fd88db6
Annotations:      cni.projectcalico.org/containerID: f68917fdb6d5fd3ef7b3460dc9ac51bf0b1a84031e3fb47f6c871b391cca24dd
                  cni.projectcalico.org/podIP: <pod-ip>/32
                  cni.projectcalico.org/podIPs: <pod-ip>/32
Status:           Running
IP:               <pod-ip>
IPs:
  IP:           <pod-ip>
Controlled By:  ReplicaSet/nanomq-756fd88db6
Containers:
  nanomq:
    Container ID:   containerd://480eeb895e24a6a50602e6f2f95d3b5b3cfced0cad9a460bca746b8b3fd2bc0d
    Image:          emqx/nanomq:0.21-slim
    Image ID:       docker.io/emqx/nanomq@sha256:53bea7acb547aced1cc45e08c514628f1e41c4da9ad544fd8c5fa96d3e9eb41b
    Ports:          1883/TCP (mqtt), 8081/TCP (http)
    Host Ports:     0/TCP (mqtt), 0/TCP (http)
    State:          Running
      Started:      Mon, 27 Apr 2026 09:52:53 +0200
    Ready:          True
    Restart Count:  0
    Limits:
      cpu:     1
      memory:  512Mi
    Requests:
      cpu:        50m
      memory:     64Mi
    Readiness:    tcp-socket :1883 delay=3s timeout=1s period=5s #success=1 #failure=3
    Environment:  <none>
    Mounts:
      /etc/nanomq.conf from config (rw,path="nanomq.conf")
      /var/run/secrets/kubernetes.io/serviceaccount from kube-api-access-tcmf7 (ro)
Conditions:
  Type                        Status
  PodReadyToStartContainers   True 
  Initialized                 True 
  Ready                       True 
  ContainersReady             True 
  PodScheduled                True 
Volumes:
  config:
    Type:      ConfigMap (a volume populated by a ConfigMap)
    Name:      nanomq-config
    Optional:  false
  kube-api-access-tcmf7:
    Type:                    Projected (a volume that contains injected data from multiple sources)
    TokenExpirationSeconds:  3607
    ConfigMapName:           kube-root-ca.crt
    Optional:                false
    DownwardAPI:             true
QoS Class:                   Burstable
Node-Selectors:              <none>
Tolerations:                 node.kubernetes.io/not-ready:NoExecute op=Exists for 300s
                             node.kubernetes.io/unreachable:NoExecute op=Exists for 300s
Events:
  Type    Reason     Age   From               Message
  ----    ------     ----  ----               -------
  Normal  Scheduled  84s   default-scheduler  Successfully assigned translator-zigbee/nanomq-756fd88db6-7k858 to <pi-host>
  Normal  Pulled     84s   kubelet            spec.containers{nanomq}: Container image "emqx/nanomq:0.21-slim" already present on machine
  Normal  Created    84s   kubelet            spec.containers{nanomq}: Created container: nanomq
  Normal  Started    84s   kubelet            spec.containers{nanomq}: Started container nanomq


Name:             postgres-0
Namespace:        translator-zigbee
Priority:         0
Service Account:  default
Node:             <pi-host>/<pi-ip>
Start Time:       Mon, 27 Apr 2026 09:52:58 +0200
Labels:           app=postgres
                  apps.kubernetes.io/pod-index=0
                  controller-revision-hash=postgres-848ccb988d
                  statefulset.kubernetes.io/pod-name=postgres-0
Annotations:      cni.projectcalico.org/containerID: 006d092a18672fa9e728a5b435a4d67a77871b40812ee6c28f8ffab3c1cf181d
                  cni.projectcalico.org/podIP: <pod-ip>/32
                  cni.projectcalico.org/podIPs: <pod-ip>/32
Status:           Running
IP:               <pod-ip>
IPs:
  IP:           <pod-ip>
Controlled By:  StatefulSet/postgres
Containers:
  postgres:
    Container ID:   containerd://f76b36dbb6ed02991c69860f3495b292fe266300a98a8c52d4d1fd1711a4d864
    Image:          postgres:17-alpine
    Image ID:       docker.io/library/postgres@sha256:778d0b486d6daa02b77434d0358ec57a1b21fd8b6d22ac2eef56a33e816928f6
    Port:           5432/TCP
    Host Port:      0/TCP
    State:          Running
      Started:      Mon, 27 Apr 2026 09:52:59 +0200
    Ready:          True
    Restart Count:  0
    Limits:
      cpu:     1500m
      memory:  1536Mi
    Requests:
      cpu:      100m
      memory:   256Mi
    Readiness:  exec [pg_isready -U postgres] delay=5s timeout=1s period=5s #success=1 #failure=3
    Environment:
      POSTGRES_DB:        postgres
      POSTGRES_USER:      postgres
      POSTGRES_PASSWORD:  <set to the key 'postgres-superuser-password' in secret 'hermod-secrets'>  Optional: false
    Mounts:
      /docker-entrypoint-initdb.d from init (rw)
      /var/lib/postgresql/data from data (rw)
      /var/run/secrets/kubernetes.io/serviceaccount from kube-api-access-s775r (ro)
Conditions:
  Type                        Status
  PodReadyToStartContainers   True 
  Initialized                 True 
  Ready                       True 
  ContainersReady             True 
  PodScheduled                True 
Volumes:
  data:
    Type:       PersistentVolumeClaim (a reference to a PersistentVolumeClaim in the same namespace)
    ClaimName:  data-postgres-0
    ReadOnly:   false
  init:
    Type:      ConfigMap (a volume populated by a ConfigMap)
    Name:      postgres-init
    Optional:  false
  kube-api-access-s775r:
    Type:                    Projected (a volume that contains injected data from multiple sources)
    TokenExpirationSeconds:  3607
    ConfigMapName:           kube-root-ca.crt
    Optional:                false
    DownwardAPI:             true
QoS Class:                   Burstable
Node-Selectors:              <none>
Tolerations:                 node.kubernetes.io/not-ready:NoExecute op=Exists for 300s
                             node.kubernetes.io/unreachable:NoExecute op=Exists for 300s
Events:
  Type    Reason     Age   From               Message
  ----    ------     ----  ----               -------
  Normal  Scheduled  78s   default-scheduler  Successfully assigned translator-zigbee/postgres-0 to <pi-host>
  Normal  Pulled     78s   kubelet            spec.containers{postgres}: Container image "postgres:17-alpine" already present on machine
  Normal  Created    78s   kubelet            spec.containers{postgres}: Created container: postgres
  Normal  Started    78s   kubelet            spec.containers{postgres}: Started container postgres


Name:             zigbee2mqtt-6b85d5787-hfqp6
Namespace:        translator-zigbee
Priority:         0
Service Account:  default
Node:             <pi-host>/<pi-ip>
Start Time:       Mon, 27 Apr 2026 09:52:52 +0200
Labels:           app=zigbee2mqtt
                  pod-template-hash=6b85d5787
Annotations:      cni.projectcalico.org/containerID: 945e0fd22ec1a56b36a59771ef689cb52560ac9f3b725176dbd634431be110bd
                  cni.projectcalico.org/podIP: <pod-ip>/32
                  cni.projectcalico.org/podIPs: <pod-ip>/32
Status:           Running
IP:               <pod-ip>
IPs:
  IP:           <pod-ip>
Controlled By:  ReplicaSet/zigbee2mqtt-6b85d5787
Init Containers:
  seed-config:
    Container ID:  containerd://425d2c3d7f1796a5c23ff1c62a02f58918b092cd754eebb5e227552df216432b
    Image:         busybox:latest
    Image ID:      docker.io/library/busybox@sha256:1487d0af5f52b4ba31c7e465126ee2123fe3f2305d638e7827681e7cf6c83d5e
    Port:          <none>
    Host Port:     <none>
    Command:
      sh
      -c
      cp /tmp/cm/configuration.yaml /app/data/configuration.yaml && chmod 0644 /app/data/configuration.yaml
    State:          Terminated
      Reason:       Completed
      Exit Code:    0
      Started:      Mon, 27 Apr 2026 09:52:54 +0200
      Finished:     Mon, 27 Apr 2026 09:52:54 +0200
    Ready:          True
    Restart Count:  0
    Environment:    <none>
    Mounts:
      /app/data from data (rw)
      /tmp/cm from config-cm (rw)
      /var/run/secrets/kubernetes.io/serviceaccount from kube-api-access-4xq2n (ro)
Containers:
  zigbee2mqtt:
    Container ID:   containerd://fc5ad13fc4216bfb9aec82f1144fc8c5734bc87c8c93b7e995b228c3a637a4ba
    Image:          koenkk/zigbee2mqtt:latest
    Image ID:       docker.io/koenkk/zigbee2mqtt@sha256:2a21bbf7a664a149024bbe1f776e3151f28ed9db15948270dcbffb89544a41f0
    Port:           8080/TCP (http)
    Host Port:      0/TCP (http)
    State:          Running
      Started:      Mon, 27 Apr 2026 09:52:55 +0200
    Ready:          True
    Restart Count:  0
    Limits:
      cpu:     1
      memory:  512Mi
    Requests:
      cpu:     100m
      memory:  128Mi
    Environment:
      TZ:                                Europe/Bratislava
      ZIGBEE2MQTT_CONFIG_MQTT_USER:      <set to the key 'mqtt-username' in secret 'hermod-secrets'>  Optional: false
      ZIGBEE2MQTT_CONFIG_MQTT_PASSWORD:  <set to the key 'mqtt-password' in secret 'hermod-secrets'>  Optional: false
    Mounts:
      /app/data from data (rw)
      /dev/ttyUSB0 from zigbee-device (rw)
      /var/run/secrets/kubernetes.io/serviceaccount from kube-api-access-4xq2n (ro)
Conditions:
  Type                        Status
  PodReadyToStartContainers   True 
  Initialized                 True 
  Ready                       True 
  ContainersReady             True 
  PodScheduled                True 
Volumes:
  data:
    Type:       EmptyDir (a temporary directory that shares a pod's lifetime)
    Medium:     
    SizeLimit:  <unset>
  config-cm:
    Type:      ConfigMap (a volume populated by a ConfigMap)
    Name:      zigbee2mqtt-config
    Optional:  false
  zigbee-device:
    Type:          HostPath (bare host directory volume)
    Path:          /dev/ttyUSB0
    HostPathType:  CharDevice
  kube-api-access-4xq2n:
    Type:                    Projected (a volume that contains injected data from multiple sources)
    TokenExpirationSeconds:  3607
    ConfigMapName:           kube-root-ca.crt
    Optional:                false
    DownwardAPI:             true
QoS Class:                   Burstable
Node-Selectors:              hermod.io/zigbee=true
Tolerations:                 node.kubernetes.io/not-ready:NoExecute op=Exists for 300s
                             node.kubernetes.io/unreachable:NoExecute op=Exists for 300s
Events:
  Type    Reason     Age   From               Message
  ----    ------     ----  ----               -------
  Normal  Scheduled  84s   default-scheduler  Successfully assigned translator-zigbee/zigbee2mqtt-6b85d5787-hfqp6 to <pi-host>
  Normal  Pulled     84s   kubelet            spec.initContainers{seed-config}: Container image "busybox:latest" already present on machine
  Normal  Created    84s   kubelet            spec.initContainers{seed-config}: Created container: seed-config
  Normal  Started    83s   kubelet            spec.initContainers{seed-config}: Started container seed-config
  Normal  Pulled     83s   kubelet            spec.containers{zigbee2mqtt}: Container image "koenkk/zigbee2mqtt:latest" already present on machine
  Normal  Created    82s   kubelet            spec.containers{zigbee2mqtt}: Created container: zigbee2mqtt
  Normal  Started    82s   kubelet            spec.containers{zigbee2mqtt}: Started container zigbee2mqtt

=== ts=1777276463 ===
Name:             hermod-coordinator-7d7b88cc46-hnhsd
Namespace:        translator-zigbee
Priority:         0
Service Account:  default
Node:             <pi-host>/<pi-ip>
Start Time:       Mon, 27 Apr 2026 09:53:17 +0200
Labels:           app=hermod-coordinator
                  pod-template-hash=7d7b88cc46
Annotations:      cni.projectcalico.org/containerID: 29dd33c590284941ac26f11ce89e47701bca669c6fa6a39dfb3a42148d14863c
                  cni.projectcalico.org/podIP: <pod-ip>/32
                  cni.projectcalico.org/podIPs: <pod-ip>/32
Status:           Running
IP:               <pod-ip>
IPs:
  IP:           <pod-ip>
Controlled By:  ReplicaSet/hermod-coordinator-7d7b88cc46
Init Containers:
  wait-for-postgres:
    Container ID:  containerd://b735ec22ca4fc4068c9ce71d1813ee4b5d3068bca9fbb01e233f111cba80d489
    Image:         busybox:1.36
    Image ID:      docker.io/library/busybox@sha256:73aaf090f3d85aa34ee199857f03fa3a95c8ede2ffd4cc2cdb5b94e566b11662
    Port:          <none>
    Host Port:     <none>
    Command:
      sh
      -c
      until nc -z postgres 5432; do sleep 2; done
    State:          Terminated
      Reason:       Completed
      Exit Code:    0
      Started:      Mon, 27 Apr 2026 09:53:18 +0200
      Finished:     Mon, 27 Apr 2026 09:53:18 +0200
    Ready:          True
    Restart Count:  0
    Environment:
      Hermod__Features__DeviceStateTracking:    true
      Hermod__Engine__LogBatchSize:             100
      Hermod__Engine__LogBatching:              true
      Hermod__Engine__Parallelism:              0
      Hermod__Features__MessagePersistence:     true
      Hermod__Features__RuleAuditLog:           true
      Hermod__Features__RuleCache:              true
      Hermod__Features__StatsRollup:            true
      Hermod__Storage__Mode:                    Postgres
      Logging__LogLevel__Hermod:                Information
      Logging__LogLevel__Microsoft.AspNetCore:  Warning
    Mounts:
      /var/run/secrets/kubernetes.io/serviceaccount from kube-api-access-jx7xr (ro)
  wait-for-nanomq:
    Container ID:  containerd://16133d1264b40b8023c68fae5d2c08f3c8ddf43ec02d29421d460893aab9db46
    Image:         busybox:1.36
    Image ID:      docker.io/library/busybox@sha256:73aaf090f3d85aa34ee199857f03fa3a95c8ede2ffd4cc2cdb5b94e566b11662
    Port:          <none>
    Host Port:     <none>
    Command:
      sh
      -c
      until nc -z nanomq 1883; do sleep 2; done
    State:          Terminated
      Reason:       Completed
      Exit Code:    0
      Started:      Mon, 27 Apr 2026 09:53:19 +0200
      Finished:     Mon, 27 Apr 2026 09:53:19 +0200
    Ready:          True
    Restart Count:  0
    Environment:
      Hermod__Features__DeviceStateTracking:    true
      Hermod__Engine__LogBatchSize:             100
      Hermod__Engine__LogBatching:              true
      Hermod__Engine__Parallelism:              0
      Hermod__Features__MessagePersistence:     true
      Hermod__Features__RuleAuditLog:           true
      Hermod__Features__RuleCache:              true
      Hermod__Features__StatsRollup:            true
      Hermod__Storage__Mode:                    Postgres
      Logging__LogLevel__Hermod:                Information
      Logging__LogLevel__Microsoft.AspNetCore:  Warning
    Mounts:
      /var/run/secrets/kubernetes.io/serviceaccount from kube-api-access-jx7xr (ro)
Containers:
  hermod-coordinator:
    Container ID:   containerd://8bc8e597bde7e2e74a647eb24d90960d221d7add66230cddeca440fb6b8cbad2
    Image:          hermod-coordinator:latest
    Image ID:       sha256:ca91ccdfcd269dd5e4e25d5ffe8d863ca5db57e5c4f62f08c8adf90d23c15eaf
    Port:           42069/TCP (http)
    Host Port:      0/TCP (http)
    State:          Running
      Started:      Mon, 27 Apr 2026 09:53:20 +0200
    Ready:          True
    Restart Count:  0
    Limits:
      cpu:     1500m
      memory:  1536Mi
    Requests:
      cpu:      200m
      memory:   256Mi
    Liveness:   http-get http://:42069/healthz delay=60s timeout=1s period=30s #success=1 #failure=3
    Readiness:  http-get http://:42069/healthz/ready delay=5s timeout=1s period=10s #success=1 #failure=3
    Startup:    http-get http://:42069/healthz delay=0s timeout=1s period=5s #success=1 #failure=30
    Environment:
      ASPNETCORE_ENVIRONMENT:                   Production
      ASPNETCORE_URLS:                          http://+:42069
      DOTNET_USE_POLLING_FILE_WATCHER:          true
      Hermod__Security__AuthBypass:             true
      Hermod__Security__VaultRequireHttps:      false
      Hermod__Features__MetricsEndpoint:        true
      Hermod__Dev__Endpoints:                   true
      Hermod__Mqtt__Host:                       nanomq
      Hermod__Mqtt__Port:                       1883
      Hermod__Mqtt__UseTls:                     false
      Hermod__Mqtt__Tls__UseTls:                false
      Hermod__Mqtt__Username:                   <set to the key 'mqtt-username' in secret 'hermod-secrets'>  Optional: false
      Hermod__Mqtt__Password:                   <set to the key 'mqtt-password' in secret 'hermod-secrets'>  Optional: false
      Hermod__Database__ConnectionString:       Host=postgres;Port=5432;Database=hermod;Username=hermod_app
      Hermod__Database__Password:               <set to the key 'hermod-db-password' in secret 'hermod-db-credentials'>  Optional: false
      Hermod__Features__DeviceStateTracking:    true
      Hermod__Engine__LogBatchSize:             100
      Hermod__Engine__LogBatching:              true
      Hermod__Engine__Parallelism:              0
      Hermod__Features__MessagePersistence:     true
      Hermod__Features__RuleAuditLog:           true
      Hermod__Features__RuleCache:              true
      Hermod__Features__StatsRollup:            true
      Hermod__Storage__Mode:                    Postgres
      Logging__LogLevel__Hermod:                Information
      Logging__LogLevel__Microsoft.AspNetCore:  Warning
    Mounts:
      /var/run/secrets/kubernetes.io/serviceaccount from kube-api-access-jx7xr (ro)
Conditions:
  Type                        Status
  PodReadyToStartContainers   True 
  Initialized                 True 
  Ready                       True 
  ContainersReady             True 
  PodScheduled                True 
Volumes:
  kube-api-access-jx7xr:
    Type:                    Projected (a volume that contains injected data from multiple sources)
    TokenExpirationSeconds:  3607
    ConfigMapName:           kube-root-ca.crt
    Optional:                false
    DownwardAPI:             true
QoS Class:                   Burstable
Node-Selectors:              <none>
Tolerations:                 node.kubernetes.io/not-ready:NoExecute op=Exists for 300s
                             node.kubernetes.io/unreachable:NoExecute op=Exists for 300s
Events:
  Type    Reason     Age   From               Message
  ----    ------     ----  ----               -------
  Normal  Scheduled  65s   default-scheduler  Successfully assigned translator-zigbee/hermod-coordinator-7d7b88cc46-hnhsd to <pi-host>
  Normal  Pulled     65s   kubelet            spec.initContainers{wait-for-postgres}: Container image "busybox:1.36" already present on machine
  Normal  Created    65s   kubelet            spec.initContainers{wait-for-postgres}: Created container: wait-for-postgres
  Normal  Started    65s   kubelet            spec.initContainers{wait-for-postgres}: Started container wait-for-postgres
  Normal  Pulled     64s   kubelet            spec.initContainers{wait-for-nanomq}: Container image "busybox:1.36" already present on machine
  Normal  Created    64s   kubelet            spec.initContainers{wait-for-nanomq}: Created container: wait-for-nanomq
  Normal  Started    64s   kubelet            spec.initContainers{wait-for-nanomq}: Started container wait-for-nanomq
  Normal  Pulled     63s   kubelet            spec.containers{hermod-coordinator}: Container image "hermod-coordinator:latest" already present on machine
  Normal  Created    63s   kubelet            spec.containers{hermod-coordinator}: Created container: hermod-coordinator
  Normal  Started    63s   kubelet            spec.containers{hermod-coordinator}: Started container hermod-coordinator


Name:             nanomq-756fd88db6-7k858
Namespace:        translator-zigbee
Priority:         0
Service Account:  default
Node:             <pi-host>/<pi-ip>
Start Time:       Mon, 27 Apr 2026 09:52:52 +0200
Labels:           app=nanomq
                  pod-template-hash=756fd88db6
Annotations:      cni.projectcalico.org/containerID: f68917fdb6d5fd3ef7b3460dc9ac51bf0b1a84031e3fb47f6c871b391cca24dd
                  cni.projectcalico.org/podIP: <pod-ip>/32
                  cni.projectcalico.org/podIPs: <pod-ip>/32
Status:           Running
IP:               <pod-ip>
IPs:
  IP:           <pod-ip>
Controlled By:  ReplicaSet/nanomq-756fd88db6
Containers:
  nanomq:
    Container ID:   containerd://480eeb895e24a6a50602e6f2f95d3b5b3cfced0cad9a460bca746b8b3fd2bc0d
    Image:          emqx/nanomq:0.21-slim
    Image ID:       docker.io/emqx/nanomq@sha256:53bea7acb547aced1cc45e08c514628f1e41c4da9ad544fd8c5fa96d3e9eb41b
    Ports:          1883/TCP (mqtt), 8081/TCP (http)
    Host Ports:     0/TCP (mqtt), 0/TCP (http)
    State:          Running
      Started:      Mon, 27 Apr 2026 09:52:53 +0200
    Ready:          True
    Restart Count:  0
    Limits:
      cpu:     1
      memory:  512Mi
    Requests:
      cpu:        50m
      memory:     64Mi
    Readiness:    tcp-socket :1883 delay=3s timeout=1s period=5s #success=1 #failure=3
    Environment:  <none>
    Mounts:
      /etc/nanomq.conf from config (rw,path="nanomq.conf")
      /var/run/secrets/kubernetes.io/serviceaccount from kube-api-access-tcmf7 (ro)
Conditions:
  Type                        Status
  PodReadyToStartContainers   True 
  Initialized                 True 
  Ready                       True 
  ContainersReady             True 
  PodScheduled                True 
Volumes:
  config:
    Type:      ConfigMap (a volume populated by a ConfigMap)
    Name:      nanomq-config
    Optional:  false
  kube-api-access-tcmf7:
    Type:                    Projected (a volume that contains injected data from multiple sources)
    TokenExpirationSeconds:  3607
    ConfigMapName:           kube-root-ca.crt
    Optional:                false
    DownwardAPI:             true
QoS Class:                   Burstable
Node-Selectors:              <none>
Tolerations:                 node.kubernetes.io/not-ready:NoExecute op=Exists for 300s
                             node.kubernetes.io/unreachable:NoExecute op=Exists for 300s
Events:
  Type    Reason     Age   From               Message
  ----    ------     ----  ----               -------
  Normal  Scheduled  90s   default-scheduler  Successfully assigned translator-zigbee/nanomq-756fd88db6-7k858 to <pi-host>
  Normal  Pulled     90s   kubelet            spec.containers{nanomq}: Container image "emqx/nanomq:0.21-slim" already present on machine
  Normal  Created    90s   kubelet            spec.containers{nanomq}: Created container: nanomq
  Normal  Started    90s   kubelet            spec.containers{nanomq}: Started container nanomq


Name:             postgres-0
Namespace:        translator-zigbee
Priority:         0
Service Account:  default
Node:             <pi-host>/<pi-ip>
Start Time:       Mon, 27 Apr 2026 09:52:58 +0200
Labels:           app=postgres
                  apps.kubernetes.io/pod-index=0
                  controller-revision-hash=postgres-848ccb988d
                  statefulset.kubernetes.io/pod-name=postgres-0
Annotations:      cni.projectcalico.org/containerID: 006d092a18672fa9e728a5b435a4d67a77871b40812ee6c28f8ffab3c1cf181d
                  cni.projectcalico.org/podIP: <pod-ip>/32
                  cni.projectcalico.org/podIPs: <pod-ip>/32
Status:           Running
IP:               <pod-ip>
IPs:
  IP:           <pod-ip>
Controlled By:  StatefulSet/postgres
Containers:
  postgres:
    Container ID:   containerd://f76b36dbb6ed02991c69860f3495b292fe266300a98a8c52d4d1fd1711a4d864
    Image:          postgres:17-alpine
    Image ID:       docker.io/library/postgres@sha256:778d0b486d6daa02b77434d0358ec57a1b21fd8b6d22ac2eef56a33e816928f6
    Port:           5432/TCP
    Host Port:      0/TCP
    State:          Running
      Started:      Mon, 27 Apr 2026 09:52:59 +0200
    Ready:          True
    Restart Count:  0
    Limits:
      cpu:     1500m
      memory:  1536Mi
    Requests:
      cpu:      100m
      memory:   256Mi
    Readiness:  exec [pg_isready -U postgres] delay=5s timeout=1s period=5s #success=1 #failure=3
    Environment:
      POSTGRES_DB:        postgres
      POSTGRES_USER:      postgres
      POSTGRES_PASSWORD:  <set to the key 'postgres-superuser-password' in secret 'hermod-secrets'>  Optional: false
    Mounts:
      /docker-entrypoint-initdb.d from init (rw)
      /var/lib/postgresql/data from data (rw)
      /var/run/secrets/kubernetes.io/serviceaccount from kube-api-access-s775r (ro)
Conditions:
  Type                        Status
  PodReadyToStartContainers   True 
  Initialized                 True 
  Ready                       True 
  ContainersReady             True 
  PodScheduled                True 
Volumes:
  data:
    Type:       PersistentVolumeClaim (a reference to a PersistentVolumeClaim in the same namespace)
    ClaimName:  data-postgres-0
    ReadOnly:   false
  init:
    Type:      ConfigMap (a volume populated by a ConfigMap)
    Name:      postgres-init
    Optional:  false
  kube-api-access-s775r:
    Type:                    Projected (a volume that contains injected data from multiple sources)
    TokenExpirationSeconds:  3607
    ConfigMapName:           kube-root-ca.crt
    Optional:                false
    DownwardAPI:             true
QoS Class:                   Burstable
Node-Selectors:              <none>
Tolerations:                 node.kubernetes.io/not-ready:NoExecute op=Exists for 300s
                             node.kubernetes.io/unreachable:NoExecute op=Exists for 300s
Events:
  Type    Reason     Age   From               Message
  ----    ------     ----  ----               -------
  Normal  Scheduled  84s   default-scheduler  Successfully assigned translator-zigbee/postgres-0 to <pi-host>
  Normal  Pulled     84s   kubelet            spec.containers{postgres}: Container image "postgres:17-alpine" already present on machine
  Normal  Created    84s   kubelet            spec.containers{postgres}: Created container: postgres
  Normal  Started    84s   kubelet            spec.containers{postgres}: Started container postgres


Name:             zigbee2mqtt-6b85d5787-hfqp6
Namespace:        translator-zigbee
Priority:         0
Service Account:  default
Node:             <pi-host>/<pi-ip>
Start Time:       Mon, 27 Apr 2026 09:52:52 +0200
Labels:           app=zigbee2mqtt
                  pod-template-hash=6b85d5787
Annotations:      cni.projectcalico.org/containerID: 945e0fd22ec1a56b36a59771ef689cb52560ac9f3b725176dbd634431be110bd
                  cni.projectcalico.org/podIP: <pod-ip>/32
                  cni.projectcalico.org/podIPs: <pod-ip>/32
Status:           Running
IP:               <pod-ip>
IPs:
  IP:           <pod-ip>
Controlled By:  ReplicaSet/zigbee2mqtt-6b85d5787
Init Containers:
  seed-config:
    Container ID:  containerd://425d2c3d7f1796a5c23ff1c62a02f58918b092cd754eebb5e227552df216432b
    Image:         busybox:latest
    Image ID:      docker.io/library/busybox@sha256:1487d0af5f52b4ba31c7e465126ee2123fe3f2305d638e7827681e7cf6c83d5e
    Port:          <none>
    Host Port:     <none>
    Command:
      sh
      -c
      cp /tmp/cm/configuration.yaml /app/data/configuration.yaml && chmod 0644 /app/data/configuration.yaml
    State:          Terminated
      Reason:       Completed
      Exit Code:    0
      Started:      Mon, 27 Apr 2026 09:52:54 +0200
      Finished:     Mon, 27 Apr 2026 09:52:54 +0200
    Ready:          True
    Restart Count:  0
    Environment:    <none>
    Mounts:
      /app/data from data (rw)
      /tmp/cm from config-cm (rw)
      /var/run/secrets/kubernetes.io/serviceaccount from kube-api-access-4xq2n (ro)
Containers:
  zigbee2mqtt:
    Container ID:   containerd://fc5ad13fc4216bfb9aec82f1144fc8c5734bc87c8c93b7e995b228c3a637a4ba
    Image:          koenkk/zigbee2mqtt:latest
    Image ID:       docker.io/koenkk/zigbee2mqtt@sha256:2a21bbf7a664a149024bbe1f776e3151f28ed9db15948270dcbffb89544a41f0
    Port:           8080/TCP (http)
    Host Port:      0/TCP (http)
    State:          Running
      Started:      Mon, 27 Apr 2026 09:52:55 +0200
    Ready:          True
    Restart Count:  0
    Limits:
      cpu:     1
      memory:  512Mi
    Requests:
      cpu:     100m
      memory:  128Mi
    Environment:
      TZ:                                Europe/Bratislava
      ZIGBEE2MQTT_CONFIG_MQTT_USER:      <set to the key 'mqtt-username' in secret 'hermod-secrets'>  Optional: false
      ZIGBEE2MQTT_CONFIG_MQTT_PASSWORD:  <set to the key 'mqtt-password' in secret 'hermod-secrets'>  Optional: false
    Mounts:
      /app/data from data (rw)
      /dev/ttyUSB0 from zigbee-device (rw)
      /var/run/secrets/kubernetes.io/serviceaccount from kube-api-access-4xq2n (ro)
Conditions:
  Type                        Status
  PodReadyToStartContainers   True 
  Initialized                 True 
  Ready                       True 
  ContainersReady             True 
  PodScheduled                True 
Volumes:
  data:
    Type:       EmptyDir (a temporary directory that shares a pod's lifetime)
    Medium:     
    SizeLimit:  <unset>
  config-cm:
    Type:      ConfigMap (a volume populated by a ConfigMap)
    Name:      zigbee2mqtt-config
    Optional:  false
  zigbee-device:
    Type:          HostPath (bare host directory volume)
    Path:          /dev/ttyUSB0
    HostPathType:  CharDevice
  kube-api-access-4xq2n:
    Type:                    Projected (a volume that contains injected data from multiple sources)
    TokenExpirationSeconds:  3607
    ConfigMapName:           kube-root-ca.crt
    Optional:                false
    DownwardAPI:             true
QoS Class:                   Burstable
Node-Selectors:              hermod.io/zigbee=true
Tolerations:                 node.kubernetes.io/not-ready:NoExecute op=Exists for 300s
                             node.kubernetes.io/unreachable:NoExecute op=Exists for 300s
Events:
  Type    Reason     Age   From               Message
  ----    ------     ----  ----               -------
  Normal  Scheduled  90s   default-scheduler  Successfully assigned translator-zigbee/zigbee2mqtt-6b85d5787-hfqp6 to <pi-host>
  Normal  Pulled     90s   kubelet            spec.initContainers{seed-config}: Container image "busybox:latest" already present on machine
  Normal  Created    90s   kubelet            spec.initContainers{seed-config}: Created container: seed-config
  Normal  Started    89s   kubelet            spec.initContainers{seed-config}: Started container seed-config
  Normal  Pulled     89s   kubelet            spec.containers{zigbee2mqtt}: Container image "koenkk/zigbee2mqtt:latest" already present on machine
  Normal  Created    88s   kubelet            spec.containers{zigbee2mqtt}: Created container: zigbee2mqtt
  Normal  Started    88s   kubelet            spec.containers{zigbee2mqtt}: Started container zigbee2mqtt

=== ts=1777276469 ===
Name:             hermod-coordinator-7d7b88cc46-hnhsd
Namespace:        translator-zigbee
Priority:         0
Service Account:  default
Node:             <pi-host>/<pi-ip>
Start Time:       Mon, 27 Apr 2026 09:53:17 +0200
Labels:           app=hermod-coordinator
                  pod-template-hash=7d7b88cc46
Annotations:      cni.projectcalico.org/containerID: 29dd33c590284941ac26f11ce89e47701bca669c6fa6a39dfb3a42148d14863c
                  cni.projectcalico.org/podIP: <pod-ip>/32
                  cni.projectcalico.org/podIPs: <pod-ip>/32
Status:           Running
IP:               <pod-ip>
IPs:
  IP:           <pod-ip>
Controlled By:  ReplicaSet/hermod-coordinator-7d7b88cc46
Init Containers:
  wait-for-postgres:
    Container ID:  containerd://b735ec22ca4fc4068c9ce71d1813ee4b5d3068bca9fbb01e233f111cba80d489
    Image:         busybox:1.36
    Image ID:      docker.io/library/busybox@sha256:73aaf090f3d85aa34ee199857f03fa3a95c8ede2ffd4cc2cdb5b94e566b11662
    Port:          <none>
    Host Port:     <none>
    Command:
      sh
      -c
      until nc -z postgres 5432; do sleep 2; done
    State:          Terminated
      Reason:       Completed
      Exit Code:    0
      Started:      Mon, 27 Apr 2026 09:53:18 +0200
      Finished:     Mon, 27 Apr 2026 09:53:18 +0200
    Ready:          True
    Restart Count:  0
    Environment:
      Hermod__Features__DeviceStateTracking:    true
      Hermod__Engine__LogBatchSize:             100
      Hermod__Engine__LogBatching:              true
      Hermod__Engine__Parallelism:              0
      Hermod__Features__MessagePersistence:     true
      Hermod__Features__RuleAuditLog:           true
      Hermod__Features__RuleCache:              true
      Hermod__Features__StatsRollup:            true
      Hermod__Storage__Mode:                    Postgres
      Logging__LogLevel__Hermod:                Information
      Logging__LogLevel__Microsoft.AspNetCore:  Warning
    Mounts:
      /var/run/secrets/kubernetes.io/serviceaccount from kube-api-access-jx7xr (ro)
  wait-for-nanomq:
    Container ID:  containerd://16133d1264b40b8023c68fae5d2c08f3c8ddf43ec02d29421d460893aab9db46
    Image:         busybox:1.36
    Image ID:      docker.io/library/busybox@sha256:73aaf090f3d85aa34ee199857f03fa3a95c8ede2ffd4cc2cdb5b94e566b11662
    Port:          <none>
    Host Port:     <none>
    Command:
      sh
      -c
      until nc -z nanomq 1883; do sleep 2; done
    State:          Terminated
      Reason:       Completed
      Exit Code:    0
      Started:      Mon, 27 Apr 2026 09:53:19 +0200
      Finished:     Mon, 27 Apr 2026 09:53:19 +0200
    Ready:          True
    Restart Count:  0
    Environment:
      Hermod__Features__DeviceStateTracking:    true
      Hermod__Engine__LogBatchSize:             100
      Hermod__Engine__LogBatching:              true
      Hermod__Engine__Parallelism:              0
      Hermod__Features__MessagePersistence:     true
      Hermod__Features__RuleAuditLog:           true
      Hermod__Features__RuleCache:              true
      Hermod__Features__StatsRollup:            true
      Hermod__Storage__Mode:                    Postgres
      Logging__LogLevel__Hermod:                Information
      Logging__LogLevel__Microsoft.AspNetCore:  Warning
    Mounts:
      /var/run/secrets/kubernetes.io/serviceaccount from kube-api-access-jx7xr (ro)
Containers:
  hermod-coordinator:
    Container ID:   containerd://8bc8e597bde7e2e74a647eb24d90960d221d7add66230cddeca440fb6b8cbad2
    Image:          hermod-coordinator:latest
    Image ID:       sha256:ca91ccdfcd269dd5e4e25d5ffe8d863ca5db57e5c4f62f08c8adf90d23c15eaf
    Port:           42069/TCP (http)
    Host Port:      0/TCP (http)
    State:          Running
      Started:      Mon, 27 Apr 2026 09:53:20 +0200
    Ready:          True
    Restart Count:  0
    Limits:
      cpu:     1500m
      memory:  1536Mi
    Requests:
      cpu:      200m
      memory:   256Mi
    Liveness:   http-get http://:42069/healthz delay=60s timeout=1s period=30s #success=1 #failure=3
    Readiness:  http-get http://:42069/healthz/ready delay=5s timeout=1s period=10s #success=1 #failure=3
    Startup:    http-get http://:42069/healthz delay=0s timeout=1s period=5s #success=1 #failure=30
    Environment:
      ASPNETCORE_ENVIRONMENT:                   Production
      ASPNETCORE_URLS:                          http://+:42069
      DOTNET_USE_POLLING_FILE_WATCHER:          true
      Hermod__Security__AuthBypass:             true
      Hermod__Security__VaultRequireHttps:      false
      Hermod__Features__MetricsEndpoint:        true
      Hermod__Dev__Endpoints:                   true
      Hermod__Mqtt__Host:                       nanomq
      Hermod__Mqtt__Port:                       1883
      Hermod__Mqtt__UseTls:                     false
      Hermod__Mqtt__Tls__UseTls:                false
      Hermod__Mqtt__Username:                   <set to the key 'mqtt-username' in secret 'hermod-secrets'>  Optional: false
      Hermod__Mqtt__Password:                   <set to the key 'mqtt-password' in secret 'hermod-secrets'>  Optional: false
      Hermod__Database__ConnectionString:       Host=postgres;Port=5432;Database=hermod;Username=hermod_app
      Hermod__Database__Password:               <set to the key 'hermod-db-password' in secret 'hermod-db-credentials'>  Optional: false
      Hermod__Features__DeviceStateTracking:    true
      Hermod__Engine__LogBatchSize:             100
      Hermod__Engine__LogBatching:              true
      Hermod__Engine__Parallelism:              0
      Hermod__Features__MessagePersistence:     true
      Hermod__Features__RuleAuditLog:           true
      Hermod__Features__RuleCache:              true
      Hermod__Features__StatsRollup:            true
      Hermod__Storage__Mode:                    Postgres
      Logging__LogLevel__Hermod:                Information
      Logging__LogLevel__Microsoft.AspNetCore:  Warning
    Mounts:
      /var/run/secrets/kubernetes.io/serviceaccount from kube-api-access-jx7xr (ro)
Conditions:
  Type                        Status
  PodReadyToStartContainers   True 
  Initialized                 True 
  Ready                       True 
  ContainersReady             True 
  PodScheduled                True 
Volumes:
  kube-api-access-jx7xr:
    Type:                    Projected (a volume that contains injected data from multiple sources)
    TokenExpirationSeconds:  3607
    ConfigMapName:           kube-root-ca.crt
    Optional:                false
    DownwardAPI:             true
QoS Class:                   Burstable
Node-Selectors:              <none>
Tolerations:                 node.kubernetes.io/not-ready:NoExecute op=Exists for 300s
                             node.kubernetes.io/unreachable:NoExecute op=Exists for 300s
Events:
  Type    Reason     Age   From               Message
  ----    ------     ----  ----               -------
  Normal  Scheduled  71s   default-scheduler  Successfully assigned translator-zigbee/hermod-coordinator-7d7b88cc46-hnhsd to <pi-host>
  Normal  Pulled     71s   kubelet            spec.initContainers{wait-for-postgres}: Container image "busybox:1.36" already present on machine
  Normal  Created    71s   kubelet            spec.initContainers{wait-for-postgres}: Created container: wait-for-postgres
  Normal  Started    71s   kubelet            spec.initContainers{wait-for-postgres}: Started container wait-for-postgres
  Normal  Pulled     70s   kubelet            spec.initContainers{wait-for-nanomq}: Container image "busybox:1.36" already present on machine
  Normal  Created    70s   kubelet            spec.initContainers{wait-for-nanomq}: Created container: wait-for-nanomq
  Normal  Started    70s   kubelet            spec.initContainers{wait-for-nanomq}: Started container wait-for-nanomq
  Normal  Pulled     69s   kubelet            spec.containers{hermod-coordinator}: Container image "hermod-coordinator:latest" already present on machine
  Normal  Created    69s   kubelet            spec.containers{hermod-coordinator}: Created container: hermod-coordinator
  Normal  Started    69s   kubelet            spec.containers{hermod-coordinator}: Started container hermod-coordinator


Name:             nanomq-756fd88db6-7k858
Namespace:        translator-zigbee
Priority:         0
Service Account:  default
Node:             <pi-host>/<pi-ip>
Start Time:       Mon, 27 Apr 2026 09:52:52 +0200
Labels:           app=nanomq
                  pod-template-hash=756fd88db6
Annotations:      cni.projectcalico.org/containerID: f68917fdb6d5fd3ef7b3460dc9ac51bf0b1a84031e3fb47f6c871b391cca24dd
                  cni.projectcalico.org/podIP: <pod-ip>/32
                  cni.projectcalico.org/podIPs: <pod-ip>/32
Status:           Running
IP:               <pod-ip>
IPs:
  IP:           <pod-ip>
Controlled By:  ReplicaSet/nanomq-756fd88db6
Containers:
  nanomq:
    Container ID:   containerd://480eeb895e24a6a50602e6f2f95d3b5b3cfced0cad9a460bca746b8b3fd2bc0d
    Image:          emqx/nanomq:0.21-slim
    Image ID:       docker.io/emqx/nanomq@sha256:53bea7acb547aced1cc45e08c514628f1e41c4da9ad544fd8c5fa96d3e9eb41b
    Ports:          1883/TCP (mqtt), 8081/TCP (http)
    Host Ports:     0/TCP (mqtt), 0/TCP (http)
    State:          Running
      Started:      Mon, 27 Apr 2026 09:52:53 +0200
    Ready:          True
    Restart Count:  0
    Limits:
      cpu:     1
      memory:  512Mi
    Requests:
      cpu:        50m
      memory:     64Mi
    Readiness:    tcp-socket :1883 delay=3s timeout=1s period=5s #success=1 #failure=3
    Environment:  <none>
    Mounts:
      /etc/nanomq.conf from config (rw,path="nanomq.conf")
      /var/run/secrets/kubernetes.io/serviceaccount from kube-api-access-tcmf7 (ro)
Conditions:
  Type                        Status
  PodReadyToStartContainers   True 
  Initialized                 True 
  Ready                       True 
  ContainersReady             True 
  PodScheduled                True 
Volumes:
  config:
    Type:      ConfigMap (a volume populated by a ConfigMap)
    Name:      nanomq-config
    Optional:  false
  kube-api-access-tcmf7:
    Type:                    Projected (a volume that contains injected data from multiple sources)
    TokenExpirationSeconds:  3607
    ConfigMapName:           kube-root-ca.crt
    Optional:                false
    DownwardAPI:             true
QoS Class:                   Burstable
Node-Selectors:              <none>
Tolerations:                 node.kubernetes.io/not-ready:NoExecute op=Exists for 300s
                             node.kubernetes.io/unreachable:NoExecute op=Exists for 300s
Events:
  Type    Reason     Age   From               Message
  ----    ------     ----  ----               -------
  Normal  Scheduled  96s   default-scheduler  Successfully assigned translator-zigbee/nanomq-756fd88db6-7k858 to <pi-host>
  Normal  Pulled     96s   kubelet            spec.containers{nanomq}: Container image "emqx/nanomq:0.21-slim" already present on machine
  Normal  Created    96s   kubelet            spec.containers{nanomq}: Created container: nanomq
  Normal  Started    96s   kubelet            spec.containers{nanomq}: Started container nanomq


Name:             postgres-0
Namespace:        translator-zigbee
Priority:         0
Service Account:  default
Node:             <pi-host>/<pi-ip>
Start Time:       Mon, 27 Apr 2026 09:52:58 +0200
Labels:           app=postgres
                  apps.kubernetes.io/pod-index=0
                  controller-revision-hash=postgres-848ccb988d
                  statefulset.kubernetes.io/pod-name=postgres-0
Annotations:      cni.projectcalico.org/containerID: 006d092a18672fa9e728a5b435a4d67a77871b40812ee6c28f8ffab3c1cf181d
                  cni.projectcalico.org/podIP: <pod-ip>/32
                  cni.projectcalico.org/podIPs: <pod-ip>/32
Status:           Running
IP:               <pod-ip>
IPs:
  IP:           <pod-ip>
Controlled By:  StatefulSet/postgres
Containers:
  postgres:
    Container ID:   containerd://f76b36dbb6ed02991c69860f3495b292fe266300a98a8c52d4d1fd1711a4d864
    Image:          postgres:17-alpine
    Image ID:       docker.io/library/postgres@sha256:778d0b486d6daa02b77434d0358ec57a1b21fd8b6d22ac2eef56a33e816928f6
    Port:           5432/TCP
    Host Port:      0/TCP
    State:          Running
      Started:      Mon, 27 Apr 2026 09:52:59 +0200
    Ready:          True
    Restart Count:  0
    Limits:
      cpu:     1500m
      memory:  1536Mi
    Requests:
      cpu:      100m
      memory:   256Mi
    Readiness:  exec [pg_isready -U postgres] delay=5s timeout=1s period=5s #success=1 #failure=3
    Environment:
      POSTGRES_DB:        postgres
      POSTGRES_USER:      postgres
      POSTGRES_PASSWORD:  <set to the key 'postgres-superuser-password' in secret 'hermod-secrets'>  Optional: false
    Mounts:
      /docker-entrypoint-initdb.d from init (rw)
      /var/lib/postgresql/data from data (rw)
      /var/run/secrets/kubernetes.io/serviceaccount from kube-api-access-s775r (ro)
Conditions:
  Type                        Status
  PodReadyToStartContainers   True 
  Initialized                 True 
  Ready                       True 
  ContainersReady             True 
  PodScheduled                True 
Volumes:
  data:
    Type:       PersistentVolumeClaim (a reference to a PersistentVolumeClaim in the same namespace)
    ClaimName:  data-postgres-0
    ReadOnly:   false
  init:
    Type:      ConfigMap (a volume populated by a ConfigMap)
    Name:      postgres-init
    Optional:  false
  kube-api-access-s775r:
    Type:                    Projected (a volume that contains injected data from multiple sources)
    TokenExpirationSeconds:  3607
    ConfigMapName:           kube-root-ca.crt
    Optional:                false
    DownwardAPI:             true
QoS Class:                   Burstable
Node-Selectors:              <none>
Tolerations:                 node.kubernetes.io/not-ready:NoExecute op=Exists for 300s
                             node.kubernetes.io/unreachable:NoExecute op=Exists for 300s
Events:
  Type    Reason     Age   From               Message
  ----    ------     ----  ----               -------
  Normal  Scheduled  90s   default-scheduler  Successfully assigned translator-zigbee/postgres-0 to <pi-host>
  Normal  Pulled     90s   kubelet            spec.containers{postgres}: Container image "postgres:17-alpine" already present on machine
  Normal  Created    90s   kubelet            spec.containers{postgres}: Created container: postgres
  Normal  Started    90s   kubelet            spec.containers{postgres}: Started container postgres


Name:             zigbee2mqtt-6b85d5787-hfqp6
Namespace:        translator-zigbee
Priority:         0
Service Account:  default
Node:             <pi-host>/<pi-ip>
Start Time:       Mon, 27 Apr 2026 09:52:52 +0200
Labels:           app=zigbee2mqtt
                  pod-template-hash=6b85d5787
Annotations:      cni.projectcalico.org/containerID: 945e0fd22ec1a56b36a59771ef689cb52560ac9f3b725176dbd634431be110bd
                  cni.projectcalico.org/podIP: <pod-ip>/32
                  cni.projectcalico.org/podIPs: <pod-ip>/32
Status:           Running
IP:               <pod-ip>
IPs:
  IP:           <pod-ip>
Controlled By:  ReplicaSet/zigbee2mqtt-6b85d5787
Init Containers:
  seed-config:
    Container ID:  containerd://425d2c3d7f1796a5c23ff1c62a02f58918b092cd754eebb5e227552df216432b
    Image:         busybox:latest
    Image ID:      docker.io/library/busybox@sha256:1487d0af5f52b4ba31c7e465126ee2123fe3f2305d638e7827681e7cf6c83d5e
    Port:          <none>
    Host Port:     <none>
    Command:
      sh
      -c
      cp /tmp/cm/configuration.yaml /app/data/configuration.yaml && chmod 0644 /app/data/configuration.yaml
    State:          Terminated
      Reason:       Completed
      Exit Code:    0
      Started:      Mon, 27 Apr 2026 09:52:54 +0200
      Finished:     Mon, 27 Apr 2026 09:52:54 +0200
    Ready:          True
    Restart Count:  0
    Environment:    <none>
    Mounts:
      /app/data from data (rw)
      /tmp/cm from config-cm (rw)
      /var/run/secrets/kubernetes.io/serviceaccount from kube-api-access-4xq2n (ro)
Containers:
  zigbee2mqtt:
    Container ID:   containerd://fc5ad13fc4216bfb9aec82f1144fc8c5734bc87c8c93b7e995b228c3a637a4ba
    Image:          koenkk/zigbee2mqtt:latest
    Image ID:       docker.io/koenkk/zigbee2mqtt@sha256:2a21bbf7a664a149024bbe1f776e3151f28ed9db15948270dcbffb89544a41f0
    Port:           8080/TCP (http)
    Host Port:      0/TCP (http)
    State:          Running
      Started:      Mon, 27 Apr 2026 09:52:55 +0200
    Ready:          True
    Restart Count:  0
    Limits:
      cpu:     1
      memory:  512Mi
    Requests:
      cpu:     100m
      memory:  128Mi
    Environment:
      TZ:                                Europe/Bratislava
      ZIGBEE2MQTT_CONFIG_MQTT_USER:      <set to the key 'mqtt-username' in secret 'hermod-secrets'>  Optional: false
      ZIGBEE2MQTT_CONFIG_MQTT_PASSWORD:  <set to the key 'mqtt-password' in secret 'hermod-secrets'>  Optional: false
    Mounts:
      /app/data from data (rw)
      /dev/ttyUSB0 from zigbee-device (rw)
      /var/run/secrets/kubernetes.io/serviceaccount from kube-api-access-4xq2n (ro)
Conditions:
  Type                        Status
  PodReadyToStartContainers   True 
  Initialized                 True 
  Ready                       True 
  ContainersReady             True 
  PodScheduled                True 
Volumes:
  data:
    Type:       EmptyDir (a temporary directory that shares a pod's lifetime)
    Medium:     
    SizeLimit:  <unset>
  config-cm:
    Type:      ConfigMap (a volume populated by a ConfigMap)
    Name:      zigbee2mqtt-config
    Optional:  false
  zigbee-device:
    Type:          HostPath (bare host directory volume)
    Path:          /dev/ttyUSB0
    HostPathType:  CharDevice
  kube-api-access-4xq2n:
    Type:                    Projected (a volume that contains injected data from multiple sources)
    TokenExpirationSeconds:  3607
    ConfigMapName:           kube-root-ca.crt
    Optional:                false
    DownwardAPI:             true
QoS Class:                   Burstable
Node-Selectors:              hermod.io/zigbee=true
Tolerations:                 node.kubernetes.io/not-ready:NoExecute op=Exists for 300s
                             node.kubernetes.io/unreachable:NoExecute op=Exists for 300s
Events:
  Type    Reason     Age   From               Message
  ----    ------     ----  ----               -------
  Normal  Scheduled  96s   default-scheduler  Successfully assigned translator-zigbee/zigbee2mqtt-6b85d5787-hfqp6 to <pi-host>
  Normal  Pulled     96s   kubelet            spec.initContainers{seed-config}: Container image "busybox:latest" already present on machine
  Normal  Created    96s   kubelet            spec.initContainers{seed-config}: Created container: seed-config
  Normal  Started    95s   kubelet            spec.initContainers{seed-config}: Started container seed-config
  Normal  Pulled     95s   kubelet            spec.containers{zigbee2mqtt}: Container image "koenkk/zigbee2mqtt:latest" already present on machine
  Normal  Created    94s   kubelet            spec.containers{zigbee2mqtt}: Created container: zigbee2mqtt
  Normal  Started    94s   kubelet            spec.containers{zigbee2mqtt}: Started container zigbee2mqtt

=== ts=1777276474 ===
Name:             hermod-coordinator-7d7b88cc46-hnhsd
Namespace:        translator-zigbee
Priority:         0
Service Account:  default
Node:             <pi-host>/<pi-ip>
Start Time:       Mon, 27 Apr 2026 09:53:17 +0200
Labels:           app=hermod-coordinator
                  pod-template-hash=7d7b88cc46
Annotations:      cni.projectcalico.org/containerID: 29dd33c590284941ac26f11ce89e47701bca669c6fa6a39dfb3a42148d14863c
                  cni.projectcalico.org/podIP: <pod-ip>/32
                  cni.projectcalico.org/podIPs: <pod-ip>/32
Status:           Running
IP:               <pod-ip>
IPs:
  IP:           <pod-ip>
Controlled By:  ReplicaSet/hermod-coordinator-7d7b88cc46
Init Containers:
  wait-for-postgres:
    Container ID:  containerd://b735ec22ca4fc4068c9ce71d1813ee4b5d3068bca9fbb01e233f111cba80d489
    Image:         busybox:1.36
    Image ID:      docker.io/library/busybox@sha256:73aaf090f3d85aa34ee199857f03fa3a95c8ede2ffd4cc2cdb5b94e566b11662
    Port:          <none>
    Host Port:     <none>
    Command:
      sh
      -c
      until nc -z postgres 5432; do sleep 2; done
    State:          Terminated
      Reason:       Completed
      Exit Code:    0
      Started:      Mon, 27 Apr 2026 09:53:18 +0200
      Finished:     Mon, 27 Apr 2026 09:53:18 +0200
    Ready:          True
    Restart Count:  0
    Environment:
      Hermod__Features__DeviceStateTracking:    true
      Hermod__Engine__LogBatchSize:             100
      Hermod__Engine__LogBatching:              true
      Hermod__Engine__Parallelism:              0
      Hermod__Features__MessagePersistence:     true
      Hermod__Features__RuleAuditLog:           true
      Hermod__Features__RuleCache:              true
      Hermod__Features__StatsRollup:            true
      Hermod__Storage__Mode:                    Postgres
      Logging__LogLevel__Hermod:                Information
      Logging__LogLevel__Microsoft.AspNetCore:  Warning
    Mounts:
      /var/run/secrets/kubernetes.io/serviceaccount from kube-api-access-jx7xr (ro)
  wait-for-nanomq:
    Container ID:  containerd://16133d1264b40b8023c68fae5d2c08f3c8ddf43ec02d29421d460893aab9db46
    Image:         busybox:1.36
    Image ID:      docker.io/library/busybox@sha256:73aaf090f3d85aa34ee199857f03fa3a95c8ede2ffd4cc2cdb5b94e566b11662
    Port:          <none>
    Host Port:     <none>
    Command:
      sh
      -c
      until nc -z nanomq 1883; do sleep 2; done
    State:          Terminated
      Reason:       Completed
      Exit Code:    0
      Started:      Mon, 27 Apr 2026 09:53:19 +0200
      Finished:     Mon, 27 Apr 2026 09:53:19 +0200
    Ready:          True
    Restart Count:  0
    Environment:
      Hermod__Features__DeviceStateTracking:    true
      Hermod__Engine__LogBatchSize:             100
      Hermod__Engine__LogBatching:              true
      Hermod__Engine__Parallelism:              0
      Hermod__Features__MessagePersistence:     true
      Hermod__Features__RuleAuditLog:           true
      Hermod__Features__RuleCache:              true
      Hermod__Features__StatsRollup:            true
      Hermod__Storage__Mode:                    Postgres
      Logging__LogLevel__Hermod:                Information
      Logging__LogLevel__Microsoft.AspNetCore:  Warning
    Mounts:
      /var/run/secrets/kubernetes.io/serviceaccount from kube-api-access-jx7xr (ro)
Containers:
  hermod-coordinator:
    Container ID:   containerd://8bc8e597bde7e2e74a647eb24d90960d221d7add66230cddeca440fb6b8cbad2
    Image:          hermod-coordinator:latest
    Image ID:       sha256:ca91ccdfcd269dd5e4e25d5ffe8d863ca5db57e5c4f62f08c8adf90d23c15eaf
    Port:           42069/TCP (http)
    Host Port:      0/TCP (http)
    State:          Running
      Started:      Mon, 27 Apr 2026 09:53:20 +0200
    Ready:          True
    Restart Count:  0
    Limits:
      cpu:     1500m
      memory:  1536Mi
    Requests:
      cpu:      200m
      memory:   256Mi
    Liveness:   http-get http://:42069/healthz delay=60s timeout=1s period=30s #success=1 #failure=3
    Readiness:  http-get http://:42069/healthz/ready delay=5s timeout=1s period=10s #success=1 #failure=3
    Startup:    http-get http://:42069/healthz delay=0s timeout=1s period=5s #success=1 #failure=30
    Environment:
      ASPNETCORE_ENVIRONMENT:                   Production
      ASPNETCORE_URLS:                          http://+:42069
      DOTNET_USE_POLLING_FILE_WATCHER:          true
      Hermod__Security__AuthBypass:             true
      Hermod__Security__VaultRequireHttps:      false
      Hermod__Features__MetricsEndpoint:        true
      Hermod__Dev__Endpoints:                   true
      Hermod__Mqtt__Host:                       nanomq
      Hermod__Mqtt__Port:                       1883
      Hermod__Mqtt__UseTls:                     false
      Hermod__Mqtt__Tls__UseTls:                false
      Hermod__Mqtt__Username:                   <set to the key 'mqtt-username' in secret 'hermod-secrets'>  Optional: false
      Hermod__Mqtt__Password:                   <set to the key 'mqtt-password' in secret 'hermod-secrets'>  Optional: false
      Hermod__Database__ConnectionString:       Host=postgres;Port=5432;Database=hermod;Username=hermod_app
      Hermod__Database__Password:               <set to the key 'hermod-db-password' in secret 'hermod-db-credentials'>  Optional: false
      Hermod__Features__DeviceStateTracking:    true
      Hermod__Engine__LogBatchSize:             100
      Hermod__Engine__LogBatching:              true
      Hermod__Engine__Parallelism:              0
      Hermod__Features__MessagePersistence:     true
      Hermod__Features__RuleAuditLog:           true
      Hermod__Features__RuleCache:              true
      Hermod__Features__StatsRollup:            true
      Hermod__Storage__Mode:                    Postgres
      Logging__LogLevel__Hermod:                Information
      Logging__LogLevel__Microsoft.AspNetCore:  Warning
    Mounts:
      /var/run/secrets/kubernetes.io/serviceaccount from kube-api-access-jx7xr (ro)
Conditions:
  Type                        Status
  PodReadyToStartContainers   True 
  Initialized                 True 
  Ready                       True 
  ContainersReady             True 
  PodScheduled                True 
Volumes:
  kube-api-access-jx7xr:
    Type:                    Projected (a volume that contains injected data from multiple sources)
    TokenExpirationSeconds:  3607
    ConfigMapName:           kube-root-ca.crt
    Optional:                false
    DownwardAPI:             true
QoS Class:                   Burstable
Node-Selectors:              <none>
Tolerations:                 node.kubernetes.io/not-ready:NoExecute op=Exists for 300s
                             node.kubernetes.io/unreachable:NoExecute op=Exists for 300s
Events:
  Type    Reason     Age   From               Message
  ----    ------     ----  ----               -------
  Normal  Scheduled  76s   default-scheduler  Successfully assigned translator-zigbee/hermod-coordinator-7d7b88cc46-hnhsd to <pi-host>
  Normal  Pulled     76s   kubelet            spec.initContainers{wait-for-postgres}: Container image "busybox:1.36" already present on machine
  Normal  Created    76s   kubelet            spec.initContainers{wait-for-postgres}: Created container: wait-for-postgres
  Normal  Started    76s   kubelet            spec.initContainers{wait-for-postgres}: Started container wait-for-postgres
  Normal  Pulled     75s   kubelet            spec.initContainers{wait-for-nanomq}: Container image "busybox:1.36" already present on machine
  Normal  Created    75s   kubelet            spec.initContainers{wait-for-nanomq}: Created container: wait-for-nanomq
  Normal  Started    75s   kubelet            spec.initContainers{wait-for-nanomq}: Started container wait-for-nanomq
  Normal  Pulled     74s   kubelet            spec.containers{hermod-coordinator}: Container image "hermod-coordinator:latest" already present on machine
  Normal  Created    74s   kubelet            spec.containers{hermod-coordinator}: Created container: hermod-coordinator
  Normal  Started    74s   kubelet            spec.containers{hermod-coordinator}: Started container hermod-coordinator


Name:             nanomq-756fd88db6-7k858
Namespace:        translator-zigbee
Priority:         0
Service Account:  default
Node:             <pi-host>/<pi-ip>
Start Time:       Mon, 27 Apr 2026 09:52:52 +0200
Labels:           app=nanomq
                  pod-template-hash=756fd88db6
Annotations:      cni.projectcalico.org/containerID: f68917fdb6d5fd3ef7b3460dc9ac51bf0b1a84031e3fb47f6c871b391cca24dd
                  cni.projectcalico.org/podIP: <pod-ip>/32
                  cni.projectcalico.org/podIPs: <pod-ip>/32
Status:           Running
IP:               <pod-ip>
IPs:
  IP:           <pod-ip>
Controlled By:  ReplicaSet/nanomq-756fd88db6
Containers:
  nanomq:
    Container ID:   containerd://480eeb895e24a6a50602e6f2f95d3b5b3cfced0cad9a460bca746b8b3fd2bc0d
    Image:          emqx/nanomq:0.21-slim
    Image ID:       docker.io/emqx/nanomq@sha256:53bea7acb547aced1cc45e08c514628f1e41c4da9ad544fd8c5fa96d3e9eb41b
    Ports:          1883/TCP (mqtt), 8081/TCP (http)
    Host Ports:     0/TCP (mqtt), 0/TCP (http)
    State:          Running
      Started:      Mon, 27 Apr 2026 09:52:53 +0200
    Ready:          True
    Restart Count:  0
    Limits:
      cpu:     1
      memory:  512Mi
    Requests:
      cpu:        50m
      memory:     64Mi
    Readiness:    tcp-socket :1883 delay=3s timeout=1s period=5s #success=1 #failure=3
    Environment:  <none>
    Mounts:
      /etc/nanomq.conf from config (rw,path="nanomq.conf")
      /var/run/secrets/kubernetes.io/serviceaccount from kube-api-access-tcmf7 (ro)
Conditions:
  Type                        Status
  PodReadyToStartContainers   True 
  Initialized                 True 
  Ready                       True 
  ContainersReady             True 
  PodScheduled                True 
Volumes:
  config:
    Type:      ConfigMap (a volume populated by a ConfigMap)
    Name:      nanomq-config
    Optional:  false
  kube-api-access-tcmf7:
    Type:                    Projected (a volume that contains injected data from multiple sources)
    TokenExpirationSeconds:  3607
    ConfigMapName:           kube-root-ca.crt
    Optional:                false
    DownwardAPI:             true
QoS Class:                   Burstable
Node-Selectors:              <none>
Tolerations:                 node.kubernetes.io/not-ready:NoExecute op=Exists for 300s
                             node.kubernetes.io/unreachable:NoExecute op=Exists for 300s
Events:
  Type    Reason     Age   From               Message
  ----    ------     ----  ----               -------
  Normal  Scheduled  102s  default-scheduler  Successfully assigned translator-zigbee/nanomq-756fd88db6-7k858 to <pi-host>
  Normal  Pulled     101s  kubelet            spec.containers{nanomq}: Container image "emqx/nanomq:0.21-slim" already present on machine
  Normal  Created    101s  kubelet            spec.containers{nanomq}: Created container: nanomq
  Normal  Started    101s  kubelet            spec.containers{nanomq}: Started container nanomq


Name:             postgres-0
Namespace:        translator-zigbee
Priority:         0
Service Account:  default
Node:             <pi-host>/<pi-ip>
Start Time:       Mon, 27 Apr 2026 09:52:58 +0200
Labels:           app=postgres
                  apps.kubernetes.io/pod-index=0
                  controller-revision-hash=postgres-848ccb988d
                  statefulset.kubernetes.io/pod-name=postgres-0
Annotations:      cni.projectcalico.org/containerID: 006d092a18672fa9e728a5b435a4d67a77871b40812ee6c28f8ffab3c1cf181d
                  cni.projectcalico.org/podIP: <pod-ip>/32
                  cni.projectcalico.org/podIPs: <pod-ip>/32
Status:           Running
IP:               <pod-ip>
IPs:
  IP:           <pod-ip>
Controlled By:  StatefulSet/postgres
Containers:
  postgres:
    Container ID:   containerd://f76b36dbb6ed02991c69860f3495b292fe266300a98a8c52d4d1fd1711a4d864
    Image:          postgres:17-alpine
    Image ID:       docker.io/library/postgres@sha256:778d0b486d6daa02b77434d0358ec57a1b21fd8b6d22ac2eef56a33e816928f6
    Port:           5432/TCP
    Host Port:      0/TCP
    State:          Running
      Started:      Mon, 27 Apr 2026 09:52:59 +0200
    Ready:          True
    Restart Count:  0
    Limits:
      cpu:     1500m
      memory:  1536Mi
    Requests:
      cpu:      100m
      memory:   256Mi
    Readiness:  exec [pg_isready -U postgres] delay=5s timeout=1s period=5s #success=1 #failure=3
    Environment:
      POSTGRES_DB:        postgres
      POSTGRES_USER:      postgres
      POSTGRES_PASSWORD:  <set to the key 'postgres-superuser-password' in secret 'hermod-secrets'>  Optional: false
    Mounts:
      /docker-entrypoint-initdb.d from init (rw)
      /var/lib/postgresql/data from data (rw)
      /var/run/secrets/kubernetes.io/serviceaccount from kube-api-access-s775r (ro)
Conditions:
  Type                        Status
  PodReadyToStartContainers   True 
  Initialized                 True 
  Ready                       True 
  ContainersReady             True 
  PodScheduled                True 
Volumes:
  data:
    Type:       PersistentVolumeClaim (a reference to a PersistentVolumeClaim in the same namespace)
    ClaimName:  data-postgres-0
    ReadOnly:   false
  init:
    Type:      ConfigMap (a volume populated by a ConfigMap)
    Name:      postgres-init
    Optional:  false
  kube-api-access-s775r:
    Type:                    Projected (a volume that contains injected data from multiple sources)
    TokenExpirationSeconds:  3607
    ConfigMapName:           kube-root-ca.crt
    Optional:                false
    DownwardAPI:             true
QoS Class:                   Burstable
Node-Selectors:              <none>
Tolerations:                 node.kubernetes.io/not-ready:NoExecute op=Exists for 300s
                             node.kubernetes.io/unreachable:NoExecute op=Exists for 300s
Events:
  Type    Reason     Age   From               Message
  ----    ------     ----  ----               -------
  Normal  Scheduled  96s   default-scheduler  Successfully assigned translator-zigbee/postgres-0 to <pi-host>
  Normal  Pulled     95s   kubelet            spec.containers{postgres}: Container image "postgres:17-alpine" already present on machine
  Normal  Created    95s   kubelet            spec.containers{postgres}: Created container: postgres
  Normal  Started    95s   kubelet            spec.containers{postgres}: Started container postgres


Name:             zigbee2mqtt-6b85d5787-hfqp6
Namespace:        translator-zigbee
Priority:         0
Service Account:  default
Node:             <pi-host>/<pi-ip>
Start Time:       Mon, 27 Apr 2026 09:52:52 +0200
Labels:           app=zigbee2mqtt
                  pod-template-hash=6b85d5787
Annotations:      cni.projectcalico.org/containerID: 945e0fd22ec1a56b36a59771ef689cb52560ac9f3b725176dbd634431be110bd
                  cni.projectcalico.org/podIP: <pod-ip>/32
                  cni.projectcalico.org/podIPs: <pod-ip>/32
Status:           Running
IP:               <pod-ip>
IPs:
  IP:           <pod-ip>
Controlled By:  ReplicaSet/zigbee2mqtt-6b85d5787
Init Containers:
  seed-config:
    Container ID:  containerd://425d2c3d7f1796a5c23ff1c62a02f58918b092cd754eebb5e227552df216432b
    Image:         busybox:latest
    Image ID:      docker.io/library/busybox@sha256:1487d0af5f52b4ba31c7e465126ee2123fe3f2305d638e7827681e7cf6c83d5e
    Port:          <none>
    Host Port:     <none>
    Command:
      sh
      -c
      cp /tmp/cm/configuration.yaml /app/data/configuration.yaml && chmod 0644 /app/data/configuration.yaml
    State:          Terminated
      Reason:       Completed
      Exit Code:    0
      Started:      Mon, 27 Apr 2026 09:52:54 +0200
      Finished:     Mon, 27 Apr 2026 09:52:54 +0200
    Ready:          True
    Restart Count:  0
    Environment:    <none>
    Mounts:
      /app/data from data (rw)
      /tmp/cm from config-cm (rw)
      /var/run/secrets/kubernetes.io/serviceaccount from kube-api-access-4xq2n (ro)
Containers:
  zigbee2mqtt:
    Container ID:   containerd://fc5ad13fc4216bfb9aec82f1144fc8c5734bc87c8c93b7e995b228c3a637a4ba
    Image:          koenkk/zigbee2mqtt:latest
    Image ID:       docker.io/koenkk/zigbee2mqtt@sha256:2a21bbf7a664a149024bbe1f776e3151f28ed9db15948270dcbffb89544a41f0
    Port:           8080/TCP (http)
    Host Port:      0/TCP (http)
    State:          Running
      Started:      Mon, 27 Apr 2026 09:52:55 +0200
    Ready:          True
    Restart Count:  0
    Limits:
      cpu:     1
      memory:  512Mi
    Requests:
      cpu:     100m
      memory:  128Mi
    Environment:
      TZ:                                Europe/Bratislava
      ZIGBEE2MQTT_CONFIG_MQTT_USER:      <set to the key 'mqtt-username' in secret 'hermod-secrets'>  Optional: false
      ZIGBEE2MQTT_CONFIG_MQTT_PASSWORD:  <set to the key 'mqtt-password' in secret 'hermod-secrets'>  Optional: false
    Mounts:
      /app/data from data (rw)
      /dev/ttyUSB0 from zigbee-device (rw)
      /var/run/secrets/kubernetes.io/serviceaccount from kube-api-access-4xq2n (ro)
Conditions:
  Type                        Status
  PodReadyToStartContainers   True 
  Initialized                 True 
  Ready                       True 
  ContainersReady             True 
  PodScheduled                True 
Volumes:
  data:
    Type:       EmptyDir (a temporary directory that shares a pod's lifetime)
    Medium:     
    SizeLimit:  <unset>
  config-cm:
    Type:      ConfigMap (a volume populated by a ConfigMap)
    Name:      zigbee2mqtt-config
    Optional:  false
  zigbee-device:
    Type:          HostPath (bare host directory volume)
    Path:          /dev/ttyUSB0
    HostPathType:  CharDevice
  kube-api-access-4xq2n:
    Type:                    Projected (a volume that contains injected data from multiple sources)
    TokenExpirationSeconds:  3607
    ConfigMapName:           kube-root-ca.crt
    Optional:                false
    DownwardAPI:             true
QoS Class:                   Burstable
Node-Selectors:              hermod.io/zigbee=true
Tolerations:                 node.kubernetes.io/not-ready:NoExecute op=Exists for 300s
                             node.kubernetes.io/unreachable:NoExecute op=Exists for 300s
Events:
  Type    Reason     Age   From               Message
  ----    ------     ----  ----               -------
  Normal  Scheduled  101s  default-scheduler  Successfully assigned translator-zigbee/zigbee2mqtt-6b85d5787-hfqp6 to <pi-host>
  Normal  Pulled     101s  kubelet            spec.initContainers{seed-config}: Container image "busybox:latest" already present on machine
  Normal  Created    101s  kubelet            spec.initContainers{seed-config}: Created container: seed-config
  Normal  Started    100s  kubelet            spec.initContainers{seed-config}: Started container seed-config
  Normal  Pulled     100s  kubelet            spec.containers{zigbee2mqtt}: Container image "koenkk/zigbee2mqtt:latest" already present on machine
  Normal  Created    99s   kubelet            spec.containers{zigbee2mqtt}: Created container: zigbee2mqtt
  Normal  Started    99s   kubelet            spec.containers{zigbee2mqtt}: Started container zigbee2mqtt

=== ts=1777276480 ===
Name:             hermod-coordinator-7d7b88cc46-hnhsd
Namespace:        translator-zigbee
Priority:         0
Service Account:  default
Node:             <pi-host>/<pi-ip>
Start Time:       Mon, 27 Apr 2026 09:53:17 +0200
Labels:           app=hermod-coordinator
                  pod-template-hash=7d7b88cc46
Annotations:      cni.projectcalico.org/containerID: 29dd33c590284941ac26f11ce89e47701bca669c6fa6a39dfb3a42148d14863c
                  cni.projectcalico.org/podIP: <pod-ip>/32
                  cni.projectcalico.org/podIPs: <pod-ip>/32
Status:           Running
IP:               <pod-ip>
IPs:
  IP:           <pod-ip>
Controlled By:  ReplicaSet/hermod-coordinator-7d7b88cc46
Init Containers:
  wait-for-postgres:
    Container ID:  containerd://b735ec22ca4fc4068c9ce71d1813ee4b5d3068bca9fbb01e233f111cba80d489
    Image:         busybox:1.36
    Image ID:      docker.io/library/busybox@sha256:73aaf090f3d85aa34ee199857f03fa3a95c8ede2ffd4cc2cdb5b94e566b11662
    Port:          <none>
    Host Port:     <none>
    Command:
      sh
      -c
      until nc -z postgres 5432; do sleep 2; done
    State:          Terminated
      Reason:       Completed
      Exit Code:    0
      Started:      Mon, 27 Apr 2026 09:53:18 +0200
      Finished:     Mon, 27 Apr 2026 09:53:18 +0200
    Ready:          True
    Restart Count:  0
    Environment:
      Hermod__Features__DeviceStateTracking:    true
      Hermod__Engine__LogBatchSize:             100
      Hermod__Engine__LogBatching:              true
      Hermod__Engine__Parallelism:              0
      Hermod__Features__MessagePersistence:     true
      Hermod__Features__RuleAuditLog:           true
      Hermod__Features__RuleCache:              true
      Hermod__Features__StatsRollup:            true
      Hermod__Storage__Mode:                    Postgres
      Logging__LogLevel__Hermod:                Information
      Logging__LogLevel__Microsoft.AspNetCore:  Warning
    Mounts:
      /var/run/secrets/kubernetes.io/serviceaccount from kube-api-access-jx7xr (ro)
  wait-for-nanomq:
    Container ID:  containerd://16133d1264b40b8023c68fae5d2c08f3c8ddf43ec02d29421d460893aab9db46
    Image:         busybox:1.36
    Image ID:      docker.io/library/busybox@sha256:73aaf090f3d85aa34ee199857f03fa3a95c8ede2ffd4cc2cdb5b94e566b11662
    Port:          <none>
    Host Port:     <none>
    Command:
      sh
      -c
      until nc -z nanomq 1883; do sleep 2; done
    State:          Terminated
      Reason:       Completed
      Exit Code:    0
      Started:      Mon, 27 Apr 2026 09:53:19 +0200
      Finished:     Mon, 27 Apr 2026 09:53:19 +0200
    Ready:          True
    Restart Count:  0
    Environment:
      Hermod__Features__DeviceStateTracking:    true
      Hermod__Engine__LogBatchSize:             100
      Hermod__Engine__LogBatching:              true
      Hermod__Engine__Parallelism:              0
      Hermod__Features__MessagePersistence:     true
      Hermod__Features__RuleAuditLog:           true
      Hermod__Features__RuleCache:              true
      Hermod__Features__StatsRollup:            true
      Hermod__Storage__Mode:                    Postgres
      Logging__LogLevel__Hermod:                Information
      Logging__LogLevel__Microsoft.AspNetCore:  Warning
    Mounts:
      /var/run/secrets/kubernetes.io/serviceaccount from kube-api-access-jx7xr (ro)
Containers:
  hermod-coordinator:
    Container ID:   containerd://8bc8e597bde7e2e74a647eb24d90960d221d7add66230cddeca440fb6b8cbad2
    Image:          hermod-coordinator:latest
    Image ID:       sha256:ca91ccdfcd269dd5e4e25d5ffe8d863ca5db57e5c4f62f08c8adf90d23c15eaf
    Port:           42069/TCP (http)
    Host Port:      0/TCP (http)
    State:          Running
      Started:      Mon, 27 Apr 2026 09:53:20 +0200
    Ready:          True
    Restart Count:  0
    Limits:
      cpu:     1500m
      memory:  1536Mi
    Requests:
      cpu:      200m
      memory:   256Mi
    Liveness:   http-get http://:42069/healthz delay=60s timeout=1s period=30s #success=1 #failure=3
    Readiness:  http-get http://:42069/healthz/ready delay=5s timeout=1s period=10s #success=1 #failure=3
    Startup:    http-get http://:42069/healthz delay=0s timeout=1s period=5s #success=1 #failure=30
    Environment:
      ASPNETCORE_ENVIRONMENT:                   Production
      ASPNETCORE_URLS:                          http://+:42069
      DOTNET_USE_POLLING_FILE_WATCHER:          true
      Hermod__Security__AuthBypass:             true
      Hermod__Security__VaultRequireHttps:      false
      Hermod__Features__MetricsEndpoint:        true
      Hermod__Dev__Endpoints:                   true
      Hermod__Mqtt__Host:                       nanomq
      Hermod__Mqtt__Port:                       1883
      Hermod__Mqtt__UseTls:                     false
      Hermod__Mqtt__Tls__UseTls:                false
      Hermod__Mqtt__Username:                   <set to the key 'mqtt-username' in secret 'hermod-secrets'>  Optional: false
      Hermod__Mqtt__Password:                   <set to the key 'mqtt-password' in secret 'hermod-secrets'>  Optional: false
      Hermod__Database__ConnectionString:       Host=postgres;Port=5432;Database=hermod;Username=hermod_app
      Hermod__Database__Password:               <set to the key 'hermod-db-password' in secret 'hermod-db-credentials'>  Optional: false
      Hermod__Features__DeviceStateTracking:    true
      Hermod__Engine__LogBatchSize:             100
      Hermod__Engine__LogBatching:              true
      Hermod__Engine__Parallelism:              0
      Hermod__Features__MessagePersistence:     true
      Hermod__Features__RuleAuditLog:           true
      Hermod__Features__RuleCache:              true
      Hermod__Features__StatsRollup:            true
      Hermod__Storage__Mode:                    Postgres
      Logging__LogLevel__Hermod:                Information
      Logging__LogLevel__Microsoft.AspNetCore:  Warning
    Mounts:
      /var/run/secrets/kubernetes.io/serviceaccount from kube-api-access-jx7xr (ro)
Conditions:
  Type                        Status
  PodReadyToStartContainers   True 
  Initialized                 True 
  Ready                       True 
  ContainersReady             True 
  PodScheduled                True 
Volumes:
  kube-api-access-jx7xr:
    Type:                    Projected (a volume that contains injected data from multiple sources)
    TokenExpirationSeconds:  3607
    ConfigMapName:           kube-root-ca.crt
    Optional:                false
    DownwardAPI:             true
QoS Class:                   Burstable
Node-Selectors:              <none>
Tolerations:                 node.kubernetes.io/not-ready:NoExecute op=Exists for 300s
                             node.kubernetes.io/unreachable:NoExecute op=Exists for 300s
Events:
  Type    Reason     Age   From               Message
  ----    ------     ----  ----               -------
  Normal  Scheduled  82s   default-scheduler  Successfully assigned translator-zigbee/hermod-coordinator-7d7b88cc46-hnhsd to <pi-host>
  Normal  Pulled     82s   kubelet            spec.initContainers{wait-for-postgres}: Container image "busybox:1.36" already present on machine
  Normal  Created    82s   kubelet            spec.initContainers{wait-for-postgres}: Created container: wait-for-postgres
  Normal  Started    82s   kubelet            spec.initContainers{wait-for-postgres}: Started container wait-for-postgres
  Normal  Pulled     81s   kubelet            spec.initContainers{wait-for-nanomq}: Container image "busybox:1.36" already present on machine
  Normal  Created    81s   kubelet            spec.initContainers{wait-for-nanomq}: Created container: wait-for-nanomq
  Normal  Started    81s   kubelet            spec.initContainers{wait-for-nanomq}: Started container wait-for-nanomq
  Normal  Pulled     80s   kubelet            spec.containers{hermod-coordinator}: Container image "hermod-coordinator:latest" already present on machine
  Normal  Created    80s   kubelet            spec.containers{hermod-coordinator}: Created container: hermod-coordinator
  Normal  Started    80s   kubelet            spec.containers{hermod-coordinator}: Started container hermod-coordinator


Name:             nanomq-756fd88db6-7k858
Namespace:        translator-zigbee
Priority:         0
Service Account:  default
Node:             <pi-host>/<pi-ip>
Start Time:       Mon, 27 Apr 2026 09:52:52 +0200
Labels:           app=nanomq
                  pod-template-hash=756fd88db6
Annotations:      cni.projectcalico.org/containerID: f68917fdb6d5fd3ef7b3460dc9ac51bf0b1a84031e3fb47f6c871b391cca24dd
                  cni.projectcalico.org/podIP: <pod-ip>/32
                  cni.projectcalico.org/podIPs: <pod-ip>/32
Status:           Running
IP:               <pod-ip>
IPs:
  IP:           <pod-ip>
Controlled By:  ReplicaSet/nanomq-756fd88db6
Containers:
  nanomq:
    Container ID:   containerd://480eeb895e24a6a50602e6f2f95d3b5b3cfced0cad9a460bca746b8b3fd2bc0d
    Image:          emqx/nanomq:0.21-slim
    Image ID:       docker.io/emqx/nanomq@sha256:53bea7acb547aced1cc45e08c514628f1e41c4da9ad544fd8c5fa96d3e9eb41b
    Ports:          1883/TCP (mqtt), 8081/TCP (http)
    Host Ports:     0/TCP (mqtt), 0/TCP (http)
    State:          Running
      Started:      Mon, 27 Apr 2026 09:52:53 +0200
    Ready:          True
    Restart Count:  0
    Limits:
      cpu:     1
      memory:  512Mi
    Requests:
      cpu:        50m
      memory:     64Mi
    Readiness:    tcp-socket :1883 delay=3s timeout=1s period=5s #success=1 #failure=3
    Environment:  <none>
    Mounts:
      /etc/nanomq.conf from config (rw,path="nanomq.conf")
      /var/run/secrets/kubernetes.io/serviceaccount from kube-api-access-tcmf7 (ro)
Conditions:
  Type                        Status
  PodReadyToStartContainers   True 
  Initialized                 True 
  Ready                       True 
  ContainersReady             True 
  PodScheduled                True 
Volumes:
  config:
    Type:      ConfigMap (a volume populated by a ConfigMap)
    Name:      nanomq-config
    Optional:  false
  kube-api-access-tcmf7:
    Type:                    Projected (a volume that contains injected data from multiple sources)
    TokenExpirationSeconds:  3607
    ConfigMapName:           kube-root-ca.crt
    Optional:                false
    DownwardAPI:             true
QoS Class:                   Burstable
Node-Selectors:              <none>
Tolerations:                 node.kubernetes.io/not-ready:NoExecute op=Exists for 300s
                             node.kubernetes.io/unreachable:NoExecute op=Exists for 300s
Events:
  Type    Reason     Age   From               Message
  ----    ------     ----  ----               -------
  Normal  Scheduled  107s  default-scheduler  Successfully assigned translator-zigbee/nanomq-756fd88db6-7k858 to <pi-host>
  Normal  Pulled     107s  kubelet            spec.containers{nanomq}: Container image "emqx/nanomq:0.21-slim" already present on machine
  Normal  Created    107s  kubelet            spec.containers{nanomq}: Created container: nanomq
  Normal  Started    107s  kubelet            spec.containers{nanomq}: Started container nanomq


Name:             postgres-0
Namespace:        translator-zigbee
Priority:         0
Service Account:  default
Node:             <pi-host>/<pi-ip>
Start Time:       Mon, 27 Apr 2026 09:52:58 +0200
Labels:           app=postgres
                  apps.kubernetes.io/pod-index=0
                  controller-revision-hash=postgres-848ccb988d
                  statefulset.kubernetes.io/pod-name=postgres-0
Annotations:      cni.projectcalico.org/containerID: 006d092a18672fa9e728a5b435a4d67a77871b40812ee6c28f8ffab3c1cf181d
                  cni.projectcalico.org/podIP: <pod-ip>/32
                  cni.projectcalico.org/podIPs: <pod-ip>/32
Status:           Running
IP:               <pod-ip>
IPs:
  IP:           <pod-ip>
Controlled By:  StatefulSet/postgres
Containers:
  postgres:
    Container ID:   containerd://f76b36dbb6ed02991c69860f3495b292fe266300a98a8c52d4d1fd1711a4d864
    Image:          postgres:17-alpine
    Image ID:       docker.io/library/postgres@sha256:778d0b486d6daa02b77434d0358ec57a1b21fd8b6d22ac2eef56a33e816928f6
    Port:           5432/TCP
    Host Port:      0/TCP
    State:          Running
      Started:      Mon, 27 Apr 2026 09:52:59 +0200
    Ready:          True
    Restart Count:  0
    Limits:
      cpu:     1500m
      memory:  1536Mi
    Requests:
      cpu:      100m
      memory:   256Mi
    Readiness:  exec [pg_isready -U postgres] delay=5s timeout=1s period=5s #success=1 #failure=3
    Environment:
      POSTGRES_DB:        postgres
      POSTGRES_USER:      postgres
      POSTGRES_PASSWORD:  <set to the key 'postgres-superuser-password' in secret 'hermod-secrets'>  Optional: false
    Mounts:
      /docker-entrypoint-initdb.d from init (rw)
      /var/lib/postgresql/data from data (rw)
      /var/run/secrets/kubernetes.io/serviceaccount from kube-api-access-s775r (ro)
Conditions:
  Type                        Status
  PodReadyToStartContainers   True 
  Initialized                 True 
  Ready                       True 
  ContainersReady             True 
  PodScheduled                True 
Volumes:
  data:
    Type:       PersistentVolumeClaim (a reference to a PersistentVolumeClaim in the same namespace)
    ClaimName:  data-postgres-0
    ReadOnly:   false
  init:
    Type:      ConfigMap (a volume populated by a ConfigMap)
    Name:      postgres-init
    Optional:  false
  kube-api-access-s775r:
    Type:                    Projected (a volume that contains injected data from multiple sources)
    TokenExpirationSeconds:  3607
    ConfigMapName:           kube-root-ca.crt
    Optional:                false
    DownwardAPI:             true
QoS Class:                   Burstable
Node-Selectors:              <none>
Tolerations:                 node.kubernetes.io/not-ready:NoExecute op=Exists for 300s
                             node.kubernetes.io/unreachable:NoExecute op=Exists for 300s
Events:
  Type    Reason     Age   From               Message
  ----    ------     ----  ----               -------
  Normal  Scheduled  102s  default-scheduler  Successfully assigned translator-zigbee/postgres-0 to <pi-host>
  Normal  Pulled     101s  kubelet            spec.containers{postgres}: Container image "postgres:17-alpine" already present on machine
  Normal  Created    101s  kubelet            spec.containers{postgres}: Created container: postgres
  Normal  Started    101s  kubelet            spec.containers{postgres}: Started container postgres


Name:             zigbee2mqtt-6b85d5787-hfqp6
Namespace:        translator-zigbee
Priority:         0
Service Account:  default
Node:             <pi-host>/<pi-ip>
Start Time:       Mon, 27 Apr 2026 09:52:52 +0200
Labels:           app=zigbee2mqtt
                  pod-template-hash=6b85d5787
Annotations:      cni.projectcalico.org/containerID: 945e0fd22ec1a56b36a59771ef689cb52560ac9f3b725176dbd634431be110bd
                  cni.projectcalico.org/podIP: <pod-ip>/32
                  cni.projectcalico.org/podIPs: <pod-ip>/32
Status:           Running
IP:               <pod-ip>
IPs:
  IP:           <pod-ip>
Controlled By:  ReplicaSet/zigbee2mqtt-6b85d5787
Init Containers:
  seed-config:
    Container ID:  containerd://425d2c3d7f1796a5c23ff1c62a02f58918b092cd754eebb5e227552df216432b
    Image:         busybox:latest
    Image ID:      docker.io/library/busybox@sha256:1487d0af5f52b4ba31c7e465126ee2123fe3f2305d638e7827681e7cf6c83d5e
    Port:          <none>
    Host Port:     <none>
    Command:
      sh
      -c
      cp /tmp/cm/configuration.yaml /app/data/configuration.yaml && chmod 0644 /app/data/configuration.yaml
    State:          Terminated
      Reason:       Completed
      Exit Code:    0
      Started:      Mon, 27 Apr 2026 09:52:54 +0200
      Finished:     Mon, 27 Apr 2026 09:52:54 +0200
    Ready:          True
    Restart Count:  0
    Environment:    <none>
    Mounts:
      /app/data from data (rw)
      /tmp/cm from config-cm (rw)
      /var/run/secrets/kubernetes.io/serviceaccount from kube-api-access-4xq2n (ro)
Containers:
  zigbee2mqtt:
    Container ID:   containerd://fc5ad13fc4216bfb9aec82f1144fc8c5734bc87c8c93b7e995b228c3a637a4ba
    Image:          koenkk/zigbee2mqtt:latest
    Image ID:       docker.io/koenkk/zigbee2mqtt@sha256:2a21bbf7a664a149024bbe1f776e3151f28ed9db15948270dcbffb89544a41f0
    Port:           8080/TCP (http)
    Host Port:      0/TCP (http)
    State:          Running
      Started:      Mon, 27 Apr 2026 09:52:55 +0200
    Ready:          True
    Restart Count:  0
    Limits:
      cpu:     1
      memory:  512Mi
    Requests:
      cpu:     100m
      memory:  128Mi
    Environment:
      TZ:                                Europe/Bratislava
      ZIGBEE2MQTT_CONFIG_MQTT_USER:      <set to the key 'mqtt-username' in secret 'hermod-secrets'>  Optional: false
      ZIGBEE2MQTT_CONFIG_MQTT_PASSWORD:  <set to the key 'mqtt-password' in secret 'hermod-secrets'>  Optional: false
    Mounts:
      /app/data from data (rw)
      /dev/ttyUSB0 from zigbee-device (rw)
      /var/run/secrets/kubernetes.io/serviceaccount from kube-api-access-4xq2n (ro)
Conditions:
  Type                        Status
  PodReadyToStartContainers   True 
  Initialized                 True 
  Ready                       True 
  ContainersReady             True 
  PodScheduled                True 
Volumes:
  data:
    Type:       EmptyDir (a temporary directory that shares a pod's lifetime)
    Medium:     
    SizeLimit:  <unset>
  config-cm:
    Type:      ConfigMap (a volume populated by a ConfigMap)
    Name:      zigbee2mqtt-config
    Optional:  false
  zigbee-device:
    Type:          HostPath (bare host directory volume)
    Path:          /dev/ttyUSB0
    HostPathType:  CharDevice
  kube-api-access-4xq2n:
    Type:                    Projected (a volume that contains injected data from multiple sources)
    TokenExpirationSeconds:  3607
    ConfigMapName:           kube-root-ca.crt
    Optional:                false
    DownwardAPI:             true
QoS Class:                   Burstable
Node-Selectors:              hermod.io/zigbee=true
Tolerations:                 node.kubernetes.io/not-ready:NoExecute op=Exists for 300s
                             node.kubernetes.io/unreachable:NoExecute op=Exists for 300s
Events:
  Type    Reason     Age   From               Message
  ----    ------     ----  ----               -------
  Normal  Scheduled  107s  default-scheduler  Successfully assigned translator-zigbee/zigbee2mqtt-6b85d5787-hfqp6 to <pi-host>
  Normal  Pulled     107s  kubelet            spec.initContainers{seed-config}: Container image "busybox:latest" already present on machine
  Normal  Created    107s  kubelet            spec.initContainers{seed-config}: Created container: seed-config
  Normal  Started    106s  kubelet            spec.initContainers{seed-config}: Started container seed-config
  Normal  Pulled     106s  kubelet            spec.containers{zigbee2mqtt}: Container image "koenkk/zigbee2mqtt:latest" already present on machine
  Normal  Created    105s  kubelet            spec.containers{zigbee2mqtt}: Created container: zigbee2mqtt
  Normal  Started    105s  kubelet            spec.containers{zigbee2mqtt}: Started container zigbee2mqtt

=== ts=1777276485 ===
Name:             hermod-coordinator-7d7b88cc46-hnhsd
Namespace:        translator-zigbee
Priority:         0
Service Account:  default
Node:             <pi-host>/<pi-ip>
Start Time:       Mon, 27 Apr 2026 09:53:17 +0200
Labels:           app=hermod-coordinator
                  pod-template-hash=7d7b88cc46
Annotations:      cni.projectcalico.org/containerID: 29dd33c590284941ac26f11ce89e47701bca669c6fa6a39dfb3a42148d14863c
                  cni.projectcalico.org/podIP: <pod-ip>/32
                  cni.projectcalico.org/podIPs: <pod-ip>/32
Status:           Running
IP:               <pod-ip>
IPs:
  IP:           <pod-ip>
Controlled By:  ReplicaSet/hermod-coordinator-7d7b88cc46
Init Containers:
  wait-for-postgres:
    Container ID:  containerd://b735ec22ca4fc4068c9ce71d1813ee4b5d3068bca9fbb01e233f111cba80d489
    Image:         busybox:1.36
    Image ID:      docker.io/library/busybox@sha256:73aaf090f3d85aa34ee199857f03fa3a95c8ede2ffd4cc2cdb5b94e566b11662
    Port:          <none>
    Host Port:     <none>
    Command:
      sh
      -c
      until nc -z postgres 5432; do sleep 2; done
    State:          Terminated
      Reason:       Completed
      Exit Code:    0
      Started:      Mon, 27 Apr 2026 09:53:18 +0200
      Finished:     Mon, 27 Apr 2026 09:53:18 +0200
    Ready:          True
    Restart Count:  0
    Environment:
      Hermod__Features__DeviceStateTracking:    true
      Hermod__Engine__LogBatchSize:             100
      Hermod__Engine__LogBatching:              true
      Hermod__Engine__Parallelism:              0
      Hermod__Features__MessagePersistence:     true
      Hermod__Features__RuleAuditLog:           true
      Hermod__Features__RuleCache:              true
      Hermod__Features__StatsRollup:            true
      Hermod__Storage__Mode:                    Postgres
      Logging__LogLevel__Hermod:                Information
      Logging__LogLevel__Microsoft.AspNetCore:  Warning
    Mounts:
      /var/run/secrets/kubernetes.io/serviceaccount from kube-api-access-jx7xr (ro)
  wait-for-nanomq:
    Container ID:  containerd://16133d1264b40b8023c68fae5d2c08f3c8ddf43ec02d29421d460893aab9db46
    Image:         busybox:1.36
    Image ID:      docker.io/library/busybox@sha256:73aaf090f3d85aa34ee199857f03fa3a95c8ede2ffd4cc2cdb5b94e566b11662
    Port:          <none>
    Host Port:     <none>
    Command:
      sh
      -c
      until nc -z nanomq 1883; do sleep 2; done
    State:          Terminated
      Reason:       Completed
      Exit Code:    0
      Started:      Mon, 27 Apr 2026 09:53:19 +0200
      Finished:     Mon, 27 Apr 2026 09:53:19 +0200
    Ready:          True
    Restart Count:  0
    Environment:
      Hermod__Features__DeviceStateTracking:    true
      Hermod__Engine__LogBatchSize:             100
      Hermod__Engine__LogBatching:              true
      Hermod__Engine__Parallelism:              0
      Hermod__Features__MessagePersistence:     true
      Hermod__Features__RuleAuditLog:           true
      Hermod__Features__RuleCache:              true
      Hermod__Features__StatsRollup:            true
      Hermod__Storage__Mode:                    Postgres
      Logging__LogLevel__Hermod:                Information
      Logging__LogLevel__Microsoft.AspNetCore:  Warning
    Mounts:
      /var/run/secrets/kubernetes.io/serviceaccount from kube-api-access-jx7xr (ro)
Containers:
  hermod-coordinator:
    Container ID:   containerd://8bc8e597bde7e2e74a647eb24d90960d221d7add66230cddeca440fb6b8cbad2
    Image:          hermod-coordinator:latest
    Image ID:       sha256:ca91ccdfcd269dd5e4e25d5ffe8d863ca5db57e5c4f62f08c8adf90d23c15eaf
    Port:           42069/TCP (http)
    Host Port:      0/TCP (http)
    State:          Running
      Started:      Mon, 27 Apr 2026 09:53:20 +0200
    Ready:          True
    Restart Count:  0
    Limits:
      cpu:     1500m
      memory:  1536Mi
    Requests:
      cpu:      200m
      memory:   256Mi
    Liveness:   http-get http://:42069/healthz delay=60s timeout=1s period=30s #success=1 #failure=3
    Readiness:  http-get http://:42069/healthz/ready delay=5s timeout=1s period=10s #success=1 #failure=3
    Startup:    http-get http://:42069/healthz delay=0s timeout=1s period=5s #success=1 #failure=30
    Environment:
      ASPNETCORE_ENVIRONMENT:                   Production
      ASPNETCORE_URLS:                          http://+:42069
      DOTNET_USE_POLLING_FILE_WATCHER:          true
      Hermod__Security__AuthBypass:             true
      Hermod__Security__VaultRequireHttps:      false
      Hermod__Features__MetricsEndpoint:        true
      Hermod__Dev__Endpoints:                   true
      Hermod__Mqtt__Host:                       nanomq
      Hermod__Mqtt__Port:                       1883
      Hermod__Mqtt__UseTls:                     false
      Hermod__Mqtt__Tls__UseTls:                false
      Hermod__Mqtt__Username:                   <set to the key 'mqtt-username' in secret 'hermod-secrets'>  Optional: false
      Hermod__Mqtt__Password:                   <set to the key 'mqtt-password' in secret 'hermod-secrets'>  Optional: false
      Hermod__Database__ConnectionString:       Host=postgres;Port=5432;Database=hermod;Username=hermod_app
      Hermod__Database__Password:               <set to the key 'hermod-db-password' in secret 'hermod-db-credentials'>  Optional: false
      Hermod__Features__DeviceStateTracking:    true
      Hermod__Engine__LogBatchSize:             100
      Hermod__Engine__LogBatching:              true
      Hermod__Engine__Parallelism:              0
      Hermod__Features__MessagePersistence:     true
      Hermod__Features__RuleAuditLog:           true
      Hermod__Features__RuleCache:              true
      Hermod__Features__StatsRollup:            true
      Hermod__Storage__Mode:                    Postgres
      Logging__LogLevel__Hermod:                Information
      Logging__LogLevel__Microsoft.AspNetCore:  Warning
    Mounts:
      /var/run/secrets/kubernetes.io/serviceaccount from kube-api-access-jx7xr (ro)
Conditions:
  Type                        Status
  PodReadyToStartContainers   True 
  Initialized                 True 
  Ready                       True 
  ContainersReady             True 
  PodScheduled                True 
Volumes:
  kube-api-access-jx7xr:
    Type:                    Projected (a volume that contains injected data from multiple sources)
    TokenExpirationSeconds:  3607
    ConfigMapName:           kube-root-ca.crt
    Optional:                false
    DownwardAPI:             true
QoS Class:                   Burstable
Node-Selectors:              <none>
Tolerations:                 node.kubernetes.io/not-ready:NoExecute op=Exists for 300s
                             node.kubernetes.io/unreachable:NoExecute op=Exists for 300s
Events:
  Type    Reason     Age   From               Message
  ----    ------     ----  ----               -------
  Normal  Scheduled  88s   default-scheduler  Successfully assigned translator-zigbee/hermod-coordinator-7d7b88cc46-hnhsd to <pi-host>
  Normal  Pulled     88s   kubelet            spec.initContainers{wait-for-postgres}: Container image "busybox:1.36" already present on machine
  Normal  Created    88s   kubelet            spec.initContainers{wait-for-postgres}: Created container: wait-for-postgres
  Normal  Started    88s   kubelet            spec.initContainers{wait-for-postgres}: Started container wait-for-postgres
  Normal  Pulled     87s   kubelet            spec.initContainers{wait-for-nanomq}: Container image "busybox:1.36" already present on machine
  Normal  Created    87s   kubelet            spec.initContainers{wait-for-nanomq}: Created container: wait-for-nanomq
  Normal  Started    87s   kubelet            spec.initContainers{wait-for-nanomq}: Started container wait-for-nanomq
  Normal  Pulled     86s   kubelet            spec.containers{hermod-coordinator}: Container image "hermod-coordinator:latest" already present on machine
  Normal  Created    86s   kubelet            spec.containers{hermod-coordinator}: Created container: hermod-coordinator
  Normal  Started    86s   kubelet            spec.containers{hermod-coordinator}: Started container hermod-coordinator


Name:             nanomq-756fd88db6-7k858
Namespace:        translator-zigbee
Priority:         0
Service Account:  default
Node:             <pi-host>/<pi-ip>
Start Time:       Mon, 27 Apr 2026 09:52:52 +0200
Labels:           app=nanomq
                  pod-template-hash=756fd88db6
Annotations:      cni.projectcalico.org/containerID: f68917fdb6d5fd3ef7b3460dc9ac51bf0b1a84031e3fb47f6c871b391cca24dd
                  cni.projectcalico.org/podIP: <pod-ip>/32
                  cni.projectcalico.org/podIPs: <pod-ip>/32
Status:           Running
IP:               <pod-ip>
IPs:
  IP:           <pod-ip>
Controlled By:  ReplicaSet/nanomq-756fd88db6
Containers:
  nanomq:
    Container ID:   containerd://480eeb895e24a6a50602e6f2f95d3b5b3cfced0cad9a460bca746b8b3fd2bc0d
    Image:          emqx/nanomq:0.21-slim
    Image ID:       docker.io/emqx/nanomq@sha256:53bea7acb547aced1cc45e08c514628f1e41c4da9ad544fd8c5fa96d3e9eb41b
    Ports:          1883/TCP (mqtt), 8081/TCP (http)
    Host Ports:     0/TCP (mqtt), 0/TCP (http)
    State:          Running
      Started:      Mon, 27 Apr 2026 09:52:53 +0200
    Ready:          True
    Restart Count:  0
    Limits:
      cpu:     1
      memory:  512Mi
    Requests:
      cpu:        50m
      memory:     64Mi
    Readiness:    tcp-socket :1883 delay=3s timeout=1s period=5s #success=1 #failure=3
    Environment:  <none>
    Mounts:
      /etc/nanomq.conf from config (rw,path="nanomq.conf")
      /var/run/secrets/kubernetes.io/serviceaccount from kube-api-access-tcmf7 (ro)
Conditions:
  Type                        Status
  PodReadyToStartContainers   True 
  Initialized                 True 
  Ready                       True 
  ContainersReady             True 
  PodScheduled                True 
Volumes:
  config:
    Type:      ConfigMap (a volume populated by a ConfigMap)
    Name:      nanomq-config
    Optional:  false
  kube-api-access-tcmf7:
    Type:                    Projected (a volume that contains injected data from multiple sources)
    TokenExpirationSeconds:  3607
    ConfigMapName:           kube-root-ca.crt
    Optional:                false
    DownwardAPI:             true
QoS Class:                   Burstable
Node-Selectors:              <none>
Tolerations:                 node.kubernetes.io/not-ready:NoExecute op=Exists for 300s
                             node.kubernetes.io/unreachable:NoExecute op=Exists for 300s
Events:
  Type    Reason     Age   From               Message
  ----    ------     ----  ----               -------
  Normal  Scheduled  113s  default-scheduler  Successfully assigned translator-zigbee/nanomq-756fd88db6-7k858 to <pi-host>
  Normal  Pulled     113s  kubelet            spec.containers{nanomq}: Container image "emqx/nanomq:0.21-slim" already present on machine
  Normal  Created    113s  kubelet            spec.containers{nanomq}: Created container: nanomq
  Normal  Started    113s  kubelet            spec.containers{nanomq}: Started container nanomq


Name:             postgres-0
Namespace:        translator-zigbee
Priority:         0
Service Account:  default
Node:             <pi-host>/<pi-ip>
Start Time:       Mon, 27 Apr 2026 09:52:58 +0200
Labels:           app=postgres
                  apps.kubernetes.io/pod-index=0
                  controller-revision-hash=postgres-848ccb988d
                  statefulset.kubernetes.io/pod-name=postgres-0
Annotations:      cni.projectcalico.org/containerID: 006d092a18672fa9e728a5b435a4d67a77871b40812ee6c28f8ffab3c1cf181d
                  cni.projectcalico.org/podIP: <pod-ip>/32
                  cni.projectcalico.org/podIPs: <pod-ip>/32
Status:           Running
IP:               <pod-ip>
IPs:
  IP:           <pod-ip>
Controlled By:  StatefulSet/postgres
Containers:
  postgres:
    Container ID:   containerd://f76b36dbb6ed02991c69860f3495b292fe266300a98a8c52d4d1fd1711a4d864
    Image:          postgres:17-alpine
    Image ID:       docker.io/library/postgres@sha256:778d0b486d6daa02b77434d0358ec57a1b21fd8b6d22ac2eef56a33e816928f6
    Port:           5432/TCP
    Host Port:      0/TCP
    State:          Running
      Started:      Mon, 27 Apr 2026 09:52:59 +0200
    Ready:          True
    Restart Count:  0
    Limits:
      cpu:     1500m
      memory:  1536Mi
    Requests:
      cpu:      100m
      memory:   256Mi
    Readiness:  exec [pg_isready -U postgres] delay=5s timeout=1s period=5s #success=1 #failure=3
    Environment:
      POSTGRES_DB:        postgres
      POSTGRES_USER:      postgres
      POSTGRES_PASSWORD:  <set to the key 'postgres-superuser-password' in secret 'hermod-secrets'>  Optional: false
    Mounts:
      /docker-entrypoint-initdb.d from init (rw)
      /var/lib/postgresql/data from data (rw)
      /var/run/secrets/kubernetes.io/serviceaccount from kube-api-access-s775r (ro)
Conditions:
  Type                        Status
  PodReadyToStartContainers   True 
  Initialized                 True 
  Ready                       True 
  ContainersReady             True 
  PodScheduled                True 
Volumes:
  data:
    Type:       PersistentVolumeClaim (a reference to a PersistentVolumeClaim in the same namespace)
    ClaimName:  data-postgres-0
    ReadOnly:   false
  init:
    Type:      ConfigMap (a volume populated by a ConfigMap)
    Name:      postgres-init
    Optional:  false
  kube-api-access-s775r:
    Type:                    Projected (a volume that contains injected data from multiple sources)
    TokenExpirationSeconds:  3607
    ConfigMapName:           kube-root-ca.crt
    Optional:                false
    DownwardAPI:             true
QoS Class:                   Burstable
Node-Selectors:              <none>
Tolerations:                 node.kubernetes.io/not-ready:NoExecute op=Exists for 300s
                             node.kubernetes.io/unreachable:NoExecute op=Exists for 300s
Events:
  Type    Reason     Age   From               Message
  ----    ------     ----  ----               -------
  Normal  Scheduled  107s  default-scheduler  Successfully assigned translator-zigbee/postgres-0 to <pi-host>
  Normal  Pulled     107s  kubelet            spec.containers{postgres}: Container image "postgres:17-alpine" already present on machine
  Normal  Created    107s  kubelet            spec.containers{postgres}: Created container: postgres
  Normal  Started    107s  kubelet            spec.containers{postgres}: Started container postgres


Name:             zigbee2mqtt-6b85d5787-hfqp6
Namespace:        translator-zigbee
Priority:         0
Service Account:  default
Node:             <pi-host>/<pi-ip>
Start Time:       Mon, 27 Apr 2026 09:52:52 +0200
Labels:           app=zigbee2mqtt
                  pod-template-hash=6b85d5787
Annotations:      cni.projectcalico.org/containerID: 945e0fd22ec1a56b36a59771ef689cb52560ac9f3b725176dbd634431be110bd
                  cni.projectcalico.org/podIP: <pod-ip>/32
                  cni.projectcalico.org/podIPs: <pod-ip>/32
Status:           Running
IP:               <pod-ip>
IPs:
  IP:           <pod-ip>
Controlled By:  ReplicaSet/zigbee2mqtt-6b85d5787
Init Containers:
  seed-config:
    Container ID:  containerd://425d2c3d7f1796a5c23ff1c62a02f58918b092cd754eebb5e227552df216432b
    Image:         busybox:latest
    Image ID:      docker.io/library/busybox@sha256:1487d0af5f52b4ba31c7e465126ee2123fe3f2305d638e7827681e7cf6c83d5e
    Port:          <none>
    Host Port:     <none>
    Command:
      sh
      -c
      cp /tmp/cm/configuration.yaml /app/data/configuration.yaml && chmod 0644 /app/data/configuration.yaml
    State:          Terminated
      Reason:       Completed
      Exit Code:    0
      Started:      Mon, 27 Apr 2026 09:52:54 +0200
      Finished:     Mon, 27 Apr 2026 09:52:54 +0200
    Ready:          True
    Restart Count:  0
    Environment:    <none>
    Mounts:
      /app/data from data (rw)
      /tmp/cm from config-cm (rw)
      /var/run/secrets/kubernetes.io/serviceaccount from kube-api-access-4xq2n (ro)
Containers:
  zigbee2mqtt:
    Container ID:   containerd://fc5ad13fc4216bfb9aec82f1144fc8c5734bc87c8c93b7e995b228c3a637a4ba
    Image:          koenkk/zigbee2mqtt:latest
    Image ID:       docker.io/koenkk/zigbee2mqtt@sha256:2a21bbf7a664a149024bbe1f776e3151f28ed9db15948270dcbffb89544a41f0
    Port:           8080/TCP (http)
    Host Port:      0/TCP (http)
    State:          Running
      Started:      Mon, 27 Apr 2026 09:52:55 +0200
    Ready:          True
    Restart Count:  0
    Limits:
      cpu:     1
      memory:  512Mi
    Requests:
      cpu:     100m
      memory:  128Mi
    Environment:
      TZ:                                Europe/Bratislava
      ZIGBEE2MQTT_CONFIG_MQTT_USER:      <set to the key 'mqtt-username' in secret 'hermod-secrets'>  Optional: false
      ZIGBEE2MQTT_CONFIG_MQTT_PASSWORD:  <set to the key 'mqtt-password' in secret 'hermod-secrets'>  Optional: false
    Mounts:
      /app/data from data (rw)
      /dev/ttyUSB0 from zigbee-device (rw)
      /var/run/secrets/kubernetes.io/serviceaccount from kube-api-access-4xq2n (ro)
Conditions:
  Type                        Status
  PodReadyToStartContainers   True 
  Initialized                 True 
  Ready                       True 
  ContainersReady             True 
  PodScheduled                True 
Volumes:
  data:
    Type:       EmptyDir (a temporary directory that shares a pod's lifetime)
    Medium:     
    SizeLimit:  <unset>
  config-cm:
    Type:      ConfigMap (a volume populated by a ConfigMap)
    Name:      zigbee2mqtt-config
    Optional:  false
  zigbee-device:
    Type:          HostPath (bare host directory volume)
    Path:          /dev/ttyUSB0
    HostPathType:  CharDevice
  kube-api-access-4xq2n:
    Type:                    Projected (a volume that contains injected data from multiple sources)
    TokenExpirationSeconds:  3607
    ConfigMapName:           kube-root-ca.crt
    Optional:                false
    DownwardAPI:             true
QoS Class:                   Burstable
Node-Selectors:              hermod.io/zigbee=true
Tolerations:                 node.kubernetes.io/not-ready:NoExecute op=Exists for 300s
                             node.kubernetes.io/unreachable:NoExecute op=Exists for 300s
Events:
  Type    Reason     Age   From               Message
  ----    ------     ----  ----               -------
  Normal  Scheduled  113s  default-scheduler  Successfully assigned translator-zigbee/zigbee2mqtt-6b85d5787-hfqp6 to <pi-host>
  Normal  Pulled     113s  kubelet            spec.initContainers{seed-config}: Container image "busybox:latest" already present on machine
  Normal  Created    113s  kubelet            spec.initContainers{seed-config}: Created container: seed-config
  Normal  Started    112s  kubelet            spec.initContainers{seed-config}: Started container seed-config
  Normal  Pulled     112s  kubelet            spec.containers{zigbee2mqtt}: Container image "koenkk/zigbee2mqtt:latest" already present on machine
  Normal  Created    111s  kubelet            spec.containers{zigbee2mqtt}: Created container: zigbee2mqtt
  Normal  Started    111s  kubelet            spec.containers{zigbee2mqtt}: Started container zigbee2mqtt

=== ts=1777276491 ===
Name:             hermod-coordinator-7d7b88cc46-hnhsd
Namespace:        translator-zigbee
Priority:         0
Service Account:  default
Node:             <pi-host>/<pi-ip>
Start Time:       Mon, 27 Apr 2026 09:53:17 +0200
Labels:           app=hermod-coordinator
                  pod-template-hash=7d7b88cc46
Annotations:      cni.projectcalico.org/containerID: 29dd33c590284941ac26f11ce89e47701bca669c6fa6a39dfb3a42148d14863c
                  cni.projectcalico.org/podIP: <pod-ip>/32
                  cni.projectcalico.org/podIPs: <pod-ip>/32
Status:           Running
IP:               <pod-ip>
IPs:
  IP:           <pod-ip>
Controlled By:  ReplicaSet/hermod-coordinator-7d7b88cc46
Init Containers:
  wait-for-postgres:
    Container ID:  containerd://b735ec22ca4fc4068c9ce71d1813ee4b5d3068bca9fbb01e233f111cba80d489
    Image:         busybox:1.36
    Image ID:      docker.io/library/busybox@sha256:73aaf090f3d85aa34ee199857f03fa3a95c8ede2ffd4cc2cdb5b94e566b11662
    Port:          <none>
    Host Port:     <none>
    Command:
      sh
      -c
      until nc -z postgres 5432; do sleep 2; done
    State:          Terminated
      Reason:       Completed
      Exit Code:    0
      Started:      Mon, 27 Apr 2026 09:53:18 +0200
      Finished:     Mon, 27 Apr 2026 09:53:18 +0200
    Ready:          True
    Restart Count:  0
    Environment:
      Hermod__Features__DeviceStateTracking:    true
      Hermod__Engine__LogBatchSize:             100
      Hermod__Engine__LogBatching:              true
      Hermod__Engine__Parallelism:              0
      Hermod__Features__MessagePersistence:     true
      Hermod__Features__RuleAuditLog:           true
      Hermod__Features__RuleCache:              true
      Hermod__Features__StatsRollup:            true
      Hermod__Storage__Mode:                    Postgres
      Logging__LogLevel__Hermod:                Information
      Logging__LogLevel__Microsoft.AspNetCore:  Warning
    Mounts:
      /var/run/secrets/kubernetes.io/serviceaccount from kube-api-access-jx7xr (ro)
  wait-for-nanomq:
    Container ID:  containerd://16133d1264b40b8023c68fae5d2c08f3c8ddf43ec02d29421d460893aab9db46
    Image:         busybox:1.36
    Image ID:      docker.io/library/busybox@sha256:73aaf090f3d85aa34ee199857f03fa3a95c8ede2ffd4cc2cdb5b94e566b11662
    Port:          <none>
    Host Port:     <none>
    Command:
      sh
      -c
      until nc -z nanomq 1883; do sleep 2; done
    State:          Terminated
      Reason:       Completed
      Exit Code:    0
      Started:      Mon, 27 Apr 2026 09:53:19 +0200
      Finished:     Mon, 27 Apr 2026 09:53:19 +0200
    Ready:          True
    Restart Count:  0
    Environment:
      Hermod__Features__DeviceStateTracking:    true
      Hermod__Engine__LogBatchSize:             100
      Hermod__Engine__LogBatching:              true
      Hermod__Engine__Parallelism:              0
      Hermod__Features__MessagePersistence:     true
      Hermod__Features__RuleAuditLog:           true
      Hermod__Features__RuleCache:              true
      Hermod__Features__StatsRollup:            true
      Hermod__Storage__Mode:                    Postgres
      Logging__LogLevel__Hermod:                Information
      Logging__LogLevel__Microsoft.AspNetCore:  Warning
    Mounts:
      /var/run/secrets/kubernetes.io/serviceaccount from kube-api-access-jx7xr (ro)
Containers:
  hermod-coordinator:
    Container ID:   containerd://8bc8e597bde7e2e74a647eb24d90960d221d7add66230cddeca440fb6b8cbad2
    Image:          hermod-coordinator:latest
    Image ID:       sha256:ca91ccdfcd269dd5e4e25d5ffe8d863ca5db57e5c4f62f08c8adf90d23c15eaf
    Port:           42069/TCP (http)
    Host Port:      0/TCP (http)
    State:          Running
      Started:      Mon, 27 Apr 2026 09:53:20 +0200
    Ready:          True
    Restart Count:  0
    Limits:
      cpu:     1500m
      memory:  1536Mi
    Requests:
      cpu:      200m
      memory:   256Mi
    Liveness:   http-get http://:42069/healthz delay=60s timeout=1s period=30s #success=1 #failure=3
    Readiness:  http-get http://:42069/healthz/ready delay=5s timeout=1s period=10s #success=1 #failure=3
    Startup:    http-get http://:42069/healthz delay=0s timeout=1s period=5s #success=1 #failure=30
    Environment:
      ASPNETCORE_ENVIRONMENT:                   Production
      ASPNETCORE_URLS:                          http://+:42069
      DOTNET_USE_POLLING_FILE_WATCHER:          true
      Hermod__Security__AuthBypass:             true
      Hermod__Security__VaultRequireHttps:      false
      Hermod__Features__MetricsEndpoint:        true
      Hermod__Dev__Endpoints:                   true
      Hermod__Mqtt__Host:                       nanomq
      Hermod__Mqtt__Port:                       1883
      Hermod__Mqtt__UseTls:                     false
      Hermod__Mqtt__Tls__UseTls:                false
      Hermod__Mqtt__Username:                   <set to the key 'mqtt-username' in secret 'hermod-secrets'>  Optional: false
      Hermod__Mqtt__Password:                   <set to the key 'mqtt-password' in secret 'hermod-secrets'>  Optional: false
      Hermod__Database__ConnectionString:       Host=postgres;Port=5432;Database=hermod;Username=hermod_app
      Hermod__Database__Password:               <set to the key 'hermod-db-password' in secret 'hermod-db-credentials'>  Optional: false
      Hermod__Features__DeviceStateTracking:    true
      Hermod__Engine__LogBatchSize:             100
      Hermod__Engine__LogBatching:              true
      Hermod__Engine__Parallelism:              0
      Hermod__Features__MessagePersistence:     true
      Hermod__Features__RuleAuditLog:           true
      Hermod__Features__RuleCache:              true
      Hermod__Features__StatsRollup:            true
      Hermod__Storage__Mode:                    Postgres
      Logging__LogLevel__Hermod:                Information
      Logging__LogLevel__Microsoft.AspNetCore:  Warning
    Mounts:
      /var/run/secrets/kubernetes.io/serviceaccount from kube-api-access-jx7xr (ro)
Conditions:
  Type                        Status
  PodReadyToStartContainers   True 
  Initialized                 True 
  Ready                       True 
  ContainersReady             True 
  PodScheduled                True 
Volumes:
  kube-api-access-jx7xr:
    Type:                    Projected (a volume that contains injected data from multiple sources)
    TokenExpirationSeconds:  3607
    ConfigMapName:           kube-root-ca.crt
    Optional:                false
    DownwardAPI:             true
QoS Class:                   Burstable
Node-Selectors:              <none>
Tolerations:                 node.kubernetes.io/not-ready:NoExecute op=Exists for 300s
                             node.kubernetes.io/unreachable:NoExecute op=Exists for 300s
Events:
  Type    Reason     Age   From               Message
  ----    ------     ----  ----               -------
  Normal  Scheduled  94s   default-scheduler  Successfully assigned translator-zigbee/hermod-coordinator-7d7b88cc46-hnhsd to <pi-host>
  Normal  Pulled     93s   kubelet            spec.initContainers{wait-for-postgres}: Container image "busybox:1.36" already present on machine
  Normal  Created    93s   kubelet            spec.initContainers{wait-for-postgres}: Created container: wait-for-postgres
  Normal  Started    93s   kubelet            spec.initContainers{wait-for-postgres}: Started container wait-for-postgres
  Normal  Pulled     92s   kubelet            spec.initContainers{wait-for-nanomq}: Container image "busybox:1.36" already present on machine
  Normal  Created    92s   kubelet            spec.initContainers{wait-for-nanomq}: Created container: wait-for-nanomq
  Normal  Started    92s   kubelet            spec.initContainers{wait-for-nanomq}: Started container wait-for-nanomq
  Normal  Pulled     91s   kubelet            spec.containers{hermod-coordinator}: Container image "hermod-coordinator:latest" already present on machine
  Normal  Created    91s   kubelet            spec.containers{hermod-coordinator}: Created container: hermod-coordinator
  Normal  Started    91s   kubelet            spec.containers{hermod-coordinator}: Started container hermod-coordinator


Name:             nanomq-756fd88db6-7k858
Namespace:        translator-zigbee
Priority:         0
Service Account:  default
Node:             <pi-host>/<pi-ip>
Start Time:       Mon, 27 Apr 2026 09:52:52 +0200
Labels:           app=nanomq
                  pod-template-hash=756fd88db6
Annotations:      cni.projectcalico.org/containerID: f68917fdb6d5fd3ef7b3460dc9ac51bf0b1a84031e3fb47f6c871b391cca24dd
                  cni.projectcalico.org/podIP: <pod-ip>/32
                  cni.projectcalico.org/podIPs: <pod-ip>/32
Status:           Running
IP:               <pod-ip>
IPs:
  IP:           <pod-ip>
Controlled By:  ReplicaSet/nanomq-756fd88db6
Containers:
  nanomq:
    Container ID:   containerd://480eeb895e24a6a50602e6f2f95d3b5b3cfced0cad9a460bca746b8b3fd2bc0d
    Image:          emqx/nanomq:0.21-slim
    Image ID:       docker.io/emqx/nanomq@sha256:53bea7acb547aced1cc45e08c514628f1e41c4da9ad544fd8c5fa96d3e9eb41b
    Ports:          1883/TCP (mqtt), 8081/TCP (http)
    Host Ports:     0/TCP (mqtt), 0/TCP (http)
    State:          Running
      Started:      Mon, 27 Apr 2026 09:52:53 +0200
    Ready:          True
    Restart Count:  0
    Limits:
      cpu:     1
      memory:  512Mi
    Requests:
      cpu:        50m
      memory:     64Mi
    Readiness:    tcp-socket :1883 delay=3s timeout=1s period=5s #success=1 #failure=3
    Environment:  <none>
    Mounts:
      /etc/nanomq.conf from config (rw,path="nanomq.conf")
      /var/run/secrets/kubernetes.io/serviceaccount from kube-api-access-tcmf7 (ro)
Conditions:
  Type                        Status
  PodReadyToStartContainers   True 
  Initialized                 True 
  Ready                       True 
  ContainersReady             True 
  PodScheduled                True 
Volumes:
  config:
    Type:      ConfigMap (a volume populated by a ConfigMap)
    Name:      nanomq-config
    Optional:  false
  kube-api-access-tcmf7:
    Type:                    Projected (a volume that contains injected data from multiple sources)
    TokenExpirationSeconds:  3607
    ConfigMapName:           kube-root-ca.crt
    Optional:                false
    DownwardAPI:             true
QoS Class:                   Burstable
Node-Selectors:              <none>
Tolerations:                 node.kubernetes.io/not-ready:NoExecute op=Exists for 300s
                             node.kubernetes.io/unreachable:NoExecute op=Exists for 300s
Events:
  Type    Reason     Age   From               Message
  ----    ------     ----  ----               -------
  Normal  Scheduled  119s  default-scheduler  Successfully assigned translator-zigbee/nanomq-756fd88db6-7k858 to <pi-host>
  Normal  Pulled     118s  kubelet            spec.containers{nanomq}: Container image "emqx/nanomq:0.21-slim" already present on machine
  Normal  Created    118s  kubelet            spec.containers{nanomq}: Created container: nanomq
  Normal  Started    118s  kubelet            spec.containers{nanomq}: Started container nanomq


Name:             postgres-0
Namespace:        translator-zigbee
Priority:         0
Service Account:  default
Node:             <pi-host>/<pi-ip>
Start Time:       Mon, 27 Apr 2026 09:52:58 +0200
Labels:           app=postgres
                  apps.kubernetes.io/pod-index=0
                  controller-revision-hash=postgres-848ccb988d
                  statefulset.kubernetes.io/pod-name=postgres-0
Annotations:      cni.projectcalico.org/containerID: 006d092a18672fa9e728a5b435a4d67a77871b40812ee6c28f8ffab3c1cf181d
                  cni.projectcalico.org/podIP: <pod-ip>/32
                  cni.projectcalico.org/podIPs: <pod-ip>/32
Status:           Running
IP:               <pod-ip>
IPs:
  IP:           <pod-ip>
Controlled By:  StatefulSet/postgres
Containers:
  postgres:
    Container ID:   containerd://f76b36dbb6ed02991c69860f3495b292fe266300a98a8c52d4d1fd1711a4d864
    Image:          postgres:17-alpine
    Image ID:       docker.io/library/postgres@sha256:778d0b486d6daa02b77434d0358ec57a1b21fd8b6d22ac2eef56a33e816928f6
    Port:           5432/TCP
    Host Port:      0/TCP
    State:          Running
      Started:      Mon, 27 Apr 2026 09:52:59 +0200
    Ready:          True
    Restart Count:  0
    Limits:
      cpu:     1500m
      memory:  1536Mi
    Requests:
      cpu:      100m
      memory:   256Mi
    Readiness:  exec [pg_isready -U postgres] delay=5s timeout=1s period=5s #success=1 #failure=3
    Environment:
      POSTGRES_DB:        postgres
      POSTGRES_USER:      postgres
      POSTGRES_PASSWORD:  <set to the key 'postgres-superuser-password' in secret 'hermod-secrets'>  Optional: false
    Mounts:
      /docker-entrypoint-initdb.d from init (rw)
      /var/lib/postgresql/data from data (rw)
      /var/run/secrets/kubernetes.io/serviceaccount from kube-api-access-s775r (ro)
Conditions:
  Type                        Status
  PodReadyToStartContainers   True 
  Initialized                 True 
  Ready                       True 
  ContainersReady             True 
  PodScheduled                True 
Volumes:
  data:
    Type:       PersistentVolumeClaim (a reference to a PersistentVolumeClaim in the same namespace)
    ClaimName:  data-postgres-0
    ReadOnly:   false
  init:
    Type:      ConfigMap (a volume populated by a ConfigMap)
    Name:      postgres-init
    Optional:  false
  kube-api-access-s775r:
    Type:                    Projected (a volume that contains injected data from multiple sources)
    TokenExpirationSeconds:  3607
    ConfigMapName:           kube-root-ca.crt
    Optional:                false
    DownwardAPI:             true
QoS Class:                   Burstable
Node-Selectors:              <none>
Tolerations:                 node.kubernetes.io/not-ready:NoExecute op=Exists for 300s
                             node.kubernetes.io/unreachable:NoExecute op=Exists for 300s
Events:
  Type    Reason     Age   From               Message
  ----    ------     ----  ----               -------
  Normal  Scheduled  113s  default-scheduler  Successfully assigned translator-zigbee/postgres-0 to <pi-host>
  Normal  Pulled     112s  kubelet            spec.containers{postgres}: Container image "postgres:17-alpine" already present on machine
  Normal  Created    112s  kubelet            spec.containers{postgres}: Created container: postgres
  Normal  Started    112s  kubelet            spec.containers{postgres}: Started container postgres


Name:             zigbee2mqtt-6b85d5787-hfqp6
Namespace:        translator-zigbee
Priority:         0
Service Account:  default
Node:             <pi-host>/<pi-ip>
Start Time:       Mon, 27 Apr 2026 09:52:52 +0200
Labels:           app=zigbee2mqtt
                  pod-template-hash=6b85d5787
Annotations:      cni.projectcalico.org/containerID: 945e0fd22ec1a56b36a59771ef689cb52560ac9f3b725176dbd634431be110bd
                  cni.projectcalico.org/podIP: <pod-ip>/32
                  cni.projectcalico.org/podIPs: <pod-ip>/32
Status:           Running
IP:               <pod-ip>
IPs:
  IP:           <pod-ip>
Controlled By:  ReplicaSet/zigbee2mqtt-6b85d5787
Init Containers:
  seed-config:
    Container ID:  containerd://425d2c3d7f1796a5c23ff1c62a02f58918b092cd754eebb5e227552df216432b
    Image:         busybox:latest
    Image ID:      docker.io/library/busybox@sha256:1487d0af5f52b4ba31c7e465126ee2123fe3f2305d638e7827681e7cf6c83d5e
    Port:          <none>
    Host Port:     <none>
    Command:
      sh
      -c
      cp /tmp/cm/configuration.yaml /app/data/configuration.yaml && chmod 0644 /app/data/configuration.yaml
    State:          Terminated
      Reason:       Completed
      Exit Code:    0
      Started:      Mon, 27 Apr 2026 09:52:54 +0200
      Finished:     Mon, 27 Apr 2026 09:52:54 +0200
    Ready:          True
    Restart Count:  0
    Environment:    <none>
    Mounts:
      /app/data from data (rw)
      /tmp/cm from config-cm (rw)
      /var/run/secrets/kubernetes.io/serviceaccount from kube-api-access-4xq2n (ro)
Containers:
  zigbee2mqtt:
    Container ID:   containerd://fc5ad13fc4216bfb9aec82f1144fc8c5734bc87c8c93b7e995b228c3a637a4ba
    Image:          koenkk/zigbee2mqtt:latest
    Image ID:       docker.io/koenkk/zigbee2mqtt@sha256:2a21bbf7a664a149024bbe1f776e3151f28ed9db15948270dcbffb89544a41f0
    Port:           8080/TCP (http)
    Host Port:      0/TCP (http)
    State:          Running
      Started:      Mon, 27 Apr 2026 09:52:55 +0200
    Ready:          True
    Restart Count:  0
    Limits:
      cpu:     1
      memory:  512Mi
    Requests:
      cpu:     100m
      memory:  128Mi
    Environment:
      TZ:                                Europe/Bratislava
      ZIGBEE2MQTT_CONFIG_MQTT_USER:      <set to the key 'mqtt-username' in secret 'hermod-secrets'>  Optional: false
      ZIGBEE2MQTT_CONFIG_MQTT_PASSWORD:  <set to the key 'mqtt-password' in secret 'hermod-secrets'>  Optional: false
    Mounts:
      /app/data from data (rw)
      /dev/ttyUSB0 from zigbee-device (rw)
      /var/run/secrets/kubernetes.io/serviceaccount from kube-api-access-4xq2n (ro)
Conditions:
  Type                        Status
  PodReadyToStartContainers   True 
  Initialized                 True 
  Ready                       True 
  ContainersReady             True 
  PodScheduled                True 
Volumes:
  data:
    Type:       EmptyDir (a temporary directory that shares a pod's lifetime)
    Medium:     
    SizeLimit:  <unset>
  config-cm:
    Type:      ConfigMap (a volume populated by a ConfigMap)
    Name:      zigbee2mqtt-config
    Optional:  false
  zigbee-device:
    Type:          HostPath (bare host directory volume)
    Path:          /dev/ttyUSB0
    HostPathType:  CharDevice
  kube-api-access-4xq2n:
    Type:                    Projected (a volume that contains injected data from multiple sources)
    TokenExpirationSeconds:  3607
    ConfigMapName:           kube-root-ca.crt
    Optional:                false
    DownwardAPI:             true
QoS Class:                   Burstable
Node-Selectors:              hermod.io/zigbee=true
Tolerations:                 node.kubernetes.io/not-ready:NoExecute op=Exists for 300s
                             node.kubernetes.io/unreachable:NoExecute op=Exists for 300s
Events:
  Type    Reason     Age   From               Message
  ----    ------     ----  ----               -------
  Normal  Scheduled  119s  default-scheduler  Successfully assigned translator-zigbee/zigbee2mqtt-6b85d5787-hfqp6 to <pi-host>
  Normal  Pulled     118s  kubelet            spec.initContainers{seed-config}: Container image "busybox:latest" already present on machine
  Normal  Created    118s  kubelet            spec.initContainers{seed-config}: Created container: seed-config
  Normal  Started    117s  kubelet            spec.initContainers{seed-config}: Started container seed-config
  Normal  Pulled     117s  kubelet            spec.containers{zigbee2mqtt}: Container image "koenkk/zigbee2mqtt:latest" already present on machine
  Normal  Created    116s  kubelet            spec.containers{zigbee2mqtt}: Created container: zigbee2mqtt
  Normal  Started    116s  kubelet            spec.containers{zigbee2mqtt}: Started container zigbee2mqtt

=== ts=1777276497 ===
Name:             hermod-coordinator-7d7b88cc46-hnhsd
Namespace:        translator-zigbee
Priority:         0
Service Account:  default
Node:             <pi-host>/<pi-ip>
Start Time:       Mon, 27 Apr 2026 09:53:17 +0200
Labels:           app=hermod-coordinator
                  pod-template-hash=7d7b88cc46
Annotations:      cni.projectcalico.org/containerID: 29dd33c590284941ac26f11ce89e47701bca669c6fa6a39dfb3a42148d14863c
                  cni.projectcalico.org/podIP: <pod-ip>/32
                  cni.projectcalico.org/podIPs: <pod-ip>/32
Status:           Running
IP:               <pod-ip>
IPs:
  IP:           <pod-ip>
Controlled By:  ReplicaSet/hermod-coordinator-7d7b88cc46
Init Containers:
  wait-for-postgres:
    Container ID:  containerd://b735ec22ca4fc4068c9ce71d1813ee4b5d3068bca9fbb01e233f111cba80d489
    Image:         busybox:1.36
    Image ID:      docker.io/library/busybox@sha256:73aaf090f3d85aa34ee199857f03fa3a95c8ede2ffd4cc2cdb5b94e566b11662
    Port:          <none>
    Host Port:     <none>
    Command:
      sh
      -c
      until nc -z postgres 5432; do sleep 2; done
    State:          Terminated
      Reason:       Completed
      Exit Code:    0
      Started:      Mon, 27 Apr 2026 09:53:18 +0200
      Finished:     Mon, 27 Apr 2026 09:53:18 +0200
    Ready:          True
    Restart Count:  0
    Environment:
      Hermod__Features__DeviceStateTracking:    true
      Hermod__Engine__LogBatchSize:             100
      Hermod__Engine__LogBatching:              true
      Hermod__Engine__Parallelism:              0
      Hermod__Features__MessagePersistence:     true
      Hermod__Features__RuleAuditLog:           true
      Hermod__Features__RuleCache:              true
      Hermod__Features__StatsRollup:            true
      Hermod__Storage__Mode:                    Postgres
      Logging__LogLevel__Hermod:                Information
      Logging__LogLevel__Microsoft.AspNetCore:  Warning
    Mounts:
      /var/run/secrets/kubernetes.io/serviceaccount from kube-api-access-jx7xr (ro)
  wait-for-nanomq:
    Container ID:  containerd://16133d1264b40b8023c68fae5d2c08f3c8ddf43ec02d29421d460893aab9db46
    Image:         busybox:1.36
    Image ID:      docker.io/library/busybox@sha256:73aaf090f3d85aa34ee199857f03fa3a95c8ede2ffd4cc2cdb5b94e566b11662
    Port:          <none>
    Host Port:     <none>
    Command:
      sh
      -c
      until nc -z nanomq 1883; do sleep 2; done
    State:          Terminated
      Reason:       Completed
      Exit Code:    0
      Started:      Mon, 27 Apr 2026 09:53:19 +0200
      Finished:     Mon, 27 Apr 2026 09:53:19 +0200
    Ready:          True
    Restart Count:  0
    Environment:
      Hermod__Features__DeviceStateTracking:    true
      Hermod__Engine__LogBatchSize:             100
      Hermod__Engine__LogBatching:              true
      Hermod__Engine__Parallelism:              0
      Hermod__Features__MessagePersistence:     true
      Hermod__Features__RuleAuditLog:           true
      Hermod__Features__RuleCache:              true
      Hermod__Features__StatsRollup:            true
      Hermod__Storage__Mode:                    Postgres
      Logging__LogLevel__Hermod:                Information
      Logging__LogLevel__Microsoft.AspNetCore:  Warning
    Mounts:
      /var/run/secrets/kubernetes.io/serviceaccount from kube-api-access-jx7xr (ro)
Containers:
  hermod-coordinator:
    Container ID:   containerd://8bc8e597bde7e2e74a647eb24d90960d221d7add66230cddeca440fb6b8cbad2
    Image:          hermod-coordinator:latest
    Image ID:       sha256:ca91ccdfcd269dd5e4e25d5ffe8d863ca5db57e5c4f62f08c8adf90d23c15eaf
    Port:           42069/TCP (http)
    Host Port:      0/TCP (http)
    State:          Running
      Started:      Mon, 27 Apr 2026 09:53:20 +0200
    Ready:          True
    Restart Count:  0
    Limits:
      cpu:     1500m
      memory:  1536Mi
    Requests:
      cpu:      200m
      memory:   256Mi
    Liveness:   http-get http://:42069/healthz delay=60s timeout=1s period=30s #success=1 #failure=3
    Readiness:  http-get http://:42069/healthz/ready delay=5s timeout=1s period=10s #success=1 #failure=3
    Startup:    http-get http://:42069/healthz delay=0s timeout=1s period=5s #success=1 #failure=30
    Environment:
      ASPNETCORE_ENVIRONMENT:                   Production
      ASPNETCORE_URLS:                          http://+:42069
      DOTNET_USE_POLLING_FILE_WATCHER:          true
      Hermod__Security__AuthBypass:             true
      Hermod__Security__VaultRequireHttps:      false
      Hermod__Features__MetricsEndpoint:        true
      Hermod__Dev__Endpoints:                   true
      Hermod__Mqtt__Host:                       nanomq
      Hermod__Mqtt__Port:                       1883
      Hermod__Mqtt__UseTls:                     false
      Hermod__Mqtt__Tls__UseTls:                false
      Hermod__Mqtt__Username:                   <set to the key 'mqtt-username' in secret 'hermod-secrets'>  Optional: false
      Hermod__Mqtt__Password:                   <set to the key 'mqtt-password' in secret 'hermod-secrets'>  Optional: false
      Hermod__Database__ConnectionString:       Host=postgres;Port=5432;Database=hermod;Username=hermod_app
      Hermod__Database__Password:               <set to the key 'hermod-db-password' in secret 'hermod-db-credentials'>  Optional: false
      Hermod__Features__DeviceStateTracking:    true
      Hermod__Engine__LogBatchSize:             100
      Hermod__Engine__LogBatching:              true
      Hermod__Engine__Parallelism:              0
      Hermod__Features__MessagePersistence:     true
      Hermod__Features__RuleAuditLog:           true
      Hermod__Features__RuleCache:              true
      Hermod__Features__StatsRollup:            true
      Hermod__Storage__Mode:                    Postgres
      Logging__LogLevel__Hermod:                Information
      Logging__LogLevel__Microsoft.AspNetCore:  Warning
    Mounts:
      /var/run/secrets/kubernetes.io/serviceaccount from kube-api-access-jx7xr (ro)
Conditions:
  Type                        Status
  PodReadyToStartContainers   True 
  Initialized                 True 
  Ready                       True 
  ContainersReady             True 
  PodScheduled                True 
Volumes:
  kube-api-access-jx7xr:
    Type:                    Projected (a volume that contains injected data from multiple sources)
    TokenExpirationSeconds:  3607
    ConfigMapName:           kube-root-ca.crt
    Optional:                false
    DownwardAPI:             true
QoS Class:                   Burstable
Node-Selectors:              <none>
Tolerations:                 node.kubernetes.io/not-ready:NoExecute op=Exists for 300s
                             node.kubernetes.io/unreachable:NoExecute op=Exists for 300s
Events:
  Type    Reason     Age   From               Message
  ----    ------     ----  ----               -------
  Normal  Scheduled  99s   default-scheduler  Successfully assigned translator-zigbee/hermod-coordinator-7d7b88cc46-hnhsd to <pi-host>
  Normal  Pulled     99s   kubelet            spec.initContainers{wait-for-postgres}: Container image "busybox:1.36" already present on machine
  Normal  Created    99s   kubelet            spec.initContainers{wait-for-postgres}: Created container: wait-for-postgres
  Normal  Started    99s   kubelet            spec.initContainers{wait-for-postgres}: Started container wait-for-postgres
  Normal  Pulled     98s   kubelet            spec.initContainers{wait-for-nanomq}: Container image "busybox:1.36" already present on machine
  Normal  Created    98s   kubelet            spec.initContainers{wait-for-nanomq}: Created container: wait-for-nanomq
  Normal  Started    98s   kubelet            spec.initContainers{wait-for-nanomq}: Started container wait-for-nanomq
  Normal  Pulled     97s   kubelet            spec.containers{hermod-coordinator}: Container image "hermod-coordinator:latest" already present on machine
  Normal  Created    97s   kubelet            spec.containers{hermod-coordinator}: Created container: hermod-coordinator
  Normal  Started    97s   kubelet            spec.containers{hermod-coordinator}: Started container hermod-coordinator


Name:             nanomq-756fd88db6-7k858
Namespace:        translator-zigbee
Priority:         0
Service Account:  default
Node:             <pi-host>/<pi-ip>
Start Time:       Mon, 27 Apr 2026 09:52:52 +0200
Labels:           app=nanomq
                  pod-template-hash=756fd88db6
Annotations:      cni.projectcalico.org/containerID: f68917fdb6d5fd3ef7b3460dc9ac51bf0b1a84031e3fb47f6c871b391cca24dd
                  cni.projectcalico.org/podIP: <pod-ip>/32
                  cni.projectcalico.org/podIPs: <pod-ip>/32
Status:           Running
IP:               <pod-ip>
IPs:
  IP:           <pod-ip>
Controlled By:  ReplicaSet/nanomq-756fd88db6
Containers:
  nanomq:
    Container ID:   containerd://480eeb895e24a6a50602e6f2f95d3b5b3cfced0cad9a460bca746b8b3fd2bc0d
    Image:          emqx/nanomq:0.21-slim
    Image ID:       docker.io/emqx/nanomq@sha256:53bea7acb547aced1cc45e08c514628f1e41c4da9ad544fd8c5fa96d3e9eb41b
    Ports:          1883/TCP (mqtt), 8081/TCP (http)
    Host Ports:     0/TCP (mqtt), 0/TCP (http)
    State:          Running
      Started:      Mon, 27 Apr 2026 09:52:53 +0200
    Ready:          True
    Restart Count:  0
    Limits:
      cpu:     1
      memory:  512Mi
    Requests:
      cpu:        50m
      memory:     64Mi
    Readiness:    tcp-socket :1883 delay=3s timeout=1s period=5s #success=1 #failure=3
    Environment:  <none>
    Mounts:
      /etc/nanomq.conf from config (rw,path="nanomq.conf")
      /var/run/secrets/kubernetes.io/serviceaccount from kube-api-access-tcmf7 (ro)
Conditions:
  Type                        Status
  PodReadyToStartContainers   True 
  Initialized                 True 
  Ready                       True 
  ContainersReady             True 
  PodScheduled                True 
Volumes:
  config:
    Type:      ConfigMap (a volume populated by a ConfigMap)
    Name:      nanomq-config
    Optional:  false
  kube-api-access-tcmf7:
    Type:                    Projected (a volume that contains injected data from multiple sources)
    TokenExpirationSeconds:  3607
    ConfigMapName:           kube-root-ca.crt
    Optional:                false
    DownwardAPI:             true
QoS Class:                   Burstable
Node-Selectors:              <none>
Tolerations:                 node.kubernetes.io/not-ready:NoExecute op=Exists for 300s
                             node.kubernetes.io/unreachable:NoExecute op=Exists for 300s
Events:
  Type    Reason     Age   From               Message
  ----    ------     ----  ----               -------
  Normal  Scheduled  2m4s  default-scheduler  Successfully assigned translator-zigbee/nanomq-756fd88db6-7k858 to <pi-host>
  Normal  Pulled     2m4s  kubelet            spec.containers{nanomq}: Container image "emqx/nanomq:0.21-slim" already present on machine
  Normal  Created    2m4s  kubelet            spec.containers{nanomq}: Created container: nanomq
  Normal  Started    2m4s  kubelet            spec.containers{nanomq}: Started container nanomq


Name:             postgres-0
Namespace:        translator-zigbee
Priority:         0
Service Account:  default
Node:             <pi-host>/<pi-ip>
Start Time:       Mon, 27 Apr 2026 09:52:58 +0200
Labels:           app=postgres
                  apps.kubernetes.io/pod-index=0
                  controller-revision-hash=postgres-848ccb988d
                  statefulset.kubernetes.io/pod-name=postgres-0
Annotations:      cni.projectcalico.org/containerID: 006d092a18672fa9e728a5b435a4d67a77871b40812ee6c28f8ffab3c1cf181d
                  cni.projectcalico.org/podIP: <pod-ip>/32
                  cni.projectcalico.org/podIPs: <pod-ip>/32
Status:           Running
IP:               <pod-ip>
IPs:
  IP:           <pod-ip>
Controlled By:  StatefulSet/postgres
Containers:
  postgres:
    Container ID:   containerd://f76b36dbb6ed02991c69860f3495b292fe266300a98a8c52d4d1fd1711a4d864
    Image:          postgres:17-alpine
    Image ID:       docker.io/library/postgres@sha256:778d0b486d6daa02b77434d0358ec57a1b21fd8b6d22ac2eef56a33e816928f6
    Port:           5432/TCP
    Host Port:      0/TCP
    State:          Running
      Started:      Mon, 27 Apr 2026 09:52:59 +0200
    Ready:          True
    Restart Count:  0
    Limits:
      cpu:     1500m
      memory:  1536Mi
    Requests:
      cpu:      100m
      memory:   256Mi
    Readiness:  exec [pg_isready -U postgres] delay=5s timeout=1s period=5s #success=1 #failure=3
    Environment:
      POSTGRES_DB:        postgres
      POSTGRES_USER:      postgres
      POSTGRES_PASSWORD:  <set to the key 'postgres-superuser-password' in secret 'hermod-secrets'>  Optional: false
    Mounts:
      /docker-entrypoint-initdb.d from init (rw)
      /var/lib/postgresql/data from data (rw)
      /var/run/secrets/kubernetes.io/serviceaccount from kube-api-access-s775r (ro)
Conditions:
  Type                        Status
  PodReadyToStartContainers   True 
  Initialized                 True 
  Ready                       True 
  ContainersReady             True 
  PodScheduled                True 
Volumes:
  data:
    Type:       PersistentVolumeClaim (a reference to a PersistentVolumeClaim in the same namespace)
    ClaimName:  data-postgres-0
    ReadOnly:   false
  init:
    Type:      ConfigMap (a volume populated by a ConfigMap)
    Name:      postgres-init
    Optional:  false
  kube-api-access-s775r:
    Type:                    Projected (a volume that contains injected data from multiple sources)
    TokenExpirationSeconds:  3607
    ConfigMapName:           kube-root-ca.crt
    Optional:                false
    DownwardAPI:             true
QoS Class:                   Burstable
Node-Selectors:              <none>
Tolerations:                 node.kubernetes.io/not-ready:NoExecute op=Exists for 300s
                             node.kubernetes.io/unreachable:NoExecute op=Exists for 300s
Events:
  Type    Reason     Age   From               Message
  ----    ------     ----  ----               -------
  Normal  Scheduled  118s  default-scheduler  Successfully assigned translator-zigbee/postgres-0 to <pi-host>
  Normal  Pulled     118s  kubelet            spec.containers{postgres}: Container image "postgres:17-alpine" already present on machine
  Normal  Created    118s  kubelet            spec.containers{postgres}: Created container: postgres
  Normal  Started    118s  kubelet            spec.containers{postgres}: Started container postgres


Name:             zigbee2mqtt-6b85d5787-hfqp6
Namespace:        translator-zigbee
Priority:         0
Service Account:  default
Node:             <pi-host>/<pi-ip>
Start Time:       Mon, 27 Apr 2026 09:52:52 +0200
Labels:           app=zigbee2mqtt
                  pod-template-hash=6b85d5787
Annotations:      cni.projectcalico.org/containerID: 945e0fd22ec1a56b36a59771ef689cb52560ac9f3b725176dbd634431be110bd
                  cni.projectcalico.org/podIP: <pod-ip>/32
                  cni.projectcalico.org/podIPs: <pod-ip>/32
Status:           Running
IP:               <pod-ip>
IPs:
  IP:           <pod-ip>
Controlled By:  ReplicaSet/zigbee2mqtt-6b85d5787
Init Containers:
  seed-config:
    Container ID:  containerd://425d2c3d7f1796a5c23ff1c62a02f58918b092cd754eebb5e227552df216432b
    Image:         busybox:latest
    Image ID:      docker.io/library/busybox@sha256:1487d0af5f52b4ba31c7e465126ee2123fe3f2305d638e7827681e7cf6c83d5e
    Port:          <none>
    Host Port:     <none>
    Command:
      sh
      -c
      cp /tmp/cm/configuration.yaml /app/data/configuration.yaml && chmod 0644 /app/data/configuration.yaml
    State:          Terminated
      Reason:       Completed
      Exit Code:    0
      Started:      Mon, 27 Apr 2026 09:52:54 +0200
      Finished:     Mon, 27 Apr 2026 09:52:54 +0200
    Ready:          True
    Restart Count:  0
    Environment:    <none>
    Mounts:
      /app/data from data (rw)
      /tmp/cm from config-cm (rw)
      /var/run/secrets/kubernetes.io/serviceaccount from kube-api-access-4xq2n (ro)
Containers:
  zigbee2mqtt:
    Container ID:   containerd://fc5ad13fc4216bfb9aec82f1144fc8c5734bc87c8c93b7e995b228c3a637a4ba
    Image:          koenkk/zigbee2mqtt:latest
    Image ID:       docker.io/koenkk/zigbee2mqtt@sha256:2a21bbf7a664a149024bbe1f776e3151f28ed9db15948270dcbffb89544a41f0
    Port:           8080/TCP (http)
    Host Port:      0/TCP (http)
    State:          Running
      Started:      Mon, 27 Apr 2026 09:52:55 +0200
    Ready:          True
    Restart Count:  0
    Limits:
      cpu:     1
      memory:  512Mi
    Requests:
      cpu:     100m
      memory:  128Mi
    Environment:
      TZ:                                Europe/Bratislava
      ZIGBEE2MQTT_CONFIG_MQTT_USER:      <set to the key 'mqtt-username' in secret 'hermod-secrets'>  Optional: false
      ZIGBEE2MQTT_CONFIG_MQTT_PASSWORD:  <set to the key 'mqtt-password' in secret 'hermod-secrets'>  Optional: false
    Mounts:
      /app/data from data (rw)
      /dev/ttyUSB0 from zigbee-device (rw)
      /var/run/secrets/kubernetes.io/serviceaccount from kube-api-access-4xq2n (ro)
Conditions:
  Type                        Status
  PodReadyToStartContainers   True 
  Initialized                 True 
  Ready                       True 
  ContainersReady             True 
  PodScheduled                True 
Volumes:
  data:
    Type:       EmptyDir (a temporary directory that shares a pod's lifetime)
    Medium:     
    SizeLimit:  <unset>
  config-cm:
    Type:      ConfigMap (a volume populated by a ConfigMap)
    Name:      zigbee2mqtt-config
    Optional:  false
  zigbee-device:
    Type:          HostPath (bare host directory volume)
    Path:          /dev/ttyUSB0
    HostPathType:  CharDevice
  kube-api-access-4xq2n:
    Type:                    Projected (a volume that contains injected data from multiple sources)
    TokenExpirationSeconds:  3607
    ConfigMapName:           kube-root-ca.crt
    Optional:                false
    DownwardAPI:             true
QoS Class:                   Burstable
Node-Selectors:              hermod.io/zigbee=true
Tolerations:                 node.kubernetes.io/not-ready:NoExecute op=Exists for 300s
                             node.kubernetes.io/unreachable:NoExecute op=Exists for 300s
Events:
  Type    Reason     Age   From               Message
  ----    ------     ----  ----               -------
  Normal  Scheduled  2m4s  default-scheduler  Successfully assigned translator-zigbee/zigbee2mqtt-6b85d5787-hfqp6 to <pi-host>
  Normal  Pulled     2m4s  kubelet            spec.initContainers{seed-config}: Container image "busybox:latest" already present on machine
  Normal  Created    2m4s  kubelet            spec.initContainers{seed-config}: Created container: seed-config
  Normal  Started    2m3s  kubelet            spec.initContainers{seed-config}: Started container seed-config
  Normal  Pulled     2m3s  kubelet            spec.containers{zigbee2mqtt}: Container image "koenkk/zigbee2mqtt:latest" already present on machine
  Normal  Created    2m2s  kubelet            spec.containers{zigbee2mqtt}: Created container: zigbee2mqtt
  Normal  Started    2m2s  kubelet            spec.containers{zigbee2mqtt}: Started container zigbee2mqtt

=== ts=1777276503 ===
Name:             hermod-coordinator-7d7b88cc46-hnhsd
Namespace:        translator-zigbee
Priority:         0
Service Account:  default
Node:             <pi-host>/<pi-ip>
Start Time:       Mon, 27 Apr 2026 09:53:17 +0200
Labels:           app=hermod-coordinator
                  pod-template-hash=7d7b88cc46
Annotations:      cni.projectcalico.org/containerID: 29dd33c590284941ac26f11ce89e47701bca669c6fa6a39dfb3a42148d14863c
                  cni.projectcalico.org/podIP: <pod-ip>/32
                  cni.projectcalico.org/podIPs: <pod-ip>/32
Status:           Running
IP:               <pod-ip>
IPs:
  IP:           <pod-ip>
Controlled By:  ReplicaSet/hermod-coordinator-7d7b88cc46
Init Containers:
  wait-for-postgres:
    Container ID:  containerd://b735ec22ca4fc4068c9ce71d1813ee4b5d3068bca9fbb01e233f111cba80d489
    Image:         busybox:1.36
    Image ID:      docker.io/library/busybox@sha256:73aaf090f3d85aa34ee199857f03fa3a95c8ede2ffd4cc2cdb5b94e566b11662
    Port:          <none>
    Host Port:     <none>
    Command:
      sh
      -c
      until nc -z postgres 5432; do sleep 2; done
    State:          Terminated
      Reason:       Completed
      Exit Code:    0
      Started:      Mon, 27 Apr 2026 09:53:18 +0200
      Finished:     Mon, 27 Apr 2026 09:53:18 +0200
    Ready:          True
    Restart Count:  0
    Environment:
      Hermod__Features__DeviceStateTracking:    true
      Hermod__Engine__LogBatchSize:             100
      Hermod__Engine__LogBatching:              true
      Hermod__Engine__Parallelism:              0
      Hermod__Features__MessagePersistence:     true
      Hermod__Features__RuleAuditLog:           true
      Hermod__Features__RuleCache:              true
      Hermod__Features__StatsRollup:            true
      Hermod__Storage__Mode:                    Postgres
      Logging__LogLevel__Hermod:                Information
      Logging__LogLevel__Microsoft.AspNetCore:  Warning
    Mounts:
      /var/run/secrets/kubernetes.io/serviceaccount from kube-api-access-jx7xr (ro)
  wait-for-nanomq:
    Container ID:  containerd://16133d1264b40b8023c68fae5d2c08f3c8ddf43ec02d29421d460893aab9db46
    Image:         busybox:1.36
    Image ID:      docker.io/library/busybox@sha256:73aaf090f3d85aa34ee199857f03fa3a95c8ede2ffd4cc2cdb5b94e566b11662
    Port:          <none>
    Host Port:     <none>
    Command:
      sh
      -c
      until nc -z nanomq 1883; do sleep 2; done
    State:          Terminated
      Reason:       Completed
      Exit Code:    0
      Started:      Mon, 27 Apr 2026 09:53:19 +0200
      Finished:     Mon, 27 Apr 2026 09:53:19 +0200
    Ready:          True
    Restart Count:  0
    Environment:
      Hermod__Features__DeviceStateTracking:    true
      Hermod__Engine__LogBatchSize:             100
      Hermod__Engine__LogBatching:              true
      Hermod__Engine__Parallelism:              0
      Hermod__Features__MessagePersistence:     true
      Hermod__Features__RuleAuditLog:           true
      Hermod__Features__RuleCache:              true
      Hermod__Features__StatsRollup:            true
      Hermod__Storage__Mode:                    Postgres
      Logging__LogLevel__Hermod:                Information
      Logging__LogLevel__Microsoft.AspNetCore:  Warning
    Mounts:
      /var/run/secrets/kubernetes.io/serviceaccount from kube-api-access-jx7xr (ro)
Containers:
  hermod-coordinator:
    Container ID:   containerd://8bc8e597bde7e2e74a647eb24d90960d221d7add66230cddeca440fb6b8cbad2
    Image:          hermod-coordinator:latest
    Image ID:       sha256:ca91ccdfcd269dd5e4e25d5ffe8d863ca5db57e5c4f62f08c8adf90d23c15eaf
    Port:           42069/TCP (http)
    Host Port:      0/TCP (http)
    State:          Running
      Started:      Mon, 27 Apr 2026 09:53:20 +0200
    Ready:          True
    Restart Count:  0
    Limits:
      cpu:     1500m
      memory:  1536Mi
    Requests:
      cpu:      200m
      memory:   256Mi
    Liveness:   http-get http://:42069/healthz delay=60s timeout=1s period=30s #success=1 #failure=3
    Readiness:  http-get http://:42069/healthz/ready delay=5s timeout=1s period=10s #success=1 #failure=3
    Startup:    http-get http://:42069/healthz delay=0s timeout=1s period=5s #success=1 #failure=30
    Environment:
      ASPNETCORE_ENVIRONMENT:                   Production
      ASPNETCORE_URLS:                          http://+:42069
      DOTNET_USE_POLLING_FILE_WATCHER:          true
      Hermod__Security__AuthBypass:             true
      Hermod__Security__VaultRequireHttps:      false
      Hermod__Features__MetricsEndpoint:        true
      Hermod__Dev__Endpoints:                   true
      Hermod__Mqtt__Host:                       nanomq
      Hermod__Mqtt__Port:                       1883
      Hermod__Mqtt__UseTls:                     false
      Hermod__Mqtt__Tls__UseTls:                false
      Hermod__Mqtt__Username:                   <set to the key 'mqtt-username' in secret 'hermod-secrets'>  Optional: false
      Hermod__Mqtt__Password:                   <set to the key 'mqtt-password' in secret 'hermod-secrets'>  Optional: false
      Hermod__Database__ConnectionString:       Host=postgres;Port=5432;Database=hermod;Username=hermod_app
      Hermod__Database__Password:               <set to the key 'hermod-db-password' in secret 'hermod-db-credentials'>  Optional: false
      Hermod__Features__DeviceStateTracking:    true
      Hermod__Engine__LogBatchSize:             100
      Hermod__Engine__LogBatching:              true
      Hermod__Engine__Parallelism:              0
      Hermod__Features__MessagePersistence:     true
      Hermod__Features__RuleAuditLog:           true
      Hermod__Features__RuleCache:              true
      Hermod__Features__StatsRollup:            true
      Hermod__Storage__Mode:                    Postgres
      Logging__LogLevel__Hermod:                Information
      Logging__LogLevel__Microsoft.AspNetCore:  Warning
    Mounts:
      /var/run/secrets/kubernetes.io/serviceaccount from kube-api-access-jx7xr (ro)
Conditions:
  Type                        Status
  PodReadyToStartContainers   True 
  Initialized                 True 
  Ready                       True 
  ContainersReady             True 
  PodScheduled                True 
Volumes:
  kube-api-access-jx7xr:
    Type:                    Projected (a volume that contains injected data from multiple sources)
    TokenExpirationSeconds:  3607
    ConfigMapName:           kube-root-ca.crt
    Optional:                false
    DownwardAPI:             true
QoS Class:                   Burstable
Node-Selectors:              <none>
Tolerations:                 node.kubernetes.io/not-ready:NoExecute op=Exists for 300s
                             node.kubernetes.io/unreachable:NoExecute op=Exists for 300s
Events:
  Type    Reason     Age   From               Message
  ----    ------     ----  ----               -------
  Normal  Scheduled  105s  default-scheduler  Successfully assigned translator-zigbee/hermod-coordinator-7d7b88cc46-hnhsd to <pi-host>
  Normal  Pulled     105s  kubelet            spec.initContainers{wait-for-postgres}: Container image "busybox:1.36" already present on machine
  Normal  Created    105s  kubelet            spec.initContainers{wait-for-postgres}: Created container: wait-for-postgres
  Normal  Started    105s  kubelet            spec.initContainers{wait-for-postgres}: Started container wait-for-postgres
  Normal  Pulled     104s  kubelet            spec.initContainers{wait-for-nanomq}: Container image "busybox:1.36" already present on machine
  Normal  Created    104s  kubelet            spec.initContainers{wait-for-nanomq}: Created container: wait-for-nanomq
  Normal  Started    104s  kubelet            spec.initContainers{wait-for-nanomq}: Started container wait-for-nanomq
  Normal  Pulled     103s  kubelet            spec.containers{hermod-coordinator}: Container image "hermod-coordinator:latest" already present on machine
  Normal  Created    103s  kubelet            spec.containers{hermod-coordinator}: Created container: hermod-coordinator
  Normal  Started    103s  kubelet            spec.containers{hermod-coordinator}: Started container hermod-coordinator


Name:             nanomq-756fd88db6-7k858
Namespace:        translator-zigbee
Priority:         0
Service Account:  default
Node:             <pi-host>/<pi-ip>
Start Time:       Mon, 27 Apr 2026 09:52:52 +0200
Labels:           app=nanomq
                  pod-template-hash=756fd88db6
Annotations:      cni.projectcalico.org/containerID: f68917fdb6d5fd3ef7b3460dc9ac51bf0b1a84031e3fb47f6c871b391cca24dd
                  cni.projectcalico.org/podIP: <pod-ip>/32
                  cni.projectcalico.org/podIPs: <pod-ip>/32
Status:           Running
IP:               <pod-ip>
IPs:
  IP:           <pod-ip>
Controlled By:  ReplicaSet/nanomq-756fd88db6
Containers:
  nanomq:
    Container ID:   containerd://480eeb895e24a6a50602e6f2f95d3b5b3cfced0cad9a460bca746b8b3fd2bc0d
    Image:          emqx/nanomq:0.21-slim
    Image ID:       docker.io/emqx/nanomq@sha256:53bea7acb547aced1cc45e08c514628f1e41c4da9ad544fd8c5fa96d3e9eb41b
    Ports:          1883/TCP (mqtt), 8081/TCP (http)
    Host Ports:     0/TCP (mqtt), 0/TCP (http)
    State:          Running
      Started:      Mon, 27 Apr 2026 09:52:53 +0200
    Ready:          True
    Restart Count:  0
    Limits:
      cpu:     1
      memory:  512Mi
    Requests:
      cpu:        50m
      memory:     64Mi
    Readiness:    tcp-socket :1883 delay=3s timeout=1s period=5s #success=1 #failure=3
    Environment:  <none>
    Mounts:
      /etc/nanomq.conf from config (rw,path="nanomq.conf")
      /var/run/secrets/kubernetes.io/serviceaccount from kube-api-access-tcmf7 (ro)
Conditions:
  Type                        Status
  PodReadyToStartContainers   True 
  Initialized                 True 
  Ready                       True 
  ContainersReady             True 
  PodScheduled                True 
Volumes:
  config:
    Type:      ConfigMap (a volume populated by a ConfigMap)
    Name:      nanomq-config
    Optional:  false
  kube-api-access-tcmf7:
    Type:                    Projected (a volume that contains injected data from multiple sources)
    TokenExpirationSeconds:  3607
    ConfigMapName:           kube-root-ca.crt
    Optional:                false
    DownwardAPI:             true
QoS Class:                   Burstable
Node-Selectors:              <none>
Tolerations:                 node.kubernetes.io/not-ready:NoExecute op=Exists for 300s
                             node.kubernetes.io/unreachable:NoExecute op=Exists for 300s
Events:
  Type    Reason     Age    From               Message
  ----    ------     ----   ----               -------
  Normal  Scheduled  2m10s  default-scheduler  Successfully assigned translator-zigbee/nanomq-756fd88db6-7k858 to <pi-host>
  Normal  Pulled     2m10s  kubelet            spec.containers{nanomq}: Container image "emqx/nanomq:0.21-slim" already present on machine
  Normal  Created    2m10s  kubelet            spec.containers{nanomq}: Created container: nanomq
  Normal  Started    2m10s  kubelet            spec.containers{nanomq}: Started container nanomq


Name:             postgres-0
Namespace:        translator-zigbee
Priority:         0
Service Account:  default
Node:             <pi-host>/<pi-ip>
Start Time:       Mon, 27 Apr 2026 09:52:58 +0200
Labels:           app=postgres
                  apps.kubernetes.io/pod-index=0
                  controller-revision-hash=postgres-848ccb988d
                  statefulset.kubernetes.io/pod-name=postgres-0
Annotations:      cni.projectcalico.org/containerID: 006d092a18672fa9e728a5b435a4d67a77871b40812ee6c28f8ffab3c1cf181d
                  cni.projectcalico.org/podIP: <pod-ip>/32
                  cni.projectcalico.org/podIPs: <pod-ip>/32
Status:           Running
IP:               <pod-ip>
IPs:
  IP:           <pod-ip>
Controlled By:  StatefulSet/postgres
Containers:
  postgres:
    Container ID:   containerd://f76b36dbb6ed02991c69860f3495b292fe266300a98a8c52d4d1fd1711a4d864
    Image:          postgres:17-alpine
    Image ID:       docker.io/library/postgres@sha256:778d0b486d6daa02b77434d0358ec57a1b21fd8b6d22ac2eef56a33e816928f6
    Port:           5432/TCP
    Host Port:      0/TCP
    State:          Running
      Started:      Mon, 27 Apr 2026 09:52:59 +0200
    Ready:          True
    Restart Count:  0
    Limits:
      cpu:     1500m
      memory:  1536Mi
    Requests:
      cpu:      100m
      memory:   256Mi
    Readiness:  exec [pg_isready -U postgres] delay=5s timeout=1s period=5s #success=1 #failure=3
    Environment:
      POSTGRES_DB:        postgres
      POSTGRES_USER:      postgres
      POSTGRES_PASSWORD:  <set to the key 'postgres-superuser-password' in secret 'hermod-secrets'>  Optional: false
    Mounts:
      /docker-entrypoint-initdb.d from init (rw)
      /var/lib/postgresql/data from data (rw)
      /var/run/secrets/kubernetes.io/serviceaccount from kube-api-access-s775r (ro)
Conditions:
  Type                        Status
  PodReadyToStartContainers   True 
  Initialized                 True 
  Ready                       True 
  ContainersReady             True 
  PodScheduled                True 
Volumes:
  data:
    Type:       PersistentVolumeClaim (a reference to a PersistentVolumeClaim in the same namespace)
    ClaimName:  data-postgres-0
    ReadOnly:   false
  init:
    Type:      ConfigMap (a volume populated by a ConfigMap)
    Name:      postgres-init
    Optional:  false
  kube-api-access-s775r:
    Type:                    Projected (a volume that contains injected data from multiple sources)
    TokenExpirationSeconds:  3607
    ConfigMapName:           kube-root-ca.crt
    Optional:                false
    DownwardAPI:             true
QoS Class:                   Burstable
Node-Selectors:              <none>
Tolerations:                 node.kubernetes.io/not-ready:NoExecute op=Exists for 300s
                             node.kubernetes.io/unreachable:NoExecute op=Exists for 300s
Events:
  Type    Reason     Age   From               Message
  ----    ------     ----  ----               -------
  Normal  Scheduled  2m4s  default-scheduler  Successfully assigned translator-zigbee/postgres-0 to <pi-host>
  Normal  Pulled     2m4s  kubelet            spec.containers{postgres}: Container image "postgres:17-alpine" already present on machine
  Normal  Created    2m4s  kubelet            spec.containers{postgres}: Created container: postgres
  Normal  Started    2m4s  kubelet            spec.containers{postgres}: Started container postgres


Name:             zigbee2mqtt-6b85d5787-hfqp6
Namespace:        translator-zigbee
Priority:         0
Service Account:  default
Node:             <pi-host>/<pi-ip>
Start Time:       Mon, 27 Apr 2026 09:52:52 +0200
Labels:           app=zigbee2mqtt
                  pod-template-hash=6b85d5787
Annotations:      cni.projectcalico.org/containerID: 945e0fd22ec1a56b36a59771ef689cb52560ac9f3b725176dbd634431be110bd
                  cni.projectcalico.org/podIP: <pod-ip>/32
                  cni.projectcalico.org/podIPs: <pod-ip>/32
Status:           Running
IP:               <pod-ip>
IPs:
  IP:           <pod-ip>
Controlled By:  ReplicaSet/zigbee2mqtt-6b85d5787
Init Containers:
  seed-config:
    Container ID:  containerd://425d2c3d7f1796a5c23ff1c62a02f58918b092cd754eebb5e227552df216432b
    Image:         busybox:latest
    Image ID:      docker.io/library/busybox@sha256:1487d0af5f52b4ba31c7e465126ee2123fe3f2305d638e7827681e7cf6c83d5e
    Port:          <none>
    Host Port:     <none>
    Command:
      sh
      -c
      cp /tmp/cm/configuration.yaml /app/data/configuration.yaml && chmod 0644 /app/data/configuration.yaml
    State:          Terminated
      Reason:       Completed
      Exit Code:    0
      Started:      Mon, 27 Apr 2026 09:52:54 +0200
      Finished:     Mon, 27 Apr 2026 09:52:54 +0200
    Ready:          True
    Restart Count:  0
    Environment:    <none>
    Mounts:
      /app/data from data (rw)
      /tmp/cm from config-cm (rw)
      /var/run/secrets/kubernetes.io/serviceaccount from kube-api-access-4xq2n (ro)
Containers:
  zigbee2mqtt:
    Container ID:   containerd://fc5ad13fc4216bfb9aec82f1144fc8c5734bc87c8c93b7e995b228c3a637a4ba
    Image:          koenkk/zigbee2mqtt:latest
    Image ID:       docker.io/koenkk/zigbee2mqtt@sha256:2a21bbf7a664a149024bbe1f776e3151f28ed9db15948270dcbffb89544a41f0
    Port:           8080/TCP (http)
    Host Port:      0/TCP (http)
    State:          Running
      Started:      Mon, 27 Apr 2026 09:52:55 +0200
    Ready:          True
    Restart Count:  0
    Limits:
      cpu:     1
      memory:  512Mi
    Requests:
      cpu:     100m
      memory:  128Mi
    Environment:
      TZ:                                Europe/Bratislava
      ZIGBEE2MQTT_CONFIG_MQTT_USER:      <set to the key 'mqtt-username' in secret 'hermod-secrets'>  Optional: false
      ZIGBEE2MQTT_CONFIG_MQTT_PASSWORD:  <set to the key 'mqtt-password' in secret 'hermod-secrets'>  Optional: false
    Mounts:
      /app/data from data (rw)
      /dev/ttyUSB0 from zigbee-device (rw)
      /var/run/secrets/kubernetes.io/serviceaccount from kube-api-access-4xq2n (ro)
Conditions:
  Type                        Status
  PodReadyToStartContainers   True 
  Initialized                 True 
  Ready                       True 
  ContainersReady             True 
  PodScheduled                True 
Volumes:
  data:
    Type:       EmptyDir (a temporary directory that shares a pod's lifetime)
    Medium:     
    SizeLimit:  <unset>
  config-cm:
    Type:      ConfigMap (a volume populated by a ConfigMap)
    Name:      zigbee2mqtt-config
    Optional:  false
  zigbee-device:
    Type:          HostPath (bare host directory volume)
    Path:          /dev/ttyUSB0
    HostPathType:  CharDevice
  kube-api-access-4xq2n:
    Type:                    Projected (a volume that contains injected data from multiple sources)
    TokenExpirationSeconds:  3607
    ConfigMapName:           kube-root-ca.crt
    Optional:                false
    DownwardAPI:             true
QoS Class:                   Burstable
Node-Selectors:              hermod.io/zigbee=true
Tolerations:                 node.kubernetes.io/not-ready:NoExecute op=Exists for 300s
                             node.kubernetes.io/unreachable:NoExecute op=Exists for 300s
Events:
  Type    Reason     Age    From               Message
  ----    ------     ----   ----               -------
  Normal  Scheduled  2m10s  default-scheduler  Successfully assigned translator-zigbee/zigbee2mqtt-6b85d5787-hfqp6 to <pi-host>
  Normal  Pulled     2m10s  kubelet            spec.initContainers{seed-config}: Container image "busybox:latest" already present on machine
  Normal  Created    2m10s  kubelet            spec.initContainers{seed-config}: Created container: seed-config
  Normal  Started    2m9s   kubelet            spec.initContainers{seed-config}: Started container seed-config
  Normal  Pulled     2m9s   kubelet            spec.containers{zigbee2mqtt}: Container image "koenkk/zigbee2mqtt:latest" already present on machine
  Normal  Created    2m8s   kubelet            spec.containers{zigbee2mqtt}: Created container: zigbee2mqtt
  Normal  Started    2m8s   kubelet            spec.containers{zigbee2mqtt}: Started container zigbee2mqtt

=== ts=1777276508 ===
Name:             hermod-coordinator-7d7b88cc46-hnhsd
Namespace:        translator-zigbee
Priority:         0
Service Account:  default
Node:             <pi-host>/<pi-ip>
Start Time:       Mon, 27 Apr 2026 09:53:17 +0200
Labels:           app=hermod-coordinator
                  pod-template-hash=7d7b88cc46
Annotations:      cni.projectcalico.org/containerID: 29dd33c590284941ac26f11ce89e47701bca669c6fa6a39dfb3a42148d14863c
                  cni.projectcalico.org/podIP: <pod-ip>/32
                  cni.projectcalico.org/podIPs: <pod-ip>/32
Status:           Running
IP:               <pod-ip>
IPs:
  IP:           <pod-ip>
Controlled By:  ReplicaSet/hermod-coordinator-7d7b88cc46
Init Containers:
  wait-for-postgres:
    Container ID:  containerd://b735ec22ca4fc4068c9ce71d1813ee4b5d3068bca9fbb01e233f111cba80d489
    Image:         busybox:1.36
    Image ID:      docker.io/library/busybox@sha256:73aaf090f3d85aa34ee199857f03fa3a95c8ede2ffd4cc2cdb5b94e566b11662
    Port:          <none>
    Host Port:     <none>
    Command:
      sh
      -c
      until nc -z postgres 5432; do sleep 2; done
    State:          Terminated
      Reason:       Completed
      Exit Code:    0
      Started:      Mon, 27 Apr 2026 09:53:18 +0200
      Finished:     Mon, 27 Apr 2026 09:53:18 +0200
    Ready:          True
    Restart Count:  0
    Environment:
      Hermod__Features__DeviceStateTracking:    true
      Hermod__Engine__LogBatchSize:             100
      Hermod__Engine__LogBatching:              true
      Hermod__Engine__Parallelism:              0
      Hermod__Features__MessagePersistence:     true
      Hermod__Features__RuleAuditLog:           true
      Hermod__Features__RuleCache:              true
      Hermod__Features__StatsRollup:            true
      Hermod__Storage__Mode:                    Postgres
      Logging__LogLevel__Hermod:                Information
      Logging__LogLevel__Microsoft.AspNetCore:  Warning
    Mounts:
      /var/run/secrets/kubernetes.io/serviceaccount from kube-api-access-jx7xr (ro)
  wait-for-nanomq:
    Container ID:  containerd://16133d1264b40b8023c68fae5d2c08f3c8ddf43ec02d29421d460893aab9db46
    Image:         busybox:1.36
    Image ID:      docker.io/library/busybox@sha256:73aaf090f3d85aa34ee199857f03fa3a95c8ede2ffd4cc2cdb5b94e566b11662
    Port:          <none>
    Host Port:     <none>
    Command:
      sh
      -c
      until nc -z nanomq 1883; do sleep 2; done
    State:          Terminated
      Reason:       Completed
      Exit Code:    0
      Started:      Mon, 27 Apr 2026 09:53:19 +0200
      Finished:     Mon, 27 Apr 2026 09:53:19 +0200
    Ready:          True
    Restart Count:  0
    Environment:
      Hermod__Features__DeviceStateTracking:    true
      Hermod__Engine__LogBatchSize:             100
      Hermod__Engine__LogBatching:              true
      Hermod__Engine__Parallelism:              0
      Hermod__Features__MessagePersistence:     true
      Hermod__Features__RuleAuditLog:           true
      Hermod__Features__RuleCache:              true
      Hermod__Features__StatsRollup:            true
      Hermod__Storage__Mode:                    Postgres
      Logging__LogLevel__Hermod:                Information
      Logging__LogLevel__Microsoft.AspNetCore:  Warning
    Mounts:
      /var/run/secrets/kubernetes.io/serviceaccount from kube-api-access-jx7xr (ro)
Containers:
  hermod-coordinator:
    Container ID:   containerd://8bc8e597bde7e2e74a647eb24d90960d221d7add66230cddeca440fb6b8cbad2
    Image:          hermod-coordinator:latest
    Image ID:       sha256:ca91ccdfcd269dd5e4e25d5ffe8d863ca5db57e5c4f62f08c8adf90d23c15eaf
    Port:           42069/TCP (http)
    Host Port:      0/TCP (http)
    State:          Running
      Started:      Mon, 27 Apr 2026 09:53:20 +0200
    Ready:          True
    Restart Count:  0
    Limits:
      cpu:     1500m
      memory:  1536Mi
    Requests:
      cpu:      200m
      memory:   256Mi
    Liveness:   http-get http://:42069/healthz delay=60s timeout=1s period=30s #success=1 #failure=3
    Readiness:  http-get http://:42069/healthz/ready delay=5s timeout=1s period=10s #success=1 #failure=3
    Startup:    http-get http://:42069/healthz delay=0s timeout=1s period=5s #success=1 #failure=30
    Environment:
      ASPNETCORE_ENVIRONMENT:                   Production
      ASPNETCORE_URLS:                          http://+:42069
      DOTNET_USE_POLLING_FILE_WATCHER:          true
      Hermod__Security__AuthBypass:             true
      Hermod__Security__VaultRequireHttps:      false
      Hermod__Features__MetricsEndpoint:        true
      Hermod__Dev__Endpoints:                   true
      Hermod__Mqtt__Host:                       nanomq
      Hermod__Mqtt__Port:                       1883
      Hermod__Mqtt__UseTls:                     false
      Hermod__Mqtt__Tls__UseTls:                false
      Hermod__Mqtt__Username:                   <set to the key 'mqtt-username' in secret 'hermod-secrets'>  Optional: false
      Hermod__Mqtt__Password:                   <set to the key 'mqtt-password' in secret 'hermod-secrets'>  Optional: false
      Hermod__Database__ConnectionString:       Host=postgres;Port=5432;Database=hermod;Username=hermod_app
      Hermod__Database__Password:               <set to the key 'hermod-db-password' in secret 'hermod-db-credentials'>  Optional: false
      Hermod__Features__DeviceStateTracking:    true
      Hermod__Engine__LogBatchSize:             100
      Hermod__Engine__LogBatching:              true
      Hermod__Engine__Parallelism:              0
      Hermod__Features__MessagePersistence:     true
      Hermod__Features__RuleAuditLog:           true
      Hermod__Features__RuleCache:              true
      Hermod__Features__StatsRollup:            true
      Hermod__Storage__Mode:                    Postgres
      Logging__LogLevel__Hermod:                Information
      Logging__LogLevel__Microsoft.AspNetCore:  Warning
    Mounts:
      /var/run/secrets/kubernetes.io/serviceaccount from kube-api-access-jx7xr (ro)
Conditions:
  Type                        Status
  PodReadyToStartContainers   True 
  Initialized                 True 
  Ready                       True 
  ContainersReady             True 
  PodScheduled                True 
Volumes:
  kube-api-access-jx7xr:
    Type:                    Projected (a volume that contains injected data from multiple sources)
    TokenExpirationSeconds:  3607
    ConfigMapName:           kube-root-ca.crt
    Optional:                false
    DownwardAPI:             true
QoS Class:                   Burstable
Node-Selectors:              <none>
Tolerations:                 node.kubernetes.io/not-ready:NoExecute op=Exists for 300s
                             node.kubernetes.io/unreachable:NoExecute op=Exists for 300s
Events:
  Type    Reason     Age   From               Message
  ----    ------     ----  ----               -------
  Normal  Scheduled  110s  default-scheduler  Successfully assigned translator-zigbee/hermod-coordinator-7d7b88cc46-hnhsd to <pi-host>
  Normal  Pulled     110s  kubelet            spec.initContainers{wait-for-postgres}: Container image "busybox:1.36" already present on machine
  Normal  Created    110s  kubelet            spec.initContainers{wait-for-postgres}: Created container: wait-for-postgres
  Normal  Started    110s  kubelet            spec.initContainers{wait-for-postgres}: Started container wait-for-postgres
  Normal  Pulled     109s  kubelet            spec.initContainers{wait-for-nanomq}: Container image "busybox:1.36" already present on machine
  Normal  Created    109s  kubelet            spec.initContainers{wait-for-nanomq}: Created container: wait-for-nanomq
  Normal  Started    109s  kubelet            spec.initContainers{wait-for-nanomq}: Started container wait-for-nanomq
  Normal  Pulled     108s  kubelet            spec.containers{hermod-coordinator}: Container image "hermod-coordinator:latest" already present on machine
  Normal  Created    108s  kubelet            spec.containers{hermod-coordinator}: Created container: hermod-coordinator
  Normal  Started    108s  kubelet            spec.containers{hermod-coordinator}: Started container hermod-coordinator


Name:             nanomq-756fd88db6-7k858
Namespace:        translator-zigbee
Priority:         0
Service Account:  default
Node:             <pi-host>/<pi-ip>
Start Time:       Mon, 27 Apr 2026 09:52:52 +0200
Labels:           app=nanomq
                  pod-template-hash=756fd88db6
Annotations:      cni.projectcalico.org/containerID: f68917fdb6d5fd3ef7b3460dc9ac51bf0b1a84031e3fb47f6c871b391cca24dd
                  cni.projectcalico.org/podIP: <pod-ip>/32
                  cni.projectcalico.org/podIPs: <pod-ip>/32
Status:           Running
IP:               <pod-ip>
IPs:
  IP:           <pod-ip>
Controlled By:  ReplicaSet/nanomq-756fd88db6
Containers:
  nanomq:
    Container ID:   containerd://480eeb895e24a6a50602e6f2f95d3b5b3cfced0cad9a460bca746b8b3fd2bc0d
    Image:          emqx/nanomq:0.21-slim
    Image ID:       docker.io/emqx/nanomq@sha256:53bea7acb547aced1cc45e08c514628f1e41c4da9ad544fd8c5fa96d3e9eb41b
    Ports:          1883/TCP (mqtt), 8081/TCP (http)
    Host Ports:     0/TCP (mqtt), 0/TCP (http)
    State:          Running
      Started:      Mon, 27 Apr 2026 09:52:53 +0200
    Ready:          True
    Restart Count:  0
    Limits:
      cpu:     1
      memory:  512Mi
    Requests:
      cpu:        50m
      memory:     64Mi
    Readiness:    tcp-socket :1883 delay=3s timeout=1s period=5s #success=1 #failure=3
    Environment:  <none>
    Mounts:
      /etc/nanomq.conf from config (rw,path="nanomq.conf")
      /var/run/secrets/kubernetes.io/serviceaccount from kube-api-access-tcmf7 (ro)
Conditions:
  Type                        Status
  PodReadyToStartContainers   True 
  Initialized                 True 
  Ready                       True 
  ContainersReady             True 
  PodScheduled                True 
Volumes:
  config:
    Type:      ConfigMap (a volume populated by a ConfigMap)
    Name:      nanomq-config
    Optional:  false
  kube-api-access-tcmf7:
    Type:                    Projected (a volume that contains injected data from multiple sources)
    TokenExpirationSeconds:  3607
    ConfigMapName:           kube-root-ca.crt
    Optional:                false
    DownwardAPI:             true
QoS Class:                   Burstable
Node-Selectors:              <none>
Tolerations:                 node.kubernetes.io/not-ready:NoExecute op=Exists for 300s
                             node.kubernetes.io/unreachable:NoExecute op=Exists for 300s
Events:
  Type    Reason     Age    From               Message
  ----    ------     ----   ----               -------
  Normal  Scheduled  2m16s  default-scheduler  Successfully assigned translator-zigbee/nanomq-756fd88db6-7k858 to <pi-host>
  Normal  Pulled     2m15s  kubelet            spec.containers{nanomq}: Container image "emqx/nanomq:0.21-slim" already present on machine
  Normal  Created    2m15s  kubelet            spec.containers{nanomq}: Created container: nanomq
  Normal  Started    2m15s  kubelet            spec.containers{nanomq}: Started container nanomq


Name:             postgres-0
Namespace:        translator-zigbee
Priority:         0
Service Account:  default
Node:             <pi-host>/<pi-ip>
Start Time:       Mon, 27 Apr 2026 09:52:58 +0200
Labels:           app=postgres
                  apps.kubernetes.io/pod-index=0
                  controller-revision-hash=postgres-848ccb988d
                  statefulset.kubernetes.io/pod-name=postgres-0
Annotations:      cni.projectcalico.org/containerID: 006d092a18672fa9e728a5b435a4d67a77871b40812ee6c28f8ffab3c1cf181d
                  cni.projectcalico.org/podIP: <pod-ip>/32
                  cni.projectcalico.org/podIPs: <pod-ip>/32
Status:           Running
IP:               <pod-ip>
IPs:
  IP:           <pod-ip>
Controlled By:  StatefulSet/postgres
Containers:
  postgres:
    Container ID:   containerd://f76b36dbb6ed02991c69860f3495b292fe266300a98a8c52d4d1fd1711a4d864
    Image:          postgres:17-alpine
    Image ID:       docker.io/library/postgres@sha256:778d0b486d6daa02b77434d0358ec57a1b21fd8b6d22ac2eef56a33e816928f6
    Port:           5432/TCP
    Host Port:      0/TCP
    State:          Running
      Started:      Mon, 27 Apr 2026 09:52:59 +0200
    Ready:          True
    Restart Count:  0
    Limits:
      cpu:     1500m
      memory:  1536Mi
    Requests:
      cpu:      100m
      memory:   256Mi
    Readiness:  exec [pg_isready -U postgres] delay=5s timeout=1s period=5s #success=1 #failure=3
    Environment:
      POSTGRES_DB:        postgres
      POSTGRES_USER:      postgres
      POSTGRES_PASSWORD:  <set to the key 'postgres-superuser-password' in secret 'hermod-secrets'>  Optional: false
    Mounts:
      /docker-entrypoint-initdb.d from init (rw)
      /var/lib/postgresql/data from data (rw)
      /var/run/secrets/kubernetes.io/serviceaccount from kube-api-access-s775r (ro)
Conditions:
  Type                        Status
  PodReadyToStartContainers   True 
  Initialized                 True 
  Ready                       True 
  ContainersReady             True 
  PodScheduled                True 
Volumes:
  data:
    Type:       PersistentVolumeClaim (a reference to a PersistentVolumeClaim in the same namespace)
    ClaimName:  data-postgres-0
    ReadOnly:   false
  init:
    Type:      ConfigMap (a volume populated by a ConfigMap)
    Name:      postgres-init
    Optional:  false
  kube-api-access-s775r:
    Type:                    Projected (a volume that contains injected data from multiple sources)
    TokenExpirationSeconds:  3607
    ConfigMapName:           kube-root-ca.crt
    Optional:                false
    DownwardAPI:             true
QoS Class:                   Burstable
Node-Selectors:              <none>
Tolerations:                 node.kubernetes.io/not-ready:NoExecute op=Exists for 300s
                             node.kubernetes.io/unreachable:NoExecute op=Exists for 300s
Events:
  Type    Reason     Age    From               Message
  ----    ------     ----   ----               -------
  Normal  Scheduled  2m10s  default-scheduler  Successfully assigned translator-zigbee/postgres-0 to <pi-host>
  Normal  Pulled     2m9s   kubelet            spec.containers{postgres}: Container image "postgres:17-alpine" already present on machine
  Normal  Created    2m9s   kubelet            spec.containers{postgres}: Created container: postgres
  Normal  Started    2m9s   kubelet            spec.containers{postgres}: Started container postgres


Name:             zigbee2mqtt-6b85d5787-hfqp6
Namespace:        translator-zigbee
Priority:         0
Service Account:  default
Node:             <pi-host>/<pi-ip>
Start Time:       Mon, 27 Apr 2026 09:52:52 +0200
Labels:           app=zigbee2mqtt
                  pod-template-hash=6b85d5787
Annotations:      cni.projectcalico.org/containerID: 945e0fd22ec1a56b36a59771ef689cb52560ac9f3b725176dbd634431be110bd
                  cni.projectcalico.org/podIP: <pod-ip>/32
                  cni.projectcalico.org/podIPs: <pod-ip>/32
Status:           Running
IP:               <pod-ip>
IPs:
  IP:           <pod-ip>
Controlled By:  ReplicaSet/zigbee2mqtt-6b85d5787
Init Containers:
  seed-config:
    Container ID:  containerd://425d2c3d7f1796a5c23ff1c62a02f58918b092cd754eebb5e227552df216432b
    Image:         busybox:latest
    Image ID:      docker.io/library/busybox@sha256:1487d0af5f52b4ba31c7e465126ee2123fe3f2305d638e7827681e7cf6c83d5e
    Port:          <none>
    Host Port:     <none>
    Command:
      sh
      -c
      cp /tmp/cm/configuration.yaml /app/data/configuration.yaml && chmod 0644 /app/data/configuration.yaml
    State:          Terminated
      Reason:       Completed
      Exit Code:    0
      Started:      Mon, 27 Apr 2026 09:52:54 +0200
      Finished:     Mon, 27 Apr 2026 09:52:54 +0200
    Ready:          True
    Restart Count:  0
    Environment:    <none>
    Mounts:
      /app/data from data (rw)
      /tmp/cm from config-cm (rw)
      /var/run/secrets/kubernetes.io/serviceaccount from kube-api-access-4xq2n (ro)
Containers:
  zigbee2mqtt:
    Container ID:   containerd://fc5ad13fc4216bfb9aec82f1144fc8c5734bc87c8c93b7e995b228c3a637a4ba
    Image:          koenkk/zigbee2mqtt:latest
    Image ID:       docker.io/koenkk/zigbee2mqtt@sha256:2a21bbf7a664a149024bbe1f776e3151f28ed9db15948270dcbffb89544a41f0
    Port:           8080/TCP (http)
    Host Port:      0/TCP (http)
    State:          Running
      Started:      Mon, 27 Apr 2026 09:52:55 +0200
    Ready:          True
    Restart Count:  0
    Limits:
      cpu:     1
      memory:  512Mi
    Requests:
      cpu:     100m
      memory:  128Mi
    Environment:
      TZ:                                Europe/Bratislava
      ZIGBEE2MQTT_CONFIG_MQTT_USER:      <set to the key 'mqtt-username' in secret 'hermod-secrets'>  Optional: false
      ZIGBEE2MQTT_CONFIG_MQTT_PASSWORD:  <set to the key 'mqtt-password' in secret 'hermod-secrets'>  Optional: false
    Mounts:
      /app/data from data (rw)
      /dev/ttyUSB0 from zigbee-device (rw)
      /var/run/secrets/kubernetes.io/serviceaccount from kube-api-access-4xq2n (ro)
Conditions:
  Type                        Status
  PodReadyToStartContainers   True 
  Initialized                 True 
  Ready                       True 
  ContainersReady             True 
  PodScheduled                True 
Volumes:
  data:
    Type:       EmptyDir (a temporary directory that shares a pod's lifetime)
    Medium:     
    SizeLimit:  <unset>
  config-cm:
    Type:      ConfigMap (a volume populated by a ConfigMap)
    Name:      zigbee2mqtt-config
    Optional:  false
  zigbee-device:
    Type:          HostPath (bare host directory volume)
    Path:          /dev/ttyUSB0
    HostPathType:  CharDevice
  kube-api-access-4xq2n:
    Type:                    Projected (a volume that contains injected data from multiple sources)
    TokenExpirationSeconds:  3607
    ConfigMapName:           kube-root-ca.crt
    Optional:                false
    DownwardAPI:             true
QoS Class:                   Burstable
Node-Selectors:              hermod.io/zigbee=true
Tolerations:                 node.kubernetes.io/not-ready:NoExecute op=Exists for 300s
                             node.kubernetes.io/unreachable:NoExecute op=Exists for 300s
Events:
  Type    Reason     Age    From               Message
  ----    ------     ----   ----               -------
  Normal  Scheduled  2m15s  default-scheduler  Successfully assigned translator-zigbee/zigbee2mqtt-6b85d5787-hfqp6 to <pi-host>
  Normal  Pulled     2m15s  kubelet            spec.initContainers{seed-config}: Container image "busybox:latest" already present on machine
  Normal  Created    2m15s  kubelet            spec.initContainers{seed-config}: Created container: seed-config
  Normal  Started    2m14s  kubelet            spec.initContainers{seed-config}: Started container seed-config
  Normal  Pulled     2m14s  kubelet            spec.containers{zigbee2mqtt}: Container image "koenkk/zigbee2mqtt:latest" already present on machine
  Normal  Created    2m13s  kubelet            spec.containers{zigbee2mqtt}: Created container: zigbee2mqtt
  Normal  Started    2m13s  kubelet            spec.containers{zigbee2mqtt}: Started container zigbee2mqtt

=== ts=1777276514 ===
Name:             hermod-coordinator-7d7b88cc46-hnhsd
Namespace:        translator-zigbee
Priority:         0
Service Account:  default
Node:             <pi-host>/<pi-ip>
Start Time:       Mon, 27 Apr 2026 09:53:17 +0200
Labels:           app=hermod-coordinator
                  pod-template-hash=7d7b88cc46
Annotations:      cni.projectcalico.org/containerID: 29dd33c590284941ac26f11ce89e47701bca669c6fa6a39dfb3a42148d14863c
                  cni.projectcalico.org/podIP: <pod-ip>/32
                  cni.projectcalico.org/podIPs: <pod-ip>/32
Status:           Running
IP:               <pod-ip>
IPs:
  IP:           <pod-ip>
Controlled By:  ReplicaSet/hermod-coordinator-7d7b88cc46
Init Containers:
  wait-for-postgres:
    Container ID:  containerd://b735ec22ca4fc4068c9ce71d1813ee4b5d3068bca9fbb01e233f111cba80d489
    Image:         busybox:1.36
    Image ID:      docker.io/library/busybox@sha256:73aaf090f3d85aa34ee199857f03fa3a95c8ede2ffd4cc2cdb5b94e566b11662
    Port:          <none>
    Host Port:     <none>
    Command:
      sh
      -c
      until nc -z postgres 5432; do sleep 2; done
    State:          Terminated
      Reason:       Completed
      Exit Code:    0
      Started:      Mon, 27 Apr 2026 09:53:18 +0200
      Finished:     Mon, 27 Apr 2026 09:53:18 +0200
    Ready:          True
    Restart Count:  0
    Environment:
      Hermod__Features__DeviceStateTracking:    true
      Hermod__Engine__LogBatchSize:             100
      Hermod__Engine__LogBatching:              true
      Hermod__Engine__Parallelism:              0
      Hermod__Features__MessagePersistence:     true
      Hermod__Features__RuleAuditLog:           true
      Hermod__Features__RuleCache:              true
      Hermod__Features__StatsRollup:            true
      Hermod__Storage__Mode:                    Postgres
      Logging__LogLevel__Hermod:                Information
      Logging__LogLevel__Microsoft.AspNetCore:  Warning
    Mounts:
      /var/run/secrets/kubernetes.io/serviceaccount from kube-api-access-jx7xr (ro)
  wait-for-nanomq:
    Container ID:  containerd://16133d1264b40b8023c68fae5d2c08f3c8ddf43ec02d29421d460893aab9db46
    Image:         busybox:1.36
    Image ID:      docker.io/library/busybox@sha256:73aaf090f3d85aa34ee199857f03fa3a95c8ede2ffd4cc2cdb5b94e566b11662
    Port:          <none>
    Host Port:     <none>
    Command:
      sh
      -c
      until nc -z nanomq 1883; do sleep 2; done
    State:          Terminated
      Reason:       Completed
      Exit Code:    0
      Started:      Mon, 27 Apr 2026 09:53:19 +0200
      Finished:     Mon, 27 Apr 2026 09:53:19 +0200
    Ready:          True
    Restart Count:  0
    Environment:
      Hermod__Features__DeviceStateTracking:    true
      Hermod__Engine__LogBatchSize:             100
      Hermod__Engine__LogBatching:              true
      Hermod__Engine__Parallelism:              0
      Hermod__Features__MessagePersistence:     true
      Hermod__Features__RuleAuditLog:           true
      Hermod__Features__RuleCache:              true
      Hermod__Features__StatsRollup:            true
      Hermod__Storage__Mode:                    Postgres
      Logging__LogLevel__Hermod:                Information
      Logging__LogLevel__Microsoft.AspNetCore:  Warning
    Mounts:
      /var/run/secrets/kubernetes.io/serviceaccount from kube-api-access-jx7xr (ro)
Containers:
  hermod-coordinator:
    Container ID:   containerd://8bc8e597bde7e2e74a647eb24d90960d221d7add66230cddeca440fb6b8cbad2
    Image:          hermod-coordinator:latest
    Image ID:       sha256:ca91ccdfcd269dd5e4e25d5ffe8d863ca5db57e5c4f62f08c8adf90d23c15eaf
    Port:           42069/TCP (http)
    Host Port:      0/TCP (http)
    State:          Running
      Started:      Mon, 27 Apr 2026 09:53:20 +0200
    Ready:          True
    Restart Count:  0
    Limits:
      cpu:     1500m
      memory:  1536Mi
    Requests:
      cpu:      200m
      memory:   256Mi
    Liveness:   http-get http://:42069/healthz delay=60s timeout=1s period=30s #success=1 #failure=3
    Readiness:  http-get http://:42069/healthz/ready delay=5s timeout=1s period=10s #success=1 #failure=3
    Startup:    http-get http://:42069/healthz delay=0s timeout=1s period=5s #success=1 #failure=30
    Environment:
      ASPNETCORE_ENVIRONMENT:                   Production
      ASPNETCORE_URLS:                          http://+:42069
      DOTNET_USE_POLLING_FILE_WATCHER:          true
      Hermod__Security__AuthBypass:             true
      Hermod__Security__VaultRequireHttps:      false
      Hermod__Features__MetricsEndpoint:        true
      Hermod__Dev__Endpoints:                   true
      Hermod__Mqtt__Host:                       nanomq
      Hermod__Mqtt__Port:                       1883
      Hermod__Mqtt__UseTls:                     false
      Hermod__Mqtt__Tls__UseTls:                false
      Hermod__Mqtt__Username:                   <set to the key 'mqtt-username' in secret 'hermod-secrets'>  Optional: false
      Hermod__Mqtt__Password:                   <set to the key 'mqtt-password' in secret 'hermod-secrets'>  Optional: false
      Hermod__Database__ConnectionString:       Host=postgres;Port=5432;Database=hermod;Username=hermod_app
      Hermod__Database__Password:               <set to the key 'hermod-db-password' in secret 'hermod-db-credentials'>  Optional: false
      Hermod__Features__DeviceStateTracking:    true
      Hermod__Engine__LogBatchSize:             100
      Hermod__Engine__LogBatching:              true
      Hermod__Engine__Parallelism:              0
      Hermod__Features__MessagePersistence:     true
      Hermod__Features__RuleAuditLog:           true
      Hermod__Features__RuleCache:              true
      Hermod__Features__StatsRollup:            true
      Hermod__Storage__Mode:                    Postgres
      Logging__LogLevel__Hermod:                Information
      Logging__LogLevel__Microsoft.AspNetCore:  Warning
    Mounts:
      /var/run/secrets/kubernetes.io/serviceaccount from kube-api-access-jx7xr (ro)
Conditions:
  Type                        Status
  PodReadyToStartContainers   True 
  Initialized                 True 
  Ready                       True 
  ContainersReady             True 
  PodScheduled                True 
Volumes:
  kube-api-access-jx7xr:
    Type:                    Projected (a volume that contains injected data from multiple sources)
    TokenExpirationSeconds:  3607
    ConfigMapName:           kube-root-ca.crt
    Optional:                false
    DownwardAPI:             true
QoS Class:                   Burstable
Node-Selectors:              <none>
Tolerations:                 node.kubernetes.io/not-ready:NoExecute op=Exists for 300s
                             node.kubernetes.io/unreachable:NoExecute op=Exists for 300s
Events:
  Type    Reason     Age   From               Message
  ----    ------     ----  ----               -------
  Normal  Scheduled  116s  default-scheduler  Successfully assigned translator-zigbee/hermod-coordinator-7d7b88cc46-hnhsd to <pi-host>
  Normal  Pulled     116s  kubelet            spec.initContainers{wait-for-postgres}: Container image "busybox:1.36" already present on machine
  Normal  Created    116s  kubelet            spec.initContainers{wait-for-postgres}: Created container: wait-for-postgres
  Normal  Started    116s  kubelet            spec.initContainers{wait-for-postgres}: Started container wait-for-postgres
  Normal  Pulled     115s  kubelet            spec.initContainers{wait-for-nanomq}: Container image "busybox:1.36" already present on machine
  Normal  Created    115s  kubelet            spec.initContainers{wait-for-nanomq}: Created container: wait-for-nanomq
  Normal  Started    115s  kubelet            spec.initContainers{wait-for-nanomq}: Started container wait-for-nanomq
  Normal  Pulled     114s  kubelet            spec.containers{hermod-coordinator}: Container image "hermod-coordinator:latest" already present on machine
  Normal  Created    114s  kubelet            spec.containers{hermod-coordinator}: Created container: hermod-coordinator
  Normal  Started    114s  kubelet            spec.containers{hermod-coordinator}: Started container hermod-coordinator


Name:             nanomq-756fd88db6-7k858
Namespace:        translator-zigbee
Priority:         0
Service Account:  default
Node:             <pi-host>/<pi-ip>
Start Time:       Mon, 27 Apr 2026 09:52:52 +0200
Labels:           app=nanomq
                  pod-template-hash=756fd88db6
Annotations:      cni.projectcalico.org/containerID: f68917fdb6d5fd3ef7b3460dc9ac51bf0b1a84031e3fb47f6c871b391cca24dd
                  cni.projectcalico.org/podIP: <pod-ip>/32
                  cni.projectcalico.org/podIPs: <pod-ip>/32
Status:           Running
IP:               <pod-ip>
IPs:
  IP:           <pod-ip>
Controlled By:  ReplicaSet/nanomq-756fd88db6
Containers:
  nanomq:
    Container ID:   containerd://480eeb895e24a6a50602e6f2f95d3b5b3cfced0cad9a460bca746b8b3fd2bc0d
    Image:          emqx/nanomq:0.21-slim
    Image ID:       docker.io/emqx/nanomq@sha256:53bea7acb547aced1cc45e08c514628f1e41c4da9ad544fd8c5fa96d3e9eb41b
    Ports:          1883/TCP (mqtt), 8081/TCP (http)
    Host Ports:     0/TCP (mqtt), 0/TCP (http)
    State:          Running
      Started:      Mon, 27 Apr 2026 09:52:53 +0200
    Ready:          True
    Restart Count:  0
    Limits:
      cpu:     1
      memory:  512Mi
    Requests:
      cpu:        50m
      memory:     64Mi
    Readiness:    tcp-socket :1883 delay=3s timeout=1s period=5s #success=1 #failure=3
    Environment:  <none>
    Mounts:
      /etc/nanomq.conf from config (rw,path="nanomq.conf")
      /var/run/secrets/kubernetes.io/serviceaccount from kube-api-access-tcmf7 (ro)
Conditions:
  Type                        Status
  PodReadyToStartContainers   True 
  Initialized                 True 
  Ready                       True 
  ContainersReady             True 
  PodScheduled                True 
Volumes:
  config:
    Type:      ConfigMap (a volume populated by a ConfigMap)
    Name:      nanomq-config
    Optional:  false
  kube-api-access-tcmf7:
    Type:                    Projected (a volume that contains injected data from multiple sources)
    TokenExpirationSeconds:  3607
    ConfigMapName:           kube-root-ca.crt
    Optional:                false
    DownwardAPI:             true
QoS Class:                   Burstable
Node-Selectors:              <none>
Tolerations:                 node.kubernetes.io/not-ready:NoExecute op=Exists for 300s
                             node.kubernetes.io/unreachable:NoExecute op=Exists for 300s
Events:
  Type    Reason     Age    From               Message
  ----    ------     ----   ----               -------
  Normal  Scheduled  2m22s  default-scheduler  Successfully assigned translator-zigbee/nanomq-756fd88db6-7k858 to <pi-host>
  Normal  Pulled     2m21s  kubelet            spec.containers{nanomq}: Container image "emqx/nanomq:0.21-slim" already present on machine
  Normal  Created    2m21s  kubelet            spec.containers{nanomq}: Created container: nanomq
  Normal  Started    2m21s  kubelet            spec.containers{nanomq}: Started container nanomq


Name:             postgres-0
Namespace:        translator-zigbee
Priority:         0
Service Account:  default
Node:             <pi-host>/<pi-ip>
Start Time:       Mon, 27 Apr 2026 09:52:58 +0200
Labels:           app=postgres
                  apps.kubernetes.io/pod-index=0
                  controller-revision-hash=postgres-848ccb988d
                  statefulset.kubernetes.io/pod-name=postgres-0
Annotations:      cni.projectcalico.org/containerID: 006d092a18672fa9e728a5b435a4d67a77871b40812ee6c28f8ffab3c1cf181d
                  cni.projectcalico.org/podIP: <pod-ip>/32
                  cni.projectcalico.org/podIPs: <pod-ip>/32
Status:           Running
IP:               <pod-ip>
IPs:
  IP:           <pod-ip>
Controlled By:  StatefulSet/postgres
Containers:
  postgres:
    Container ID:   containerd://f76b36dbb6ed02991c69860f3495b292fe266300a98a8c52d4d1fd1711a4d864
    Image:          postgres:17-alpine
    Image ID:       docker.io/library/postgres@sha256:778d0b486d6daa02b77434d0358ec57a1b21fd8b6d22ac2eef56a33e816928f6
    Port:           5432/TCP
    Host Port:      0/TCP
    State:          Running
      Started:      Mon, 27 Apr 2026 09:52:59 +0200
    Ready:          True
    Restart Count:  0
    Limits:
      cpu:     1500m
      memory:  1536Mi
    Requests:
      cpu:      100m
      memory:   256Mi
    Readiness:  exec [pg_isready -U postgres] delay=5s timeout=1s period=5s #success=1 #failure=3
    Environment:
      POSTGRES_DB:        postgres
      POSTGRES_USER:      postgres
      POSTGRES_PASSWORD:  <set to the key 'postgres-superuser-password' in secret 'hermod-secrets'>  Optional: false
    Mounts:
      /docker-entrypoint-initdb.d from init (rw)
      /var/lib/postgresql/data from data (rw)
      /var/run/secrets/kubernetes.io/serviceaccount from kube-api-access-s775r (ro)
Conditions:
  Type                        Status
  PodReadyToStartContainers   True 
  Initialized                 True 
  Ready                       True 
  ContainersReady             True 
  PodScheduled                True 
Volumes:
  data:
    Type:       PersistentVolumeClaim (a reference to a PersistentVolumeClaim in the same namespace)
    ClaimName:  data-postgres-0
    ReadOnly:   false
  init:
    Type:      ConfigMap (a volume populated by a ConfigMap)
    Name:      postgres-init
    Optional:  false
  kube-api-access-s775r:
    Type:                    Projected (a volume that contains injected data from multiple sources)
    TokenExpirationSeconds:  3607
    ConfigMapName:           kube-root-ca.crt
    Optional:                false
    DownwardAPI:             true
QoS Class:                   Burstable
Node-Selectors:              <none>
Tolerations:                 node.kubernetes.io/not-ready:NoExecute op=Exists for 300s
                             node.kubernetes.io/unreachable:NoExecute op=Exists for 300s
Events:
  Type    Reason     Age    From               Message
  ----    ------     ----   ----               -------
  Normal  Scheduled  2m16s  default-scheduler  Successfully assigned translator-zigbee/postgres-0 to <pi-host>
  Normal  Pulled     2m15s  kubelet            spec.containers{postgres}: Container image "postgres:17-alpine" already present on machine
  Normal  Created    2m15s  kubelet            spec.containers{postgres}: Created container: postgres
  Normal  Started    2m15s  kubelet            spec.containers{postgres}: Started container postgres


Name:             zigbee2mqtt-6b85d5787-hfqp6
Namespace:        translator-zigbee
Priority:         0
Service Account:  default
Node:             <pi-host>/<pi-ip>
Start Time:       Mon, 27 Apr 2026 09:52:52 +0200
Labels:           app=zigbee2mqtt
                  pod-template-hash=6b85d5787
Annotations:      cni.projectcalico.org/containerID: 945e0fd22ec1a56b36a59771ef689cb52560ac9f3b725176dbd634431be110bd
                  cni.projectcalico.org/podIP: <pod-ip>/32
                  cni.projectcalico.org/podIPs: <pod-ip>/32
Status:           Running
IP:               <pod-ip>
IPs:
  IP:           <pod-ip>
Controlled By:  ReplicaSet/zigbee2mqtt-6b85d5787
Init Containers:
  seed-config:
    Container ID:  containerd://425d2c3d7f1796a5c23ff1c62a02f58918b092cd754eebb5e227552df216432b
    Image:         busybox:latest
    Image ID:      docker.io/library/busybox@sha256:1487d0af5f52b4ba31c7e465126ee2123fe3f2305d638e7827681e7cf6c83d5e
    Port:          <none>
    Host Port:     <none>
    Command:
      sh
      -c
      cp /tmp/cm/configuration.yaml /app/data/configuration.yaml && chmod 0644 /app/data/configuration.yaml
    State:          Terminated
      Reason:       Completed
      Exit Code:    0
      Started:      Mon, 27 Apr 2026 09:52:54 +0200
      Finished:     Mon, 27 Apr 2026 09:52:54 +0200
    Ready:          True
    Restart Count:  0
    Environment:    <none>
    Mounts:
      /app/data from data (rw)
      /tmp/cm from config-cm (rw)
      /var/run/secrets/kubernetes.io/serviceaccount from kube-api-access-4xq2n (ro)
Containers:
  zigbee2mqtt:
    Container ID:   containerd://fc5ad13fc4216bfb9aec82f1144fc8c5734bc87c8c93b7e995b228c3a637a4ba
    Image:          koenkk/zigbee2mqtt:latest
    Image ID:       docker.io/koenkk/zigbee2mqtt@sha256:2a21bbf7a664a149024bbe1f776e3151f28ed9db15948270dcbffb89544a41f0
    Port:           8080/TCP (http)
    Host Port:      0/TCP (http)
    State:          Running
      Started:      Mon, 27 Apr 2026 09:52:55 +0200
    Ready:          True
    Restart Count:  0
    Limits:
      cpu:     1
      memory:  512Mi
    Requests:
      cpu:     100m
      memory:  128Mi
    Environment:
      TZ:                                Europe/Bratislava
      ZIGBEE2MQTT_CONFIG_MQTT_USER:      <set to the key 'mqtt-username' in secret 'hermod-secrets'>  Optional: false
      ZIGBEE2MQTT_CONFIG_MQTT_PASSWORD:  <set to the key 'mqtt-password' in secret 'hermod-secrets'>  Optional: false
    Mounts:
      /app/data from data (rw)
      /dev/ttyUSB0 from zigbee-device (rw)
      /var/run/secrets/kubernetes.io/serviceaccount from kube-api-access-4xq2n (ro)
Conditions:
  Type                        Status
  PodReadyToStartContainers   True 
  Initialized                 True 
  Ready                       True 
  ContainersReady             True 
  PodScheduled                True 
Volumes:
  data:
    Type:       EmptyDir (a temporary directory that shares a pod's lifetime)
    Medium:     
    SizeLimit:  <unset>
  config-cm:
    Type:      ConfigMap (a volume populated by a ConfigMap)
    Name:      zigbee2mqtt-config
    Optional:  false
  zigbee-device:
    Type:          HostPath (bare host directory volume)
    Path:          /dev/ttyUSB0
    HostPathType:  CharDevice
  kube-api-access-4xq2n:
    Type:                    Projected (a volume that contains injected data from multiple sources)
    TokenExpirationSeconds:  3607
    ConfigMapName:           kube-root-ca.crt
    Optional:                false
    DownwardAPI:             true
QoS Class:                   Burstable
Node-Selectors:              hermod.io/zigbee=true
Tolerations:                 node.kubernetes.io/not-ready:NoExecute op=Exists for 300s
                             node.kubernetes.io/unreachable:NoExecute op=Exists for 300s
Events:
  Type    Reason     Age    From               Message
  ----    ------     ----   ----               -------
  Normal  Scheduled  2m21s  default-scheduler  Successfully assigned translator-zigbee/zigbee2mqtt-6b85d5787-hfqp6 to <pi-host>
  Normal  Pulled     2m21s  kubelet            spec.initContainers{seed-config}: Container image "busybox:latest" already present on machine
  Normal  Created    2m21s  kubelet            spec.initContainers{seed-config}: Created container: seed-config
  Normal  Started    2m20s  kubelet            spec.initContainers{seed-config}: Started container seed-config
  Normal  Pulled     2m20s  kubelet            spec.containers{zigbee2mqtt}: Container image "koenkk/zigbee2mqtt:latest" already present on machine
  Normal  Created    2m19s  kubelet            spec.containers{zigbee2mqtt}: Created container: zigbee2mqtt
  Normal  Started    2m19s  kubelet            spec.containers{zigbee2mqtt}: Started container zigbee2mqtt

=== ts=1777276519 ===
Name:             hermod-coordinator-7d7b88cc46-hnhsd
Namespace:        translator-zigbee
Priority:         0
Service Account:  default
Node:             <pi-host>/<pi-ip>
Start Time:       Mon, 27 Apr 2026 09:53:17 +0200
Labels:           app=hermod-coordinator
                  pod-template-hash=7d7b88cc46
Annotations:      cni.projectcalico.org/containerID: 29dd33c590284941ac26f11ce89e47701bca669c6fa6a39dfb3a42148d14863c
                  cni.projectcalico.org/podIP: <pod-ip>/32
                  cni.projectcalico.org/podIPs: <pod-ip>/32
Status:           Running
IP:               <pod-ip>
IPs:
  IP:           <pod-ip>
Controlled By:  ReplicaSet/hermod-coordinator-7d7b88cc46
Init Containers:
  wait-for-postgres:
    Container ID:  containerd://b735ec22ca4fc4068c9ce71d1813ee4b5d3068bca9fbb01e233f111cba80d489
    Image:         busybox:1.36
    Image ID:      docker.io/library/busybox@sha256:73aaf090f3d85aa34ee199857f03fa3a95c8ede2ffd4cc2cdb5b94e566b11662
    Port:          <none>
    Host Port:     <none>
    Command:
      sh
      -c
      until nc -z postgres 5432; do sleep 2; done
    State:          Terminated
      Reason:       Completed
      Exit Code:    0
      Started:      Mon, 27 Apr 2026 09:53:18 +0200
      Finished:     Mon, 27 Apr 2026 09:53:18 +0200
    Ready:          True
    Restart Count:  0
    Environment:
      Hermod__Features__DeviceStateTracking:    true
      Hermod__Engine__LogBatchSize:             100
      Hermod__Engine__LogBatching:              true
      Hermod__Engine__Parallelism:              0
      Hermod__Features__MessagePersistence:     true
      Hermod__Features__RuleAuditLog:           true
      Hermod__Features__RuleCache:              true
      Hermod__Features__StatsRollup:            true
      Hermod__Storage__Mode:                    Postgres
      Logging__LogLevel__Hermod:                Information
      Logging__LogLevel__Microsoft.AspNetCore:  Warning
    Mounts:
      /var/run/secrets/kubernetes.io/serviceaccount from kube-api-access-jx7xr (ro)
  wait-for-nanomq:
    Container ID:  containerd://16133d1264b40b8023c68fae5d2c08f3c8ddf43ec02d29421d460893aab9db46
    Image:         busybox:1.36
    Image ID:      docker.io/library/busybox@sha256:73aaf090f3d85aa34ee199857f03fa3a95c8ede2ffd4cc2cdb5b94e566b11662
    Port:          <none>
    Host Port:     <none>
    Command:
      sh
      -c
      until nc -z nanomq 1883; do sleep 2; done
    State:          Terminated
      Reason:       Completed
      Exit Code:    0
      Started:      Mon, 27 Apr 2026 09:53:19 +0200
      Finished:     Mon, 27 Apr 2026 09:53:19 +0200
    Ready:          True
    Restart Count:  0
    Environment:
      Hermod__Features__DeviceStateTracking:    true
      Hermod__Engine__LogBatchSize:             100
      Hermod__Engine__LogBatching:              true
      Hermod__Engine__Parallelism:              0
      Hermod__Features__MessagePersistence:     true
      Hermod__Features__RuleAuditLog:           true
      Hermod__Features__RuleCache:              true
      Hermod__Features__StatsRollup:            true
      Hermod__Storage__Mode:                    Postgres
      Logging__LogLevel__Hermod:                Information
      Logging__LogLevel__Microsoft.AspNetCore:  Warning
    Mounts:
      /var/run/secrets/kubernetes.io/serviceaccount from kube-api-access-jx7xr (ro)
Containers:
  hermod-coordinator:
    Container ID:   containerd://8bc8e597bde7e2e74a647eb24d90960d221d7add66230cddeca440fb6b8cbad2
    Image:          hermod-coordinator:latest
    Image ID:       sha256:ca91ccdfcd269dd5e4e25d5ffe8d863ca5db57e5c4f62f08c8adf90d23c15eaf
    Port:           42069/TCP (http)
    Host Port:      0/TCP (http)
    State:          Running
      Started:      Mon, 27 Apr 2026 09:53:20 +0200
    Ready:          True
    Restart Count:  0
    Limits:
      cpu:     1500m
      memory:  1536Mi
    Requests:
      cpu:      200m
      memory:   256Mi
    Liveness:   http-get http://:42069/healthz delay=60s timeout=1s period=30s #success=1 #failure=3
    Readiness:  http-get http://:42069/healthz/ready delay=5s timeout=1s period=10s #success=1 #failure=3
    Startup:    http-get http://:42069/healthz delay=0s timeout=1s period=5s #success=1 #failure=30
    Environment:
      ASPNETCORE_ENVIRONMENT:                   Production
      ASPNETCORE_URLS:                          http://+:42069
      DOTNET_USE_POLLING_FILE_WATCHER:          true
      Hermod__Security__AuthBypass:             true
      Hermod__Security__VaultRequireHttps:      false
      Hermod__Features__MetricsEndpoint:        true
      Hermod__Dev__Endpoints:                   true
      Hermod__Mqtt__Host:                       nanomq
      Hermod__Mqtt__Port:                       1883
      Hermod__Mqtt__UseTls:                     false
      Hermod__Mqtt__Tls__UseTls:                false
      Hermod__Mqtt__Username:                   <set to the key 'mqtt-username' in secret 'hermod-secrets'>  Optional: false
      Hermod__Mqtt__Password:                   <set to the key 'mqtt-password' in secret 'hermod-secrets'>  Optional: false
      Hermod__Database__ConnectionString:       Host=postgres;Port=5432;Database=hermod;Username=hermod_app
      Hermod__Database__Password:               <set to the key 'hermod-db-password' in secret 'hermod-db-credentials'>  Optional: false
      Hermod__Features__DeviceStateTracking:    true
      Hermod__Engine__LogBatchSize:             100
      Hermod__Engine__LogBatching:              true
      Hermod__Engine__Parallelism:              0
      Hermod__Features__MessagePersistence:     true
      Hermod__Features__RuleAuditLog:           true
      Hermod__Features__RuleCache:              true
      Hermod__Features__StatsRollup:            true
      Hermod__Storage__Mode:                    Postgres
      Logging__LogLevel__Hermod:                Information
      Logging__LogLevel__Microsoft.AspNetCore:  Warning
    Mounts:
      /var/run/secrets/kubernetes.io/serviceaccount from kube-api-access-jx7xr (ro)
Conditions:
  Type                        Status
  PodReadyToStartContainers   True 
  Initialized                 True 
  Ready                       True 
  ContainersReady             True 
  PodScheduled                True 
Volumes:
  kube-api-access-jx7xr:
    Type:                    Projected (a volume that contains injected data from multiple sources)
    TokenExpirationSeconds:  3607
    ConfigMapName:           kube-root-ca.crt
    Optional:                false
    DownwardAPI:             true
QoS Class:                   Burstable
Node-Selectors:              <none>
Tolerations:                 node.kubernetes.io/not-ready:NoExecute op=Exists for 300s
                             node.kubernetes.io/unreachable:NoExecute op=Exists for 300s
Events:
  Type    Reason     Age   From               Message
  ----    ------     ----  ----               -------
  Normal  Scheduled  2m2s  default-scheduler  Successfully assigned translator-zigbee/hermod-coordinator-7d7b88cc46-hnhsd to <pi-host>
  Normal  Pulled     2m2s  kubelet            spec.initContainers{wait-for-postgres}: Container image "busybox:1.36" already present on machine
  Normal  Created    2m2s  kubelet            spec.initContainers{wait-for-postgres}: Created container: wait-for-postgres
  Normal  Started    2m2s  kubelet            spec.initContainers{wait-for-postgres}: Started container wait-for-postgres
  Normal  Pulled     2m1s  kubelet            spec.initContainers{wait-for-nanomq}: Container image "busybox:1.36" already present on machine
  Normal  Created    2m1s  kubelet            spec.initContainers{wait-for-nanomq}: Created container: wait-for-nanomq
  Normal  Started    2m1s  kubelet            spec.initContainers{wait-for-nanomq}: Started container wait-for-nanomq
  Normal  Pulled     2m    kubelet            spec.containers{hermod-coordinator}: Container image "hermod-coordinator:latest" already present on machine
  Normal  Created    2m    kubelet            spec.containers{hermod-coordinator}: Created container: hermod-coordinator
  Normal  Started    2m    kubelet            spec.containers{hermod-coordinator}: Started container hermod-coordinator


Name:             nanomq-756fd88db6-7k858
Namespace:        translator-zigbee
Priority:         0
Service Account:  default
Node:             <pi-host>/<pi-ip>
Start Time:       Mon, 27 Apr 2026 09:52:52 +0200
Labels:           app=nanomq
                  pod-template-hash=756fd88db6
Annotations:      cni.projectcalico.org/containerID: f68917fdb6d5fd3ef7b3460dc9ac51bf0b1a84031e3fb47f6c871b391cca24dd
                  cni.projectcalico.org/podIP: <pod-ip>/32
                  cni.projectcalico.org/podIPs: <pod-ip>/32
Status:           Running
IP:               <pod-ip>
IPs:
  IP:           <pod-ip>
Controlled By:  ReplicaSet/nanomq-756fd88db6
Containers:
  nanomq:
    Container ID:   containerd://480eeb895e24a6a50602e6f2f95d3b5b3cfced0cad9a460bca746b8b3fd2bc0d
    Image:          emqx/nanomq:0.21-slim
    Image ID:       docker.io/emqx/nanomq@sha256:53bea7acb547aced1cc45e08c514628f1e41c4da9ad544fd8c5fa96d3e9eb41b
    Ports:          1883/TCP (mqtt), 8081/TCP (http)
    Host Ports:     0/TCP (mqtt), 0/TCP (http)
    State:          Running
      Started:      Mon, 27 Apr 2026 09:52:53 +0200
    Ready:          True
    Restart Count:  0
    Limits:
      cpu:     1
      memory:  512Mi
    Requests:
      cpu:        50m
      memory:     64Mi
    Readiness:    tcp-socket :1883 delay=3s timeout=1s period=5s #success=1 #failure=3
    Environment:  <none>
    Mounts:
      /etc/nanomq.conf from config (rw,path="nanomq.conf")
      /var/run/secrets/kubernetes.io/serviceaccount from kube-api-access-tcmf7 (ro)
Conditions:
  Type                        Status
  PodReadyToStartContainers   True 
  Initialized                 True 
  Ready                       True 
  ContainersReady             True 
  PodScheduled                True 
Volumes:
  config:
    Type:      ConfigMap (a volume populated by a ConfigMap)
    Name:      nanomq-config
    Optional:  false
  kube-api-access-tcmf7:
    Type:                    Projected (a volume that contains injected data from multiple sources)
    TokenExpirationSeconds:  3607
    ConfigMapName:           kube-root-ca.crt
    Optional:                false
    DownwardAPI:             true
QoS Class:                   Burstable
Node-Selectors:              <none>
Tolerations:                 node.kubernetes.io/not-ready:NoExecute op=Exists for 300s
                             node.kubernetes.io/unreachable:NoExecute op=Exists for 300s
Events:
  Type    Reason     Age    From               Message
  ----    ------     ----   ----               -------
  Normal  Scheduled  2m27s  default-scheduler  Successfully assigned translator-zigbee/nanomq-756fd88db6-7k858 to <pi-host>
  Normal  Pulled     2m27s  kubelet            spec.containers{nanomq}: Container image "emqx/nanomq:0.21-slim" already present on machine
  Normal  Created    2m27s  kubelet            spec.containers{nanomq}: Created container: nanomq
  Normal  Started    2m27s  kubelet            spec.containers{nanomq}: Started container nanomq


Name:             postgres-0
Namespace:        translator-zigbee
Priority:         0
Service Account:  default
Node:             <pi-host>/<pi-ip>
Start Time:       Mon, 27 Apr 2026 09:52:58 +0200
Labels:           app=postgres
                  apps.kubernetes.io/pod-index=0
                  controller-revision-hash=postgres-848ccb988d
                  statefulset.kubernetes.io/pod-name=postgres-0
Annotations:      cni.projectcalico.org/containerID: 006d092a18672fa9e728a5b435a4d67a77871b40812ee6c28f8ffab3c1cf181d
                  cni.projectcalico.org/podIP: <pod-ip>/32
                  cni.projectcalico.org/podIPs: <pod-ip>/32
Status:           Running
IP:               <pod-ip>
IPs:
  IP:           <pod-ip>
Controlled By:  StatefulSet/postgres
Containers:
  postgres:
    Container ID:   containerd://f76b36dbb6ed02991c69860f3495b292fe266300a98a8c52d4d1fd1711a4d864
    Image:          postgres:17-alpine
    Image ID:       docker.io/library/postgres@sha256:778d0b486d6daa02b77434d0358ec57a1b21fd8b6d22ac2eef56a33e816928f6
    Port:           5432/TCP
    Host Port:      0/TCP
    State:          Running
      Started:      Mon, 27 Apr 2026 09:52:59 +0200
    Ready:          True
    Restart Count:  0
    Limits:
      cpu:     1500m
      memory:  1536Mi
    Requests:
      cpu:      100m
      memory:   256Mi
    Readiness:  exec [pg_isready -U postgres] delay=5s timeout=1s period=5s #success=1 #failure=3
    Environment:
      POSTGRES_DB:        postgres
      POSTGRES_USER:      postgres
      POSTGRES_PASSWORD:  <set to the key 'postgres-superuser-password' in secret 'hermod-secrets'>  Optional: false
    Mounts:
      /docker-entrypoint-initdb.d from init (rw)
      /var/lib/postgresql/data from data (rw)
      /var/run/secrets/kubernetes.io/serviceaccount from kube-api-access-s775r (ro)
Conditions:
  Type                        Status
  PodReadyToStartContainers   True 
  Initialized                 True 
  Ready                       True 
  ContainersReady             True 
  PodScheduled                True 
Volumes:
  data:
    Type:       PersistentVolumeClaim (a reference to a PersistentVolumeClaim in the same namespace)
    ClaimName:  data-postgres-0
    ReadOnly:   false
  init:
    Type:      ConfigMap (a volume populated by a ConfigMap)
    Name:      postgres-init
    Optional:  false
  kube-api-access-s775r:
    Type:                    Projected (a volume that contains injected data from multiple sources)
    TokenExpirationSeconds:  3607
    ConfigMapName:           kube-root-ca.crt
    Optional:                false
    DownwardAPI:             true
QoS Class:                   Burstable
Node-Selectors:              <none>
Tolerations:                 node.kubernetes.io/not-ready:NoExecute op=Exists for 300s
                             node.kubernetes.io/unreachable:NoExecute op=Exists for 300s
Events:
  Type    Reason     Age    From               Message
  ----    ------     ----   ----               -------
  Normal  Scheduled  2m21s  default-scheduler  Successfully assigned translator-zigbee/postgres-0 to <pi-host>
  Normal  Pulled     2m21s  kubelet            spec.containers{postgres}: Container image "postgres:17-alpine" already present on machine
  Normal  Created    2m21s  kubelet            spec.containers{postgres}: Created container: postgres
  Normal  Started    2m21s  kubelet            spec.containers{postgres}: Started container postgres


Name:             zigbee2mqtt-6b85d5787-hfqp6
Namespace:        translator-zigbee
Priority:         0
Service Account:  default
Node:             <pi-host>/<pi-ip>
Start Time:       Mon, 27 Apr 2026 09:52:52 +0200
Labels:           app=zigbee2mqtt
                  pod-template-hash=6b85d5787
Annotations:      cni.projectcalico.org/containerID: 945e0fd22ec1a56b36a59771ef689cb52560ac9f3b725176dbd634431be110bd
                  cni.projectcalico.org/podIP: <pod-ip>/32
                  cni.projectcalico.org/podIPs: <pod-ip>/32
Status:           Running
IP:               <pod-ip>
IPs:
  IP:           <pod-ip>
Controlled By:  ReplicaSet/zigbee2mqtt-6b85d5787
Init Containers:
  seed-config:
    Container ID:  containerd://425d2c3d7f1796a5c23ff1c62a02f58918b092cd754eebb5e227552df216432b
    Image:         busybox:latest
    Image ID:      docker.io/library/busybox@sha256:1487d0af5f52b4ba31c7e465126ee2123fe3f2305d638e7827681e7cf6c83d5e
    Port:          <none>
    Host Port:     <none>
    Command:
      sh
      -c
      cp /tmp/cm/configuration.yaml /app/data/configuration.yaml && chmod 0644 /app/data/configuration.yaml
    State:          Terminated
      Reason:       Completed
      Exit Code:    0
      Started:      Mon, 27 Apr 2026 09:52:54 +0200
      Finished:     Mon, 27 Apr 2026 09:52:54 +0200
    Ready:          True
    Restart Count:  0
    Environment:    <none>
    Mounts:
      /app/data from data (rw)
      /tmp/cm from config-cm (rw)
      /var/run/secrets/kubernetes.io/serviceaccount from kube-api-access-4xq2n (ro)
Containers:
  zigbee2mqtt:
    Container ID:   containerd://fc5ad13fc4216bfb9aec82f1144fc8c5734bc87c8c93b7e995b228c3a637a4ba
    Image:          koenkk/zigbee2mqtt:latest
    Image ID:       docker.io/koenkk/zigbee2mqtt@sha256:2a21bbf7a664a149024bbe1f776e3151f28ed9db15948270dcbffb89544a41f0
    Port:           8080/TCP (http)
    Host Port:      0/TCP (http)
    State:          Running
      Started:      Mon, 27 Apr 2026 09:52:55 +0200
    Ready:          True
    Restart Count:  0
    Limits:
      cpu:     1
      memory:  512Mi
    Requests:
      cpu:     100m
      memory:  128Mi
    Environment:
      TZ:                                Europe/Bratislava
      ZIGBEE2MQTT_CONFIG_MQTT_USER:      <set to the key 'mqtt-username' in secret 'hermod-secrets'>  Optional: false
      ZIGBEE2MQTT_CONFIG_MQTT_PASSWORD:  <set to the key 'mqtt-password' in secret 'hermod-secrets'>  Optional: false
    Mounts:
      /app/data from data (rw)
      /dev/ttyUSB0 from zigbee-device (rw)
      /var/run/secrets/kubernetes.io/serviceaccount from kube-api-access-4xq2n (ro)
Conditions:
  Type                        Status
  PodReadyToStartContainers   True 
  Initialized                 True 
  Ready                       True 
  ContainersReady             True 
  PodScheduled                True 
Volumes:
  data:
    Type:       EmptyDir (a temporary directory that shares a pod's lifetime)
    Medium:     
    SizeLimit:  <unset>
  config-cm:
    Type:      ConfigMap (a volume populated by a ConfigMap)
    Name:      zigbee2mqtt-config
    Optional:  false
  zigbee-device:
    Type:          HostPath (bare host directory volume)
    Path:          /dev/ttyUSB0
    HostPathType:  CharDevice
  kube-api-access-4xq2n:
    Type:                    Projected (a volume that contains injected data from multiple sources)
    TokenExpirationSeconds:  3607
    ConfigMapName:           kube-root-ca.crt
    Optional:                false
    DownwardAPI:             true
QoS Class:                   Burstable
Node-Selectors:              hermod.io/zigbee=true
Tolerations:                 node.kubernetes.io/not-ready:NoExecute op=Exists for 300s
                             node.kubernetes.io/unreachable:NoExecute op=Exists for 300s
Events:
  Type    Reason     Age    From               Message
  ----    ------     ----   ----               -------
  Normal  Scheduled  2m27s  default-scheduler  Successfully assigned translator-zigbee/zigbee2mqtt-6b85d5787-hfqp6 to <pi-host>
  Normal  Pulled     2m27s  kubelet            spec.initContainers{seed-config}: Container image "busybox:latest" already present on machine
  Normal  Created    2m27s  kubelet            spec.initContainers{seed-config}: Created container: seed-config
  Normal  Started    2m26s  kubelet            spec.initContainers{seed-config}: Started container seed-config
  Normal  Pulled     2m26s  kubelet            spec.containers{zigbee2mqtt}: Container image "koenkk/zigbee2mqtt:latest" already present on machine
  Normal  Created    2m25s  kubelet            spec.containers{zigbee2mqtt}: Created container: zigbee2mqtt
  Normal  Started    2m25s  kubelet            spec.containers{zigbee2mqtt}: Started container zigbee2mqtt

=== ts=1777276526 ===
Name:             hermod-coordinator-7d7b88cc46-hnhsd
Namespace:        translator-zigbee
Priority:         0
Service Account:  default
Node:             <pi-host>/<pi-ip>
Start Time:       Mon, 27 Apr 2026 09:53:17 +0200
Labels:           app=hermod-coordinator
                  pod-template-hash=7d7b88cc46
Annotations:      cni.projectcalico.org/containerID: 29dd33c590284941ac26f11ce89e47701bca669c6fa6a39dfb3a42148d14863c
                  cni.projectcalico.org/podIP: <pod-ip>/32
                  cni.projectcalico.org/podIPs: <pod-ip>/32
Status:           Running
IP:               <pod-ip>
IPs:
  IP:           <pod-ip>
Controlled By:  ReplicaSet/hermod-coordinator-7d7b88cc46
Init Containers:
  wait-for-postgres:
    Container ID:  containerd://b735ec22ca4fc4068c9ce71d1813ee4b5d3068bca9fbb01e233f111cba80d489
    Image:         busybox:1.36
    Image ID:      docker.io/library/busybox@sha256:73aaf090f3d85aa34ee199857f03fa3a95c8ede2ffd4cc2cdb5b94e566b11662
    Port:          <none>
    Host Port:     <none>
    Command:
      sh
      -c
      until nc -z postgres 5432; do sleep 2; done
    State:          Terminated
      Reason:       Completed
      Exit Code:    0
      Started:      Mon, 27 Apr 2026 09:53:18 +0200
      Finished:     Mon, 27 Apr 2026 09:53:18 +0200
    Ready:          True
    Restart Count:  0
    Environment:
      Hermod__Features__DeviceStateTracking:    true
      Hermod__Engine__LogBatchSize:             100
      Hermod__Engine__LogBatching:              true
      Hermod__Engine__Parallelism:              0
      Hermod__Features__MessagePersistence:     true
      Hermod__Features__RuleAuditLog:           true
      Hermod__Features__RuleCache:              true
      Hermod__Features__StatsRollup:            true
      Hermod__Storage__Mode:                    Postgres
      Logging__LogLevel__Hermod:                Information
      Logging__LogLevel__Microsoft.AspNetCore:  Warning
    Mounts:
      /var/run/secrets/kubernetes.io/serviceaccount from kube-api-access-jx7xr (ro)
  wait-for-nanomq:
    Container ID:  containerd://16133d1264b40b8023c68fae5d2c08f3c8ddf43ec02d29421d460893aab9db46
    Image:         busybox:1.36
    Image ID:      docker.io/library/busybox@sha256:73aaf090f3d85aa34ee199857f03fa3a95c8ede2ffd4cc2cdb5b94e566b11662
    Port:          <none>
    Host Port:     <none>
    Command:
      sh
      -c
      until nc -z nanomq 1883; do sleep 2; done
    State:          Terminated
      Reason:       Completed
      Exit Code:    0
      Started:      Mon, 27 Apr 2026 09:53:19 +0200
      Finished:     Mon, 27 Apr 2026 09:53:19 +0200
    Ready:          True
    Restart Count:  0
    Environment:
      Hermod__Features__DeviceStateTracking:    true
      Hermod__Engine__LogBatchSize:             100
      Hermod__Engine__LogBatching:              true
      Hermod__Engine__Parallelism:              0
      Hermod__Features__MessagePersistence:     true
      Hermod__Features__RuleAuditLog:           true
      Hermod__Features__RuleCache:              true
      Hermod__Features__StatsRollup:            true
      Hermod__Storage__Mode:                    Postgres
      Logging__LogLevel__Hermod:                Information
      Logging__LogLevel__Microsoft.AspNetCore:  Warning
    Mounts:
      /var/run/secrets/kubernetes.io/serviceaccount from kube-api-access-jx7xr (ro)
Containers:
  hermod-coordinator:
    Container ID:   containerd://8bc8e597bde7e2e74a647eb24d90960d221d7add66230cddeca440fb6b8cbad2
    Image:          hermod-coordinator:latest
    Image ID:       sha256:ca91ccdfcd269dd5e4e25d5ffe8d863ca5db57e5c4f62f08c8adf90d23c15eaf
    Port:           42069/TCP (http)
    Host Port:      0/TCP (http)
    State:          Running
      Started:      Mon, 27 Apr 2026 09:53:20 +0200
    Ready:          True
    Restart Count:  0
    Limits:
      cpu:     1500m
      memory:  1536Mi
    Requests:
      cpu:      200m
      memory:   256Mi
    Liveness:   http-get http://:42069/healthz delay=60s timeout=1s period=30s #success=1 #failure=3
    Readiness:  http-get http://:42069/healthz/ready delay=5s timeout=1s period=10s #success=1 #failure=3
    Startup:    http-get http://:42069/healthz delay=0s timeout=1s period=5s #success=1 #failure=30
    Environment:
      ASPNETCORE_ENVIRONMENT:                   Production
      ASPNETCORE_URLS:                          http://+:42069
      DOTNET_USE_POLLING_FILE_WATCHER:          true
      Hermod__Security__AuthBypass:             true
      Hermod__Security__VaultRequireHttps:      false
      Hermod__Features__MetricsEndpoint:        true
      Hermod__Dev__Endpoints:                   true
      Hermod__Mqtt__Host:                       nanomq
      Hermod__Mqtt__Port:                       1883
      Hermod__Mqtt__UseTls:                     false
      Hermod__Mqtt__Tls__UseTls:                false
      Hermod__Mqtt__Username:                   <set to the key 'mqtt-username' in secret 'hermod-secrets'>  Optional: false
      Hermod__Mqtt__Password:                   <set to the key 'mqtt-password' in secret 'hermod-secrets'>  Optional: false
      Hermod__Database__ConnectionString:       Host=postgres;Port=5432;Database=hermod;Username=hermod_app
      Hermod__Database__Password:               <set to the key 'hermod-db-password' in secret 'hermod-db-credentials'>  Optional: false
      Hermod__Features__DeviceStateTracking:    true
      Hermod__Engine__LogBatchSize:             100
      Hermod__Engine__LogBatching:              true
      Hermod__Engine__Parallelism:              0
      Hermod__Features__MessagePersistence:     true
      Hermod__Features__RuleAuditLog:           true
      Hermod__Features__RuleCache:              true
      Hermod__Features__StatsRollup:            true
      Hermod__Storage__Mode:                    Postgres
      Logging__LogLevel__Hermod:                Information
      Logging__LogLevel__Microsoft.AspNetCore:  Warning
    Mounts:
      /var/run/secrets/kubernetes.io/serviceaccount from kube-api-access-jx7xr (ro)
Conditions:
  Type                        Status
  PodReadyToStartContainers   True 
  Initialized                 True 
  Ready                       True 
  ContainersReady             True 
  PodScheduled                True 
Volumes:
  kube-api-access-jx7xr:
    Type:                    Projected (a volume that contains injected data from multiple sources)
    TokenExpirationSeconds:  3607
    ConfigMapName:           kube-root-ca.crt
    Optional:                false
    DownwardAPI:             true
QoS Class:                   Burstable
Node-Selectors:              <none>
Tolerations:                 node.kubernetes.io/not-ready:NoExecute op=Exists for 300s
                             node.kubernetes.io/unreachable:NoExecute op=Exists for 300s
Events:
  Type    Reason     Age   From               Message
  ----    ------     ----  ----               -------
  Normal  Scheduled  2m8s  default-scheduler  Successfully assigned translator-zigbee/hermod-coordinator-7d7b88cc46-hnhsd to <pi-host>
  Normal  Pulled     2m8s  kubelet            spec.initContainers{wait-for-postgres}: Container image "busybox:1.36" already present on machine
  Normal  Created    2m8s  kubelet            spec.initContainers{wait-for-postgres}: Created container: wait-for-postgres
  Normal  Started    2m8s  kubelet            spec.initContainers{wait-for-postgres}: Started container wait-for-postgres
  Normal  Pulled     2m7s  kubelet            spec.initContainers{wait-for-nanomq}: Container image "busybox:1.36" already present on machine
  Normal  Created    2m7s  kubelet            spec.initContainers{wait-for-nanomq}: Created container: wait-for-nanomq
  Normal  Started    2m7s  kubelet            spec.initContainers{wait-for-nanomq}: Started container wait-for-nanomq
  Normal  Pulled     2m6s  kubelet            spec.containers{hermod-coordinator}: Container image "hermod-coordinator:latest" already present on machine
  Normal  Created    2m6s  kubelet            spec.containers{hermod-coordinator}: Created container: hermod-coordinator
  Normal  Started    2m6s  kubelet            spec.containers{hermod-coordinator}: Started container hermod-coordinator


Name:             nanomq-756fd88db6-7k858
Namespace:        translator-zigbee
Priority:         0
Service Account:  default
Node:             <pi-host>/<pi-ip>
Start Time:       Mon, 27 Apr 2026 09:52:52 +0200
Labels:           app=nanomq
                  pod-template-hash=756fd88db6
Annotations:      cni.projectcalico.org/containerID: f68917fdb6d5fd3ef7b3460dc9ac51bf0b1a84031e3fb47f6c871b391cca24dd
                  cni.projectcalico.org/podIP: <pod-ip>/32
                  cni.projectcalico.org/podIPs: <pod-ip>/32
Status:           Running
IP:               <pod-ip>
IPs:
  IP:           <pod-ip>
Controlled By:  ReplicaSet/nanomq-756fd88db6
Containers:
  nanomq:
    Container ID:   containerd://480eeb895e24a6a50602e6f2f95d3b5b3cfced0cad9a460bca746b8b3fd2bc0d
    Image:          emqx/nanomq:0.21-slim
    Image ID:       docker.io/emqx/nanomq@sha256:53bea7acb547aced1cc45e08c514628f1e41c4da9ad544fd8c5fa96d3e9eb41b
    Ports:          1883/TCP (mqtt), 8081/TCP (http)
    Host Ports:     0/TCP (mqtt), 0/TCP (http)
    State:          Running
      Started:      Mon, 27 Apr 2026 09:52:53 +0200
    Ready:          True
    Restart Count:  0
    Limits:
      cpu:     1
      memory:  512Mi
    Requests:
      cpu:        50m
      memory:     64Mi
    Readiness:    tcp-socket :1883 delay=3s timeout=1s period=5s #success=1 #failure=3
    Environment:  <none>
    Mounts:
      /etc/nanomq.conf from config (rw,path="nanomq.conf")
      /var/run/secrets/kubernetes.io/serviceaccount from kube-api-access-tcmf7 (ro)
Conditions:
  Type                        Status
  PodReadyToStartContainers   True 
  Initialized                 True 
  Ready                       True 
  ContainersReady             True 
  PodScheduled                True 
Volumes:
  config:
    Type:      ConfigMap (a volume populated by a ConfigMap)
    Name:      nanomq-config
    Optional:  false
  kube-api-access-tcmf7:
    Type:                    Projected (a volume that contains injected data from multiple sources)
    TokenExpirationSeconds:  3607
    ConfigMapName:           kube-root-ca.crt
    Optional:                false
    DownwardAPI:             true
QoS Class:                   Burstable
Node-Selectors:              <none>
Tolerations:                 node.kubernetes.io/not-ready:NoExecute op=Exists for 300s
                             node.kubernetes.io/unreachable:NoExecute op=Exists for 300s
Events:
  Type    Reason     Age    From               Message
  ----    ------     ----   ----               -------
  Normal  Scheduled  2m33s  default-scheduler  Successfully assigned translator-zigbee/nanomq-756fd88db6-7k858 to <pi-host>
  Normal  Pulled     2m33s  kubelet            spec.containers{nanomq}: Container image "emqx/nanomq:0.21-slim" already present on machine
  Normal  Created    2m33s  kubelet            spec.containers{nanomq}: Created container: nanomq
  Normal  Started    2m33s  kubelet            spec.containers{nanomq}: Started container nanomq


Name:             postgres-0
Namespace:        translator-zigbee
Priority:         0
Service Account:  default
Node:             <pi-host>/<pi-ip>
Start Time:       Mon, 27 Apr 2026 09:52:58 +0200
Labels:           app=postgres
                  apps.kubernetes.io/pod-index=0
                  controller-revision-hash=postgres-848ccb988d
                  statefulset.kubernetes.io/pod-name=postgres-0
Annotations:      cni.projectcalico.org/containerID: 006d092a18672fa9e728a5b435a4d67a77871b40812ee6c28f8ffab3c1cf181d
                  cni.projectcalico.org/podIP: <pod-ip>/32
                  cni.projectcalico.org/podIPs: <pod-ip>/32
Status:           Running
IP:               <pod-ip>
IPs:
  IP:           <pod-ip>
Controlled By:  StatefulSet/postgres
Containers:
  postgres:
    Container ID:   containerd://f76b36dbb6ed02991c69860f3495b292fe266300a98a8c52d4d1fd1711a4d864
    Image:          postgres:17-alpine
    Image ID:       docker.io/library/postgres@sha256:778d0b486d6daa02b77434d0358ec57a1b21fd8b6d22ac2eef56a33e816928f6
    Port:           5432/TCP
    Host Port:      0/TCP
    State:          Running
      Started:      Mon, 27 Apr 2026 09:52:59 +0200
    Ready:          True
    Restart Count:  0
    Limits:
      cpu:     1500m
      memory:  1536Mi
    Requests:
      cpu:      100m
      memory:   256Mi
    Readiness:  exec [pg_isready -U postgres] delay=5s timeout=1s period=5s #success=1 #failure=3
    Environment:
      POSTGRES_DB:        postgres
      POSTGRES_USER:      postgres
      POSTGRES_PASSWORD:  <set to the key 'postgres-superuser-password' in secret 'hermod-secrets'>  Optional: false
    Mounts:
      /docker-entrypoint-initdb.d from init (rw)
      /var/lib/postgresql/data from data (rw)
      /var/run/secrets/kubernetes.io/serviceaccount from kube-api-access-s775r (ro)
Conditions:
  Type                        Status
  PodReadyToStartContainers   True 
  Initialized                 True 
  Ready                       True 
  ContainersReady             True 
  PodScheduled                True 
Volumes:
  data:
    Type:       PersistentVolumeClaim (a reference to a PersistentVolumeClaim in the same namespace)
    ClaimName:  data-postgres-0
    ReadOnly:   false
  init:
    Type:      ConfigMap (a volume populated by a ConfigMap)
    Name:      postgres-init
    Optional:  false
  kube-api-access-s775r:
    Type:                    Projected (a volume that contains injected data from multiple sources)
    TokenExpirationSeconds:  3607
    ConfigMapName:           kube-root-ca.crt
    Optional:                false
    DownwardAPI:             true
QoS Class:                   Burstable
Node-Selectors:              <none>
Tolerations:                 node.kubernetes.io/not-ready:NoExecute op=Exists for 300s
                             node.kubernetes.io/unreachable:NoExecute op=Exists for 300s
Events:
  Type    Reason     Age    From               Message
  ----    ------     ----   ----               -------
  Normal  Scheduled  2m27s  default-scheduler  Successfully assigned translator-zigbee/postgres-0 to <pi-host>
  Normal  Pulled     2m27s  kubelet            spec.containers{postgres}: Container image "postgres:17-alpine" already present on machine
  Normal  Created    2m27s  kubelet            spec.containers{postgres}: Created container: postgres
  Normal  Started    2m27s  kubelet            spec.containers{postgres}: Started container postgres


Name:             zigbee2mqtt-6b85d5787-hfqp6
Namespace:        translator-zigbee
Priority:         0
Service Account:  default
Node:             <pi-host>/<pi-ip>
Start Time:       Mon, 27 Apr 2026 09:52:52 +0200
Labels:           app=zigbee2mqtt
                  pod-template-hash=6b85d5787
Annotations:      cni.projectcalico.org/containerID: 945e0fd22ec1a56b36a59771ef689cb52560ac9f3b725176dbd634431be110bd
                  cni.projectcalico.org/podIP: <pod-ip>/32
                  cni.projectcalico.org/podIPs: <pod-ip>/32
Status:           Running
IP:               <pod-ip>
IPs:
  IP:           <pod-ip>
Controlled By:  ReplicaSet/zigbee2mqtt-6b85d5787
Init Containers:
  seed-config:
    Container ID:  containerd://425d2c3d7f1796a5c23ff1c62a02f58918b092cd754eebb5e227552df216432b
    Image:         busybox:latest
    Image ID:      docker.io/library/busybox@sha256:1487d0af5f52b4ba31c7e465126ee2123fe3f2305d638e7827681e7cf6c83d5e
    Port:          <none>
    Host Port:     <none>
    Command:
      sh
      -c
      cp /tmp/cm/configuration.yaml /app/data/configuration.yaml && chmod 0644 /app/data/configuration.yaml
    State:          Terminated
      Reason:       Completed
      Exit Code:    0
      Started:      Mon, 27 Apr 2026 09:52:54 +0200
      Finished:     Mon, 27 Apr 2026 09:52:54 +0200
    Ready:          True
    Restart Count:  0
    Environment:    <none>
    Mounts:
      /app/data from data (rw)
      /tmp/cm from config-cm (rw)
      /var/run/secrets/kubernetes.io/serviceaccount from kube-api-access-4xq2n (ro)
Containers:
  zigbee2mqtt:
    Container ID:   containerd://fc5ad13fc4216bfb9aec82f1144fc8c5734bc87c8c93b7e995b228c3a637a4ba
    Image:          koenkk/zigbee2mqtt:latest
    Image ID:       docker.io/koenkk/zigbee2mqtt@sha256:2a21bbf7a664a149024bbe1f776e3151f28ed9db15948270dcbffb89544a41f0
    Port:           8080/TCP (http)
    Host Port:      0/TCP (http)
    State:          Running
      Started:      Mon, 27 Apr 2026 09:52:55 +0200
    Ready:          True
    Restart Count:  0
    Limits:
      cpu:     1
      memory:  512Mi
    Requests:
      cpu:     100m
      memory:  128Mi
    Environment:
      TZ:                                Europe/Bratislava
      ZIGBEE2MQTT_CONFIG_MQTT_USER:      <set to the key 'mqtt-username' in secret 'hermod-secrets'>  Optional: false
      ZIGBEE2MQTT_CONFIG_MQTT_PASSWORD:  <set to the key 'mqtt-password' in secret 'hermod-secrets'>  Optional: false
    Mounts:
      /app/data from data (rw)
      /dev/ttyUSB0 from zigbee-device (rw)
      /var/run/secrets/kubernetes.io/serviceaccount from kube-api-access-4xq2n (ro)
Conditions:
  Type                        Status
  PodReadyToStartContainers   True 
  Initialized                 True 
  Ready                       True 
  ContainersReady             True 
  PodScheduled                True 
Volumes:
  data:
    Type:       EmptyDir (a temporary directory that shares a pod's lifetime)
    Medium:     
    SizeLimit:  <unset>
  config-cm:
    Type:      ConfigMap (a volume populated by a ConfigMap)
    Name:      zigbee2mqtt-config
    Optional:  false
  zigbee-device:
    Type:          HostPath (bare host directory volume)
    Path:          /dev/ttyUSB0
    HostPathType:  CharDevice
  kube-api-access-4xq2n:
    Type:                    Projected (a volume that contains injected data from multiple sources)
    TokenExpirationSeconds:  3607
    ConfigMapName:           kube-root-ca.crt
    Optional:                false
    DownwardAPI:             true
QoS Class:                   Burstable
Node-Selectors:              hermod.io/zigbee=true
Tolerations:                 node.kubernetes.io/not-ready:NoExecute op=Exists for 300s
                             node.kubernetes.io/unreachable:NoExecute op=Exists for 300s
Events:
  Type    Reason     Age    From               Message
  ----    ------     ----   ----               -------
  Normal  Scheduled  2m33s  default-scheduler  Successfully assigned translator-zigbee/zigbee2mqtt-6b85d5787-hfqp6 to <pi-host>
  Normal  Pulled     2m33s  kubelet            spec.initContainers{seed-config}: Container image "busybox:latest" already present on machine
  Normal  Created    2m33s  kubelet            spec.initContainers{seed-config}: Created container: seed-config
  Normal  Started    2m32s  kubelet            spec.initContainers{seed-config}: Started container seed-config
  Normal  Pulled     2m32s  kubelet            spec.containers{zigbee2mqtt}: Container image "koenkk/zigbee2mqtt:latest" already present on machine
  Normal  Created    2m31s  kubelet            spec.containers{zigbee2mqtt}: Created container: zigbee2mqtt
  Normal  Started    2m31s  kubelet            spec.containers{zigbee2mqtt}: Started container zigbee2mqtt

=== ts=1777276531 ===
Name:             hermod-coordinator-7d7b88cc46-hnhsd
Namespace:        translator-zigbee
Priority:         0
Service Account:  default
Node:             <pi-host>/<pi-ip>
Start Time:       Mon, 27 Apr 2026 09:53:17 +0200
Labels:           app=hermod-coordinator
                  pod-template-hash=7d7b88cc46
Annotations:      cni.projectcalico.org/containerID: 29dd33c590284941ac26f11ce89e47701bca669c6fa6a39dfb3a42148d14863c
                  cni.projectcalico.org/podIP: <pod-ip>/32
                  cni.projectcalico.org/podIPs: <pod-ip>/32
Status:           Running
IP:               <pod-ip>
IPs:
  IP:           <pod-ip>
Controlled By:  ReplicaSet/hermod-coordinator-7d7b88cc46
Init Containers:
  wait-for-postgres:
    Container ID:  containerd://b735ec22ca4fc4068c9ce71d1813ee4b5d3068bca9fbb01e233f111cba80d489
    Image:         busybox:1.36
    Image ID:      docker.io/library/busybox@sha256:73aaf090f3d85aa34ee199857f03fa3a95c8ede2ffd4cc2cdb5b94e566b11662
    Port:          <none>
    Host Port:     <none>
    Command:
      sh
      -c
      until nc -z postgres 5432; do sleep 2; done
    State:          Terminated
      Reason:       Completed
      Exit Code:    0
      Started:      Mon, 27 Apr 2026 09:53:18 +0200
      Finished:     Mon, 27 Apr 2026 09:53:18 +0200
    Ready:          True
    Restart Count:  0
    Environment:
      Hermod__Features__DeviceStateTracking:    true
      Hermod__Engine__LogBatchSize:             100
      Hermod__Engine__LogBatching:              true
      Hermod__Engine__Parallelism:              0
      Hermod__Features__MessagePersistence:     true
      Hermod__Features__RuleAuditLog:           true
      Hermod__Features__RuleCache:              true
      Hermod__Features__StatsRollup:            true
      Hermod__Storage__Mode:                    Postgres
      Logging__LogLevel__Hermod:                Information
      Logging__LogLevel__Microsoft.AspNetCore:  Warning
    Mounts:
      /var/run/secrets/kubernetes.io/serviceaccount from kube-api-access-jx7xr (ro)
  wait-for-nanomq:
    Container ID:  containerd://16133d1264b40b8023c68fae5d2c08f3c8ddf43ec02d29421d460893aab9db46
    Image:         busybox:1.36
    Image ID:      docker.io/library/busybox@sha256:73aaf090f3d85aa34ee199857f03fa3a95c8ede2ffd4cc2cdb5b94e566b11662
    Port:          <none>
    Host Port:     <none>
    Command:
      sh
      -c
      until nc -z nanomq 1883; do sleep 2; done
    State:          Terminated
      Reason:       Completed
      Exit Code:    0
      Started:      Mon, 27 Apr 2026 09:53:19 +0200
      Finished:     Mon, 27 Apr 2026 09:53:19 +0200
    Ready:          True
    Restart Count:  0
    Environment:
      Hermod__Features__DeviceStateTracking:    true
      Hermod__Engine__LogBatchSize:             100
      Hermod__Engine__LogBatching:              true
      Hermod__Engine__Parallelism:              0
      Hermod__Features__MessagePersistence:     true
      Hermod__Features__RuleAuditLog:           true
      Hermod__Features__RuleCache:              true
      Hermod__Features__StatsRollup:            true
      Hermod__Storage__Mode:                    Postgres
      Logging__LogLevel__Hermod:                Information
      Logging__LogLevel__Microsoft.AspNetCore:  Warning
    Mounts:
      /var/run/secrets/kubernetes.io/serviceaccount from kube-api-access-jx7xr (ro)
Containers:
  hermod-coordinator:
    Container ID:   containerd://8bc8e597bde7e2e74a647eb24d90960d221d7add66230cddeca440fb6b8cbad2
    Image:          hermod-coordinator:latest
    Image ID:       sha256:ca91ccdfcd269dd5e4e25d5ffe8d863ca5db57e5c4f62f08c8adf90d23c15eaf
    Port:           42069/TCP (http)
    Host Port:      0/TCP (http)
    State:          Running
      Started:      Mon, 27 Apr 2026 09:53:20 +0200
    Ready:          True
    Restart Count:  0
    Limits:
      cpu:     1500m
      memory:  1536Mi
    Requests:
      cpu:      200m
      memory:   256Mi
    Liveness:   http-get http://:42069/healthz delay=60s timeout=1s period=30s #success=1 #failure=3
    Readiness:  http-get http://:42069/healthz/ready delay=5s timeout=1s period=10s #success=1 #failure=3
    Startup:    http-get http://:42069/healthz delay=0s timeout=1s period=5s #success=1 #failure=30
    Environment:
      ASPNETCORE_ENVIRONMENT:                   Production
      ASPNETCORE_URLS:                          http://+:42069
      DOTNET_USE_POLLING_FILE_WATCHER:          true
      Hermod__Security__AuthBypass:             true
      Hermod__Security__VaultRequireHttps:      false
      Hermod__Features__MetricsEndpoint:        true
      Hermod__Dev__Endpoints:                   true
      Hermod__Mqtt__Host:                       nanomq
      Hermod__Mqtt__Port:                       1883
      Hermod__Mqtt__UseTls:                     false
      Hermod__Mqtt__Tls__UseTls:                false
      Hermod__Mqtt__Username:                   <set to the key 'mqtt-username' in secret 'hermod-secrets'>  Optional: false
      Hermod__Mqtt__Password:                   <set to the key 'mqtt-password' in secret 'hermod-secrets'>  Optional: false
      Hermod__Database__ConnectionString:       Host=postgres;Port=5432;Database=hermod;Username=hermod_app
      Hermod__Database__Password:               <set to the key 'hermod-db-password' in secret 'hermod-db-credentials'>  Optional: false
      Hermod__Features__DeviceStateTracking:    true
      Hermod__Engine__LogBatchSize:             100
      Hermod__Engine__LogBatching:              true
      Hermod__Engine__Parallelism:              0
      Hermod__Features__MessagePersistence:     true
      Hermod__Features__RuleAuditLog:           true
      Hermod__Features__RuleCache:              true
      Hermod__Features__StatsRollup:            true
      Hermod__Storage__Mode:                    Postgres
      Logging__LogLevel__Hermod:                Information
      Logging__LogLevel__Microsoft.AspNetCore:  Warning
    Mounts:
      /var/run/secrets/kubernetes.io/serviceaccount from kube-api-access-jx7xr (ro)
Conditions:
  Type                        Status
  PodReadyToStartContainers   True 
  Initialized                 True 
  Ready                       True 
  ContainersReady             True 
  PodScheduled                True 
Volumes:
  kube-api-access-jx7xr:
    Type:                    Projected (a volume that contains injected data from multiple sources)
    TokenExpirationSeconds:  3607
    ConfigMapName:           kube-root-ca.crt
    Optional:                false
    DownwardAPI:             true
QoS Class:                   Burstable
Node-Selectors:              <none>
Tolerations:                 node.kubernetes.io/not-ready:NoExecute op=Exists for 300s
                             node.kubernetes.io/unreachable:NoExecute op=Exists for 300s
Events:
  Type    Reason     Age    From               Message
  ----    ------     ----   ----               -------
  Normal  Scheduled  2m14s  default-scheduler  Successfully assigned translator-zigbee/hermod-coordinator-7d7b88cc46-hnhsd to <pi-host>
  Normal  Pulled     2m13s  kubelet            spec.initContainers{wait-for-postgres}: Container image "busybox:1.36" already present on machine
  Normal  Created    2m13s  kubelet            spec.initContainers{wait-for-postgres}: Created container: wait-for-postgres
  Normal  Started    2m13s  kubelet            spec.initContainers{wait-for-postgres}: Started container wait-for-postgres
  Normal  Pulled     2m12s  kubelet            spec.initContainers{wait-for-nanomq}: Container image "busybox:1.36" already present on machine
  Normal  Created    2m12s  kubelet            spec.initContainers{wait-for-nanomq}: Created container: wait-for-nanomq
  Normal  Started    2m12s  kubelet            spec.initContainers{wait-for-nanomq}: Started container wait-for-nanomq
  Normal  Pulled     2m11s  kubelet            spec.containers{hermod-coordinator}: Container image "hermod-coordinator:latest" already present on machine
  Normal  Created    2m11s  kubelet            spec.containers{hermod-coordinator}: Created container: hermod-coordinator
  Normal  Started    2m11s  kubelet            spec.containers{hermod-coordinator}: Started container hermod-coordinator


Name:             nanomq-756fd88db6-7k858
Namespace:        translator-zigbee
Priority:         0
Service Account:  default
Node:             <pi-host>/<pi-ip>
Start Time:       Mon, 27 Apr 2026 09:52:52 +0200
Labels:           app=nanomq
                  pod-template-hash=756fd88db6
Annotations:      cni.projectcalico.org/containerID: f68917fdb6d5fd3ef7b3460dc9ac51bf0b1a84031e3fb47f6c871b391cca24dd
                  cni.projectcalico.org/podIP: <pod-ip>/32
                  cni.projectcalico.org/podIPs: <pod-ip>/32
Status:           Running
IP:               <pod-ip>
IPs:
  IP:           <pod-ip>
Controlled By:  ReplicaSet/nanomq-756fd88db6
Containers:
  nanomq:
    Container ID:   containerd://480eeb895e24a6a50602e6f2f95d3b5b3cfced0cad9a460bca746b8b3fd2bc0d
    Image:          emqx/nanomq:0.21-slim
    Image ID:       docker.io/emqx/nanomq@sha256:53bea7acb547aced1cc45e08c514628f1e41c4da9ad544fd8c5fa96d3e9eb41b
    Ports:          1883/TCP (mqtt), 8081/TCP (http)
    Host Ports:     0/TCP (mqtt), 0/TCP (http)
    State:          Running
      Started:      Mon, 27 Apr 2026 09:52:53 +0200
    Ready:          True
    Restart Count:  0
    Limits:
      cpu:     1
      memory:  512Mi
    Requests:
      cpu:        50m
      memory:     64Mi
    Readiness:    tcp-socket :1883 delay=3s timeout=1s period=5s #success=1 #failure=3
    Environment:  <none>
    Mounts:
      /etc/nanomq.conf from config (rw,path="nanomq.conf")
      /var/run/secrets/kubernetes.io/serviceaccount from kube-api-access-tcmf7 (ro)
Conditions:
  Type                        Status
  PodReadyToStartContainers   True 
  Initialized                 True 
  Ready                       True 
  ContainersReady             True 
  PodScheduled                True 
Volumes:
  config:
    Type:      ConfigMap (a volume populated by a ConfigMap)
    Name:      nanomq-config
    Optional:  false
  kube-api-access-tcmf7:
    Type:                    Projected (a volume that contains injected data from multiple sources)
    TokenExpirationSeconds:  3607
    ConfigMapName:           kube-root-ca.crt
    Optional:                false
    DownwardAPI:             true
QoS Class:                   Burstable
Node-Selectors:              <none>
Tolerations:                 node.kubernetes.io/not-ready:NoExecute op=Exists for 300s
                             node.kubernetes.io/unreachable:NoExecute op=Exists for 300s
Events:
  Type    Reason     Age    From               Message
  ----    ------     ----   ----               -------
  Normal  Scheduled  2m39s  default-scheduler  Successfully assigned translator-zigbee/nanomq-756fd88db6-7k858 to <pi-host>
  Normal  Pulled     2m38s  kubelet            spec.containers{nanomq}: Container image "emqx/nanomq:0.21-slim" already present on machine
  Normal  Created    2m38s  kubelet            spec.containers{nanomq}: Created container: nanomq
  Normal  Started    2m38s  kubelet            spec.containers{nanomq}: Started container nanomq


Name:             postgres-0
Namespace:        translator-zigbee
Priority:         0
Service Account:  default
Node:             <pi-host>/<pi-ip>
Start Time:       Mon, 27 Apr 2026 09:52:58 +0200
Labels:           app=postgres
                  apps.kubernetes.io/pod-index=0
                  controller-revision-hash=postgres-848ccb988d
                  statefulset.kubernetes.io/pod-name=postgres-0
Annotations:      cni.projectcalico.org/containerID: 006d092a18672fa9e728a5b435a4d67a77871b40812ee6c28f8ffab3c1cf181d
                  cni.projectcalico.org/podIP: <pod-ip>/32
                  cni.projectcalico.org/podIPs: <pod-ip>/32
Status:           Running
IP:               <pod-ip>
IPs:
  IP:           <pod-ip>
Controlled By:  StatefulSet/postgres
Containers:
  postgres:
    Container ID:   containerd://f76b36dbb6ed02991c69860f3495b292fe266300a98a8c52d4d1fd1711a4d864
    Image:          postgres:17-alpine
    Image ID:       docker.io/library/postgres@sha256:778d0b486d6daa02b77434d0358ec57a1b21fd8b6d22ac2eef56a33e816928f6
    Port:           5432/TCP
    Host Port:      0/TCP
    State:          Running
      Started:      Mon, 27 Apr 2026 09:52:59 +0200
    Ready:          True
    Restart Count:  0
    Limits:
      cpu:     1500m
      memory:  1536Mi
    Requests:
      cpu:      100m
      memory:   256Mi
    Readiness:  exec [pg_isready -U postgres] delay=5s timeout=1s period=5s #success=1 #failure=3
    Environment:
      POSTGRES_DB:        postgres
      POSTGRES_USER:      postgres
      POSTGRES_PASSWORD:  <set to the key 'postgres-superuser-password' in secret 'hermod-secrets'>  Optional: false
    Mounts:
      /docker-entrypoint-initdb.d from init (rw)
      /var/lib/postgresql/data from data (rw)
      /var/run/secrets/kubernetes.io/serviceaccount from kube-api-access-s775r (ro)
Conditions:
  Type                        Status
  PodReadyToStartContainers   True 
  Initialized                 True 
  Ready                       True 
  ContainersReady             True 
  PodScheduled                True 
Volumes:
  data:
    Type:       PersistentVolumeClaim (a reference to a PersistentVolumeClaim in the same namespace)
    ClaimName:  data-postgres-0
    ReadOnly:   false
  init:
    Type:      ConfigMap (a volume populated by a ConfigMap)
    Name:      postgres-init
    Optional:  false
  kube-api-access-s775r:
    Type:                    Projected (a volume that contains injected data from multiple sources)
    TokenExpirationSeconds:  3607
    ConfigMapName:           kube-root-ca.crt
    Optional:                false
    DownwardAPI:             true
QoS Class:                   Burstable
Node-Selectors:              <none>
Tolerations:                 node.kubernetes.io/not-ready:NoExecute op=Exists for 300s
                             node.kubernetes.io/unreachable:NoExecute op=Exists for 300s
Events:
  Type    Reason     Age    From               Message
  ----    ------     ----   ----               -------
  Normal  Scheduled  2m33s  default-scheduler  Successfully assigned translator-zigbee/postgres-0 to <pi-host>
  Normal  Pulled     2m32s  kubelet            spec.containers{postgres}: Container image "postgres:17-alpine" already present on machine
  Normal  Created    2m32s  kubelet            spec.containers{postgres}: Created container: postgres
  Normal  Started    2m32s  kubelet            spec.containers{postgres}: Started container postgres


Name:             zigbee2mqtt-6b85d5787-hfqp6
Namespace:        translator-zigbee
Priority:         0
Service Account:  default
Node:             <pi-host>/<pi-ip>
Start Time:       Mon, 27 Apr 2026 09:52:52 +0200
Labels:           app=zigbee2mqtt
                  pod-template-hash=6b85d5787
Annotations:      cni.projectcalico.org/containerID: 945e0fd22ec1a56b36a59771ef689cb52560ac9f3b725176dbd634431be110bd
                  cni.projectcalico.org/podIP: <pod-ip>/32
                  cni.projectcalico.org/podIPs: <pod-ip>/32
Status:           Running
IP:               <pod-ip>
IPs:
  IP:           <pod-ip>
Controlled By:  ReplicaSet/zigbee2mqtt-6b85d5787
Init Containers:
  seed-config:
    Container ID:  containerd://425d2c3d7f1796a5c23ff1c62a02f58918b092cd754eebb5e227552df216432b
    Image:         busybox:latest
    Image ID:      docker.io/library/busybox@sha256:1487d0af5f52b4ba31c7e465126ee2123fe3f2305d638e7827681e7cf6c83d5e
    Port:          <none>
    Host Port:     <none>
    Command:
      sh
      -c
      cp /tmp/cm/configuration.yaml /app/data/configuration.yaml && chmod 0644 /app/data/configuration.yaml
    State:          Terminated
      Reason:       Completed
      Exit Code:    0
      Started:      Mon, 27 Apr 2026 09:52:54 +0200
      Finished:     Mon, 27 Apr 2026 09:52:54 +0200
    Ready:          True
    Restart Count:  0
    Environment:    <none>
    Mounts:
      /app/data from data (rw)
      /tmp/cm from config-cm (rw)
      /var/run/secrets/kubernetes.io/serviceaccount from kube-api-access-4xq2n (ro)
Containers:
  zigbee2mqtt:
    Container ID:   containerd://fc5ad13fc4216bfb9aec82f1144fc8c5734bc87c8c93b7e995b228c3a637a4ba
    Image:          koenkk/zigbee2mqtt:latest
    Image ID:       docker.io/koenkk/zigbee2mqtt@sha256:2a21bbf7a664a149024bbe1f776e3151f28ed9db15948270dcbffb89544a41f0
    Port:           8080/TCP (http)
    Host Port:      0/TCP (http)
    State:          Running
      Started:      Mon, 27 Apr 2026 09:52:55 +0200
    Ready:          True
    Restart Count:  0
    Limits:
      cpu:     1
      memory:  512Mi
    Requests:
      cpu:     100m
      memory:  128Mi
    Environment:
      TZ:                                Europe/Bratislava
      ZIGBEE2MQTT_CONFIG_MQTT_USER:      <set to the key 'mqtt-username' in secret 'hermod-secrets'>  Optional: false
      ZIGBEE2MQTT_CONFIG_MQTT_PASSWORD:  <set to the key 'mqtt-password' in secret 'hermod-secrets'>  Optional: false
    Mounts:
      /app/data from data (rw)
      /dev/ttyUSB0 from zigbee-device (rw)
      /var/run/secrets/kubernetes.io/serviceaccount from kube-api-access-4xq2n (ro)
Conditions:
  Type                        Status
  PodReadyToStartContainers   True 
  Initialized                 True 
  Ready                       True 
  ContainersReady             True 
  PodScheduled                True 
Volumes:
  data:
    Type:       EmptyDir (a temporary directory that shares a pod's lifetime)
    Medium:     
    SizeLimit:  <unset>
  config-cm:
    Type:      ConfigMap (a volume populated by a ConfigMap)
    Name:      zigbee2mqtt-config
    Optional:  false
  zigbee-device:
    Type:          HostPath (bare host directory volume)
    Path:          /dev/ttyUSB0
    HostPathType:  CharDevice
  kube-api-access-4xq2n:
    Type:                    Projected (a volume that contains injected data from multiple sources)
    TokenExpirationSeconds:  3607
    ConfigMapName:           kube-root-ca.crt
    Optional:                false
    DownwardAPI:             true
QoS Class:                   Burstable
Node-Selectors:              hermod.io/zigbee=true
Tolerations:                 node.kubernetes.io/not-ready:NoExecute op=Exists for 300s
                             node.kubernetes.io/unreachable:NoExecute op=Exists for 300s
Events:
  Type    Reason     Age    From               Message
  ----    ------     ----   ----               -------
  Normal  Scheduled  2m38s  default-scheduler  Successfully assigned translator-zigbee/zigbee2mqtt-6b85d5787-hfqp6 to <pi-host>
  Normal  Pulled     2m38s  kubelet            spec.initContainers{seed-config}: Container image "busybox:latest" already present on machine
  Normal  Created    2m38s  kubelet            spec.initContainers{seed-config}: Created container: seed-config
  Normal  Started    2m37s  kubelet            spec.initContainers{seed-config}: Started container seed-config
  Normal  Pulled     2m37s  kubelet            spec.containers{zigbee2mqtt}: Container image "koenkk/zigbee2mqtt:latest" already present on machine
  Normal  Created    2m36s  kubelet            spec.containers{zigbee2mqtt}: Created container: zigbee2mqtt
  Normal  Started    2m36s  kubelet            spec.containers{zigbee2mqtt}: Started container zigbee2mqtt

=== ts=1777276537 ===
Name:             hermod-coordinator-7d7b88cc46-hnhsd
Namespace:        translator-zigbee
Priority:         0
Service Account:  default
Node:             <pi-host>/<pi-ip>
Start Time:       Mon, 27 Apr 2026 09:53:17 +0200
Labels:           app=hermod-coordinator
                  pod-template-hash=7d7b88cc46
Annotations:      cni.projectcalico.org/containerID: 29dd33c590284941ac26f11ce89e47701bca669c6fa6a39dfb3a42148d14863c
                  cni.projectcalico.org/podIP: <pod-ip>/32
                  cni.projectcalico.org/podIPs: <pod-ip>/32
Status:           Running
IP:               <pod-ip>
IPs:
  IP:           <pod-ip>
Controlled By:  ReplicaSet/hermod-coordinator-7d7b88cc46
Init Containers:
  wait-for-postgres:
    Container ID:  containerd://b735ec22ca4fc4068c9ce71d1813ee4b5d3068bca9fbb01e233f111cba80d489
    Image:         busybox:1.36
    Image ID:      docker.io/library/busybox@sha256:73aaf090f3d85aa34ee199857f03fa3a95c8ede2ffd4cc2cdb5b94e566b11662
    Port:          <none>
    Host Port:     <none>
    Command:
      sh
      -c
      until nc -z postgres 5432; do sleep 2; done
    State:          Terminated
      Reason:       Completed
      Exit Code:    0
      Started:      Mon, 27 Apr 2026 09:53:18 +0200
      Finished:     Mon, 27 Apr 2026 09:53:18 +0200
    Ready:          True
    Restart Count:  0
    Environment:
      Hermod__Features__DeviceStateTracking:    true
      Hermod__Engine__LogBatchSize:             100
      Hermod__Engine__LogBatching:              true
      Hermod__Engine__Parallelism:              0
      Hermod__Features__MessagePersistence:     true
      Hermod__Features__RuleAuditLog:           true
      Hermod__Features__RuleCache:              true
      Hermod__Features__StatsRollup:            true
      Hermod__Storage__Mode:                    Postgres
      Logging__LogLevel__Hermod:                Information
      Logging__LogLevel__Microsoft.AspNetCore:  Warning
    Mounts:
      /var/run/secrets/kubernetes.io/serviceaccount from kube-api-access-jx7xr (ro)
  wait-for-nanomq:
    Container ID:  containerd://16133d1264b40b8023c68fae5d2c08f3c8ddf43ec02d29421d460893aab9db46
    Image:         busybox:1.36
    Image ID:      docker.io/library/busybox@sha256:73aaf090f3d85aa34ee199857f03fa3a95c8ede2ffd4cc2cdb5b94e566b11662
    Port:          <none>
    Host Port:     <none>
    Command:
      sh
      -c
      until nc -z nanomq 1883; do sleep 2; done
    State:          Terminated
      Reason:       Completed
      Exit Code:    0
      Started:      Mon, 27 Apr 2026 09:53:19 +0200
      Finished:     Mon, 27 Apr 2026 09:53:19 +0200
    Ready:          True
    Restart Count:  0
    Environment:
      Hermod__Features__DeviceStateTracking:    true
      Hermod__Engine__LogBatchSize:             100
      Hermod__Engine__LogBatching:              true
      Hermod__Engine__Parallelism:              0
      Hermod__Features__MessagePersistence:     true
      Hermod__Features__RuleAuditLog:           true
      Hermod__Features__RuleCache:              true
      Hermod__Features__StatsRollup:            true
      Hermod__Storage__Mode:                    Postgres
      Logging__LogLevel__Hermod:                Information
      Logging__LogLevel__Microsoft.AspNetCore:  Warning
    Mounts:
      /var/run/secrets/kubernetes.io/serviceaccount from kube-api-access-jx7xr (ro)
Containers:
  hermod-coordinator:
    Container ID:   containerd://8bc8e597bde7e2e74a647eb24d90960d221d7add66230cddeca440fb6b8cbad2
    Image:          hermod-coordinator:latest
    Image ID:       sha256:ca91ccdfcd269dd5e4e25d5ffe8d863ca5db57e5c4f62f08c8adf90d23c15eaf
    Port:           42069/TCP (http)
    Host Port:      0/TCP (http)
    State:          Running
      Started:      Mon, 27 Apr 2026 09:53:20 +0200
    Ready:          True
    Restart Count:  0
    Limits:
      cpu:     1500m
      memory:  1536Mi
    Requests:
      cpu:      200m
      memory:   256Mi
    Liveness:   http-get http://:42069/healthz delay=60s timeout=1s period=30s #success=1 #failure=3
    Readiness:  http-get http://:42069/healthz/ready delay=5s timeout=1s period=10s #success=1 #failure=3
    Startup:    http-get http://:42069/healthz delay=0s timeout=1s period=5s #success=1 #failure=30
    Environment:
      ASPNETCORE_ENVIRONMENT:                   Production
      ASPNETCORE_URLS:                          http://+:42069
      DOTNET_USE_POLLING_FILE_WATCHER:          true
      Hermod__Security__AuthBypass:             true
      Hermod__Security__VaultRequireHttps:      false
      Hermod__Features__MetricsEndpoint:        true
      Hermod__Dev__Endpoints:                   true
      Hermod__Mqtt__Host:                       nanomq
      Hermod__Mqtt__Port:                       1883
      Hermod__Mqtt__UseTls:                     false
      Hermod__Mqtt__Tls__UseTls:                false
      Hermod__Mqtt__Username:                   <set to the key 'mqtt-username' in secret 'hermod-secrets'>  Optional: false
      Hermod__Mqtt__Password:                   <set to the key 'mqtt-password' in secret 'hermod-secrets'>  Optional: false
      Hermod__Database__ConnectionString:       Host=postgres;Port=5432;Database=hermod;Username=hermod_app
      Hermod__Database__Password:               <set to the key 'hermod-db-password' in secret 'hermod-db-credentials'>  Optional: false
      Hermod__Features__DeviceStateTracking:    true
      Hermod__Engine__LogBatchSize:             100
      Hermod__Engine__LogBatching:              true
      Hermod__Engine__Parallelism:              0
      Hermod__Features__MessagePersistence:     true
      Hermod__Features__RuleAuditLog:           true
      Hermod__Features__RuleCache:              true
      Hermod__Features__StatsRollup:            true
      Hermod__Storage__Mode:                    Postgres
      Logging__LogLevel__Hermod:                Information
      Logging__LogLevel__Microsoft.AspNetCore:  Warning
    Mounts:
      /var/run/secrets/kubernetes.io/serviceaccount from kube-api-access-jx7xr (ro)
Conditions:
  Type                        Status
  PodReadyToStartContainers   True 
  Initialized                 True 
  Ready                       True 
  ContainersReady             True 
  PodScheduled                True 
Volumes:
  kube-api-access-jx7xr:
    Type:                    Projected (a volume that contains injected data from multiple sources)
    TokenExpirationSeconds:  3607
    ConfigMapName:           kube-root-ca.crt
    Optional:                false
    DownwardAPI:             true
QoS Class:                   Burstable
Node-Selectors:              <none>
Tolerations:                 node.kubernetes.io/not-ready:NoExecute op=Exists for 300s
                             node.kubernetes.io/unreachable:NoExecute op=Exists for 300s
Events:
  Type    Reason     Age    From               Message
  ----    ------     ----   ----               -------
  Normal  Scheduled  2m19s  default-scheduler  Successfully assigned translator-zigbee/hermod-coordinator-7d7b88cc46-hnhsd to <pi-host>
  Normal  Pulled     2m19s  kubelet            spec.initContainers{wait-for-postgres}: Container image "busybox:1.36" already present on machine
  Normal  Created    2m19s  kubelet            spec.initContainers{wait-for-postgres}: Created container: wait-for-postgres
  Normal  Started    2m19s  kubelet            spec.initContainers{wait-for-postgres}: Started container wait-for-postgres
  Normal  Pulled     2m18s  kubelet            spec.initContainers{wait-for-nanomq}: Container image "busybox:1.36" already present on machine
  Normal  Created    2m18s  kubelet            spec.initContainers{wait-for-nanomq}: Created container: wait-for-nanomq
  Normal  Started    2m18s  kubelet            spec.initContainers{wait-for-nanomq}: Started container wait-for-nanomq
  Normal  Pulled     2m17s  kubelet            spec.containers{hermod-coordinator}: Container image "hermod-coordinator:latest" already present on machine
  Normal  Created    2m17s  kubelet            spec.containers{hermod-coordinator}: Created container: hermod-coordinator
  Normal  Started    2m17s  kubelet            spec.containers{hermod-coordinator}: Started container hermod-coordinator


Name:             nanomq-756fd88db6-7k858
Namespace:        translator-zigbee
Priority:         0
Service Account:  default
Node:             <pi-host>/<pi-ip>
Start Time:       Mon, 27 Apr 2026 09:52:52 +0200
Labels:           app=nanomq
                  pod-template-hash=756fd88db6
Annotations:      cni.projectcalico.org/containerID: f68917fdb6d5fd3ef7b3460dc9ac51bf0b1a84031e3fb47f6c871b391cca24dd
                  cni.projectcalico.org/podIP: <pod-ip>/32
                  cni.projectcalico.org/podIPs: <pod-ip>/32
Status:           Running
IP:               <pod-ip>
IPs:
  IP:           <pod-ip>
Controlled By:  ReplicaSet/nanomq-756fd88db6
Containers:
  nanomq:
    Container ID:   containerd://480eeb895e24a6a50602e6f2f95d3b5b3cfced0cad9a460bca746b8b3fd2bc0d
    Image:          emqx/nanomq:0.21-slim
    Image ID:       docker.io/emqx/nanomq@sha256:53bea7acb547aced1cc45e08c514628f1e41c4da9ad544fd8c5fa96d3e9eb41b
    Ports:          1883/TCP (mqtt), 8081/TCP (http)
    Host Ports:     0/TCP (mqtt), 0/TCP (http)
    State:          Running
      Started:      Mon, 27 Apr 2026 09:52:53 +0200
    Ready:          True
    Restart Count:  0
    Limits:
      cpu:     1
      memory:  512Mi
    Requests:
      cpu:        50m
      memory:     64Mi
    Readiness:    tcp-socket :1883 delay=3s timeout=1s period=5s #success=1 #failure=3
    Environment:  <none>
    Mounts:
      /etc/nanomq.conf from config (rw,path="nanomq.conf")
      /var/run/secrets/kubernetes.io/serviceaccount from kube-api-access-tcmf7 (ro)
Conditions:
  Type                        Status
  PodReadyToStartContainers   True 
  Initialized                 True 
  Ready                       True 
  ContainersReady             True 
  PodScheduled                True 
Volumes:
  config:
    Type:      ConfigMap (a volume populated by a ConfigMap)
    Name:      nanomq-config
    Optional:  false
  kube-api-access-tcmf7:
    Type:                    Projected (a volume that contains injected data from multiple sources)
    TokenExpirationSeconds:  3607
    ConfigMapName:           kube-root-ca.crt
    Optional:                false
    DownwardAPI:             true
QoS Class:                   Burstable
Node-Selectors:              <none>
Tolerations:                 node.kubernetes.io/not-ready:NoExecute op=Exists for 300s
                             node.kubernetes.io/unreachable:NoExecute op=Exists for 300s
Events:
  Type    Reason     Age    From               Message
  ----    ------     ----   ----               -------
  Normal  Scheduled  2m44s  default-scheduler  Successfully assigned translator-zigbee/nanomq-756fd88db6-7k858 to <pi-host>
  Normal  Pulled     2m44s  kubelet            spec.containers{nanomq}: Container image "emqx/nanomq:0.21-slim" already present on machine
  Normal  Created    2m44s  kubelet            spec.containers{nanomq}: Created container: nanomq
  Normal  Started    2m44s  kubelet            spec.containers{nanomq}: Started container nanomq


Name:             postgres-0
Namespace:        translator-zigbee
Priority:         0
Service Account:  default
Node:             <pi-host>/<pi-ip>
Start Time:       Mon, 27 Apr 2026 09:52:58 +0200
Labels:           app=postgres
                  apps.kubernetes.io/pod-index=0
                  controller-revision-hash=postgres-848ccb988d
                  statefulset.kubernetes.io/pod-name=postgres-0
Annotations:      cni.projectcalico.org/containerID: 006d092a18672fa9e728a5b435a4d67a77871b40812ee6c28f8ffab3c1cf181d
                  cni.projectcalico.org/podIP: <pod-ip>/32
                  cni.projectcalico.org/podIPs: <pod-ip>/32
Status:           Running
IP:               <pod-ip>
IPs:
  IP:           <pod-ip>
Controlled By:  StatefulSet/postgres
Containers:
  postgres:
    Container ID:   containerd://f76b36dbb6ed02991c69860f3495b292fe266300a98a8c52d4d1fd1711a4d864
    Image:          postgres:17-alpine
    Image ID:       docker.io/library/postgres@sha256:778d0b486d6daa02b77434d0358ec57a1b21fd8b6d22ac2eef56a33e816928f6
    Port:           5432/TCP
    Host Port:      0/TCP
    State:          Running
      Started:      Mon, 27 Apr 2026 09:52:59 +0200
    Ready:          True
    Restart Count:  0
    Limits:
      cpu:     1500m
      memory:  1536Mi
    Requests:
      cpu:      100m
      memory:   256Mi
    Readiness:  exec [pg_isready -U postgres] delay=5s timeout=1s period=5s #success=1 #failure=3
    Environment:
      POSTGRES_DB:        postgres
      POSTGRES_USER:      postgres
      POSTGRES_PASSWORD:  <set to the key 'postgres-superuser-password' in secret 'hermod-secrets'>  Optional: false
    Mounts:
      /docker-entrypoint-initdb.d from init (rw)
      /var/lib/postgresql/data from data (rw)
      /var/run/secrets/kubernetes.io/serviceaccount from kube-api-access-s775r (ro)
Conditions:
  Type                        Status
  PodReadyToStartContainers   True 
  Initialized                 True 
  Ready                       True 
  ContainersReady             True 
  PodScheduled                True 
Volumes:
  data:
    Type:       PersistentVolumeClaim (a reference to a PersistentVolumeClaim in the same namespace)
    ClaimName:  data-postgres-0
    ReadOnly:   false
  init:
    Type:      ConfigMap (a volume populated by a ConfigMap)
    Name:      postgres-init
    Optional:  false
  kube-api-access-s775r:
    Type:                    Projected (a volume that contains injected data from multiple sources)
    TokenExpirationSeconds:  3607
    ConfigMapName:           kube-root-ca.crt
    Optional:                false
    DownwardAPI:             true
QoS Class:                   Burstable
Node-Selectors:              <none>
Tolerations:                 node.kubernetes.io/not-ready:NoExecute op=Exists for 300s
                             node.kubernetes.io/unreachable:NoExecute op=Exists for 300s
Events:
  Type    Reason     Age    From               Message
  ----    ------     ----   ----               -------
  Normal  Scheduled  2m39s  default-scheduler  Successfully assigned translator-zigbee/postgres-0 to <pi-host>
  Normal  Pulled     2m38s  kubelet            spec.containers{postgres}: Container image "postgres:17-alpine" already present on machine
  Normal  Created    2m38s  kubelet            spec.containers{postgres}: Created container: postgres
  Normal  Started    2m38s  kubelet            spec.containers{postgres}: Started container postgres


Name:             zigbee2mqtt-6b85d5787-hfqp6
Namespace:        translator-zigbee
Priority:         0
Service Account:  default
Node:             <pi-host>/<pi-ip>
Start Time:       Mon, 27 Apr 2026 09:52:52 +0200
Labels:           app=zigbee2mqtt
                  pod-template-hash=6b85d5787
Annotations:      cni.projectcalico.org/containerID: 945e0fd22ec1a56b36a59771ef689cb52560ac9f3b725176dbd634431be110bd
                  cni.projectcalico.org/podIP: <pod-ip>/32
                  cni.projectcalico.org/podIPs: <pod-ip>/32
Status:           Running
IP:               <pod-ip>
IPs:
  IP:           <pod-ip>
Controlled By:  ReplicaSet/zigbee2mqtt-6b85d5787
Init Containers:
  seed-config:
    Container ID:  containerd://425d2c3d7f1796a5c23ff1c62a02f58918b092cd754eebb5e227552df216432b
    Image:         busybox:latest
    Image ID:      docker.io/library/busybox@sha256:1487d0af5f52b4ba31c7e465126ee2123fe3f2305d638e7827681e7cf6c83d5e
    Port:          <none>
    Host Port:     <none>
    Command:
      sh
      -c
      cp /tmp/cm/configuration.yaml /app/data/configuration.yaml && chmod 0644 /app/data/configuration.yaml
    State:          Terminated
      Reason:       Completed
      Exit Code:    0
      Started:      Mon, 27 Apr 2026 09:52:54 +0200
      Finished:     Mon, 27 Apr 2026 09:52:54 +0200
    Ready:          True
    Restart Count:  0
    Environment:    <none>
    Mounts:
      /app/data from data (rw)
      /tmp/cm from config-cm (rw)
      /var/run/secrets/kubernetes.io/serviceaccount from kube-api-access-4xq2n (ro)
Containers:
  zigbee2mqtt:
    Container ID:   containerd://fc5ad13fc4216bfb9aec82f1144fc8c5734bc87c8c93b7e995b228c3a637a4ba
    Image:          koenkk/zigbee2mqtt:latest
    Image ID:       docker.io/koenkk/zigbee2mqtt@sha256:2a21bbf7a664a149024bbe1f776e3151f28ed9db15948270dcbffb89544a41f0
    Port:           8080/TCP (http)
    Host Port:      0/TCP (http)
    State:          Running
      Started:      Mon, 27 Apr 2026 09:52:55 +0200
    Ready:          True
    Restart Count:  0
    Limits:
      cpu:     1
      memory:  512Mi
    Requests:
      cpu:     100m
      memory:  128Mi
    Environment:
      TZ:                                Europe/Bratislava
      ZIGBEE2MQTT_CONFIG_MQTT_USER:      <set to the key 'mqtt-username' in secret 'hermod-secrets'>  Optional: false
      ZIGBEE2MQTT_CONFIG_MQTT_PASSWORD:  <set to the key 'mqtt-password' in secret 'hermod-secrets'>  Optional: false
    Mounts:
      /app/data from data (rw)
      /dev/ttyUSB0 from zigbee-device (rw)
      /var/run/secrets/kubernetes.io/serviceaccount from kube-api-access-4xq2n (ro)
Conditions:
  Type                        Status
  PodReadyToStartContainers   True 
  Initialized                 True 
  Ready                       True 
  ContainersReady             True 
  PodScheduled                True 
Volumes:
  data:
    Type:       EmptyDir (a temporary directory that shares a pod's lifetime)
    Medium:     
    SizeLimit:  <unset>
  config-cm:
    Type:      ConfigMap (a volume populated by a ConfigMap)
    Name:      zigbee2mqtt-config
    Optional:  false
  zigbee-device:
    Type:          HostPath (bare host directory volume)
    Path:          /dev/ttyUSB0
    HostPathType:  CharDevice
  kube-api-access-4xq2n:
    Type:                    Projected (a volume that contains injected data from multiple sources)
    TokenExpirationSeconds:  3607
    ConfigMapName:           kube-root-ca.crt
    Optional:                false
    DownwardAPI:             true
QoS Class:                   Burstable
Node-Selectors:              hermod.io/zigbee=true
Tolerations:                 node.kubernetes.io/not-ready:NoExecute op=Exists for 300s
                             node.kubernetes.io/unreachable:NoExecute op=Exists for 300s
Events:
  Type    Reason     Age    From               Message
  ----    ------     ----   ----               -------
  Normal  Scheduled  2m44s  default-scheduler  Successfully assigned translator-zigbee/zigbee2mqtt-6b85d5787-hfqp6 to <pi-host>
  Normal  Pulled     2m44s  kubelet            spec.initContainers{seed-config}: Container image "busybox:latest" already present on machine
  Normal  Created    2m44s  kubelet            spec.initContainers{seed-config}: Created container: seed-config
  Normal  Started    2m43s  kubelet            spec.initContainers{seed-config}: Started container seed-config
  Normal  Pulled     2m43s  kubelet            spec.containers{zigbee2mqtt}: Container image "koenkk/zigbee2mqtt:latest" already present on machine
  Normal  Created    2m42s  kubelet            spec.containers{zigbee2mqtt}: Created container: zigbee2mqtt
  Normal  Started    2m42s  kubelet            spec.containers{zigbee2mqtt}: Started container zigbee2mqtt

=== ts=1777276543 ===
Name:             hermod-coordinator-7d7b88cc46-hnhsd
Namespace:        translator-zigbee
Priority:         0
Service Account:  default
Node:             <pi-host>/<pi-ip>
Start Time:       Mon, 27 Apr 2026 09:53:17 +0200
Labels:           app=hermod-coordinator
                  pod-template-hash=7d7b88cc46
Annotations:      cni.projectcalico.org/containerID: 29dd33c590284941ac26f11ce89e47701bca669c6fa6a39dfb3a42148d14863c
                  cni.projectcalico.org/podIP: <pod-ip>/32
                  cni.projectcalico.org/podIPs: <pod-ip>/32
Status:           Running
IP:               <pod-ip>
IPs:
  IP:           <pod-ip>
Controlled By:  ReplicaSet/hermod-coordinator-7d7b88cc46
Init Containers:
  wait-for-postgres:
    Container ID:  containerd://b735ec22ca4fc4068c9ce71d1813ee4b5d3068bca9fbb01e233f111cba80d489
    Image:         busybox:1.36
    Image ID:      docker.io/library/busybox@sha256:73aaf090f3d85aa34ee199857f03fa3a95c8ede2ffd4cc2cdb5b94e566b11662
    Port:          <none>
    Host Port:     <none>
    Command:
      sh
      -c
      until nc -z postgres 5432; do sleep 2; done
    State:          Terminated
      Reason:       Completed
      Exit Code:    0
      Started:      Mon, 27 Apr 2026 09:53:18 +0200
      Finished:     Mon, 27 Apr 2026 09:53:18 +0200
    Ready:          True
    Restart Count:  0
    Environment:
      Hermod__Features__DeviceStateTracking:    true
      Hermod__Engine__LogBatchSize:             100
      Hermod__Engine__LogBatching:              true
      Hermod__Engine__Parallelism:              0
      Hermod__Features__MessagePersistence:     true
      Hermod__Features__RuleAuditLog:           true
      Hermod__Features__RuleCache:              true
      Hermod__Features__StatsRollup:            true
      Hermod__Storage__Mode:                    Postgres
      Logging__LogLevel__Hermod:                Information
      Logging__LogLevel__Microsoft.AspNetCore:  Warning
    Mounts:
      /var/run/secrets/kubernetes.io/serviceaccount from kube-api-access-jx7xr (ro)
  wait-for-nanomq:
    Container ID:  containerd://16133d1264b40b8023c68fae5d2c08f3c8ddf43ec02d29421d460893aab9db46
    Image:         busybox:1.36
    Image ID:      docker.io/library/busybox@sha256:73aaf090f3d85aa34ee199857f03fa3a95c8ede2ffd4cc2cdb5b94e566b11662
    Port:          <none>
    Host Port:     <none>
    Command:
      sh
      -c
      until nc -z nanomq 1883; do sleep 2; done
    State:          Terminated
      Reason:       Completed
      Exit Code:    0
      Started:      Mon, 27 Apr 2026 09:53:19 +0200
      Finished:     Mon, 27 Apr 2026 09:53:19 +0200
    Ready:          True
    Restart Count:  0
    Environment:
      Hermod__Features__DeviceStateTracking:    true
      Hermod__Engine__LogBatchSize:             100
      Hermod__Engine__LogBatching:              true
      Hermod__Engine__Parallelism:              0
      Hermod__Features__MessagePersistence:     true
      Hermod__Features__RuleAuditLog:           true
      Hermod__Features__RuleCache:              true
      Hermod__Features__StatsRollup:            true
      Hermod__Storage__Mode:                    Postgres
      Logging__LogLevel__Hermod:                Information
      Logging__LogLevel__Microsoft.AspNetCore:  Warning
    Mounts:
      /var/run/secrets/kubernetes.io/serviceaccount from kube-api-access-jx7xr (ro)
Containers:
  hermod-coordinator:
    Container ID:   containerd://8bc8e597bde7e2e74a647eb24d90960d221d7add66230cddeca440fb6b8cbad2
    Image:          hermod-coordinator:latest
    Image ID:       sha256:ca91ccdfcd269dd5e4e25d5ffe8d863ca5db57e5c4f62f08c8adf90d23c15eaf
    Port:           42069/TCP (http)
    Host Port:      0/TCP (http)
    State:          Running
      Started:      Mon, 27 Apr 2026 09:53:20 +0200
    Ready:          True
    Restart Count:  0
    Limits:
      cpu:     1500m
      memory:  1536Mi
    Requests:
      cpu:      200m
      memory:   256Mi
    Liveness:   http-get http://:42069/healthz delay=60s timeout=1s period=30s #success=1 #failure=3
    Readiness:  http-get http://:42069/healthz/ready delay=5s timeout=1s period=10s #success=1 #failure=3
    Startup:    http-get http://:42069/healthz delay=0s timeout=1s period=5s #success=1 #failure=30
    Environment:
      ASPNETCORE_ENVIRONMENT:                   Production
      ASPNETCORE_URLS:                          http://+:42069
      DOTNET_USE_POLLING_FILE_WATCHER:          true
      Hermod__Security__AuthBypass:             true
      Hermod__Security__VaultRequireHttps:      false
      Hermod__Features__MetricsEndpoint:        true
      Hermod__Dev__Endpoints:                   true
      Hermod__Mqtt__Host:                       nanomq
      Hermod__Mqtt__Port:                       1883
      Hermod__Mqtt__UseTls:                     false
      Hermod__Mqtt__Tls__UseTls:                false
      Hermod__Mqtt__Username:                   <set to the key 'mqtt-username' in secret 'hermod-secrets'>  Optional: false
      Hermod__Mqtt__Password:                   <set to the key 'mqtt-password' in secret 'hermod-secrets'>  Optional: false
      Hermod__Database__ConnectionString:       Host=postgres;Port=5432;Database=hermod;Username=hermod_app
      Hermod__Database__Password:               <set to the key 'hermod-db-password' in secret 'hermod-db-credentials'>  Optional: false
      Hermod__Features__DeviceStateTracking:    true
      Hermod__Engine__LogBatchSize:             100
      Hermod__Engine__LogBatching:              true
      Hermod__Engine__Parallelism:              0
      Hermod__Features__MessagePersistence:     true
      Hermod__Features__RuleAuditLog:           true
      Hermod__Features__RuleCache:              true
      Hermod__Features__StatsRollup:            true
      Hermod__Storage__Mode:                    Postgres
      Logging__LogLevel__Hermod:                Information
      Logging__LogLevel__Microsoft.AspNetCore:  Warning
    Mounts:
      /var/run/secrets/kubernetes.io/serviceaccount from kube-api-access-jx7xr (ro)
Conditions:
  Type                        Status
  PodReadyToStartContainers   True 
  Initialized                 True 
  Ready                       True 
  ContainersReady             True 
  PodScheduled                True 
Volumes:
  kube-api-access-jx7xr:
    Type:                    Projected (a volume that contains injected data from multiple sources)
    TokenExpirationSeconds:  3607
    ConfigMapName:           kube-root-ca.crt
    Optional:                false
    DownwardAPI:             true
QoS Class:                   Burstable
Node-Selectors:              <none>
Tolerations:                 node.kubernetes.io/not-ready:NoExecute op=Exists for 300s
                             node.kubernetes.io/unreachable:NoExecute op=Exists for 300s
Events:
  Type    Reason     Age    From               Message
  ----    ------     ----   ----               -------
  Normal  Scheduled  2m25s  default-scheduler  Successfully assigned translator-zigbee/hermod-coordinator-7d7b88cc46-hnhsd to <pi-host>
  Normal  Pulled     2m25s  kubelet            spec.initContainers{wait-for-postgres}: Container image "busybox:1.36" already present on machine
  Normal  Created    2m25s  kubelet            spec.initContainers{wait-for-postgres}: Created container: wait-for-postgres
  Normal  Started    2m25s  kubelet            spec.initContainers{wait-for-postgres}: Started container wait-for-postgres
  Normal  Pulled     2m24s  kubelet            spec.initContainers{wait-for-nanomq}: Container image "busybox:1.36" already present on machine
  Normal  Created    2m24s  kubelet            spec.initContainers{wait-for-nanomq}: Created container: wait-for-nanomq
  Normal  Started    2m24s  kubelet            spec.initContainers{wait-for-nanomq}: Started container wait-for-nanomq
  Normal  Pulled     2m23s  kubelet            spec.containers{hermod-coordinator}: Container image "hermod-coordinator:latest" already present on machine
  Normal  Created    2m23s  kubelet            spec.containers{hermod-coordinator}: Created container: hermod-coordinator
  Normal  Started    2m23s  kubelet            spec.containers{hermod-coordinator}: Started container hermod-coordinator


Name:             nanomq-756fd88db6-7k858
Namespace:        translator-zigbee
Priority:         0
Service Account:  default
Node:             <pi-host>/<pi-ip>
Start Time:       Mon, 27 Apr 2026 09:52:52 +0200
Labels:           app=nanomq
                  pod-template-hash=756fd88db6
Annotations:      cni.projectcalico.org/containerID: f68917fdb6d5fd3ef7b3460dc9ac51bf0b1a84031e3fb47f6c871b391cca24dd
                  cni.projectcalico.org/podIP: <pod-ip>/32
                  cni.projectcalico.org/podIPs: <pod-ip>/32
Status:           Running
IP:               <pod-ip>
IPs:
  IP:           <pod-ip>
Controlled By:  ReplicaSet/nanomq-756fd88db6
Containers:
  nanomq:
    Container ID:   containerd://480eeb895e24a6a50602e6f2f95d3b5b3cfced0cad9a460bca746b8b3fd2bc0d
    Image:          emqx/nanomq:0.21-slim
    Image ID:       docker.io/emqx/nanomq@sha256:53bea7acb547aced1cc45e08c514628f1e41c4da9ad544fd8c5fa96d3e9eb41b
    Ports:          1883/TCP (mqtt), 8081/TCP (http)
    Host Ports:     0/TCP (mqtt), 0/TCP (http)
    State:          Running
      Started:      Mon, 27 Apr 2026 09:52:53 +0200
    Ready:          True
    Restart Count:  0
    Limits:
      cpu:     1
      memory:  512Mi
    Requests:
      cpu:        50m
      memory:     64Mi
    Readiness:    tcp-socket :1883 delay=3s timeout=1s period=5s #success=1 #failure=3
    Environment:  <none>
    Mounts:
      /etc/nanomq.conf from config (rw,path="nanomq.conf")
      /var/run/secrets/kubernetes.io/serviceaccount from kube-api-access-tcmf7 (ro)
Conditions:
  Type                        Status
  PodReadyToStartContainers   True 
  Initialized                 True 
  Ready                       True 
  ContainersReady             True 
  PodScheduled                True 
Volumes:
  config:
    Type:      ConfigMap (a volume populated by a ConfigMap)
    Name:      nanomq-config
    Optional:  false
  kube-api-access-tcmf7:
    Type:                    Projected (a volume that contains injected data from multiple sources)
    TokenExpirationSeconds:  3607
    ConfigMapName:           kube-root-ca.crt
    Optional:                false
    DownwardAPI:             true
QoS Class:                   Burstable
Node-Selectors:              <none>
Tolerations:                 node.kubernetes.io/not-ready:NoExecute op=Exists for 300s
                             node.kubernetes.io/unreachable:NoExecute op=Exists for 300s
Events:
  Type    Reason     Age    From               Message
  ----    ------     ----   ----               -------
  Normal  Scheduled  2m50s  default-scheduler  Successfully assigned translator-zigbee/nanomq-756fd88db6-7k858 to <pi-host>
  Normal  Pulled     2m50s  kubelet            spec.containers{nanomq}: Container image "emqx/nanomq:0.21-slim" already present on machine
  Normal  Created    2m50s  kubelet            spec.containers{nanomq}: Created container: nanomq
  Normal  Started    2m50s  kubelet            spec.containers{nanomq}: Started container nanomq


Name:             postgres-0
Namespace:        translator-zigbee
Priority:         0
Service Account:  default
Node:             <pi-host>/<pi-ip>
Start Time:       Mon, 27 Apr 2026 09:52:58 +0200
Labels:           app=postgres
                  apps.kubernetes.io/pod-index=0
                  controller-revision-hash=postgres-848ccb988d
                  statefulset.kubernetes.io/pod-name=postgres-0
Annotations:      cni.projectcalico.org/containerID: 006d092a18672fa9e728a5b435a4d67a77871b40812ee6c28f8ffab3c1cf181d
                  cni.projectcalico.org/podIP: <pod-ip>/32
                  cni.projectcalico.org/podIPs: <pod-ip>/32
Status:           Running
IP:               <pod-ip>
IPs:
  IP:           <pod-ip>
Controlled By:  StatefulSet/postgres
Containers:
  postgres:
    Container ID:   containerd://f76b36dbb6ed02991c69860f3495b292fe266300a98a8c52d4d1fd1711a4d864
    Image:          postgres:17-alpine
    Image ID:       docker.io/library/postgres@sha256:778d0b486d6daa02b77434d0358ec57a1b21fd8b6d22ac2eef56a33e816928f6
    Port:           5432/TCP
    Host Port:      0/TCP
    State:          Running
      Started:      Mon, 27 Apr 2026 09:52:59 +0200
    Ready:          True
    Restart Count:  0
    Limits:
      cpu:     1500m
      memory:  1536Mi
    Requests:
      cpu:      100m
      memory:   256Mi
    Readiness:  exec [pg_isready -U postgres] delay=5s timeout=1s period=5s #success=1 #failure=3
    Environment:
      POSTGRES_DB:        postgres
      POSTGRES_USER:      postgres
      POSTGRES_PASSWORD:  <set to the key 'postgres-superuser-password' in secret 'hermod-secrets'>  Optional: false
    Mounts:
      /docker-entrypoint-initdb.d from init (rw)
      /var/lib/postgresql/data from data (rw)
      /var/run/secrets/kubernetes.io/serviceaccount from kube-api-access-s775r (ro)
Conditions:
  Type                        Status
  PodReadyToStartContainers   True 
  Initialized                 True 
  Ready                       True 
  ContainersReady             True 
  PodScheduled                True 
Volumes:
  data:
    Type:       PersistentVolumeClaim (a reference to a PersistentVolumeClaim in the same namespace)
    ClaimName:  data-postgres-0
    ReadOnly:   false
  init:
    Type:      ConfigMap (a volume populated by a ConfigMap)
    Name:      postgres-init
    Optional:  false
  kube-api-access-s775r:
    Type:                    Projected (a volume that contains injected data from multiple sources)
    TokenExpirationSeconds:  3607
    ConfigMapName:           kube-root-ca.crt
    Optional:                false
    DownwardAPI:             true
QoS Class:                   Burstable
Node-Selectors:              <none>
Tolerations:                 node.kubernetes.io/not-ready:NoExecute op=Exists for 300s
                             node.kubernetes.io/unreachable:NoExecute op=Exists for 300s
Events:
  Type    Reason     Age    From               Message
  ----    ------     ----   ----               -------
  Normal  Scheduled  2m44s  default-scheduler  Successfully assigned translator-zigbee/postgres-0 to <pi-host>
  Normal  Pulled     2m44s  kubelet            spec.containers{postgres}: Container image "postgres:17-alpine" already present on machine
  Normal  Created    2m44s  kubelet            spec.containers{postgres}: Created container: postgres
  Normal  Started    2m44s  kubelet            spec.containers{postgres}: Started container postgres


Name:             zigbee2mqtt-6b85d5787-hfqp6
Namespace:        translator-zigbee
Priority:         0
Service Account:  default
Node:             <pi-host>/<pi-ip>
Start Time:       Mon, 27 Apr 2026 09:52:52 +0200
Labels:           app=zigbee2mqtt
                  pod-template-hash=6b85d5787
Annotations:      cni.projectcalico.org/containerID: 945e0fd22ec1a56b36a59771ef689cb52560ac9f3b725176dbd634431be110bd
                  cni.projectcalico.org/podIP: <pod-ip>/32
                  cni.projectcalico.org/podIPs: <pod-ip>/32
Status:           Running
IP:               <pod-ip>
IPs:
  IP:           <pod-ip>
Controlled By:  ReplicaSet/zigbee2mqtt-6b85d5787
Init Containers:
  seed-config:
    Container ID:  containerd://425d2c3d7f1796a5c23ff1c62a02f58918b092cd754eebb5e227552df216432b
    Image:         busybox:latest
    Image ID:      docker.io/library/busybox@sha256:1487d0af5f52b4ba31c7e465126ee2123fe3f2305d638e7827681e7cf6c83d5e
    Port:          <none>
    Host Port:     <none>
    Command:
      sh
      -c
      cp /tmp/cm/configuration.yaml /app/data/configuration.yaml && chmod 0644 /app/data/configuration.yaml
    State:          Terminated
      Reason:       Completed
      Exit Code:    0
      Started:      Mon, 27 Apr 2026 09:52:54 +0200
      Finished:     Mon, 27 Apr 2026 09:52:54 +0200
    Ready:          True
    Restart Count:  0
    Environment:    <none>
    Mounts:
      /app/data from data (rw)
      /tmp/cm from config-cm (rw)
      /var/run/secrets/kubernetes.io/serviceaccount from kube-api-access-4xq2n (ro)
Containers:
  zigbee2mqtt:
    Container ID:   containerd://fc5ad13fc4216bfb9aec82f1144fc8c5734bc87c8c93b7e995b228c3a637a4ba
    Image:          koenkk/zigbee2mqtt:latest
    Image ID:       docker.io/koenkk/zigbee2mqtt@sha256:2a21bbf7a664a149024bbe1f776e3151f28ed9db15948270dcbffb89544a41f0
    Port:           8080/TCP (http)
    Host Port:      0/TCP (http)
    State:          Running
      Started:      Mon, 27 Apr 2026 09:52:55 +0200
    Ready:          True
    Restart Count:  0
    Limits:
      cpu:     1
      memory:  512Mi
    Requests:
      cpu:     100m
      memory:  128Mi
    Environment:
      TZ:                                Europe/Bratislava
      ZIGBEE2MQTT_CONFIG_MQTT_USER:      <set to the key 'mqtt-username' in secret 'hermod-secrets'>  Optional: false
      ZIGBEE2MQTT_CONFIG_MQTT_PASSWORD:  <set to the key 'mqtt-password' in secret 'hermod-secrets'>  Optional: false
    Mounts:
      /app/data from data (rw)
      /dev/ttyUSB0 from zigbee-device (rw)
      /var/run/secrets/kubernetes.io/serviceaccount from kube-api-access-4xq2n (ro)
Conditions:
  Type                        Status
  PodReadyToStartContainers   True 
  Initialized                 True 
  Ready                       True 
  ContainersReady             True 
  PodScheduled                True 
Volumes:
  data:
    Type:       EmptyDir (a temporary directory that shares a pod's lifetime)
    Medium:     
    SizeLimit:  <unset>
  config-cm:
    Type:      ConfigMap (a volume populated by a ConfigMap)
    Name:      zigbee2mqtt-config
    Optional:  false
  zigbee-device:
    Type:          HostPath (bare host directory volume)
    Path:          /dev/ttyUSB0
    HostPathType:  CharDevice
  kube-api-access-4xq2n:
    Type:                    Projected (a volume that contains injected data from multiple sources)
    TokenExpirationSeconds:  3607
    ConfigMapName:           kube-root-ca.crt
    Optional:                false
    DownwardAPI:             true
QoS Class:                   Burstable
Node-Selectors:              hermod.io/zigbee=true
Tolerations:                 node.kubernetes.io/not-ready:NoExecute op=Exists for 300s
                             node.kubernetes.io/unreachable:NoExecute op=Exists for 300s
Events:
  Type    Reason     Age    From               Message
  ----    ------     ----   ----               -------
  Normal  Scheduled  2m50s  default-scheduler  Successfully assigned translator-zigbee/zigbee2mqtt-6b85d5787-hfqp6 to <pi-host>
  Normal  Pulled     2m50s  kubelet            spec.initContainers{seed-config}: Container image "busybox:latest" already present on machine
  Normal  Created    2m50s  kubelet            spec.initContainers{seed-config}: Created container: seed-config
  Normal  Started    2m49s  kubelet            spec.initContainers{seed-config}: Started container seed-config
  Normal  Pulled     2m49s  kubelet            spec.containers{zigbee2mqtt}: Container image "koenkk/zigbee2mqtt:latest" already present on machine
  Normal  Created    2m48s  kubelet            spec.containers{zigbee2mqtt}: Created container: zigbee2mqtt
  Normal  Started    2m48s  kubelet            spec.containers{zigbee2mqtt}: Started container zigbee2mqtt

=== ts=1777276548 ===
Name:             hermod-coordinator-7d7b88cc46-hnhsd
Namespace:        translator-zigbee
Priority:         0
Service Account:  default
Node:             <pi-host>/<pi-ip>
Start Time:       Mon, 27 Apr 2026 09:53:17 +0200
Labels:           app=hermod-coordinator
                  pod-template-hash=7d7b88cc46
Annotations:      cni.projectcalico.org/containerID: 29dd33c590284941ac26f11ce89e47701bca669c6fa6a39dfb3a42148d14863c
                  cni.projectcalico.org/podIP: <pod-ip>/32
                  cni.projectcalico.org/podIPs: <pod-ip>/32
Status:           Running
IP:               <pod-ip>
IPs:
  IP:           <pod-ip>
Controlled By:  ReplicaSet/hermod-coordinator-7d7b88cc46
Init Containers:
  wait-for-postgres:
    Container ID:  containerd://b735ec22ca4fc4068c9ce71d1813ee4b5d3068bca9fbb01e233f111cba80d489
    Image:         busybox:1.36
    Image ID:      docker.io/library/busybox@sha256:73aaf090f3d85aa34ee199857f03fa3a95c8ede2ffd4cc2cdb5b94e566b11662
    Port:          <none>
    Host Port:     <none>
    Command:
      sh
      -c
      until nc -z postgres 5432; do sleep 2; done
    State:          Terminated
      Reason:       Completed
      Exit Code:    0
      Started:      Mon, 27 Apr 2026 09:53:18 +0200
      Finished:     Mon, 27 Apr 2026 09:53:18 +0200
    Ready:          True
    Restart Count:  0
    Environment:
      Hermod__Features__DeviceStateTracking:    true
      Hermod__Engine__LogBatchSize:             100
      Hermod__Engine__LogBatching:              true
      Hermod__Engine__Parallelism:              0
      Hermod__Features__MessagePersistence:     true
      Hermod__Features__RuleAuditLog:           true
      Hermod__Features__RuleCache:              true
      Hermod__Features__StatsRollup:            true
      Hermod__Storage__Mode:                    Postgres
      Logging__LogLevel__Hermod:                Information
      Logging__LogLevel__Microsoft.AspNetCore:  Warning
    Mounts:
      /var/run/secrets/kubernetes.io/serviceaccount from kube-api-access-jx7xr (ro)
  wait-for-nanomq:
    Container ID:  containerd://16133d1264b40b8023c68fae5d2c08f3c8ddf43ec02d29421d460893aab9db46
    Image:         busybox:1.36
    Image ID:      docker.io/library/busybox@sha256:73aaf090f3d85aa34ee199857f03fa3a95c8ede2ffd4cc2cdb5b94e566b11662
    Port:          <none>
    Host Port:     <none>
    Command:
      sh
      -c
      until nc -z nanomq 1883; do sleep 2; done
    State:          Terminated
      Reason:       Completed
      Exit Code:    0
      Started:      Mon, 27 Apr 2026 09:53:19 +0200
      Finished:     Mon, 27 Apr 2026 09:53:19 +0200
    Ready:          True
    Restart Count:  0
    Environment:
      Hermod__Features__DeviceStateTracking:    true
      Hermod__Engine__LogBatchSize:             100
      Hermod__Engine__LogBatching:              true
      Hermod__Engine__Parallelism:              0
      Hermod__Features__MessagePersistence:     true
      Hermod__Features__RuleAuditLog:           true
      Hermod__Features__RuleCache:              true
      Hermod__Features__StatsRollup:            true
      Hermod__Storage__Mode:                    Postgres
      Logging__LogLevel__Hermod:                Information
      Logging__LogLevel__Microsoft.AspNetCore:  Warning
    Mounts:
      /var/run/secrets/kubernetes.io/serviceaccount from kube-api-access-jx7xr (ro)
Containers:
  hermod-coordinator:
    Container ID:   containerd://8bc8e597bde7e2e74a647eb24d90960d221d7add66230cddeca440fb6b8cbad2
    Image:          hermod-coordinator:latest
    Image ID:       sha256:ca91ccdfcd269dd5e4e25d5ffe8d863ca5db57e5c4f62f08c8adf90d23c15eaf
    Port:           42069/TCP (http)
    Host Port:      0/TCP (http)
    State:          Running
      Started:      Mon, 27 Apr 2026 09:53:20 +0200
    Ready:          True
    Restart Count:  0
    Limits:
      cpu:     1500m
      memory:  1536Mi
    Requests:
      cpu:      200m
      memory:   256Mi
    Liveness:   http-get http://:42069/healthz delay=60s timeout=1s period=30s #success=1 #failure=3
    Readiness:  http-get http://:42069/healthz/ready delay=5s timeout=1s period=10s #success=1 #failure=3
    Startup:    http-get http://:42069/healthz delay=0s timeout=1s period=5s #success=1 #failure=30
    Environment:
      ASPNETCORE_ENVIRONMENT:                   Production
      ASPNETCORE_URLS:                          http://+:42069
      DOTNET_USE_POLLING_FILE_WATCHER:          true
      Hermod__Security__AuthBypass:             true
      Hermod__Security__VaultRequireHttps:      false
      Hermod__Features__MetricsEndpoint:        true
      Hermod__Dev__Endpoints:                   true
      Hermod__Mqtt__Host:                       nanomq
      Hermod__Mqtt__Port:                       1883
      Hermod__Mqtt__UseTls:                     false
      Hermod__Mqtt__Tls__UseTls:                false
      Hermod__Mqtt__Username:                   <set to the key 'mqtt-username' in secret 'hermod-secrets'>  Optional: false
      Hermod__Mqtt__Password:                   <set to the key 'mqtt-password' in secret 'hermod-secrets'>  Optional: false
      Hermod__Database__ConnectionString:       Host=postgres;Port=5432;Database=hermod;Username=hermod_app
      Hermod__Database__Password:               <set to the key 'hermod-db-password' in secret 'hermod-db-credentials'>  Optional: false
      Hermod__Features__DeviceStateTracking:    true
      Hermod__Engine__LogBatchSize:             100
      Hermod__Engine__LogBatching:              true
      Hermod__Engine__Parallelism:              0
      Hermod__Features__MessagePersistence:     true
      Hermod__Features__RuleAuditLog:           true
      Hermod__Features__RuleCache:              true
      Hermod__Features__StatsRollup:            true
      Hermod__Storage__Mode:                    Postgres
      Logging__LogLevel__Hermod:                Information
      Logging__LogLevel__Microsoft.AspNetCore:  Warning
    Mounts:
      /var/run/secrets/kubernetes.io/serviceaccount from kube-api-access-jx7xr (ro)
Conditions:
  Type                        Status
  PodReadyToStartContainers   True 
  Initialized                 True 
  Ready                       True 
  ContainersReady             True 
  PodScheduled                True 
Volumes:
  kube-api-access-jx7xr:
    Type:                    Projected (a volume that contains injected data from multiple sources)
    TokenExpirationSeconds:  3607
    ConfigMapName:           kube-root-ca.crt
    Optional:                false
    DownwardAPI:             true
QoS Class:                   Burstable
Node-Selectors:              <none>
Tolerations:                 node.kubernetes.io/not-ready:NoExecute op=Exists for 300s
                             node.kubernetes.io/unreachable:NoExecute op=Exists for 300s
Events:
  Type    Reason     Age    From               Message
  ----    ------     ----   ----               -------
  Normal  Scheduled  2m31s  default-scheduler  Successfully assigned translator-zigbee/hermod-coordinator-7d7b88cc46-hnhsd to <pi-host>
  Normal  Pulled     2m30s  kubelet            spec.initContainers{wait-for-postgres}: Container image "busybox:1.36" already present on machine
  Normal  Created    2m30s  kubelet            spec.initContainers{wait-for-postgres}: Created container: wait-for-postgres
  Normal  Started    2m30s  kubelet            spec.initContainers{wait-for-postgres}: Started container wait-for-postgres
  Normal  Pulled     2m29s  kubelet            spec.initContainers{wait-for-nanomq}: Container image "busybox:1.36" already present on machine
  Normal  Created    2m29s  kubelet            spec.initContainers{wait-for-nanomq}: Created container: wait-for-nanomq
  Normal  Started    2m29s  kubelet            spec.initContainers{wait-for-nanomq}: Started container wait-for-nanomq
  Normal  Pulled     2m28s  kubelet            spec.containers{hermod-coordinator}: Container image "hermod-coordinator:latest" already present on machine
  Normal  Created    2m28s  kubelet            spec.containers{hermod-coordinator}: Created container: hermod-coordinator
  Normal  Started    2m28s  kubelet            spec.containers{hermod-coordinator}: Started container hermod-coordinator


Name:             nanomq-756fd88db6-7k858
Namespace:        translator-zigbee
Priority:         0
Service Account:  default
Node:             <pi-host>/<pi-ip>
Start Time:       Mon, 27 Apr 2026 09:52:52 +0200
Labels:           app=nanomq
                  pod-template-hash=756fd88db6
Annotations:      cni.projectcalico.org/containerID: f68917fdb6d5fd3ef7b3460dc9ac51bf0b1a84031e3fb47f6c871b391cca24dd
                  cni.projectcalico.org/podIP: <pod-ip>/32
                  cni.projectcalico.org/podIPs: <pod-ip>/32
Status:           Running
IP:               <pod-ip>
IPs:
  IP:           <pod-ip>
Controlled By:  ReplicaSet/nanomq-756fd88db6
Containers:
  nanomq:
    Container ID:   containerd://480eeb895e24a6a50602e6f2f95d3b5b3cfced0cad9a460bca746b8b3fd2bc0d
    Image:          emqx/nanomq:0.21-slim
    Image ID:       docker.io/emqx/nanomq@sha256:53bea7acb547aced1cc45e08c514628f1e41c4da9ad544fd8c5fa96d3e9eb41b
    Ports:          1883/TCP (mqtt), 8081/TCP (http)
    Host Ports:     0/TCP (mqtt), 0/TCP (http)
    State:          Running
      Started:      Mon, 27 Apr 2026 09:52:53 +0200
    Ready:          True
    Restart Count:  0
    Limits:
      cpu:     1
      memory:  512Mi
    Requests:
      cpu:        50m
      memory:     64Mi
    Readiness:    tcp-socket :1883 delay=3s timeout=1s period=5s #success=1 #failure=3
    Environment:  <none>
    Mounts:
      /etc/nanomq.conf from config (rw,path="nanomq.conf")
      /var/run/secrets/kubernetes.io/serviceaccount from kube-api-access-tcmf7 (ro)
Conditions:
  Type                        Status
  PodReadyToStartContainers   True 
  Initialized                 True 
  Ready                       True 
  ContainersReady             True 
  PodScheduled                True 
Volumes:
  config:
    Type:      ConfigMap (a volume populated by a ConfigMap)
    Name:      nanomq-config
    Optional:  false
  kube-api-access-tcmf7:
    Type:                    Projected (a volume that contains injected data from multiple sources)
    TokenExpirationSeconds:  3607
    ConfigMapName:           kube-root-ca.crt
    Optional:                false
    DownwardAPI:             true
QoS Class:                   Burstable
Node-Selectors:              <none>
Tolerations:                 node.kubernetes.io/not-ready:NoExecute op=Exists for 300s
                             node.kubernetes.io/unreachable:NoExecute op=Exists for 300s
Events:
  Type    Reason     Age    From               Message
  ----    ------     ----   ----               -------
  Normal  Scheduled  2m56s  default-scheduler  Successfully assigned translator-zigbee/nanomq-756fd88db6-7k858 to <pi-host>
  Normal  Pulled     2m55s  kubelet            spec.containers{nanomq}: Container image "emqx/nanomq:0.21-slim" already present on machine
  Normal  Created    2m55s  kubelet            spec.containers{nanomq}: Created container: nanomq
  Normal  Started    2m55s  kubelet            spec.containers{nanomq}: Started container nanomq


Name:             postgres-0
Namespace:        translator-zigbee
Priority:         0
Service Account:  default
Node:             <pi-host>/<pi-ip>
Start Time:       Mon, 27 Apr 2026 09:52:58 +0200
Labels:           app=postgres
                  apps.kubernetes.io/pod-index=0
                  controller-revision-hash=postgres-848ccb988d
                  statefulset.kubernetes.io/pod-name=postgres-0
Annotations:      cni.projectcalico.org/containerID: 006d092a18672fa9e728a5b435a4d67a77871b40812ee6c28f8ffab3c1cf181d
                  cni.projectcalico.org/podIP: <pod-ip>/32
                  cni.projectcalico.org/podIPs: <pod-ip>/32
Status:           Running
IP:               <pod-ip>
IPs:
  IP:           <pod-ip>
Controlled By:  StatefulSet/postgres
Containers:
  postgres:
    Container ID:   containerd://f76b36dbb6ed02991c69860f3495b292fe266300a98a8c52d4d1fd1711a4d864
    Image:          postgres:17-alpine
    Image ID:       docker.io/library/postgres@sha256:778d0b486d6daa02b77434d0358ec57a1b21fd8b6d22ac2eef56a33e816928f6
    Port:           5432/TCP
    Host Port:      0/TCP
    State:          Running
      Started:      Mon, 27 Apr 2026 09:52:59 +0200
    Ready:          True
    Restart Count:  0
    Limits:
      cpu:     1500m
      memory:  1536Mi
    Requests:
      cpu:      100m
      memory:   256Mi
    Readiness:  exec [pg_isready -U postgres] delay=5s timeout=1s period=5s #success=1 #failure=3
    Environment:
      POSTGRES_DB:        postgres
      POSTGRES_USER:      postgres
      POSTGRES_PASSWORD:  <set to the key 'postgres-superuser-password' in secret 'hermod-secrets'>  Optional: false
    Mounts:
      /docker-entrypoint-initdb.d from init (rw)
      /var/lib/postgresql/data from data (rw)
      /var/run/secrets/kubernetes.io/serviceaccount from kube-api-access-s775r (ro)
Conditions:
  Type                        Status
  PodReadyToStartContainers   True 
  Initialized                 True 
  Ready                       True 
  ContainersReady             True 
  PodScheduled                True 
Volumes:
  data:
    Type:       PersistentVolumeClaim (a reference to a PersistentVolumeClaim in the same namespace)
    ClaimName:  data-postgres-0
    ReadOnly:   false
  init:
    Type:      ConfigMap (a volume populated by a ConfigMap)
    Name:      postgres-init
    Optional:  false
  kube-api-access-s775r:
    Type:                    Projected (a volume that contains injected data from multiple sources)
    TokenExpirationSeconds:  3607
    ConfigMapName:           kube-root-ca.crt
    Optional:                false
    DownwardAPI:             true
QoS Class:                   Burstable
Node-Selectors:              <none>
Tolerations:                 node.kubernetes.io/not-ready:NoExecute op=Exists for 300s
                             node.kubernetes.io/unreachable:NoExecute op=Exists for 300s
Events:
  Type    Reason     Age    From               Message
  ----    ------     ----   ----               -------
  Normal  Scheduled  2m50s  default-scheduler  Successfully assigned translator-zigbee/postgres-0 to <pi-host>
  Normal  Pulled     2m49s  kubelet            spec.containers{postgres}: Container image "postgres:17-alpine" already present on machine
  Normal  Created    2m49s  kubelet            spec.containers{postgres}: Created container: postgres
  Normal  Started    2m49s  kubelet            spec.containers{postgres}: Started container postgres


Name:             zigbee2mqtt-6b85d5787-hfqp6
Namespace:        translator-zigbee
Priority:         0
Service Account:  default
Node:             <pi-host>/<pi-ip>
Start Time:       Mon, 27 Apr 2026 09:52:52 +0200
Labels:           app=zigbee2mqtt
                  pod-template-hash=6b85d5787
Annotations:      cni.projectcalico.org/containerID: 945e0fd22ec1a56b36a59771ef689cb52560ac9f3b725176dbd634431be110bd
                  cni.projectcalico.org/podIP: <pod-ip>/32
                  cni.projectcalico.org/podIPs: <pod-ip>/32
Status:           Running
IP:               <pod-ip>
IPs:
  IP:           <pod-ip>
Controlled By:  ReplicaSet/zigbee2mqtt-6b85d5787
Init Containers:
  seed-config:
    Container ID:  containerd://425d2c3d7f1796a5c23ff1c62a02f58918b092cd754eebb5e227552df216432b
    Image:         busybox:latest
    Image ID:      docker.io/library/busybox@sha256:1487d0af5f52b4ba31c7e465126ee2123fe3f2305d638e7827681e7cf6c83d5e
    Port:          <none>
    Host Port:     <none>
    Command:
      sh
      -c
      cp /tmp/cm/configuration.yaml /app/data/configuration.yaml && chmod 0644 /app/data/configuration.yaml
    State:          Terminated
      Reason:       Completed
      Exit Code:    0
      Started:      Mon, 27 Apr 2026 09:52:54 +0200
      Finished:     Mon, 27 Apr 2026 09:52:54 +0200
    Ready:          True
    Restart Count:  0
    Environment:    <none>
    Mounts:
      /app/data from data (rw)
      /tmp/cm from config-cm (rw)
      /var/run/secrets/kubernetes.io/serviceaccount from kube-api-access-4xq2n (ro)
Containers:
  zigbee2mqtt:
    Container ID:   containerd://fc5ad13fc4216bfb9aec82f1144fc8c5734bc87c8c93b7e995b228c3a637a4ba
    Image:          koenkk/zigbee2mqtt:latest
    Image ID:       docker.io/koenkk/zigbee2mqtt@sha256:2a21bbf7a664a149024bbe1f776e3151f28ed9db15948270dcbffb89544a41f0
    Port:           8080/TCP (http)
    Host Port:      0/TCP (http)
    State:          Running
      Started:      Mon, 27 Apr 2026 09:52:55 +0200
    Ready:          True
    Restart Count:  0
    Limits:
      cpu:     1
      memory:  512Mi
    Requests:
      cpu:     100m
      memory:  128Mi
    Environment:
      TZ:                                Europe/Bratislava
      ZIGBEE2MQTT_CONFIG_MQTT_USER:      <set to the key 'mqtt-username' in secret 'hermod-secrets'>  Optional: false
      ZIGBEE2MQTT_CONFIG_MQTT_PASSWORD:  <set to the key 'mqtt-password' in secret 'hermod-secrets'>  Optional: false
    Mounts:
      /app/data from data (rw)
      /dev/ttyUSB0 from zigbee-device (rw)
      /var/run/secrets/kubernetes.io/serviceaccount from kube-api-access-4xq2n (ro)
Conditions:
  Type                        Status
  PodReadyToStartContainers   True 
  Initialized                 True 
  Ready                       True 
  ContainersReady             True 
  PodScheduled                True 
Volumes:
  data:
    Type:       EmptyDir (a temporary directory that shares a pod's lifetime)
    Medium:     
    SizeLimit:  <unset>
  config-cm:
    Type:      ConfigMap (a volume populated by a ConfigMap)
    Name:      zigbee2mqtt-config
    Optional:  false
  zigbee-device:
    Type:          HostPath (bare host directory volume)
    Path:          /dev/ttyUSB0
    HostPathType:  CharDevice
  kube-api-access-4xq2n:
    Type:                    Projected (a volume that contains injected data from multiple sources)
    TokenExpirationSeconds:  3607
    ConfigMapName:           kube-root-ca.crt
    Optional:                false
    DownwardAPI:             true
QoS Class:                   Burstable
Node-Selectors:              hermod.io/zigbee=true
Tolerations:                 node.kubernetes.io/not-ready:NoExecute op=Exists for 300s
                             node.kubernetes.io/unreachable:NoExecute op=Exists for 300s
Events:
  Type    Reason     Age    From               Message
  ----    ------     ----   ----               -------
  Normal  Scheduled  2m56s  default-scheduler  Successfully assigned translator-zigbee/zigbee2mqtt-6b85d5787-hfqp6 to <pi-host>
  Normal  Pulled     2m55s  kubelet            spec.initContainers{seed-config}: Container image "busybox:latest" already present on machine
  Normal  Created    2m55s  kubelet            spec.initContainers{seed-config}: Created container: seed-config
  Normal  Started    2m54s  kubelet            spec.initContainers{seed-config}: Started container seed-config
  Normal  Pulled     2m54s  kubelet            spec.containers{zigbee2mqtt}: Container image "koenkk/zigbee2mqtt:latest" already present on machine
  Normal  Created    2m53s  kubelet            spec.containers{zigbee2mqtt}: Created container: zigbee2mqtt
  Normal  Started    2m53s  kubelet            spec.containers{zigbee2mqtt}: Started container zigbee2mqtt

=== ts=1777276554 ===
Name:             hermod-coordinator-7d7b88cc46-hnhsd
Namespace:        translator-zigbee
Priority:         0
Service Account:  default
Node:             <pi-host>/<pi-ip>
Start Time:       Mon, 27 Apr 2026 09:53:17 +0200
Labels:           app=hermod-coordinator
                  pod-template-hash=7d7b88cc46
Annotations:      cni.projectcalico.org/containerID: 29dd33c590284941ac26f11ce89e47701bca669c6fa6a39dfb3a42148d14863c
                  cni.projectcalico.org/podIP: <pod-ip>/32
                  cni.projectcalico.org/podIPs: <pod-ip>/32
Status:           Running
IP:               <pod-ip>
IPs:
  IP:           <pod-ip>
Controlled By:  ReplicaSet/hermod-coordinator-7d7b88cc46
Init Containers:
  wait-for-postgres:
    Container ID:  containerd://b735ec22ca4fc4068c9ce71d1813ee4b5d3068bca9fbb01e233f111cba80d489
    Image:         busybox:1.36
    Image ID:      docker.io/library/busybox@sha256:73aaf090f3d85aa34ee199857f03fa3a95c8ede2ffd4cc2cdb5b94e566b11662
    Port:          <none>
    Host Port:     <none>
    Command:
      sh
      -c
      until nc -z postgres 5432; do sleep 2; done
    State:          Terminated
      Reason:       Completed
      Exit Code:    0
      Started:      Mon, 27 Apr 2026 09:53:18 +0200
      Finished:     Mon, 27 Apr 2026 09:53:18 +0200
    Ready:          True
    Restart Count:  0
    Environment:
      Hermod__Features__DeviceStateTracking:    true
      Hermod__Engine__LogBatchSize:             100
      Hermod__Engine__LogBatching:              true
      Hermod__Engine__Parallelism:              0
      Hermod__Features__MessagePersistence:     true
      Hermod__Features__RuleAuditLog:           true
      Hermod__Features__RuleCache:              true
      Hermod__Features__StatsRollup:            true
      Hermod__Storage__Mode:                    Postgres
      Logging__LogLevel__Hermod:                Information
      Logging__LogLevel__Microsoft.AspNetCore:  Warning
    Mounts:
      /var/run/secrets/kubernetes.io/serviceaccount from kube-api-access-jx7xr (ro)
  wait-for-nanomq:
    Container ID:  containerd://16133d1264b40b8023c68fae5d2c08f3c8ddf43ec02d29421d460893aab9db46
    Image:         busybox:1.36
    Image ID:      docker.io/library/busybox@sha256:73aaf090f3d85aa34ee199857f03fa3a95c8ede2ffd4cc2cdb5b94e566b11662
    Port:          <none>
    Host Port:     <none>
    Command:
      sh
      -c
      until nc -z nanomq 1883; do sleep 2; done
    State:          Terminated
      Reason:       Completed
      Exit Code:    0
      Started:      Mon, 27 Apr 2026 09:53:19 +0200
      Finished:     Mon, 27 Apr 2026 09:53:19 +0200
    Ready:          True
    Restart Count:  0
    Environment:
      Hermod__Features__DeviceStateTracking:    true
      Hermod__Engine__LogBatchSize:             100
      Hermod__Engine__LogBatching:              true
      Hermod__Engine__Parallelism:              0
      Hermod__Features__MessagePersistence:     true
      Hermod__Features__RuleAuditLog:           true
      Hermod__Features__RuleCache:              true
      Hermod__Features__StatsRollup:            true
      Hermod__Storage__Mode:                    Postgres
      Logging__LogLevel__Hermod:                Information
      Logging__LogLevel__Microsoft.AspNetCore:  Warning
    Mounts:
      /var/run/secrets/kubernetes.io/serviceaccount from kube-api-access-jx7xr (ro)
Containers:
  hermod-coordinator:
    Container ID:   containerd://8bc8e597bde7e2e74a647eb24d90960d221d7add66230cddeca440fb6b8cbad2
    Image:          hermod-coordinator:latest
    Image ID:       sha256:ca91ccdfcd269dd5e4e25d5ffe8d863ca5db57e5c4f62f08c8adf90d23c15eaf
    Port:           42069/TCP (http)
    Host Port:      0/TCP (http)
    State:          Running
      Started:      Mon, 27 Apr 2026 09:53:20 +0200
    Ready:          True
    Restart Count:  0
    Limits:
      cpu:     1500m
      memory:  1536Mi
    Requests:
      cpu:      200m
      memory:   256Mi
    Liveness:   http-get http://:42069/healthz delay=60s timeout=1s period=30s #success=1 #failure=3
    Readiness:  http-get http://:42069/healthz/ready delay=5s timeout=1s period=10s #success=1 #failure=3
    Startup:    http-get http://:42069/healthz delay=0s timeout=1s period=5s #success=1 #failure=30
    Environment:
      ASPNETCORE_ENVIRONMENT:                   Production
      ASPNETCORE_URLS:                          http://+:42069
      DOTNET_USE_POLLING_FILE_WATCHER:          true
      Hermod__Security__AuthBypass:             true
      Hermod__Security__VaultRequireHttps:      false
      Hermod__Features__MetricsEndpoint:        true
      Hermod__Dev__Endpoints:                   true
      Hermod__Mqtt__Host:                       nanomq
      Hermod__Mqtt__Port:                       1883
      Hermod__Mqtt__UseTls:                     false
      Hermod__Mqtt__Tls__UseTls:                false
      Hermod__Mqtt__Username:                   <set to the key 'mqtt-username' in secret 'hermod-secrets'>  Optional: false
      Hermod__Mqtt__Password:                   <set to the key 'mqtt-password' in secret 'hermod-secrets'>  Optional: false
      Hermod__Database__ConnectionString:       Host=postgres;Port=5432;Database=hermod;Username=hermod_app
      Hermod__Database__Password:               <set to the key 'hermod-db-password' in secret 'hermod-db-credentials'>  Optional: false
      Hermod__Features__DeviceStateTracking:    true
      Hermod__Engine__LogBatchSize:             100
      Hermod__Engine__LogBatching:              true
      Hermod__Engine__Parallelism:              0
      Hermod__Features__MessagePersistence:     true
      Hermod__Features__RuleAuditLog:           true
      Hermod__Features__RuleCache:              true
      Hermod__Features__StatsRollup:            true
      Hermod__Storage__Mode:                    Postgres
      Logging__LogLevel__Hermod:                Information
      Logging__LogLevel__Microsoft.AspNetCore:  Warning
    Mounts:
      /var/run/secrets/kubernetes.io/serviceaccount from kube-api-access-jx7xr (ro)
Conditions:
  Type                        Status
  PodReadyToStartContainers   True 
  Initialized                 True 
  Ready                       True 
  ContainersReady             True 
  PodScheduled                True 
Volumes:
  kube-api-access-jx7xr:
    Type:                    Projected (a volume that contains injected data from multiple sources)
    TokenExpirationSeconds:  3607
    ConfigMapName:           kube-root-ca.crt
    Optional:                false
    DownwardAPI:             true
QoS Class:                   Burstable
Node-Selectors:              <none>
Tolerations:                 node.kubernetes.io/not-ready:NoExecute op=Exists for 300s
                             node.kubernetes.io/unreachable:NoExecute op=Exists for 300s
Events:
  Type    Reason     Age    From               Message
  ----    ------     ----   ----               -------
  Normal  Scheduled  2m36s  default-scheduler  Successfully assigned translator-zigbee/hermod-coordinator-7d7b88cc46-hnhsd to <pi-host>
  Normal  Pulled     2m36s  kubelet            spec.initContainers{wait-for-postgres}: Container image "busybox:1.36" already present on machine
  Normal  Created    2m36s  kubelet            spec.initContainers{wait-for-postgres}: Created container: wait-for-postgres
  Normal  Started    2m36s  kubelet            spec.initContainers{wait-for-postgres}: Started container wait-for-postgres
  Normal  Pulled     2m35s  kubelet            spec.initContainers{wait-for-nanomq}: Container image "busybox:1.36" already present on machine
  Normal  Created    2m35s  kubelet            spec.initContainers{wait-for-nanomq}: Created container: wait-for-nanomq
  Normal  Started    2m35s  kubelet            spec.initContainers{wait-for-nanomq}: Started container wait-for-nanomq
  Normal  Pulled     2m34s  kubelet            spec.containers{hermod-coordinator}: Container image "hermod-coordinator:latest" already present on machine
  Normal  Created    2m34s  kubelet            spec.containers{hermod-coordinator}: Created container: hermod-coordinator
  Normal  Started    2m34s  kubelet            spec.containers{hermod-coordinator}: Started container hermod-coordinator


Name:             nanomq-756fd88db6-7k858
Namespace:        translator-zigbee
Priority:         0
Service Account:  default
Node:             <pi-host>/<pi-ip>
Start Time:       Mon, 27 Apr 2026 09:52:52 +0200
Labels:           app=nanomq
                  pod-template-hash=756fd88db6
Annotations:      cni.projectcalico.org/containerID: f68917fdb6d5fd3ef7b3460dc9ac51bf0b1a84031e3fb47f6c871b391cca24dd
                  cni.projectcalico.org/podIP: <pod-ip>/32
                  cni.projectcalico.org/podIPs: <pod-ip>/32
Status:           Running
IP:               <pod-ip>
IPs:
  IP:           <pod-ip>
Controlled By:  ReplicaSet/nanomq-756fd88db6
Containers:
  nanomq:
    Container ID:   containerd://480eeb895e24a6a50602e6f2f95d3b5b3cfced0cad9a460bca746b8b3fd2bc0d
    Image:          emqx/nanomq:0.21-slim
    Image ID:       docker.io/emqx/nanomq@sha256:53bea7acb547aced1cc45e08c514628f1e41c4da9ad544fd8c5fa96d3e9eb41b
    Ports:          1883/TCP (mqtt), 8081/TCP (http)
    Host Ports:     0/TCP (mqtt), 0/TCP (http)
    State:          Running
      Started:      Mon, 27 Apr 2026 09:52:53 +0200
    Ready:          True
    Restart Count:  0
    Limits:
      cpu:     1
      memory:  512Mi
    Requests:
      cpu:        50m
      memory:     64Mi
    Readiness:    tcp-socket :1883 delay=3s timeout=1s period=5s #success=1 #failure=3
    Environment:  <none>
    Mounts:
      /etc/nanomq.conf from config (rw,path="nanomq.conf")
      /var/run/secrets/kubernetes.io/serviceaccount from kube-api-access-tcmf7 (ro)
Conditions:
  Type                        Status
  PodReadyToStartContainers   True 
  Initialized                 True 
  Ready                       True 
  ContainersReady             True 
  PodScheduled                True 
Volumes:
  config:
    Type:      ConfigMap (a volume populated by a ConfigMap)
    Name:      nanomq-config
    Optional:  false
  kube-api-access-tcmf7:
    Type:                    Projected (a volume that contains injected data from multiple sources)
    TokenExpirationSeconds:  3607
    ConfigMapName:           kube-root-ca.crt
    Optional:                false
    DownwardAPI:             true
QoS Class:                   Burstable
Node-Selectors:              <none>
Tolerations:                 node.kubernetes.io/not-ready:NoExecute op=Exists for 300s
                             node.kubernetes.io/unreachable:NoExecute op=Exists for 300s
Events:
  Type    Reason     Age   From               Message
  ----    ------     ----  ----               -------
  Normal  Scheduled  3m2s  default-scheduler  Successfully assigned translator-zigbee/nanomq-756fd88db6-7k858 to <pi-host>
  Normal  Pulled     3m1s  kubelet            spec.containers{nanomq}: Container image "emqx/nanomq:0.21-slim" already present on machine
  Normal  Created    3m1s  kubelet            spec.containers{nanomq}: Created container: nanomq
  Normal  Started    3m1s  kubelet            spec.containers{nanomq}: Started container nanomq


Name:             postgres-0
Namespace:        translator-zigbee
Priority:         0
Service Account:  default
Node:             <pi-host>/<pi-ip>
Start Time:       Mon, 27 Apr 2026 09:52:58 +0200
Labels:           app=postgres
                  apps.kubernetes.io/pod-index=0
                  controller-revision-hash=postgres-848ccb988d
                  statefulset.kubernetes.io/pod-name=postgres-0
Annotations:      cni.projectcalico.org/containerID: 006d092a18672fa9e728a5b435a4d67a77871b40812ee6c28f8ffab3c1cf181d
                  cni.projectcalico.org/podIP: <pod-ip>/32
                  cni.projectcalico.org/podIPs: <pod-ip>/32
Status:           Running
IP:               <pod-ip>
IPs:
  IP:           <pod-ip>
Controlled By:  StatefulSet/postgres
Containers:
  postgres:
    Container ID:   containerd://f76b36dbb6ed02991c69860f3495b292fe266300a98a8c52d4d1fd1711a4d864
    Image:          postgres:17-alpine
    Image ID:       docker.io/library/postgres@sha256:778d0b486d6daa02b77434d0358ec57a1b21fd8b6d22ac2eef56a33e816928f6
    Port:           5432/TCP
    Host Port:      0/TCP
    State:          Running
      Started:      Mon, 27 Apr 2026 09:52:59 +0200
    Ready:          True
    Restart Count:  0
    Limits:
      cpu:     1500m
      memory:  1536Mi
    Requests:
      cpu:      100m
      memory:   256Mi
    Readiness:  exec [pg_isready -U postgres] delay=5s timeout=1s period=5s #success=1 #failure=3
    Environment:
      POSTGRES_DB:        postgres
      POSTGRES_USER:      postgres
      POSTGRES_PASSWORD:  <set to the key 'postgres-superuser-password' in secret 'hermod-secrets'>  Optional: false
    Mounts:
      /docker-entrypoint-initdb.d from init (rw)
      /var/lib/postgresql/data from data (rw)
      /var/run/secrets/kubernetes.io/serviceaccount from kube-api-access-s775r (ro)
Conditions:
  Type                        Status
  PodReadyToStartContainers   True 
  Initialized                 True 
  Ready                       True 
  ContainersReady             True 
  PodScheduled                True 
Volumes:
  data:
    Type:       PersistentVolumeClaim (a reference to a PersistentVolumeClaim in the same namespace)
    ClaimName:  data-postgres-0
    ReadOnly:   false
  init:
    Type:      ConfigMap (a volume populated by a ConfigMap)
    Name:      postgres-init
    Optional:  false
  kube-api-access-s775r:
    Type:                    Projected (a volume that contains injected data from multiple sources)
    TokenExpirationSeconds:  3607
    ConfigMapName:           kube-root-ca.crt
    Optional:                false
    DownwardAPI:             true
QoS Class:                   Burstable
Node-Selectors:              <none>
Tolerations:                 node.kubernetes.io/not-ready:NoExecute op=Exists for 300s
                             node.kubernetes.io/unreachable:NoExecute op=Exists for 300s
Events:
  Type    Reason     Age    From               Message
  ----    ------     ----   ----               -------
  Normal  Scheduled  2m56s  default-scheduler  Successfully assigned translator-zigbee/postgres-0 to <pi-host>
  Normal  Pulled     2m55s  kubelet            spec.containers{postgres}: Container image "postgres:17-alpine" already present on machine
  Normal  Created    2m55s  kubelet            spec.containers{postgres}: Created container: postgres
  Normal  Started    2m55s  kubelet            spec.containers{postgres}: Started container postgres


Name:             zigbee2mqtt-6b85d5787-hfqp6
Namespace:        translator-zigbee
Priority:         0
Service Account:  default
Node:             <pi-host>/<pi-ip>
Start Time:       Mon, 27 Apr 2026 09:52:52 +0200
Labels:           app=zigbee2mqtt
                  pod-template-hash=6b85d5787
Annotations:      cni.projectcalico.org/containerID: 945e0fd22ec1a56b36a59771ef689cb52560ac9f3b725176dbd634431be110bd
                  cni.projectcalico.org/podIP: <pod-ip>/32
                  cni.projectcalico.org/podIPs: <pod-ip>/32
Status:           Running
IP:               <pod-ip>
IPs:
  IP:           <pod-ip>
Controlled By:  ReplicaSet/zigbee2mqtt-6b85d5787
Init Containers:
  seed-config:
    Container ID:  containerd://425d2c3d7f1796a5c23ff1c62a02f58918b092cd754eebb5e227552df216432b
    Image:         busybox:latest
    Image ID:      docker.io/library/busybox@sha256:1487d0af5f52b4ba31c7e465126ee2123fe3f2305d638e7827681e7cf6c83d5e
    Port:          <none>
    Host Port:     <none>
    Command:
      sh
      -c
      cp /tmp/cm/configuration.yaml /app/data/configuration.yaml && chmod 0644 /app/data/configuration.yaml
    State:          Terminated
      Reason:       Completed
      Exit Code:    0
      Started:      Mon, 27 Apr 2026 09:52:54 +0200
      Finished:     Mon, 27 Apr 2026 09:52:54 +0200
    Ready:          True
    Restart Count:  0
    Environment:    <none>
    Mounts:
      /app/data from data (rw)
      /tmp/cm from config-cm (rw)
      /var/run/secrets/kubernetes.io/serviceaccount from kube-api-access-4xq2n (ro)
Containers:
  zigbee2mqtt:
    Container ID:   containerd://fc5ad13fc4216bfb9aec82f1144fc8c5734bc87c8c93b7e995b228c3a637a4ba
    Image:          koenkk/zigbee2mqtt:latest
    Image ID:       docker.io/koenkk/zigbee2mqtt@sha256:2a21bbf7a664a149024bbe1f776e3151f28ed9db15948270dcbffb89544a41f0
    Port:           8080/TCP (http)
    Host Port:      0/TCP (http)
    State:          Running
      Started:      Mon, 27 Apr 2026 09:52:55 +0200
    Ready:          True
    Restart Count:  0
    Limits:
      cpu:     1
      memory:  512Mi
    Requests:
      cpu:     100m
      memory:  128Mi
    Environment:
      TZ:                                Europe/Bratislava
      ZIGBEE2MQTT_CONFIG_MQTT_USER:      <set to the key 'mqtt-username' in secret 'hermod-secrets'>  Optional: false
      ZIGBEE2MQTT_CONFIG_MQTT_PASSWORD:  <set to the key 'mqtt-password' in secret 'hermod-secrets'>  Optional: false
    Mounts:
      /app/data from data (rw)
      /dev/ttyUSB0 from zigbee-device (rw)
      /var/run/secrets/kubernetes.io/serviceaccount from kube-api-access-4xq2n (ro)
Conditions:
  Type                        Status
  PodReadyToStartContainers   True 
  Initialized                 True 
  Ready                       True 
  ContainersReady             True 
  PodScheduled                True 
Volumes:
  data:
    Type:       EmptyDir (a temporary directory that shares a pod's lifetime)
    Medium:     
    SizeLimit:  <unset>
  config-cm:
    Type:      ConfigMap (a volume populated by a ConfigMap)
    Name:      zigbee2mqtt-config
    Optional:  false
  zigbee-device:
    Type:          HostPath (bare host directory volume)
    Path:          /dev/ttyUSB0
    HostPathType:  CharDevice
  kube-api-access-4xq2n:
    Type:                    Projected (a volume that contains injected data from multiple sources)
    TokenExpirationSeconds:  3607
    ConfigMapName:           kube-root-ca.crt
    Optional:                false
    DownwardAPI:             true
QoS Class:                   Burstable
Node-Selectors:              hermod.io/zigbee=true
Tolerations:                 node.kubernetes.io/not-ready:NoExecute op=Exists for 300s
                             node.kubernetes.io/unreachable:NoExecute op=Exists for 300s
Events:
  Type    Reason     Age    From               Message
  ----    ------     ----   ----               -------
  Normal  Scheduled  3m1s   default-scheduler  Successfully assigned translator-zigbee/zigbee2mqtt-6b85d5787-hfqp6 to <pi-host>
  Normal  Pulled     3m1s   kubelet            spec.initContainers{seed-config}: Container image "busybox:latest" already present on machine
  Normal  Created    3m1s   kubelet            spec.initContainers{seed-config}: Created container: seed-config
  Normal  Started    3m     kubelet            spec.initContainers{seed-config}: Started container seed-config
  Normal  Pulled     3m     kubelet            spec.containers{zigbee2mqtt}: Container image "koenkk/zigbee2mqtt:latest" already present on machine
  Normal  Created    2m59s  kubelet            spec.containers{zigbee2mqtt}: Created container: zigbee2mqtt
  Normal  Started    2m59s  kubelet            spec.containers{zigbee2mqtt}: Started container zigbee2mqtt

=== ts=1777276560 ===
Name:             hermod-coordinator-7d7b88cc46-hnhsd
Namespace:        translator-zigbee
Priority:         0
Service Account:  default
Node:             <pi-host>/<pi-ip>
Start Time:       Mon, 27 Apr 2026 09:53:17 +0200
Labels:           app=hermod-coordinator
                  pod-template-hash=7d7b88cc46
Annotations:      cni.projectcalico.org/containerID: 29dd33c590284941ac26f11ce89e47701bca669c6fa6a39dfb3a42148d14863c
                  cni.projectcalico.org/podIP: <pod-ip>/32
                  cni.projectcalico.org/podIPs: <pod-ip>/32
Status:           Running
IP:               <pod-ip>
IPs:
  IP:           <pod-ip>
Controlled By:  ReplicaSet/hermod-coordinator-7d7b88cc46
Init Containers:
  wait-for-postgres:
    Container ID:  containerd://b735ec22ca4fc4068c9ce71d1813ee4b5d3068bca9fbb01e233f111cba80d489
    Image:         busybox:1.36
    Image ID:      docker.io/library/busybox@sha256:73aaf090f3d85aa34ee199857f03fa3a95c8ede2ffd4cc2cdb5b94e566b11662
    Port:          <none>
    Host Port:     <none>
    Command:
      sh
      -c
      until nc -z postgres 5432; do sleep 2; done
    State:          Terminated
      Reason:       Completed
      Exit Code:    0
      Started:      Mon, 27 Apr 2026 09:53:18 +0200
      Finished:     Mon, 27 Apr 2026 09:53:18 +0200
    Ready:          True
    Restart Count:  0
    Environment:
      Hermod__Features__DeviceStateTracking:    true
      Hermod__Engine__LogBatchSize:             100
      Hermod__Engine__LogBatching:              true
      Hermod__Engine__Parallelism:              0
      Hermod__Features__MessagePersistence:     true
      Hermod__Features__RuleAuditLog:           true
      Hermod__Features__RuleCache:              true
      Hermod__Features__StatsRollup:            true
      Hermod__Storage__Mode:                    Postgres
      Logging__LogLevel__Hermod:                Information
      Logging__LogLevel__Microsoft.AspNetCore:  Warning
    Mounts:
      /var/run/secrets/kubernetes.io/serviceaccount from kube-api-access-jx7xr (ro)
  wait-for-nanomq:
    Container ID:  containerd://16133d1264b40b8023c68fae5d2c08f3c8ddf43ec02d29421d460893aab9db46
    Image:         busybox:1.36
    Image ID:      docker.io/library/busybox@sha256:73aaf090f3d85aa34ee199857f03fa3a95c8ede2ffd4cc2cdb5b94e566b11662
    Port:          <none>
    Host Port:     <none>
    Command:
      sh
      -c
      until nc -z nanomq 1883; do sleep 2; done
    State:          Terminated
      Reason:       Completed
      Exit Code:    0
      Started:      Mon, 27 Apr 2026 09:53:19 +0200
      Finished:     Mon, 27 Apr 2026 09:53:19 +0200
    Ready:          True
    Restart Count:  0
    Environment:
      Hermod__Features__DeviceStateTracking:    true
      Hermod__Engine__LogBatchSize:             100
      Hermod__Engine__LogBatching:              true
      Hermod__Engine__Parallelism:              0
      Hermod__Features__MessagePersistence:     true
      Hermod__Features__RuleAuditLog:           true
      Hermod__Features__RuleCache:              true
      Hermod__Features__StatsRollup:            true
      Hermod__Storage__Mode:                    Postgres
      Logging__LogLevel__Hermod:                Information
      Logging__LogLevel__Microsoft.AspNetCore:  Warning
    Mounts:
      /var/run/secrets/kubernetes.io/serviceaccount from kube-api-access-jx7xr (ro)
Containers:
  hermod-coordinator:
    Container ID:   containerd://8bc8e597bde7e2e74a647eb24d90960d221d7add66230cddeca440fb6b8cbad2
    Image:          hermod-coordinator:latest
    Image ID:       sha256:ca91ccdfcd269dd5e4e25d5ffe8d863ca5db57e5c4f62f08c8adf90d23c15eaf
    Port:           42069/TCP (http)
    Host Port:      0/TCP (http)
    State:          Running
      Started:      Mon, 27 Apr 2026 09:53:20 +0200
    Ready:          True
    Restart Count:  0
    Limits:
      cpu:     1500m
      memory:  1536Mi
    Requests:
      cpu:      200m
      memory:   256Mi
    Liveness:   http-get http://:42069/healthz delay=60s timeout=1s period=30s #success=1 #failure=3
    Readiness:  http-get http://:42069/healthz/ready delay=5s timeout=1s period=10s #success=1 #failure=3
    Startup:    http-get http://:42069/healthz delay=0s timeout=1s period=5s #success=1 #failure=30
    Environment:
      ASPNETCORE_ENVIRONMENT:                   Production
      ASPNETCORE_URLS:                          http://+:42069
      DOTNET_USE_POLLING_FILE_WATCHER:          true
      Hermod__Security__AuthBypass:             true
      Hermod__Security__VaultRequireHttps:      false
      Hermod__Features__MetricsEndpoint:        true
      Hermod__Dev__Endpoints:                   true
      Hermod__Mqtt__Host:                       nanomq
      Hermod__Mqtt__Port:                       1883
      Hermod__Mqtt__UseTls:                     false
      Hermod__Mqtt__Tls__UseTls:                false
      Hermod__Mqtt__Username:                   <set to the key 'mqtt-username' in secret 'hermod-secrets'>  Optional: false
      Hermod__Mqtt__Password:                   <set to the key 'mqtt-password' in secret 'hermod-secrets'>  Optional: false
      Hermod__Database__ConnectionString:       Host=postgres;Port=5432;Database=hermod;Username=hermod_app
      Hermod__Database__Password:               <set to the key 'hermod-db-password' in secret 'hermod-db-credentials'>  Optional: false
      Hermod__Features__DeviceStateTracking:    true
      Hermod__Engine__LogBatchSize:             100
      Hermod__Engine__LogBatching:              true
      Hermod__Engine__Parallelism:              0
      Hermod__Features__MessagePersistence:     true
      Hermod__Features__RuleAuditLog:           true
      Hermod__Features__RuleCache:              true
      Hermod__Features__StatsRollup:            true
      Hermod__Storage__Mode:                    Postgres
      Logging__LogLevel__Hermod:                Information
      Logging__LogLevel__Microsoft.AspNetCore:  Warning
    Mounts:
      /var/run/secrets/kubernetes.io/serviceaccount from kube-api-access-jx7xr (ro)
Conditions:
  Type                        Status
  PodReadyToStartContainers   True 
  Initialized                 True 
  Ready                       True 
  ContainersReady             True 
  PodScheduled                True 
Volumes:
  kube-api-access-jx7xr:
    Type:                    Projected (a volume that contains injected data from multiple sources)
    TokenExpirationSeconds:  3607
    ConfigMapName:           kube-root-ca.crt
    Optional:                false
    DownwardAPI:             true
QoS Class:                   Burstable
Node-Selectors:              <none>
Tolerations:                 node.kubernetes.io/not-ready:NoExecute op=Exists for 300s
                             node.kubernetes.io/unreachable:NoExecute op=Exists for 300s
Events:
  Type    Reason     Age    From               Message
  ----    ------     ----   ----               -------
  Normal  Scheduled  2m42s  default-scheduler  Successfully assigned translator-zigbee/hermod-coordinator-7d7b88cc46-hnhsd to <pi-host>
  Normal  Pulled     2m42s  kubelet            spec.initContainers{wait-for-postgres}: Container image "busybox:1.36" already present on machine
  Normal  Created    2m42s  kubelet            spec.initContainers{wait-for-postgres}: Created container: wait-for-postgres
  Normal  Started    2m42s  kubelet            spec.initContainers{wait-for-postgres}: Started container wait-for-postgres
  Normal  Pulled     2m41s  kubelet            spec.initContainers{wait-for-nanomq}: Container image "busybox:1.36" already present on machine
  Normal  Created    2m41s  kubelet            spec.initContainers{wait-for-nanomq}: Created container: wait-for-nanomq
  Normal  Started    2m41s  kubelet            spec.initContainers{wait-for-nanomq}: Started container wait-for-nanomq
  Normal  Pulled     2m40s  kubelet            spec.containers{hermod-coordinator}: Container image "hermod-coordinator:latest" already present on machine
  Normal  Created    2m40s  kubelet            spec.containers{hermod-coordinator}: Created container: hermod-coordinator
  Normal  Started    2m40s  kubelet            spec.containers{hermod-coordinator}: Started container hermod-coordinator


Name:             nanomq-756fd88db6-7k858
Namespace:        translator-zigbee
Priority:         0
Service Account:  default
Node:             <pi-host>/<pi-ip>
Start Time:       Mon, 27 Apr 2026 09:52:52 +0200
Labels:           app=nanomq
                  pod-template-hash=756fd88db6
Annotations:      cni.projectcalico.org/containerID: f68917fdb6d5fd3ef7b3460dc9ac51bf0b1a84031e3fb47f6c871b391cca24dd
                  cni.projectcalico.org/podIP: <pod-ip>/32
                  cni.projectcalico.org/podIPs: <pod-ip>/32
Status:           Running
IP:               <pod-ip>
IPs:
  IP:           <pod-ip>
Controlled By:  ReplicaSet/nanomq-756fd88db6
Containers:
  nanomq:
    Container ID:   containerd://480eeb895e24a6a50602e6f2f95d3b5b3cfced0cad9a460bca746b8b3fd2bc0d
    Image:          emqx/nanomq:0.21-slim
    Image ID:       docker.io/emqx/nanomq@sha256:53bea7acb547aced1cc45e08c514628f1e41c4da9ad544fd8c5fa96d3e9eb41b
    Ports:          1883/TCP (mqtt), 8081/TCP (http)
    Host Ports:     0/TCP (mqtt), 0/TCP (http)
    State:          Running
      Started:      Mon, 27 Apr 2026 09:52:53 +0200
    Ready:          True
    Restart Count:  0
    Limits:
      cpu:     1
      memory:  512Mi
    Requests:
      cpu:        50m
      memory:     64Mi
    Readiness:    tcp-socket :1883 delay=3s timeout=1s period=5s #success=1 #failure=3
    Environment:  <none>
    Mounts:
      /etc/nanomq.conf from config (rw,path="nanomq.conf")
      /var/run/secrets/kubernetes.io/serviceaccount from kube-api-access-tcmf7 (ro)
Conditions:
  Type                        Status
  PodReadyToStartContainers   True 
  Initialized                 True 
  Ready                       True 
  ContainersReady             True 
  PodScheduled                True 
Volumes:
  config:
    Type:      ConfigMap (a volume populated by a ConfigMap)
    Name:      nanomq-config
    Optional:  false
  kube-api-access-tcmf7:
    Type:                    Projected (a volume that contains injected data from multiple sources)
    TokenExpirationSeconds:  3607
    ConfigMapName:           kube-root-ca.crt
    Optional:                false
    DownwardAPI:             true
QoS Class:                   Burstable
Node-Selectors:              <none>
Tolerations:                 node.kubernetes.io/not-ready:NoExecute op=Exists for 300s
                             node.kubernetes.io/unreachable:NoExecute op=Exists for 300s
Events:
  Type    Reason     Age   From               Message
  ----    ------     ----  ----               -------
  Normal  Scheduled  3m7s  default-scheduler  Successfully assigned translator-zigbee/nanomq-756fd88db6-7k858 to <pi-host>
  Normal  Pulled     3m7s  kubelet            spec.containers{nanomq}: Container image "emqx/nanomq:0.21-slim" already present on machine
  Normal  Created    3m7s  kubelet            spec.containers{nanomq}: Created container: nanomq
  Normal  Started    3m7s  kubelet            spec.containers{nanomq}: Started container nanomq


Name:             postgres-0
Namespace:        translator-zigbee
Priority:         0
Service Account:  default
Node:             <pi-host>/<pi-ip>
Start Time:       Mon, 27 Apr 2026 09:52:58 +0200
Labels:           app=postgres
                  apps.kubernetes.io/pod-index=0
                  controller-revision-hash=postgres-848ccb988d
                  statefulset.kubernetes.io/pod-name=postgres-0
Annotations:      cni.projectcalico.org/containerID: 006d092a18672fa9e728a5b435a4d67a77871b40812ee6c28f8ffab3c1cf181d
                  cni.projectcalico.org/podIP: <pod-ip>/32
                  cni.projectcalico.org/podIPs: <pod-ip>/32
Status:           Running
IP:               <pod-ip>
IPs:
  IP:           <pod-ip>
Controlled By:  StatefulSet/postgres
Containers:
  postgres:
    Container ID:   containerd://f76b36dbb6ed02991c69860f3495b292fe266300a98a8c52d4d1fd1711a4d864
    Image:          postgres:17-alpine
    Image ID:       docker.io/library/postgres@sha256:778d0b486d6daa02b77434d0358ec57a1b21fd8b6d22ac2eef56a33e816928f6
    Port:           5432/TCP
    Host Port:      0/TCP
    State:          Running
      Started:      Mon, 27 Apr 2026 09:52:59 +0200
    Ready:          True
    Restart Count:  0
    Limits:
      cpu:     1500m
      memory:  1536Mi
    Requests:
      cpu:      100m
      memory:   256Mi
    Readiness:  exec [pg_isready -U postgres] delay=5s timeout=1s period=5s #success=1 #failure=3
    Environment:
      POSTGRES_DB:        postgres
      POSTGRES_USER:      postgres
      POSTGRES_PASSWORD:  <set to the key 'postgres-superuser-password' in secret 'hermod-secrets'>  Optional: false
    Mounts:
      /docker-entrypoint-initdb.d from init (rw)
      /var/lib/postgresql/data from data (rw)
      /var/run/secrets/kubernetes.io/serviceaccount from kube-api-access-s775r (ro)
Conditions:
  Type                        Status
  PodReadyToStartContainers   True 
  Initialized                 True 
  Ready                       True 
  ContainersReady             True 
  PodScheduled                True 
Volumes:
  data:
    Type:       PersistentVolumeClaim (a reference to a PersistentVolumeClaim in the same namespace)
    ClaimName:  data-postgres-0
    ReadOnly:   false
  init:
    Type:      ConfigMap (a volume populated by a ConfigMap)
    Name:      postgres-init
    Optional:  false
  kube-api-access-s775r:
    Type:                    Projected (a volume that contains injected data from multiple sources)
    TokenExpirationSeconds:  3607
    ConfigMapName:           kube-root-ca.crt
    Optional:                false
    DownwardAPI:             true
QoS Class:                   Burstable
Node-Selectors:              <none>
Tolerations:                 node.kubernetes.io/not-ready:NoExecute op=Exists for 300s
                             node.kubernetes.io/unreachable:NoExecute op=Exists for 300s
Events:
  Type    Reason     Age   From               Message
  ----    ------     ----  ----               -------
  Normal  Scheduled  3m1s  default-scheduler  Successfully assigned translator-zigbee/postgres-0 to <pi-host>
  Normal  Pulled     3m1s  kubelet            spec.containers{postgres}: Container image "postgres:17-alpine" already present on machine
  Normal  Created    3m1s  kubelet            spec.containers{postgres}: Created container: postgres
  Normal  Started    3m1s  kubelet            spec.containers{postgres}: Started container postgres


Name:             zigbee2mqtt-6b85d5787-hfqp6
Namespace:        translator-zigbee
Priority:         0
Service Account:  default
Node:             <pi-host>/<pi-ip>
Start Time:       Mon, 27 Apr 2026 09:52:52 +0200
Labels:           app=zigbee2mqtt
                  pod-template-hash=6b85d5787
Annotations:      cni.projectcalico.org/containerID: 945e0fd22ec1a56b36a59771ef689cb52560ac9f3b725176dbd634431be110bd
                  cni.projectcalico.org/podIP: <pod-ip>/32
                  cni.projectcalico.org/podIPs: <pod-ip>/32
Status:           Running
IP:               <pod-ip>
IPs:
  IP:           <pod-ip>
Controlled By:  ReplicaSet/zigbee2mqtt-6b85d5787
Init Containers:
  seed-config:
    Container ID:  containerd://425d2c3d7f1796a5c23ff1c62a02f58918b092cd754eebb5e227552df216432b
    Image:         busybox:latest
    Image ID:      docker.io/library/busybox@sha256:1487d0af5f52b4ba31c7e465126ee2123fe3f2305d638e7827681e7cf6c83d5e
    Port:          <none>
    Host Port:     <none>
    Command:
      sh
      -c
      cp /tmp/cm/configuration.yaml /app/data/configuration.yaml && chmod 0644 /app/data/configuration.yaml
    State:          Terminated
      Reason:       Completed
      Exit Code:    0
      Started:      Mon, 27 Apr 2026 09:52:54 +0200
      Finished:     Mon, 27 Apr 2026 09:52:54 +0200
    Ready:          True
    Restart Count:  0
    Environment:    <none>
    Mounts:
      /app/data from data (rw)
      /tmp/cm from config-cm (rw)
      /var/run/secrets/kubernetes.io/serviceaccount from kube-api-access-4xq2n (ro)
Containers:
  zigbee2mqtt:
    Container ID:   containerd://fc5ad13fc4216bfb9aec82f1144fc8c5734bc87c8c93b7e995b228c3a637a4ba
    Image:          koenkk/zigbee2mqtt:latest
    Image ID:       docker.io/koenkk/zigbee2mqtt@sha256:2a21bbf7a664a149024bbe1f776e3151f28ed9db15948270dcbffb89544a41f0
    Port:           8080/TCP (http)
    Host Port:      0/TCP (http)
    State:          Running
      Started:      Mon, 27 Apr 2026 09:52:55 +0200
    Ready:          True
    Restart Count:  0
    Limits:
      cpu:     1
      memory:  512Mi
    Requests:
      cpu:     100m
      memory:  128Mi
    Environment:
      TZ:                                Europe/Bratislava
      ZIGBEE2MQTT_CONFIG_MQTT_USER:      <set to the key 'mqtt-username' in secret 'hermod-secrets'>  Optional: false
      ZIGBEE2MQTT_CONFIG_MQTT_PASSWORD:  <set to the key 'mqtt-password' in secret 'hermod-secrets'>  Optional: false
    Mounts:
      /app/data from data (rw)
      /dev/ttyUSB0 from zigbee-device (rw)
      /var/run/secrets/kubernetes.io/serviceaccount from kube-api-access-4xq2n (ro)
Conditions:
  Type                        Status
  PodReadyToStartContainers   True 
  Initialized                 True 
  Ready                       True 
  ContainersReady             True 
  PodScheduled                True 
Volumes:
  data:
    Type:       EmptyDir (a temporary directory that shares a pod's lifetime)
    Medium:     
    SizeLimit:  <unset>
  config-cm:
    Type:      ConfigMap (a volume populated by a ConfigMap)
    Name:      zigbee2mqtt-config
    Optional:  false
  zigbee-device:
    Type:          HostPath (bare host directory volume)
    Path:          /dev/ttyUSB0
    HostPathType:  CharDevice
  kube-api-access-4xq2n:
    Type:                    Projected (a volume that contains injected data from multiple sources)
    TokenExpirationSeconds:  3607
    ConfigMapName:           kube-root-ca.crt
    Optional:                false
    DownwardAPI:             true
QoS Class:                   Burstable
Node-Selectors:              hermod.io/zigbee=true
Tolerations:                 node.kubernetes.io/not-ready:NoExecute op=Exists for 300s
                             node.kubernetes.io/unreachable:NoExecute op=Exists for 300s
Events:
  Type    Reason     Age   From               Message
  ----    ------     ----  ----               -------
  Normal  Scheduled  3m7s  default-scheduler  Successfully assigned translator-zigbee/zigbee2mqtt-6b85d5787-hfqp6 to <pi-host>
  Normal  Pulled     3m7s  kubelet            spec.initContainers{seed-config}: Container image "busybox:latest" already present on machine
  Normal  Created    3m7s  kubelet            spec.initContainers{seed-config}: Created container: seed-config
  Normal  Started    3m6s  kubelet            spec.initContainers{seed-config}: Started container seed-config
  Normal  Pulled     3m6s  kubelet            spec.containers{zigbee2mqtt}: Container image "koenkk/zigbee2mqtt:latest" already present on machine
  Normal  Created    3m5s  kubelet            spec.containers{zigbee2mqtt}: Created container: zigbee2mqtt
  Normal  Started    3m5s  kubelet            spec.containers{zigbee2mqtt}: Started container zigbee2mqtt

=== ts=1777276565 ===
Name:             hermod-coordinator-7d7b88cc46-hnhsd
Namespace:        translator-zigbee
Priority:         0
Service Account:  default
Node:             <pi-host>/<pi-ip>
Start Time:       Mon, 27 Apr 2026 09:53:17 +0200
Labels:           app=hermod-coordinator
                  pod-template-hash=7d7b88cc46
Annotations:      cni.projectcalico.org/containerID: 29dd33c590284941ac26f11ce89e47701bca669c6fa6a39dfb3a42148d14863c
                  cni.projectcalico.org/podIP: <pod-ip>/32
                  cni.projectcalico.org/podIPs: <pod-ip>/32
Status:           Running
IP:               <pod-ip>
IPs:
  IP:           <pod-ip>
Controlled By:  ReplicaSet/hermod-coordinator-7d7b88cc46
Init Containers:
  wait-for-postgres:
    Container ID:  containerd://b735ec22ca4fc4068c9ce71d1813ee4b5d3068bca9fbb01e233f111cba80d489
    Image:         busybox:1.36
    Image ID:      docker.io/library/busybox@sha256:73aaf090f3d85aa34ee199857f03fa3a95c8ede2ffd4cc2cdb5b94e566b11662
    Port:          <none>
    Host Port:     <none>
    Command:
      sh
      -c
      until nc -z postgres 5432; do sleep 2; done
    State:          Terminated
      Reason:       Completed
      Exit Code:    0
      Started:      Mon, 27 Apr 2026 09:53:18 +0200
      Finished:     Mon, 27 Apr 2026 09:53:18 +0200
    Ready:          True
    Restart Count:  0
    Environment:
      Hermod__Features__DeviceStateTracking:    true
      Hermod__Engine__LogBatchSize:             100
      Hermod__Engine__LogBatching:              true
      Hermod__Engine__Parallelism:              0
      Hermod__Features__MessagePersistence:     true
      Hermod__Features__RuleAuditLog:           true
      Hermod__Features__RuleCache:              true
      Hermod__Features__StatsRollup:            true
      Hermod__Storage__Mode:                    Postgres
      Logging__LogLevel__Hermod:                Information
      Logging__LogLevel__Microsoft.AspNetCore:  Warning
    Mounts:
      /var/run/secrets/kubernetes.io/serviceaccount from kube-api-access-jx7xr (ro)
  wait-for-nanomq:
    Container ID:  containerd://16133d1264b40b8023c68fae5d2c08f3c8ddf43ec02d29421d460893aab9db46
    Image:         busybox:1.36
    Image ID:      docker.io/library/busybox@sha256:73aaf090f3d85aa34ee199857f03fa3a95c8ede2ffd4cc2cdb5b94e566b11662
    Port:          <none>
    Host Port:     <none>
    Command:
      sh
      -c
      until nc -z nanomq 1883; do sleep 2; done
    State:          Terminated
      Reason:       Completed
      Exit Code:    0
      Started:      Mon, 27 Apr 2026 09:53:19 +0200
      Finished:     Mon, 27 Apr 2026 09:53:19 +0200
    Ready:          True
    Restart Count:  0
    Environment:
      Hermod__Features__DeviceStateTracking:    true
      Hermod__Engine__LogBatchSize:             100
      Hermod__Engine__LogBatching:              true
      Hermod__Engine__Parallelism:              0
      Hermod__Features__MessagePersistence:     true
      Hermod__Features__RuleAuditLog:           true
      Hermod__Features__RuleCache:              true
      Hermod__Features__StatsRollup:            true
      Hermod__Storage__Mode:                    Postgres
      Logging__LogLevel__Hermod:                Information
      Logging__LogLevel__Microsoft.AspNetCore:  Warning
    Mounts:
      /var/run/secrets/kubernetes.io/serviceaccount from kube-api-access-jx7xr (ro)
Containers:
  hermod-coordinator:
    Container ID:   containerd://8bc8e597bde7e2e74a647eb24d90960d221d7add66230cddeca440fb6b8cbad2
    Image:          hermod-coordinator:latest
    Image ID:       sha256:ca91ccdfcd269dd5e4e25d5ffe8d863ca5db57e5c4f62f08c8adf90d23c15eaf
    Port:           42069/TCP (http)
    Host Port:      0/TCP (http)
    State:          Running
      Started:      Mon, 27 Apr 2026 09:53:20 +0200
    Ready:          True
    Restart Count:  0
    Limits:
      cpu:     1500m
      memory:  1536Mi
    Requests:
      cpu:      200m
      memory:   256Mi
    Liveness:   http-get http://:42069/healthz delay=60s timeout=1s period=30s #success=1 #failure=3
    Readiness:  http-get http://:42069/healthz/ready delay=5s timeout=1s period=10s #success=1 #failure=3
    Startup:    http-get http://:42069/healthz delay=0s timeout=1s period=5s #success=1 #failure=30
    Environment:
      ASPNETCORE_ENVIRONMENT:                   Production
      ASPNETCORE_URLS:                          http://+:42069
      DOTNET_USE_POLLING_FILE_WATCHER:          true
      Hermod__Security__AuthBypass:             true
      Hermod__Security__VaultRequireHttps:      false
      Hermod__Features__MetricsEndpoint:        true
      Hermod__Dev__Endpoints:                   true
      Hermod__Mqtt__Host:                       nanomq
      Hermod__Mqtt__Port:                       1883
      Hermod__Mqtt__UseTls:                     false
      Hermod__Mqtt__Tls__UseTls:                false
      Hermod__Mqtt__Username:                   <set to the key 'mqtt-username' in secret 'hermod-secrets'>  Optional: false
      Hermod__Mqtt__Password:                   <set to the key 'mqtt-password' in secret 'hermod-secrets'>  Optional: false
      Hermod__Database__ConnectionString:       Host=postgres;Port=5432;Database=hermod;Username=hermod_app
      Hermod__Database__Password:               <set to the key 'hermod-db-password' in secret 'hermod-db-credentials'>  Optional: false
      Hermod__Features__DeviceStateTracking:    true
      Hermod__Engine__LogBatchSize:             100
      Hermod__Engine__LogBatching:              true
      Hermod__Engine__Parallelism:              0
      Hermod__Features__MessagePersistence:     true
      Hermod__Features__RuleAuditLog:           true
      Hermod__Features__RuleCache:              true
      Hermod__Features__StatsRollup:            true
      Hermod__Storage__Mode:                    Postgres
      Logging__LogLevel__Hermod:                Information
      Logging__LogLevel__Microsoft.AspNetCore:  Warning
    Mounts:
      /var/run/secrets/kubernetes.io/serviceaccount from kube-api-access-jx7xr (ro)
Conditions:
  Type                        Status
  PodReadyToStartContainers   True 
  Initialized                 True 
  Ready                       True 
  ContainersReady             True 
  PodScheduled                True 
Volumes:
  kube-api-access-jx7xr:
    Type:                    Projected (a volume that contains injected data from multiple sources)
    TokenExpirationSeconds:  3607
    ConfigMapName:           kube-root-ca.crt
    Optional:                false
    DownwardAPI:             true
QoS Class:                   Burstable
Node-Selectors:              <none>
Tolerations:                 node.kubernetes.io/not-ready:NoExecute op=Exists for 300s
                             node.kubernetes.io/unreachable:NoExecute op=Exists for 300s
Events:
  Type    Reason     Age    From               Message
  ----    ------     ----   ----               -------
  Normal  Scheduled  2m48s  default-scheduler  Successfully assigned translator-zigbee/hermod-coordinator-7d7b88cc46-hnhsd to <pi-host>
  Normal  Pulled     2m48s  kubelet            spec.initContainers{wait-for-postgres}: Container image "busybox:1.36" already present on machine
  Normal  Created    2m48s  kubelet            spec.initContainers{wait-for-postgres}: Created container: wait-for-postgres
  Normal  Started    2m48s  kubelet            spec.initContainers{wait-for-postgres}: Started container wait-for-postgres
  Normal  Pulled     2m47s  kubelet            spec.initContainers{wait-for-nanomq}: Container image "busybox:1.36" already present on machine
  Normal  Created    2m47s  kubelet            spec.initContainers{wait-for-nanomq}: Created container: wait-for-nanomq
  Normal  Started    2m47s  kubelet            spec.initContainers{wait-for-nanomq}: Started container wait-for-nanomq
  Normal  Pulled     2m46s  kubelet            spec.containers{hermod-coordinator}: Container image "hermod-coordinator:latest" already present on machine
  Normal  Created    2m46s  kubelet            spec.containers{hermod-coordinator}: Created container: hermod-coordinator
  Normal  Started    2m46s  kubelet            spec.containers{hermod-coordinator}: Started container hermod-coordinator


Name:             nanomq-756fd88db6-7k858
Namespace:        translator-zigbee
Priority:         0
Service Account:  default
Node:             <pi-host>/<pi-ip>
Start Time:       Mon, 27 Apr 2026 09:52:52 +0200
Labels:           app=nanomq
                  pod-template-hash=756fd88db6
Annotations:      cni.projectcalico.org/containerID: f68917fdb6d5fd3ef7b3460dc9ac51bf0b1a84031e3fb47f6c871b391cca24dd
                  cni.projectcalico.org/podIP: <pod-ip>/32
                  cni.projectcalico.org/podIPs: <pod-ip>/32
Status:           Running
IP:               <pod-ip>
IPs:
  IP:           <pod-ip>
Controlled By:  ReplicaSet/nanomq-756fd88db6
Containers:
  nanomq:
    Container ID:   containerd://480eeb895e24a6a50602e6f2f95d3b5b3cfced0cad9a460bca746b8b3fd2bc0d
    Image:          emqx/nanomq:0.21-slim
    Image ID:       docker.io/emqx/nanomq@sha256:53bea7acb547aced1cc45e08c514628f1e41c4da9ad544fd8c5fa96d3e9eb41b
    Ports:          1883/TCP (mqtt), 8081/TCP (http)
    Host Ports:     0/TCP (mqtt), 0/TCP (http)
    State:          Running
      Started:      Mon, 27 Apr 2026 09:52:53 +0200
    Ready:          True
    Restart Count:  0
    Limits:
      cpu:     1
      memory:  512Mi
    Requests:
      cpu:        50m
      memory:     64Mi
    Readiness:    tcp-socket :1883 delay=3s timeout=1s period=5s #success=1 #failure=3
    Environment:  <none>
    Mounts:
      /etc/nanomq.conf from config (rw,path="nanomq.conf")
      /var/run/secrets/kubernetes.io/serviceaccount from kube-api-access-tcmf7 (ro)
Conditions:
  Type                        Status
  PodReadyToStartContainers   True 
  Initialized                 True 
  Ready                       True 
  ContainersReady             True 
  PodScheduled                True 
Volumes:
  config:
    Type:      ConfigMap (a volume populated by a ConfigMap)
    Name:      nanomq-config
    Optional:  false
  kube-api-access-tcmf7:
    Type:                    Projected (a volume that contains injected data from multiple sources)
    TokenExpirationSeconds:  3607
    ConfigMapName:           kube-root-ca.crt
    Optional:                false
    DownwardAPI:             true
QoS Class:                   Burstable
Node-Selectors:              <none>
Tolerations:                 node.kubernetes.io/not-ready:NoExecute op=Exists for 300s
                             node.kubernetes.io/unreachable:NoExecute op=Exists for 300s
Events:
  Type    Reason     Age    From               Message
  ----    ------     ----   ----               -------
  Normal  Scheduled  3m13s  default-scheduler  Successfully assigned translator-zigbee/nanomq-756fd88db6-7k858 to <pi-host>
  Normal  Pulled     3m13s  kubelet            spec.containers{nanomq}: Container image "emqx/nanomq:0.21-slim" already present on machine
  Normal  Created    3m13s  kubelet            spec.containers{nanomq}: Created container: nanomq
  Normal  Started    3m13s  kubelet            spec.containers{nanomq}: Started container nanomq


Name:             postgres-0
Namespace:        translator-zigbee
Priority:         0
Service Account:  default
Node:             <pi-host>/<pi-ip>
Start Time:       Mon, 27 Apr 2026 09:52:58 +0200
Labels:           app=postgres
                  apps.kubernetes.io/pod-index=0
                  controller-revision-hash=postgres-848ccb988d
                  statefulset.kubernetes.io/pod-name=postgres-0
Annotations:      cni.projectcalico.org/containerID: 006d092a18672fa9e728a5b435a4d67a77871b40812ee6c28f8ffab3c1cf181d
                  cni.projectcalico.org/podIP: <pod-ip>/32
                  cni.projectcalico.org/podIPs: <pod-ip>/32
Status:           Running
IP:               <pod-ip>
IPs:
  IP:           <pod-ip>
Controlled By:  StatefulSet/postgres
Containers:
  postgres:
    Container ID:   containerd://f76b36dbb6ed02991c69860f3495b292fe266300a98a8c52d4d1fd1711a4d864
    Image:          postgres:17-alpine
    Image ID:       docker.io/library/postgres@sha256:778d0b486d6daa02b77434d0358ec57a1b21fd8b6d22ac2eef56a33e816928f6
    Port:           5432/TCP
    Host Port:      0/TCP
    State:          Running
      Started:      Mon, 27 Apr 2026 09:52:59 +0200
    Ready:          True
    Restart Count:  0
    Limits:
      cpu:     1500m
      memory:  1536Mi
    Requests:
      cpu:      100m
      memory:   256Mi
    Readiness:  exec [pg_isready -U postgres] delay=5s timeout=1s period=5s #success=1 #failure=3
    Environment:
      POSTGRES_DB:        postgres
      POSTGRES_USER:      postgres
      POSTGRES_PASSWORD:  <set to the key 'postgres-superuser-password' in secret 'hermod-secrets'>  Optional: false
    Mounts:
      /docker-entrypoint-initdb.d from init (rw)
      /var/lib/postgresql/data from data (rw)
      /var/run/secrets/kubernetes.io/serviceaccount from kube-api-access-s775r (ro)
Conditions:
  Type                        Status
  PodReadyToStartContainers   True 
  Initialized                 True 
  Ready                       True 
  ContainersReady             True 
  PodScheduled                True 
Volumes:
  data:
    Type:       PersistentVolumeClaim (a reference to a PersistentVolumeClaim in the same namespace)
    ClaimName:  data-postgres-0
    ReadOnly:   false
  init:
    Type:      ConfigMap (a volume populated by a ConfigMap)
    Name:      postgres-init
    Optional:  false
  kube-api-access-s775r:
    Type:                    Projected (a volume that contains injected data from multiple sources)
    TokenExpirationSeconds:  3607
    ConfigMapName:           kube-root-ca.crt
    Optional:                false
    DownwardAPI:             true
QoS Class:                   Burstable
Node-Selectors:              <none>
Tolerations:                 node.kubernetes.io/not-ready:NoExecute op=Exists for 300s
                             node.kubernetes.io/unreachable:NoExecute op=Exists for 300s
Events:
  Type    Reason     Age   From               Message
  ----    ------     ----  ----               -------
  Normal  Scheduled  3m7s  default-scheduler  Successfully assigned translator-zigbee/postgres-0 to <pi-host>
  Normal  Pulled     3m7s  kubelet            spec.containers{postgres}: Container image "postgres:17-alpine" already present on machine
  Normal  Created    3m7s  kubelet            spec.containers{postgres}: Created container: postgres
  Normal  Started    3m7s  kubelet            spec.containers{postgres}: Started container postgres


Name:             zigbee2mqtt-6b85d5787-hfqp6
Namespace:        translator-zigbee
Priority:         0
Service Account:  default
Node:             <pi-host>/<pi-ip>
Start Time:       Mon, 27 Apr 2026 09:52:52 +0200
Labels:           app=zigbee2mqtt
                  pod-template-hash=6b85d5787
Annotations:      cni.projectcalico.org/containerID: 945e0fd22ec1a56b36a59771ef689cb52560ac9f3b725176dbd634431be110bd
                  cni.projectcalico.org/podIP: <pod-ip>/32
                  cni.projectcalico.org/podIPs: <pod-ip>/32
Status:           Running
IP:               <pod-ip>
IPs:
  IP:           <pod-ip>
Controlled By:  ReplicaSet/zigbee2mqtt-6b85d5787
Init Containers:
  seed-config:
    Container ID:  containerd://425d2c3d7f1796a5c23ff1c62a02f58918b092cd754eebb5e227552df216432b
    Image:         busybox:latest
    Image ID:      docker.io/library/busybox@sha256:1487d0af5f52b4ba31c7e465126ee2123fe3f2305d638e7827681e7cf6c83d5e
    Port:          <none>
    Host Port:     <none>
    Command:
      sh
      -c
      cp /tmp/cm/configuration.yaml /app/data/configuration.yaml && chmod 0644 /app/data/configuration.yaml
    State:          Terminated
      Reason:       Completed
      Exit Code:    0
      Started:      Mon, 27 Apr 2026 09:52:54 +0200
      Finished:     Mon, 27 Apr 2026 09:52:54 +0200
    Ready:          True
    Restart Count:  0
    Environment:    <none>
    Mounts:
      /app/data from data (rw)
      /tmp/cm from config-cm (rw)
      /var/run/secrets/kubernetes.io/serviceaccount from kube-api-access-4xq2n (ro)
Containers:
  zigbee2mqtt:
    Container ID:   containerd://fc5ad13fc4216bfb9aec82f1144fc8c5734bc87c8c93b7e995b228c3a637a4ba
    Image:          koenkk/zigbee2mqtt:latest
    Image ID:       docker.io/koenkk/zigbee2mqtt@sha256:2a21bbf7a664a149024bbe1f776e3151f28ed9db15948270dcbffb89544a41f0
    Port:           8080/TCP (http)
    Host Port:      0/TCP (http)
    State:          Running
      Started:      Mon, 27 Apr 2026 09:52:55 +0200
    Ready:          True
    Restart Count:  0
    Limits:
      cpu:     1
      memory:  512Mi
    Requests:
      cpu:     100m
      memory:  128Mi
    Environment:
      TZ:                                Europe/Bratislava
      ZIGBEE2MQTT_CONFIG_MQTT_USER:      <set to the key 'mqtt-username' in secret 'hermod-secrets'>  Optional: false
      ZIGBEE2MQTT_CONFIG_MQTT_PASSWORD:  <set to the key 'mqtt-password' in secret 'hermod-secrets'>  Optional: false
    Mounts:
      /app/data from data (rw)
      /dev/ttyUSB0 from zigbee-device (rw)
      /var/run/secrets/kubernetes.io/serviceaccount from kube-api-access-4xq2n (ro)
Conditions:
  Type                        Status
  PodReadyToStartContainers   True 
  Initialized                 True 
  Ready                       True 
  ContainersReady             True 
  PodScheduled                True 
Volumes:
  data:
    Type:       EmptyDir (a temporary directory that shares a pod's lifetime)
    Medium:     
    SizeLimit:  <unset>
  config-cm:
    Type:      ConfigMap (a volume populated by a ConfigMap)
    Name:      zigbee2mqtt-config
    Optional:  false
  zigbee-device:
    Type:          HostPath (bare host directory volume)
    Path:          /dev/ttyUSB0
    HostPathType:  CharDevice
  kube-api-access-4xq2n:
    Type:                    Projected (a volume that contains injected data from multiple sources)
    TokenExpirationSeconds:  3607
    ConfigMapName:           kube-root-ca.crt
    Optional:                false
    DownwardAPI:             true
QoS Class:                   Burstable
Node-Selectors:              hermod.io/zigbee=true
Tolerations:                 node.kubernetes.io/not-ready:NoExecute op=Exists for 300s
                             node.kubernetes.io/unreachable:NoExecute op=Exists for 300s
Events:
  Type    Reason     Age    From               Message
  ----    ------     ----   ----               -------
  Normal  Scheduled  3m13s  default-scheduler  Successfully assigned translator-zigbee/zigbee2mqtt-6b85d5787-hfqp6 to <pi-host>
  Normal  Pulled     3m13s  kubelet            spec.initContainers{seed-config}: Container image "busybox:latest" already present on machine
  Normal  Created    3m13s  kubelet            spec.initContainers{seed-config}: Created container: seed-config
  Normal  Started    3m12s  kubelet            spec.initContainers{seed-config}: Started container seed-config
  Normal  Pulled     3m12s  kubelet            spec.containers{zigbee2mqtt}: Container image "koenkk/zigbee2mqtt:latest" already present on machine
  Normal  Created    3m11s  kubelet            spec.containers{zigbee2mqtt}: Created container: zigbee2mqtt
  Normal  Started    3m11s  kubelet            spec.containers{zigbee2mqtt}: Started container zigbee2mqtt

=== ts=1777276571 ===
Name:             hermod-coordinator-7d7b88cc46-hnhsd
Namespace:        translator-zigbee
Priority:         0
Service Account:  default
Node:             <pi-host>/<pi-ip>
Start Time:       Mon, 27 Apr 2026 09:53:17 +0200
Labels:           app=hermod-coordinator
                  pod-template-hash=7d7b88cc46
Annotations:      cni.projectcalico.org/containerID: 29dd33c590284941ac26f11ce89e47701bca669c6fa6a39dfb3a42148d14863c
                  cni.projectcalico.org/podIP: <pod-ip>/32
                  cni.projectcalico.org/podIPs: <pod-ip>/32
Status:           Running
IP:               <pod-ip>
IPs:
  IP:           <pod-ip>
Controlled By:  ReplicaSet/hermod-coordinator-7d7b88cc46
Init Containers:
  wait-for-postgres:
    Container ID:  containerd://b735ec22ca4fc4068c9ce71d1813ee4b5d3068bca9fbb01e233f111cba80d489
    Image:         busybox:1.36
    Image ID:      docker.io/library/busybox@sha256:73aaf090f3d85aa34ee199857f03fa3a95c8ede2ffd4cc2cdb5b94e566b11662
    Port:          <none>
    Host Port:     <none>
    Command:
      sh
      -c
      until nc -z postgres 5432; do sleep 2; done
    State:          Terminated
      Reason:       Completed
      Exit Code:    0
      Started:      Mon, 27 Apr 2026 09:53:18 +0200
      Finished:     Mon, 27 Apr 2026 09:53:18 +0200
    Ready:          True
    Restart Count:  0
    Environment:
      Hermod__Features__DeviceStateTracking:    true
      Hermod__Engine__LogBatchSize:             100
      Hermod__Engine__LogBatching:              true
      Hermod__Engine__Parallelism:              0
      Hermod__Features__MessagePersistence:     true
      Hermod__Features__RuleAuditLog:           true
      Hermod__Features__RuleCache:              true
      Hermod__Features__StatsRollup:            true
      Hermod__Storage__Mode:                    Postgres
      Logging__LogLevel__Hermod:                Information
      Logging__LogLevel__Microsoft.AspNetCore:  Warning
    Mounts:
      /var/run/secrets/kubernetes.io/serviceaccount from kube-api-access-jx7xr (ro)
  wait-for-nanomq:
    Container ID:  containerd://16133d1264b40b8023c68fae5d2c08f3c8ddf43ec02d29421d460893aab9db46
    Image:         busybox:1.36
    Image ID:      docker.io/library/busybox@sha256:73aaf090f3d85aa34ee199857f03fa3a95c8ede2ffd4cc2cdb5b94e566b11662
    Port:          <none>
    Host Port:     <none>
    Command:
      sh
      -c
      until nc -z nanomq 1883; do sleep 2; done
    State:          Terminated
      Reason:       Completed
      Exit Code:    0
      Started:      Mon, 27 Apr 2026 09:53:19 +0200
      Finished:     Mon, 27 Apr 2026 09:53:19 +0200
    Ready:          True
    Restart Count:  0
    Environment:
      Hermod__Features__DeviceStateTracking:    true
      Hermod__Engine__LogBatchSize:             100
      Hermod__Engine__LogBatching:              true
      Hermod__Engine__Parallelism:              0
      Hermod__Features__MessagePersistence:     true
      Hermod__Features__RuleAuditLog:           true
      Hermod__Features__RuleCache:              true
      Hermod__Features__StatsRollup:            true
      Hermod__Storage__Mode:                    Postgres
      Logging__LogLevel__Hermod:                Information
      Logging__LogLevel__Microsoft.AspNetCore:  Warning
    Mounts:
      /var/run/secrets/kubernetes.io/serviceaccount from kube-api-access-jx7xr (ro)
Containers:
  hermod-coordinator:
    Container ID:   containerd://8bc8e597bde7e2e74a647eb24d90960d221d7add66230cddeca440fb6b8cbad2
    Image:          hermod-coordinator:latest
    Image ID:       sha256:ca91ccdfcd269dd5e4e25d5ffe8d863ca5db57e5c4f62f08c8adf90d23c15eaf
    Port:           42069/TCP (http)
    Host Port:      0/TCP (http)
    State:          Running
      Started:      Mon, 27 Apr 2026 09:53:20 +0200
    Ready:          True
    Restart Count:  0
    Limits:
      cpu:     1500m
      memory:  1536Mi
    Requests:
      cpu:      200m
      memory:   256Mi
    Liveness:   http-get http://:42069/healthz delay=60s timeout=1s period=30s #success=1 #failure=3
    Readiness:  http-get http://:42069/healthz/ready delay=5s timeout=1s period=10s #success=1 #failure=3
    Startup:    http-get http://:42069/healthz delay=0s timeout=1s period=5s #success=1 #failure=30
    Environment:
      ASPNETCORE_ENVIRONMENT:                   Production
      ASPNETCORE_URLS:                          http://+:42069
      DOTNET_USE_POLLING_FILE_WATCHER:          true
      Hermod__Security__AuthBypass:             true
      Hermod__Security__VaultRequireHttps:      false
      Hermod__Features__MetricsEndpoint:        true
      Hermod__Dev__Endpoints:                   true
      Hermod__Mqtt__Host:                       nanomq
      Hermod__Mqtt__Port:                       1883
      Hermod__Mqtt__UseTls:                     false
      Hermod__Mqtt__Tls__UseTls:                false
      Hermod__Mqtt__Username:                   <set to the key 'mqtt-username' in secret 'hermod-secrets'>  Optional: false
      Hermod__Mqtt__Password:                   <set to the key 'mqtt-password' in secret 'hermod-secrets'>  Optional: false
      Hermod__Database__ConnectionString:       Host=postgres;Port=5432;Database=hermod;Username=hermod_app
      Hermod__Database__Password:               <set to the key 'hermod-db-password' in secret 'hermod-db-credentials'>  Optional: false
      Hermod__Features__DeviceStateTracking:    true
      Hermod__Engine__LogBatchSize:             100
      Hermod__Engine__LogBatching:              true
      Hermod__Engine__Parallelism:              0
      Hermod__Features__MessagePersistence:     true
      Hermod__Features__RuleAuditLog:           true
      Hermod__Features__RuleCache:              true
      Hermod__Features__StatsRollup:            true
      Hermod__Storage__Mode:                    Postgres
      Logging__LogLevel__Hermod:                Information
      Logging__LogLevel__Microsoft.AspNetCore:  Warning
    Mounts:
      /var/run/secrets/kubernetes.io/serviceaccount from kube-api-access-jx7xr (ro)
Conditions:
  Type                        Status
  PodReadyToStartContainers   True 
  Initialized                 True 
  Ready                       True 
  ContainersReady             True 
  PodScheduled                True 
Volumes:
  kube-api-access-jx7xr:
    Type:                    Projected (a volume that contains injected data from multiple sources)
    TokenExpirationSeconds:  3607
    ConfigMapName:           kube-root-ca.crt
    Optional:                false
    DownwardAPI:             true
QoS Class:                   Burstable
Node-Selectors:              <none>
Tolerations:                 node.kubernetes.io/not-ready:NoExecute op=Exists for 300s
                             node.kubernetes.io/unreachable:NoExecute op=Exists for 300s
Events:
  Type    Reason     Age    From               Message
  ----    ------     ----   ----               -------
  Normal  Scheduled  2m53s  default-scheduler  Successfully assigned translator-zigbee/hermod-coordinator-7d7b88cc46-hnhsd to <pi-host>
  Normal  Pulled     2m53s  kubelet            spec.initContainers{wait-for-postgres}: Container image "busybox:1.36" already present on machine
  Normal  Created    2m53s  kubelet            spec.initContainers{wait-for-postgres}: Created container: wait-for-postgres
  Normal  Started    2m53s  kubelet            spec.initContainers{wait-for-postgres}: Started container wait-for-postgres
  Normal  Pulled     2m52s  kubelet            spec.initContainers{wait-for-nanomq}: Container image "busybox:1.36" already present on machine
  Normal  Created    2m52s  kubelet            spec.initContainers{wait-for-nanomq}: Created container: wait-for-nanomq
  Normal  Started    2m52s  kubelet            spec.initContainers{wait-for-nanomq}: Started container wait-for-nanomq
  Normal  Pulled     2m51s  kubelet            spec.containers{hermod-coordinator}: Container image "hermod-coordinator:latest" already present on machine
  Normal  Created    2m51s  kubelet            spec.containers{hermod-coordinator}: Created container: hermod-coordinator
  Normal  Started    2m51s  kubelet            spec.containers{hermod-coordinator}: Started container hermod-coordinator


Name:             nanomq-756fd88db6-7k858
Namespace:        translator-zigbee
Priority:         0
Service Account:  default
Node:             <pi-host>/<pi-ip>
Start Time:       Mon, 27 Apr 2026 09:52:52 +0200
Labels:           app=nanomq
                  pod-template-hash=756fd88db6
Annotations:      cni.projectcalico.org/containerID: f68917fdb6d5fd3ef7b3460dc9ac51bf0b1a84031e3fb47f6c871b391cca24dd
                  cni.projectcalico.org/podIP: <pod-ip>/32
                  cni.projectcalico.org/podIPs: <pod-ip>/32
Status:           Running
IP:               <pod-ip>
IPs:
  IP:           <pod-ip>
Controlled By:  ReplicaSet/nanomq-756fd88db6
Containers:
  nanomq:
    Container ID:   containerd://480eeb895e24a6a50602e6f2f95d3b5b3cfced0cad9a460bca746b8b3fd2bc0d
    Image:          emqx/nanomq:0.21-slim
    Image ID:       docker.io/emqx/nanomq@sha256:53bea7acb547aced1cc45e08c514628f1e41c4da9ad544fd8c5fa96d3e9eb41b
    Ports:          1883/TCP (mqtt), 8081/TCP (http)
    Host Ports:     0/TCP (mqtt), 0/TCP (http)
    State:          Running
      Started:      Mon, 27 Apr 2026 09:52:53 +0200
    Ready:          True
    Restart Count:  0
    Limits:
      cpu:     1
      memory:  512Mi
    Requests:
      cpu:        50m
      memory:     64Mi
    Readiness:    tcp-socket :1883 delay=3s timeout=1s period=5s #success=1 #failure=3
    Environment:  <none>
    Mounts:
      /etc/nanomq.conf from config (rw,path="nanomq.conf")
      /var/run/secrets/kubernetes.io/serviceaccount from kube-api-access-tcmf7 (ro)
Conditions:
  Type                        Status
  PodReadyToStartContainers   True 
  Initialized                 True 
  Ready                       True 
  ContainersReady             True 
  PodScheduled                True 
Volumes:
  config:
    Type:      ConfigMap (a volume populated by a ConfigMap)
    Name:      nanomq-config
    Optional:  false
  kube-api-access-tcmf7:
    Type:                    Projected (a volume that contains injected data from multiple sources)
    TokenExpirationSeconds:  3607
    ConfigMapName:           kube-root-ca.crt
    Optional:                false
    DownwardAPI:             true
QoS Class:                   Burstable
Node-Selectors:              <none>
Tolerations:                 node.kubernetes.io/not-ready:NoExecute op=Exists for 300s
                             node.kubernetes.io/unreachable:NoExecute op=Exists for 300s
Events:
  Type    Reason     Age    From               Message
  ----    ------     ----   ----               -------
  Normal  Scheduled  3m19s  default-scheduler  Successfully assigned translator-zigbee/nanomq-756fd88db6-7k858 to <pi-host>
  Normal  Pulled     3m18s  kubelet            spec.containers{nanomq}: Container image "emqx/nanomq:0.21-slim" already present on machine
  Normal  Created    3m18s  kubelet            spec.containers{nanomq}: Created container: nanomq
  Normal  Started    3m18s  kubelet            spec.containers{nanomq}: Started container nanomq


Name:             postgres-0
Namespace:        translator-zigbee
Priority:         0
Service Account:  default
Node:             <pi-host>/<pi-ip>
Start Time:       Mon, 27 Apr 2026 09:52:58 +0200
Labels:           app=postgres
                  apps.kubernetes.io/pod-index=0
                  controller-revision-hash=postgres-848ccb988d
                  statefulset.kubernetes.io/pod-name=postgres-0
Annotations:      cni.projectcalico.org/containerID: 006d092a18672fa9e728a5b435a4d67a77871b40812ee6c28f8ffab3c1cf181d
                  cni.projectcalico.org/podIP: <pod-ip>/32
                  cni.projectcalico.org/podIPs: <pod-ip>/32
Status:           Running
IP:               <pod-ip>
IPs:
  IP:           <pod-ip>
Controlled By:  StatefulSet/postgres
Containers:
  postgres:
    Container ID:   containerd://f76b36dbb6ed02991c69860f3495b292fe266300a98a8c52d4d1fd1711a4d864
    Image:          postgres:17-alpine
    Image ID:       docker.io/library/postgres@sha256:778d0b486d6daa02b77434d0358ec57a1b21fd8b6d22ac2eef56a33e816928f6
    Port:           5432/TCP
    Host Port:      0/TCP
    State:          Running
      Started:      Mon, 27 Apr 2026 09:52:59 +0200
    Ready:          True
    Restart Count:  0
    Limits:
      cpu:     1500m
      memory:  1536Mi
    Requests:
      cpu:      100m
      memory:   256Mi
    Readiness:  exec [pg_isready -U postgres] delay=5s timeout=1s period=5s #success=1 #failure=3
    Environment:
      POSTGRES_DB:        postgres
      POSTGRES_USER:      postgres
      POSTGRES_PASSWORD:  <set to the key 'postgres-superuser-password' in secret 'hermod-secrets'>  Optional: false
    Mounts:
      /docker-entrypoint-initdb.d from init (rw)
      /var/lib/postgresql/data from data (rw)
      /var/run/secrets/kubernetes.io/serviceaccount from kube-api-access-s775r (ro)
Conditions:
  Type                        Status
  PodReadyToStartContainers   True 
  Initialized                 True 
  Ready                       True 
  ContainersReady             True 
  PodScheduled                True 
Volumes:
  data:
    Type:       PersistentVolumeClaim (a reference to a PersistentVolumeClaim in the same namespace)
    ClaimName:  data-postgres-0
    ReadOnly:   false
  init:
    Type:      ConfigMap (a volume populated by a ConfigMap)
    Name:      postgres-init
    Optional:  false
  kube-api-access-s775r:
    Type:                    Projected (a volume that contains injected data from multiple sources)
    TokenExpirationSeconds:  3607
    ConfigMapName:           kube-root-ca.crt
    Optional:                false
    DownwardAPI:             true
QoS Class:                   Burstable
Node-Selectors:              <none>
Tolerations:                 node.kubernetes.io/not-ready:NoExecute op=Exists for 300s
                             node.kubernetes.io/unreachable:NoExecute op=Exists for 300s
Events:
  Type    Reason     Age    From               Message
  ----    ------     ----   ----               -------
  Normal  Scheduled  3m13s  default-scheduler  Successfully assigned translator-zigbee/postgres-0 to <pi-host>
  Normal  Pulled     3m12s  kubelet            spec.containers{postgres}: Container image "postgres:17-alpine" already present on machine
  Normal  Created    3m12s  kubelet            spec.containers{postgres}: Created container: postgres
  Normal  Started    3m12s  kubelet            spec.containers{postgres}: Started container postgres


Name:             zigbee2mqtt-6b85d5787-hfqp6
Namespace:        translator-zigbee
Priority:         0
Service Account:  default
Node:             <pi-host>/<pi-ip>
Start Time:       Mon, 27 Apr 2026 09:52:52 +0200
Labels:           app=zigbee2mqtt
                  pod-template-hash=6b85d5787
Annotations:      cni.projectcalico.org/containerID: 945e0fd22ec1a56b36a59771ef689cb52560ac9f3b725176dbd634431be110bd
                  cni.projectcalico.org/podIP: <pod-ip>/32
                  cni.projectcalico.org/podIPs: <pod-ip>/32
Status:           Running
IP:               <pod-ip>
IPs:
  IP:           <pod-ip>
Controlled By:  ReplicaSet/zigbee2mqtt-6b85d5787
Init Containers:
  seed-config:
    Container ID:  containerd://425d2c3d7f1796a5c23ff1c62a02f58918b092cd754eebb5e227552df216432b
    Image:         busybox:latest
    Image ID:      docker.io/library/busybox@sha256:1487d0af5f52b4ba31c7e465126ee2123fe3f2305d638e7827681e7cf6c83d5e
    Port:          <none>
    Host Port:     <none>
    Command:
      sh
      -c
      cp /tmp/cm/configuration.yaml /app/data/configuration.yaml && chmod 0644 /app/data/configuration.yaml
    State:          Terminated
      Reason:       Completed
      Exit Code:    0
      Started:      Mon, 27 Apr 2026 09:52:54 +0200
      Finished:     Mon, 27 Apr 2026 09:52:54 +0200
    Ready:          True
    Restart Count:  0
    Environment:    <none>
    Mounts:
      /app/data from data (rw)
      /tmp/cm from config-cm (rw)
      /var/run/secrets/kubernetes.io/serviceaccount from kube-api-access-4xq2n (ro)
Containers:
  zigbee2mqtt:
    Container ID:   containerd://fc5ad13fc4216bfb9aec82f1144fc8c5734bc87c8c93b7e995b228c3a637a4ba
    Image:          koenkk/zigbee2mqtt:latest
    Image ID:       docker.io/koenkk/zigbee2mqtt@sha256:2a21bbf7a664a149024bbe1f776e3151f28ed9db15948270dcbffb89544a41f0
    Port:           8080/TCP (http)
    Host Port:      0/TCP (http)
    State:          Running
      Started:      Mon, 27 Apr 2026 09:52:55 +0200
    Ready:          True
    Restart Count:  0
    Limits:
      cpu:     1
      memory:  512Mi
    Requests:
      cpu:     100m
      memory:  128Mi
    Environment:
      TZ:                                Europe/Bratislava
      ZIGBEE2MQTT_CONFIG_MQTT_USER:      <set to the key 'mqtt-username' in secret 'hermod-secrets'>  Optional: false
      ZIGBEE2MQTT_CONFIG_MQTT_PASSWORD:  <set to the key 'mqtt-password' in secret 'hermod-secrets'>  Optional: false
    Mounts:
      /app/data from data (rw)
      /dev/ttyUSB0 from zigbee-device (rw)
      /var/run/secrets/kubernetes.io/serviceaccount from kube-api-access-4xq2n (ro)
Conditions:
  Type                        Status
  PodReadyToStartContainers   True 
  Initialized                 True 
  Ready                       True 
  ContainersReady             True 
  PodScheduled                True 
Volumes:
  data:
    Type:       EmptyDir (a temporary directory that shares a pod's lifetime)
    Medium:     
    SizeLimit:  <unset>
  config-cm:
    Type:      ConfigMap (a volume populated by a ConfigMap)
    Name:      zigbee2mqtt-config
    Optional:  false
  zigbee-device:
    Type:          HostPath (bare host directory volume)
    Path:          /dev/ttyUSB0
    HostPathType:  CharDevice
  kube-api-access-4xq2n:
    Type:                    Projected (a volume that contains injected data from multiple sources)
    TokenExpirationSeconds:  3607
    ConfigMapName:           kube-root-ca.crt
    Optional:                false
    DownwardAPI:             true
QoS Class:                   Burstable
Node-Selectors:              hermod.io/zigbee=true
Tolerations:                 node.kubernetes.io/not-ready:NoExecute op=Exists for 300s
                             node.kubernetes.io/unreachable:NoExecute op=Exists for 300s
Events:
  Type    Reason     Age    From               Message
  ----    ------     ----   ----               -------
  Normal  Scheduled  3m18s  default-scheduler  Successfully assigned translator-zigbee/zigbee2mqtt-6b85d5787-hfqp6 to <pi-host>
  Normal  Pulled     3m18s  kubelet            spec.initContainers{seed-config}: Container image "busybox:latest" already present on machine
  Normal  Created    3m18s  kubelet            spec.initContainers{seed-config}: Created container: seed-config
  Normal  Started    3m17s  kubelet            spec.initContainers{seed-config}: Started container seed-config
  Normal  Pulled     3m17s  kubelet            spec.containers{zigbee2mqtt}: Container image "koenkk/zigbee2mqtt:latest" already present on machine
  Normal  Created    3m16s  kubelet            spec.containers{zigbee2mqtt}: Created container: zigbee2mqtt
  Normal  Started    3m16s  kubelet            spec.containers{zigbee2mqtt}: Started container zigbee2mqtt

=== ts=1777276577 ===
Name:             hermod-coordinator-7d7b88cc46-hnhsd
Namespace:        translator-zigbee
Priority:         0
Service Account:  default
Node:             <pi-host>/<pi-ip>
Start Time:       Mon, 27 Apr 2026 09:53:17 +0200
Labels:           app=hermod-coordinator
                  pod-template-hash=7d7b88cc46
Annotations:      cni.projectcalico.org/containerID: 29dd33c590284941ac26f11ce89e47701bca669c6fa6a39dfb3a42148d14863c
                  cni.projectcalico.org/podIP: <pod-ip>/32
                  cni.projectcalico.org/podIPs: <pod-ip>/32
Status:           Running
IP:               <pod-ip>
IPs:
  IP:           <pod-ip>
Controlled By:  ReplicaSet/hermod-coordinator-7d7b88cc46
Init Containers:
  wait-for-postgres:
    Container ID:  containerd://b735ec22ca4fc4068c9ce71d1813ee4b5d3068bca9fbb01e233f111cba80d489
    Image:         busybox:1.36
    Image ID:      docker.io/library/busybox@sha256:73aaf090f3d85aa34ee199857f03fa3a95c8ede2ffd4cc2cdb5b94e566b11662
    Port:          <none>
    Host Port:     <none>
    Command:
      sh
      -c
      until nc -z postgres 5432; do sleep 2; done
    State:          Terminated
      Reason:       Completed
      Exit Code:    0
      Started:      Mon, 27 Apr 2026 09:53:18 +0200
      Finished:     Mon, 27 Apr 2026 09:53:18 +0200
    Ready:          True
    Restart Count:  0
    Environment:
      Hermod__Features__DeviceStateTracking:    true
      Hermod__Engine__LogBatchSize:             100
      Hermod__Engine__LogBatching:              true
      Hermod__Engine__Parallelism:              0
      Hermod__Features__MessagePersistence:     true
      Hermod__Features__RuleAuditLog:           true
      Hermod__Features__RuleCache:              true
      Hermod__Features__StatsRollup:            true
      Hermod__Storage__Mode:                    Postgres
      Logging__LogLevel__Hermod:                Information
      Logging__LogLevel__Microsoft.AspNetCore:  Warning
    Mounts:
      /var/run/secrets/kubernetes.io/serviceaccount from kube-api-access-jx7xr (ro)
  wait-for-nanomq:
    Container ID:  containerd://16133d1264b40b8023c68fae5d2c08f3c8ddf43ec02d29421d460893aab9db46
    Image:         busybox:1.36
    Image ID:      docker.io/library/busybox@sha256:73aaf090f3d85aa34ee199857f03fa3a95c8ede2ffd4cc2cdb5b94e566b11662
    Port:          <none>
    Host Port:     <none>
    Command:
      sh
      -c
      until nc -z nanomq 1883; do sleep 2; done
    State:          Terminated
      Reason:       Completed
      Exit Code:    0
      Started:      Mon, 27 Apr 2026 09:53:19 +0200
      Finished:     Mon, 27 Apr 2026 09:53:19 +0200
    Ready:          True
    Restart Count:  0
    Environment:
      Hermod__Features__DeviceStateTracking:    true
      Hermod__Engine__LogBatchSize:             100
      Hermod__Engine__LogBatching:              true
      Hermod__Engine__Parallelism:              0
      Hermod__Features__MessagePersistence:     true
      Hermod__Features__RuleAuditLog:           true
      Hermod__Features__RuleCache:              true
      Hermod__Features__StatsRollup:            true
      Hermod__Storage__Mode:                    Postgres
      Logging__LogLevel__Hermod:                Information
      Logging__LogLevel__Microsoft.AspNetCore:  Warning
    Mounts:
      /var/run/secrets/kubernetes.io/serviceaccount from kube-api-access-jx7xr (ro)
Containers:
  hermod-coordinator:
    Container ID:   containerd://8bc8e597bde7e2e74a647eb24d90960d221d7add66230cddeca440fb6b8cbad2
    Image:          hermod-coordinator:latest
    Image ID:       sha256:ca91ccdfcd269dd5e4e25d5ffe8d863ca5db57e5c4f62f08c8adf90d23c15eaf
    Port:           42069/TCP (http)
    Host Port:      0/TCP (http)
    State:          Running
      Started:      Mon, 27 Apr 2026 09:53:20 +0200
    Ready:          True
    Restart Count:  0
    Limits:
      cpu:     1500m
      memory:  1536Mi
    Requests:
      cpu:      200m
      memory:   256Mi
    Liveness:   http-get http://:42069/healthz delay=60s timeout=1s period=30s #success=1 #failure=3
    Readiness:  http-get http://:42069/healthz/ready delay=5s timeout=1s period=10s #success=1 #failure=3
    Startup:    http-get http://:42069/healthz delay=0s timeout=1s period=5s #success=1 #failure=30
    Environment:
      ASPNETCORE_ENVIRONMENT:                   Production
      ASPNETCORE_URLS:                          http://+:42069
      DOTNET_USE_POLLING_FILE_WATCHER:          true
      Hermod__Security__AuthBypass:             true
      Hermod__Security__VaultRequireHttps:      false
      Hermod__Features__MetricsEndpoint:        true
      Hermod__Dev__Endpoints:                   true
      Hermod__Mqtt__Host:                       nanomq
      Hermod__Mqtt__Port:                       1883
      Hermod__Mqtt__UseTls:                     false
      Hermod__Mqtt__Tls__UseTls:                false
      Hermod__Mqtt__Username:                   <set to the key 'mqtt-username' in secret 'hermod-secrets'>  Optional: false
      Hermod__Mqtt__Password:                   <set to the key 'mqtt-password' in secret 'hermod-secrets'>  Optional: false
      Hermod__Database__ConnectionString:       Host=postgres;Port=5432;Database=hermod;Username=hermod_app
      Hermod__Database__Password:               <set to the key 'hermod-db-password' in secret 'hermod-db-credentials'>  Optional: false
      Hermod__Features__DeviceStateTracking:    true
      Hermod__Engine__LogBatchSize:             100
      Hermod__Engine__LogBatching:              true
      Hermod__Engine__Parallelism:              0
      Hermod__Features__MessagePersistence:     true
      Hermod__Features__RuleAuditLog:           true
      Hermod__Features__RuleCache:              true
      Hermod__Features__StatsRollup:            true
      Hermod__Storage__Mode:                    Postgres
      Logging__LogLevel__Hermod:                Information
      Logging__LogLevel__Microsoft.AspNetCore:  Warning
    Mounts:
      /var/run/secrets/kubernetes.io/serviceaccount from kube-api-access-jx7xr (ro)
Conditions:
  Type                        Status
  PodReadyToStartContainers   True 
  Initialized                 True 
  Ready                       True 
  ContainersReady             True 
  PodScheduled                True 
Volumes:
  kube-api-access-jx7xr:
    Type:                    Projected (a volume that contains injected data from multiple sources)
    TokenExpirationSeconds:  3607
    ConfigMapName:           kube-root-ca.crt
    Optional:                false
    DownwardAPI:             true
QoS Class:                   Burstable
Node-Selectors:              <none>
Tolerations:                 node.kubernetes.io/not-ready:NoExecute op=Exists for 300s
                             node.kubernetes.io/unreachable:NoExecute op=Exists for 300s
Events:
  Type    Reason     Age    From               Message
  ----    ------     ----   ----               -------
  Normal  Scheduled  2m59s  default-scheduler  Successfully assigned translator-zigbee/hermod-coordinator-7d7b88cc46-hnhsd to <pi-host>
  Normal  Pulled     2m59s  kubelet            spec.initContainers{wait-for-postgres}: Container image "busybox:1.36" already present on machine
  Normal  Created    2m59s  kubelet            spec.initContainers{wait-for-postgres}: Created container: wait-for-postgres
  Normal  Started    2m59s  kubelet            spec.initContainers{wait-for-postgres}: Started container wait-for-postgres
  Normal  Pulled     2m58s  kubelet            spec.initContainers{wait-for-nanomq}: Container image "busybox:1.36" already present on machine
  Normal  Created    2m58s  kubelet            spec.initContainers{wait-for-nanomq}: Created container: wait-for-nanomq
  Normal  Started    2m58s  kubelet            spec.initContainers{wait-for-nanomq}: Started container wait-for-nanomq
  Normal  Pulled     2m57s  kubelet            spec.containers{hermod-coordinator}: Container image "hermod-coordinator:latest" already present on machine
  Normal  Created    2m57s  kubelet            spec.containers{hermod-coordinator}: Created container: hermod-coordinator
  Normal  Started    2m57s  kubelet            spec.containers{hermod-coordinator}: Started container hermod-coordinator


Name:             nanomq-756fd88db6-7k858
Namespace:        translator-zigbee
Priority:         0
Service Account:  default
Node:             <pi-host>/<pi-ip>
Start Time:       Mon, 27 Apr 2026 09:52:52 +0200
Labels:           app=nanomq
                  pod-template-hash=756fd88db6
Annotations:      cni.projectcalico.org/containerID: f68917fdb6d5fd3ef7b3460dc9ac51bf0b1a84031e3fb47f6c871b391cca24dd
                  cni.projectcalico.org/podIP: <pod-ip>/32
                  cni.projectcalico.org/podIPs: <pod-ip>/32
Status:           Running
IP:               <pod-ip>
IPs:
  IP:           <pod-ip>
Controlled By:  ReplicaSet/nanomq-756fd88db6
Containers:
  nanomq:
    Container ID:   containerd://480eeb895e24a6a50602e6f2f95d3b5b3cfced0cad9a460bca746b8b3fd2bc0d
    Image:          emqx/nanomq:0.21-slim
    Image ID:       docker.io/emqx/nanomq@sha256:53bea7acb547aced1cc45e08c514628f1e41c4da9ad544fd8c5fa96d3e9eb41b
    Ports:          1883/TCP (mqtt), 8081/TCP (http)
    Host Ports:     0/TCP (mqtt), 0/TCP (http)
    State:          Running
      Started:      Mon, 27 Apr 2026 09:52:53 +0200
    Ready:          True
    Restart Count:  0
    Limits:
      cpu:     1
      memory:  512Mi
    Requests:
      cpu:        50m
      memory:     64Mi
    Readiness:    tcp-socket :1883 delay=3s timeout=1s period=5s #success=1 #failure=3
    Environment:  <none>
    Mounts:
      /etc/nanomq.conf from config (rw,path="nanomq.conf")
      /var/run/secrets/kubernetes.io/serviceaccount from kube-api-access-tcmf7 (ro)
Conditions:
  Type                        Status
  PodReadyToStartContainers   True 
  Initialized                 True 
  Ready                       True 
  ContainersReady             True 
  PodScheduled                True 
Volumes:
  config:
    Type:      ConfigMap (a volume populated by a ConfigMap)
    Name:      nanomq-config
    Optional:  false
  kube-api-access-tcmf7:
    Type:                    Projected (a volume that contains injected data from multiple sources)
    TokenExpirationSeconds:  3607
    ConfigMapName:           kube-root-ca.crt
    Optional:                false
    DownwardAPI:             true
QoS Class:                   Burstable
Node-Selectors:              <none>
Tolerations:                 node.kubernetes.io/not-ready:NoExecute op=Exists for 300s
                             node.kubernetes.io/unreachable:NoExecute op=Exists for 300s
Events:
  Type    Reason     Age    From               Message
  ----    ------     ----   ----               -------
  Normal  Scheduled  3m24s  default-scheduler  Successfully assigned translator-zigbee/nanomq-756fd88db6-7k858 to <pi-host>
  Normal  Pulled     3m24s  kubelet            spec.containers{nanomq}: Container image "emqx/nanomq:0.21-slim" already present on machine
  Normal  Created    3m24s  kubelet            spec.containers{nanomq}: Created container: nanomq
  Normal  Started    3m24s  kubelet            spec.containers{nanomq}: Started container nanomq


Name:             postgres-0
Namespace:        translator-zigbee
Priority:         0
Service Account:  default
Node:             <pi-host>/<pi-ip>
Start Time:       Mon, 27 Apr 2026 09:52:58 +0200
Labels:           app=postgres
                  apps.kubernetes.io/pod-index=0
                  controller-revision-hash=postgres-848ccb988d
                  statefulset.kubernetes.io/pod-name=postgres-0
Annotations:      cni.projectcalico.org/containerID: 006d092a18672fa9e728a5b435a4d67a77871b40812ee6c28f8ffab3c1cf181d
                  cni.projectcalico.org/podIP: <pod-ip>/32
                  cni.projectcalico.org/podIPs: <pod-ip>/32
Status:           Running
IP:               <pod-ip>
IPs:
  IP:           <pod-ip>
Controlled By:  StatefulSet/postgres
Containers:
  postgres:
    Container ID:   containerd://f76b36dbb6ed02991c69860f3495b292fe266300a98a8c52d4d1fd1711a4d864
    Image:          postgres:17-alpine
    Image ID:       docker.io/library/postgres@sha256:778d0b486d6daa02b77434d0358ec57a1b21fd8b6d22ac2eef56a33e816928f6
    Port:           5432/TCP
    Host Port:      0/TCP
    State:          Running
      Started:      Mon, 27 Apr 2026 09:52:59 +0200
    Ready:          True
    Restart Count:  0
    Limits:
      cpu:     1500m
      memory:  1536Mi
    Requests:
      cpu:      100m
      memory:   256Mi
    Readiness:  exec [pg_isready -U postgres] delay=5s timeout=1s period=5s #success=1 #failure=3
    Environment:
      POSTGRES_DB:        postgres
      POSTGRES_USER:      postgres
      POSTGRES_PASSWORD:  <set to the key 'postgres-superuser-password' in secret 'hermod-secrets'>  Optional: false
    Mounts:
      /docker-entrypoint-initdb.d from init (rw)
      /var/lib/postgresql/data from data (rw)
      /var/run/secrets/kubernetes.io/serviceaccount from kube-api-access-s775r (ro)
Conditions:
  Type                        Status
  PodReadyToStartContainers   True 
  Initialized                 True 
  Ready                       True 
  ContainersReady             True 
  PodScheduled                True 
Volumes:
  data:
    Type:       PersistentVolumeClaim (a reference to a PersistentVolumeClaim in the same namespace)
    ClaimName:  data-postgres-0
    ReadOnly:   false
  init:
    Type:      ConfigMap (a volume populated by a ConfigMap)
    Name:      postgres-init
    Optional:  false
  kube-api-access-s775r:
    Type:                    Projected (a volume that contains injected data from multiple sources)
    TokenExpirationSeconds:  3607
    ConfigMapName:           kube-root-ca.crt
    Optional:                false
    DownwardAPI:             true
QoS Class:                   Burstable
Node-Selectors:              <none>
Tolerations:                 node.kubernetes.io/not-ready:NoExecute op=Exists for 300s
                             node.kubernetes.io/unreachable:NoExecute op=Exists for 300s
Events:
  Type    Reason     Age    From               Message
  ----    ------     ----   ----               -------
  Normal  Scheduled  3m18s  default-scheduler  Successfully assigned translator-zigbee/postgres-0 to <pi-host>
  Normal  Pulled     3m18s  kubelet            spec.containers{postgres}: Container image "postgres:17-alpine" already present on machine
  Normal  Created    3m18s  kubelet            spec.containers{postgres}: Created container: postgres
  Normal  Started    3m18s  kubelet            spec.containers{postgres}: Started container postgres


Name:             zigbee2mqtt-6b85d5787-hfqp6
Namespace:        translator-zigbee
Priority:         0
Service Account:  default
Node:             <pi-host>/<pi-ip>
Start Time:       Mon, 27 Apr 2026 09:52:52 +0200
Labels:           app=zigbee2mqtt
                  pod-template-hash=6b85d5787
Annotations:      cni.projectcalico.org/containerID: 945e0fd22ec1a56b36a59771ef689cb52560ac9f3b725176dbd634431be110bd
                  cni.projectcalico.org/podIP: <pod-ip>/32
                  cni.projectcalico.org/podIPs: <pod-ip>/32
Status:           Running
IP:               <pod-ip>
IPs:
  IP:           <pod-ip>
Controlled By:  ReplicaSet/zigbee2mqtt-6b85d5787
Init Containers:
  seed-config:
    Container ID:  containerd://425d2c3d7f1796a5c23ff1c62a02f58918b092cd754eebb5e227552df216432b
    Image:         busybox:latest
    Image ID:      docker.io/library/busybox@sha256:1487d0af5f52b4ba31c7e465126ee2123fe3f2305d638e7827681e7cf6c83d5e
    Port:          <none>
    Host Port:     <none>
    Command:
      sh
      -c
      cp /tmp/cm/configuration.yaml /app/data/configuration.yaml && chmod 0644 /app/data/configuration.yaml
    State:          Terminated
      Reason:       Completed
      Exit Code:    0
      Started:      Mon, 27 Apr 2026 09:52:54 +0200
      Finished:     Mon, 27 Apr 2026 09:52:54 +0200
    Ready:          True
    Restart Count:  0
    Environment:    <none>
    Mounts:
      /app/data from data (rw)
      /tmp/cm from config-cm (rw)
      /var/run/secrets/kubernetes.io/serviceaccount from kube-api-access-4xq2n (ro)
Containers:
  zigbee2mqtt:
    Container ID:   containerd://fc5ad13fc4216bfb9aec82f1144fc8c5734bc87c8c93b7e995b228c3a637a4ba
    Image:          koenkk/zigbee2mqtt:latest
    Image ID:       docker.io/koenkk/zigbee2mqtt@sha256:2a21bbf7a664a149024bbe1f776e3151f28ed9db15948270dcbffb89544a41f0
    Port:           8080/TCP (http)
    Host Port:      0/TCP (http)
    State:          Running
      Started:      Mon, 27 Apr 2026 09:52:55 +0200
    Ready:          True
    Restart Count:  0
    Limits:
      cpu:     1
      memory:  512Mi
    Requests:
      cpu:     100m
      memory:  128Mi
    Environment:
      TZ:                                Europe/Bratislava
      ZIGBEE2MQTT_CONFIG_MQTT_USER:      <set to the key 'mqtt-username' in secret 'hermod-secrets'>  Optional: false
      ZIGBEE2MQTT_CONFIG_MQTT_PASSWORD:  <set to the key 'mqtt-password' in secret 'hermod-secrets'>  Optional: false
    Mounts:
      /app/data from data (rw)
      /dev/ttyUSB0 from zigbee-device (rw)
      /var/run/secrets/kubernetes.io/serviceaccount from kube-api-access-4xq2n (ro)
Conditions:
  Type                        Status
  PodReadyToStartContainers   True 
  Initialized                 True 
  Ready                       True 
  ContainersReady             True 
  PodScheduled                True 
Volumes:
  data:
    Type:       EmptyDir (a temporary directory that shares a pod's lifetime)
    Medium:     
    SizeLimit:  <unset>
  config-cm:
    Type:      ConfigMap (a volume populated by a ConfigMap)
    Name:      zigbee2mqtt-config
    Optional:  false
  zigbee-device:
    Type:          HostPath (bare host directory volume)
    Path:          /dev/ttyUSB0
    HostPathType:  CharDevice
  kube-api-access-4xq2n:
    Type:                    Projected (a volume that contains injected data from multiple sources)
    TokenExpirationSeconds:  3607
    ConfigMapName:           kube-root-ca.crt
    Optional:                false
    DownwardAPI:             true
QoS Class:                   Burstable
Node-Selectors:              hermod.io/zigbee=true
Tolerations:                 node.kubernetes.io/not-ready:NoExecute op=Exists for 300s
                             node.kubernetes.io/unreachable:NoExecute op=Exists for 300s
Events:
  Type    Reason     Age    From               Message
  ----    ------     ----   ----               -------
  Normal  Scheduled  3m24s  default-scheduler  Successfully assigned translator-zigbee/zigbee2mqtt-6b85d5787-hfqp6 to <pi-host>
  Normal  Pulled     3m24s  kubelet            spec.initContainers{seed-config}: Container image "busybox:latest" already present on machine
  Normal  Created    3m24s  kubelet            spec.initContainers{seed-config}: Created container: seed-config
  Normal  Started    3m23s  kubelet            spec.initContainers{seed-config}: Started container seed-config
  Normal  Pulled     3m23s  kubelet            spec.containers{zigbee2mqtt}: Container image "koenkk/zigbee2mqtt:latest" already present on machine
  Normal  Created    3m22s  kubelet            spec.containers{zigbee2mqtt}: Created container: zigbee2mqtt
  Normal  Started    3m22s  kubelet            spec.containers{zigbee2mqtt}: Started container zigbee2mqtt

