ts	repeat	pod	cpu	mem
1777265567	1	hermod-coordinator-75c8c84f7c-szpfw	600m	94Mi
1777265567	1	nanomq-855cdf7bbb-bws2l	1m	1Mi
1777265567	1	postgres-0	93m	325Mi
1777265568	1	hermod-coordinator-75c8c84f7c-szpfw	600m	94Mi
1777265568	1	nanomq-855cdf7bbb-bws2l	1m	1Mi
1777265568	1	postgres-0	93m	325Mi
1777265569	1	hermod-coordinator-75c8c84f7c-szpfw	600m	94Mi
1777265569	1	nanomq-855cdf7bbb-bws2l	1m	1Mi
1777265569	1	postgres-0	93m	325Mi
1777265570	1	hermod-coordinator-75c8c84f7c-szpfw	600m	94Mi
1777265570	1	nanomq-855cdf7bbb-bws2l	1m	1Mi
1777265570	1	postgres-0	93m	325Mi
1777265571	1	hermod-coordinator-75c8c84f7c-szpfw	600m	94Mi
1777265571	1	nanomq-855cdf7bbb-bws2l	1m	1Mi
1777265571	1	postgres-0	93m	325Mi
1777265572	1	hermod-coordinator-75c8c84f7c-szpfw	600m	94Mi
1777265572	1	nanomq-855cdf7bbb-bws2l	1m	1Mi
1777265572	1	postgres-0	93m	325Mi
1777265573	1	hermod-coordinator-75c8c84f7c-szpfw	600m	94Mi
1777265573	1	nanomq-855cdf7bbb-bws2l	1m	1Mi
1777265573	1	postgres-0	93m	325Mi
1777265574	1	hermod-coordinator-75c8c84f7c-szpfw	600m	94Mi
1777265574	1	nanomq-855cdf7bbb-bws2l	1m	1Mi
1777265574	1	postgres-0	93m	325Mi
1777265575	1	hermod-coordinator-75c8c84f7c-szpfw	600m	94Mi
1777265575	1	nanomq-855cdf7bbb-bws2l	1m	1Mi
1777265575	1	postgres-0	93m	325Mi
1777265576	1	hermod-coordinator-75c8c84f7c-szpfw	449m	129Mi
1777265576	1	nanomq-855cdf7bbb-bws2l	14m	1Mi
1777265576	1	postgres-0	21m	325Mi
1777265577	1	hermod-coordinator-75c8c84f7c-szpfw	449m	129Mi
1777265577	1	nanomq-855cdf7bbb-bws2l	14m	1Mi
1777265577	1	postgres-0	21m	325Mi
1777265578	1	hermod-coordinator-75c8c84f7c-szpfw	449m	129Mi
1777265578	1	nanomq-855cdf7bbb-bws2l	14m	1Mi
1777265578	1	postgres-0	21m	325Mi
1777265579	1	hermod-coordinator-75c8c84f7c-szpfw	449m	129Mi
1777265579	1	nanomq-855cdf7bbb-bws2l	14m	1Mi
1777265579	1	postgres-0	21m	325Mi
1777265580	1	hermod-coordinator-75c8c84f7c-szpfw	449m	129Mi
1777265580	1	nanomq-855cdf7bbb-bws2l	14m	1Mi
1777265580	1	postgres-0	21m	325Mi
1777265581	1	hermod-coordinator-75c8c84f7c-szpfw	449m	129Mi
1777265581	1	nanomq-855cdf7bbb-bws2l	14m	1Mi
1777265581	1	postgres-0	21m	325Mi
1777265583	1	hermod-coordinator-75c8c84f7c-szpfw	449m	129Mi
1777265583	1	nanomq-855cdf7bbb-bws2l	14m	1Mi
1777265583	1	postgres-0	21m	325Mi
1777265584	1	hermod-coordinator-75c8c84f7c-szpfw	449m	129Mi
1777265584	1	nanomq-855cdf7bbb-bws2l	14m	1Mi
1777265584	1	postgres-0	21m	325Mi
1777265585	1	hermod-coordinator-75c8c84f7c-szpfw	449m	129Mi
1777265585	1	nanomq-855cdf7bbb-bws2l	14m	1Mi
1777265585	1	postgres-0	21m	325Mi
1777265586	1	hermod-coordinator-75c8c84f7c-szpfw	449m	129Mi
1777265586	1	nanomq-855cdf7bbb-bws2l	14m	1Mi
1777265586	1	postgres-0	21m	325Mi
1777265587	1	hermod-coordinator-75c8c84f7c-szpfw	449m	129Mi
1777265587	1	nanomq-855cdf7bbb-bws2l	14m	1Mi
1777265587	1	postgres-0	21m	325Mi
1777265588	1	hermod-coordinator-75c8c84f7c-szpfw	449m	129Mi
1777265588	1	nanomq-855cdf7bbb-bws2l	14m	1Mi
1777265588	1	postgres-0	21m	325Mi
1777265589	1	hermod-coordinator-75c8c84f7c-szpfw	449m	129Mi
1777265589	1	nanomq-855cdf7bbb-bws2l	14m	1Mi
1777265589	1	postgres-0	21m	325Mi
1777265590	1	hermod-coordinator-75c8c84f7c-szpfw	449m	129Mi
1777265590	1	nanomq-855cdf7bbb-bws2l	14m	1Mi
1777265590	1	postgres-0	21m	325Mi
1777265591	1	hermod-coordinator-75c8c84f7c-szpfw	449m	129Mi
1777265591	1	nanomq-855cdf7bbb-bws2l	14m	1Mi
1777265591	1	postgres-0	21m	325Mi
1777265592	1	hermod-coordinator-75c8c84f7c-szpfw	480m	134Mi
1777265592	1	nanomq-855cdf7bbb-bws2l	243m	1Mi
1777265592	1	postgres-0	113m	330Mi
1777265593	1	hermod-coordinator-75c8c84f7c-szpfw	480m	134Mi
1777265593	1	nanomq-855cdf7bbb-bws2l	243m	1Mi
1777265593	1	postgres-0	113m	330Mi
1777265594	1	hermod-coordinator-75c8c84f7c-szpfw	480m	134Mi
1777265594	1	nanomq-855cdf7bbb-bws2l	243m	1Mi
1777265594	1	postgres-0	113m	330Mi
1777265595	1	hermod-coordinator-75c8c84f7c-szpfw	480m	134Mi
1777265595	1	nanomq-855cdf7bbb-bws2l	243m	1Mi
1777265595	1	postgres-0	113m	330Mi
1777265596	1	hermod-coordinator-75c8c84f7c-szpfw	480m	134Mi
1777265596	1	nanomq-855cdf7bbb-bws2l	243m	1Mi
1777265596	1	postgres-0	113m	330Mi
1777265597	1	hermod-coordinator-75c8c84f7c-szpfw	480m	134Mi
1777265597	1	nanomq-855cdf7bbb-bws2l	243m	1Mi
1777265597	1	postgres-0	113m	330Mi
1777265598	1	hermod-coordinator-75c8c84f7c-szpfw	480m	134Mi
1777265598	1	nanomq-855cdf7bbb-bws2l	243m	1Mi
1777265598	1	postgres-0	113m	330Mi
1777265599	1	hermod-coordinator-75c8c84f7c-szpfw	480m	134Mi
1777265599	1	nanomq-855cdf7bbb-bws2l	243m	1Mi
1777265599	1	postgres-0	113m	330Mi
1777265600	1	hermod-coordinator-75c8c84f7c-szpfw	480m	134Mi
1777265600	1	nanomq-855cdf7bbb-bws2l	243m	1Mi
1777265600	1	postgres-0	113m	330Mi
1777265602	1	hermod-coordinator-75c8c84f7c-szpfw	480m	134Mi
1777265602	1	nanomq-855cdf7bbb-bws2l	243m	1Mi
1777265602	1	postgres-0	113m	330Mi
1777265603	1	hermod-coordinator-75c8c84f7c-szpfw	480m	134Mi
1777265603	1	nanomq-855cdf7bbb-bws2l	243m	1Mi
1777265603	1	postgres-0	113m	330Mi
1777265604	1	hermod-coordinator-75c8c84f7c-szpfw	480m	134Mi
1777265604	1	nanomq-855cdf7bbb-bws2l	243m	1Mi
1777265604	1	postgres-0	113m	330Mi
1777265605	1	hermod-coordinator-75c8c84f7c-szpfw	480m	134Mi
1777265605	1	nanomq-855cdf7bbb-bws2l	243m	1Mi
1777265605	1	postgres-0	113m	330Mi
1777265606	1	hermod-coordinator-75c8c84f7c-szpfw	480m	134Mi
1777265606	1	nanomq-855cdf7bbb-bws2l	243m	1Mi
1777265606	1	postgres-0	113m	330Mi
1777265607	1	hermod-coordinator-75c8c84f7c-szpfw	480m	134Mi
1777265607	1	nanomq-855cdf7bbb-bws2l	243m	1Mi
1777265607	1	postgres-0	173m	335Mi
1777265608	1	hermod-coordinator-75c8c84f7c-szpfw	480m	134Mi
1777265608	1	nanomq-855cdf7bbb-bws2l	243m	1Mi
1777265608	1	postgres-0	173m	335Mi
1777265609	1	hermod-coordinator-75c8c84f7c-szpfw	480m	134Mi
1777265609	1	nanomq-855cdf7bbb-bws2l	243m	1Mi
1777265609	1	postgres-0	173m	335Mi
1777265610	1	hermod-coordinator-75c8c84f7c-szpfw	480m	134Mi
1777265610	1	nanomq-855cdf7bbb-bws2l	243m	1Mi
1777265610	1	postgres-0	173m	335Mi
1777265611	1	hermod-coordinator-75c8c84f7c-szpfw	480m	134Mi
1777265611	1	nanomq-855cdf7bbb-bws2l	243m	1Mi
1777265611	1	postgres-0	173m	335Mi
1777265612	1	hermod-coordinator-75c8c84f7c-szpfw	480m	134Mi
1777265612	1	nanomq-855cdf7bbb-bws2l	243m	1Mi
1777265612	1	postgres-0	173m	335Mi
1777265613	1	hermod-coordinator-75c8c84f7c-szpfw	480m	134Mi
1777265613	1	nanomq-855cdf7bbb-bws2l	243m	1Mi
1777265613	1	postgres-0	173m	335Mi
1777265614	1	hermod-coordinator-75c8c84f7c-szpfw	480m	134Mi
1777265614	1	nanomq-855cdf7bbb-bws2l	243m	1Mi
1777265614	1	postgres-0	173m	335Mi
1777265615	1	hermod-coordinator-75c8c84f7c-szpfw	480m	134Mi
1777265615	1	nanomq-855cdf7bbb-bws2l	243m	1Mi
1777265615	1	postgres-0	173m	335Mi
1777265616	1	hermod-coordinator-75c8c84f7c-szpfw	480m	134Mi
1777265616	1	nanomq-855cdf7bbb-bws2l	243m	1Mi
1777265616	1	postgres-0	173m	335Mi
1777265617	1	hermod-coordinator-75c8c84f7c-szpfw	480m	134Mi
1777265617	1	nanomq-855cdf7bbb-bws2l	243m	1Mi
1777265617	1	postgres-0	173m	335Mi
1777265618	1	hermod-coordinator-75c8c84f7c-szpfw	480m	134Mi
1777265618	1	nanomq-855cdf7bbb-bws2l	243m	1Mi
1777265618	1	postgres-0	173m	335Mi
1777265620	1	hermod-coordinator-75c8c84f7c-szpfw	480m	134Mi
1777265620	1	nanomq-855cdf7bbb-bws2l	243m	1Mi
1777265620	1	postgres-0	173m	335Mi
1777265621	1	hermod-coordinator-75c8c84f7c-szpfw	480m	134Mi
1777265621	1	nanomq-855cdf7bbb-bws2l	243m	1Mi
1777265621	1	postgres-0	173m	335Mi
1777265622	1	hermod-coordinator-75c8c84f7c-szpfw	519m	148Mi
1777265622	1	nanomq-855cdf7bbb-bws2l	238m	1Mi
1777265622	1	postgres-0	113m	337Mi
1777265623	1	hermod-coordinator-75c8c84f7c-szpfw	519m	148Mi
1777265623	1	nanomq-855cdf7bbb-bws2l	238m	1Mi
1777265623	1	postgres-0	113m	337Mi
1777265624	1	hermod-coordinator-75c8c84f7c-szpfw	519m	148Mi
1777265624	1	nanomq-855cdf7bbb-bws2l	238m	1Mi
1777265624	1	postgres-0	113m	337Mi
1777265625	1	hermod-coordinator-75c8c84f7c-szpfw	519m	148Mi
1777265625	1	nanomq-855cdf7bbb-bws2l	238m	1Mi
1777265625	1	postgres-0	113m	337Mi
1777265626	1	hermod-coordinator-75c8c84f7c-szpfw	519m	148Mi
1777265626	1	nanomq-855cdf7bbb-bws2l	238m	1Mi
1777265626	1	postgres-0	113m	337Mi
1777265627	1	hermod-coordinator-75c8c84f7c-szpfw	519m	148Mi
1777265627	1	nanomq-855cdf7bbb-bws2l	238m	1Mi
1777265627	1	postgres-0	113m	337Mi
1777265628	1	hermod-coordinator-75c8c84f7c-szpfw	519m	148Mi
1777265628	1	nanomq-855cdf7bbb-bws2l	238m	1Mi
1777265628	1	postgres-0	113m	337Mi
1777265629	1	hermod-coordinator-75c8c84f7c-szpfw	519m	148Mi
1777265629	1	nanomq-855cdf7bbb-bws2l	238m	1Mi
1777265629	1	postgres-0	113m	337Mi
1777265630	1	hermod-coordinator-75c8c84f7c-szpfw	519m	148Mi
1777265630	1	nanomq-855cdf7bbb-bws2l	238m	1Mi
1777265630	1	postgres-0	113m	337Mi
1777265631	1	hermod-coordinator-75c8c84f7c-szpfw	519m	148Mi
1777265631	1	nanomq-855cdf7bbb-bws2l	238m	1Mi
1777265631	1	postgres-0	113m	337Mi
1777265632	1	hermod-coordinator-75c8c84f7c-szpfw	519m	148Mi
1777265632	1	nanomq-855cdf7bbb-bws2l	238m	1Mi
1777265632	1	postgres-0	113m	337Mi
1777265633	1	hermod-coordinator-75c8c84f7c-szpfw	519m	148Mi
1777265633	1	nanomq-855cdf7bbb-bws2l	238m	1Mi
1777265633	1	postgres-0	113m	337Mi
1777265634	1	hermod-coordinator-75c8c84f7c-szpfw	519m	148Mi
1777265634	1	nanomq-855cdf7bbb-bws2l	238m	1Mi
1777265634	1	postgres-0	113m	337Mi
1777265635	1	hermod-coordinator-75c8c84f7c-szpfw	519m	148Mi
1777265635	1	nanomq-855cdf7bbb-bws2l	238m	1Mi
1777265635	1	postgres-0	113m	337Mi
1777265636	1	hermod-coordinator-75c8c84f7c-szpfw	513m	151Mi
1777265636	1	nanomq-855cdf7bbb-bws2l	240m	1Mi
1777265636	1	postgres-0	115m	337Mi
1777265638	1	hermod-coordinator-75c8c84f7c-szpfw	513m	151Mi
1777265638	1	nanomq-855cdf7bbb-bws2l	240m	1Mi
1777265638	1	postgres-0	115m	337Mi
1777265639	1	hermod-coordinator-75c8c84f7c-szpfw	513m	151Mi
1777265639	1	nanomq-855cdf7bbb-bws2l	240m	1Mi
1777265639	1	postgres-0	115m	337Mi
1777265640	1	hermod-coordinator-75c8c84f7c-szpfw	513m	151Mi
1777265640	1	nanomq-855cdf7bbb-bws2l	240m	1Mi
1777265640	1	postgres-0	115m	337Mi
1777265641	1	hermod-coordinator-75c8c84f7c-szpfw	513m	151Mi
1777265641	1	nanomq-855cdf7bbb-bws2l	240m	1Mi
1777265641	1	postgres-0	115m	337Mi
1777265642	1	hermod-coordinator-75c8c84f7c-szpfw	513m	151Mi
1777265642	1	nanomq-855cdf7bbb-bws2l	240m	1Mi
1777265642	1	postgres-0	115m	337Mi
1777265643	1	hermod-coordinator-75c8c84f7c-szpfw	513m	151Mi
1777265643	1	nanomq-855cdf7bbb-bws2l	240m	1Mi
1777265643	1	postgres-0	115m	337Mi
1777265644	1	hermod-coordinator-75c8c84f7c-szpfw	513m	151Mi
1777265644	1	nanomq-855cdf7bbb-bws2l	240m	1Mi
1777265644	1	postgres-0	115m	337Mi
1777265645	1	hermod-coordinator-75c8c84f7c-szpfw	513m	151Mi
1777265645	1	nanomq-855cdf7bbb-bws2l	240m	1Mi
1777265645	1	postgres-0	115m	337Mi
1777265646	1	hermod-coordinator-75c8c84f7c-szpfw	513m	151Mi
1777265646	1	nanomq-855cdf7bbb-bws2l	240m	1Mi
1777265646	1	postgres-0	115m	337Mi
1777265647	1	hermod-coordinator-75c8c84f7c-szpfw	513m	151Mi
1777265647	1	nanomq-855cdf7bbb-bws2l	240m	1Mi
1777265647	1	postgres-0	115m	337Mi
1777265648	1	hermod-coordinator-75c8c84f7c-szpfw	513m	151Mi
1777265648	1	nanomq-855cdf7bbb-bws2l	240m	1Mi
1777265648	1	postgres-0	115m	337Mi
1777265649	1	hermod-coordinator-75c8c84f7c-szpfw	513m	151Mi
1777265649	1	nanomq-855cdf7bbb-bws2l	240m	1Mi
1777265649	1	postgres-0	115m	337Mi
1777265650	1	hermod-coordinator-75c8c84f7c-szpfw	513m	151Mi
1777265650	1	nanomq-855cdf7bbb-bws2l	240m	1Mi
1777265650	1	postgres-0	115m	337Mi
1777265651	1	hermod-coordinator-75c8c84f7c-szpfw	506m	151Mi
1777265651	1	nanomq-855cdf7bbb-bws2l	240m	1Mi
1777265651	1	postgres-0	149m	337Mi
1777265652	1	hermod-coordinator-75c8c84f7c-szpfw	506m	151Mi
1777265652	1	nanomq-855cdf7bbb-bws2l	240m	1Mi
1777265652	1	postgres-0	149m	337Mi
1777265653	1	hermod-coordinator-75c8c84f7c-szpfw	506m	151Mi
1777265653	1	nanomq-855cdf7bbb-bws2l	240m	1Mi
1777265653	1	postgres-0	149m	337Mi
1777265654	1	hermod-coordinator-75c8c84f7c-szpfw	506m	151Mi
1777265654	1	nanomq-855cdf7bbb-bws2l	240m	1Mi
1777265654	1	postgres-0	149m	337Mi
1777265656	1	hermod-coordinator-75c8c84f7c-szpfw	506m	151Mi
1777265656	1	nanomq-855cdf7bbb-bws2l	240m	1Mi
1777265656	1	postgres-0	149m	337Mi
1777265657	1	hermod-coordinator-75c8c84f7c-szpfw	506m	151Mi
1777265657	1	nanomq-855cdf7bbb-bws2l	240m	1Mi
1777265657	1	postgres-0	149m	337Mi
1777265658	1	hermod-coordinator-75c8c84f7c-szpfw	506m	151Mi
1777265658	1	nanomq-855cdf7bbb-bws2l	240m	1Mi
1777265658	1	postgres-0	149m	337Mi
1777265659	1	hermod-coordinator-75c8c84f7c-szpfw	506m	151Mi
1777265659	1	nanomq-855cdf7bbb-bws2l	240m	1Mi
1777265659	1	postgres-0	149m	337Mi
1777265660	1	hermod-coordinator-75c8c84f7c-szpfw	506m	151Mi
1777265660	1	nanomq-855cdf7bbb-bws2l	240m	1Mi
1777265660	1	postgres-0	149m	337Mi
1777265661	1	hermod-coordinator-75c8c84f7c-szpfw	506m	151Mi
1777265661	1	nanomq-855cdf7bbb-bws2l	240m	1Mi
1777265661	1	postgres-0	149m	337Mi
1777265662	1	hermod-coordinator-75c8c84f7c-szpfw	506m	151Mi
1777265662	1	nanomq-855cdf7bbb-bws2l	240m	1Mi
1777265662	1	postgres-0	149m	337Mi
1777265663	1	hermod-coordinator-75c8c84f7c-szpfw	506m	151Mi
1777265663	1	nanomq-855cdf7bbb-bws2l	240m	1Mi
1777265663	1	postgres-0	149m	337Mi
1777265664	1	hermod-coordinator-75c8c84f7c-szpfw	506m	151Mi
1777265664	1	nanomq-855cdf7bbb-bws2l	240m	1Mi
1777265664	1	postgres-0	149m	337Mi
1777265665	1	hermod-coordinator-75c8c84f7c-szpfw	506m	151Mi
1777265665	1	nanomq-855cdf7bbb-bws2l	240m	1Mi
1777265665	1	postgres-0	149m	337Mi
1777265666	1	hermod-coordinator-75c8c84f7c-szpfw	506m	151Mi
1777265666	1	nanomq-855cdf7bbb-bws2l	240m	1Mi
1777265666	1	postgres-0	149m	337Mi
1777265667	1	hermod-coordinator-75c8c84f7c-szpfw	469m	145Mi
1777265667	1	nanomq-855cdf7bbb-bws2l	241m	1Mi
1777265667	1	postgres-0	116m	338Mi
1777265668	1	hermod-coordinator-75c8c84f7c-szpfw	469m	145Mi
1777265668	1	nanomq-855cdf7bbb-bws2l	241m	1Mi
1777265668	1	postgres-0	116m	338Mi
1777265669	1	hermod-coordinator-75c8c84f7c-szpfw	469m	145Mi
1777265669	1	nanomq-855cdf7bbb-bws2l	241m	1Mi
1777265669	1	postgres-0	116m	338Mi
1777265670	1	hermod-coordinator-75c8c84f7c-szpfw	469m	145Mi
1777265670	1	nanomq-855cdf7bbb-bws2l	241m	1Mi
1777265670	1	postgres-0	116m	338Mi
1777265671	1	hermod-coordinator-75c8c84f7c-szpfw	469m	145Mi
1777265671	1	nanomq-855cdf7bbb-bws2l	241m	1Mi
1777265671	1	postgres-0	116m	338Mi
1777265672	1	hermod-coordinator-75c8c84f7c-szpfw	469m	145Mi
1777265672	1	nanomq-855cdf7bbb-bws2l	241m	1Mi
1777265672	1	postgres-0	116m	338Mi
1777265673	1	hermod-coordinator-75c8c84f7c-szpfw	469m	145Mi
1777265673	1	nanomq-855cdf7bbb-bws2l	241m	1Mi
1777265673	1	postgres-0	116m	338Mi
1777265675	1	hermod-coordinator-75c8c84f7c-szpfw	469m	145Mi
1777265675	1	nanomq-855cdf7bbb-bws2l	241m	1Mi
1777265675	1	postgres-0	116m	338Mi
1777265676	1	hermod-coordinator-75c8c84f7c-szpfw	469m	145Mi
1777265676	1	nanomq-855cdf7bbb-bws2l	241m	1Mi
1777265676	1	postgres-0	116m	338Mi
1777265677	1	hermod-coordinator-75c8c84f7c-szpfw	469m	145Mi
1777265677	1	nanomq-855cdf7bbb-bws2l	241m	1Mi
1777265677	1	postgres-0	116m	338Mi
1777265678	1	hermod-coordinator-75c8c84f7c-szpfw	469m	145Mi
1777265678	1	nanomq-855cdf7bbb-bws2l	241m	1Mi
1777265678	1	postgres-0	116m	338Mi
1777265679	1	hermod-coordinator-75c8c84f7c-szpfw	469m	145Mi
1777265679	1	nanomq-855cdf7bbb-bws2l	241m	1Mi
1777265679	1	postgres-0	116m	338Mi
1777265680	1	hermod-coordinator-75c8c84f7c-szpfw	469m	145Mi
1777265680	1	nanomq-855cdf7bbb-bws2l	241m	1Mi
1777265680	1	postgres-0	116m	338Mi
1777265681	1	hermod-coordinator-75c8c84f7c-szpfw	469m	145Mi
1777265681	1	nanomq-855cdf7bbb-bws2l	241m	1Mi
1777265681	1	postgres-0	116m	338Mi
1777265682	1	hermod-coordinator-75c8c84f7c-szpfw	451m	160Mi
1777265682	1	nanomq-855cdf7bbb-bws2l	243m	1Mi
1777265682	1	postgres-0	109m	338Mi
1777265683	1	hermod-coordinator-75c8c84f7c-szpfw	451m	160Mi
1777265683	1	nanomq-855cdf7bbb-bws2l	243m	1Mi
1777265683	1	postgres-0	109m	338Mi
1777265684	1	hermod-coordinator-75c8c84f7c-szpfw	451m	160Mi
1777265684	1	nanomq-855cdf7bbb-bws2l	243m	1Mi
1777265684	1	postgres-0	109m	338Mi
1777265685	1	hermod-coordinator-75c8c84f7c-szpfw	451m	160Mi
1777265685	1	nanomq-855cdf7bbb-bws2l	243m	1Mi
1777265685	1	postgres-0	109m	338Mi
1777265686	1	hermod-coordinator-75c8c84f7c-szpfw	451m	160Mi
1777265686	1	nanomq-855cdf7bbb-bws2l	243m	1Mi
1777265686	1	postgres-0	109m	338Mi
1777265687	1	hermod-coordinator-75c8c84f7c-szpfw	451m	160Mi
1777265687	1	nanomq-855cdf7bbb-bws2l	243m	1Mi
1777265687	1	postgres-0	109m	338Mi
1777265688	1	hermod-coordinator-75c8c84f7c-szpfw	451m	160Mi
1777265688	1	nanomq-855cdf7bbb-bws2l	243m	1Mi
1777265688	1	postgres-0	109m	338Mi
1777265689	1	hermod-coordinator-75c8c84f7c-szpfw	451m	160Mi
1777265689	1	nanomq-855cdf7bbb-bws2l	243m	1Mi
1777265689	1	postgres-0	109m	338Mi
1777265690	1	hermod-coordinator-75c8c84f7c-szpfw	451m	160Mi
1777265690	1	nanomq-855cdf7bbb-bws2l	243m	1Mi
1777265690	1	postgres-0	109m	338Mi
1777265691	1	hermod-coordinator-75c8c84f7c-szpfw	451m	160Mi
1777265691	1	nanomq-855cdf7bbb-bws2l	243m	1Mi
1777265691	1	postgres-0	109m	338Mi
1777265693	1	hermod-coordinator-75c8c84f7c-szpfw	451m	160Mi
1777265693	1	nanomq-855cdf7bbb-bws2l	243m	1Mi
1777265693	1	postgres-0	109m	338Mi
1777265694	1	hermod-coordinator-75c8c84f7c-szpfw	451m	160Mi
1777265694	1	nanomq-855cdf7bbb-bws2l	243m	1Mi
1777265694	1	postgres-0	109m	338Mi
1777265695	1	hermod-coordinator-75c8c84f7c-szpfw	451m	160Mi
1777265695	1	nanomq-855cdf7bbb-bws2l	243m	1Mi
1777265695	1	postgres-0	109m	338Mi
1777265696	1	hermod-coordinator-75c8c84f7c-szpfw	451m	160Mi
1777265696	1	nanomq-855cdf7bbb-bws2l	243m	1Mi
1777265696	1	postgres-0	109m	338Mi
1777265697	1	hermod-coordinator-75c8c84f7c-szpfw	464m	149Mi
1777265697	1	nanomq-855cdf7bbb-bws2l	245m	2Mi
1777265697	1	postgres-0	116m	339Mi
1777265698	1	hermod-coordinator-75c8c84f7c-szpfw	464m	149Mi
1777265698	1	nanomq-855cdf7bbb-bws2l	245m	2Mi
1777265698	1	postgres-0	116m	339Mi
1777265699	1	hermod-coordinator-75c8c84f7c-szpfw	464m	149Mi
1777265699	1	nanomq-855cdf7bbb-bws2l	245m	2Mi
1777265699	1	postgres-0	116m	339Mi
1777265700	1	hermod-coordinator-75c8c84f7c-szpfw	464m	149Mi
1777265700	1	nanomq-855cdf7bbb-bws2l	245m	2Mi
1777265700	1	postgres-0	116m	339Mi
1777265701	1	hermod-coordinator-75c8c84f7c-szpfw	464m	149Mi
1777265701	1	nanomq-855cdf7bbb-bws2l	245m	2Mi
1777265701	1	postgres-0	116m	339Mi
1777265702	1	hermod-coordinator-75c8c84f7c-szpfw	464m	149Mi
1777265702	1	nanomq-855cdf7bbb-bws2l	245m	2Mi
1777265702	1	postgres-0	116m	339Mi
1777265703	1	hermod-coordinator-75c8c84f7c-szpfw	464m	149Mi
1777265703	1	nanomq-855cdf7bbb-bws2l	245m	2Mi
1777265703	1	postgres-0	116m	339Mi
1777265704	1	hermod-coordinator-75c8c84f7c-szpfw	464m	149Mi
1777265704	1	nanomq-855cdf7bbb-bws2l	245m	2Mi
1777265704	1	postgres-0	116m	339Mi
1777265705	1	hermod-coordinator-75c8c84f7c-szpfw	464m	149Mi
1777265705	1	nanomq-855cdf7bbb-bws2l	245m	2Mi
1777265705	1	postgres-0	116m	339Mi
1777265706	1	hermod-coordinator-75c8c84f7c-szpfw	464m	149Mi
1777265706	1	nanomq-855cdf7bbb-bws2l	245m	2Mi
1777265706	1	postgres-0	116m	339Mi
1777265707	1	hermod-coordinator-75c8c84f7c-szpfw	464m	149Mi
1777265707	1	nanomq-855cdf7bbb-bws2l	245m	2Mi
1777265707	1	postgres-0	116m	339Mi
1777265708	1	hermod-coordinator-75c8c84f7c-szpfw	464m	149Mi
1777265708	1	nanomq-855cdf7bbb-bws2l	245m	2Mi
1777265708	1	postgres-0	116m	339Mi
1777265709	1	hermod-coordinator-75c8c84f7c-szpfw	464m	149Mi
1777265709	1	nanomq-855cdf7bbb-bws2l	245m	2Mi
1777265709	1	postgres-0	116m	339Mi
1777265711	1	hermod-coordinator-75c8c84f7c-szpfw	464m	149Mi
1777265711	1	nanomq-855cdf7bbb-bws2l	245m	2Mi
1777265711	1	postgres-0	116m	339Mi
1777265712	1	hermod-coordinator-75c8c84f7c-szpfw	489m	160Mi
1777265712	1	nanomq-855cdf7bbb-bws2l	242m	1Mi
1777265712	1	postgres-0	111m	339Mi
1777265713	1	hermod-coordinator-75c8c84f7c-szpfw	489m	160Mi
1777265713	1	nanomq-855cdf7bbb-bws2l	242m	1Mi
1777265713	1	postgres-0	111m	339Mi
1777265714	1	hermod-coordinator-75c8c84f7c-szpfw	489m	160Mi
1777265714	1	nanomq-855cdf7bbb-bws2l	242m	1Mi
1777265714	1	postgres-0	111m	339Mi
1777265715	1	hermod-coordinator-75c8c84f7c-szpfw	489m	160Mi
1777265715	1	nanomq-855cdf7bbb-bws2l	242m	1Mi
1777265715	1	postgres-0	111m	339Mi
1777265716	1	hermod-coordinator-75c8c84f7c-szpfw	489m	160Mi
1777265716	1	nanomq-855cdf7bbb-bws2l	242m	1Mi
1777265716	1	postgres-0	111m	339Mi
1777265717	1	hermod-coordinator-75c8c84f7c-szpfw	489m	160Mi
1777265717	1	nanomq-855cdf7bbb-bws2l	242m	1Mi
1777265717	1	postgres-0	111m	339Mi
1777265718	1	hermod-coordinator-75c8c84f7c-szpfw	489m	160Mi
1777265718	1	nanomq-855cdf7bbb-bws2l	242m	1Mi
1777265718	1	postgres-0	111m	339Mi
1777265719	1	hermod-coordinator-75c8c84f7c-szpfw	489m	160Mi
1777265719	1	nanomq-855cdf7bbb-bws2l	242m	1Mi
1777265719	1	postgres-0	111m	339Mi
1777265720	1	hermod-coordinator-75c8c84f7c-szpfw	489m	160Mi
1777265720	1	nanomq-855cdf7bbb-bws2l	242m	1Mi
1777265720	1	postgres-0	111m	339Mi
1777265721	1	hermod-coordinator-75c8c84f7c-szpfw	489m	160Mi
1777265721	1	nanomq-855cdf7bbb-bws2l	242m	1Mi
1777265721	1	postgres-0	111m	339Mi
1777265722	1	hermod-coordinator-75c8c84f7c-szpfw	489m	160Mi
1777265722	1	nanomq-855cdf7bbb-bws2l	242m	1Mi
1777265722	1	postgres-0	111m	339Mi
1777265723	1	hermod-coordinator-75c8c84f7c-szpfw	489m	160Mi
1777265723	1	nanomq-855cdf7bbb-bws2l	242m	1Mi
1777265723	1	postgres-0	111m	339Mi
1777265724	1	hermod-coordinator-75c8c84f7c-szpfw	489m	160Mi
1777265724	1	nanomq-855cdf7bbb-bws2l	242m	1Mi
1777265724	1	postgres-0	111m	339Mi
1777265725	1	hermod-coordinator-75c8c84f7c-szpfw	489m	160Mi
1777265725	1	nanomq-855cdf7bbb-bws2l	242m	1Mi
1777265725	1	postgres-0	111m	339Mi
1777265726	1	hermod-coordinator-75c8c84f7c-szpfw	474m	152Mi
1777265726	1	nanomq-855cdf7bbb-bws2l	242m	1Mi
1777265726	1	postgres-0	146m	339Mi
1777265727	1	hermod-coordinator-75c8c84f7c-szpfw	474m	152Mi
1777265727	1	nanomq-855cdf7bbb-bws2l	242m	1Mi
1777265727	1	postgres-0	146m	339Mi
1777265728	1	hermod-coordinator-75c8c84f7c-szpfw	474m	152Mi
1777265728	1	nanomq-855cdf7bbb-bws2l	242m	1Mi
1777265728	1	postgres-0	146m	339Mi
1777265730	1	hermod-coordinator-75c8c84f7c-szpfw	474m	152Mi
1777265730	1	nanomq-855cdf7bbb-bws2l	242m	1Mi
1777265730	1	postgres-0	146m	339Mi
1777265731	1	hermod-coordinator-75c8c84f7c-szpfw	474m	152Mi
1777265731	1	nanomq-855cdf7bbb-bws2l	242m	1Mi
1777265731	1	postgres-0	146m	339Mi
1777265732	1	hermod-coordinator-75c8c84f7c-szpfw	474m	152Mi
1777265732	1	nanomq-855cdf7bbb-bws2l	242m	1Mi
1777265732	1	postgres-0	146m	339Mi
1777265733	1	hermod-coordinator-75c8c84f7c-szpfw	474m	152Mi
1777265733	1	nanomq-855cdf7bbb-bws2l	242m	1Mi
1777265733	1	postgres-0	146m	339Mi
1777265734	1	hermod-coordinator-75c8c84f7c-szpfw	474m	152Mi
1777265734	1	nanomq-855cdf7bbb-bws2l	242m	1Mi
1777265734	1	postgres-0	146m	339Mi
1777265735	1	hermod-coordinator-75c8c84f7c-szpfw	474m	152Mi
1777265735	1	nanomq-855cdf7bbb-bws2l	242m	1Mi
1777265735	1	postgres-0	146m	339Mi
1777265736	1	hermod-coordinator-75c8c84f7c-szpfw	474m	152Mi
1777265736	1	nanomq-855cdf7bbb-bws2l	242m	1Mi
1777265736	1	postgres-0	146m	339Mi
1777265737	1	hermod-coordinator-75c8c84f7c-szpfw	474m	152Mi
1777265737	1	nanomq-855cdf7bbb-bws2l	242m	1Mi
1777265737	1	postgres-0	146m	339Mi
1777265738	1	hermod-coordinator-75c8c84f7c-szpfw	474m	152Mi
1777265738	1	nanomq-855cdf7bbb-bws2l	242m	1Mi
1777265738	1	postgres-0	146m	339Mi
1777265739	1	hermod-coordinator-75c8c84f7c-szpfw	474m	152Mi
1777265739	1	nanomq-855cdf7bbb-bws2l	242m	1Mi
1777265739	1	postgres-0	146m	339Mi
1777265740	1	hermod-coordinator-75c8c84f7c-szpfw	474m	152Mi
1777265740	1	nanomq-855cdf7bbb-bws2l	242m	1Mi
1777265740	1	postgres-0	146m	339Mi
1777265741	1	hermod-coordinator-75c8c84f7c-szpfw	496m	153Mi
1777265741	1	nanomq-855cdf7bbb-bws2l	243m	1Mi
1777265741	1	postgres-0	110m	340Mi
1777265742	1	hermod-coordinator-75c8c84f7c-szpfw	496m	153Mi
1777265742	1	nanomq-855cdf7bbb-bws2l	243m	1Mi
1777265742	1	postgres-0	110m	340Mi
1777265743	1	hermod-coordinator-75c8c84f7c-szpfw	496m	153Mi
1777265743	1	nanomq-855cdf7bbb-bws2l	243m	1Mi
1777265743	1	postgres-0	110m	340Mi
1777265744	1	hermod-coordinator-75c8c84f7c-szpfw	496m	153Mi
1777265744	1	nanomq-855cdf7bbb-bws2l	243m	1Mi
1777265744	1	postgres-0	110m	340Mi
1777265745	1	hermod-coordinator-75c8c84f7c-szpfw	496m	153Mi
1777265745	1	nanomq-855cdf7bbb-bws2l	243m	1Mi
1777265745	1	postgres-0	110m	340Mi
1777265746	1	hermod-coordinator-75c8c84f7c-szpfw	496m	153Mi
1777265746	1	nanomq-855cdf7bbb-bws2l	243m	1Mi
1777265746	1	postgres-0	110m	340Mi
1777265748	1	hermod-coordinator-75c8c84f7c-szpfw	496m	153Mi
1777265748	1	nanomq-855cdf7bbb-bws2l	243m	1Mi
1777265748	1	postgres-0	110m	340Mi
1777265749	1	hermod-coordinator-75c8c84f7c-szpfw	496m	153Mi
1777265749	1	nanomq-855cdf7bbb-bws2l	243m	1Mi
1777265749	1	postgres-0	110m	340Mi
1777265750	1	hermod-coordinator-75c8c84f7c-szpfw	496m	153Mi
1777265750	1	nanomq-855cdf7bbb-bws2l	243m	1Mi
1777265750	1	postgres-0	110m	340Mi
1777265751	1	hermod-coordinator-75c8c84f7c-szpfw	496m	153Mi
1777265751	1	nanomq-855cdf7bbb-bws2l	243m	1Mi
1777265751	1	postgres-0	110m	340Mi
1777265752	1	hermod-coordinator-75c8c84f7c-szpfw	496m	153Mi
1777265752	1	nanomq-855cdf7bbb-bws2l	243m	1Mi
1777265752	1	postgres-0	110m	340Mi
1777265753	1	hermod-coordinator-75c8c84f7c-szpfw	496m	153Mi
1777265753	1	nanomq-855cdf7bbb-bws2l	243m	1Mi
1777265753	1	postgres-0	110m	340Mi
1777265754	1	hermod-coordinator-75c8c84f7c-szpfw	496m	153Mi
1777265754	1	nanomq-855cdf7bbb-bws2l	243m	1Mi
1777265754	1	postgres-0	110m	340Mi
1777265755	1	hermod-coordinator-75c8c84f7c-szpfw	496m	153Mi
1777265755	1	nanomq-855cdf7bbb-bws2l	243m	1Mi
1777265755	1	postgres-0	110m	340Mi
1777265756	1	hermod-coordinator-75c8c84f7c-szpfw	496m	153Mi
1777265756	1	nanomq-855cdf7bbb-bws2l	243m	1Mi
1777265756	1	postgres-0	110m	340Mi
1777265757	1	hermod-coordinator-75c8c84f7c-szpfw	455m	153Mi
1777265757	1	nanomq-855cdf7bbb-bws2l	242m	2Mi
1777265757	1	postgres-0	113m	340Mi
1777265758	1	hermod-coordinator-75c8c84f7c-szpfw	455m	153Mi
1777265758	1	nanomq-855cdf7bbb-bws2l	242m	2Mi
1777265758	1	postgres-0	113m	340Mi
1777265759	1	hermod-coordinator-75c8c84f7c-szpfw	455m	153Mi
1777265759	1	nanomq-855cdf7bbb-bws2l	242m	2Mi
1777265759	1	postgres-0	113m	340Mi
1777265760	1	hermod-coordinator-75c8c84f7c-szpfw	455m	153Mi
1777265760	1	nanomq-855cdf7bbb-bws2l	242m	2Mi
1777265760	1	postgres-0	113m	340Mi
1777265761	1	hermod-coordinator-75c8c84f7c-szpfw	455m	153Mi
1777265761	1	nanomq-855cdf7bbb-bws2l	242m	2Mi
1777265761	1	postgres-0	113m	340Mi
1777265762	1	hermod-coordinator-75c8c84f7c-szpfw	455m	153Mi
1777265762	1	nanomq-855cdf7bbb-bws2l	242m	2Mi
1777265762	1	postgres-0	113m	340Mi
1777265763	1	hermod-coordinator-75c8c84f7c-szpfw	455m	153Mi
1777265763	1	nanomq-855cdf7bbb-bws2l	242m	2Mi
1777265763	1	postgres-0	113m	340Mi
1777265764	1	hermod-coordinator-75c8c84f7c-szpfw	455m	153Mi
1777265764	1	nanomq-855cdf7bbb-bws2l	242m	2Mi
1777265764	1	postgres-0	113m	340Mi
1777265765	1	hermod-coordinator-75c8c84f7c-szpfw	455m	153Mi
1777265765	1	nanomq-855cdf7bbb-bws2l	242m	2Mi
1777265765	1	postgres-0	113m	340Mi
1777265766	1	hermod-coordinator-75c8c84f7c-szpfw	455m	153Mi
1777265766	1	nanomq-855cdf7bbb-bws2l	242m	2Mi
1777265766	1	postgres-0	113m	340Mi
1777265768	1	hermod-coordinator-75c8c84f7c-szpfw	455m	153Mi
1777265768	1	nanomq-855cdf7bbb-bws2l	242m	2Mi
1777265768	1	postgres-0	113m	340Mi
1777265769	1	hermod-coordinator-75c8c84f7c-szpfw	455m	153Mi
1777265769	1	nanomq-855cdf7bbb-bws2l	242m	2Mi
1777265769	1	postgres-0	113m	340Mi
1777265770	1	hermod-coordinator-75c8c84f7c-szpfw	455m	153Mi
1777265770	1	nanomq-855cdf7bbb-bws2l	242m	2Mi
1777265770	1	postgres-0	113m	340Mi
1777265771	1	hermod-coordinator-75c8c84f7c-szpfw	455m	153Mi
1777265771	1	nanomq-855cdf7bbb-bws2l	242m	2Mi
1777265771	1	postgres-0	113m	340Mi
1777265772	1	hermod-coordinator-75c8c84f7c-szpfw	430m	149Mi
1777265772	1	nanomq-855cdf7bbb-bws2l	245m	1Mi
1777265772	1	postgres-0	155m	341Mi
1777265773	1	hermod-coordinator-75c8c84f7c-szpfw	430m	149Mi
1777265773	1	nanomq-855cdf7bbb-bws2l	245m	1Mi
1777265773	1	postgres-0	155m	341Mi
1777265774	1	hermod-coordinator-75c8c84f7c-szpfw	430m	149Mi
1777265774	1	nanomq-855cdf7bbb-bws2l	245m	1Mi
1777265774	1	postgres-0	155m	341Mi
1777265775	1	hermod-coordinator-75c8c84f7c-szpfw	430m	149Mi
1777265775	1	nanomq-855cdf7bbb-bws2l	245m	1Mi
1777265775	1	postgres-0	155m	341Mi
1777265776	1	hermod-coordinator-75c8c84f7c-szpfw	430m	149Mi
1777265776	1	nanomq-855cdf7bbb-bws2l	245m	1Mi
1777265776	1	postgres-0	155m	341Mi
1777265777	1	hermod-coordinator-75c8c84f7c-szpfw	430m	149Mi
1777265777	1	nanomq-855cdf7bbb-bws2l	245m	1Mi
1777265777	1	postgres-0	155m	341Mi
1777265778	1	hermod-coordinator-75c8c84f7c-szpfw	430m	149Mi
1777265778	1	nanomq-855cdf7bbb-bws2l	245m	1Mi
1777265778	1	postgres-0	155m	341Mi
1777265779	1	hermod-coordinator-75c8c84f7c-szpfw	430m	149Mi
1777265779	1	nanomq-855cdf7bbb-bws2l	245m	1Mi
1777265779	1	postgres-0	155m	341Mi
1777265780	1	hermod-coordinator-75c8c84f7c-szpfw	430m	149Mi
1777265780	1	nanomq-855cdf7bbb-bws2l	245m	1Mi
1777265780	1	postgres-0	155m	341Mi
1777265781	1	hermod-coordinator-75c8c84f7c-szpfw	430m	149Mi
1777265781	1	nanomq-855cdf7bbb-bws2l	245m	1Mi
1777265781	1	postgres-0	155m	341Mi
1777265782	1	hermod-coordinator-75c8c84f7c-szpfw	430m	149Mi
1777265782	1	nanomq-855cdf7bbb-bws2l	245m	1Mi
1777265782	1	postgres-0	155m	341Mi
1777265783	1	hermod-coordinator-75c8c84f7c-szpfw	430m	149Mi
1777265783	1	nanomq-855cdf7bbb-bws2l	245m	1Mi
1777265783	1	postgres-0	155m	341Mi
1777265784	1	hermod-coordinator-75c8c84f7c-szpfw	430m	149Mi
1777265784	1	nanomq-855cdf7bbb-bws2l	245m	1Mi
1777265784	1	postgres-0	155m	341Mi
1777265786	1	hermod-coordinator-75c8c84f7c-szpfw	430m	149Mi
1777265786	1	nanomq-855cdf7bbb-bws2l	245m	1Mi
1777265786	1	postgres-0	155m	341Mi
1777265787	1	hermod-coordinator-75c8c84f7c-szpfw	473m	155Mi
1777265787	1	nanomq-855cdf7bbb-bws2l	242m	1Mi
1777265787	1	postgres-0	155m	341Mi
1777265788	1	hermod-coordinator-75c8c84f7c-szpfw	473m	155Mi
1777265788	1	nanomq-855cdf7bbb-bws2l	242m	1Mi
1777265788	1	postgres-0	155m	341Mi
1777265789	1	hermod-coordinator-75c8c84f7c-szpfw	473m	155Mi
1777265789	1	nanomq-855cdf7bbb-bws2l	242m	1Mi
1777265789	1	postgres-0	155m	341Mi
1777265790	1	hermod-coordinator-75c8c84f7c-szpfw	473m	155Mi
1777265790	1	nanomq-855cdf7bbb-bws2l	242m	1Mi
1777265790	1	postgres-0	155m	341Mi
1777265791	1	hermod-coordinator-75c8c84f7c-szpfw	473m	155Mi
1777265791	1	nanomq-855cdf7bbb-bws2l	242m	1Mi
1777265791	1	postgres-0	155m	341Mi
1777265792	1	hermod-coordinator-75c8c84f7c-szpfw	473m	155Mi
1777265792	1	nanomq-855cdf7bbb-bws2l	242m	1Mi
1777265792	1	postgres-0	155m	341Mi
1777265793	1	hermod-coordinator-75c8c84f7c-szpfw	473m	155Mi
1777265793	1	nanomq-855cdf7bbb-bws2l	242m	1Mi
1777265793	1	postgres-0	155m	341Mi
1777265794	1	hermod-coordinator-75c8c84f7c-szpfw	473m	155Mi
1777265794	1	nanomq-855cdf7bbb-bws2l	242m	1Mi
1777265794	1	postgres-0	155m	341Mi
1777265795	1	hermod-coordinator-75c8c84f7c-szpfw	473m	155Mi
1777265795	1	nanomq-855cdf7bbb-bws2l	242m	1Mi
1777265795	1	postgres-0	155m	341Mi
1777265796	1	hermod-coordinator-75c8c84f7c-szpfw	473m	155Mi
1777265796	1	nanomq-855cdf7bbb-bws2l	242m	1Mi
1777265796	1	postgres-0	155m	341Mi
1777265797	1	hermod-coordinator-75c8c84f7c-szpfw	473m	155Mi
1777265797	1	nanomq-855cdf7bbb-bws2l	242m	1Mi
1777265797	1	postgres-0	155m	341Mi
1777265798	1	hermod-coordinator-75c8c84f7c-szpfw	473m	155Mi
1777265798	1	nanomq-855cdf7bbb-bws2l	242m	1Mi
1777265798	1	postgres-0	155m	341Mi
1777265799	1	hermod-coordinator-75c8c84f7c-szpfw	473m	155Mi
1777265799	1	nanomq-855cdf7bbb-bws2l	242m	1Mi
1777265799	1	postgres-0	155m	341Mi
1777265800	1	hermod-coordinator-75c8c84f7c-szpfw	473m	155Mi
1777265800	1	nanomq-855cdf7bbb-bws2l	242m	1Mi
1777265800	1	postgres-0	155m	341Mi
1777265801	1	hermod-coordinator-75c8c84f7c-szpfw	490m	155Mi
1777265801	1	nanomq-855cdf7bbb-bws2l	239m	1Mi
1777265801	1	postgres-0	113m	341Mi
1777265803	1	hermod-coordinator-75c8c84f7c-szpfw	490m	155Mi
1777265803	1	nanomq-855cdf7bbb-bws2l	239m	1Mi
1777265803	1	postgres-0	113m	341Mi
1777265804	1	hermod-coordinator-75c8c84f7c-szpfw	490m	155Mi
1777265804	1	nanomq-855cdf7bbb-bws2l	239m	1Mi
1777265804	1	postgres-0	113m	341Mi
1777265805	1	hermod-coordinator-75c8c84f7c-szpfw	490m	155Mi
1777265805	1	nanomq-855cdf7bbb-bws2l	239m	1Mi
1777265805	1	postgres-0	113m	341Mi
1777265806	1	hermod-coordinator-75c8c84f7c-szpfw	490m	155Mi
1777265806	1	nanomq-855cdf7bbb-bws2l	239m	1Mi
1777265806	1	postgres-0	113m	341Mi
1777265807	1	hermod-coordinator-75c8c84f7c-szpfw	490m	155Mi
1777265807	1	nanomq-855cdf7bbb-bws2l	239m	1Mi
1777265807	1	postgres-0	113m	341Mi
1777265808	1	hermod-coordinator-75c8c84f7c-szpfw	490m	155Mi
1777265808	1	nanomq-855cdf7bbb-bws2l	239m	1Mi
1777265808	1	postgres-0	113m	341Mi
1777265809	1	hermod-coordinator-75c8c84f7c-szpfw	490m	155Mi
1777265809	1	nanomq-855cdf7bbb-bws2l	239m	1Mi
1777265809	1	postgres-0	113m	341Mi
1777265810	1	hermod-coordinator-75c8c84f7c-szpfw	490m	155Mi
1777265810	1	nanomq-855cdf7bbb-bws2l	239m	1Mi
1777265810	1	postgres-0	113m	341Mi
1777265811	1	hermod-coordinator-75c8c84f7c-szpfw	490m	155Mi
1777265811	1	nanomq-855cdf7bbb-bws2l	239m	1Mi
1777265811	1	postgres-0	113m	341Mi
1777265812	1	hermod-coordinator-75c8c84f7c-szpfw	490m	155Mi
1777265812	1	nanomq-855cdf7bbb-bws2l	239m	1Mi
1777265812	1	postgres-0	113m	341Mi
1777265813	1	hermod-coordinator-75c8c84f7c-szpfw	490m	155Mi
1777265813	1	nanomq-855cdf7bbb-bws2l	239m	1Mi
1777265813	1	postgres-0	113m	341Mi
1777265814	1	hermod-coordinator-75c8c84f7c-szpfw	490m	155Mi
1777265814	1	nanomq-855cdf7bbb-bws2l	239m	1Mi
1777265814	1	postgres-0	113m	341Mi
1777265815	1	hermod-coordinator-75c8c84f7c-szpfw	490m	155Mi
1777265815	1	nanomq-855cdf7bbb-bws2l	239m	1Mi
1777265815	1	postgres-0	113m	341Mi
1777265816	1	hermod-coordinator-75c8c84f7c-szpfw	455m	153Mi
1777265816	1	nanomq-855cdf7bbb-bws2l	244m	1Mi
1777265816	1	postgres-0	112m	341Mi
1777265817	1	hermod-coordinator-75c8c84f7c-szpfw	455m	153Mi
1777265817	1	nanomq-855cdf7bbb-bws2l	244m	1Mi
1777265817	1	postgres-0	112m	341Mi
1777265818	1	hermod-coordinator-75c8c84f7c-szpfw	455m	153Mi
1777265818	1	nanomq-855cdf7bbb-bws2l	244m	1Mi
1777265818	1	postgres-0	112m	341Mi
1777265819	1	hermod-coordinator-75c8c84f7c-szpfw	455m	153Mi
1777265819	1	nanomq-855cdf7bbb-bws2l	244m	1Mi
1777265819	1	postgres-0	112m	341Mi
1777265820	1	hermod-coordinator-75c8c84f7c-szpfw	455m	153Mi
1777265820	1	nanomq-855cdf7bbb-bws2l	244m	1Mi
1777265820	1	postgres-0	112m	341Mi
1777265822	1	hermod-coordinator-75c8c84f7c-szpfw	455m	153Mi
1777265822	1	nanomq-855cdf7bbb-bws2l	244m	1Mi
1777265822	1	postgres-0	112m	341Mi
1777265823	1	hermod-coordinator-75c8c84f7c-szpfw	455m	153Mi
1777265823	1	nanomq-855cdf7bbb-bws2l	244m	1Mi
1777265823	1	postgres-0	112m	341Mi
1777265824	1	hermod-coordinator-75c8c84f7c-szpfw	455m	153Mi
1777265824	1	nanomq-855cdf7bbb-bws2l	244m	1Mi
1777265824	1	postgres-0	112m	341Mi
1777265825	1	hermod-coordinator-75c8c84f7c-szpfw	455m	153Mi
1777265825	1	nanomq-855cdf7bbb-bws2l	244m	1Mi
1777265825	1	postgres-0	112m	341Mi
1777265826	1	hermod-coordinator-75c8c84f7c-szpfw	455m	153Mi
1777265826	1	nanomq-855cdf7bbb-bws2l	244m	1Mi
1777265826	1	postgres-0	112m	341Mi
1777265827	1	hermod-coordinator-75c8c84f7c-szpfw	455m	153Mi
1777265827	1	nanomq-855cdf7bbb-bws2l	244m	1Mi
1777265827	1	postgres-0	112m	341Mi
1777265828	1	hermod-coordinator-75c8c84f7c-szpfw	455m	153Mi
1777265828	1	nanomq-855cdf7bbb-bws2l	244m	1Mi
1777265828	1	postgres-0	112m	341Mi
1777265829	1	hermod-coordinator-75c8c84f7c-szpfw	455m	153Mi
1777265829	1	nanomq-855cdf7bbb-bws2l	244m	1Mi
1777265829	1	postgres-0	112m	341Mi
1777265830	1	hermod-coordinator-75c8c84f7c-szpfw	455m	153Mi
1777265830	1	nanomq-855cdf7bbb-bws2l	244m	1Mi
1777265830	1	postgres-0	112m	341Mi
1777265831	1	hermod-coordinator-75c8c84f7c-szpfw	454m	153Mi
1777265831	1	nanomq-855cdf7bbb-bws2l	242m	1Mi
1777265831	1	postgres-0	107m	342Mi
1777265832	1	hermod-coordinator-75c8c84f7c-szpfw	454m	153Mi
1777265832	1	nanomq-855cdf7bbb-bws2l	242m	1Mi
1777265832	1	postgres-0	107m	342Mi
1777265833	1	hermod-coordinator-75c8c84f7c-szpfw	454m	153Mi
1777265833	1	nanomq-855cdf7bbb-bws2l	242m	1Mi
1777265833	1	postgres-0	107m	342Mi
1777265834	1	hermod-coordinator-75c8c84f7c-szpfw	454m	153Mi
1777265834	1	nanomq-855cdf7bbb-bws2l	242m	1Mi
1777265834	1	postgres-0	107m	342Mi
1777265835	1	hermod-coordinator-75c8c84f7c-szpfw	454m	153Mi
1777265835	1	nanomq-855cdf7bbb-bws2l	242m	1Mi
1777265835	1	postgres-0	107m	342Mi
1777265836	1	hermod-coordinator-75c8c84f7c-szpfw	454m	153Mi
1777265836	1	nanomq-855cdf7bbb-bws2l	242m	1Mi
1777265836	1	postgres-0	107m	342Mi
1777265837	1	hermod-coordinator-75c8c84f7c-szpfw	454m	153Mi
1777265837	1	nanomq-855cdf7bbb-bws2l	242m	1Mi
1777265837	1	postgres-0	107m	342Mi
1777265838	1	hermod-coordinator-75c8c84f7c-szpfw	454m	153Mi
1777265838	1	nanomq-855cdf7bbb-bws2l	242m	1Mi
1777265838	1	postgres-0	107m	342Mi
1777265840	1	hermod-coordinator-75c8c84f7c-szpfw	454m	153Mi
1777265840	1	nanomq-855cdf7bbb-bws2l	242m	1Mi
1777265840	1	postgres-0	107m	342Mi
1777265841	1	hermod-coordinator-75c8c84f7c-szpfw	454m	153Mi
1777265841	1	nanomq-855cdf7bbb-bws2l	242m	1Mi
1777265841	1	postgres-0	107m	342Mi
1777265842	1	hermod-coordinator-75c8c84f7c-szpfw	454m	153Mi
1777265842	1	nanomq-855cdf7bbb-bws2l	242m	1Mi
1777265842	1	postgres-0	107m	342Mi
1777265843	1	hermod-coordinator-75c8c84f7c-szpfw	454m	153Mi
1777265843	1	nanomq-855cdf7bbb-bws2l	242m	1Mi
1777265843	1	postgres-0	107m	342Mi
1777265844	1	hermod-coordinator-75c8c84f7c-szpfw	454m	153Mi
1777265844	1	nanomq-855cdf7bbb-bws2l	242m	1Mi
1777265844	1	postgres-0	107m	342Mi
1777265845	1	hermod-coordinator-75c8c84f7c-szpfw	454m	153Mi
1777265845	1	nanomq-855cdf7bbb-bws2l	242m	1Mi
1777265845	1	postgres-0	107m	342Mi
1777265846	1	hermod-coordinator-75c8c84f7c-szpfw	454m	153Mi
1777265846	1	nanomq-855cdf7bbb-bws2l	242m	1Mi
1777265846	1	postgres-0	107m	342Mi
1777265847	1	hermod-coordinator-75c8c84f7c-szpfw	472m	159Mi
1777265847	1	nanomq-855cdf7bbb-bws2l	244m	2Mi
1777265847	1	postgres-0	144m	342Mi
1777265848	1	hermod-coordinator-75c8c84f7c-szpfw	472m	159Mi
1777265848	1	nanomq-855cdf7bbb-bws2l	244m	2Mi
1777265848	1	postgres-0	144m	342Mi
1777265849	1	hermod-coordinator-75c8c84f7c-szpfw	472m	159Mi
1777265849	1	nanomq-855cdf7bbb-bws2l	244m	2Mi
1777265849	1	postgres-0	144m	342Mi
1777265850	1	hermod-coordinator-75c8c84f7c-szpfw	472m	159Mi
1777265850	1	nanomq-855cdf7bbb-bws2l	244m	2Mi
1777265850	1	postgres-0	144m	342Mi
1777265851	1	hermod-coordinator-75c8c84f7c-szpfw	472m	159Mi
1777265851	1	nanomq-855cdf7bbb-bws2l	244m	2Mi
1777265851	1	postgres-0	144m	342Mi
1777265852	1	hermod-coordinator-75c8c84f7c-szpfw	472m	159Mi
1777265852	1	nanomq-855cdf7bbb-bws2l	244m	2Mi
1777265852	1	postgres-0	144m	342Mi
1777265853	1	hermod-coordinator-75c8c84f7c-szpfw	472m	159Mi
1777265853	1	nanomq-855cdf7bbb-bws2l	244m	2Mi
1777265853	1	postgres-0	144m	342Mi
1777265854	1	hermod-coordinator-75c8c84f7c-szpfw	472m	159Mi
1777265854	1	nanomq-855cdf7bbb-bws2l	244m	2Mi
1777265854	1	postgres-0	144m	342Mi
1777265855	1	hermod-coordinator-75c8c84f7c-szpfw	472m	159Mi
1777265855	1	nanomq-855cdf7bbb-bws2l	244m	2Mi
1777265855	1	postgres-0	144m	342Mi
1777265856	1	hermod-coordinator-75c8c84f7c-szpfw	472m	159Mi
1777265856	1	nanomq-855cdf7bbb-bws2l	244m	2Mi
1777265856	1	postgres-0	144m	342Mi
1777265858	1	hermod-coordinator-75c8c84f7c-szpfw	472m	159Mi
1777265858	1	nanomq-855cdf7bbb-bws2l	244m	2Mi
1777265858	1	postgres-0	144m	342Mi
1777265859	1	hermod-coordinator-75c8c84f7c-szpfw	472m	159Mi
1777265859	1	nanomq-855cdf7bbb-bws2l	244m	2Mi
1777265859	1	postgres-0	144m	342Mi
1777265860	1	hermod-coordinator-75c8c84f7c-szpfw	472m	159Mi
1777265860	1	nanomq-855cdf7bbb-bws2l	244m	2Mi
1777265860	1	postgres-0	144m	342Mi
1777265861	1	hermod-coordinator-75c8c84f7c-szpfw	472m	159Mi
1777265861	1	nanomq-855cdf7bbb-bws2l	244m	2Mi
1777265861	1	postgres-0	144m	342Mi
1777265862	1	hermod-coordinator-75c8c84f7c-szpfw	444m	149Mi
1777265862	1	nanomq-855cdf7bbb-bws2l	246m	1Mi
1777265862	1	postgres-0	107m	343Mi
1777265863	1	hermod-coordinator-75c8c84f7c-szpfw	444m	149Mi
1777265863	1	nanomq-855cdf7bbb-bws2l	246m	1Mi
1777265863	1	postgres-0	107m	343Mi
1777265864	1	hermod-coordinator-75c8c84f7c-szpfw	444m	149Mi
1777265864	1	nanomq-855cdf7bbb-bws2l	246m	1Mi
1777265864	1	postgres-0	107m	343Mi
1777265865	1	hermod-coordinator-75c8c84f7c-szpfw	444m	149Mi
1777265865	1	nanomq-855cdf7bbb-bws2l	246m	1Mi
1777265865	1	postgres-0	107m	343Mi
1777265866	1	hermod-coordinator-75c8c84f7c-szpfw	444m	149Mi
1777265866	1	nanomq-855cdf7bbb-bws2l	246m	1Mi
1777265866	1	postgres-0	107m	343Mi
1777265903	2	hermod-coordinator-75c8c84f7c-szpfw	8m	159Mi
1777265903	2	nanomq-855cdf7bbb-bws2l	1m	1Mi
1777265903	2	postgres-0	40m	343Mi
1777265904	2	hermod-coordinator-75c8c84f7c-szpfw	8m	159Mi
1777265904	2	nanomq-855cdf7bbb-bws2l	1m	1Mi
1777265904	2	postgres-0	40m	343Mi
1777265905	2	hermod-coordinator-75c8c84f7c-szpfw	8m	159Mi
1777265905	2	nanomq-855cdf7bbb-bws2l	1m	1Mi
1777265905	2	postgres-0	40m	343Mi
1777265906	2	hermod-coordinator-75c8c84f7c-szpfw	11m	160Mi
1777265906	2	nanomq-855cdf7bbb-bws2l	8m	1Mi
1777265906	2	postgres-0	9m	343Mi
1777265907	2	hermod-coordinator-75c8c84f7c-szpfw	11m	160Mi
1777265907	2	nanomq-855cdf7bbb-bws2l	8m	1Mi
1777265907	2	postgres-0	9m	343Mi
1777265908	2	hermod-coordinator-75c8c84f7c-szpfw	11m	160Mi
1777265908	2	nanomq-855cdf7bbb-bws2l	8m	1Mi
1777265908	2	postgres-0	9m	343Mi
1777265909	2	hermod-coordinator-75c8c84f7c-szpfw	11m	160Mi
1777265909	2	nanomq-855cdf7bbb-bws2l	8m	1Mi
1777265909	2	postgres-0	9m	343Mi
1777265911	2	hermod-coordinator-75c8c84f7c-szpfw	11m	160Mi
1777265911	2	nanomq-855cdf7bbb-bws2l	8m	1Mi
1777265911	2	postgres-0	9m	343Mi
1777265912	2	hermod-coordinator-75c8c84f7c-szpfw	11m	160Mi
1777265912	2	nanomq-855cdf7bbb-bws2l	8m	1Mi
1777265912	2	postgres-0	9m	343Mi
1777265913	2	hermod-coordinator-75c8c84f7c-szpfw	11m	160Mi
1777265913	2	nanomq-855cdf7bbb-bws2l	8m	1Mi
1777265913	2	postgres-0	9m	343Mi
1777265914	2	hermod-coordinator-75c8c84f7c-szpfw	11m	160Mi
1777265914	2	nanomq-855cdf7bbb-bws2l	8m	1Mi
1777265914	2	postgres-0	9m	343Mi
1777265915	2	hermod-coordinator-75c8c84f7c-szpfw	11m	160Mi
1777265915	2	nanomq-855cdf7bbb-bws2l	8m	1Mi
1777265915	2	postgres-0	9m	343Mi
1777265916	2	hermod-coordinator-75c8c84f7c-szpfw	11m	160Mi
1777265916	2	nanomq-855cdf7bbb-bws2l	8m	1Mi
1777265916	2	postgres-0	9m	343Mi
1777265917	2	hermod-coordinator-75c8c84f7c-szpfw	11m	160Mi
1777265917	2	nanomq-855cdf7bbb-bws2l	8m	1Mi
1777265917	2	postgres-0	9m	343Mi
1777265918	2	hermod-coordinator-75c8c84f7c-szpfw	11m	160Mi
1777265918	2	nanomq-855cdf7bbb-bws2l	8m	1Mi
1777265918	2	postgres-0	9m	343Mi
1777265919	2	hermod-coordinator-75c8c84f7c-szpfw	11m	160Mi
1777265919	2	nanomq-855cdf7bbb-bws2l	8m	1Mi
1777265919	2	postgres-0	9m	343Mi
1777265920	2	hermod-coordinator-75c8c84f7c-szpfw	11m	160Mi
1777265920	2	nanomq-855cdf7bbb-bws2l	8m	1Mi
1777265920	2	postgres-0	9m	343Mi
1777265921	2	hermod-coordinator-75c8c84f7c-szpfw	336m	163Mi
1777265921	2	nanomq-855cdf7bbb-bws2l	247m	1Mi
1777265921	2	postgres-0	105m	343Mi
1777265922	2	hermod-coordinator-75c8c84f7c-szpfw	336m	163Mi
1777265922	2	nanomq-855cdf7bbb-bws2l	247m	1Mi
1777265922	2	postgres-0	105m	343Mi
1777265923	2	hermod-coordinator-75c8c84f7c-szpfw	336m	163Mi
1777265923	2	nanomq-855cdf7bbb-bws2l	247m	1Mi
1777265923	2	postgres-0	105m	343Mi
1777265924	2	hermod-coordinator-75c8c84f7c-szpfw	336m	163Mi
1777265924	2	nanomq-855cdf7bbb-bws2l	247m	1Mi
1777265924	2	postgres-0	105m	343Mi
1777265925	2	hermod-coordinator-75c8c84f7c-szpfw	336m	163Mi
1777265925	2	nanomq-855cdf7bbb-bws2l	247m	1Mi
1777265925	2	postgres-0	105m	343Mi
1777265926	2	hermod-coordinator-75c8c84f7c-szpfw	336m	163Mi
1777265926	2	nanomq-855cdf7bbb-bws2l	247m	1Mi
1777265926	2	postgres-0	105m	343Mi
1777265927	2	hermod-coordinator-75c8c84f7c-szpfw	336m	163Mi
1777265927	2	nanomq-855cdf7bbb-bws2l	247m	1Mi
1777265927	2	postgres-0	105m	343Mi
1777265928	2	hermod-coordinator-75c8c84f7c-szpfw	336m	163Mi
1777265928	2	nanomq-855cdf7bbb-bws2l	247m	1Mi
1777265928	2	postgres-0	105m	343Mi
1777265930	2	hermod-coordinator-75c8c84f7c-szpfw	336m	163Mi
1777265930	2	nanomq-855cdf7bbb-bws2l	247m	1Mi
1777265930	2	postgres-0	105m	343Mi
1777265931	2	hermod-coordinator-75c8c84f7c-szpfw	336m	163Mi
1777265931	2	nanomq-855cdf7bbb-bws2l	247m	1Mi
1777265931	2	postgres-0	105m	343Mi
1777265932	2	hermod-coordinator-75c8c84f7c-szpfw	336m	163Mi
1777265932	2	nanomq-855cdf7bbb-bws2l	247m	1Mi
1777265932	2	postgres-0	105m	343Mi
1777265933	2	hermod-coordinator-75c8c84f7c-szpfw	336m	163Mi
1777265933	2	nanomq-855cdf7bbb-bws2l	247m	1Mi
1777265933	2	postgres-0	105m	343Mi
1777265934	2	hermod-coordinator-75c8c84f7c-szpfw	336m	163Mi
1777265934	2	nanomq-855cdf7bbb-bws2l	247m	1Mi
1777265934	2	postgres-0	105m	343Mi
1777265935	2	hermod-coordinator-75c8c84f7c-szpfw	336m	163Mi
1777265935	2	nanomq-855cdf7bbb-bws2l	247m	1Mi
1777265935	2	postgres-0	105m	343Mi
1777265936	2	hermod-coordinator-75c8c84f7c-szpfw	336m	163Mi
1777265936	2	nanomq-855cdf7bbb-bws2l	247m	1Mi
1777265936	2	postgres-0	105m	343Mi
1777265937	2	hermod-coordinator-75c8c84f7c-szpfw	442m	158Mi
1777265937	2	nanomq-855cdf7bbb-bws2l	243m	2Mi
1777265937	2	postgres-0	105m	343Mi
1777265938	2	hermod-coordinator-75c8c84f7c-szpfw	442m	158Mi
1777265938	2	nanomq-855cdf7bbb-bws2l	243m	2Mi
1777265938	2	postgres-0	105m	343Mi
1777265939	2	hermod-coordinator-75c8c84f7c-szpfw	442m	158Mi
1777265939	2	nanomq-855cdf7bbb-bws2l	243m	2Mi
1777265939	2	postgres-0	105m	343Mi
1777265940	2	hermod-coordinator-75c8c84f7c-szpfw	442m	158Mi
1777265940	2	nanomq-855cdf7bbb-bws2l	243m	2Mi
1777265940	2	postgres-0	105m	343Mi
1777265941	2	hermod-coordinator-75c8c84f7c-szpfw	442m	158Mi
1777265941	2	nanomq-855cdf7bbb-bws2l	243m	2Mi
1777265941	2	postgres-0	105m	343Mi
1777265942	2	hermod-coordinator-75c8c84f7c-szpfw	442m	158Mi
1777265942	2	nanomq-855cdf7bbb-bws2l	243m	2Mi
1777265942	2	postgres-0	105m	343Mi
1777265943	2	hermod-coordinator-75c8c84f7c-szpfw	442m	158Mi
1777265943	2	nanomq-855cdf7bbb-bws2l	243m	2Mi
1777265943	2	postgres-0	105m	343Mi
1777265944	2	hermod-coordinator-75c8c84f7c-szpfw	442m	158Mi
1777265944	2	nanomq-855cdf7bbb-bws2l	243m	2Mi
1777265944	2	postgres-0	105m	343Mi
1777265945	2	hermod-coordinator-75c8c84f7c-szpfw	442m	158Mi
1777265945	2	nanomq-855cdf7bbb-bws2l	243m	2Mi
1777265945	2	postgres-0	105m	343Mi
1777265946	2	hermod-coordinator-75c8c84f7c-szpfw	442m	158Mi
1777265946	2	nanomq-855cdf7bbb-bws2l	243m	2Mi
1777265946	2	postgres-0	105m	343Mi
1777265948	2	hermod-coordinator-75c8c84f7c-szpfw	442m	158Mi
1777265948	2	nanomq-855cdf7bbb-bws2l	243m	2Mi
1777265948	2	postgres-0	105m	343Mi
1777265949	2	hermod-coordinator-75c8c84f7c-szpfw	442m	158Mi
1777265949	2	nanomq-855cdf7bbb-bws2l	243m	2Mi
1777265949	2	postgres-0	105m	343Mi
1777265950	2	hermod-coordinator-75c8c84f7c-szpfw	442m	158Mi
1777265950	2	nanomq-855cdf7bbb-bws2l	243m	2Mi
1777265950	2	postgres-0	105m	343Mi
1777265951	2	hermod-coordinator-75c8c84f7c-szpfw	442m	158Mi
1777265951	2	nanomq-855cdf7bbb-bws2l	243m	2Mi
1777265951	2	postgres-0	105m	343Mi
1777265952	2	hermod-coordinator-75c8c84f7c-szpfw	457m	162Mi
1777265952	2	nanomq-855cdf7bbb-bws2l	241m	1Mi
1777265952	2	postgres-0	107m	343Mi
1777265953	2	hermod-coordinator-75c8c84f7c-szpfw	457m	162Mi
1777265953	2	nanomq-855cdf7bbb-bws2l	241m	1Mi
1777265953	2	postgres-0	107m	343Mi
1777265954	2	hermod-coordinator-75c8c84f7c-szpfw	457m	162Mi
1777265954	2	nanomq-855cdf7bbb-bws2l	241m	1Mi
1777265954	2	postgres-0	107m	343Mi
1777265955	2	hermod-coordinator-75c8c84f7c-szpfw	457m	162Mi
1777265955	2	nanomq-855cdf7bbb-bws2l	241m	1Mi
1777265955	2	postgres-0	107m	343Mi
1777265956	2	hermod-coordinator-75c8c84f7c-szpfw	457m	162Mi
1777265956	2	nanomq-855cdf7bbb-bws2l	241m	1Mi
1777265956	2	postgres-0	107m	343Mi
1777265957	2	hermod-coordinator-75c8c84f7c-szpfw	457m	162Mi
1777265957	2	nanomq-855cdf7bbb-bws2l	241m	1Mi
1777265957	2	postgres-0	107m	343Mi
1777265958	2	hermod-coordinator-75c8c84f7c-szpfw	457m	162Mi
1777265958	2	nanomq-855cdf7bbb-bws2l	241m	1Mi
1777265958	2	postgres-0	107m	343Mi
1777265959	2	hermod-coordinator-75c8c84f7c-szpfw	457m	162Mi
1777265959	2	nanomq-855cdf7bbb-bws2l	241m	1Mi
1777265959	2	postgres-0	107m	343Mi
1777265960	2	hermod-coordinator-75c8c84f7c-szpfw	457m	162Mi
1777265960	2	nanomq-855cdf7bbb-bws2l	241m	1Mi
1777265960	2	postgres-0	107m	343Mi
1777265961	2	hermod-coordinator-75c8c84f7c-szpfw	457m	162Mi
1777265961	2	nanomq-855cdf7bbb-bws2l	241m	1Mi
1777265961	2	postgres-0	107m	343Mi
1777265962	2	hermod-coordinator-75c8c84f7c-szpfw	457m	162Mi
1777265962	2	nanomq-855cdf7bbb-bws2l	241m	1Mi
1777265962	2	postgres-0	107m	343Mi
1777265963	2	hermod-coordinator-75c8c84f7c-szpfw	457m	162Mi
1777265963	2	nanomq-855cdf7bbb-bws2l	241m	1Mi
1777265963	2	postgres-0	107m	343Mi
1777265964	2	hermod-coordinator-75c8c84f7c-szpfw	457m	162Mi
1777265964	2	nanomq-855cdf7bbb-bws2l	241m	1Mi
1777265964	2	postgres-0	107m	343Mi
1777265966	2	hermod-coordinator-75c8c84f7c-szpfw	457m	162Mi
1777265966	2	nanomq-855cdf7bbb-bws2l	241m	1Mi
1777265966	2	postgres-0	107m	343Mi
1777265967	2	hermod-coordinator-75c8c84f7c-szpfw	456m	162Mi
1777265967	2	nanomq-855cdf7bbb-bws2l	245m	1Mi
1777265967	2	postgres-0	139m	344Mi
1777265968	2	hermod-coordinator-75c8c84f7c-szpfw	456m	162Mi
1777265968	2	nanomq-855cdf7bbb-bws2l	245m	1Mi
1777265968	2	postgres-0	139m	344Mi
1777265969	2	hermod-coordinator-75c8c84f7c-szpfw	456m	162Mi
1777265969	2	nanomq-855cdf7bbb-bws2l	245m	1Mi
1777265969	2	postgres-0	139m	344Mi
1777265970	2	hermod-coordinator-75c8c84f7c-szpfw	456m	162Mi
1777265970	2	nanomq-855cdf7bbb-bws2l	245m	1Mi
1777265970	2	postgres-0	139m	344Mi
1777265971	2	hermod-coordinator-75c8c84f7c-szpfw	456m	162Mi
1777265971	2	nanomq-855cdf7bbb-bws2l	245m	1Mi
1777265971	2	postgres-0	139m	344Mi
1777265972	2	hermod-coordinator-75c8c84f7c-szpfw	456m	162Mi
1777265972	2	nanomq-855cdf7bbb-bws2l	245m	1Mi
1777265972	2	postgres-0	139m	344Mi
1777265973	2	hermod-coordinator-75c8c84f7c-szpfw	456m	162Mi
1777265973	2	nanomq-855cdf7bbb-bws2l	245m	1Mi
1777265973	2	postgres-0	139m	344Mi
1777265974	2	hermod-coordinator-75c8c84f7c-szpfw	456m	162Mi
1777265974	2	nanomq-855cdf7bbb-bws2l	245m	1Mi
1777265974	2	postgres-0	139m	344Mi
1777265975	2	hermod-coordinator-75c8c84f7c-szpfw	456m	162Mi
1777265975	2	nanomq-855cdf7bbb-bws2l	245m	1Mi
1777265975	2	postgres-0	139m	344Mi
1777265976	2	hermod-coordinator-75c8c84f7c-szpfw	456m	162Mi
1777265976	2	nanomq-855cdf7bbb-bws2l	245m	1Mi
1777265976	2	postgres-0	139m	344Mi
1777265977	2	hermod-coordinator-75c8c84f7c-szpfw	456m	162Mi
1777265977	2	nanomq-855cdf7bbb-bws2l	245m	1Mi
1777265977	2	postgres-0	139m	344Mi
1777265978	2	hermod-coordinator-75c8c84f7c-szpfw	456m	162Mi
1777265978	2	nanomq-855cdf7bbb-bws2l	245m	1Mi
1777265978	2	postgres-0	139m	344Mi
1777265979	2	hermod-coordinator-75c8c84f7c-szpfw	456m	162Mi
1777265979	2	nanomq-855cdf7bbb-bws2l	245m	1Mi
1777265979	2	postgres-0	139m	344Mi
1777265980	2	hermod-coordinator-75c8c84f7c-szpfw	456m	162Mi
1777265980	2	nanomq-855cdf7bbb-bws2l	245m	1Mi
1777265980	2	postgres-0	139m	344Mi
1777265981	2	hermod-coordinator-75c8c84f7c-szpfw	453m	162Mi
1777265981	2	nanomq-855cdf7bbb-bws2l	244m	1Mi
1777265981	2	postgres-0	111m	344Mi
1777265982	2	hermod-coordinator-75c8c84f7c-szpfw	453m	162Mi
1777265982	2	nanomq-855cdf7bbb-bws2l	244m	1Mi
1777265982	2	postgres-0	111m	344Mi
1777265984	2	hermod-coordinator-75c8c84f7c-szpfw	453m	162Mi
1777265984	2	nanomq-855cdf7bbb-bws2l	244m	1Mi
1777265984	2	postgres-0	111m	344Mi
1777265985	2	hermod-coordinator-75c8c84f7c-szpfw	453m	162Mi
1777265985	2	nanomq-855cdf7bbb-bws2l	244m	1Mi
1777265985	2	postgres-0	111m	344Mi
1777265986	2	hermod-coordinator-75c8c84f7c-szpfw	453m	162Mi
1777265986	2	nanomq-855cdf7bbb-bws2l	244m	1Mi
1777265986	2	postgres-0	111m	344Mi
1777265987	2	hermod-coordinator-75c8c84f7c-szpfw	453m	162Mi
1777265987	2	nanomq-855cdf7bbb-bws2l	244m	1Mi
1777265987	2	postgres-0	111m	344Mi
1777265988	2	hermod-coordinator-75c8c84f7c-szpfw	453m	162Mi
1777265988	2	nanomq-855cdf7bbb-bws2l	244m	1Mi
1777265988	2	postgres-0	111m	344Mi
1777265989	2	hermod-coordinator-75c8c84f7c-szpfw	453m	162Mi
1777265989	2	nanomq-855cdf7bbb-bws2l	244m	1Mi
1777265989	2	postgres-0	111m	344Mi
1777265990	2	hermod-coordinator-75c8c84f7c-szpfw	453m	162Mi
1777265990	2	nanomq-855cdf7bbb-bws2l	244m	1Mi
1777265990	2	postgres-0	111m	344Mi
1777265991	2	hermod-coordinator-75c8c84f7c-szpfw	453m	162Mi
1777265991	2	nanomq-855cdf7bbb-bws2l	244m	1Mi
1777265991	2	postgres-0	111m	344Mi
1777265992	2	hermod-coordinator-75c8c84f7c-szpfw	453m	162Mi
1777265992	2	nanomq-855cdf7bbb-bws2l	244m	1Mi
1777265992	2	postgres-0	111m	344Mi
1777265993	2	hermod-coordinator-75c8c84f7c-szpfw	453m	162Mi
1777265993	2	nanomq-855cdf7bbb-bws2l	244m	1Mi
1777265993	2	postgres-0	111m	344Mi
1777265994	2	hermod-coordinator-75c8c84f7c-szpfw	453m	162Mi
1777265994	2	nanomq-855cdf7bbb-bws2l	244m	1Mi
1777265994	2	postgres-0	111m	344Mi
1777265995	2	hermod-coordinator-75c8c84f7c-szpfw	453m	162Mi
1777265995	2	nanomq-855cdf7bbb-bws2l	244m	1Mi
1777265995	2	postgres-0	111m	344Mi
1777265996	2	hermod-coordinator-75c8c84f7c-szpfw	459m	161Mi
1777265996	2	nanomq-855cdf7bbb-bws2l	242m	1Mi
1777265996	2	postgres-0	109m	345Mi
1777265997	2	hermod-coordinator-75c8c84f7c-szpfw	459m	161Mi
1777265997	2	nanomq-855cdf7bbb-bws2l	242m	1Mi
1777265997	2	postgres-0	109m	345Mi
1777265998	2	hermod-coordinator-75c8c84f7c-szpfw	459m	161Mi
1777265998	2	nanomq-855cdf7bbb-bws2l	242m	1Mi
1777265998	2	postgres-0	109m	345Mi
1777265999	2	hermod-coordinator-75c8c84f7c-szpfw	459m	161Mi
1777265999	2	nanomq-855cdf7bbb-bws2l	242m	1Mi
1777265999	2	postgres-0	109m	345Mi
1777266000	2	hermod-coordinator-75c8c84f7c-szpfw	459m	161Mi
1777266000	2	nanomq-855cdf7bbb-bws2l	242m	1Mi
1777266000	2	postgres-0	109m	345Mi
1777266002	2	hermod-coordinator-75c8c84f7c-szpfw	459m	161Mi
1777266002	2	nanomq-855cdf7bbb-bws2l	242m	1Mi
1777266002	2	postgres-0	109m	345Mi
1777266003	2	hermod-coordinator-75c8c84f7c-szpfw	459m	161Mi
1777266003	2	nanomq-855cdf7bbb-bws2l	242m	1Mi
1777266003	2	postgres-0	109m	345Mi
1777266004	2	hermod-coordinator-75c8c84f7c-szpfw	459m	161Mi
1777266004	2	nanomq-855cdf7bbb-bws2l	242m	1Mi
1777266004	2	postgres-0	109m	345Mi
1777266005	2	hermod-coordinator-75c8c84f7c-szpfw	459m	161Mi
1777266005	2	nanomq-855cdf7bbb-bws2l	242m	1Mi
1777266005	2	postgres-0	109m	345Mi
1777266006	2	hermod-coordinator-75c8c84f7c-szpfw	459m	161Mi
1777266006	2	nanomq-855cdf7bbb-bws2l	242m	1Mi
1777266006	2	postgres-0	109m	345Mi
1777266007	2	hermod-coordinator-75c8c84f7c-szpfw	459m	161Mi
1777266007	2	nanomq-855cdf7bbb-bws2l	242m	1Mi
1777266007	2	postgres-0	109m	345Mi
1777266008	2	hermod-coordinator-75c8c84f7c-szpfw	459m	161Mi
1777266008	2	nanomq-855cdf7bbb-bws2l	242m	1Mi
1777266008	2	postgres-0	109m	345Mi
1777266009	2	hermod-coordinator-75c8c84f7c-szpfw	459m	161Mi
1777266009	2	nanomq-855cdf7bbb-bws2l	242m	1Mi
1777266009	2	postgres-0	109m	345Mi
1777266010	2	hermod-coordinator-75c8c84f7c-szpfw	459m	161Mi
1777266010	2	nanomq-855cdf7bbb-bws2l	242m	1Mi
1777266010	2	postgres-0	109m	345Mi
1777266011	2	hermod-coordinator-75c8c84f7c-szpfw	465m	160Mi
1777266011	2	nanomq-855cdf7bbb-bws2l	242m	2Mi
1777266011	2	postgres-0	153m	345Mi
1777266012	2	hermod-coordinator-75c8c84f7c-szpfw	465m	160Mi
1777266012	2	nanomq-855cdf7bbb-bws2l	242m	2Mi
1777266012	2	postgres-0	153m	345Mi
1777266013	2	hermod-coordinator-75c8c84f7c-szpfw	465m	160Mi
1777266013	2	nanomq-855cdf7bbb-bws2l	242m	2Mi
1777266013	2	postgres-0	153m	345Mi
1777266014	2	hermod-coordinator-75c8c84f7c-szpfw	465m	160Mi
1777266014	2	nanomq-855cdf7bbb-bws2l	242m	2Mi
1777266014	2	postgres-0	153m	345Mi
1777266015	2	hermod-coordinator-75c8c84f7c-szpfw	465m	160Mi
1777266015	2	nanomq-855cdf7bbb-bws2l	242m	2Mi
1777266015	2	postgres-0	153m	345Mi
1777266016	2	hermod-coordinator-75c8c84f7c-szpfw	465m	160Mi
1777266016	2	nanomq-855cdf7bbb-bws2l	242m	2Mi
1777266016	2	postgres-0	153m	345Mi
1777266017	2	hermod-coordinator-75c8c84f7c-szpfw	465m	160Mi
1777266017	2	nanomq-855cdf7bbb-bws2l	242m	2Mi
1777266017	2	postgres-0	153m	345Mi
1777266018	2	hermod-coordinator-75c8c84f7c-szpfw	465m	160Mi
1777266018	2	nanomq-855cdf7bbb-bws2l	242m	2Mi
1777266018	2	postgres-0	153m	345Mi
1777266020	2	hermod-coordinator-75c8c84f7c-szpfw	465m	160Mi
1777266020	2	nanomq-855cdf7bbb-bws2l	242m	2Mi
1777266020	2	postgres-0	153m	345Mi
1777266021	2	hermod-coordinator-75c8c84f7c-szpfw	465m	160Mi
1777266021	2	nanomq-855cdf7bbb-bws2l	242m	2Mi
1777266021	2	postgres-0	153m	345Mi
1777266022	2	hermod-coordinator-75c8c84f7c-szpfw	465m	160Mi
1777266022	2	nanomq-855cdf7bbb-bws2l	242m	2Mi
1777266022	2	postgres-0	153m	345Mi
1777266023	2	hermod-coordinator-75c8c84f7c-szpfw	465m	160Mi
1777266023	2	nanomq-855cdf7bbb-bws2l	242m	2Mi
1777266023	2	postgres-0	153m	345Mi
1777266024	2	hermod-coordinator-75c8c84f7c-szpfw	465m	160Mi
1777266024	2	nanomq-855cdf7bbb-bws2l	242m	2Mi
1777266024	2	postgres-0	153m	345Mi
1777266025	2	hermod-coordinator-75c8c84f7c-szpfw	465m	160Mi
1777266025	2	nanomq-855cdf7bbb-bws2l	242m	2Mi
1777266025	2	postgres-0	153m	345Mi
1777266026	2	hermod-coordinator-75c8c84f7c-szpfw	465m	160Mi
1777266026	2	nanomq-855cdf7bbb-bws2l	242m	2Mi
1777266026	2	postgres-0	153m	345Mi
1777266027	2	hermod-coordinator-75c8c84f7c-szpfw	421m	160Mi
1777266027	2	nanomq-855cdf7bbb-bws2l	248m	1Mi
1777266027	2	postgres-0	118m	345Mi
1777266028	2	hermod-coordinator-75c8c84f7c-szpfw	421m	160Mi
1777266028	2	nanomq-855cdf7bbb-bws2l	248m	1Mi
1777266028	2	postgres-0	118m	345Mi
1777266029	2	hermod-coordinator-75c8c84f7c-szpfw	421m	160Mi
1777266029	2	nanomq-855cdf7bbb-bws2l	248m	1Mi
1777266029	2	postgres-0	118m	345Mi
1777266030	2	hermod-coordinator-75c8c84f7c-szpfw	421m	160Mi
1777266030	2	nanomq-855cdf7bbb-bws2l	248m	1Mi
1777266030	2	postgres-0	118m	345Mi
1777266031	2	hermod-coordinator-75c8c84f7c-szpfw	421m	160Mi
1777266031	2	nanomq-855cdf7bbb-bws2l	248m	1Mi
1777266031	2	postgres-0	118m	345Mi
1777266032	2	hermod-coordinator-75c8c84f7c-szpfw	421m	160Mi
1777266032	2	nanomq-855cdf7bbb-bws2l	248m	1Mi
1777266032	2	postgres-0	118m	345Mi
1777266033	2	hermod-coordinator-75c8c84f7c-szpfw	421m	160Mi
1777266033	2	nanomq-855cdf7bbb-bws2l	248m	1Mi
1777266033	2	postgres-0	118m	345Mi
1777266034	2	hermod-coordinator-75c8c84f7c-szpfw	421m	160Mi
1777266034	2	nanomq-855cdf7bbb-bws2l	248m	1Mi
1777266034	2	postgres-0	118m	345Mi
1777266035	2	hermod-coordinator-75c8c84f7c-szpfw	421m	160Mi
1777266035	2	nanomq-855cdf7bbb-bws2l	248m	1Mi
1777266035	2	postgres-0	118m	345Mi
1777266036	2	hermod-coordinator-75c8c84f7c-szpfw	421m	160Mi
1777266036	2	nanomq-855cdf7bbb-bws2l	248m	1Mi
1777266036	2	postgres-0	118m	345Mi
1777266037	2	hermod-coordinator-75c8c84f7c-szpfw	421m	160Mi
1777266037	2	nanomq-855cdf7bbb-bws2l	248m	1Mi
1777266037	2	postgres-0	118m	345Mi
1777266039	2	hermod-coordinator-75c8c84f7c-szpfw	421m	160Mi
1777266039	2	nanomq-855cdf7bbb-bws2l	248m	1Mi
1777266039	2	postgres-0	118m	345Mi
1777266040	2	hermod-coordinator-75c8c84f7c-szpfw	421m	160Mi
1777266040	2	nanomq-855cdf7bbb-bws2l	248m	1Mi
1777266040	2	postgres-0	118m	345Mi
1777266041	2	hermod-coordinator-75c8c84f7c-szpfw	421m	160Mi
1777266041	2	nanomq-855cdf7bbb-bws2l	248m	1Mi
1777266041	2	postgres-0	118m	345Mi
1777266042	2	hermod-coordinator-75c8c84f7c-szpfw	489m	160Mi
1777266042	2	nanomq-855cdf7bbb-bws2l	239m	1Mi
1777266042	2	postgres-0	109m	345Mi
1777266043	2	hermod-coordinator-75c8c84f7c-szpfw	489m	160Mi
1777266043	2	nanomq-855cdf7bbb-bws2l	239m	1Mi
1777266043	2	postgres-0	109m	345Mi
1777266044	2	hermod-coordinator-75c8c84f7c-szpfw	489m	160Mi
1777266044	2	nanomq-855cdf7bbb-bws2l	239m	1Mi
1777266044	2	postgres-0	109m	345Mi
1777266045	2	hermod-coordinator-75c8c84f7c-szpfw	489m	160Mi
1777266045	2	nanomq-855cdf7bbb-bws2l	239m	1Mi
1777266045	2	postgres-0	109m	345Mi
1777266046	2	hermod-coordinator-75c8c84f7c-szpfw	489m	160Mi
1777266046	2	nanomq-855cdf7bbb-bws2l	239m	1Mi
1777266046	2	postgres-0	109m	345Mi
1777266047	2	hermod-coordinator-75c8c84f7c-szpfw	489m	160Mi
1777266047	2	nanomq-855cdf7bbb-bws2l	239m	1Mi
1777266047	2	postgres-0	109m	345Mi
1777266048	2	hermod-coordinator-75c8c84f7c-szpfw	489m	160Mi
1777266048	2	nanomq-855cdf7bbb-bws2l	239m	1Mi
1777266048	2	postgres-0	109m	345Mi
1777266049	2	hermod-coordinator-75c8c84f7c-szpfw	489m	160Mi
1777266049	2	nanomq-855cdf7bbb-bws2l	239m	1Mi
1777266049	2	postgres-0	109m	345Mi
1777266050	2	hermod-coordinator-75c8c84f7c-szpfw	489m	160Mi
1777266050	2	nanomq-855cdf7bbb-bws2l	239m	1Mi
1777266050	2	postgres-0	109m	345Mi
1777266051	2	hermod-coordinator-75c8c84f7c-szpfw	489m	160Mi
1777266051	2	nanomq-855cdf7bbb-bws2l	239m	1Mi
1777266051	2	postgres-0	109m	345Mi
1777266052	2	hermod-coordinator-75c8c84f7c-szpfw	489m	160Mi
1777266052	2	nanomq-855cdf7bbb-bws2l	239m	1Mi
1777266052	2	postgres-0	109m	345Mi
1777266053	2	hermod-coordinator-75c8c84f7c-szpfw	489m	160Mi
1777266053	2	nanomq-855cdf7bbb-bws2l	239m	1Mi
1777266053	2	postgres-0	109m	345Mi
1777266054	2	hermod-coordinator-75c8c84f7c-szpfw	489m	160Mi
1777266054	2	nanomq-855cdf7bbb-bws2l	239m	1Mi
1777266054	2	postgres-0	109m	345Mi
1777266056	2	hermod-coordinator-75c8c84f7c-szpfw	489m	160Mi
1777266056	2	nanomq-855cdf7bbb-bws2l	239m	1Mi
1777266056	2	postgres-0	109m	345Mi
1777266057	2	hermod-coordinator-75c8c84f7c-szpfw	502m	159Mi
1777266057	2	nanomq-855cdf7bbb-bws2l	244m	1Mi
1777266057	2	postgres-0	114m	345Mi
1777266058	2	hermod-coordinator-75c8c84f7c-szpfw	502m	159Mi
1777266058	2	nanomq-855cdf7bbb-bws2l	244m	1Mi
1777266058	2	postgres-0	114m	345Mi
1777266059	2	hermod-coordinator-75c8c84f7c-szpfw	502m	159Mi
1777266059	2	nanomq-855cdf7bbb-bws2l	244m	1Mi
1777266059	2	postgres-0	114m	345Mi
1777266060	2	hermod-coordinator-75c8c84f7c-szpfw	502m	159Mi
1777266060	2	nanomq-855cdf7bbb-bws2l	244m	1Mi
1777266060	2	postgres-0	114m	345Mi
1777266061	2	hermod-coordinator-75c8c84f7c-szpfw	502m	159Mi
1777266061	2	nanomq-855cdf7bbb-bws2l	244m	1Mi
1777266061	2	postgres-0	114m	345Mi
1777266062	2	hermod-coordinator-75c8c84f7c-szpfw	502m	159Mi
1777266062	2	nanomq-855cdf7bbb-bws2l	244m	1Mi
1777266062	2	postgres-0	114m	345Mi
1777266063	2	hermod-coordinator-75c8c84f7c-szpfw	502m	159Mi
1777266063	2	nanomq-855cdf7bbb-bws2l	244m	1Mi
1777266063	2	postgres-0	114m	345Mi
1777266064	2	hermod-coordinator-75c8c84f7c-szpfw	502m	159Mi
1777266064	2	nanomq-855cdf7bbb-bws2l	244m	1Mi
1777266064	2	postgres-0	114m	345Mi
1777266065	2	hermod-coordinator-75c8c84f7c-szpfw	502m	159Mi
1777266065	2	nanomq-855cdf7bbb-bws2l	244m	1Mi
1777266065	2	postgres-0	114m	345Mi
1777266066	2	hermod-coordinator-75c8c84f7c-szpfw	502m	159Mi
1777266066	2	nanomq-855cdf7bbb-bws2l	244m	1Mi
1777266066	2	postgres-0	114m	345Mi
1777266067	2	hermod-coordinator-75c8c84f7c-szpfw	502m	159Mi
1777266067	2	nanomq-855cdf7bbb-bws2l	244m	1Mi
1777266067	2	postgres-0	114m	345Mi
1777266068	2	hermod-coordinator-75c8c84f7c-szpfw	502m	159Mi
1777266068	2	nanomq-855cdf7bbb-bws2l	244m	1Mi
1777266068	2	postgres-0	114m	345Mi
1777266069	2	hermod-coordinator-75c8c84f7c-szpfw	502m	159Mi
1777266069	2	nanomq-855cdf7bbb-bws2l	244m	1Mi
1777266069	2	postgres-0	114m	345Mi
1777266070	2	hermod-coordinator-75c8c84f7c-szpfw	502m	159Mi
1777266070	2	nanomq-855cdf7bbb-bws2l	244m	1Mi
1777266070	2	postgres-0	114m	345Mi
1777266071	2	hermod-coordinator-75c8c84f7c-szpfw	502m	159Mi
1777266071	2	nanomq-855cdf7bbb-bws2l	240m	1Mi
1777266071	2	postgres-0	111m	346Mi
1777266072	2	hermod-coordinator-75c8c84f7c-szpfw	502m	159Mi
1777266072	2	nanomq-855cdf7bbb-bws2l	240m	1Mi
1777266072	2	postgres-0	111m	346Mi
1777266074	2	hermod-coordinator-75c8c84f7c-szpfw	502m	159Mi
1777266074	2	nanomq-855cdf7bbb-bws2l	240m	1Mi
1777266074	2	postgres-0	111m	346Mi
1777266075	2	hermod-coordinator-75c8c84f7c-szpfw	502m	159Mi
1777266075	2	nanomq-855cdf7bbb-bws2l	240m	1Mi
1777266075	2	postgres-0	111m	346Mi
1777266076	2	hermod-coordinator-75c8c84f7c-szpfw	502m	159Mi
1777266076	2	nanomq-855cdf7bbb-bws2l	240m	1Mi
1777266076	2	postgres-0	111m	346Mi
1777266077	2	hermod-coordinator-75c8c84f7c-szpfw	502m	159Mi
1777266077	2	nanomq-855cdf7bbb-bws2l	240m	1Mi
1777266077	2	postgres-0	111m	346Mi
1777266078	2	hermod-coordinator-75c8c84f7c-szpfw	502m	159Mi
1777266078	2	nanomq-855cdf7bbb-bws2l	240m	1Mi
1777266078	2	postgres-0	111m	346Mi
1777266079	2	hermod-coordinator-75c8c84f7c-szpfw	502m	159Mi
1777266079	2	nanomq-855cdf7bbb-bws2l	240m	1Mi
1777266079	2	postgres-0	111m	346Mi
1777266080	2	hermod-coordinator-75c8c84f7c-szpfw	502m	159Mi
1777266080	2	nanomq-855cdf7bbb-bws2l	240m	1Mi
1777266080	2	postgres-0	111m	346Mi
1777266081	2	hermod-coordinator-75c8c84f7c-szpfw	502m	159Mi
1777266081	2	nanomq-855cdf7bbb-bws2l	240m	1Mi
1777266081	2	postgres-0	111m	346Mi
1777266082	2	hermod-coordinator-75c8c84f7c-szpfw	502m	159Mi
1777266082	2	nanomq-855cdf7bbb-bws2l	240m	1Mi
1777266082	2	postgres-0	111m	346Mi
1777266083	2	hermod-coordinator-75c8c84f7c-szpfw	502m	159Mi
1777266083	2	nanomq-855cdf7bbb-bws2l	240m	1Mi
1777266083	2	postgres-0	111m	346Mi
1777266084	2	hermod-coordinator-75c8c84f7c-szpfw	502m	159Mi
1777266084	2	nanomq-855cdf7bbb-bws2l	240m	1Mi
1777266084	2	postgres-0	111m	346Mi
1777266085	2	hermod-coordinator-75c8c84f7c-szpfw	502m	159Mi
1777266085	2	nanomq-855cdf7bbb-bws2l	240m	1Mi
1777266085	2	postgres-0	111m	346Mi
1777266086	2	hermod-coordinator-75c8c84f7c-szpfw	439m	157Mi
1777266086	2	nanomq-855cdf7bbb-bws2l	244m	1Mi
1777266086	2	postgres-0	143m	346Mi
1777266087	2	hermod-coordinator-75c8c84f7c-szpfw	439m	157Mi
1777266087	2	nanomq-855cdf7bbb-bws2l	244m	1Mi
1777266087	2	postgres-0	143m	346Mi
1777266088	2	hermod-coordinator-75c8c84f7c-szpfw	439m	157Mi
1777266088	2	nanomq-855cdf7bbb-bws2l	244m	1Mi
1777266088	2	postgres-0	143m	346Mi
1777266089	2	hermod-coordinator-75c8c84f7c-szpfw	439m	157Mi
1777266089	2	nanomq-855cdf7bbb-bws2l	244m	1Mi
1777266089	2	postgres-0	143m	346Mi
1777266090	2	hermod-coordinator-75c8c84f7c-szpfw	439m	157Mi
1777266090	2	nanomq-855cdf7bbb-bws2l	244m	1Mi
1777266090	2	postgres-0	143m	346Mi
1777266091	2	hermod-coordinator-75c8c84f7c-szpfw	439m	157Mi
1777266091	2	nanomq-855cdf7bbb-bws2l	244m	1Mi
1777266091	2	postgres-0	143m	346Mi
1777266093	2	hermod-coordinator-75c8c84f7c-szpfw	439m	157Mi
1777266093	2	nanomq-855cdf7bbb-bws2l	244m	1Mi
1777266093	2	postgres-0	143m	346Mi
1777266094	2	hermod-coordinator-75c8c84f7c-szpfw	439m	157Mi
1777266094	2	nanomq-855cdf7bbb-bws2l	244m	1Mi
1777266094	2	postgres-0	143m	346Mi
1777266095	2	hermod-coordinator-75c8c84f7c-szpfw	439m	157Mi
1777266095	2	nanomq-855cdf7bbb-bws2l	244m	1Mi
1777266095	2	postgres-0	143m	346Mi
1777266096	2	hermod-coordinator-75c8c84f7c-szpfw	439m	157Mi
1777266096	2	nanomq-855cdf7bbb-bws2l	244m	1Mi
1777266096	2	postgres-0	143m	346Mi
1777266097	2	hermod-coordinator-75c8c84f7c-szpfw	439m	157Mi
1777266097	2	nanomq-855cdf7bbb-bws2l	244m	1Mi
1777266097	2	postgres-0	143m	346Mi
1777266098	2	hermod-coordinator-75c8c84f7c-szpfw	439m	157Mi
1777266098	2	nanomq-855cdf7bbb-bws2l	244m	1Mi
1777266098	2	postgres-0	143m	346Mi
1777266099	2	hermod-coordinator-75c8c84f7c-szpfw	439m	157Mi
1777266099	2	nanomq-855cdf7bbb-bws2l	244m	1Mi
1777266099	2	postgres-0	143m	346Mi
1777266100	2	hermod-coordinator-75c8c84f7c-szpfw	439m	157Mi
1777266100	2	nanomq-855cdf7bbb-bws2l	244m	1Mi
1777266100	2	postgres-0	143m	346Mi
1777266101	2	hermod-coordinator-75c8c84f7c-szpfw	439m	157Mi
1777266101	2	nanomq-855cdf7bbb-bws2l	244m	1Mi
1777266101	2	postgres-0	143m	346Mi
1777266102	2	hermod-coordinator-75c8c84f7c-szpfw	466m	169Mi
1777266102	2	nanomq-855cdf7bbb-bws2l	245m	1Mi
1777266102	2	postgres-0	110m	346Mi
1777266103	2	hermod-coordinator-75c8c84f7c-szpfw	466m	169Mi
1777266103	2	nanomq-855cdf7bbb-bws2l	245m	1Mi
1777266103	2	postgres-0	110m	346Mi
1777266104	2	hermod-coordinator-75c8c84f7c-szpfw	466m	169Mi
1777266104	2	nanomq-855cdf7bbb-bws2l	245m	1Mi
1777266104	2	postgres-0	110m	346Mi
1777266105	2	hermod-coordinator-75c8c84f7c-szpfw	466m	169Mi
1777266105	2	nanomq-855cdf7bbb-bws2l	245m	1Mi
1777266105	2	postgres-0	110m	346Mi
1777266106	2	hermod-coordinator-75c8c84f7c-szpfw	466m	169Mi
1777266106	2	nanomq-855cdf7bbb-bws2l	245m	1Mi
1777266106	2	postgres-0	110m	346Mi
1777266107	2	hermod-coordinator-75c8c84f7c-szpfw	466m	169Mi
1777266107	2	nanomq-855cdf7bbb-bws2l	245m	1Mi
1777266107	2	postgres-0	110m	346Mi
1777266108	2	hermod-coordinator-75c8c84f7c-szpfw	466m	169Mi
1777266108	2	nanomq-855cdf7bbb-bws2l	245m	1Mi
1777266108	2	postgres-0	110m	346Mi
1777266109	2	hermod-coordinator-75c8c84f7c-szpfw	466m	169Mi
1777266109	2	nanomq-855cdf7bbb-bws2l	245m	1Mi
1777266109	2	postgres-0	110m	346Mi
1777266110	2	hermod-coordinator-75c8c84f7c-szpfw	466m	169Mi
1777266110	2	nanomq-855cdf7bbb-bws2l	245m	1Mi
1777266110	2	postgres-0	110m	346Mi
1777266112	2	hermod-coordinator-75c8c84f7c-szpfw	466m	169Mi
1777266112	2	nanomq-855cdf7bbb-bws2l	245m	1Mi
1777266112	2	postgres-0	110m	346Mi
1777266113	2	hermod-coordinator-75c8c84f7c-szpfw	466m	169Mi
1777266113	2	nanomq-855cdf7bbb-bws2l	245m	1Mi
1777266113	2	postgres-0	110m	346Mi
1777266114	2	hermod-coordinator-75c8c84f7c-szpfw	466m	169Mi
1777266114	2	nanomq-855cdf7bbb-bws2l	245m	1Mi
1777266114	2	postgres-0	110m	346Mi
1777266115	2	hermod-coordinator-75c8c84f7c-szpfw	466m	169Mi
1777266115	2	nanomq-855cdf7bbb-bws2l	245m	1Mi
1777266115	2	postgres-0	110m	346Mi
1777266116	2	hermod-coordinator-75c8c84f7c-szpfw	466m	169Mi
1777266116	2	nanomq-855cdf7bbb-bws2l	245m	1Mi
1777266116	2	postgres-0	110m	346Mi
1777266117	2	hermod-coordinator-75c8c84f7c-szpfw	408m	165Mi
1777266117	2	nanomq-855cdf7bbb-bws2l	251m	2Mi
1777266117	2	postgres-0	113m	346Mi
1777266118	2	hermod-coordinator-75c8c84f7c-szpfw	408m	165Mi
1777266118	2	nanomq-855cdf7bbb-bws2l	251m	2Mi
1777266118	2	postgres-0	113m	346Mi
1777266119	2	hermod-coordinator-75c8c84f7c-szpfw	408m	165Mi
1777266119	2	nanomq-855cdf7bbb-bws2l	251m	2Mi
1777266119	2	postgres-0	113m	346Mi
1777266120	2	hermod-coordinator-75c8c84f7c-szpfw	408m	165Mi
1777266120	2	nanomq-855cdf7bbb-bws2l	251m	2Mi
1777266120	2	postgres-0	113m	346Mi
1777266121	2	hermod-coordinator-75c8c84f7c-szpfw	408m	165Mi
1777266121	2	nanomq-855cdf7bbb-bws2l	251m	2Mi
1777266121	2	postgres-0	113m	346Mi
1777266122	2	hermod-coordinator-75c8c84f7c-szpfw	408m	165Mi
1777266122	2	nanomq-855cdf7bbb-bws2l	251m	2Mi
1777266122	2	postgres-0	113m	346Mi
1777266123	2	hermod-coordinator-75c8c84f7c-szpfw	408m	165Mi
1777266123	2	nanomq-855cdf7bbb-bws2l	251m	2Mi
1777266123	2	postgres-0	113m	346Mi
1777266124	2	hermod-coordinator-75c8c84f7c-szpfw	408m	165Mi
1777266124	2	nanomq-855cdf7bbb-bws2l	251m	2Mi
1777266124	2	postgres-0	113m	346Mi
1777266125	2	hermod-coordinator-75c8c84f7c-szpfw	408m	165Mi
1777266125	2	nanomq-855cdf7bbb-bws2l	251m	2Mi
1777266125	2	postgres-0	113m	346Mi
1777266126	2	hermod-coordinator-75c8c84f7c-szpfw	408m	165Mi
1777266126	2	nanomq-855cdf7bbb-bws2l	251m	2Mi
1777266126	2	postgres-0	113m	346Mi
1777266127	2	hermod-coordinator-75c8c84f7c-szpfw	408m	165Mi
1777266127	2	nanomq-855cdf7bbb-bws2l	251m	2Mi
1777266127	2	postgres-0	113m	346Mi
1777266128	2	hermod-coordinator-75c8c84f7c-szpfw	408m	165Mi
1777266128	2	nanomq-855cdf7bbb-bws2l	251m	2Mi
1777266128	2	postgres-0	113m	346Mi
1777266130	2	hermod-coordinator-75c8c84f7c-szpfw	408m	165Mi
1777266130	2	nanomq-855cdf7bbb-bws2l	251m	2Mi
1777266130	2	postgres-0	113m	346Mi
1777266131	2	hermod-coordinator-75c8c84f7c-szpfw	408m	165Mi
1777266131	2	nanomq-855cdf7bbb-bws2l	251m	2Mi
1777266131	2	postgres-0	113m	346Mi
1777266132	2	hermod-coordinator-75c8c84f7c-szpfw	445m	166Mi
1777266132	2	nanomq-855cdf7bbb-bws2l	242m	1Mi
1777266132	2	postgres-0	151m	347Mi
1777266133	2	hermod-coordinator-75c8c84f7c-szpfw	445m	166Mi
1777266133	2	nanomq-855cdf7bbb-bws2l	242m	1Mi
1777266133	2	postgres-0	151m	347Mi
1777266134	2	hermod-coordinator-75c8c84f7c-szpfw	445m	166Mi
1777266134	2	nanomq-855cdf7bbb-bws2l	242m	1Mi
1777266134	2	postgres-0	151m	347Mi
1777266135	2	hermod-coordinator-75c8c84f7c-szpfw	445m	166Mi
1777266135	2	nanomq-855cdf7bbb-bws2l	242m	1Mi
1777266135	2	postgres-0	151m	347Mi
1777266136	2	hermod-coordinator-75c8c84f7c-szpfw	445m	166Mi
1777266136	2	nanomq-855cdf7bbb-bws2l	242m	1Mi
1777266136	2	postgres-0	151m	347Mi
1777266137	2	hermod-coordinator-75c8c84f7c-szpfw	445m	166Mi
1777266137	2	nanomq-855cdf7bbb-bws2l	242m	1Mi
1777266137	2	postgres-0	151m	347Mi
1777266138	2	hermod-coordinator-75c8c84f7c-szpfw	445m	166Mi
1777266138	2	nanomq-855cdf7bbb-bws2l	242m	1Mi
1777266138	2	postgres-0	151m	347Mi
1777266139	2	hermod-coordinator-75c8c84f7c-szpfw	445m	166Mi
1777266139	2	nanomq-855cdf7bbb-bws2l	242m	1Mi
1777266139	2	postgres-0	151m	347Mi
1777266140	2	hermod-coordinator-75c8c84f7c-szpfw	445m	166Mi
1777266140	2	nanomq-855cdf7bbb-bws2l	242m	1Mi
1777266140	2	postgres-0	151m	347Mi
1777266141	2	hermod-coordinator-75c8c84f7c-szpfw	445m	166Mi
1777266141	2	nanomq-855cdf7bbb-bws2l	242m	1Mi
1777266141	2	postgres-0	151m	347Mi
1777266142	2	hermod-coordinator-75c8c84f7c-szpfw	445m	166Mi
1777266142	2	nanomq-855cdf7bbb-bws2l	242m	1Mi
1777266142	2	postgres-0	151m	347Mi
1777266143	2	hermod-coordinator-75c8c84f7c-szpfw	445m	166Mi
1777266143	2	nanomq-855cdf7bbb-bws2l	242m	1Mi
1777266143	2	postgres-0	151m	347Mi
1777266144	2	hermod-coordinator-75c8c84f7c-szpfw	445m	166Mi
1777266144	2	nanomq-855cdf7bbb-bws2l	242m	1Mi
1777266144	2	postgres-0	151m	347Mi
1777266145	2	hermod-coordinator-75c8c84f7c-szpfw	445m	166Mi
1777266145	2	nanomq-855cdf7bbb-bws2l	242m	1Mi
1777266145	2	postgres-0	151m	347Mi
1777266146	2	hermod-coordinator-75c8c84f7c-szpfw	451m	165Mi
1777266146	2	nanomq-855cdf7bbb-bws2l	246m	1Mi
1777266146	2	postgres-0	112m	347Mi
1777266147	2	hermod-coordinator-75c8c84f7c-szpfw	451m	165Mi
1777266147	2	nanomq-855cdf7bbb-bws2l	246m	1Mi
1777266147	2	postgres-0	112m	347Mi
1777266149	2	hermod-coordinator-75c8c84f7c-szpfw	451m	165Mi
1777266149	2	nanomq-855cdf7bbb-bws2l	246m	1Mi
1777266149	2	postgres-0	112m	347Mi
1777266150	2	hermod-coordinator-75c8c84f7c-szpfw	451m	165Mi
1777266150	2	nanomq-855cdf7bbb-bws2l	246m	1Mi
1777266150	2	postgres-0	112m	347Mi
1777266151	2	hermod-coordinator-75c8c84f7c-szpfw	451m	165Mi
1777266151	2	nanomq-855cdf7bbb-bws2l	246m	1Mi
1777266151	2	postgres-0	112m	347Mi
1777266152	2	hermod-coordinator-75c8c84f7c-szpfw	451m	165Mi
1777266152	2	nanomq-855cdf7bbb-bws2l	246m	1Mi
1777266152	2	postgres-0	112m	347Mi
1777266153	2	hermod-coordinator-75c8c84f7c-szpfw	451m	165Mi
1777266153	2	nanomq-855cdf7bbb-bws2l	246m	1Mi
1777266153	2	postgres-0	112m	347Mi
1777266154	2	hermod-coordinator-75c8c84f7c-szpfw	451m	165Mi
1777266154	2	nanomq-855cdf7bbb-bws2l	246m	1Mi
1777266154	2	postgres-0	112m	347Mi
1777266155	2	hermod-coordinator-75c8c84f7c-szpfw	451m	165Mi
1777266155	2	nanomq-855cdf7bbb-bws2l	246m	1Mi
1777266155	2	postgres-0	112m	347Mi
1777266156	2	hermod-coordinator-75c8c84f7c-szpfw	451m	165Mi
1777266156	2	nanomq-855cdf7bbb-bws2l	246m	1Mi
1777266156	2	postgres-0	112m	347Mi
1777266157	2	hermod-coordinator-75c8c84f7c-szpfw	451m	165Mi
1777266157	2	nanomq-855cdf7bbb-bws2l	246m	1Mi
1777266157	2	postgres-0	112m	347Mi
1777266158	2	hermod-coordinator-75c8c84f7c-szpfw	451m	165Mi
1777266158	2	nanomq-855cdf7bbb-bws2l	246m	1Mi
1777266158	2	postgres-0	112m	347Mi
1777266159	2	hermod-coordinator-75c8c84f7c-szpfw	451m	165Mi
1777266159	2	nanomq-855cdf7bbb-bws2l	246m	1Mi
1777266159	2	postgres-0	112m	347Mi
1777266160	2	hermod-coordinator-75c8c84f7c-szpfw	451m	165Mi
1777266160	2	nanomq-855cdf7bbb-bws2l	246m	1Mi
1777266160	2	postgres-0	112m	347Mi
1777266161	2	hermod-coordinator-75c8c84f7c-szpfw	452m	168Mi
1777266161	2	nanomq-855cdf7bbb-bws2l	246m	1Mi
1777266161	2	postgres-0	114m	347Mi
1777266162	2	hermod-coordinator-75c8c84f7c-szpfw	452m	168Mi
1777266162	2	nanomq-855cdf7bbb-bws2l	246m	1Mi
1777266162	2	postgres-0	114m	347Mi
1777266163	2	hermod-coordinator-75c8c84f7c-szpfw	452m	168Mi
1777266163	2	nanomq-855cdf7bbb-bws2l	246m	1Mi
1777266163	2	postgres-0	114m	347Mi
1777266164	2	hermod-coordinator-75c8c84f7c-szpfw	452m	168Mi
1777266164	2	nanomq-855cdf7bbb-bws2l	246m	1Mi
1777266164	2	postgres-0	114m	347Mi
1777266165	2	hermod-coordinator-75c8c84f7c-szpfw	452m	168Mi
1777266165	2	nanomq-855cdf7bbb-bws2l	246m	1Mi
1777266165	2	postgres-0	114m	347Mi
1777266166	2	hermod-coordinator-75c8c84f7c-szpfw	452m	168Mi
1777266166	2	nanomq-855cdf7bbb-bws2l	246m	1Mi
1777266166	2	postgres-0	114m	347Mi
1777266168	2	hermod-coordinator-75c8c84f7c-szpfw	452m	168Mi
1777266168	2	nanomq-855cdf7bbb-bws2l	246m	1Mi
1777266168	2	postgres-0	114m	347Mi
1777266169	2	hermod-coordinator-75c8c84f7c-szpfw	452m	168Mi
1777266169	2	nanomq-855cdf7bbb-bws2l	246m	1Mi
1777266169	2	postgres-0	114m	347Mi
1777266170	2	hermod-coordinator-75c8c84f7c-szpfw	452m	168Mi
1777266170	2	nanomq-855cdf7bbb-bws2l	246m	1Mi
1777266170	2	postgres-0	114m	347Mi
1777266171	2	hermod-coordinator-75c8c84f7c-szpfw	452m	168Mi
1777266171	2	nanomq-855cdf7bbb-bws2l	246m	1Mi
1777266171	2	postgres-0	114m	347Mi
1777266172	2	hermod-coordinator-75c8c84f7c-szpfw	452m	168Mi
1777266172	2	nanomq-855cdf7bbb-bws2l	246m	1Mi
1777266172	2	postgres-0	114m	347Mi
1777266173	2	hermod-coordinator-75c8c84f7c-szpfw	452m	168Mi
1777266173	2	nanomq-855cdf7bbb-bws2l	246m	1Mi
1777266173	2	postgres-0	114m	347Mi
1777266174	2	hermod-coordinator-75c8c84f7c-szpfw	452m	168Mi
1777266174	2	nanomq-855cdf7bbb-bws2l	246m	1Mi
1777266174	2	postgres-0	114m	347Mi
1777266175	2	hermod-coordinator-75c8c84f7c-szpfw	452m	168Mi
1777266175	2	nanomq-855cdf7bbb-bws2l	246m	1Mi
1777266175	2	postgres-0	114m	347Mi
1777266176	2	hermod-coordinator-75c8c84f7c-szpfw	452m	168Mi
1777266176	2	nanomq-855cdf7bbb-bws2l	246m	1Mi
1777266176	2	postgres-0	114m	347Mi
1777266177	2	hermod-coordinator-75c8c84f7c-szpfw	435m	174Mi
1777266177	2	nanomq-855cdf7bbb-bws2l	246m	1Mi
1777266177	2	postgres-0	114m	347Mi
1777266178	2	hermod-coordinator-75c8c84f7c-szpfw	435m	174Mi
1777266178	2	nanomq-855cdf7bbb-bws2l	246m	1Mi
1777266178	2	postgres-0	114m	347Mi
1777266179	2	hermod-coordinator-75c8c84f7c-szpfw	435m	174Mi
1777266179	2	nanomq-855cdf7bbb-bws2l	246m	1Mi
1777266179	2	postgres-0	114m	347Mi
1777266180	2	hermod-coordinator-75c8c84f7c-szpfw	435m	174Mi
1777266180	2	nanomq-855cdf7bbb-bws2l	246m	1Mi
1777266180	2	postgres-0	114m	347Mi
1777266181	2	hermod-coordinator-75c8c84f7c-szpfw	435m	174Mi
1777266181	2	nanomq-855cdf7bbb-bws2l	246m	1Mi
1777266181	2	postgres-0	114m	347Mi
1777266182	2	hermod-coordinator-75c8c84f7c-szpfw	435m	174Mi
1777266182	2	nanomq-855cdf7bbb-bws2l	246m	1Mi
1777266182	2	postgres-0	114m	347Mi
1777266183	2	hermod-coordinator-75c8c84f7c-szpfw	435m	174Mi
1777266183	2	nanomq-855cdf7bbb-bws2l	246m	1Mi
1777266183	2	postgres-0	114m	347Mi
1777266184	2	hermod-coordinator-75c8c84f7c-szpfw	435m	174Mi
1777266184	2	nanomq-855cdf7bbb-bws2l	246m	1Mi
1777266184	2	postgres-0	114m	347Mi
1777266186	2	hermod-coordinator-75c8c84f7c-szpfw	435m	174Mi
1777266186	2	nanomq-855cdf7bbb-bws2l	246m	1Mi
1777266186	2	postgres-0	114m	347Mi
1777266187	2	hermod-coordinator-75c8c84f7c-szpfw	435m	174Mi
1777266187	2	nanomq-855cdf7bbb-bws2l	246m	1Mi
1777266187	2	postgres-0	114m	347Mi
1777266188	2	hermod-coordinator-75c8c84f7c-szpfw	435m	174Mi
1777266188	2	nanomq-855cdf7bbb-bws2l	246m	1Mi
1777266188	2	postgres-0	114m	347Mi
1777266189	2	hermod-coordinator-75c8c84f7c-szpfw	435m	174Mi
1777266189	2	nanomq-855cdf7bbb-bws2l	246m	1Mi
1777266189	2	postgres-0	114m	347Mi
1777266190	2	hermod-coordinator-75c8c84f7c-szpfw	435m	174Mi
1777266190	2	nanomq-855cdf7bbb-bws2l	246m	1Mi
1777266190	2	postgres-0	114m	347Mi
1777266191	2	hermod-coordinator-75c8c84f7c-szpfw	435m	174Mi
1777266191	2	nanomq-855cdf7bbb-bws2l	246m	1Mi
1777266191	2	postgres-0	114m	347Mi
1777266192	2	hermod-coordinator-75c8c84f7c-szpfw	435m	174Mi
1777266192	2	nanomq-855cdf7bbb-bws2l	241m	2Mi
1777266192	2	postgres-0	110m	347Mi
1777266193	2	hermod-coordinator-75c8c84f7c-szpfw	435m	174Mi
1777266193	2	nanomq-855cdf7bbb-bws2l	241m	2Mi
1777266193	2	postgres-0	110m	347Mi
1777266194	2	hermod-coordinator-75c8c84f7c-szpfw	435m	174Mi
1777266194	2	nanomq-855cdf7bbb-bws2l	241m	2Mi
1777266194	2	postgres-0	110m	347Mi
1777266195	2	hermod-coordinator-75c8c84f7c-szpfw	435m	174Mi
1777266195	2	nanomq-855cdf7bbb-bws2l	241m	2Mi
1777266195	2	postgres-0	110m	347Mi
1777266196	2	hermod-coordinator-75c8c84f7c-szpfw	435m	174Mi
1777266196	2	nanomq-855cdf7bbb-bws2l	241m	2Mi
1777266196	2	postgres-0	110m	347Mi
1777266197	2	hermod-coordinator-75c8c84f7c-szpfw	435m	174Mi
1777266197	2	nanomq-855cdf7bbb-bws2l	241m	2Mi
1777266197	2	postgres-0	110m	347Mi
1777266198	2	hermod-coordinator-75c8c84f7c-szpfw	435m	174Mi
1777266198	2	nanomq-855cdf7bbb-bws2l	241m	2Mi
1777266198	2	postgres-0	110m	347Mi
1777266199	2	hermod-coordinator-75c8c84f7c-szpfw	435m	174Mi
1777266199	2	nanomq-855cdf7bbb-bws2l	241m	2Mi
1777266199	2	postgres-0	110m	347Mi
1777266200	2	hermod-coordinator-75c8c84f7c-szpfw	435m	174Mi
1777266200	2	nanomq-855cdf7bbb-bws2l	241m	2Mi
1777266200	2	postgres-0	110m	347Mi
1777266201	2	hermod-coordinator-75c8c84f7c-szpfw	435m	174Mi
1777266201	2	nanomq-855cdf7bbb-bws2l	241m	2Mi
1777266201	2	postgres-0	110m	347Mi
1777266202	2	hermod-coordinator-75c8c84f7c-szpfw	435m	174Mi
1777266202	2	nanomq-855cdf7bbb-bws2l	241m	2Mi
1777266202	2	postgres-0	110m	347Mi
1777266240	3	hermod-coordinator-75c8c84f7c-szpfw	8m	167Mi
1777266240	3	nanomq-855cdf7bbb-bws2l	1m	1Mi
1777266240	3	postgres-0	10m	347Mi
1777266241	3	hermod-coordinator-75c8c84f7c-szpfw	8m	167Mi
1777266241	3	nanomq-855cdf7bbb-bws2l	1m	1Mi
1777266241	3	postgres-0	10m	347Mi
1777266242	3	hermod-coordinator-75c8c84f7c-szpfw	8m	167Mi
1777266242	3	nanomq-855cdf7bbb-bws2l	1m	1Mi
1777266242	3	postgres-0	10m	347Mi
1777266243	3	hermod-coordinator-75c8c84f7c-szpfw	8m	167Mi
1777266243	3	nanomq-855cdf7bbb-bws2l	1m	1Mi
1777266243	3	postgres-0	10m	347Mi
1777266244	3	hermod-coordinator-75c8c84f7c-szpfw	8m	167Mi
1777266244	3	nanomq-855cdf7bbb-bws2l	1m	1Mi
1777266244	3	postgres-0	10m	347Mi
1777266245	3	hermod-coordinator-75c8c84f7c-szpfw	8m	167Mi
1777266245	3	nanomq-855cdf7bbb-bws2l	1m	1Mi
1777266245	3	postgres-0	10m	347Mi
1777266246	3	hermod-coordinator-75c8c84f7c-szpfw	8m	167Mi
1777266246	3	nanomq-855cdf7bbb-bws2l	1m	1Mi
1777266246	3	postgres-0	10m	347Mi
1777266247	3	hermod-coordinator-75c8c84f7c-szpfw	8m	167Mi
1777266247	3	nanomq-855cdf7bbb-bws2l	1m	1Mi
1777266247	3	postgres-0	10m	347Mi
1777266248	3	hermod-coordinator-75c8c84f7c-szpfw	8m	167Mi
1777266248	3	nanomq-855cdf7bbb-bws2l	1m	1Mi
1777266248	3	postgres-0	10m	347Mi
1777266249	3	hermod-coordinator-75c8c84f7c-szpfw	8m	167Mi
1777266249	3	nanomq-855cdf7bbb-bws2l	1m	1Mi
1777266249	3	postgres-0	10m	347Mi
1777266250	3	hermod-coordinator-75c8c84f7c-szpfw	8m	167Mi
1777266250	3	nanomq-855cdf7bbb-bws2l	1m	1Mi
1777266250	3	postgres-0	10m	347Mi
1777266251	3	hermod-coordinator-75c8c84f7c-szpfw	8m	167Mi
1777266251	3	nanomq-855cdf7bbb-bws2l	83m	2Mi
1777266251	3	postgres-0	17m	347Mi
1777266252	3	hermod-coordinator-75c8c84f7c-szpfw	8m	167Mi
1777266252	3	nanomq-855cdf7bbb-bws2l	83m	2Mi
1777266252	3	postgres-0	17m	347Mi
1777266253	3	hermod-coordinator-75c8c84f7c-szpfw	8m	167Mi
1777266253	3	nanomq-855cdf7bbb-bws2l	83m	2Mi
1777266253	3	postgres-0	17m	347Mi
1777266254	3	hermod-coordinator-75c8c84f7c-szpfw	8m	167Mi
1777266254	3	nanomq-855cdf7bbb-bws2l	83m	2Mi
1777266254	3	postgres-0	17m	347Mi
1777266255	3	hermod-coordinator-75c8c84f7c-szpfw	8m	167Mi
1777266255	3	nanomq-855cdf7bbb-bws2l	83m	2Mi
1777266255	3	postgres-0	17m	347Mi
1777266256	3	hermod-coordinator-75c8c84f7c-szpfw	8m	167Mi
1777266256	3	nanomq-855cdf7bbb-bws2l	83m	2Mi
1777266256	3	postgres-0	17m	347Mi
1777266258	3	hermod-coordinator-75c8c84f7c-szpfw	8m	167Mi
1777266258	3	nanomq-855cdf7bbb-bws2l	83m	2Mi
1777266258	3	postgres-0	17m	347Mi
1777266259	3	hermod-coordinator-75c8c84f7c-szpfw	8m	167Mi
1777266259	3	nanomq-855cdf7bbb-bws2l	83m	2Mi
1777266259	3	postgres-0	17m	347Mi
1777266260	3	hermod-coordinator-75c8c84f7c-szpfw	8m	167Mi
1777266260	3	nanomq-855cdf7bbb-bws2l	83m	2Mi
1777266260	3	postgres-0	17m	347Mi
1777266261	3	hermod-coordinator-75c8c84f7c-szpfw	8m	167Mi
1777266261	3	nanomq-855cdf7bbb-bws2l	83m	2Mi
1777266261	3	postgres-0	17m	347Mi
1777266262	3	hermod-coordinator-75c8c84f7c-szpfw	8m	167Mi
1777266262	3	nanomq-855cdf7bbb-bws2l	83m	2Mi
1777266262	3	postgres-0	17m	347Mi
1777266263	3	hermod-coordinator-75c8c84f7c-szpfw	8m	167Mi
1777266263	3	nanomq-855cdf7bbb-bws2l	83m	2Mi
1777266263	3	postgres-0	17m	347Mi
1777266264	3	hermod-coordinator-75c8c84f7c-szpfw	8m	167Mi
1777266264	3	nanomq-855cdf7bbb-bws2l	83m	2Mi
1777266264	3	postgres-0	17m	347Mi
1777266265	3	hermod-coordinator-75c8c84f7c-szpfw	8m	167Mi
1777266265	3	nanomq-855cdf7bbb-bws2l	83m	2Mi
1777266265	3	postgres-0	17m	347Mi
1777266266	3	hermod-coordinator-75c8c84f7c-szpfw	8m	167Mi
1777266266	3	nanomq-855cdf7bbb-bws2l	83m	2Mi
1777266266	3	postgres-0	17m	347Mi
1777266267	3	hermod-coordinator-75c8c84f7c-szpfw	372m	166Mi
1777266267	3	nanomq-855cdf7bbb-bws2l	245m	2Mi
1777266267	3	postgres-0	117m	347Mi
1777266268	3	hermod-coordinator-75c8c84f7c-szpfw	372m	166Mi
1777266268	3	nanomq-855cdf7bbb-bws2l	245m	2Mi
1777266268	3	postgres-0	117m	347Mi
1777266269	3	hermod-coordinator-75c8c84f7c-szpfw	372m	166Mi
1777266269	3	nanomq-855cdf7bbb-bws2l	245m	2Mi
1777266269	3	postgres-0	117m	347Mi
1777266270	3	hermod-coordinator-75c8c84f7c-szpfw	372m	166Mi
1777266270	3	nanomq-855cdf7bbb-bws2l	245m	2Mi
1777266270	3	postgres-0	117m	347Mi
1777266271	3	hermod-coordinator-75c8c84f7c-szpfw	372m	166Mi
1777266271	3	nanomq-855cdf7bbb-bws2l	245m	2Mi
1777266271	3	postgres-0	117m	347Mi
1777266272	3	hermod-coordinator-75c8c84f7c-szpfw	372m	166Mi
1777266272	3	nanomq-855cdf7bbb-bws2l	245m	2Mi
1777266272	3	postgres-0	117m	347Mi
1777266273	3	hermod-coordinator-75c8c84f7c-szpfw	372m	166Mi
1777266273	3	nanomq-855cdf7bbb-bws2l	245m	2Mi
1777266273	3	postgres-0	117m	347Mi
1777266274	3	hermod-coordinator-75c8c84f7c-szpfw	372m	166Mi
1777266274	3	nanomq-855cdf7bbb-bws2l	245m	2Mi
1777266274	3	postgres-0	117m	347Mi
1777266275	3	hermod-coordinator-75c8c84f7c-szpfw	372m	166Mi
1777266275	3	nanomq-855cdf7bbb-bws2l	245m	2Mi
1777266275	3	postgres-0	117m	347Mi
1777266277	3	hermod-coordinator-75c8c84f7c-szpfw	372m	166Mi
1777266277	3	nanomq-855cdf7bbb-bws2l	245m	2Mi
1777266277	3	postgres-0	117m	347Mi
1777266278	3	hermod-coordinator-75c8c84f7c-szpfw	372m	166Mi
1777266278	3	nanomq-855cdf7bbb-bws2l	245m	2Mi
1777266278	3	postgres-0	117m	347Mi
1777266279	3	hermod-coordinator-75c8c84f7c-szpfw	372m	166Mi
1777266279	3	nanomq-855cdf7bbb-bws2l	245m	2Mi
1777266279	3	postgres-0	117m	347Mi
1777266280	3	hermod-coordinator-75c8c84f7c-szpfw	372m	166Mi
1777266280	3	nanomq-855cdf7bbb-bws2l	245m	2Mi
1777266280	3	postgres-0	117m	347Mi
1777266281	3	hermod-coordinator-75c8c84f7c-szpfw	372m	166Mi
1777266281	3	nanomq-855cdf7bbb-bws2l	245m	2Mi
1777266281	3	postgres-0	117m	347Mi
1777266282	3	hermod-coordinator-75c8c84f7c-szpfw	372m	166Mi
1777266282	3	nanomq-855cdf7bbb-bws2l	244m	1Mi
1777266282	3	postgres-0	110m	347Mi
1777266283	3	hermod-coordinator-75c8c84f7c-szpfw	372m	166Mi
1777266283	3	nanomq-855cdf7bbb-bws2l	244m	1Mi
1777266283	3	postgres-0	110m	347Mi
1777266284	3	hermod-coordinator-75c8c84f7c-szpfw	372m	166Mi
1777266284	3	nanomq-855cdf7bbb-bws2l	244m	1Mi
1777266284	3	postgres-0	110m	347Mi
1777266285	3	hermod-coordinator-75c8c84f7c-szpfw	372m	166Mi
1777266285	3	nanomq-855cdf7bbb-bws2l	244m	1Mi
1777266285	3	postgres-0	110m	347Mi
1777266286	3	hermod-coordinator-75c8c84f7c-szpfw	372m	166Mi
1777266286	3	nanomq-855cdf7bbb-bws2l	244m	1Mi
1777266286	3	postgres-0	110m	347Mi
1777266287	3	hermod-coordinator-75c8c84f7c-szpfw	372m	166Mi
1777266287	3	nanomq-855cdf7bbb-bws2l	244m	1Mi
1777266287	3	postgres-0	110m	347Mi
1777266288	3	hermod-coordinator-75c8c84f7c-szpfw	372m	166Mi
1777266288	3	nanomq-855cdf7bbb-bws2l	244m	1Mi
1777266288	3	postgres-0	110m	347Mi
1777266289	3	hermod-coordinator-75c8c84f7c-szpfw	372m	166Mi
1777266289	3	nanomq-855cdf7bbb-bws2l	244m	1Mi
1777266289	3	postgres-0	110m	347Mi
1777266290	3	hermod-coordinator-75c8c84f7c-szpfw	372m	166Mi
1777266290	3	nanomq-855cdf7bbb-bws2l	244m	1Mi
1777266290	3	postgres-0	110m	347Mi
1777266291	3	hermod-coordinator-75c8c84f7c-szpfw	372m	166Mi
1777266291	3	nanomq-855cdf7bbb-bws2l	244m	1Mi
1777266291	3	postgres-0	110m	347Mi
1777266292	3	hermod-coordinator-75c8c84f7c-szpfw	372m	166Mi
1777266292	3	nanomq-855cdf7bbb-bws2l	244m	1Mi
1777266292	3	postgres-0	110m	347Mi
1777266293	3	hermod-coordinator-75c8c84f7c-szpfw	372m	166Mi
1777266293	3	nanomq-855cdf7bbb-bws2l	244m	1Mi
1777266293	3	postgres-0	110m	347Mi
1777266295	3	hermod-coordinator-75c8c84f7c-szpfw	372m	166Mi
1777266295	3	nanomq-855cdf7bbb-bws2l	244m	1Mi
1777266295	3	postgres-0	110m	347Mi
1777266296	3	hermod-coordinator-75c8c84f7c-szpfw	372m	166Mi
1777266296	3	nanomq-855cdf7bbb-bws2l	244m	1Mi
1777266296	3	postgres-0	110m	347Mi
1777266297	3	hermod-coordinator-75c8c84f7c-szpfw	423m	166Mi
1777266297	3	nanomq-855cdf7bbb-bws2l	247m	1Mi
1777266297	3	postgres-0	111m	347Mi
1777266298	3	hermod-coordinator-75c8c84f7c-szpfw	423m	166Mi
1777266298	3	nanomq-855cdf7bbb-bws2l	247m	1Mi
1777266298	3	postgres-0	111m	347Mi
1777266299	3	hermod-coordinator-75c8c84f7c-szpfw	423m	166Mi
1777266299	3	nanomq-855cdf7bbb-bws2l	247m	1Mi
1777266299	3	postgres-0	111m	347Mi
1777266300	3	hermod-coordinator-75c8c84f7c-szpfw	423m	166Mi
1777266300	3	nanomq-855cdf7bbb-bws2l	247m	1Mi
1777266300	3	postgres-0	111m	347Mi
1777266301	3	hermod-coordinator-75c8c84f7c-szpfw	423m	166Mi
1777266301	3	nanomq-855cdf7bbb-bws2l	247m	1Mi
1777266301	3	postgres-0	111m	347Mi
1777266302	3	hermod-coordinator-75c8c84f7c-szpfw	423m	166Mi
1777266302	3	nanomq-855cdf7bbb-bws2l	247m	1Mi
1777266302	3	postgres-0	111m	347Mi
1777266303	3	hermod-coordinator-75c8c84f7c-szpfw	423m	166Mi
1777266303	3	nanomq-855cdf7bbb-bws2l	247m	1Mi
1777266303	3	postgres-0	111m	347Mi
1777266304	3	hermod-coordinator-75c8c84f7c-szpfw	423m	166Mi
1777266304	3	nanomq-855cdf7bbb-bws2l	247m	1Mi
1777266304	3	postgres-0	111m	347Mi
1777266305	3	hermod-coordinator-75c8c84f7c-szpfw	423m	166Mi
1777266305	3	nanomq-855cdf7bbb-bws2l	247m	1Mi
1777266305	3	postgres-0	111m	347Mi
1777266306	3	hermod-coordinator-75c8c84f7c-szpfw	423m	166Mi
1777266306	3	nanomq-855cdf7bbb-bws2l	247m	1Mi
1777266306	3	postgres-0	111m	347Mi
1777266307	3	hermod-coordinator-75c8c84f7c-szpfw	423m	166Mi
1777266307	3	nanomq-855cdf7bbb-bws2l	247m	1Mi
1777266307	3	postgres-0	111m	347Mi
1777266308	3	hermod-coordinator-75c8c84f7c-szpfw	423m	166Mi
1777266308	3	nanomq-855cdf7bbb-bws2l	247m	1Mi
1777266308	3	postgres-0	111m	347Mi
1777266309	3	hermod-coordinator-75c8c84f7c-szpfw	423m	166Mi
1777266309	3	nanomq-855cdf7bbb-bws2l	247m	1Mi
1777266309	3	postgres-0	111m	347Mi
1777266310	3	hermod-coordinator-75c8c84f7c-szpfw	423m	166Mi
1777266310	3	nanomq-855cdf7bbb-bws2l	247m	1Mi
1777266310	3	postgres-0	111m	347Mi
1777266311	3	hermod-coordinator-75c8c84f7c-szpfw	435m	166Mi
1777266311	3	nanomq-855cdf7bbb-bws2l	244m	2Mi
1777266311	3	postgres-0	112m	347Mi
1777266312	3	hermod-coordinator-75c8c84f7c-szpfw	435m	166Mi
1777266312	3	nanomq-855cdf7bbb-bws2l	244m	2Mi
1777266312	3	postgres-0	112m	347Mi
1777266314	3	hermod-coordinator-75c8c84f7c-szpfw	435m	166Mi
1777266314	3	nanomq-855cdf7bbb-bws2l	244m	2Mi
1777266314	3	postgres-0	112m	347Mi
1777266315	3	hermod-coordinator-75c8c84f7c-szpfw	435m	166Mi
1777266315	3	nanomq-855cdf7bbb-bws2l	244m	2Mi
1777266315	3	postgres-0	112m	347Mi
1777266316	3	hermod-coordinator-75c8c84f7c-szpfw	435m	166Mi
1777266316	3	nanomq-855cdf7bbb-bws2l	244m	2Mi
1777266316	3	postgres-0	112m	347Mi
1777266317	3	hermod-coordinator-75c8c84f7c-szpfw	435m	166Mi
1777266317	3	nanomq-855cdf7bbb-bws2l	244m	2Mi
1777266317	3	postgres-0	112m	347Mi
1777266318	3	hermod-coordinator-75c8c84f7c-szpfw	435m	166Mi
1777266318	3	nanomq-855cdf7bbb-bws2l	244m	2Mi
1777266318	3	postgres-0	112m	347Mi
1777266319	3	hermod-coordinator-75c8c84f7c-szpfw	435m	166Mi
1777266319	3	nanomq-855cdf7bbb-bws2l	244m	2Mi
1777266319	3	postgres-0	112m	347Mi
1777266320	3	hermod-coordinator-75c8c84f7c-szpfw	435m	166Mi
1777266320	3	nanomq-855cdf7bbb-bws2l	244m	2Mi
1777266320	3	postgres-0	112m	347Mi
1777266321	3	hermod-coordinator-75c8c84f7c-szpfw	435m	166Mi
1777266321	3	nanomq-855cdf7bbb-bws2l	244m	2Mi
1777266321	3	postgres-0	112m	347Mi
1777266322	3	hermod-coordinator-75c8c84f7c-szpfw	435m	166Mi
1777266322	3	nanomq-855cdf7bbb-bws2l	244m	2Mi
1777266322	3	postgres-0	112m	347Mi
1777266323	3	hermod-coordinator-75c8c84f7c-szpfw	435m	166Mi
1777266323	3	nanomq-855cdf7bbb-bws2l	244m	2Mi
1777266323	3	postgres-0	112m	347Mi
1777266324	3	hermod-coordinator-75c8c84f7c-szpfw	435m	166Mi
1777266324	3	nanomq-855cdf7bbb-bws2l	244m	2Mi
1777266324	3	postgres-0	112m	347Mi
1777266325	3	hermod-coordinator-75c8c84f7c-szpfw	435m	166Mi
1777266325	3	nanomq-855cdf7bbb-bws2l	244m	2Mi
1777266325	3	postgres-0	112m	347Mi
1777266326	3	hermod-coordinator-75c8c84f7c-szpfw	458m	171Mi
1777266326	3	nanomq-855cdf7bbb-bws2l	243m	2Mi
1777266326	3	postgres-0	142m	347Mi
1777266327	3	hermod-coordinator-75c8c84f7c-szpfw	458m	171Mi
1777266327	3	nanomq-855cdf7bbb-bws2l	243m	2Mi
1777266327	3	postgres-0	142m	347Mi
1777266328	3	hermod-coordinator-75c8c84f7c-szpfw	458m	171Mi
1777266328	3	nanomq-855cdf7bbb-bws2l	243m	2Mi
1777266328	3	postgres-0	142m	347Mi
1777266329	3	hermod-coordinator-75c8c84f7c-szpfw	458m	171Mi
1777266329	3	nanomq-855cdf7bbb-bws2l	243m	2Mi
1777266329	3	postgres-0	142m	347Mi
1777266330	3	hermod-coordinator-75c8c84f7c-szpfw	458m	171Mi
1777266330	3	nanomq-855cdf7bbb-bws2l	243m	2Mi
1777266330	3	postgres-0	142m	347Mi
1777266332	3	hermod-coordinator-75c8c84f7c-szpfw	458m	171Mi
1777266332	3	nanomq-855cdf7bbb-bws2l	243m	2Mi
1777266332	3	postgres-0	142m	347Mi
1777266333	3	hermod-coordinator-75c8c84f7c-szpfw	458m	171Mi
1777266333	3	nanomq-855cdf7bbb-bws2l	243m	2Mi
1777266333	3	postgres-0	142m	347Mi
1777266334	3	hermod-coordinator-75c8c84f7c-szpfw	458m	171Mi
1777266334	3	nanomq-855cdf7bbb-bws2l	243m	2Mi
1777266334	3	postgres-0	142m	347Mi
1777266335	3	hermod-coordinator-75c8c84f7c-szpfw	458m	171Mi
1777266335	3	nanomq-855cdf7bbb-bws2l	243m	2Mi
1777266335	3	postgres-0	142m	347Mi
1777266336	3	hermod-coordinator-75c8c84f7c-szpfw	458m	171Mi
1777266336	3	nanomq-855cdf7bbb-bws2l	243m	2Mi
1777266336	3	postgres-0	142m	347Mi
1777266337	3	hermod-coordinator-75c8c84f7c-szpfw	458m	171Mi
1777266337	3	nanomq-855cdf7bbb-bws2l	243m	2Mi
1777266337	3	postgres-0	142m	347Mi
1777266338	3	hermod-coordinator-75c8c84f7c-szpfw	458m	171Mi
1777266338	3	nanomq-855cdf7bbb-bws2l	243m	2Mi
1777266338	3	postgres-0	142m	347Mi
1777266339	3	hermod-coordinator-75c8c84f7c-szpfw	458m	171Mi
1777266339	3	nanomq-855cdf7bbb-bws2l	243m	2Mi
1777266339	3	postgres-0	142m	347Mi
1777266340	3	hermod-coordinator-75c8c84f7c-szpfw	458m	171Mi
1777266340	3	nanomq-855cdf7bbb-bws2l	243m	2Mi
1777266340	3	postgres-0	142m	347Mi
1777266341	3	hermod-coordinator-75c8c84f7c-szpfw	517m	166Mi
1777266341	3	nanomq-855cdf7bbb-bws2l	240m	1Mi
1777266341	3	postgres-0	114m	348Mi
1777266342	3	hermod-coordinator-75c8c84f7c-szpfw	517m	166Mi
1777266342	3	nanomq-855cdf7bbb-bws2l	240m	1Mi
1777266342	3	postgres-0	114m	348Mi
1777266343	3	hermod-coordinator-75c8c84f7c-szpfw	517m	166Mi
1777266343	3	nanomq-855cdf7bbb-bws2l	240m	1Mi
1777266343	3	postgres-0	114m	348Mi
1777266344	3	hermod-coordinator-75c8c84f7c-szpfw	517m	166Mi
1777266344	3	nanomq-855cdf7bbb-bws2l	240m	1Mi
1777266344	3	postgres-0	114m	348Mi
1777266345	3	hermod-coordinator-75c8c84f7c-szpfw	517m	166Mi
1777266345	3	nanomq-855cdf7bbb-bws2l	240m	1Mi
1777266345	3	postgres-0	114m	348Mi
1777266346	3	hermod-coordinator-75c8c84f7c-szpfw	517m	166Mi
1777266346	3	nanomq-855cdf7bbb-bws2l	240m	1Mi
1777266346	3	postgres-0	114m	348Mi
1777266347	3	hermod-coordinator-75c8c84f7c-szpfw	517m	166Mi
1777266347	3	nanomq-855cdf7bbb-bws2l	240m	1Mi
1777266347	3	postgres-0	114m	348Mi
1777266349	3	hermod-coordinator-75c8c84f7c-szpfw	517m	166Mi
1777266349	3	nanomq-855cdf7bbb-bws2l	240m	1Mi
1777266349	3	postgres-0	114m	348Mi
1777266350	3	hermod-coordinator-75c8c84f7c-szpfw	517m	166Mi
1777266350	3	nanomq-855cdf7bbb-bws2l	240m	1Mi
1777266350	3	postgres-0	114m	348Mi
1777266351	3	hermod-coordinator-75c8c84f7c-szpfw	517m	166Mi
1777266351	3	nanomq-855cdf7bbb-bws2l	240m	1Mi
1777266351	3	postgres-0	114m	348Mi
1777266352	3	hermod-coordinator-75c8c84f7c-szpfw	517m	166Mi
1777266352	3	nanomq-855cdf7bbb-bws2l	240m	1Mi
1777266352	3	postgres-0	114m	348Mi
1777266353	3	hermod-coordinator-75c8c84f7c-szpfw	517m	166Mi
1777266353	3	nanomq-855cdf7bbb-bws2l	240m	1Mi
1777266353	3	postgres-0	114m	348Mi
1777266354	3	hermod-coordinator-75c8c84f7c-szpfw	517m	166Mi
1777266354	3	nanomq-855cdf7bbb-bws2l	240m	1Mi
1777266354	3	postgres-0	114m	348Mi
1777266355	3	hermod-coordinator-75c8c84f7c-szpfw	517m	166Mi
1777266355	3	nanomq-855cdf7bbb-bws2l	240m	1Mi
1777266355	3	postgres-0	114m	348Mi
1777266356	3	hermod-coordinator-75c8c84f7c-szpfw	517m	166Mi
1777266356	3	nanomq-855cdf7bbb-bws2l	240m	1Mi
1777266356	3	postgres-0	114m	348Mi
1777266357	3	hermod-coordinator-75c8c84f7c-szpfw	464m	171Mi
1777266357	3	nanomq-855cdf7bbb-bws2l	242m	2Mi
1777266357	3	postgres-0	114m	348Mi
1777266358	3	hermod-coordinator-75c8c84f7c-szpfw	464m	171Mi
1777266358	3	nanomq-855cdf7bbb-bws2l	242m	2Mi
1777266358	3	postgres-0	114m	348Mi
1777266359	3	hermod-coordinator-75c8c84f7c-szpfw	464m	171Mi
1777266359	3	nanomq-855cdf7bbb-bws2l	242m	2Mi
1777266359	3	postgres-0	114m	348Mi
1777266360	3	hermod-coordinator-75c8c84f7c-szpfw	464m	171Mi
1777266360	3	nanomq-855cdf7bbb-bws2l	242m	2Mi
1777266360	3	postgres-0	114m	348Mi
1777266361	3	hermod-coordinator-75c8c84f7c-szpfw	464m	171Mi
1777266361	3	nanomq-855cdf7bbb-bws2l	242m	2Mi
1777266361	3	postgres-0	114m	348Mi
1777266362	3	hermod-coordinator-75c8c84f7c-szpfw	464m	171Mi
1777266362	3	nanomq-855cdf7bbb-bws2l	242m	2Mi
1777266362	3	postgres-0	114m	348Mi
1777266363	3	hermod-coordinator-75c8c84f7c-szpfw	464m	171Mi
1777266363	3	nanomq-855cdf7bbb-bws2l	242m	2Mi
1777266363	3	postgres-0	114m	348Mi
1777266364	3	hermod-coordinator-75c8c84f7c-szpfw	464m	171Mi
1777266364	3	nanomq-855cdf7bbb-bws2l	242m	2Mi
1777266364	3	postgres-0	114m	348Mi
1777266365	3	hermod-coordinator-75c8c84f7c-szpfw	464m	171Mi
1777266365	3	nanomq-855cdf7bbb-bws2l	242m	2Mi
1777266365	3	postgres-0	114m	348Mi
1777266366	3	hermod-coordinator-75c8c84f7c-szpfw	464m	171Mi
1777266366	3	nanomq-855cdf7bbb-bws2l	242m	2Mi
1777266366	3	postgres-0	114m	348Mi
1777266368	3	hermod-coordinator-75c8c84f7c-szpfw	464m	171Mi
1777266368	3	nanomq-855cdf7bbb-bws2l	242m	2Mi
1777266368	3	postgres-0	114m	348Mi
1777266369	3	hermod-coordinator-75c8c84f7c-szpfw	464m	171Mi
1777266369	3	nanomq-855cdf7bbb-bws2l	242m	2Mi
1777266369	3	postgres-0	114m	348Mi
1777266370	3	hermod-coordinator-75c8c84f7c-szpfw	464m	171Mi
1777266370	3	nanomq-855cdf7bbb-bws2l	242m	2Mi
1777266370	3	postgres-0	114m	348Mi
1777266371	3	hermod-coordinator-75c8c84f7c-szpfw	464m	171Mi
1777266371	3	nanomq-855cdf7bbb-bws2l	242m	2Mi
1777266371	3	postgres-0	114m	348Mi
1777266372	3	hermod-coordinator-75c8c84f7c-szpfw	453m	170Mi
1777266372	3	nanomq-855cdf7bbb-bws2l	244m	2Mi
1777266372	3	postgres-0	119m	348Mi
1777266373	3	hermod-coordinator-75c8c84f7c-szpfw	453m	170Mi
1777266373	3	nanomq-855cdf7bbb-bws2l	244m	2Mi
1777266373	3	postgres-0	119m	348Mi
1777266374	3	hermod-coordinator-75c8c84f7c-szpfw	453m	170Mi
1777266374	3	nanomq-855cdf7bbb-bws2l	244m	2Mi
1777266374	3	postgres-0	119m	348Mi
1777266375	3	hermod-coordinator-75c8c84f7c-szpfw	453m	170Mi
1777266375	3	nanomq-855cdf7bbb-bws2l	244m	2Mi
1777266375	3	postgres-0	119m	348Mi
1777266376	3	hermod-coordinator-75c8c84f7c-szpfw	453m	170Mi
1777266376	3	nanomq-855cdf7bbb-bws2l	244m	2Mi
1777266376	3	postgres-0	119m	348Mi
1777266377	3	hermod-coordinator-75c8c84f7c-szpfw	453m	170Mi
1777266377	3	nanomq-855cdf7bbb-bws2l	244m	2Mi
1777266377	3	postgres-0	119m	348Mi
1777266378	3	hermod-coordinator-75c8c84f7c-szpfw	453m	170Mi
1777266378	3	nanomq-855cdf7bbb-bws2l	244m	2Mi
1777266378	3	postgres-0	119m	348Mi
1777266379	3	hermod-coordinator-75c8c84f7c-szpfw	453m	170Mi
1777266379	3	nanomq-855cdf7bbb-bws2l	244m	2Mi
1777266379	3	postgres-0	119m	348Mi
1777266380	3	hermod-coordinator-75c8c84f7c-szpfw	453m	170Mi
1777266380	3	nanomq-855cdf7bbb-bws2l	244m	2Mi
1777266380	3	postgres-0	119m	348Mi
1777266381	3	hermod-coordinator-75c8c84f7c-szpfw	453m	170Mi
1777266381	3	nanomq-855cdf7bbb-bws2l	244m	2Mi
1777266381	3	postgres-0	119m	348Mi
1777266382	3	hermod-coordinator-75c8c84f7c-szpfw	453m	170Mi
1777266382	3	nanomq-855cdf7bbb-bws2l	244m	2Mi
1777266382	3	postgres-0	119m	348Mi
1777266383	3	hermod-coordinator-75c8c84f7c-szpfw	453m	170Mi
1777266383	3	nanomq-855cdf7bbb-bws2l	244m	2Mi
1777266383	3	postgres-0	119m	348Mi
1777266384	3	hermod-coordinator-75c8c84f7c-szpfw	453m	170Mi
1777266384	3	nanomq-855cdf7bbb-bws2l	244m	2Mi
1777266384	3	postgres-0	119m	348Mi
1777266386	3	hermod-coordinator-75c8c84f7c-szpfw	453m	170Mi
1777266386	3	nanomq-855cdf7bbb-bws2l	244m	2Mi
1777266386	3	postgres-0	119m	348Mi
1777266387	3	hermod-coordinator-75c8c84f7c-szpfw	455m	176Mi
1777266387	3	nanomq-855cdf7bbb-bws2l	241m	2Mi
1777266387	3	postgres-0	117m	348Mi
1777266388	3	hermod-coordinator-75c8c84f7c-szpfw	455m	176Mi
1777266388	3	nanomq-855cdf7bbb-bws2l	241m	2Mi
1777266388	3	postgres-0	117m	348Mi
1777266389	3	hermod-coordinator-75c8c84f7c-szpfw	455m	176Mi
1777266389	3	nanomq-855cdf7bbb-bws2l	241m	2Mi
1777266389	3	postgres-0	117m	348Mi
1777266390	3	hermod-coordinator-75c8c84f7c-szpfw	455m	176Mi
1777266390	3	nanomq-855cdf7bbb-bws2l	241m	2Mi
1777266390	3	postgres-0	117m	348Mi
1777266391	3	hermod-coordinator-75c8c84f7c-szpfw	455m	176Mi
1777266391	3	nanomq-855cdf7bbb-bws2l	241m	2Mi
1777266391	3	postgres-0	117m	348Mi
1777266392	3	hermod-coordinator-75c8c84f7c-szpfw	455m	176Mi
1777266392	3	nanomq-855cdf7bbb-bws2l	241m	2Mi
1777266392	3	postgres-0	117m	348Mi
1777266393	3	hermod-coordinator-75c8c84f7c-szpfw	455m	176Mi
1777266393	3	nanomq-855cdf7bbb-bws2l	241m	2Mi
1777266393	3	postgres-0	117m	348Mi
1777266394	3	hermod-coordinator-75c8c84f7c-szpfw	455m	176Mi
1777266394	3	nanomq-855cdf7bbb-bws2l	241m	2Mi
1777266394	3	postgres-0	117m	348Mi
1777266395	3	hermod-coordinator-75c8c84f7c-szpfw	455m	176Mi
1777266395	3	nanomq-855cdf7bbb-bws2l	241m	2Mi
1777266395	3	postgres-0	117m	348Mi
1777266396	3	hermod-coordinator-75c8c84f7c-szpfw	455m	176Mi
1777266396	3	nanomq-855cdf7bbb-bws2l	241m	2Mi
1777266396	3	postgres-0	117m	348Mi
1777266397	3	hermod-coordinator-75c8c84f7c-szpfw	455m	176Mi
1777266397	3	nanomq-855cdf7bbb-bws2l	241m	2Mi
1777266397	3	postgres-0	117m	348Mi
1777266398	3	hermod-coordinator-75c8c84f7c-szpfw	455m	176Mi
1777266398	3	nanomq-855cdf7bbb-bws2l	241m	2Mi
1777266398	3	postgres-0	117m	348Mi
1777266399	3	hermod-coordinator-75c8c84f7c-szpfw	455m	176Mi
1777266399	3	nanomq-855cdf7bbb-bws2l	241m	2Mi
1777266399	3	postgres-0	117m	348Mi
1777266400	3	hermod-coordinator-75c8c84f7c-szpfw	455m	176Mi
1777266400	3	nanomq-855cdf7bbb-bws2l	241m	2Mi
1777266400	3	postgres-0	117m	348Mi
1777266401	3	hermod-coordinator-75c8c84f7c-szpfw	455m	176Mi
1777266401	3	nanomq-855cdf7bbb-bws2l	248m	2Mi
1777266401	3	postgres-0	113m	348Mi
1777266402	3	hermod-coordinator-75c8c84f7c-szpfw	455m	176Mi
1777266402	3	nanomq-855cdf7bbb-bws2l	248m	2Mi
1777266402	3	postgres-0	113m	348Mi
1777266404	3	hermod-coordinator-75c8c84f7c-szpfw	455m	176Mi
1777266404	3	nanomq-855cdf7bbb-bws2l	248m	2Mi
1777266404	3	postgres-0	113m	348Mi
1777266405	3	hermod-coordinator-75c8c84f7c-szpfw	455m	176Mi
1777266405	3	nanomq-855cdf7bbb-bws2l	248m	2Mi
1777266405	3	postgres-0	113m	348Mi
1777266406	3	hermod-coordinator-75c8c84f7c-szpfw	455m	176Mi
1777266406	3	nanomq-855cdf7bbb-bws2l	248m	2Mi
1777266406	3	postgres-0	113m	348Mi
1777266407	3	hermod-coordinator-75c8c84f7c-szpfw	455m	176Mi
1777266407	3	nanomq-855cdf7bbb-bws2l	248m	2Mi
1777266407	3	postgres-0	113m	348Mi
1777266408	3	hermod-coordinator-75c8c84f7c-szpfw	455m	176Mi
1777266408	3	nanomq-855cdf7bbb-bws2l	248m	2Mi
1777266408	3	postgres-0	113m	348Mi
1777266409	3	hermod-coordinator-75c8c84f7c-szpfw	455m	176Mi
1777266409	3	nanomq-855cdf7bbb-bws2l	248m	2Mi
1777266409	3	postgres-0	113m	348Mi
1777266410	3	hermod-coordinator-75c8c84f7c-szpfw	455m	176Mi
1777266410	3	nanomq-855cdf7bbb-bws2l	248m	2Mi
1777266410	3	postgres-0	113m	348Mi
1777266411	3	hermod-coordinator-75c8c84f7c-szpfw	455m	176Mi
1777266411	3	nanomq-855cdf7bbb-bws2l	248m	2Mi
1777266411	3	postgres-0	113m	348Mi
1777266412	3	hermod-coordinator-75c8c84f7c-szpfw	455m	176Mi
1777266412	3	nanomq-855cdf7bbb-bws2l	248m	2Mi
1777266412	3	postgres-0	113m	348Mi
1777266413	3	hermod-coordinator-75c8c84f7c-szpfw	455m	176Mi
1777266413	3	nanomq-855cdf7bbb-bws2l	248m	2Mi
1777266413	3	postgres-0	113m	348Mi
1777266414	3	hermod-coordinator-75c8c84f7c-szpfw	455m	176Mi
1777266414	3	nanomq-855cdf7bbb-bws2l	248m	2Mi
1777266414	3	postgres-0	113m	348Mi
1777266415	3	hermod-coordinator-75c8c84f7c-szpfw	455m	176Mi
1777266415	3	nanomq-855cdf7bbb-bws2l	248m	2Mi
1777266415	3	postgres-0	113m	348Mi
1777266416	3	hermod-coordinator-75c8c84f7c-szpfw	428m	170Mi
1777266416	3	nanomq-855cdf7bbb-bws2l	246m	2Mi
1777266416	3	postgres-0	110m	348Mi
1777266417	3	hermod-coordinator-75c8c84f7c-szpfw	428m	170Mi
1777266417	3	nanomq-855cdf7bbb-bws2l	246m	2Mi
1777266417	3	postgres-0	110m	348Mi
1777266418	3	hermod-coordinator-75c8c84f7c-szpfw	428m	170Mi
1777266418	3	nanomq-855cdf7bbb-bws2l	246m	2Mi
1777266418	3	postgres-0	110m	348Mi
1777266419	3	hermod-coordinator-75c8c84f7c-szpfw	428m	170Mi
1777266419	3	nanomq-855cdf7bbb-bws2l	246m	2Mi
1777266419	3	postgres-0	110m	348Mi
1777266420	3	hermod-coordinator-75c8c84f7c-szpfw	428m	170Mi
1777266420	3	nanomq-855cdf7bbb-bws2l	246m	2Mi
1777266420	3	postgres-0	110m	348Mi
1777266422	3	hermod-coordinator-75c8c84f7c-szpfw	428m	170Mi
1777266422	3	nanomq-855cdf7bbb-bws2l	246m	2Mi
1777266422	3	postgres-0	110m	348Mi
1777266423	3	hermod-coordinator-75c8c84f7c-szpfw	428m	170Mi
1777266423	3	nanomq-855cdf7bbb-bws2l	246m	2Mi
1777266423	3	postgres-0	110m	348Mi
1777266424	3	hermod-coordinator-75c8c84f7c-szpfw	428m	170Mi
1777266424	3	nanomq-855cdf7bbb-bws2l	246m	2Mi
1777266424	3	postgres-0	110m	348Mi
1777266425	3	hermod-coordinator-75c8c84f7c-szpfw	428m	170Mi
1777266425	3	nanomq-855cdf7bbb-bws2l	246m	2Mi
1777266425	3	postgres-0	110m	348Mi
1777266426	3	hermod-coordinator-75c8c84f7c-szpfw	428m	170Mi
1777266426	3	nanomq-855cdf7bbb-bws2l	246m	2Mi
1777266426	3	postgres-0	110m	348Mi
1777266427	3	hermod-coordinator-75c8c84f7c-szpfw	428m	170Mi
1777266427	3	nanomq-855cdf7bbb-bws2l	246m	2Mi
1777266427	3	postgres-0	110m	348Mi
1777266428	3	hermod-coordinator-75c8c84f7c-szpfw	428m	170Mi
1777266428	3	nanomq-855cdf7bbb-bws2l	246m	2Mi
1777266428	3	postgres-0	110m	348Mi
1777266429	3	hermod-coordinator-75c8c84f7c-szpfw	428m	170Mi
1777266429	3	nanomq-855cdf7bbb-bws2l	246m	2Mi
1777266429	3	postgres-0	110m	348Mi
1777266430	3	hermod-coordinator-75c8c84f7c-szpfw	428m	170Mi
1777266430	3	nanomq-855cdf7bbb-bws2l	246m	2Mi
1777266430	3	postgres-0	110m	348Mi
1777266431	3	hermod-coordinator-75c8c84f7c-szpfw	428m	170Mi
1777266431	3	nanomq-855cdf7bbb-bws2l	246m	2Mi
1777266431	3	postgres-0	110m	348Mi
1777266432	3	hermod-coordinator-75c8c84f7c-szpfw	464m	173Mi
1777266432	3	nanomq-855cdf7bbb-bws2l	244m	2Mi
1777266432	3	postgres-0	113m	348Mi
1777266433	3	hermod-coordinator-75c8c84f7c-szpfw	464m	173Mi
1777266433	3	nanomq-855cdf7bbb-bws2l	244m	2Mi
1777266433	3	postgres-0	113m	348Mi
1777266434	3	hermod-coordinator-75c8c84f7c-szpfw	464m	173Mi
1777266434	3	nanomq-855cdf7bbb-bws2l	244m	2Mi
1777266434	3	postgres-0	113m	348Mi
1777266435	3	hermod-coordinator-75c8c84f7c-szpfw	464m	173Mi
1777266435	3	nanomq-855cdf7bbb-bws2l	244m	2Mi
1777266435	3	postgres-0	113m	348Mi
1777266436	3	hermod-coordinator-75c8c84f7c-szpfw	464m	173Mi
1777266436	3	nanomq-855cdf7bbb-bws2l	244m	2Mi
1777266436	3	postgres-0	113m	348Mi
1777266437	3	hermod-coordinator-75c8c84f7c-szpfw	464m	173Mi
1777266437	3	nanomq-855cdf7bbb-bws2l	244m	2Mi
1777266437	3	postgres-0	113m	348Mi
1777266438	3	hermod-coordinator-75c8c84f7c-szpfw	464m	173Mi
1777266438	3	nanomq-855cdf7bbb-bws2l	244m	2Mi
1777266438	3	postgres-0	113m	348Mi
1777266440	3	hermod-coordinator-75c8c84f7c-szpfw	464m	173Mi
1777266440	3	nanomq-855cdf7bbb-bws2l	244m	2Mi
1777266440	3	postgres-0	113m	348Mi
1777266441	3	hermod-coordinator-75c8c84f7c-szpfw	464m	173Mi
1777266441	3	nanomq-855cdf7bbb-bws2l	244m	2Mi
1777266441	3	postgres-0	113m	348Mi
1777266442	3	hermod-coordinator-75c8c84f7c-szpfw	464m	173Mi
1777266442	3	nanomq-855cdf7bbb-bws2l	244m	2Mi
1777266442	3	postgres-0	113m	348Mi
1777266443	3	hermod-coordinator-75c8c84f7c-szpfw	464m	173Mi
1777266443	3	nanomq-855cdf7bbb-bws2l	244m	2Mi
1777266443	3	postgres-0	113m	348Mi
1777266444	3	hermod-coordinator-75c8c84f7c-szpfw	464m	173Mi
1777266444	3	nanomq-855cdf7bbb-bws2l	244m	2Mi
1777266444	3	postgres-0	113m	348Mi
1777266445	3	hermod-coordinator-75c8c84f7c-szpfw	464m	173Mi
1777266445	3	nanomq-855cdf7bbb-bws2l	244m	2Mi
1777266445	3	postgres-0	113m	348Mi
1777266446	3	hermod-coordinator-75c8c84f7c-szpfw	464m	173Mi
1777266446	3	nanomq-855cdf7bbb-bws2l	244m	2Mi
1777266446	3	postgres-0	113m	348Mi
1777266447	3	hermod-coordinator-75c8c84f7c-szpfw	458m	176Mi
1777266447	3	nanomq-855cdf7bbb-bws2l	240m	1Mi
1777266447	3	postgres-0	159m	348Mi
1777266448	3	hermod-coordinator-75c8c84f7c-szpfw	458m	176Mi
1777266448	3	nanomq-855cdf7bbb-bws2l	240m	1Mi
1777266448	3	postgres-0	159m	348Mi
1777266449	3	hermod-coordinator-75c8c84f7c-szpfw	458m	176Mi
1777266449	3	nanomq-855cdf7bbb-bws2l	240m	1Mi
1777266449	3	postgres-0	159m	348Mi
1777266450	3	hermod-coordinator-75c8c84f7c-szpfw	458m	176Mi
1777266450	3	nanomq-855cdf7bbb-bws2l	240m	1Mi
1777266450	3	postgres-0	159m	348Mi
1777266451	3	hermod-coordinator-75c8c84f7c-szpfw	458m	176Mi
1777266451	3	nanomq-855cdf7bbb-bws2l	240m	1Mi
1777266451	3	postgres-0	159m	348Mi
1777266452	3	hermod-coordinator-75c8c84f7c-szpfw	458m	176Mi
1777266452	3	nanomq-855cdf7bbb-bws2l	240m	1Mi
1777266452	3	postgres-0	159m	348Mi
1777266453	3	hermod-coordinator-75c8c84f7c-szpfw	458m	176Mi
1777266453	3	nanomq-855cdf7bbb-bws2l	240m	1Mi
1777266453	3	postgres-0	159m	348Mi
1777266454	3	hermod-coordinator-75c8c84f7c-szpfw	458m	176Mi
1777266454	3	nanomq-855cdf7bbb-bws2l	240m	1Mi
1777266454	3	postgres-0	159m	348Mi
1777266455	3	hermod-coordinator-75c8c84f7c-szpfw	458m	176Mi
1777266455	3	nanomq-855cdf7bbb-bws2l	240m	1Mi
1777266455	3	postgres-0	159m	348Mi
1777266456	3	hermod-coordinator-75c8c84f7c-szpfw	458m	176Mi
1777266456	3	nanomq-855cdf7bbb-bws2l	240m	1Mi
1777266456	3	postgres-0	159m	348Mi
1777266458	3	hermod-coordinator-75c8c84f7c-szpfw	458m	176Mi
1777266458	3	nanomq-855cdf7bbb-bws2l	240m	1Mi
1777266458	3	postgres-0	159m	348Mi
1777266459	3	hermod-coordinator-75c8c84f7c-szpfw	458m	176Mi
1777266459	3	nanomq-855cdf7bbb-bws2l	240m	1Mi
1777266459	3	postgres-0	159m	348Mi
1777266460	3	hermod-coordinator-75c8c84f7c-szpfw	458m	176Mi
1777266460	3	nanomq-855cdf7bbb-bws2l	240m	1Mi
1777266460	3	postgres-0	159m	348Mi
1777266461	3	hermod-coordinator-75c8c84f7c-szpfw	458m	176Mi
1777266461	3	nanomq-855cdf7bbb-bws2l	240m	1Mi
1777266461	3	postgres-0	159m	348Mi
1777266462	3	hermod-coordinator-75c8c84f7c-szpfw	452m	170Mi
1777266462	3	nanomq-855cdf7bbb-bws2l	244m	2Mi
1777266462	3	postgres-0	111m	348Mi
1777266463	3	hermod-coordinator-75c8c84f7c-szpfw	452m	170Mi
1777266463	3	nanomq-855cdf7bbb-bws2l	244m	2Mi
1777266463	3	postgres-0	111m	348Mi
1777266464	3	hermod-coordinator-75c8c84f7c-szpfw	452m	170Mi
1777266464	3	nanomq-855cdf7bbb-bws2l	244m	2Mi
1777266464	3	postgres-0	111m	348Mi
1777266465	3	hermod-coordinator-75c8c84f7c-szpfw	452m	170Mi
1777266465	3	nanomq-855cdf7bbb-bws2l	244m	2Mi
1777266465	3	postgres-0	111m	348Mi
1777266466	3	hermod-coordinator-75c8c84f7c-szpfw	452m	170Mi
1777266466	3	nanomq-855cdf7bbb-bws2l	244m	2Mi
1777266466	3	postgres-0	111m	348Mi
1777266467	3	hermod-coordinator-75c8c84f7c-szpfw	452m	170Mi
1777266467	3	nanomq-855cdf7bbb-bws2l	244m	2Mi
1777266467	3	postgres-0	111m	348Mi
1777266468	3	hermod-coordinator-75c8c84f7c-szpfw	452m	170Mi
1777266468	3	nanomq-855cdf7bbb-bws2l	244m	2Mi
1777266468	3	postgres-0	111m	348Mi
1777266469	3	hermod-coordinator-75c8c84f7c-szpfw	452m	170Mi
1777266469	3	nanomq-855cdf7bbb-bws2l	244m	2Mi
1777266469	3	postgres-0	111m	348Mi
1777266470	3	hermod-coordinator-75c8c84f7c-szpfw	452m	170Mi
1777266470	3	nanomq-855cdf7bbb-bws2l	244m	2Mi
1777266470	3	postgres-0	111m	348Mi
1777266471	3	hermod-coordinator-75c8c84f7c-szpfw	452m	170Mi
1777266471	3	nanomq-855cdf7bbb-bws2l	244m	2Mi
1777266471	3	postgres-0	111m	348Mi
1777266472	3	hermod-coordinator-75c8c84f7c-szpfw	452m	170Mi
1777266472	3	nanomq-855cdf7bbb-bws2l	244m	2Mi
1777266472	3	postgres-0	111m	348Mi
1777266473	3	hermod-coordinator-75c8c84f7c-szpfw	452m	170Mi
1777266473	3	nanomq-855cdf7bbb-bws2l	244m	2Mi
1777266473	3	postgres-0	111m	348Mi
1777266474	3	hermod-coordinator-75c8c84f7c-szpfw	452m	170Mi
1777266474	3	nanomq-855cdf7bbb-bws2l	244m	2Mi
1777266474	3	postgres-0	111m	348Mi
1777266475	3	hermod-coordinator-75c8c84f7c-szpfw	452m	170Mi
1777266475	3	nanomq-855cdf7bbb-bws2l	244m	2Mi
1777266475	3	postgres-0	111m	348Mi
1777266477	3	hermod-coordinator-75c8c84f7c-szpfw	435m	166Mi
1777266477	3	nanomq-855cdf7bbb-bws2l	243m	1Mi
1777266477	3	postgres-0	115m	348Mi
1777266478	3	hermod-coordinator-75c8c84f7c-szpfw	435m	166Mi
1777266478	3	nanomq-855cdf7bbb-bws2l	243m	1Mi
1777266478	3	postgres-0	115m	348Mi
1777266479	3	hermod-coordinator-75c8c84f7c-szpfw	435m	166Mi
1777266479	3	nanomq-855cdf7bbb-bws2l	243m	1Mi
1777266479	3	postgres-0	115m	348Mi
1777266480	3	hermod-coordinator-75c8c84f7c-szpfw	435m	166Mi
1777266480	3	nanomq-855cdf7bbb-bws2l	243m	1Mi
1777266480	3	postgres-0	115m	348Mi
1777266481	3	hermod-coordinator-75c8c84f7c-szpfw	435m	166Mi
1777266481	3	nanomq-855cdf7bbb-bws2l	243m	1Mi
1777266481	3	postgres-0	115m	348Mi
1777266482	3	hermod-coordinator-75c8c84f7c-szpfw	435m	166Mi
1777266482	3	nanomq-855cdf7bbb-bws2l	243m	1Mi
1777266482	3	postgres-0	115m	348Mi
1777266483	3	hermod-coordinator-75c8c84f7c-szpfw	435m	166Mi
1777266483	3	nanomq-855cdf7bbb-bws2l	243m	1Mi
1777266483	3	postgres-0	115m	348Mi
1777266484	3	hermod-coordinator-75c8c84f7c-szpfw	435m	166Mi
1777266484	3	nanomq-855cdf7bbb-bws2l	243m	1Mi
1777266484	3	postgres-0	115m	348Mi
1777266485	3	hermod-coordinator-75c8c84f7c-szpfw	435m	166Mi
1777266485	3	nanomq-855cdf7bbb-bws2l	243m	1Mi
1777266485	3	postgres-0	115m	348Mi
1777266486	3	hermod-coordinator-75c8c84f7c-szpfw	435m	166Mi
1777266486	3	nanomq-855cdf7bbb-bws2l	243m	1Mi
1777266486	3	postgres-0	115m	348Mi
1777266487	3	hermod-coordinator-75c8c84f7c-szpfw	435m	166Mi
1777266487	3	nanomq-855cdf7bbb-bws2l	243m	1Mi
1777266487	3	postgres-0	115m	348Mi
1777266488	3	hermod-coordinator-75c8c84f7c-szpfw	435m	166Mi
1777266488	3	nanomq-855cdf7bbb-bws2l	243m	1Mi
1777266488	3	postgres-0	115m	348Mi
1777266489	3	hermod-coordinator-75c8c84f7c-szpfw	435m	166Mi
1777266489	3	nanomq-855cdf7bbb-bws2l	243m	1Mi
1777266489	3	postgres-0	115m	348Mi
1777266490	3	hermod-coordinator-75c8c84f7c-szpfw	435m	166Mi
1777266490	3	nanomq-855cdf7bbb-bws2l	243m	1Mi
1777266490	3	postgres-0	115m	348Mi
1777266491	3	hermod-coordinator-75c8c84f7c-szpfw	427m	167Mi
1777266491	3	nanomq-855cdf7bbb-bws2l	244m	1Mi
1777266491	3	postgres-0	113m	348Mi
1777266492	3	hermod-coordinator-75c8c84f7c-szpfw	427m	167Mi
1777266492	3	nanomq-855cdf7bbb-bws2l	244m	1Mi
1777266492	3	postgres-0	113m	348Mi
1777266493	3	hermod-coordinator-75c8c84f7c-szpfw	427m	167Mi
1777266493	3	nanomq-855cdf7bbb-bws2l	244m	1Mi
1777266493	3	postgres-0	113m	348Mi
1777266495	3	hermod-coordinator-75c8c84f7c-szpfw	427m	167Mi
1777266495	3	nanomq-855cdf7bbb-bws2l	244m	1Mi
1777266495	3	postgres-0	113m	348Mi
1777266496	3	hermod-coordinator-75c8c84f7c-szpfw	427m	167Mi
1777266496	3	nanomq-855cdf7bbb-bws2l	244m	1Mi
1777266496	3	postgres-0	113m	348Mi
1777266497	3	hermod-coordinator-75c8c84f7c-szpfw	427m	167Mi
1777266497	3	nanomq-855cdf7bbb-bws2l	244m	1Mi
1777266497	3	postgres-0	113m	348Mi
1777266498	3	hermod-coordinator-75c8c84f7c-szpfw	427m	167Mi
1777266498	3	nanomq-855cdf7bbb-bws2l	244m	1Mi
1777266498	3	postgres-0	113m	348Mi
1777266499	3	hermod-coordinator-75c8c84f7c-szpfw	427m	167Mi
1777266499	3	nanomq-855cdf7bbb-bws2l	244m	1Mi
1777266499	3	postgres-0	113m	348Mi
1777266500	3	hermod-coordinator-75c8c84f7c-szpfw	427m	167Mi
1777266500	3	nanomq-855cdf7bbb-bws2l	244m	1Mi
1777266500	3	postgres-0	113m	348Mi
1777266501	3	hermod-coordinator-75c8c84f7c-szpfw	427m	167Mi
1777266501	3	nanomq-855cdf7bbb-bws2l	244m	1Mi
1777266501	3	postgres-0	113m	348Mi
1777266502	3	hermod-coordinator-75c8c84f7c-szpfw	427m	167Mi
1777266502	3	nanomq-855cdf7bbb-bws2l	244m	1Mi
1777266502	3	postgres-0	113m	348Mi
1777266503	3	hermod-coordinator-75c8c84f7c-szpfw	427m	167Mi
1777266503	3	nanomq-855cdf7bbb-bws2l	244m	1Mi
1777266503	3	postgres-0	113m	348Mi
1777266504	3	hermod-coordinator-75c8c84f7c-szpfw	427m	167Mi
1777266504	3	nanomq-855cdf7bbb-bws2l	244m	1Mi
1777266504	3	postgres-0	113m	348Mi
1777266505	3	hermod-coordinator-75c8c84f7c-szpfw	427m	167Mi
1777266505	3	nanomq-855cdf7bbb-bws2l	244m	1Mi
1777266505	3	postgres-0	113m	348Mi
1777266506	3	hermod-coordinator-75c8c84f7c-szpfw	422m	171Mi
1777266506	3	nanomq-855cdf7bbb-bws2l	249m	2Mi
1777266506	3	postgres-0	117m	348Mi
1777266507	3	hermod-coordinator-75c8c84f7c-szpfw	422m	171Mi
1777266507	3	nanomq-855cdf7bbb-bws2l	249m	2Mi
1777266507	3	postgres-0	117m	348Mi
1777266508	3	hermod-coordinator-75c8c84f7c-szpfw	422m	171Mi
1777266508	3	nanomq-855cdf7bbb-bws2l	249m	2Mi
1777266508	3	postgres-0	117m	348Mi
1777266509	3	hermod-coordinator-75c8c84f7c-szpfw	422m	171Mi
1777266509	3	nanomq-855cdf7bbb-bws2l	249m	2Mi
1777266509	3	postgres-0	117m	348Mi
1777266510	3	hermod-coordinator-75c8c84f7c-szpfw	422m	171Mi
1777266510	3	nanomq-855cdf7bbb-bws2l	249m	2Mi
1777266510	3	postgres-0	117m	348Mi
1777266511	3	hermod-coordinator-75c8c84f7c-szpfw	422m	171Mi
1777266511	3	nanomq-855cdf7bbb-bws2l	249m	2Mi
1777266511	3	postgres-0	117m	348Mi
1777266512	3	hermod-coordinator-75c8c84f7c-szpfw	422m	171Mi
1777266512	3	nanomq-855cdf7bbb-bws2l	249m	2Mi
1777266512	3	postgres-0	117m	348Mi
1777266514	3	hermod-coordinator-75c8c84f7c-szpfw	422m	171Mi
1777266514	3	nanomq-855cdf7bbb-bws2l	249m	2Mi
1777266514	3	postgres-0	117m	348Mi
1777266515	3	hermod-coordinator-75c8c84f7c-szpfw	422m	171Mi
1777266515	3	nanomq-855cdf7bbb-bws2l	249m	2Mi
1777266515	3	postgres-0	117m	348Mi
1777266516	3	hermod-coordinator-75c8c84f7c-szpfw	422m	171Mi
1777266516	3	nanomq-855cdf7bbb-bws2l	249m	2Mi
1777266516	3	postgres-0	117m	348Mi
1777266517	3	hermod-coordinator-75c8c84f7c-szpfw	422m	171Mi
1777266517	3	nanomq-855cdf7bbb-bws2l	249m	2Mi
1777266517	3	postgres-0	117m	348Mi
1777266518	3	hermod-coordinator-75c8c84f7c-szpfw	422m	171Mi
1777266518	3	nanomq-855cdf7bbb-bws2l	249m	2Mi
1777266518	3	postgres-0	117m	348Mi
1777266519	3	hermod-coordinator-75c8c84f7c-szpfw	422m	171Mi
1777266519	3	nanomq-855cdf7bbb-bws2l	249m	2Mi
1777266519	3	postgres-0	117m	348Mi
1777266520	3	hermod-coordinator-75c8c84f7c-szpfw	422m	171Mi
1777266520	3	nanomq-855cdf7bbb-bws2l	249m	2Mi
1777266520	3	postgres-0	117m	348Mi
1777266521	3	hermod-coordinator-75c8c84f7c-szpfw	422m	171Mi
1777266521	3	nanomq-855cdf7bbb-bws2l	249m	2Mi
1777266521	3	postgres-0	117m	348Mi
1777266522	3	hermod-coordinator-75c8c84f7c-szpfw	456m	172Mi
1777266522	3	nanomq-855cdf7bbb-bws2l	245m	2Mi
1777266522	3	postgres-0	118m	348Mi
1777266523	3	hermod-coordinator-75c8c84f7c-szpfw	456m	172Mi
1777266523	3	nanomq-855cdf7bbb-bws2l	245m	2Mi
1777266523	3	postgres-0	118m	348Mi
1777266524	3	hermod-coordinator-75c8c84f7c-szpfw	456m	172Mi
1777266524	3	nanomq-855cdf7bbb-bws2l	245m	2Mi
1777266524	3	postgres-0	118m	348Mi
1777266525	3	hermod-coordinator-75c8c84f7c-szpfw	456m	172Mi
1777266525	3	nanomq-855cdf7bbb-bws2l	245m	2Mi
1777266525	3	postgres-0	118m	348Mi
1777266526	3	hermod-coordinator-75c8c84f7c-szpfw	456m	172Mi
1777266526	3	nanomq-855cdf7bbb-bws2l	245m	2Mi
1777266526	3	postgres-0	118m	348Mi
1777266527	3	hermod-coordinator-75c8c84f7c-szpfw	456m	172Mi
1777266527	3	nanomq-855cdf7bbb-bws2l	245m	2Mi
1777266527	3	postgres-0	118m	348Mi
1777266528	3	hermod-coordinator-75c8c84f7c-szpfw	456m	172Mi
1777266528	3	nanomq-855cdf7bbb-bws2l	245m	2Mi
1777266528	3	postgres-0	118m	348Mi
1777266529	3	hermod-coordinator-75c8c84f7c-szpfw	456m	172Mi
1777266529	3	nanomq-855cdf7bbb-bws2l	245m	2Mi
1777266529	3	postgres-0	118m	348Mi
1777266530	3	hermod-coordinator-75c8c84f7c-szpfw	456m	172Mi
1777266530	3	nanomq-855cdf7bbb-bws2l	245m	2Mi
1777266530	3	postgres-0	118m	348Mi
1777266531	3	hermod-coordinator-75c8c84f7c-szpfw	456m	172Mi
1777266531	3	nanomq-855cdf7bbb-bws2l	245m	2Mi
1777266531	3	postgres-0	118m	348Mi
1777266533	3	hermod-coordinator-75c8c84f7c-szpfw	456m	172Mi
1777266533	3	nanomq-855cdf7bbb-bws2l	245m	2Mi
1777266533	3	postgres-0	118m	348Mi
1777266534	3	hermod-coordinator-75c8c84f7c-szpfw	456m	172Mi
1777266534	3	nanomq-855cdf7bbb-bws2l	245m	2Mi
1777266534	3	postgres-0	118m	348Mi
1777266535	3	hermod-coordinator-75c8c84f7c-szpfw	456m	172Mi
1777266535	3	nanomq-855cdf7bbb-bws2l	245m	2Mi
1777266535	3	postgres-0	118m	348Mi
1777266536	3	hermod-coordinator-75c8c84f7c-szpfw	456m	172Mi
1777266536	3	nanomq-855cdf7bbb-bws2l	245m	2Mi
1777266536	3	postgres-0	118m	348Mi
1777266537	3	hermod-coordinator-75c8c84f7c-szpfw	482m	167Mi
1777266537	3	nanomq-855cdf7bbb-bws2l	245m	2Mi
1777266537	3	postgres-0	109m	348Mi
1777266538	3	hermod-coordinator-75c8c84f7c-szpfw	482m	167Mi
1777266538	3	nanomq-855cdf7bbb-bws2l	245m	2Mi
1777266538	3	postgres-0	109m	348Mi
1777266539	3	hermod-coordinator-75c8c84f7c-szpfw	482m	167Mi
1777266539	3	nanomq-855cdf7bbb-bws2l	245m	2Mi
1777266539	3	postgres-0	109m	348Mi
1777266576	4	hermod-coordinator-75c8c84f7c-szpfw	9m	163Mi
1777266576	4	nanomq-855cdf7bbb-bws2l	29m	1Mi
1777266576	4	postgres-0	65m	348Mi
1777266577	4	hermod-coordinator-75c8c84f7c-szpfw	9m	163Mi
1777266577	4	nanomq-855cdf7bbb-bws2l	29m	1Mi
1777266577	4	postgres-0	65m	348Mi
1777266578	4	hermod-coordinator-75c8c84f7c-szpfw	9m	163Mi
1777266578	4	nanomq-855cdf7bbb-bws2l	29m	1Mi
1777266578	4	postgres-0	65m	348Mi
1777266579	4	hermod-coordinator-75c8c84f7c-szpfw	9m	163Mi
1777266579	4	nanomq-855cdf7bbb-bws2l	29m	1Mi
1777266579	4	postgres-0	65m	348Mi
1777266580	4	hermod-coordinator-75c8c84f7c-szpfw	9m	163Mi
1777266580	4	nanomq-855cdf7bbb-bws2l	29m	1Mi
1777266580	4	postgres-0	65m	348Mi
1777266581	4	hermod-coordinator-75c8c84f7c-szpfw	85m	164Mi
1777266581	4	nanomq-855cdf7bbb-bws2l	2m	1Mi
1777266581	4	postgres-0	11m	348Mi
1777266582	4	hermod-coordinator-75c8c84f7c-szpfw	85m	164Mi
1777266582	4	nanomq-855cdf7bbb-bws2l	2m	1Mi
1777266582	4	postgres-0	11m	348Mi
1777266583	4	hermod-coordinator-75c8c84f7c-szpfw	85m	164Mi
1777266583	4	nanomq-855cdf7bbb-bws2l	2m	1Mi
1777266583	4	postgres-0	11m	348Mi
1777266584	4	hermod-coordinator-75c8c84f7c-szpfw	85m	164Mi
1777266584	4	nanomq-855cdf7bbb-bws2l	2m	1Mi
1777266584	4	postgres-0	11m	348Mi
1777266585	4	hermod-coordinator-75c8c84f7c-szpfw	85m	164Mi
1777266585	4	nanomq-855cdf7bbb-bws2l	2m	1Mi
1777266585	4	postgres-0	11m	348Mi
1777266587	4	hermod-coordinator-75c8c84f7c-szpfw	85m	164Mi
1777266587	4	nanomq-855cdf7bbb-bws2l	2m	1Mi
1777266587	4	postgres-0	11m	348Mi
1777266588	4	hermod-coordinator-75c8c84f7c-szpfw	85m	164Mi
1777266588	4	nanomq-855cdf7bbb-bws2l	2m	1Mi
1777266588	4	postgres-0	11m	348Mi
1777266589	4	hermod-coordinator-75c8c84f7c-szpfw	85m	164Mi
1777266589	4	nanomq-855cdf7bbb-bws2l	2m	1Mi
1777266589	4	postgres-0	11m	348Mi
1777266590	4	hermod-coordinator-75c8c84f7c-szpfw	85m	164Mi
1777266590	4	nanomq-855cdf7bbb-bws2l	2m	1Mi
1777266590	4	postgres-0	11m	348Mi
1777266591	4	hermod-coordinator-75c8c84f7c-szpfw	85m	164Mi
1777266591	4	nanomq-855cdf7bbb-bws2l	2m	1Mi
1777266591	4	postgres-0	11m	348Mi
1777266592	4	hermod-coordinator-75c8c84f7c-szpfw	85m	164Mi
1777266592	4	nanomq-855cdf7bbb-bws2l	2m	1Mi
1777266592	4	postgres-0	11m	348Mi
1777266593	4	hermod-coordinator-75c8c84f7c-szpfw	85m	164Mi
1777266593	4	nanomq-855cdf7bbb-bws2l	2m	1Mi
1777266593	4	postgres-0	11m	348Mi
1777266594	4	hermod-coordinator-75c8c84f7c-szpfw	85m	164Mi
1777266594	4	nanomq-855cdf7bbb-bws2l	2m	1Mi
1777266594	4	postgres-0	11m	348Mi
1777266595	4	hermod-coordinator-75c8c84f7c-szpfw	85m	164Mi
1777266595	4	nanomq-855cdf7bbb-bws2l	2m	1Mi
1777266595	4	postgres-0	11m	348Mi
1777266596	4	hermod-coordinator-75c8c84f7c-szpfw	85m	164Mi
1777266596	4	nanomq-855cdf7bbb-bws2l	2m	1Mi
1777266596	4	postgres-0	11m	348Mi
1777266597	4	hermod-coordinator-75c8c84f7c-szpfw	591m	174Mi
1777266597	4	nanomq-855cdf7bbb-bws2l	240m	2Mi
1777266597	4	postgres-0	115m	348Mi
1777266598	4	hermod-coordinator-75c8c84f7c-szpfw	591m	174Mi
1777266598	4	nanomq-855cdf7bbb-bws2l	240m	2Mi
1777266598	4	postgres-0	115m	348Mi
1777266599	4	hermod-coordinator-75c8c84f7c-szpfw	591m	174Mi
1777266599	4	nanomq-855cdf7bbb-bws2l	240m	2Mi
1777266599	4	postgres-0	115m	348Mi
1777266600	4	hermod-coordinator-75c8c84f7c-szpfw	591m	174Mi
1777266600	4	nanomq-855cdf7bbb-bws2l	240m	2Mi
1777266600	4	postgres-0	115m	348Mi
1777266601	4	hermod-coordinator-75c8c84f7c-szpfw	591m	174Mi
1777266601	4	nanomq-855cdf7bbb-bws2l	240m	2Mi
1777266601	4	postgres-0	115m	348Mi
1777266602	4	hermod-coordinator-75c8c84f7c-szpfw	591m	174Mi
1777266602	4	nanomq-855cdf7bbb-bws2l	240m	2Mi
1777266602	4	postgres-0	115m	348Mi
1777266603	4	hermod-coordinator-75c8c84f7c-szpfw	591m	174Mi
1777266603	4	nanomq-855cdf7bbb-bws2l	240m	2Mi
1777266603	4	postgres-0	115m	348Mi
1777266604	4	hermod-coordinator-75c8c84f7c-szpfw	591m	174Mi
1777266604	4	nanomq-855cdf7bbb-bws2l	240m	2Mi
1777266604	4	postgres-0	115m	348Mi
1777266606	4	hermod-coordinator-75c8c84f7c-szpfw	591m	174Mi
1777266606	4	nanomq-855cdf7bbb-bws2l	240m	2Mi
1777266606	4	postgres-0	115m	348Mi
1777266607	4	hermod-coordinator-75c8c84f7c-szpfw	591m	174Mi
1777266607	4	nanomq-855cdf7bbb-bws2l	240m	2Mi
1777266607	4	postgres-0	115m	348Mi
1777266608	4	hermod-coordinator-75c8c84f7c-szpfw	591m	174Mi
1777266608	4	nanomq-855cdf7bbb-bws2l	240m	2Mi
1777266608	4	postgres-0	115m	348Mi
1777266609	4	hermod-coordinator-75c8c84f7c-szpfw	591m	174Mi
1777266609	4	nanomq-855cdf7bbb-bws2l	240m	2Mi
1777266609	4	postgres-0	115m	348Mi
1777266610	4	hermod-coordinator-75c8c84f7c-szpfw	591m	174Mi
1777266610	4	nanomq-855cdf7bbb-bws2l	240m	2Mi
1777266610	4	postgres-0	115m	348Mi
1777266611	4	hermod-coordinator-75c8c84f7c-szpfw	591m	174Mi
1777266611	4	nanomq-855cdf7bbb-bws2l	240m	2Mi
1777266611	4	postgres-0	115m	348Mi
1777266612	4	hermod-coordinator-75c8c84f7c-szpfw	592m	169Mi
1777266612	4	nanomq-855cdf7bbb-bws2l	240m	2Mi
1777266612	4	postgres-0	112m	348Mi
1777266613	4	hermod-coordinator-75c8c84f7c-szpfw	592m	169Mi
1777266613	4	nanomq-855cdf7bbb-bws2l	240m	2Mi
1777266613	4	postgres-0	112m	348Mi
1777266614	4	hermod-coordinator-75c8c84f7c-szpfw	592m	169Mi
1777266614	4	nanomq-855cdf7bbb-bws2l	240m	2Mi
1777266614	4	postgres-0	112m	348Mi
1777266615	4	hermod-coordinator-75c8c84f7c-szpfw	592m	169Mi
1777266615	4	nanomq-855cdf7bbb-bws2l	240m	2Mi
1777266615	4	postgres-0	112m	348Mi
1777266616	4	hermod-coordinator-75c8c84f7c-szpfw	592m	169Mi
1777266616	4	nanomq-855cdf7bbb-bws2l	240m	2Mi
1777266616	4	postgres-0	112m	348Mi
1777266617	4	hermod-coordinator-75c8c84f7c-szpfw	592m	169Mi
1777266617	4	nanomq-855cdf7bbb-bws2l	240m	2Mi
1777266617	4	postgres-0	112m	348Mi
1777266618	4	hermod-coordinator-75c8c84f7c-szpfw	592m	169Mi
1777266618	4	nanomq-855cdf7bbb-bws2l	240m	2Mi
1777266618	4	postgres-0	112m	348Mi
1777266619	4	hermod-coordinator-75c8c84f7c-szpfw	592m	169Mi
1777266619	4	nanomq-855cdf7bbb-bws2l	240m	2Mi
1777266619	4	postgres-0	112m	348Mi
1777266620	4	hermod-coordinator-75c8c84f7c-szpfw	592m	169Mi
1777266620	4	nanomq-855cdf7bbb-bws2l	240m	2Mi
1777266620	4	postgres-0	112m	348Mi
1777266621	4	hermod-coordinator-75c8c84f7c-szpfw	592m	169Mi
1777266621	4	nanomq-855cdf7bbb-bws2l	240m	2Mi
1777266621	4	postgres-0	112m	348Mi
1777266623	4	hermod-coordinator-75c8c84f7c-szpfw	592m	169Mi
1777266623	4	nanomq-855cdf7bbb-bws2l	240m	2Mi
1777266623	4	postgres-0	112m	348Mi
1777266624	4	hermod-coordinator-75c8c84f7c-szpfw	592m	169Mi
1777266624	4	nanomq-855cdf7bbb-bws2l	240m	2Mi
1777266624	4	postgres-0	112m	348Mi
1777266625	4	hermod-coordinator-75c8c84f7c-szpfw	592m	169Mi
1777266625	4	nanomq-855cdf7bbb-bws2l	240m	2Mi
1777266625	4	postgres-0	112m	348Mi
1777266626	4	hermod-coordinator-75c8c84f7c-szpfw	592m	169Mi
1777266626	4	nanomq-855cdf7bbb-bws2l	240m	2Mi
1777266626	4	postgres-0	112m	348Mi
1777266627	4	hermod-coordinator-75c8c84f7c-szpfw	590m	178Mi
1777266627	4	nanomq-855cdf7bbb-bws2l	238m	2Mi
1777266627	4	postgres-0	114m	348Mi
1777266628	4	hermod-coordinator-75c8c84f7c-szpfw	590m	178Mi
1777266628	4	nanomq-855cdf7bbb-bws2l	238m	2Mi
1777266628	4	postgres-0	114m	348Mi
1777266629	4	hermod-coordinator-75c8c84f7c-szpfw	590m	178Mi
1777266629	4	nanomq-855cdf7bbb-bws2l	238m	2Mi
1777266629	4	postgres-0	114m	348Mi
1777266630	4	hermod-coordinator-75c8c84f7c-szpfw	590m	178Mi
1777266630	4	nanomq-855cdf7bbb-bws2l	238m	2Mi
1777266630	4	postgres-0	114m	348Mi
1777266631	4	hermod-coordinator-75c8c84f7c-szpfw	590m	178Mi
1777266631	4	nanomq-855cdf7bbb-bws2l	238m	2Mi
1777266631	4	postgres-0	114m	348Mi
1777266632	4	hermod-coordinator-75c8c84f7c-szpfw	590m	178Mi
1777266632	4	nanomq-855cdf7bbb-bws2l	238m	2Mi
1777266632	4	postgres-0	114m	348Mi
1777266633	4	hermod-coordinator-75c8c84f7c-szpfw	590m	178Mi
1777266633	4	nanomq-855cdf7bbb-bws2l	238m	2Mi
1777266633	4	postgres-0	114m	348Mi
1777266634	4	hermod-coordinator-75c8c84f7c-szpfw	590m	178Mi
1777266634	4	nanomq-855cdf7bbb-bws2l	238m	2Mi
1777266634	4	postgres-0	114m	348Mi
1777266635	4	hermod-coordinator-75c8c84f7c-szpfw	590m	178Mi
1777266635	4	nanomq-855cdf7bbb-bws2l	238m	2Mi
1777266635	4	postgres-0	114m	348Mi
1777266636	4	hermod-coordinator-75c8c84f7c-szpfw	590m	178Mi
1777266636	4	nanomq-855cdf7bbb-bws2l	238m	2Mi
1777266636	4	postgres-0	114m	348Mi
1777266637	4	hermod-coordinator-75c8c84f7c-szpfw	590m	178Mi
1777266637	4	nanomq-855cdf7bbb-bws2l	238m	2Mi
1777266637	4	postgres-0	114m	348Mi
1777266638	4	hermod-coordinator-75c8c84f7c-szpfw	590m	178Mi
1777266638	4	nanomq-855cdf7bbb-bws2l	238m	2Mi
1777266638	4	postgres-0	114m	348Mi
1777266639	4	hermod-coordinator-75c8c84f7c-szpfw	590m	178Mi
1777266639	4	nanomq-855cdf7bbb-bws2l	238m	2Mi
1777266639	4	postgres-0	114m	348Mi
1777266641	4	hermod-coordinator-75c8c84f7c-szpfw	590m	178Mi
1777266641	4	nanomq-855cdf7bbb-bws2l	238m	2Mi
1777266641	4	postgres-0	114m	348Mi
1777266642	4	hermod-coordinator-75c8c84f7c-szpfw	590m	178Mi
1777266642	4	nanomq-855cdf7bbb-bws2l	238m	1Mi
1777266642	4	postgres-0	114m	348Mi
1777266643	4	hermod-coordinator-75c8c84f7c-szpfw	590m	178Mi
1777266643	4	nanomq-855cdf7bbb-bws2l	238m	1Mi
1777266643	4	postgres-0	114m	348Mi
1777266644	4	hermod-coordinator-75c8c84f7c-szpfw	590m	178Mi
1777266644	4	nanomq-855cdf7bbb-bws2l	238m	1Mi
1777266644	4	postgres-0	114m	348Mi
1777266645	4	hermod-coordinator-75c8c84f7c-szpfw	590m	178Mi
1777266645	4	nanomq-855cdf7bbb-bws2l	238m	1Mi
1777266645	4	postgres-0	114m	348Mi
1777266646	4	hermod-coordinator-75c8c84f7c-szpfw	590m	178Mi
1777266646	4	nanomq-855cdf7bbb-bws2l	238m	1Mi
1777266646	4	postgres-0	114m	348Mi
1777266647	4	hermod-coordinator-75c8c84f7c-szpfw	590m	178Mi
1777266647	4	nanomq-855cdf7bbb-bws2l	238m	1Mi
1777266647	4	postgres-0	114m	348Mi
1777266648	4	hermod-coordinator-75c8c84f7c-szpfw	590m	178Mi
1777266648	4	nanomq-855cdf7bbb-bws2l	238m	1Mi
1777266648	4	postgres-0	114m	348Mi
1777266649	4	hermod-coordinator-75c8c84f7c-szpfw	590m	178Mi
1777266649	4	nanomq-855cdf7bbb-bws2l	238m	1Mi
1777266649	4	postgres-0	114m	348Mi
1777266650	4	hermod-coordinator-75c8c84f7c-szpfw	590m	178Mi
1777266650	4	nanomq-855cdf7bbb-bws2l	238m	1Mi
1777266650	4	postgres-0	114m	348Mi
1777266651	4	hermod-coordinator-75c8c84f7c-szpfw	590m	178Mi
1777266651	4	nanomq-855cdf7bbb-bws2l	238m	1Mi
1777266651	4	postgres-0	114m	348Mi
1777266652	4	hermod-coordinator-75c8c84f7c-szpfw	590m	178Mi
1777266652	4	nanomq-855cdf7bbb-bws2l	238m	1Mi
1777266652	4	postgres-0	114m	348Mi
1777266653	4	hermod-coordinator-75c8c84f7c-szpfw	590m	178Mi
1777266653	4	nanomq-855cdf7bbb-bws2l	238m	1Mi
1777266653	4	postgres-0	114m	348Mi
1777266654	4	hermod-coordinator-75c8c84f7c-szpfw	590m	178Mi
1777266654	4	nanomq-855cdf7bbb-bws2l	238m	1Mi
1777266654	4	postgres-0	114m	348Mi
1777266655	4	hermod-coordinator-75c8c84f7c-szpfw	590m	178Mi
1777266655	4	nanomq-855cdf7bbb-bws2l	238m	1Mi
1777266655	4	postgres-0	114m	348Mi
1777266656	4	hermod-coordinator-75c8c84f7c-szpfw	588m	169Mi
1777266656	4	nanomq-855cdf7bbb-bws2l	239m	1Mi
1777266656	4	postgres-0	113m	348Mi
1777266657	4	hermod-coordinator-75c8c84f7c-szpfw	588m	169Mi
1777266657	4	nanomq-855cdf7bbb-bws2l	239m	1Mi
1777266657	4	postgres-0	113m	348Mi
1777266659	4	hermod-coordinator-75c8c84f7c-szpfw	588m	169Mi
1777266659	4	nanomq-855cdf7bbb-bws2l	239m	1Mi
1777266659	4	postgres-0	113m	348Mi
1777266660	4	hermod-coordinator-75c8c84f7c-szpfw	588m	169Mi
1777266660	4	nanomq-855cdf7bbb-bws2l	239m	1Mi
1777266660	4	postgres-0	113m	348Mi
1777266661	4	hermod-coordinator-75c8c84f7c-szpfw	588m	169Mi
1777266661	4	nanomq-855cdf7bbb-bws2l	239m	1Mi
1777266661	4	postgres-0	113m	348Mi
1777266662	4	hermod-coordinator-75c8c84f7c-szpfw	588m	169Mi
1777266662	4	nanomq-855cdf7bbb-bws2l	239m	1Mi
1777266662	4	postgres-0	113m	348Mi
1777266663	4	hermod-coordinator-75c8c84f7c-szpfw	588m	169Mi
1777266663	4	nanomq-855cdf7bbb-bws2l	239m	1Mi
1777266663	4	postgres-0	113m	348Mi
1777266664	4	hermod-coordinator-75c8c84f7c-szpfw	588m	169Mi
1777266664	4	nanomq-855cdf7bbb-bws2l	239m	1Mi
1777266664	4	postgres-0	113m	348Mi
1777266665	4	hermod-coordinator-75c8c84f7c-szpfw	588m	169Mi
1777266665	4	nanomq-855cdf7bbb-bws2l	239m	1Mi
1777266665	4	postgres-0	113m	348Mi
1777266666	4	hermod-coordinator-75c8c84f7c-szpfw	588m	169Mi
1777266666	4	nanomq-855cdf7bbb-bws2l	239m	1Mi
1777266666	4	postgres-0	113m	348Mi
1777266667	4	hermod-coordinator-75c8c84f7c-szpfw	588m	169Mi
1777266667	4	nanomq-855cdf7bbb-bws2l	239m	1Mi
1777266667	4	postgres-0	113m	348Mi
1777266668	4	hermod-coordinator-75c8c84f7c-szpfw	588m	169Mi
1777266668	4	nanomq-855cdf7bbb-bws2l	239m	1Mi
1777266668	4	postgres-0	113m	348Mi
1777266669	4	hermod-coordinator-75c8c84f7c-szpfw	588m	169Mi
1777266669	4	nanomq-855cdf7bbb-bws2l	239m	1Mi
1777266669	4	postgres-0	113m	348Mi
1777266670	4	hermod-coordinator-75c8c84f7c-szpfw	588m	169Mi
1777266670	4	nanomq-855cdf7bbb-bws2l	239m	1Mi
1777266670	4	postgres-0	113m	348Mi
1777266671	4	hermod-coordinator-75c8c84f7c-szpfw	585m	173Mi
1777266671	4	nanomq-855cdf7bbb-bws2l	236m	2Mi
1777266671	4	postgres-0	116m	348Mi
1777266672	4	hermod-coordinator-75c8c84f7c-szpfw	585m	173Mi
1777266672	4	nanomq-855cdf7bbb-bws2l	236m	2Mi
1777266672	4	postgres-0	116m	348Mi
1777266673	4	hermod-coordinator-75c8c84f7c-szpfw	585m	173Mi
1777266673	4	nanomq-855cdf7bbb-bws2l	236m	2Mi
1777266673	4	postgres-0	116m	348Mi
1777266674	4	hermod-coordinator-75c8c84f7c-szpfw	585m	173Mi
1777266674	4	nanomq-855cdf7bbb-bws2l	236m	2Mi
1777266674	4	postgres-0	116m	348Mi
1777266675	4	hermod-coordinator-75c8c84f7c-szpfw	585m	173Mi
1777266675	4	nanomq-855cdf7bbb-bws2l	236m	2Mi
1777266675	4	postgres-0	116m	348Mi
1777266677	4	hermod-coordinator-75c8c84f7c-szpfw	585m	173Mi
1777266677	4	nanomq-855cdf7bbb-bws2l	236m	2Mi
1777266677	4	postgres-0	116m	348Mi
1777266678	4	hermod-coordinator-75c8c84f7c-szpfw	585m	173Mi
1777266678	4	nanomq-855cdf7bbb-bws2l	236m	2Mi
1777266678	4	postgres-0	116m	348Mi
1777266679	4	hermod-coordinator-75c8c84f7c-szpfw	585m	173Mi
1777266679	4	nanomq-855cdf7bbb-bws2l	236m	2Mi
1777266679	4	postgres-0	116m	348Mi
1777266680	4	hermod-coordinator-75c8c84f7c-szpfw	585m	173Mi
1777266680	4	nanomq-855cdf7bbb-bws2l	236m	2Mi
1777266680	4	postgres-0	116m	348Mi
1777266681	4	hermod-coordinator-75c8c84f7c-szpfw	585m	173Mi
1777266681	4	nanomq-855cdf7bbb-bws2l	236m	2Mi
1777266681	4	postgres-0	116m	348Mi
1777266682	4	hermod-coordinator-75c8c84f7c-szpfw	585m	173Mi
1777266682	4	nanomq-855cdf7bbb-bws2l	236m	2Mi
1777266682	4	postgres-0	116m	348Mi
1777266683	4	hermod-coordinator-75c8c84f7c-szpfw	585m	173Mi
1777266683	4	nanomq-855cdf7bbb-bws2l	236m	2Mi
1777266683	4	postgres-0	116m	348Mi
1777266684	4	hermod-coordinator-75c8c84f7c-szpfw	585m	173Mi
1777266684	4	nanomq-855cdf7bbb-bws2l	236m	2Mi
1777266684	4	postgres-0	116m	348Mi
1777266685	4	hermod-coordinator-75c8c84f7c-szpfw	585m	173Mi
1777266685	4	nanomq-855cdf7bbb-bws2l	236m	2Mi
1777266685	4	postgres-0	116m	348Mi
1777266686	4	hermod-coordinator-75c8c84f7c-szpfw	585m	173Mi
1777266686	4	nanomq-855cdf7bbb-bws2l	236m	2Mi
1777266686	4	postgres-0	116m	348Mi
1777266687	4	hermod-coordinator-75c8c84f7c-szpfw	549m	175Mi
1777266687	4	nanomq-855cdf7bbb-bws2l	237m	2Mi
1777266687	4	postgres-0	116m	348Mi
1777266688	4	hermod-coordinator-75c8c84f7c-szpfw	549m	175Mi
1777266688	4	nanomq-855cdf7bbb-bws2l	237m	2Mi
1777266688	4	postgres-0	116m	348Mi
1777266689	4	hermod-coordinator-75c8c84f7c-szpfw	549m	175Mi
1777266689	4	nanomq-855cdf7bbb-bws2l	237m	2Mi
1777266689	4	postgres-0	116m	348Mi
1777266690	4	hermod-coordinator-75c8c84f7c-szpfw	549m	175Mi
1777266690	4	nanomq-855cdf7bbb-bws2l	237m	2Mi
1777266690	4	postgres-0	116m	348Mi
1777266691	4	hermod-coordinator-75c8c84f7c-szpfw	549m	175Mi
1777266691	4	nanomq-855cdf7bbb-bws2l	237m	2Mi
1777266691	4	postgres-0	116m	348Mi
1777266692	4	hermod-coordinator-75c8c84f7c-szpfw	549m	175Mi
1777266692	4	nanomq-855cdf7bbb-bws2l	237m	2Mi
1777266692	4	postgres-0	116m	348Mi
1777266693	4	hermod-coordinator-75c8c84f7c-szpfw	549m	175Mi
1777266693	4	nanomq-855cdf7bbb-bws2l	237m	2Mi
1777266693	4	postgres-0	116m	348Mi
1777266695	4	hermod-coordinator-75c8c84f7c-szpfw	549m	175Mi
1777266695	4	nanomq-855cdf7bbb-bws2l	237m	2Mi
1777266695	4	postgres-0	116m	348Mi
1777266696	4	hermod-coordinator-75c8c84f7c-szpfw	549m	175Mi
1777266696	4	nanomq-855cdf7bbb-bws2l	237m	2Mi
1777266696	4	postgres-0	116m	348Mi
1777266697	4	hermod-coordinator-75c8c84f7c-szpfw	549m	175Mi
1777266697	4	nanomq-855cdf7bbb-bws2l	237m	2Mi
1777266697	4	postgres-0	116m	348Mi
1777266698	4	hermod-coordinator-75c8c84f7c-szpfw	549m	175Mi
1777266698	4	nanomq-855cdf7bbb-bws2l	237m	2Mi
1777266698	4	postgres-0	116m	348Mi
1777266699	4	hermod-coordinator-75c8c84f7c-szpfw	549m	175Mi
1777266699	4	nanomq-855cdf7bbb-bws2l	237m	2Mi
1777266699	4	postgres-0	116m	348Mi
1777266700	4	hermod-coordinator-75c8c84f7c-szpfw	549m	175Mi
1777266700	4	nanomq-855cdf7bbb-bws2l	237m	2Mi
1777266700	4	postgres-0	116m	348Mi
1777266701	4	hermod-coordinator-75c8c84f7c-szpfw	549m	175Mi
1777266701	4	nanomq-855cdf7bbb-bws2l	237m	2Mi
1777266701	4	postgres-0	116m	348Mi
1777266702	4	hermod-coordinator-75c8c84f7c-szpfw	531m	166Mi
1777266702	4	nanomq-855cdf7bbb-bws2l	236m	2Mi
1777266702	4	postgres-0	111m	348Mi
1777266703	4	hermod-coordinator-75c8c84f7c-szpfw	531m	166Mi
1777266703	4	nanomq-855cdf7bbb-bws2l	236m	2Mi
1777266703	4	postgres-0	111m	348Mi
1777266704	4	hermod-coordinator-75c8c84f7c-szpfw	531m	166Mi
1777266704	4	nanomq-855cdf7bbb-bws2l	236m	2Mi
1777266704	4	postgres-0	111m	348Mi
1777266705	4	hermod-coordinator-75c8c84f7c-szpfw	531m	166Mi
1777266705	4	nanomq-855cdf7bbb-bws2l	236m	2Mi
1777266705	4	postgres-0	111m	348Mi
1777266706	4	hermod-coordinator-75c8c84f7c-szpfw	531m	166Mi
1777266706	4	nanomq-855cdf7bbb-bws2l	236m	2Mi
1777266706	4	postgres-0	111m	348Mi
1777266707	4	hermod-coordinator-75c8c84f7c-szpfw	531m	166Mi
1777266707	4	nanomq-855cdf7bbb-bws2l	236m	2Mi
1777266707	4	postgres-0	111m	348Mi
1777266708	4	hermod-coordinator-75c8c84f7c-szpfw	531m	166Mi
1777266708	4	nanomq-855cdf7bbb-bws2l	236m	2Mi
1777266708	4	postgres-0	111m	348Mi
1777266709	4	hermod-coordinator-75c8c84f7c-szpfw	531m	166Mi
1777266709	4	nanomq-855cdf7bbb-bws2l	236m	2Mi
1777266709	4	postgres-0	111m	348Mi
1777266710	4	hermod-coordinator-75c8c84f7c-szpfw	531m	166Mi
1777266710	4	nanomq-855cdf7bbb-bws2l	236m	2Mi
1777266710	4	postgres-0	111m	348Mi
1777266711	4	hermod-coordinator-75c8c84f7c-szpfw	531m	166Mi
1777266711	4	nanomq-855cdf7bbb-bws2l	236m	2Mi
1777266711	4	postgres-0	111m	348Mi
1777266712	4	hermod-coordinator-75c8c84f7c-szpfw	531m	166Mi
1777266712	4	nanomq-855cdf7bbb-bws2l	236m	2Mi
1777266712	4	postgres-0	111m	348Mi
1777266714	4	hermod-coordinator-75c8c84f7c-szpfw	531m	166Mi
1777266714	4	nanomq-855cdf7bbb-bws2l	236m	2Mi
1777266714	4	postgres-0	111m	348Mi
1777266715	4	hermod-coordinator-75c8c84f7c-szpfw	531m	166Mi
1777266715	4	nanomq-855cdf7bbb-bws2l	236m	2Mi
1777266715	4	postgres-0	111m	348Mi
1777266716	4	hermod-coordinator-75c8c84f7c-szpfw	531m	166Mi
1777266716	4	nanomq-855cdf7bbb-bws2l	236m	2Mi
1777266716	4	postgres-0	111m	348Mi
1777266717	4	hermod-coordinator-75c8c84f7c-szpfw	516m	169Mi
1777266717	4	nanomq-855cdf7bbb-bws2l	240m	1Mi
1777266717	4	postgres-0	113m	348Mi
1777266718	4	hermod-coordinator-75c8c84f7c-szpfw	516m	169Mi
1777266718	4	nanomq-855cdf7bbb-bws2l	240m	1Mi
1777266718	4	postgres-0	113m	348Mi
1777266719	4	hermod-coordinator-75c8c84f7c-szpfw	516m	169Mi
1777266719	4	nanomq-855cdf7bbb-bws2l	240m	1Mi
1777266719	4	postgres-0	113m	348Mi
1777266720	4	hermod-coordinator-75c8c84f7c-szpfw	516m	169Mi
1777266720	4	nanomq-855cdf7bbb-bws2l	240m	1Mi
1777266720	4	postgres-0	113m	348Mi
1777266721	4	hermod-coordinator-75c8c84f7c-szpfw	516m	169Mi
1777266721	4	nanomq-855cdf7bbb-bws2l	240m	1Mi
1777266721	4	postgres-0	113m	348Mi
1777266722	4	hermod-coordinator-75c8c84f7c-szpfw	516m	169Mi
1777266722	4	nanomq-855cdf7bbb-bws2l	240m	1Mi
1777266722	4	postgres-0	113m	348Mi
1777266723	4	hermod-coordinator-75c8c84f7c-szpfw	516m	169Mi
1777266723	4	nanomq-855cdf7bbb-bws2l	240m	1Mi
1777266723	4	postgres-0	113m	348Mi
1777266724	4	hermod-coordinator-75c8c84f7c-szpfw	516m	169Mi
1777266724	4	nanomq-855cdf7bbb-bws2l	240m	1Mi
1777266724	4	postgres-0	113m	348Mi
1777266725	4	hermod-coordinator-75c8c84f7c-szpfw	516m	169Mi
1777266725	4	nanomq-855cdf7bbb-bws2l	240m	1Mi
1777266725	4	postgres-0	113m	348Mi
1777266726	4	hermod-coordinator-75c8c84f7c-szpfw	516m	169Mi
1777266726	4	nanomq-855cdf7bbb-bws2l	240m	1Mi
1777266726	4	postgres-0	113m	348Mi
1777266727	4	hermod-coordinator-75c8c84f7c-szpfw	516m	169Mi
1777266727	4	nanomq-855cdf7bbb-bws2l	240m	1Mi
1777266727	4	postgres-0	113m	348Mi
1777266728	4	hermod-coordinator-75c8c84f7c-szpfw	516m	169Mi
1777266728	4	nanomq-855cdf7bbb-bws2l	240m	1Mi
1777266728	4	postgres-0	113m	348Mi
1777266729	4	hermod-coordinator-75c8c84f7c-szpfw	516m	169Mi
1777266729	4	nanomq-855cdf7bbb-bws2l	240m	1Mi
1777266729	4	postgres-0	113m	348Mi
1777266730	4	hermod-coordinator-75c8c84f7c-szpfw	516m	169Mi
1777266730	4	nanomq-855cdf7bbb-bws2l	240m	1Mi
1777266730	4	postgres-0	113m	348Mi
1777266732	4	hermod-coordinator-75c8c84f7c-szpfw	488m	167Mi
1777266732	4	nanomq-855cdf7bbb-bws2l	241m	2Mi
1777266732	4	postgres-0	113m	348Mi
1777266733	4	hermod-coordinator-75c8c84f7c-szpfw	488m	167Mi
1777266733	4	nanomq-855cdf7bbb-bws2l	241m	2Mi
1777266733	4	postgres-0	113m	348Mi
1777266734	4	hermod-coordinator-75c8c84f7c-szpfw	488m	167Mi
1777266734	4	nanomq-855cdf7bbb-bws2l	241m	2Mi
1777266734	4	postgres-0	113m	348Mi
1777266735	4	hermod-coordinator-75c8c84f7c-szpfw	488m	167Mi
1777266735	4	nanomq-855cdf7bbb-bws2l	241m	2Mi
1777266735	4	postgres-0	113m	348Mi
1777266736	4	hermod-coordinator-75c8c84f7c-szpfw	488m	167Mi
1777266736	4	nanomq-855cdf7bbb-bws2l	241m	2Mi
1777266736	4	postgres-0	113m	348Mi
1777266737	4	hermod-coordinator-75c8c84f7c-szpfw	488m	167Mi
1777266737	4	nanomq-855cdf7bbb-bws2l	241m	2Mi
1777266737	4	postgres-0	113m	348Mi
1777266738	4	hermod-coordinator-75c8c84f7c-szpfw	488m	167Mi
1777266738	4	nanomq-855cdf7bbb-bws2l	241m	2Mi
1777266738	4	postgres-0	113m	348Mi
1777266739	4	hermod-coordinator-75c8c84f7c-szpfw	488m	167Mi
1777266739	4	nanomq-855cdf7bbb-bws2l	241m	2Mi
1777266739	4	postgres-0	113m	348Mi
1777266740	4	hermod-coordinator-75c8c84f7c-szpfw	488m	167Mi
1777266740	4	nanomq-855cdf7bbb-bws2l	241m	2Mi
1777266740	4	postgres-0	113m	348Mi
1777266741	4	hermod-coordinator-75c8c84f7c-szpfw	488m	167Mi
1777266741	4	nanomq-855cdf7bbb-bws2l	241m	2Mi
1777266741	4	postgres-0	113m	348Mi
1777266742	4	hermod-coordinator-75c8c84f7c-szpfw	488m	167Mi
1777266742	4	nanomq-855cdf7bbb-bws2l	241m	2Mi
1777266742	4	postgres-0	113m	348Mi
1777266743	4	hermod-coordinator-75c8c84f7c-szpfw	488m	167Mi
1777266743	4	nanomq-855cdf7bbb-bws2l	241m	2Mi
1777266743	4	postgres-0	113m	348Mi
1777266744	4	hermod-coordinator-75c8c84f7c-szpfw	488m	167Mi
1777266744	4	nanomq-855cdf7bbb-bws2l	241m	2Mi
1777266744	4	postgres-0	113m	348Mi
1777266745	4	hermod-coordinator-75c8c84f7c-szpfw	488m	167Mi
1777266745	4	nanomq-855cdf7bbb-bws2l	241m	2Mi
1777266745	4	postgres-0	113m	348Mi
1777266746	4	hermod-coordinator-75c8c84f7c-szpfw	514m	172Mi
1777266746	4	nanomq-855cdf7bbb-bws2l	240m	1Mi
1777266746	4	postgres-0	143m	348Mi
1777266747	4	hermod-coordinator-75c8c84f7c-szpfw	514m	172Mi
1777266747	4	nanomq-855cdf7bbb-bws2l	240m	1Mi
1777266747	4	postgres-0	143m	348Mi
1777266748	4	hermod-coordinator-75c8c84f7c-szpfw	514m	172Mi
1777266748	4	nanomq-855cdf7bbb-bws2l	240m	1Mi
1777266748	4	postgres-0	143m	348Mi
1777266749	4	hermod-coordinator-75c8c84f7c-szpfw	514m	172Mi
1777266749	4	nanomq-855cdf7bbb-bws2l	240m	1Mi
1777266749	4	postgres-0	143m	348Mi
1777266751	4	hermod-coordinator-75c8c84f7c-szpfw	514m	172Mi
1777266751	4	nanomq-855cdf7bbb-bws2l	240m	1Mi
1777266751	4	postgres-0	143m	348Mi
1777266752	4	hermod-coordinator-75c8c84f7c-szpfw	514m	172Mi
1777266752	4	nanomq-855cdf7bbb-bws2l	240m	1Mi
1777266752	4	postgres-0	143m	348Mi
1777266753	4	hermod-coordinator-75c8c84f7c-szpfw	514m	172Mi
1777266753	4	nanomq-855cdf7bbb-bws2l	240m	1Mi
1777266753	4	postgres-0	143m	348Mi
1777266754	4	hermod-coordinator-75c8c84f7c-szpfw	514m	172Mi
1777266754	4	nanomq-855cdf7bbb-bws2l	240m	1Mi
1777266754	4	postgres-0	143m	348Mi
1777266755	4	hermod-coordinator-75c8c84f7c-szpfw	514m	172Mi
1777266755	4	nanomq-855cdf7bbb-bws2l	240m	1Mi
1777266755	4	postgres-0	143m	348Mi
1777266756	4	hermod-coordinator-75c8c84f7c-szpfw	514m	172Mi
1777266756	4	nanomq-855cdf7bbb-bws2l	240m	1Mi
1777266756	4	postgres-0	143m	348Mi
1777266757	4	hermod-coordinator-75c8c84f7c-szpfw	514m	172Mi
1777266757	4	nanomq-855cdf7bbb-bws2l	240m	1Mi
1777266757	4	postgres-0	143m	348Mi
1777266758	4	hermod-coordinator-75c8c84f7c-szpfw	514m	172Mi
1777266758	4	nanomq-855cdf7bbb-bws2l	240m	1Mi
1777266758	4	postgres-0	143m	348Mi
1777266759	4	hermod-coordinator-75c8c84f7c-szpfw	514m	172Mi
1777266759	4	nanomq-855cdf7bbb-bws2l	240m	1Mi
1777266759	4	postgres-0	143m	348Mi
1777266760	4	hermod-coordinator-75c8c84f7c-szpfw	514m	172Mi
1777266760	4	nanomq-855cdf7bbb-bws2l	240m	1Mi
1777266760	4	postgres-0	143m	348Mi
1777266761	4	hermod-coordinator-75c8c84f7c-szpfw	514m	172Mi
1777266761	4	nanomq-855cdf7bbb-bws2l	240m	1Mi
1777266761	4	postgres-0	143m	348Mi
1777266762	4	hermod-coordinator-75c8c84f7c-szpfw	438m	186Mi
1777266762	4	nanomq-855cdf7bbb-bws2l	244m	2Mi
1777266762	4	postgres-0	113m	348Mi
1777266763	4	hermod-coordinator-75c8c84f7c-szpfw	438m	186Mi
1777266763	4	nanomq-855cdf7bbb-bws2l	244m	2Mi
1777266763	4	postgres-0	113m	348Mi
1777266764	4	hermod-coordinator-75c8c84f7c-szpfw	438m	186Mi
1777266764	4	nanomq-855cdf7bbb-bws2l	244m	2Mi
1777266764	4	postgres-0	113m	348Mi
1777266765	4	hermod-coordinator-75c8c84f7c-szpfw	438m	186Mi
1777266765	4	nanomq-855cdf7bbb-bws2l	244m	2Mi
1777266765	4	postgres-0	113m	348Mi
1777266766	4	hermod-coordinator-75c8c84f7c-szpfw	438m	186Mi
1777266766	4	nanomq-855cdf7bbb-bws2l	244m	2Mi
1777266766	4	postgres-0	113m	348Mi
1777266767	4	hermod-coordinator-75c8c84f7c-szpfw	438m	186Mi
1777266767	4	nanomq-855cdf7bbb-bws2l	244m	2Mi
1777266767	4	postgres-0	113m	348Mi
1777266768	4	hermod-coordinator-75c8c84f7c-szpfw	438m	186Mi
1777266768	4	nanomq-855cdf7bbb-bws2l	244m	2Mi
1777266768	4	postgres-0	113m	348Mi
1777266769	4	hermod-coordinator-75c8c84f7c-szpfw	438m	186Mi
1777266769	4	nanomq-855cdf7bbb-bws2l	244m	2Mi
1777266769	4	postgres-0	113m	348Mi
1777266771	4	hermod-coordinator-75c8c84f7c-szpfw	438m	186Mi
1777266771	4	nanomq-855cdf7bbb-bws2l	244m	2Mi
1777266771	4	postgres-0	113m	348Mi
1777266772	4	hermod-coordinator-75c8c84f7c-szpfw	438m	186Mi
1777266772	4	nanomq-855cdf7bbb-bws2l	244m	2Mi
1777266772	4	postgres-0	113m	348Mi
1777266773	4	hermod-coordinator-75c8c84f7c-szpfw	438m	186Mi
1777266773	4	nanomq-855cdf7bbb-bws2l	244m	2Mi
1777266773	4	postgres-0	113m	348Mi
1777266774	4	hermod-coordinator-75c8c84f7c-szpfw	438m	186Mi
1777266774	4	nanomq-855cdf7bbb-bws2l	244m	2Mi
1777266774	4	postgres-0	113m	348Mi
1777266775	4	hermod-coordinator-75c8c84f7c-szpfw	438m	186Mi
1777266775	4	nanomq-855cdf7bbb-bws2l	244m	2Mi
1777266775	4	postgres-0	113m	348Mi
1777266776	4	hermod-coordinator-75c8c84f7c-szpfw	438m	186Mi
1777266776	4	nanomq-855cdf7bbb-bws2l	244m	2Mi
1777266776	4	postgres-0	113m	348Mi
1777266777	4	hermod-coordinator-75c8c84f7c-szpfw	442m	175Mi
1777266777	4	nanomq-855cdf7bbb-bws2l	244m	1Mi
1777266777	4	postgres-0	113m	348Mi
1777266778	4	hermod-coordinator-75c8c84f7c-szpfw	442m	175Mi
1777266778	4	nanomq-855cdf7bbb-bws2l	244m	1Mi
1777266778	4	postgres-0	113m	348Mi
1777266779	4	hermod-coordinator-75c8c84f7c-szpfw	442m	175Mi
1777266779	4	nanomq-855cdf7bbb-bws2l	244m	1Mi
1777266779	4	postgres-0	113m	348Mi
1777266780	4	hermod-coordinator-75c8c84f7c-szpfw	442m	175Mi
1777266780	4	nanomq-855cdf7bbb-bws2l	244m	1Mi
1777266780	4	postgres-0	113m	348Mi
1777266781	4	hermod-coordinator-75c8c84f7c-szpfw	442m	175Mi
1777266781	4	nanomq-855cdf7bbb-bws2l	244m	1Mi
1777266781	4	postgres-0	113m	348Mi
1777266782	4	hermod-coordinator-75c8c84f7c-szpfw	442m	175Mi
1777266782	4	nanomq-855cdf7bbb-bws2l	244m	1Mi
1777266782	4	postgres-0	113m	348Mi
1777266783	4	hermod-coordinator-75c8c84f7c-szpfw	442m	175Mi
1777266783	4	nanomq-855cdf7bbb-bws2l	244m	1Mi
1777266783	4	postgres-0	113m	348Mi
1777266784	4	hermod-coordinator-75c8c84f7c-szpfw	442m	175Mi
1777266784	4	nanomq-855cdf7bbb-bws2l	244m	1Mi
1777266784	4	postgres-0	113m	348Mi
1777266785	4	hermod-coordinator-75c8c84f7c-szpfw	442m	175Mi
1777266785	4	nanomq-855cdf7bbb-bws2l	244m	1Mi
1777266785	4	postgres-0	113m	348Mi
1777266786	4	hermod-coordinator-75c8c84f7c-szpfw	442m	175Mi
1777266786	4	nanomq-855cdf7bbb-bws2l	244m	1Mi
1777266786	4	postgres-0	113m	348Mi
1777266787	4	hermod-coordinator-75c8c84f7c-szpfw	442m	175Mi
1777266787	4	nanomq-855cdf7bbb-bws2l	244m	1Mi
1777266787	4	postgres-0	113m	348Mi
1777266788	4	hermod-coordinator-75c8c84f7c-szpfw	442m	175Mi
1777266788	4	nanomq-855cdf7bbb-bws2l	244m	1Mi
1777266788	4	postgres-0	113m	348Mi
1777266790	4	hermod-coordinator-75c8c84f7c-szpfw	442m	175Mi
1777266790	4	nanomq-855cdf7bbb-bws2l	244m	1Mi
1777266790	4	postgres-0	113m	348Mi
1777266791	4	hermod-coordinator-75c8c84f7c-szpfw	442m	175Mi
1777266791	4	nanomq-855cdf7bbb-bws2l	244m	1Mi
1777266791	4	postgres-0	113m	348Mi
1777266792	4	hermod-coordinator-75c8c84f7c-szpfw	461m	167Mi
1777266792	4	nanomq-855cdf7bbb-bws2l	245m	1Mi
1777266792	4	postgres-0	113m	348Mi
1777266793	4	hermod-coordinator-75c8c84f7c-szpfw	461m	167Mi
1777266793	4	nanomq-855cdf7bbb-bws2l	245m	1Mi
1777266793	4	postgres-0	113m	348Mi
1777266794	4	hermod-coordinator-75c8c84f7c-szpfw	461m	167Mi
1777266794	4	nanomq-855cdf7bbb-bws2l	245m	1Mi
1777266794	4	postgres-0	113m	348Mi
1777266795	4	hermod-coordinator-75c8c84f7c-szpfw	461m	167Mi
1777266795	4	nanomq-855cdf7bbb-bws2l	245m	1Mi
1777266795	4	postgres-0	113m	348Mi
1777266796	4	hermod-coordinator-75c8c84f7c-szpfw	461m	167Mi
1777266796	4	nanomq-855cdf7bbb-bws2l	245m	1Mi
1777266796	4	postgres-0	113m	348Mi
1777266797	4	hermod-coordinator-75c8c84f7c-szpfw	461m	167Mi
1777266797	4	nanomq-855cdf7bbb-bws2l	245m	1Mi
1777266797	4	postgres-0	113m	348Mi
1777266798	4	hermod-coordinator-75c8c84f7c-szpfw	461m	167Mi
1777266798	4	nanomq-855cdf7bbb-bws2l	245m	1Mi
1777266798	4	postgres-0	113m	348Mi
1777266799	4	hermod-coordinator-75c8c84f7c-szpfw	461m	167Mi
1777266799	4	nanomq-855cdf7bbb-bws2l	245m	1Mi
1777266799	4	postgres-0	113m	348Mi
1777266800	4	hermod-coordinator-75c8c84f7c-szpfw	461m	167Mi
1777266800	4	nanomq-855cdf7bbb-bws2l	245m	1Mi
1777266800	4	postgres-0	113m	348Mi
1777266801	4	hermod-coordinator-75c8c84f7c-szpfw	461m	167Mi
1777266801	4	nanomq-855cdf7bbb-bws2l	245m	1Mi
1777266801	4	postgres-0	113m	348Mi
1777266802	4	hermod-coordinator-75c8c84f7c-szpfw	461m	167Mi
1777266802	4	nanomq-855cdf7bbb-bws2l	245m	1Mi
1777266802	4	postgres-0	113m	348Mi
1777266803	4	hermod-coordinator-75c8c84f7c-szpfw	461m	167Mi
1777266803	4	nanomq-855cdf7bbb-bws2l	245m	1Mi
1777266803	4	postgres-0	113m	348Mi
1777266804	4	hermod-coordinator-75c8c84f7c-szpfw	461m	167Mi
1777266804	4	nanomq-855cdf7bbb-bws2l	245m	1Mi
1777266804	4	postgres-0	113m	348Mi
1777266805	4	hermod-coordinator-75c8c84f7c-szpfw	461m	167Mi
1777266805	4	nanomq-855cdf7bbb-bws2l	245m	1Mi
1777266805	4	postgres-0	113m	348Mi
1777266806	4	hermod-coordinator-75c8c84f7c-szpfw	472m	171Mi
1777266806	4	nanomq-855cdf7bbb-bws2l	243m	1Mi
1777266806	4	postgres-0	114m	348Mi
1777266808	4	hermod-coordinator-75c8c84f7c-szpfw	472m	171Mi
1777266808	4	nanomq-855cdf7bbb-bws2l	243m	1Mi
1777266808	4	postgres-0	114m	348Mi
1777266809	4	hermod-coordinator-75c8c84f7c-szpfw	472m	171Mi
1777266809	4	nanomq-855cdf7bbb-bws2l	243m	1Mi
1777266809	4	postgres-0	114m	348Mi
1777266810	4	hermod-coordinator-75c8c84f7c-szpfw	472m	171Mi
1777266810	4	nanomq-855cdf7bbb-bws2l	243m	1Mi
1777266810	4	postgres-0	114m	348Mi
1777266811	4	hermod-coordinator-75c8c84f7c-szpfw	472m	171Mi
1777266811	4	nanomq-855cdf7bbb-bws2l	243m	1Mi
1777266811	4	postgres-0	114m	348Mi
1777266812	4	hermod-coordinator-75c8c84f7c-szpfw	472m	171Mi
1777266812	4	nanomq-855cdf7bbb-bws2l	243m	1Mi
1777266812	4	postgres-0	114m	348Mi
1777266813	4	hermod-coordinator-75c8c84f7c-szpfw	472m	171Mi
1777266813	4	nanomq-855cdf7bbb-bws2l	243m	1Mi
1777266813	4	postgres-0	114m	348Mi
1777266814	4	hermod-coordinator-75c8c84f7c-szpfw	472m	171Mi
1777266814	4	nanomq-855cdf7bbb-bws2l	243m	1Mi
1777266814	4	postgres-0	114m	348Mi
1777266815	4	hermod-coordinator-75c8c84f7c-szpfw	472m	171Mi
1777266815	4	nanomq-855cdf7bbb-bws2l	243m	1Mi
1777266815	4	postgres-0	114m	348Mi
1777266816	4	hermod-coordinator-75c8c84f7c-szpfw	472m	171Mi
1777266816	4	nanomq-855cdf7bbb-bws2l	243m	1Mi
1777266816	4	postgres-0	114m	348Mi
1777266817	4	hermod-coordinator-75c8c84f7c-szpfw	472m	171Mi
1777266817	4	nanomq-855cdf7bbb-bws2l	243m	1Mi
1777266817	4	postgres-0	114m	348Mi
1777266818	4	hermod-coordinator-75c8c84f7c-szpfw	472m	171Mi
1777266818	4	nanomq-855cdf7bbb-bws2l	243m	1Mi
1777266818	4	postgres-0	114m	348Mi
1777266819	4	hermod-coordinator-75c8c84f7c-szpfw	472m	171Mi
1777266819	4	nanomq-855cdf7bbb-bws2l	243m	1Mi
1777266819	4	postgres-0	114m	348Mi
1777266820	4	hermod-coordinator-75c8c84f7c-szpfw	472m	171Mi
1777266820	4	nanomq-855cdf7bbb-bws2l	243m	1Mi
1777266820	4	postgres-0	114m	348Mi
1777266821	4	hermod-coordinator-75c8c84f7c-szpfw	456m	167Mi
1777266821	4	nanomq-855cdf7bbb-bws2l	243m	2Mi
1777266821	4	postgres-0	112m	348Mi
1777266822	4	hermod-coordinator-75c8c84f7c-szpfw	456m	167Mi
1777266822	4	nanomq-855cdf7bbb-bws2l	243m	2Mi
1777266822	4	postgres-0	112m	348Mi
1777266823	4	hermod-coordinator-75c8c84f7c-szpfw	456m	167Mi
1777266823	4	nanomq-855cdf7bbb-bws2l	243m	2Mi
1777266823	4	postgres-0	112m	348Mi
1777266824	4	hermod-coordinator-75c8c84f7c-szpfw	456m	167Mi
1777266824	4	nanomq-855cdf7bbb-bws2l	243m	2Mi
1777266824	4	postgres-0	112m	348Mi
1777266826	4	hermod-coordinator-75c8c84f7c-szpfw	456m	167Mi
1777266826	4	nanomq-855cdf7bbb-bws2l	243m	2Mi
1777266826	4	postgres-0	112m	348Mi
1777266827	4	hermod-coordinator-75c8c84f7c-szpfw	456m	167Mi
1777266827	4	nanomq-855cdf7bbb-bws2l	243m	2Mi
1777266827	4	postgres-0	112m	348Mi
1777266828	4	hermod-coordinator-75c8c84f7c-szpfw	456m	167Mi
1777266828	4	nanomq-855cdf7bbb-bws2l	243m	2Mi
1777266828	4	postgres-0	112m	348Mi
1777266829	4	hermod-coordinator-75c8c84f7c-szpfw	456m	167Mi
1777266829	4	nanomq-855cdf7bbb-bws2l	243m	2Mi
1777266829	4	postgres-0	112m	348Mi
1777266830	4	hermod-coordinator-75c8c84f7c-szpfw	456m	167Mi
1777266830	4	nanomq-855cdf7bbb-bws2l	243m	2Mi
1777266830	4	postgres-0	112m	348Mi
1777266831	4	hermod-coordinator-75c8c84f7c-szpfw	456m	167Mi
1777266831	4	nanomq-855cdf7bbb-bws2l	243m	2Mi
1777266831	4	postgres-0	112m	348Mi
1777266832	4	hermod-coordinator-75c8c84f7c-szpfw	456m	167Mi
1777266832	4	nanomq-855cdf7bbb-bws2l	243m	2Mi
1777266832	4	postgres-0	112m	348Mi
1777266833	4	hermod-coordinator-75c8c84f7c-szpfw	456m	167Mi
1777266833	4	nanomq-855cdf7bbb-bws2l	243m	2Mi
1777266833	4	postgres-0	112m	348Mi
1777266834	4	hermod-coordinator-75c8c84f7c-szpfw	456m	167Mi
1777266834	4	nanomq-855cdf7bbb-bws2l	243m	2Mi
1777266834	4	postgres-0	112m	348Mi
1777266835	4	hermod-coordinator-75c8c84f7c-szpfw	456m	167Mi
1777266835	4	nanomq-855cdf7bbb-bws2l	243m	2Mi
1777266835	4	postgres-0	112m	348Mi
1777266836	4	hermod-coordinator-75c8c84f7c-szpfw	456m	167Mi
1777266836	4	nanomq-855cdf7bbb-bws2l	243m	1Mi
1777266836	4	postgres-0	110m	348Mi
1777266837	4	hermod-coordinator-75c8c84f7c-szpfw	456m	167Mi
1777266837	4	nanomq-855cdf7bbb-bws2l	243m	1Mi
1777266837	4	postgres-0	110m	348Mi
1777266838	4	hermod-coordinator-75c8c84f7c-szpfw	456m	167Mi
1777266838	4	nanomq-855cdf7bbb-bws2l	243m	1Mi
1777266838	4	postgres-0	110m	348Mi
1777266839	4	hermod-coordinator-75c8c84f7c-szpfw	456m	167Mi
1777266839	4	nanomq-855cdf7bbb-bws2l	243m	1Mi
1777266839	4	postgres-0	110m	348Mi
1777266840	4	hermod-coordinator-75c8c84f7c-szpfw	456m	167Mi
1777266840	4	nanomq-855cdf7bbb-bws2l	243m	1Mi
1777266840	4	postgres-0	110m	348Mi
1777266841	4	hermod-coordinator-75c8c84f7c-szpfw	456m	167Mi
1777266841	4	nanomq-855cdf7bbb-bws2l	243m	1Mi
1777266841	4	postgres-0	110m	348Mi
1777266842	4	hermod-coordinator-75c8c84f7c-szpfw	456m	167Mi
1777266842	4	nanomq-855cdf7bbb-bws2l	243m	1Mi
1777266842	4	postgres-0	110m	348Mi
1777266843	4	hermod-coordinator-75c8c84f7c-szpfw	456m	167Mi
1777266843	4	nanomq-855cdf7bbb-bws2l	243m	1Mi
1777266843	4	postgres-0	110m	348Mi
1777266845	4	hermod-coordinator-75c8c84f7c-szpfw	456m	167Mi
1777266845	4	nanomq-855cdf7bbb-bws2l	243m	1Mi
1777266845	4	postgres-0	110m	348Mi
1777266846	4	hermod-coordinator-75c8c84f7c-szpfw	456m	167Mi
1777266846	4	nanomq-855cdf7bbb-bws2l	243m	1Mi
1777266846	4	postgres-0	110m	348Mi
1777266847	4	hermod-coordinator-75c8c84f7c-szpfw	456m	167Mi
1777266847	4	nanomq-855cdf7bbb-bws2l	243m	1Mi
1777266847	4	postgres-0	110m	348Mi
1777266848	4	hermod-coordinator-75c8c84f7c-szpfw	456m	167Mi
1777266848	4	nanomq-855cdf7bbb-bws2l	243m	1Mi
1777266848	4	postgres-0	110m	348Mi
1777266849	4	hermod-coordinator-75c8c84f7c-szpfw	456m	167Mi
1777266849	4	nanomq-855cdf7bbb-bws2l	243m	1Mi
1777266849	4	postgres-0	110m	348Mi
1777266850	4	hermod-coordinator-75c8c84f7c-szpfw	456m	167Mi
1777266850	4	nanomq-855cdf7bbb-bws2l	243m	1Mi
1777266850	4	postgres-0	110m	348Mi
1777266851	4	hermod-coordinator-75c8c84f7c-szpfw	456m	167Mi
1777266851	4	nanomq-855cdf7bbb-bws2l	243m	1Mi
1777266851	4	postgres-0	110m	348Mi
1777266852	4	hermod-coordinator-75c8c84f7c-szpfw	462m	175Mi
1777266852	4	nanomq-855cdf7bbb-bws2l	245m	2Mi
1777266852	4	postgres-0	119m	350Mi
1777266853	4	hermod-coordinator-75c8c84f7c-szpfw	462m	175Mi
1777266853	4	nanomq-855cdf7bbb-bws2l	245m	2Mi
1777266853	4	postgres-0	119m	350Mi
1777266854	4	hermod-coordinator-75c8c84f7c-szpfw	462m	175Mi
1777266854	4	nanomq-855cdf7bbb-bws2l	245m	2Mi
1777266854	4	postgres-0	119m	350Mi
1777266855	4	hermod-coordinator-75c8c84f7c-szpfw	462m	175Mi
1777266855	4	nanomq-855cdf7bbb-bws2l	245m	2Mi
1777266855	4	postgres-0	119m	350Mi
1777266856	4	hermod-coordinator-75c8c84f7c-szpfw	462m	175Mi
1777266856	4	nanomq-855cdf7bbb-bws2l	245m	2Mi
1777266856	4	postgres-0	119m	350Mi
1777266857	4	hermod-coordinator-75c8c84f7c-szpfw	462m	175Mi
1777266857	4	nanomq-855cdf7bbb-bws2l	245m	2Mi
1777266857	4	postgres-0	119m	350Mi
1777266858	4	hermod-coordinator-75c8c84f7c-szpfw	462m	175Mi
1777266858	4	nanomq-855cdf7bbb-bws2l	245m	2Mi
1777266858	4	postgres-0	119m	350Mi
1777266859	4	hermod-coordinator-75c8c84f7c-szpfw	462m	175Mi
1777266859	4	nanomq-855cdf7bbb-bws2l	245m	2Mi
1777266859	4	postgres-0	119m	350Mi
1777266860	4	hermod-coordinator-75c8c84f7c-szpfw	462m	175Mi
1777266860	4	nanomq-855cdf7bbb-bws2l	245m	2Mi
1777266860	4	postgres-0	119m	350Mi
1777266861	4	hermod-coordinator-75c8c84f7c-szpfw	462m	175Mi
1777266861	4	nanomq-855cdf7bbb-bws2l	245m	2Mi
1777266861	4	postgres-0	119m	350Mi
1777266863	4	hermod-coordinator-75c8c84f7c-szpfw	462m	175Mi
1777266863	4	nanomq-855cdf7bbb-bws2l	245m	2Mi
1777266863	4	postgres-0	119m	350Mi
1777266864	4	hermod-coordinator-75c8c84f7c-szpfw	462m	175Mi
1777266864	4	nanomq-855cdf7bbb-bws2l	245m	2Mi
1777266864	4	postgres-0	119m	350Mi
1777266865	4	hermod-coordinator-75c8c84f7c-szpfw	462m	175Mi
1777266865	4	nanomq-855cdf7bbb-bws2l	245m	2Mi
1777266865	4	postgres-0	119m	350Mi
1777266866	4	hermod-coordinator-75c8c84f7c-szpfw	462m	175Mi
1777266866	4	nanomq-855cdf7bbb-bws2l	245m	2Mi
1777266866	4	postgres-0	119m	350Mi
1777266867	4	hermod-coordinator-75c8c84f7c-szpfw	503m	175Mi
1777266867	4	nanomq-855cdf7bbb-bws2l	242m	1Mi
1777266867	4	postgres-0	171m	346Mi
1777266868	4	hermod-coordinator-75c8c84f7c-szpfw	503m	175Mi
1777266868	4	nanomq-855cdf7bbb-bws2l	242m	1Mi
1777266868	4	postgres-0	171m	346Mi
1777266869	4	hermod-coordinator-75c8c84f7c-szpfw	503m	175Mi
1777266869	4	nanomq-855cdf7bbb-bws2l	242m	1Mi
1777266869	4	postgres-0	171m	346Mi
1777266870	4	hermod-coordinator-75c8c84f7c-szpfw	503m	175Mi
1777266870	4	nanomq-855cdf7bbb-bws2l	242m	1Mi
1777266870	4	postgres-0	171m	346Mi
1777266871	4	hermod-coordinator-75c8c84f7c-szpfw	503m	175Mi
1777266871	4	nanomq-855cdf7bbb-bws2l	242m	1Mi
1777266871	4	postgres-0	171m	346Mi
1777266872	4	hermod-coordinator-75c8c84f7c-szpfw	503m	175Mi
1777266872	4	nanomq-855cdf7bbb-bws2l	242m	1Mi
1777266872	4	postgres-0	171m	346Mi
1777266873	4	hermod-coordinator-75c8c84f7c-szpfw	503m	175Mi
1777266873	4	nanomq-855cdf7bbb-bws2l	242m	1Mi
1777266873	4	postgres-0	171m	346Mi
1777266874	4	hermod-coordinator-75c8c84f7c-szpfw	503m	175Mi
1777266874	4	nanomq-855cdf7bbb-bws2l	242m	1Mi
1777266874	4	postgres-0	171m	346Mi
1777266875	4	hermod-coordinator-75c8c84f7c-szpfw	503m	175Mi
1777266875	4	nanomq-855cdf7bbb-bws2l	242m	1Mi
1777266875	4	postgres-0	171m	346Mi
1777266912	5	hermod-coordinator-75c8c84f7c-szpfw	9m	172Mi
1777266912	5	nanomq-855cdf7bbb-bws2l	1m	1Mi
1777266912	5	postgres-0	11m	346Mi
1777266913	5	hermod-coordinator-75c8c84f7c-szpfw	9m	172Mi
1777266913	5	nanomq-855cdf7bbb-bws2l	1m	1Mi
1777266913	5	postgres-0	11m	346Mi
1777266914	5	hermod-coordinator-75c8c84f7c-szpfw	9m	172Mi
1777266914	5	nanomq-855cdf7bbb-bws2l	1m	1Mi
1777266914	5	postgres-0	11m	346Mi
1777266916	5	hermod-coordinator-75c8c84f7c-szpfw	9m	172Mi
1777266916	5	nanomq-855cdf7bbb-bws2l	1m	1Mi
1777266916	5	postgres-0	11m	346Mi
1777266917	5	hermod-coordinator-75c8c84f7c-szpfw	9m	172Mi
1777266917	5	nanomq-855cdf7bbb-bws2l	1m	1Mi
1777266917	5	postgres-0	11m	346Mi
1777266918	5	hermod-coordinator-75c8c84f7c-szpfw	9m	172Mi
1777266918	5	nanomq-855cdf7bbb-bws2l	1m	1Mi
1777266918	5	postgres-0	11m	346Mi
1777266919	5	hermod-coordinator-75c8c84f7c-szpfw	9m	172Mi
1777266919	5	nanomq-855cdf7bbb-bws2l	1m	1Mi
1777266919	5	postgres-0	11m	346Mi
1777266920	5	hermod-coordinator-75c8c84f7c-szpfw	9m	172Mi
1777266920	5	nanomq-855cdf7bbb-bws2l	1m	1Mi
1777266920	5	postgres-0	11m	346Mi
1777266921	5	hermod-coordinator-75c8c84f7c-szpfw	9m	172Mi
1777266921	5	nanomq-855cdf7bbb-bws2l	1m	1Mi
1777266921	5	postgres-0	11m	346Mi
1777266922	5	hermod-coordinator-75c8c84f7c-szpfw	9m	172Mi
1777266922	5	nanomq-855cdf7bbb-bws2l	1m	1Mi
1777266922	5	postgres-0	11m	346Mi
1777266923	5	hermod-coordinator-75c8c84f7c-szpfw	9m	172Mi
1777266923	5	nanomq-855cdf7bbb-bws2l	1m	1Mi
1777266923	5	postgres-0	11m	346Mi
1777266924	5	hermod-coordinator-75c8c84f7c-szpfw	9m	172Mi
1777266924	5	nanomq-855cdf7bbb-bws2l	1m	1Mi
1777266924	5	postgres-0	11m	346Mi
1777266925	5	hermod-coordinator-75c8c84f7c-szpfw	9m	172Mi
1777266925	5	nanomq-855cdf7bbb-bws2l	1m	1Mi
1777266925	5	postgres-0	11m	346Mi
1777266926	5	hermod-coordinator-75c8c84f7c-szpfw	308m	168Mi
1777266926	5	nanomq-855cdf7bbb-bws2l	151m	2Mi
1777266926	5	postgres-0	11m	346Mi
1777266927	5	hermod-coordinator-75c8c84f7c-szpfw	308m	168Mi
1777266927	5	nanomq-855cdf7bbb-bws2l	151m	2Mi
1777266927	5	postgres-0	11m	346Mi
1777266928	5	hermod-coordinator-75c8c84f7c-szpfw	308m	168Mi
1777266928	5	nanomq-855cdf7bbb-bws2l	151m	2Mi
1777266928	5	postgres-0	11m	346Mi
1777266929	5	hermod-coordinator-75c8c84f7c-szpfw	308m	168Mi
1777266929	5	nanomq-855cdf7bbb-bws2l	151m	2Mi
1777266929	5	postgres-0	11m	346Mi
1777266930	5	hermod-coordinator-75c8c84f7c-szpfw	308m	168Mi
1777266930	5	nanomq-855cdf7bbb-bws2l	151m	2Mi
1777266930	5	postgres-0	11m	346Mi
1777266931	5	hermod-coordinator-75c8c84f7c-szpfw	308m	168Mi
1777266931	5	nanomq-855cdf7bbb-bws2l	151m	2Mi
1777266931	5	postgres-0	11m	346Mi
1777266932	5	hermod-coordinator-75c8c84f7c-szpfw	308m	168Mi
1777266932	5	nanomq-855cdf7bbb-bws2l	151m	2Mi
1777266932	5	postgres-0	11m	346Mi
1777266934	5	hermod-coordinator-75c8c84f7c-szpfw	308m	168Mi
1777266934	5	nanomq-855cdf7bbb-bws2l	151m	2Mi
1777266934	5	postgres-0	11m	346Mi
1777266935	5	hermod-coordinator-75c8c84f7c-szpfw	308m	168Mi
1777266935	5	nanomq-855cdf7bbb-bws2l	151m	2Mi
1777266935	5	postgres-0	11m	346Mi
1777266936	5	hermod-coordinator-75c8c84f7c-szpfw	308m	168Mi
1777266936	5	nanomq-855cdf7bbb-bws2l	151m	2Mi
1777266936	5	postgres-0	11m	346Mi
1777266937	5	hermod-coordinator-75c8c84f7c-szpfw	308m	168Mi
1777266937	5	nanomq-855cdf7bbb-bws2l	151m	2Mi
1777266937	5	postgres-0	11m	346Mi
1777266938	5	hermod-coordinator-75c8c84f7c-szpfw	308m	168Mi
1777266938	5	nanomq-855cdf7bbb-bws2l	151m	2Mi
1777266938	5	postgres-0	11m	346Mi
1777266939	5	hermod-coordinator-75c8c84f7c-szpfw	308m	168Mi
1777266939	5	nanomq-855cdf7bbb-bws2l	151m	2Mi
1777266939	5	postgres-0	11m	346Mi
1777266940	5	hermod-coordinator-75c8c84f7c-szpfw	308m	168Mi
1777266940	5	nanomq-855cdf7bbb-bws2l	151m	2Mi
1777266940	5	postgres-0	11m	346Mi
1777266941	5	hermod-coordinator-75c8c84f7c-szpfw	308m	168Mi
1777266941	5	nanomq-855cdf7bbb-bws2l	151m	2Mi
1777266941	5	postgres-0	11m	346Mi
1777266942	5	hermod-coordinator-75c8c84f7c-szpfw	454m	172Mi
1777266942	5	nanomq-855cdf7bbb-bws2l	242m	2Mi
1777266942	5	postgres-0	100m	346Mi
1777266943	5	hermod-coordinator-75c8c84f7c-szpfw	454m	172Mi
1777266943	5	nanomq-855cdf7bbb-bws2l	242m	2Mi
1777266943	5	postgres-0	100m	346Mi
1777266944	5	hermod-coordinator-75c8c84f7c-szpfw	454m	172Mi
1777266944	5	nanomq-855cdf7bbb-bws2l	242m	2Mi
1777266944	5	postgres-0	100m	346Mi
1777266945	5	hermod-coordinator-75c8c84f7c-szpfw	454m	172Mi
1777266945	5	nanomq-855cdf7bbb-bws2l	242m	2Mi
1777266945	5	postgres-0	100m	346Mi
1777266946	5	hermod-coordinator-75c8c84f7c-szpfw	454m	172Mi
1777266946	5	nanomq-855cdf7bbb-bws2l	242m	2Mi
1777266946	5	postgres-0	100m	346Mi
1777266947	5	hermod-coordinator-75c8c84f7c-szpfw	454m	172Mi
1777266947	5	nanomq-855cdf7bbb-bws2l	242m	2Mi
1777266947	5	postgres-0	100m	346Mi
1777266948	5	hermod-coordinator-75c8c84f7c-szpfw	454m	172Mi
1777266948	5	nanomq-855cdf7bbb-bws2l	242m	2Mi
1777266948	5	postgres-0	100m	346Mi
1777266949	5	hermod-coordinator-75c8c84f7c-szpfw	454m	172Mi
1777266949	5	nanomq-855cdf7bbb-bws2l	242m	2Mi
1777266949	5	postgres-0	100m	346Mi
1777266950	5	hermod-coordinator-75c8c84f7c-szpfw	454m	172Mi
1777266950	5	nanomq-855cdf7bbb-bws2l	242m	2Mi
1777266950	5	postgres-0	100m	346Mi
1777266952	5	hermod-coordinator-75c8c84f7c-szpfw	454m	172Mi
1777266952	5	nanomq-855cdf7bbb-bws2l	242m	2Mi
1777266952	5	postgres-0	100m	346Mi
1777266953	5	hermod-coordinator-75c8c84f7c-szpfw	454m	172Mi
1777266953	5	nanomq-855cdf7bbb-bws2l	242m	2Mi
1777266953	5	postgres-0	100m	346Mi
1777266954	5	hermod-coordinator-75c8c84f7c-szpfw	454m	172Mi
1777266954	5	nanomq-855cdf7bbb-bws2l	242m	2Mi
1777266954	5	postgres-0	100m	346Mi
1777266955	5	hermod-coordinator-75c8c84f7c-szpfw	454m	172Mi
1777266955	5	nanomq-855cdf7bbb-bws2l	242m	2Mi
1777266955	5	postgres-0	100m	346Mi
1777266956	5	hermod-coordinator-75c8c84f7c-szpfw	454m	172Mi
1777266956	5	nanomq-855cdf7bbb-bws2l	242m	2Mi
1777266956	5	postgres-0	100m	346Mi
1777266957	5	hermod-coordinator-75c8c84f7c-szpfw	446m	180Mi
1777266957	5	nanomq-855cdf7bbb-bws2l	244m	1Mi
1777266957	5	postgres-0	110m	346Mi
1777266958	5	hermod-coordinator-75c8c84f7c-szpfw	446m	180Mi
1777266958	5	nanomq-855cdf7bbb-bws2l	244m	1Mi
1777266958	5	postgres-0	110m	346Mi
1777266959	5	hermod-coordinator-75c8c84f7c-szpfw	446m	180Mi
1777266959	5	nanomq-855cdf7bbb-bws2l	244m	1Mi
1777266959	5	postgres-0	110m	346Mi
1777266960	5	hermod-coordinator-75c8c84f7c-szpfw	446m	180Mi
1777266960	5	nanomq-855cdf7bbb-bws2l	244m	1Mi
1777266960	5	postgres-0	110m	346Mi
1777266961	5	hermod-coordinator-75c8c84f7c-szpfw	446m	180Mi
1777266961	5	nanomq-855cdf7bbb-bws2l	244m	1Mi
1777266961	5	postgres-0	110m	346Mi
1777266962	5	hermod-coordinator-75c8c84f7c-szpfw	446m	180Mi
1777266962	5	nanomq-855cdf7bbb-bws2l	244m	1Mi
1777266962	5	postgres-0	110m	346Mi
1777266963	5	hermod-coordinator-75c8c84f7c-szpfw	446m	180Mi
1777266963	5	nanomq-855cdf7bbb-bws2l	244m	1Mi
1777266963	5	postgres-0	110m	346Mi
1777266964	5	hermod-coordinator-75c8c84f7c-szpfw	446m	180Mi
1777266964	5	nanomq-855cdf7bbb-bws2l	244m	1Mi
1777266964	5	postgres-0	110m	346Mi
1777266965	5	hermod-coordinator-75c8c84f7c-szpfw	446m	180Mi
1777266965	5	nanomq-855cdf7bbb-bws2l	244m	1Mi
1777266965	5	postgres-0	110m	346Mi
1777266966	5	hermod-coordinator-75c8c84f7c-szpfw	446m	180Mi
1777266966	5	nanomq-855cdf7bbb-bws2l	244m	1Mi
1777266966	5	postgres-0	110m	346Mi
1777266967	5	hermod-coordinator-75c8c84f7c-szpfw	446m	180Mi
1777266967	5	nanomq-855cdf7bbb-bws2l	244m	1Mi
1777266967	5	postgres-0	110m	346Mi
1777266968	5	hermod-coordinator-75c8c84f7c-szpfw	446m	180Mi
1777266968	5	nanomq-855cdf7bbb-bws2l	244m	1Mi
1777266968	5	postgres-0	110m	346Mi
1777266970	5	hermod-coordinator-75c8c84f7c-szpfw	446m	180Mi
1777266970	5	nanomq-855cdf7bbb-bws2l	244m	1Mi
1777266970	5	postgres-0	110m	346Mi
1777266971	5	hermod-coordinator-75c8c84f7c-szpfw	446m	180Mi
1777266971	5	nanomq-855cdf7bbb-bws2l	244m	1Mi
1777266971	5	postgres-0	110m	346Mi
1777266972	5	hermod-coordinator-75c8c84f7c-szpfw	472m	173Mi
1777266972	5	nanomq-855cdf7bbb-bws2l	244m	1Mi
1777266972	5	postgres-0	114m	346Mi
1777266973	5	hermod-coordinator-75c8c84f7c-szpfw	472m	173Mi
1777266973	5	nanomq-855cdf7bbb-bws2l	244m	1Mi
1777266973	5	postgres-0	114m	346Mi
1777266974	5	hermod-coordinator-75c8c84f7c-szpfw	472m	173Mi
1777266974	5	nanomq-855cdf7bbb-bws2l	244m	1Mi
1777266974	5	postgres-0	114m	346Mi
1777266975	5	hermod-coordinator-75c8c84f7c-szpfw	472m	173Mi
1777266975	5	nanomq-855cdf7bbb-bws2l	244m	1Mi
1777266975	5	postgres-0	114m	346Mi
1777266976	5	hermod-coordinator-75c8c84f7c-szpfw	472m	173Mi
1777266976	5	nanomq-855cdf7bbb-bws2l	244m	1Mi
1777266976	5	postgres-0	114m	346Mi
1777266977	5	hermod-coordinator-75c8c84f7c-szpfw	472m	173Mi
1777266977	5	nanomq-855cdf7bbb-bws2l	244m	1Mi
1777266977	5	postgres-0	114m	346Mi
1777266978	5	hermod-coordinator-75c8c84f7c-szpfw	472m	173Mi
1777266978	5	nanomq-855cdf7bbb-bws2l	244m	1Mi
1777266978	5	postgres-0	114m	346Mi
1777266979	5	hermod-coordinator-75c8c84f7c-szpfw	472m	173Mi
1777266979	5	nanomq-855cdf7bbb-bws2l	244m	1Mi
1777266979	5	postgres-0	114m	346Mi
1777266980	5	hermod-coordinator-75c8c84f7c-szpfw	472m	173Mi
1777266980	5	nanomq-855cdf7bbb-bws2l	244m	1Mi
1777266980	5	postgres-0	114m	346Mi
1777266981	5	hermod-coordinator-75c8c84f7c-szpfw	472m	173Mi
1777266981	5	nanomq-855cdf7bbb-bws2l	244m	1Mi
1777266981	5	postgres-0	114m	346Mi
1777266982	5	hermod-coordinator-75c8c84f7c-szpfw	472m	173Mi
1777266982	5	nanomq-855cdf7bbb-bws2l	244m	1Mi
1777266982	5	postgres-0	114m	346Mi
1777266983	5	hermod-coordinator-75c8c84f7c-szpfw	472m	173Mi
1777266983	5	nanomq-855cdf7bbb-bws2l	244m	1Mi
1777266983	5	postgres-0	114m	346Mi
1777266984	5	hermod-coordinator-75c8c84f7c-szpfw	472m	173Mi
1777266984	5	nanomq-855cdf7bbb-bws2l	244m	1Mi
1777266984	5	postgres-0	114m	346Mi
1777266985	5	hermod-coordinator-75c8c84f7c-szpfw	472m	173Mi
1777266985	5	nanomq-855cdf7bbb-bws2l	244m	1Mi
1777266985	5	postgres-0	114m	346Mi
1777266986	5	hermod-coordinator-75c8c84f7c-szpfw	472m	173Mi
1777266986	5	nanomq-855cdf7bbb-bws2l	241m	2Mi
1777266986	5	postgres-0	115m	346Mi
1777266987	5	hermod-coordinator-75c8c84f7c-szpfw	472m	173Mi
1777266987	5	nanomq-855cdf7bbb-bws2l	241m	2Mi
1777266987	5	postgres-0	115m	346Mi
1777266989	5	hermod-coordinator-75c8c84f7c-szpfw	472m	173Mi
1777266989	5	nanomq-855cdf7bbb-bws2l	241m	2Mi
1777266989	5	postgres-0	115m	346Mi
1777266990	5	hermod-coordinator-75c8c84f7c-szpfw	472m	173Mi
1777266990	5	nanomq-855cdf7bbb-bws2l	241m	2Mi
1777266990	5	postgres-0	115m	346Mi
1777266991	5	hermod-coordinator-75c8c84f7c-szpfw	472m	173Mi
1777266991	5	nanomq-855cdf7bbb-bws2l	241m	2Mi
1777266991	5	postgres-0	115m	346Mi
1777266992	5	hermod-coordinator-75c8c84f7c-szpfw	472m	173Mi
1777266992	5	nanomq-855cdf7bbb-bws2l	241m	2Mi
1777266992	5	postgres-0	115m	346Mi
1777266993	5	hermod-coordinator-75c8c84f7c-szpfw	472m	173Mi
1777266993	5	nanomq-855cdf7bbb-bws2l	241m	2Mi
1777266993	5	postgres-0	115m	346Mi
1777266994	5	hermod-coordinator-75c8c84f7c-szpfw	472m	173Mi
1777266994	5	nanomq-855cdf7bbb-bws2l	241m	2Mi
1777266994	5	postgres-0	115m	346Mi
1777266995	5	hermod-coordinator-75c8c84f7c-szpfw	472m	173Mi
1777266995	5	nanomq-855cdf7bbb-bws2l	241m	2Mi
1777266995	5	postgres-0	115m	346Mi
1777266996	5	hermod-coordinator-75c8c84f7c-szpfw	472m	173Mi
1777266996	5	nanomq-855cdf7bbb-bws2l	241m	2Mi
1777266996	5	postgres-0	115m	346Mi
1777266997	5	hermod-coordinator-75c8c84f7c-szpfw	472m	173Mi
1777266997	5	nanomq-855cdf7bbb-bws2l	241m	2Mi
1777266997	5	postgres-0	115m	346Mi
1777266998	5	hermod-coordinator-75c8c84f7c-szpfw	472m	173Mi
1777266998	5	nanomq-855cdf7bbb-bws2l	241m	2Mi
1777266998	5	postgres-0	115m	346Mi
1777266999	5	hermod-coordinator-75c8c84f7c-szpfw	472m	173Mi
1777266999	5	nanomq-855cdf7bbb-bws2l	241m	2Mi
1777266999	5	postgres-0	115m	346Mi
1777267000	5	hermod-coordinator-75c8c84f7c-szpfw	472m	173Mi
1777267000	5	nanomq-855cdf7bbb-bws2l	241m	2Mi
1777267000	5	postgres-0	115m	346Mi
1777267001	5	hermod-coordinator-75c8c84f7c-szpfw	503m	184Mi
1777267001	5	nanomq-855cdf7bbb-bws2l	240m	1Mi
1777267001	5	postgres-0	112m	346Mi
1777267002	5	hermod-coordinator-75c8c84f7c-szpfw	503m	184Mi
1777267002	5	nanomq-855cdf7bbb-bws2l	240m	1Mi
1777267002	5	postgres-0	112m	346Mi
1777267003	5	hermod-coordinator-75c8c84f7c-szpfw	503m	184Mi
1777267003	5	nanomq-855cdf7bbb-bws2l	240m	1Mi
1777267003	5	postgres-0	112m	346Mi
1777267004	5	hermod-coordinator-75c8c84f7c-szpfw	503m	184Mi
1777267004	5	nanomq-855cdf7bbb-bws2l	240m	1Mi
1777267004	5	postgres-0	112m	346Mi
1777267005	5	hermod-coordinator-75c8c84f7c-szpfw	503m	184Mi
1777267005	5	nanomq-855cdf7bbb-bws2l	240m	1Mi
1777267005	5	postgres-0	112m	346Mi
1777267007	5	hermod-coordinator-75c8c84f7c-szpfw	503m	184Mi
1777267007	5	nanomq-855cdf7bbb-bws2l	240m	1Mi
1777267007	5	postgres-0	112m	346Mi
1777267008	5	hermod-coordinator-75c8c84f7c-szpfw	503m	184Mi
1777267008	5	nanomq-855cdf7bbb-bws2l	240m	1Mi
1777267008	5	postgres-0	112m	346Mi
1777267009	5	hermod-coordinator-75c8c84f7c-szpfw	503m	184Mi
1777267009	5	nanomq-855cdf7bbb-bws2l	240m	1Mi
1777267009	5	postgres-0	112m	346Mi
1777267010	5	hermod-coordinator-75c8c84f7c-szpfw	503m	184Mi
1777267010	5	nanomq-855cdf7bbb-bws2l	240m	1Mi
1777267010	5	postgres-0	112m	346Mi
1777267011	5	hermod-coordinator-75c8c84f7c-szpfw	503m	184Mi
1777267011	5	nanomq-855cdf7bbb-bws2l	240m	1Mi
1777267011	5	postgres-0	112m	346Mi
1777267012	5	hermod-coordinator-75c8c84f7c-szpfw	503m	184Mi
1777267012	5	nanomq-855cdf7bbb-bws2l	240m	1Mi
1777267012	5	postgres-0	112m	346Mi
1777267013	5	hermod-coordinator-75c8c84f7c-szpfw	503m	184Mi
1777267013	5	nanomq-855cdf7bbb-bws2l	240m	1Mi
1777267013	5	postgres-0	112m	346Mi
1777267014	5	hermod-coordinator-75c8c84f7c-szpfw	503m	184Mi
1777267014	5	nanomq-855cdf7bbb-bws2l	240m	1Mi
1777267014	5	postgres-0	112m	346Mi
1777267015	5	hermod-coordinator-75c8c84f7c-szpfw	503m	184Mi
1777267015	5	nanomq-855cdf7bbb-bws2l	240m	1Mi
1777267015	5	postgres-0	112m	346Mi
1777267016	5	hermod-coordinator-75c8c84f7c-szpfw	503m	184Mi
1777267016	5	nanomq-855cdf7bbb-bws2l	240m	1Mi
1777267016	5	postgres-0	112m	346Mi
1777267017	5	hermod-coordinator-75c8c84f7c-szpfw	485m	172Mi
1777267017	5	nanomq-855cdf7bbb-bws2l	244m	2Mi
1777267017	5	postgres-0	113m	346Mi
1777267018	5	hermod-coordinator-75c8c84f7c-szpfw	485m	172Mi
1777267018	5	nanomq-855cdf7bbb-bws2l	244m	2Mi
1777267018	5	postgres-0	113m	346Mi
1777267019	5	hermod-coordinator-75c8c84f7c-szpfw	485m	172Mi
1777267019	5	nanomq-855cdf7bbb-bws2l	244m	2Mi
1777267019	5	postgres-0	113m	346Mi
1777267020	5	hermod-coordinator-75c8c84f7c-szpfw	485m	172Mi
1777267020	5	nanomq-855cdf7bbb-bws2l	244m	2Mi
1777267020	5	postgres-0	113m	346Mi
1777267021	5	hermod-coordinator-75c8c84f7c-szpfw	485m	172Mi
1777267021	5	nanomq-855cdf7bbb-bws2l	244m	2Mi
1777267021	5	postgres-0	113m	346Mi
1777267022	5	hermod-coordinator-75c8c84f7c-szpfw	485m	172Mi
1777267022	5	nanomq-855cdf7bbb-bws2l	244m	2Mi
1777267022	5	postgres-0	113m	346Mi
1777267023	5	hermod-coordinator-75c8c84f7c-szpfw	485m	172Mi
1777267023	5	nanomq-855cdf7bbb-bws2l	244m	2Mi
1777267023	5	postgres-0	113m	346Mi
1777267025	5	hermod-coordinator-75c8c84f7c-szpfw	485m	172Mi
1777267025	5	nanomq-855cdf7bbb-bws2l	244m	2Mi
1777267025	5	postgres-0	113m	346Mi
1777267026	5	hermod-coordinator-75c8c84f7c-szpfw	485m	172Mi
1777267026	5	nanomq-855cdf7bbb-bws2l	244m	2Mi
1777267026	5	postgres-0	113m	346Mi
1777267027	5	hermod-coordinator-75c8c84f7c-szpfw	485m	172Mi
1777267027	5	nanomq-855cdf7bbb-bws2l	244m	2Mi
1777267027	5	postgres-0	113m	346Mi
1777267028	5	hermod-coordinator-75c8c84f7c-szpfw	485m	172Mi
1777267028	5	nanomq-855cdf7bbb-bws2l	244m	2Mi
1777267028	5	postgres-0	113m	346Mi
1777267029	5	hermod-coordinator-75c8c84f7c-szpfw	485m	172Mi
1777267029	5	nanomq-855cdf7bbb-bws2l	244m	2Mi
1777267029	5	postgres-0	113m	346Mi
1777267030	5	hermod-coordinator-75c8c84f7c-szpfw	485m	172Mi
1777267030	5	nanomq-855cdf7bbb-bws2l	244m	2Mi
1777267030	5	postgres-0	113m	346Mi
1777267031	5	hermod-coordinator-75c8c84f7c-szpfw	485m	172Mi
1777267031	5	nanomq-855cdf7bbb-bws2l	244m	2Mi
1777267031	5	postgres-0	113m	346Mi
1777267032	5	hermod-coordinator-75c8c84f7c-szpfw	480m	173Mi
1777267032	5	nanomq-855cdf7bbb-bws2l	239m	1Mi
1777267032	5	postgres-0	108m	346Mi
1777267033	5	hermod-coordinator-75c8c84f7c-szpfw	480m	173Mi
1777267033	5	nanomq-855cdf7bbb-bws2l	239m	1Mi
1777267033	5	postgres-0	108m	346Mi
1777267034	5	hermod-coordinator-75c8c84f7c-szpfw	480m	173Mi
1777267034	5	nanomq-855cdf7bbb-bws2l	239m	1Mi
1777267034	5	postgres-0	108m	346Mi
1777267035	5	hermod-coordinator-75c8c84f7c-szpfw	480m	173Mi
1777267035	5	nanomq-855cdf7bbb-bws2l	239m	1Mi
1777267035	5	postgres-0	108m	346Mi
1777267036	5	hermod-coordinator-75c8c84f7c-szpfw	480m	173Mi
1777267036	5	nanomq-855cdf7bbb-bws2l	239m	1Mi
1777267036	5	postgres-0	108m	346Mi
1777267037	5	hermod-coordinator-75c8c84f7c-szpfw	480m	173Mi
1777267037	5	nanomq-855cdf7bbb-bws2l	239m	1Mi
1777267037	5	postgres-0	108m	346Mi
1777267038	5	hermod-coordinator-75c8c84f7c-szpfw	480m	173Mi
1777267038	5	nanomq-855cdf7bbb-bws2l	239m	1Mi
1777267038	5	postgres-0	108m	346Mi
1777267039	5	hermod-coordinator-75c8c84f7c-szpfw	480m	173Mi
1777267039	5	nanomq-855cdf7bbb-bws2l	239m	1Mi
1777267039	5	postgres-0	108m	346Mi
1777267040	5	hermod-coordinator-75c8c84f7c-szpfw	480m	173Mi
1777267040	5	nanomq-855cdf7bbb-bws2l	239m	1Mi
1777267040	5	postgres-0	108m	346Mi
1777267041	5	hermod-coordinator-75c8c84f7c-szpfw	480m	173Mi
1777267041	5	nanomq-855cdf7bbb-bws2l	239m	1Mi
1777267041	5	postgres-0	108m	346Mi
1777267043	5	hermod-coordinator-75c8c84f7c-szpfw	480m	173Mi
1777267043	5	nanomq-855cdf7bbb-bws2l	239m	1Mi
1777267043	5	postgres-0	108m	346Mi
1777267044	5	hermod-coordinator-75c8c84f7c-szpfw	480m	173Mi
1777267044	5	nanomq-855cdf7bbb-bws2l	239m	1Mi
1777267044	5	postgres-0	108m	346Mi
1777267045	5	hermod-coordinator-75c8c84f7c-szpfw	480m	173Mi
1777267045	5	nanomq-855cdf7bbb-bws2l	239m	1Mi
1777267045	5	postgres-0	108m	346Mi
1777267046	5	hermod-coordinator-75c8c84f7c-szpfw	480m	173Mi
1777267046	5	nanomq-855cdf7bbb-bws2l	239m	1Mi
1777267046	5	postgres-0	108m	346Mi
1777267047	5	hermod-coordinator-75c8c84f7c-szpfw	467m	167Mi
1777267047	5	nanomq-855cdf7bbb-bws2l	242m	2Mi
1777267047	5	postgres-0	174m	345Mi
1777267048	5	hermod-coordinator-75c8c84f7c-szpfw	467m	167Mi
1777267048	5	nanomq-855cdf7bbb-bws2l	242m	2Mi
1777267048	5	postgres-0	174m	345Mi
1777267049	5	hermod-coordinator-75c8c84f7c-szpfw	467m	167Mi
1777267049	5	nanomq-855cdf7bbb-bws2l	242m	2Mi
1777267049	5	postgres-0	174m	345Mi
1777267050	5	hermod-coordinator-75c8c84f7c-szpfw	467m	167Mi
1777267050	5	nanomq-855cdf7bbb-bws2l	242m	2Mi
1777267050	5	postgres-0	174m	345Mi
1777267051	5	hermod-coordinator-75c8c84f7c-szpfw	467m	167Mi
1777267051	5	nanomq-855cdf7bbb-bws2l	242m	2Mi
1777267051	5	postgres-0	174m	345Mi
1777267052	5	hermod-coordinator-75c8c84f7c-szpfw	467m	167Mi
1777267052	5	nanomq-855cdf7bbb-bws2l	242m	2Mi
1777267052	5	postgres-0	174m	345Mi
1777267053	5	hermod-coordinator-75c8c84f7c-szpfw	467m	167Mi
1777267053	5	nanomq-855cdf7bbb-bws2l	242m	2Mi
1777267053	5	postgres-0	174m	345Mi
1777267054	5	hermod-coordinator-75c8c84f7c-szpfw	467m	167Mi
1777267054	5	nanomq-855cdf7bbb-bws2l	242m	2Mi
1777267054	5	postgres-0	174m	345Mi
1777267055	5	hermod-coordinator-75c8c84f7c-szpfw	467m	167Mi
1777267055	5	nanomq-855cdf7bbb-bws2l	242m	2Mi
1777267055	5	postgres-0	174m	345Mi
1777267056	5	hermod-coordinator-75c8c84f7c-szpfw	467m	167Mi
1777267056	5	nanomq-855cdf7bbb-bws2l	242m	2Mi
1777267056	5	postgres-0	174m	345Mi
1777267057	5	hermod-coordinator-75c8c84f7c-szpfw	467m	167Mi
1777267057	5	nanomq-855cdf7bbb-bws2l	242m	2Mi
1777267057	5	postgres-0	174m	345Mi
1777267058	5	hermod-coordinator-75c8c84f7c-szpfw	467m	167Mi
1777267058	5	nanomq-855cdf7bbb-bws2l	242m	2Mi
1777267058	5	postgres-0	174m	345Mi
1777267059	5	hermod-coordinator-75c8c84f7c-szpfw	467m	167Mi
1777267059	5	nanomq-855cdf7bbb-bws2l	242m	2Mi
1777267059	5	postgres-0	174m	345Mi
1777267060	5	hermod-coordinator-75c8c84f7c-szpfw	467m	167Mi
1777267060	5	nanomq-855cdf7bbb-bws2l	242m	2Mi
1777267060	5	postgres-0	174m	345Mi
1777267061	5	hermod-coordinator-75c8c84f7c-szpfw	488m	167Mi
1777267061	5	nanomq-855cdf7bbb-bws2l	243m	1Mi
1777267061	5	postgres-0	117m	345Mi
1777267063	5	hermod-coordinator-75c8c84f7c-szpfw	488m	167Mi
1777267063	5	nanomq-855cdf7bbb-bws2l	243m	1Mi
1777267063	5	postgres-0	117m	345Mi
1777267064	5	hermod-coordinator-75c8c84f7c-szpfw	488m	167Mi
1777267064	5	nanomq-855cdf7bbb-bws2l	243m	1Mi
1777267064	5	postgres-0	117m	345Mi
1777267065	5	hermod-coordinator-75c8c84f7c-szpfw	488m	167Mi
1777267065	5	nanomq-855cdf7bbb-bws2l	243m	1Mi
1777267065	5	postgres-0	117m	345Mi
1777267066	5	hermod-coordinator-75c8c84f7c-szpfw	488m	167Mi
1777267066	5	nanomq-855cdf7bbb-bws2l	243m	1Mi
1777267066	5	postgres-0	117m	345Mi
1777267067	5	hermod-coordinator-75c8c84f7c-szpfw	488m	167Mi
1777267067	5	nanomq-855cdf7bbb-bws2l	243m	1Mi
1777267067	5	postgres-0	117m	345Mi
1777267068	5	hermod-coordinator-75c8c84f7c-szpfw	488m	167Mi
1777267068	5	nanomq-855cdf7bbb-bws2l	243m	1Mi
1777267068	5	postgres-0	117m	345Mi
1777267069	5	hermod-coordinator-75c8c84f7c-szpfw	488m	167Mi
1777267069	5	nanomq-855cdf7bbb-bws2l	243m	1Mi
1777267069	5	postgres-0	117m	345Mi
1777267070	5	hermod-coordinator-75c8c84f7c-szpfw	488m	167Mi
1777267070	5	nanomq-855cdf7bbb-bws2l	243m	1Mi
1777267070	5	postgres-0	117m	345Mi
1777267071	5	hermod-coordinator-75c8c84f7c-szpfw	488m	167Mi
1777267071	5	nanomq-855cdf7bbb-bws2l	243m	1Mi
1777267071	5	postgres-0	117m	345Mi
1777267072	5	hermod-coordinator-75c8c84f7c-szpfw	488m	167Mi
1777267072	5	nanomq-855cdf7bbb-bws2l	243m	1Mi
1777267072	5	postgres-0	117m	345Mi
1777267073	5	hermod-coordinator-75c8c84f7c-szpfw	488m	167Mi
1777267073	5	nanomq-855cdf7bbb-bws2l	243m	1Mi
1777267073	5	postgres-0	117m	345Mi
1777267074	5	hermod-coordinator-75c8c84f7c-szpfw	488m	167Mi
1777267074	5	nanomq-855cdf7bbb-bws2l	243m	1Mi
1777267074	5	postgres-0	117m	345Mi
1777267075	5	hermod-coordinator-75c8c84f7c-szpfw	488m	167Mi
1777267075	5	nanomq-855cdf7bbb-bws2l	243m	1Mi
1777267075	5	postgres-0	117m	345Mi
1777267076	5	hermod-coordinator-75c8c84f7c-szpfw	488m	167Mi
1777267076	5	nanomq-855cdf7bbb-bws2l	243m	1Mi
1777267076	5	postgres-0	117m	345Mi
1777267077	5	hermod-coordinator-75c8c84f7c-szpfw	488m	167Mi
1777267077	5	nanomq-855cdf7bbb-bws2l	243m	1Mi
1777267077	5	postgres-0	117m	345Mi
1777267078	5	hermod-coordinator-75c8c84f7c-szpfw	488m	167Mi
1777267078	5	nanomq-855cdf7bbb-bws2l	243m	1Mi
1777267078	5	postgres-0	117m	345Mi
1777267079	5	hermod-coordinator-75c8c84f7c-szpfw	488m	167Mi
1777267079	5	nanomq-855cdf7bbb-bws2l	243m	1Mi
1777267079	5	postgres-0	117m	345Mi
1777267081	5	hermod-coordinator-75c8c84f7c-szpfw	488m	167Mi
1777267081	5	nanomq-855cdf7bbb-bws2l	243m	1Mi
1777267081	5	postgres-0	117m	345Mi
1777267082	5	hermod-coordinator-75c8c84f7c-szpfw	488m	167Mi
1777267082	5	nanomq-855cdf7bbb-bws2l	243m	1Mi
1777267082	5	postgres-0	117m	345Mi
1777267083	5	hermod-coordinator-75c8c84f7c-szpfw	488m	167Mi
1777267083	5	nanomq-855cdf7bbb-bws2l	243m	1Mi
1777267083	5	postgres-0	117m	345Mi
1777267084	5	hermod-coordinator-75c8c84f7c-szpfw	488m	167Mi
1777267084	5	nanomq-855cdf7bbb-bws2l	243m	1Mi
1777267084	5	postgres-0	117m	345Mi
1777267085	5	hermod-coordinator-75c8c84f7c-szpfw	488m	167Mi
1777267085	5	nanomq-855cdf7bbb-bws2l	243m	1Mi
1777267085	5	postgres-0	117m	345Mi
1777267086	5	hermod-coordinator-75c8c84f7c-szpfw	488m	167Mi
1777267086	5	nanomq-855cdf7bbb-bws2l	243m	1Mi
1777267086	5	postgres-0	117m	345Mi
1777267087	5	hermod-coordinator-75c8c84f7c-szpfw	488m	167Mi
1777267087	5	nanomq-855cdf7bbb-bws2l	243m	1Mi
1777267087	5	postgres-0	117m	345Mi
1777267088	5	hermod-coordinator-75c8c84f7c-szpfw	488m	167Mi
1777267088	5	nanomq-855cdf7bbb-bws2l	243m	1Mi
1777267088	5	postgres-0	117m	345Mi
1777267089	5	hermod-coordinator-75c8c84f7c-szpfw	488m	167Mi
1777267089	5	nanomq-855cdf7bbb-bws2l	243m	1Mi
1777267089	5	postgres-0	117m	345Mi
1777267090	5	hermod-coordinator-75c8c84f7c-szpfw	488m	167Mi
1777267090	5	nanomq-855cdf7bbb-bws2l	243m	1Mi
1777267090	5	postgres-0	117m	345Mi
1777267091	5	hermod-coordinator-75c8c84f7c-szpfw	493m	177Mi
1777267091	5	nanomq-855cdf7bbb-bws2l	243m	1Mi
1777267091	5	postgres-0	115m	345Mi
1777267092	5	hermod-coordinator-75c8c84f7c-szpfw	493m	177Mi
1777267092	5	nanomq-855cdf7bbb-bws2l	243m	1Mi
1777267092	5	postgres-0	115m	345Mi
1777267093	5	hermod-coordinator-75c8c84f7c-szpfw	493m	177Mi
1777267093	5	nanomq-855cdf7bbb-bws2l	243m	1Mi
1777267093	5	postgres-0	115m	345Mi
1777267094	5	hermod-coordinator-75c8c84f7c-szpfw	493m	177Mi
1777267094	5	nanomq-855cdf7bbb-bws2l	243m	1Mi
1777267094	5	postgres-0	115m	345Mi
1777267095	5	hermod-coordinator-75c8c84f7c-szpfw	493m	177Mi
1777267095	5	nanomq-855cdf7bbb-bws2l	243m	1Mi
1777267095	5	postgres-0	115m	345Mi
1777267096	5	hermod-coordinator-75c8c84f7c-szpfw	493m	177Mi
1777267096	5	nanomq-855cdf7bbb-bws2l	243m	1Mi
1777267096	5	postgres-0	115m	345Mi
1777267097	5	hermod-coordinator-75c8c84f7c-szpfw	493m	177Mi
1777267097	5	nanomq-855cdf7bbb-bws2l	243m	1Mi
1777267097	5	postgres-0	115m	345Mi
1777267099	5	hermod-coordinator-75c8c84f7c-szpfw	493m	177Mi
1777267099	5	nanomq-855cdf7bbb-bws2l	243m	1Mi
1777267099	5	postgres-0	115m	345Mi
1777267100	5	hermod-coordinator-75c8c84f7c-szpfw	493m	177Mi
1777267100	5	nanomq-855cdf7bbb-bws2l	243m	1Mi
1777267100	5	postgres-0	115m	345Mi
1777267101	5	hermod-coordinator-75c8c84f7c-szpfw	493m	177Mi
1777267101	5	nanomq-855cdf7bbb-bws2l	243m	1Mi
1777267101	5	postgres-0	115m	345Mi
1777267102	5	hermod-coordinator-75c8c84f7c-szpfw	493m	177Mi
1777267102	5	nanomq-855cdf7bbb-bws2l	243m	1Mi
1777267102	5	postgres-0	115m	345Mi
1777267103	5	hermod-coordinator-75c8c84f7c-szpfw	493m	177Mi
1777267103	5	nanomq-855cdf7bbb-bws2l	243m	1Mi
1777267103	5	postgres-0	115m	345Mi
1777267104	5	hermod-coordinator-75c8c84f7c-szpfw	493m	177Mi
1777267104	5	nanomq-855cdf7bbb-bws2l	243m	1Mi
1777267104	5	postgres-0	115m	345Mi
1777267105	5	hermod-coordinator-75c8c84f7c-szpfw	493m	177Mi
1777267105	5	nanomq-855cdf7bbb-bws2l	243m	1Mi
1777267105	5	postgres-0	115m	345Mi
1777267106	5	hermod-coordinator-75c8c84f7c-szpfw	493m	177Mi
1777267106	5	nanomq-855cdf7bbb-bws2l	243m	1Mi
1777267106	5	postgres-0	115m	345Mi
1777267107	5	hermod-coordinator-75c8c84f7c-szpfw	410m	177Mi
1777267107	5	nanomq-855cdf7bbb-bws2l	246m	1Mi
1777267107	5	postgres-0	109m	345Mi
1777267108	5	hermod-coordinator-75c8c84f7c-szpfw	410m	177Mi
1777267108	5	nanomq-855cdf7bbb-bws2l	246m	1Mi
1777267108	5	postgres-0	109m	345Mi
1777267109	5	hermod-coordinator-75c8c84f7c-szpfw	410m	177Mi
1777267109	5	nanomq-855cdf7bbb-bws2l	246m	1Mi
1777267109	5	postgres-0	109m	345Mi
1777267110	5	hermod-coordinator-75c8c84f7c-szpfw	410m	177Mi
1777267110	5	nanomq-855cdf7bbb-bws2l	246m	1Mi
1777267110	5	postgres-0	109m	345Mi
1777267111	5	hermod-coordinator-75c8c84f7c-szpfw	410m	177Mi
1777267111	5	nanomq-855cdf7bbb-bws2l	246m	1Mi
1777267111	5	postgres-0	109m	345Mi
1777267112	5	hermod-coordinator-75c8c84f7c-szpfw	410m	177Mi
1777267112	5	nanomq-855cdf7bbb-bws2l	246m	1Mi
1777267112	5	postgres-0	109m	345Mi
1777267113	5	hermod-coordinator-75c8c84f7c-szpfw	410m	177Mi
1777267113	5	nanomq-855cdf7bbb-bws2l	246m	1Mi
1777267113	5	postgres-0	109m	345Mi
1777267114	5	hermod-coordinator-75c8c84f7c-szpfw	410m	177Mi
1777267114	5	nanomq-855cdf7bbb-bws2l	246m	1Mi
1777267114	5	postgres-0	109m	345Mi
1777267115	5	hermod-coordinator-75c8c84f7c-szpfw	410m	177Mi
1777267115	5	nanomq-855cdf7bbb-bws2l	246m	1Mi
1777267115	5	postgres-0	109m	345Mi
1777267116	5	hermod-coordinator-75c8c84f7c-szpfw	410m	177Mi
1777267116	5	nanomq-855cdf7bbb-bws2l	246m	1Mi
1777267116	5	postgres-0	109m	345Mi
1777267118	5	hermod-coordinator-75c8c84f7c-szpfw	410m	177Mi
1777267118	5	nanomq-855cdf7bbb-bws2l	246m	1Mi
1777267118	5	postgres-0	109m	345Mi
1777267119	5	hermod-coordinator-75c8c84f7c-szpfw	410m	177Mi
1777267119	5	nanomq-855cdf7bbb-bws2l	246m	1Mi
1777267119	5	postgres-0	109m	345Mi
1777267120	5	hermod-coordinator-75c8c84f7c-szpfw	410m	177Mi
1777267120	5	nanomq-855cdf7bbb-bws2l	246m	1Mi
1777267120	5	postgres-0	109m	345Mi
1777267121	5	hermod-coordinator-75c8c84f7c-szpfw	410m	177Mi
1777267121	5	nanomq-855cdf7bbb-bws2l	246m	1Mi
1777267121	5	postgres-0	109m	345Mi
1777267122	5	hermod-coordinator-75c8c84f7c-szpfw	428m	168Mi
1777267122	5	nanomq-855cdf7bbb-bws2l	246m	2Mi
1777267122	5	postgres-0	114m	344Mi
1777267123	5	hermod-coordinator-75c8c84f7c-szpfw	428m	168Mi
1777267123	5	nanomq-855cdf7bbb-bws2l	246m	2Mi
1777267123	5	postgres-0	114m	344Mi
1777267124	5	hermod-coordinator-75c8c84f7c-szpfw	428m	168Mi
1777267124	5	nanomq-855cdf7bbb-bws2l	246m	2Mi
1777267124	5	postgres-0	114m	344Mi
1777267125	5	hermod-coordinator-75c8c84f7c-szpfw	428m	168Mi
1777267125	5	nanomq-855cdf7bbb-bws2l	246m	2Mi
1777267125	5	postgres-0	114m	344Mi
1777267126	5	hermod-coordinator-75c8c84f7c-szpfw	428m	168Mi
1777267126	5	nanomq-855cdf7bbb-bws2l	246m	2Mi
1777267126	5	postgres-0	114m	344Mi
1777267127	5	hermod-coordinator-75c8c84f7c-szpfw	428m	168Mi
1777267127	5	nanomq-855cdf7bbb-bws2l	246m	2Mi
1777267127	5	postgres-0	114m	344Mi
1777267128	5	hermod-coordinator-75c8c84f7c-szpfw	428m	168Mi
1777267128	5	nanomq-855cdf7bbb-bws2l	246m	2Mi
1777267128	5	postgres-0	114m	344Mi
1777267129	5	hermod-coordinator-75c8c84f7c-szpfw	428m	168Mi
1777267129	5	nanomq-855cdf7bbb-bws2l	246m	2Mi
1777267129	5	postgres-0	114m	344Mi
1777267130	5	hermod-coordinator-75c8c84f7c-szpfw	428m	168Mi
1777267130	5	nanomq-855cdf7bbb-bws2l	246m	2Mi
1777267130	5	postgres-0	114m	344Mi
1777267131	5	hermod-coordinator-75c8c84f7c-szpfw	428m	168Mi
1777267131	5	nanomq-855cdf7bbb-bws2l	246m	2Mi
1777267131	5	postgres-0	114m	344Mi
1777267132	5	hermod-coordinator-75c8c84f7c-szpfw	428m	168Mi
1777267132	5	nanomq-855cdf7bbb-bws2l	246m	2Mi
1777267132	5	postgres-0	114m	344Mi
1777267133	5	hermod-coordinator-75c8c84f7c-szpfw	428m	168Mi
1777267133	5	nanomq-855cdf7bbb-bws2l	246m	2Mi
1777267133	5	postgres-0	114m	344Mi
1777267134	5	hermod-coordinator-75c8c84f7c-szpfw	428m	168Mi
1777267134	5	nanomq-855cdf7bbb-bws2l	246m	2Mi
1777267134	5	postgres-0	114m	344Mi
1777267136	5	hermod-coordinator-75c8c84f7c-szpfw	428m	168Mi
1777267136	5	nanomq-855cdf7bbb-bws2l	246m	2Mi
1777267136	5	postgres-0	114m	344Mi
1777267137	5	hermod-coordinator-75c8c84f7c-szpfw	494m	172Mi
1777267137	5	nanomq-855cdf7bbb-bws2l	242m	2Mi
1777267137	5	postgres-0	114m	344Mi
1777267138	5	hermod-coordinator-75c8c84f7c-szpfw	494m	172Mi
1777267138	5	nanomq-855cdf7bbb-bws2l	242m	2Mi
1777267138	5	postgres-0	114m	344Mi
1777267139	5	hermod-coordinator-75c8c84f7c-szpfw	494m	172Mi
1777267139	5	nanomq-855cdf7bbb-bws2l	242m	2Mi
1777267139	5	postgres-0	114m	344Mi
1777267140	5	hermod-coordinator-75c8c84f7c-szpfw	494m	172Mi
1777267140	5	nanomq-855cdf7bbb-bws2l	242m	2Mi
1777267140	5	postgres-0	114m	344Mi
1777267141	5	hermod-coordinator-75c8c84f7c-szpfw	494m	172Mi
1777267141	5	nanomq-855cdf7bbb-bws2l	242m	2Mi
1777267141	5	postgres-0	114m	344Mi
1777267142	5	hermod-coordinator-75c8c84f7c-szpfw	494m	172Mi
1777267142	5	nanomq-855cdf7bbb-bws2l	242m	2Mi
1777267142	5	postgres-0	114m	344Mi
1777267143	5	hermod-coordinator-75c8c84f7c-szpfw	494m	172Mi
1777267143	5	nanomq-855cdf7bbb-bws2l	242m	2Mi
1777267143	5	postgres-0	114m	344Mi
1777267144	5	hermod-coordinator-75c8c84f7c-szpfw	494m	172Mi
1777267144	5	nanomq-855cdf7bbb-bws2l	242m	2Mi
1777267144	5	postgres-0	114m	344Mi
1777267145	5	hermod-coordinator-75c8c84f7c-szpfw	494m	172Mi
1777267145	5	nanomq-855cdf7bbb-bws2l	242m	2Mi
1777267145	5	postgres-0	114m	344Mi
1777267146	5	hermod-coordinator-75c8c84f7c-szpfw	494m	172Mi
1777267146	5	nanomq-855cdf7bbb-bws2l	242m	2Mi
1777267146	5	postgres-0	114m	344Mi
1777267147	5	hermod-coordinator-75c8c84f7c-szpfw	494m	172Mi
1777267147	5	nanomq-855cdf7bbb-bws2l	242m	2Mi
1777267147	5	postgres-0	114m	344Mi
1777267148	5	hermod-coordinator-75c8c84f7c-szpfw	494m	172Mi
1777267148	5	nanomq-855cdf7bbb-bws2l	242m	2Mi
1777267148	5	postgres-0	114m	344Mi
1777267149	5	hermod-coordinator-75c8c84f7c-szpfw	494m	172Mi
1777267149	5	nanomq-855cdf7bbb-bws2l	242m	2Mi
1777267149	5	postgres-0	114m	344Mi
1777267150	5	hermod-coordinator-75c8c84f7c-szpfw	494m	172Mi
1777267150	5	nanomq-855cdf7bbb-bws2l	242m	2Mi
1777267150	5	postgres-0	114m	344Mi
1777267151	5	hermod-coordinator-75c8c84f7c-szpfw	450m	168Mi
1777267151	5	nanomq-855cdf7bbb-bws2l	244m	2Mi
1777267151	5	postgres-0	111m	345Mi
1777267153	5	hermod-coordinator-75c8c84f7c-szpfw	450m	168Mi
1777267153	5	nanomq-855cdf7bbb-bws2l	244m	2Mi
1777267153	5	postgres-0	111m	345Mi
1777267154	5	hermod-coordinator-75c8c84f7c-szpfw	450m	168Mi
1777267154	5	nanomq-855cdf7bbb-bws2l	244m	2Mi
1777267154	5	postgres-0	111m	345Mi
1777267155	5	hermod-coordinator-75c8c84f7c-szpfw	450m	168Mi
1777267155	5	nanomq-855cdf7bbb-bws2l	244m	2Mi
1777267155	5	postgres-0	111m	345Mi
1777267156	5	hermod-coordinator-75c8c84f7c-szpfw	450m	168Mi
1777267156	5	nanomq-855cdf7bbb-bws2l	244m	2Mi
1777267156	5	postgres-0	111m	345Mi
1777267157	5	hermod-coordinator-75c8c84f7c-szpfw	450m	168Mi
1777267157	5	nanomq-855cdf7bbb-bws2l	244m	2Mi
1777267157	5	postgres-0	111m	345Mi
1777267158	5	hermod-coordinator-75c8c84f7c-szpfw	450m	168Mi
1777267158	5	nanomq-855cdf7bbb-bws2l	244m	2Mi
1777267158	5	postgres-0	111m	345Mi
1777267159	5	hermod-coordinator-75c8c84f7c-szpfw	450m	168Mi
1777267159	5	nanomq-855cdf7bbb-bws2l	244m	2Mi
1777267159	5	postgres-0	111m	345Mi
1777267160	5	hermod-coordinator-75c8c84f7c-szpfw	450m	168Mi
1777267160	5	nanomq-855cdf7bbb-bws2l	244m	2Mi
1777267160	5	postgres-0	111m	345Mi
1777267161	5	hermod-coordinator-75c8c84f7c-szpfw	450m	168Mi
1777267161	5	nanomq-855cdf7bbb-bws2l	244m	2Mi
1777267161	5	postgres-0	111m	345Mi
1777267162	5	hermod-coordinator-75c8c84f7c-szpfw	450m	168Mi
1777267162	5	nanomq-855cdf7bbb-bws2l	244m	2Mi
1777267162	5	postgres-0	111m	345Mi
1777267163	5	hermod-coordinator-75c8c84f7c-szpfw	450m	168Mi
1777267163	5	nanomq-855cdf7bbb-bws2l	244m	2Mi
1777267163	5	postgres-0	111m	345Mi
1777267164	5	hermod-coordinator-75c8c84f7c-szpfw	450m	168Mi
1777267164	5	nanomq-855cdf7bbb-bws2l	244m	2Mi
1777267164	5	postgres-0	111m	345Mi
1777267165	5	hermod-coordinator-75c8c84f7c-szpfw	450m	168Mi
1777267165	5	nanomq-855cdf7bbb-bws2l	244m	2Mi
1777267165	5	postgres-0	111m	345Mi
1777267166	5	hermod-coordinator-75c8c84f7c-szpfw	451m	176Mi
1777267166	5	nanomq-855cdf7bbb-bws2l	243m	2Mi
1777267166	5	postgres-0	118m	344Mi
1777267167	5	hermod-coordinator-75c8c84f7c-szpfw	451m	176Mi
1777267167	5	nanomq-855cdf7bbb-bws2l	243m	2Mi
1777267167	5	postgres-0	118m	344Mi
1777267168	5	hermod-coordinator-75c8c84f7c-szpfw	451m	176Mi
1777267168	5	nanomq-855cdf7bbb-bws2l	243m	2Mi
1777267168	5	postgres-0	118m	344Mi
1777267169	5	hermod-coordinator-75c8c84f7c-szpfw	451m	176Mi
1777267169	5	nanomq-855cdf7bbb-bws2l	243m	2Mi
1777267169	5	postgres-0	118m	344Mi
1777267171	5	hermod-coordinator-75c8c84f7c-szpfw	451m	176Mi
1777267171	5	nanomq-855cdf7bbb-bws2l	243m	2Mi
1777267171	5	postgres-0	118m	344Mi
1777267172	5	hermod-coordinator-75c8c84f7c-szpfw	451m	176Mi
1777267172	5	nanomq-855cdf7bbb-bws2l	243m	2Mi
1777267172	5	postgres-0	118m	344Mi
1777267173	5	hermod-coordinator-75c8c84f7c-szpfw	451m	176Mi
1777267173	5	nanomq-855cdf7bbb-bws2l	243m	2Mi
1777267173	5	postgres-0	118m	344Mi
1777267174	5	hermod-coordinator-75c8c84f7c-szpfw	451m	176Mi
1777267174	5	nanomq-855cdf7bbb-bws2l	243m	2Mi
1777267174	5	postgres-0	118m	344Mi
1777267175	5	hermod-coordinator-75c8c84f7c-szpfw	451m	176Mi
1777267175	5	nanomq-855cdf7bbb-bws2l	243m	2Mi
1777267175	5	postgres-0	118m	344Mi
1777267176	5	hermod-coordinator-75c8c84f7c-szpfw	451m	176Mi
1777267176	5	nanomq-855cdf7bbb-bws2l	243m	2Mi
1777267176	5	postgres-0	118m	344Mi
1777267177	5	hermod-coordinator-75c8c84f7c-szpfw	451m	176Mi
1777267177	5	nanomq-855cdf7bbb-bws2l	243m	2Mi
1777267177	5	postgres-0	118m	344Mi
1777267178	5	hermod-coordinator-75c8c84f7c-szpfw	451m	176Mi
1777267178	5	nanomq-855cdf7bbb-bws2l	243m	2Mi
1777267178	5	postgres-0	118m	344Mi
1777267179	5	hermod-coordinator-75c8c84f7c-szpfw	451m	176Mi
1777267179	5	nanomq-855cdf7bbb-bws2l	243m	2Mi
1777267179	5	postgres-0	118m	344Mi
1777267180	5	hermod-coordinator-75c8c84f7c-szpfw	451m	176Mi
1777267180	5	nanomq-855cdf7bbb-bws2l	243m	2Mi
1777267180	5	postgres-0	118m	344Mi
1777267181	5	hermod-coordinator-75c8c84f7c-szpfw	517m	189Mi
1777267181	5	nanomq-855cdf7bbb-bws2l	238m	1Mi
1777267181	5	postgres-0	114m	345Mi
1777267182	5	hermod-coordinator-75c8c84f7c-szpfw	517m	189Mi
1777267182	5	nanomq-855cdf7bbb-bws2l	238m	1Mi
1777267182	5	postgres-0	114m	345Mi
1777267183	5	hermod-coordinator-75c8c84f7c-szpfw	517m	189Mi
1777267183	5	nanomq-855cdf7bbb-bws2l	238m	1Mi
1777267183	5	postgres-0	114m	345Mi
1777267184	5	hermod-coordinator-75c8c84f7c-szpfw	517m	189Mi
1777267184	5	nanomq-855cdf7bbb-bws2l	238m	1Mi
1777267184	5	postgres-0	114m	345Mi
1777267185	5	hermod-coordinator-75c8c84f7c-szpfw	517m	189Mi
1777267185	5	nanomq-855cdf7bbb-bws2l	238m	1Mi
1777267185	5	postgres-0	114m	345Mi
1777267186	5	hermod-coordinator-75c8c84f7c-szpfw	517m	189Mi
1777267186	5	nanomq-855cdf7bbb-bws2l	238m	1Mi
1777267186	5	postgres-0	114m	345Mi
1777267187	5	hermod-coordinator-75c8c84f7c-szpfw	517m	189Mi
1777267187	5	nanomq-855cdf7bbb-bws2l	238m	1Mi
1777267187	5	postgres-0	114m	345Mi
1777267189	5	hermod-coordinator-75c8c84f7c-szpfw	517m	189Mi
1777267189	5	nanomq-855cdf7bbb-bws2l	238m	1Mi
1777267189	5	postgres-0	114m	345Mi
1777267190	5	hermod-coordinator-75c8c84f7c-szpfw	517m	189Mi
1777267190	5	nanomq-855cdf7bbb-bws2l	238m	1Mi
1777267190	5	postgres-0	114m	345Mi
1777267191	5	hermod-coordinator-75c8c84f7c-szpfw	517m	189Mi
1777267191	5	nanomq-855cdf7bbb-bws2l	238m	1Mi
1777267191	5	postgres-0	114m	345Mi
1777267192	5	hermod-coordinator-75c8c84f7c-szpfw	517m	189Mi
1777267192	5	nanomq-855cdf7bbb-bws2l	238m	1Mi
1777267192	5	postgres-0	114m	345Mi
1777267193	5	hermod-coordinator-75c8c84f7c-szpfw	517m	189Mi
1777267193	5	nanomq-855cdf7bbb-bws2l	238m	1Mi
1777267193	5	postgres-0	114m	345Mi
1777267194	5	hermod-coordinator-75c8c84f7c-szpfw	517m	189Mi
1777267194	5	nanomq-855cdf7bbb-bws2l	238m	1Mi
1777267194	5	postgres-0	114m	345Mi
1777267195	5	hermod-coordinator-75c8c84f7c-szpfw	517m	189Mi
1777267195	5	nanomq-855cdf7bbb-bws2l	238m	1Mi
1777267195	5	postgres-0	114m	345Mi
1777267196	5	hermod-coordinator-75c8c84f7c-szpfw	517m	189Mi
1777267196	5	nanomq-855cdf7bbb-bws2l	238m	1Mi
1777267196	5	postgres-0	114m	345Mi
1777267197	5	hermod-coordinator-75c8c84f7c-szpfw	461m	167Mi
1777267197	5	nanomq-855cdf7bbb-bws2l	244m	2Mi
1777267197	5	postgres-0	116m	345Mi
1777267198	5	hermod-coordinator-75c8c84f7c-szpfw	461m	167Mi
1777267198	5	nanomq-855cdf7bbb-bws2l	244m	2Mi
1777267198	5	postgres-0	116m	345Mi
1777267199	5	hermod-coordinator-75c8c84f7c-szpfw	461m	167Mi
1777267199	5	nanomq-855cdf7bbb-bws2l	244m	2Mi
1777267199	5	postgres-0	116m	345Mi
1777267200	5	hermod-coordinator-75c8c84f7c-szpfw	461m	167Mi
1777267200	5	nanomq-855cdf7bbb-bws2l	244m	2Mi
1777267200	5	postgres-0	116m	345Mi
1777267201	5	hermod-coordinator-75c8c84f7c-szpfw	461m	167Mi
1777267201	5	nanomq-855cdf7bbb-bws2l	244m	2Mi
1777267201	5	postgres-0	116m	345Mi
1777267202	5	hermod-coordinator-75c8c84f7c-szpfw	461m	167Mi
1777267202	5	nanomq-855cdf7bbb-bws2l	244m	2Mi
1777267202	5	postgres-0	116m	345Mi
1777267203	5	hermod-coordinator-75c8c84f7c-szpfw	461m	167Mi
1777267203	5	nanomq-855cdf7bbb-bws2l	244m	2Mi
1777267203	5	postgres-0	116m	345Mi
1777267204	5	hermod-coordinator-75c8c84f7c-szpfw	461m	167Mi
1777267204	5	nanomq-855cdf7bbb-bws2l	244m	2Mi
1777267204	5	postgres-0	116m	345Mi
1777267205	5	hermod-coordinator-75c8c84f7c-szpfw	461m	167Mi
1777267205	5	nanomq-855cdf7bbb-bws2l	244m	2Mi
1777267205	5	postgres-0	116m	345Mi
1777267206	5	hermod-coordinator-75c8c84f7c-szpfw	461m	167Mi
1777267206	5	nanomq-855cdf7bbb-bws2l	244m	2Mi
1777267206	5	postgres-0	116m	345Mi
1777267208	5	hermod-coordinator-75c8c84f7c-szpfw	461m	167Mi
1777267208	5	nanomq-855cdf7bbb-bws2l	244m	2Mi
1777267208	5	postgres-0	116m	345Mi
1777267209	5	hermod-coordinator-75c8c84f7c-szpfw	461m	167Mi
1777267209	5	nanomq-855cdf7bbb-bws2l	244m	2Mi
1777267209	5	postgres-0	116m	345Mi
1777267210	5	hermod-coordinator-75c8c84f7c-szpfw	461m	167Mi
1777267210	5	nanomq-855cdf7bbb-bws2l	244m	2Mi
1777267210	5	postgres-0	116m	345Mi
1777267211	5	hermod-coordinator-75c8c84f7c-szpfw	461m	167Mi
1777267211	5	nanomq-855cdf7bbb-bws2l	244m	2Mi
1777267211	5	postgres-0	116m	345Mi
