=== ts=1777276732 ===
Name:                      hermod-coordinator-6b6ff849ff-7k6lf
Namespace:                 translator-lora
Priority:                  0
Service Account:           default
Node:                      <pi-host>/<pi-ip>
Start Time:                Mon, 27 Apr 2026 09:58:19 +0200
Labels:                    app=hermod-coordinator
                           pod-template-hash=6b6ff849ff
Annotations:               cni.projectcalico.org/containerID: bd1d0658177f78c8ed5f7690d5dfb6401dc7f55fc97756ab9e838798b7550fd5
                           cni.projectcalico.org/podIP: <pod-ip>/32
                           cni.projectcalico.org/podIPs: <pod-ip>/32
Status:                    Terminating (lasts <invalid>)
Termination Grace Period:  30s
IP:                        <pod-ip>
IPs:
  IP:           <pod-ip>
Controlled By:  ReplicaSet/hermod-coordinator-6b6ff849ff
Init Containers:
  wait-for-postgres:
    Container ID:  containerd://d689b6242627a8e3806c4ce5c827b8368cb2df40f3dd0263c3467e71bb9461d4
    Image:         busybox:1.36
    Image ID:      docker.io/library/busybox@sha256:73aaf090f3d85aa34ee199857f03fa3a95c8ede2ffd4cc2cdb5b94e566b11662
    Port:          <none>
    Host Port:     <none>
    Command:
      sh
      -c
      until nc -z postgres 5432; do sleep 2; done
    State:          Terminated
      Reason:       Completed
      Exit Code:    0
      Started:      Mon, 27 Apr 2026 09:58:21 +0200
      Finished:     Mon, 27 Apr 2026 09:58:33 +0200
    Ready:          True
    Restart Count:  0
    Environment:    <none>
    Mounts:
      /var/run/secrets/kubernetes.io/serviceaccount from kube-api-access-x258x (ro)
  wait-for-nanomq:
    Container ID:  containerd://8525887bbb98baa71c0c44308a114890a4959f3923873af46f13c592e074f06f
    Image:         busybox:1.36
    Image ID:      docker.io/library/busybox@sha256:73aaf090f3d85aa34ee199857f03fa3a95c8ede2ffd4cc2cdb5b94e566b11662
    Port:          <none>
    Host Port:     <none>
    Command:
      sh
      -c
      until nc -z nanomq 1883; do sleep 2; done
    State:          Terminated
      Reason:       Completed
      Exit Code:    0
      Started:      Mon, 27 Apr 2026 09:58:33 +0200
      Finished:     Mon, 27 Apr 2026 09:58:33 +0200
    Ready:          True
    Restart Count:  0
    Environment:    <none>
    Mounts:
      /var/run/secrets/kubernetes.io/serviceaccount from kube-api-access-x258x (ro)
Containers:
  hermod-coordinator:
    Container ID:   containerd://53d08703fed0522a5fe1076c9173d5602c5388827a3554bd7a1bb16b826a2dbf
    Image:          hermod-coordinator:latest
    Image ID:       sha256:ca91ccdfcd269dd5e4e25d5ffe8d863ca5db57e5c4f62f08c8adf90d23c15eaf
    Port:           42069/TCP (http)
    Host Port:      0/TCP (http)
    State:          Running
      Started:      Mon, 27 Apr 2026 09:58:34 +0200
    Ready:          True
    Restart Count:  0
    Limits:
      cpu:     1500m
      memory:  1536Mi
    Requests:
      cpu:      200m
      memory:   256Mi
    Liveness:   http-get http://:42069/healthz delay=60s timeout=1s period=30s #success=1 #failure=3
    Readiness:  http-get http://:42069/healthz/ready delay=5s timeout=1s period=10s #success=1 #failure=3
    Startup:    http-get http://:42069/healthz delay=0s timeout=1s period=5s #success=1 #failure=30
    Environment:
      ASPNETCORE_ENVIRONMENT:               Production
      ASPNETCORE_URLS:                      http://+:42069
      DOTNET_USE_POLLING_FILE_WATCHER:      true
      Hermod__Security__AuthBypass:         true
      Hermod__Security__VaultRequireHttps:  false
      Hermod__Features__MetricsEndpoint:    true
      Hermod__Dev__Endpoints:               true
      Hermod__Mqtt__Host:                   nanomq
      Hermod__Mqtt__Port:                   1883
      Hermod__Mqtt__UseTls:                 false
      Hermod__Mqtt__Tls__UseTls:            false
      Hermod__Mqtt__Username:               <set to the key 'mqtt-username' in secret 'hermod-secrets'>  Optional: false
      Hermod__Mqtt__Password:               <set to the key 'mqtt-password' in secret 'hermod-secrets'>  Optional: false
      Hermod__Database__ConnectionString:   Host=postgres;Port=5432;Database=hermod;Username=hermod_app
      Hermod__Database__Password:           <set to the key 'hermod-db-password' in secret 'hermod-db-credentials'>  Optional: false
    Mounts:
      /var/run/secrets/kubernetes.io/serviceaccount from kube-api-access-x258x (ro)
Conditions:
  Type                        Status
  PodReadyToStartContainers   True 
  Initialized                 True 
  Ready                       True 
  ContainersReady             True 
  PodScheduled                True 
Volumes:
  kube-api-access-x258x:
    Type:                    Projected (a volume that contains injected data from multiple sources)
    TokenExpirationSeconds:  3607
    ConfigMapName:           kube-root-ca.crt
    Optional:                false
    DownwardAPI:             true
QoS Class:                   Burstable
Node-Selectors:              <none>
Tolerations:                 node.kubernetes.io/not-ready:NoExecute op=Exists for 300s
                             node.kubernetes.io/unreachable:NoExecute op=Exists for 300s
Events:
  Type    Reason     Age   From               Message
  ----    ------     ----  ----               -------
  Normal  Scheduled  33s   default-scheduler  Successfully assigned translator-lora/hermod-coordinator-6b6ff849ff-7k6lf to <pi-host>
  Normal  Pulled     32s   kubelet            spec.initContainers{wait-for-postgres}: Container image "busybox:1.36" already present on machine
  Normal  Created    32s   kubelet            spec.initContainers{wait-for-postgres}: Created container: wait-for-postgres
  Normal  Started    31s   kubelet            spec.initContainers{wait-for-postgres}: Started container wait-for-postgres
  Normal  Pulled     19s   kubelet            spec.initContainers{wait-for-nanomq}: Container image "busybox:1.36" already present on machine
  Normal  Created    19s   kubelet            spec.initContainers{wait-for-nanomq}: Created container: wait-for-nanomq
  Normal  Started    19s   kubelet            spec.initContainers{wait-for-nanomq}: Started container wait-for-nanomq
  Normal  Pulled     18s   kubelet            spec.containers{hermod-coordinator}: Container image "hermod-coordinator:latest" already present on machine
  Normal  Created    18s   kubelet            spec.containers{hermod-coordinator}: Created container: hermod-coordinator
  Normal  Started    18s   kubelet            spec.containers{hermod-coordinator}: Started container hermod-coordinator
  Normal  Killing    0s    kubelet            spec.containers{hermod-coordinator}: Stopping container hermod-coordinator


Name:             lora2mqtt-75b64546f8-vcg2h
Namespace:        translator-lora
Priority:         0
Service Account:  default
Node:             <pi-host>/<pi-ip>
Start Time:       Mon, 27 Apr 2026 09:58:20 +0200
Labels:           app=lora2mqtt
                  pod-template-hash=75b64546f8
Annotations:      cni.projectcalico.org/containerID: 17c200a74a85b0290e8ffedad65f7ce5a2d86a3ad5b72d71a6a00bc3b77af534
                  cni.projectcalico.org/podIP: <pod-ip>/32
                  cni.projectcalico.org/podIPs: <pod-ip>/32
Status:           Running
IP:               <pod-ip>
IPs:
  IP:           <pod-ip>
Controlled By:  ReplicaSet/lora2mqtt-75b64546f8
Containers:
  lora2mqtt:
    Container ID:   containerd://d785b3970a9921182ab24b1c8f232260b6ab0b105403cf3396266b5dce4822ca
    Image:          lora2mqtt:latest
    Image ID:       sha256:a577beb808fc418e29701f8435e3bdaa80e51fc465081b3046d1a6e7fa733883
    Port:           8080/TCP (http)
    Host Port:      0/TCP (http)
    State:          Running
      Started:      Mon, 27 Apr 2026 09:58:40 +0200
    Last State:     Terminated
      Reason:       Error
      Exit Code:    139
      Started:      Mon, 27 Apr 2026 09:58:24 +0200
      Finished:     Mon, 27 Apr 2026 09:58:25 +0200
    Ready:          True
    Restart Count:  2
    Limits:
      cpu:     500m
      memory:  256Mi
    Requests:
      cpu:      50m
      memory:   64Mi
    Readiness:  http-get http://:8080/health/ready delay=5s timeout=1s period=10s #success=1 #failure=3
    Environment:
      LoRa__MockMode:                       false
      LoRa__SerialPort:                     /dev/ttyACM0
      Hermod__Security__AuthBypass:         true
      Hermod__Security__VaultRequireHttps:  false
      Hermod__Features__MetricsEndpoint:    true
      Hermod__Dev__Endpoints:               true
      Mqtt__Host:                           nanomq
      Mqtt__Port:                           1883
      Mqtt__Tls__UseTls:                    false
      Mqtt__Username:                       <set to the key 'mqtt-username' in secret 'hermod-secrets'>  Optional: false
      Mqtt__Password:                       <set to the key 'mqtt-password' in secret 'hermod-secrets'>  Optional: false
    Mounts:
      /dev/ttyACM0 from lora-device (rw)
      /var/run/secrets/kubernetes.io/serviceaccount from kube-api-access-vrjnm (ro)
Conditions:
  Type                        Status
  PodReadyToStartContainers   True 
  Initialized                 True 
  Ready                       True 
  ContainersReady             True 
  PodScheduled                True 
Volumes:
  lora-device:
    Type:          HostPath (bare host directory volume)
    Path:          /dev/ttyACM0
    HostPathType:  CharDevice
  kube-api-access-vrjnm:
    Type:                    Projected (a volume that contains injected data from multiple sources)
    TokenExpirationSeconds:  3607
    ConfigMapName:           kube-root-ca.crt
    Optional:                false
    DownwardAPI:             true
QoS Class:                   Burstable
Node-Selectors:              <none>
Tolerations:                 node.kubernetes.io/not-ready:NoExecute op=Exists for 300s
                             node.kubernetes.io/unreachable:NoExecute op=Exists for 300s
Events:
  Type     Reason     Age                From               Message
  ----     ------     ----               ----               -------
  Normal   Scheduled  32s                default-scheduler  Successfully assigned translator-lora/lora2mqtt-75b64546f8-vcg2h to <pi-host>
  Warning  BackOff    26s                kubelet            spec.containers{lora2mqtt}: Back-off restarting failed container lora2mqtt in pod lora2mqtt-75b64546f8-vcg2h_translator-lora(43efd0a8-64b2-4cef-89fa-217853213c92)
  Normal   Pulled     12s (x3 over 31s)  kubelet            spec.containers{lora2mqtt}: Container image "lora2mqtt:latest" already present on machine
  Normal   Created    12s (x3 over 31s)  kubelet            spec.containers{lora2mqtt}: Created container: lora2mqtt
  Normal   Started    12s (x3 over 31s)  kubelet            spec.containers{lora2mqtt}: Started container lora2mqtt


Name:             nanomq-756fd88db6-gswzb
Namespace:        translator-lora
Priority:         0
Service Account:  default
Node:             <pi-host>/<pi-ip>
Start Time:       Mon, 27 Apr 2026 09:58:19 +0200
Labels:           app=nanomq
                  pod-template-hash=756fd88db6
Annotations:      cni.projectcalico.org/containerID: d13c00cff7c10170fdc73772a9d33ca9bc5e989414abb31ba06cd8c4cba05e53
                  cni.projectcalico.org/podIP: <pod-ip>/32
                  cni.projectcalico.org/podIPs: <pod-ip>/32
Status:           Running
IP:               <pod-ip>
IPs:
  IP:           <pod-ip>
Controlled By:  ReplicaSet/nanomq-756fd88db6
Containers:
  nanomq:
    Container ID:   containerd://67ecb14b2266eeed5d73f43c0adecf135657789524422372d58a4cdc5fea0714
    Image:          emqx/nanomq:0.21-slim
    Image ID:       docker.io/emqx/nanomq@sha256:53bea7acb547aced1cc45e08c514628f1e41c4da9ad544fd8c5fa96d3e9eb41b
    Ports:          1883/TCP (mqtt), 8081/TCP (http)
    Host Ports:     0/TCP (mqtt), 0/TCP (http)
    State:          Running
      Started:      Mon, 27 Apr 2026 09:58:21 +0200
    Ready:          True
    Restart Count:  0
    Limits:
      cpu:     1
      memory:  512Mi
    Requests:
      cpu:        50m
      memory:     64Mi
    Readiness:    tcp-socket :1883 delay=3s timeout=1s period=5s #success=1 #failure=3
    Environment:  <none>
    Mounts:
      /etc/nanomq.conf from config (rw,path="nanomq.conf")
      /var/run/secrets/kubernetes.io/serviceaccount from kube-api-access-r78qr (ro)
Conditions:
  Type                        Status
  PodReadyToStartContainers   True 
  Initialized                 True 
  Ready                       True 
  ContainersReady             True 
  PodScheduled                True 
Volumes:
  config:
    Type:      ConfigMap (a volume populated by a ConfigMap)
    Name:      nanomq-config
    Optional:  false
  kube-api-access-r78qr:
    Type:                    Projected (a volume that contains injected data from multiple sources)
    TokenExpirationSeconds:  3607
    ConfigMapName:           kube-root-ca.crt
    Optional:                false
    DownwardAPI:             true
QoS Class:                   Burstable
Node-Selectors:              <none>
Tolerations:                 node.kubernetes.io/not-ready:NoExecute op=Exists for 300s
                             node.kubernetes.io/unreachable:NoExecute op=Exists for 300s
Events:
  Type    Reason     Age   From               Message
  ----    ------     ----  ----               -------
  Normal  Scheduled  33s   default-scheduler  Successfully assigned translator-lora/nanomq-756fd88db6-gswzb to <pi-host>
  Normal  Pulled     31s   kubelet            spec.containers{nanomq}: Container image "emqx/nanomq:0.21-slim" already present on machine
  Normal  Created    31s   kubelet            spec.containers{nanomq}: Created container: nanomq
  Normal  Started    31s   kubelet            spec.containers{nanomq}: Started container nanomq


Name:             postgres-0
Namespace:        translator-lora
Priority:         0
Service Account:  default
Node:             <pi-host>/<pi-ip>
Start Time:       Mon, 27 Apr 2026 09:58:25 +0200
Labels:           app=postgres
                  apps.kubernetes.io/pod-index=0
                  controller-revision-hash=postgres-848ccb988d
                  statefulset.kubernetes.io/pod-name=postgres-0
Annotations:      cni.projectcalico.org/containerID: d4d46e624b672c075c4fb1dc4e54cdc3ce20b9a247d83fa6f9fb1f6aaa2c7b2d
                  cni.projectcalico.org/podIP: <pod-ip>/32
                  cni.projectcalico.org/podIPs: <pod-ip>/32
Status:           Running
IP:               <pod-ip>
IPs:
  IP:           <pod-ip>
Controlled By:  StatefulSet/postgres
Containers:
  postgres:
    Container ID:   containerd://079f755960298a41ec9f9808ccdd98c1a3717fcf702cabf311505369b239c8da
    Image:          postgres:17-alpine
    Image ID:       docker.io/library/postgres@sha256:778d0b486d6daa02b77434d0358ec57a1b21fd8b6d22ac2eef56a33e816928f6
    Port:           5432/TCP
    Host Port:      0/TCP
    State:          Running
      Started:      Mon, 27 Apr 2026 09:58:26 +0200
    Ready:          True
    Restart Count:  0
    Limits:
      cpu:     1500m
      memory:  1536Mi
    Requests:
      cpu:      100m
      memory:   256Mi
    Readiness:  exec [pg_isready -U postgres] delay=5s timeout=1s period=5s #success=1 #failure=3
    Environment:
      POSTGRES_DB:        postgres
      POSTGRES_USER:      postgres
      POSTGRES_PASSWORD:  <set to the key 'postgres-superuser-password' in secret 'hermod-secrets'>  Optional: false
    Mounts:
      /docker-entrypoint-initdb.d from init (rw)
      /var/lib/postgresql/data from data (rw)
      /var/run/secrets/kubernetes.io/serviceaccount from kube-api-access-rk7cn (ro)
Conditions:
  Type                        Status
  PodReadyToStartContainers   True 
  Initialized                 True 
  Ready                       True 
  ContainersReady             True 
  PodScheduled                True 
Volumes:
  data:
    Type:       PersistentVolumeClaim (a reference to a PersistentVolumeClaim in the same namespace)
    ClaimName:  data-postgres-0
    ReadOnly:   false
  init:
    Type:      ConfigMap (a volume populated by a ConfigMap)
    Name:      postgres-init
    Optional:  false
  kube-api-access-rk7cn:
    Type:                    Projected (a volume that contains injected data from multiple sources)
    TokenExpirationSeconds:  3607
    ConfigMapName:           kube-root-ca.crt
    Optional:                false
    DownwardAPI:             true
QoS Class:                   Burstable
Node-Selectors:              <none>
Tolerations:                 node.kubernetes.io/not-ready:NoExecute op=Exists for 300s
                             node.kubernetes.io/unreachable:NoExecute op=Exists for 300s
Events:
  Type    Reason     Age   From               Message
  ----    ------     ----  ----               -------
  Normal  Scheduled  27s   default-scheduler  Successfully assigned translator-lora/postgres-0 to <pi-host>
  Normal  Pulled     26s   kubelet            spec.containers{postgres}: Container image "postgres:17-alpine" already present on machine
  Normal  Created    26s   kubelet            spec.containers{postgres}: Created container: postgres
  Normal  Started    26s   kubelet            spec.containers{postgres}: Started container postgres

=== ts=1777276744 ===
Name:             hermod-coordinator-7d7b88cc46-x568z
Namespace:        translator-lora
Priority:         0
Service Account:  default
Node:             <pi-host>/<pi-ip>
Start Time:       Mon, 27 Apr 2026 09:58:53 +0200
Labels:           app=hermod-coordinator
                  pod-template-hash=7d7b88cc46
Annotations:      cni.projectcalico.org/containerID: 96136bacace6d54f99b11509d3bd139808f8605c3736b8571a2ad9209a61ec3c
                  cni.projectcalico.org/podIP: <pod-ip>/32
                  cni.projectcalico.org/podIPs: <pod-ip>/32
Status:           Running
IP:               <pod-ip>
IPs:
  IP:           <pod-ip>
Controlled By:  ReplicaSet/hermod-coordinator-7d7b88cc46
Init Containers:
  wait-for-postgres:
    Container ID:  containerd://b8076f61bf3374fb7c5d5ba21180eb50792698868e52db39a5b9241ff015a149
    Image:         busybox:1.36
    Image ID:      docker.io/library/busybox@sha256:73aaf090f3d85aa34ee199857f03fa3a95c8ede2ffd4cc2cdb5b94e566b11662
    Port:          <none>
    Host Port:     <none>
    Command:
      sh
      -c
      until nc -z postgres 5432; do sleep 2; done
    State:          Terminated
      Reason:       Completed
      Exit Code:    0
      Started:      Mon, 27 Apr 2026 09:58:54 +0200
      Finished:     Mon, 27 Apr 2026 09:58:54 +0200
    Ready:          True
    Restart Count:  0
    Environment:
      Hermod__Features__DeviceStateTracking:    true
      Hermod__Engine__LogBatchSize:             100
      Hermod__Engine__LogBatching:              true
      Hermod__Engine__Parallelism:              0
      Hermod__Features__MessagePersistence:     true
      Hermod__Features__RuleAuditLog:           true
      Hermod__Features__RuleCache:              true
      Hermod__Features__StatsRollup:            true
      Hermod__Storage__Mode:                    Postgres
      Logging__LogLevel__Hermod:                Information
      Logging__LogLevel__Microsoft.AspNetCore:  Warning
    Mounts:
      /var/run/secrets/kubernetes.io/serviceaccount from kube-api-access-kt2tl (ro)
  wait-for-nanomq:
    Container ID:  containerd://a757428e915ba6283f62206003ae86022cbad96795dae1209d29f4d6ecb7da94
    Image:         busybox:1.36
    Image ID:      docker.io/library/busybox@sha256:73aaf090f3d85aa34ee199857f03fa3a95c8ede2ffd4cc2cdb5b94e566b11662
    Port:          <none>
    Host Port:     <none>
    Command:
      sh
      -c
      until nc -z nanomq 1883; do sleep 2; done
    State:          Terminated
      Reason:       Completed
      Exit Code:    0
      Started:      Mon, 27 Apr 2026 09:58:55 +0200
      Finished:     Mon, 27 Apr 2026 09:58:55 +0200
    Ready:          True
    Restart Count:  0
    Environment:
      Hermod__Features__DeviceStateTracking:    true
      Hermod__Engine__LogBatchSize:             100
      Hermod__Engine__LogBatching:              true
      Hermod__Engine__Parallelism:              0
      Hermod__Features__MessagePersistence:     true
      Hermod__Features__RuleAuditLog:           true
      Hermod__Features__RuleCache:              true
      Hermod__Features__StatsRollup:            true
      Hermod__Storage__Mode:                    Postgres
      Logging__LogLevel__Hermod:                Information
      Logging__LogLevel__Microsoft.AspNetCore:  Warning
    Mounts:
      /var/run/secrets/kubernetes.io/serviceaccount from kube-api-access-kt2tl (ro)
Containers:
  hermod-coordinator:
    Container ID:   containerd://57ab1083b5e5700c0d9ee233851776a73de99452118bd7e7cc1bfa3b08f3cf9b
    Image:          hermod-coordinator:latest
    Image ID:       sha256:ca91ccdfcd269dd5e4e25d5ffe8d863ca5db57e5c4f62f08c8adf90d23c15eaf
    Port:           42069/TCP (http)
    Host Port:      0/TCP (http)
    State:          Running
      Started:      Mon, 27 Apr 2026 09:58:56 +0200
    Ready:          False
    Restart Count:  0
    Limits:
      cpu:     1500m
      memory:  1536Mi
    Requests:
      cpu:      200m
      memory:   256Mi
    Liveness:   http-get http://:42069/healthz delay=60s timeout=1s period=30s #success=1 #failure=3
    Readiness:  http-get http://:42069/healthz/ready delay=5s timeout=1s period=10s #success=1 #failure=3
    Startup:    http-get http://:42069/healthz delay=0s timeout=1s period=5s #success=1 #failure=30
    Environment:
      ASPNETCORE_ENVIRONMENT:                   Production
      ASPNETCORE_URLS:                          http://+:42069
      DOTNET_USE_POLLING_FILE_WATCHER:          true
      Hermod__Security__AuthBypass:             true
      Hermod__Security__VaultRequireHttps:      false
      Hermod__Features__MetricsEndpoint:        true
      Hermod__Dev__Endpoints:                   true
      Hermod__Mqtt__Host:                       nanomq
      Hermod__Mqtt__Port:                       1883
      Hermod__Mqtt__UseTls:                     false
      Hermod__Mqtt__Tls__UseTls:                false
      Hermod__Mqtt__Username:                   <set to the key 'mqtt-username' in secret 'hermod-secrets'>  Optional: false
      Hermod__Mqtt__Password:                   <set to the key 'mqtt-password' in secret 'hermod-secrets'>  Optional: false
      Hermod__Database__ConnectionString:       Host=postgres;Port=5432;Database=hermod;Username=hermod_app
      Hermod__Database__Password:               <set to the key 'hermod-db-password' in secret 'hermod-db-credentials'>  Optional: false
      Hermod__Features__DeviceStateTracking:    true
      Hermod__Engine__LogBatchSize:             100
      Hermod__Engine__LogBatching:              true
      Hermod__Engine__Parallelism:              0
      Hermod__Features__MessagePersistence:     true
      Hermod__Features__RuleAuditLog:           true
      Hermod__Features__RuleCache:              true
      Hermod__Features__StatsRollup:            true
      Hermod__Storage__Mode:                    Postgres
      Logging__LogLevel__Hermod:                Information
      Logging__LogLevel__Microsoft.AspNetCore:  Warning
    Mounts:
      /var/run/secrets/kubernetes.io/serviceaccount from kube-api-access-kt2tl (ro)
Conditions:
  Type                        Status
  PodReadyToStartContainers   True 
  Initialized                 True 
  Ready                       False 
  ContainersReady             False 
  PodScheduled                True 
Volumes:
  kube-api-access-kt2tl:
    Type:                    Projected (a volume that contains injected data from multiple sources)
    TokenExpirationSeconds:  3607
    ConfigMapName:           kube-root-ca.crt
    Optional:                false
    DownwardAPI:             true
QoS Class:                   Burstable
Node-Selectors:              <none>
Tolerations:                 node.kubernetes.io/not-ready:NoExecute op=Exists for 300s
                             node.kubernetes.io/unreachable:NoExecute op=Exists for 300s
Events:
  Type    Reason     Age   From               Message
  ----    ------     ----  ----               -------
  Normal  Scheduled  10s   default-scheduler  Successfully assigned translator-lora/hermod-coordinator-7d7b88cc46-x568z to <pi-host>
  Normal  Pulled     10s   kubelet            spec.initContainers{wait-for-postgres}: Container image "busybox:1.36" already present on machine
  Normal  Created    10s   kubelet            spec.initContainers{wait-for-postgres}: Created container: wait-for-postgres
  Normal  Started    10s   kubelet            spec.initContainers{wait-for-postgres}: Started container wait-for-postgres
  Normal  Pulled     9s    kubelet            spec.initContainers{wait-for-nanomq}: Container image "busybox:1.36" already present on machine
  Normal  Created    9s    kubelet            spec.initContainers{wait-for-nanomq}: Created container: wait-for-nanomq
  Normal  Started    9s    kubelet            spec.initContainers{wait-for-nanomq}: Started container wait-for-nanomq
  Normal  Pulled     8s    kubelet            spec.containers{hermod-coordinator}: Container image "hermod-coordinator:latest" already present on machine
  Normal  Created    8s    kubelet            spec.containers{hermod-coordinator}: Created container: hermod-coordinator
  Normal  Started    8s    kubelet            spec.containers{hermod-coordinator}: Started container hermod-coordinator


Name:             lora2mqtt-75b64546f8-vcg2h
Namespace:        translator-lora
Priority:         0
Service Account:  default
Node:             <pi-host>/<pi-ip>
Start Time:       Mon, 27 Apr 2026 09:58:20 +0200
Labels:           app=lora2mqtt
                  pod-template-hash=75b64546f8
Annotations:      cni.projectcalico.org/containerID: 17c200a74a85b0290e8ffedad65f7ce5a2d86a3ad5b72d71a6a00bc3b77af534
                  cni.projectcalico.org/podIP: <pod-ip>/32
                  cni.projectcalico.org/podIPs: <pod-ip>/32
Status:           Running
IP:               <pod-ip>
IPs:
  IP:           <pod-ip>
Controlled By:  ReplicaSet/lora2mqtt-75b64546f8
Containers:
  lora2mqtt:
    Container ID:   containerd://d785b3970a9921182ab24b1c8f232260b6ab0b105403cf3396266b5dce4822ca
    Image:          lora2mqtt:latest
    Image ID:       sha256:a577beb808fc418e29701f8435e3bdaa80e51fc465081b3046d1a6e7fa733883
    Port:           8080/TCP (http)
    Host Port:      0/TCP (http)
    State:          Running
      Started:      Mon, 27 Apr 2026 09:58:40 +0200
    Last State:     Terminated
      Reason:       Error
      Exit Code:    139
      Started:      Mon, 27 Apr 2026 09:58:24 +0200
      Finished:     Mon, 27 Apr 2026 09:58:25 +0200
    Ready:          True
    Restart Count:  2
    Limits:
      cpu:     500m
      memory:  256Mi
    Requests:
      cpu:      50m
      memory:   64Mi
    Readiness:  http-get http://:8080/health/ready delay=5s timeout=1s period=10s #success=1 #failure=3
    Environment:
      LoRa__MockMode:                       false
      LoRa__SerialPort:                     /dev/ttyACM0
      Hermod__Security__AuthBypass:         true
      Hermod__Security__VaultRequireHttps:  false
      Hermod__Features__MetricsEndpoint:    true
      Hermod__Dev__Endpoints:               true
      Mqtt__Host:                           nanomq
      Mqtt__Port:                           1883
      Mqtt__Tls__UseTls:                    false
      Mqtt__Username:                       <set to the key 'mqtt-username' in secret 'hermod-secrets'>  Optional: false
      Mqtt__Password:                       <set to the key 'mqtt-password' in secret 'hermod-secrets'>  Optional: false
    Mounts:
      /dev/ttyACM0 from lora-device (rw)
      /var/run/secrets/kubernetes.io/serviceaccount from kube-api-access-vrjnm (ro)
Conditions:
  Type                        Status
  PodReadyToStartContainers   True 
  Initialized                 True 
  Ready                       True 
  ContainersReady             True 
  PodScheduled                True 
Volumes:
  lora-device:
    Type:          HostPath (bare host directory volume)
    Path:          /dev/ttyACM0
    HostPathType:  CharDevice
  kube-api-access-vrjnm:
    Type:                    Projected (a volume that contains injected data from multiple sources)
    TokenExpirationSeconds:  3607
    ConfigMapName:           kube-root-ca.crt
    Optional:                false
    DownwardAPI:             true
QoS Class:                   Burstable
Node-Selectors:              <none>
Tolerations:                 node.kubernetes.io/not-ready:NoExecute op=Exists for 300s
                             node.kubernetes.io/unreachable:NoExecute op=Exists for 300s
Events:
  Type     Reason     Age                From               Message
  ----     ------     ----               ----               -------
  Normal   Scheduled  44s                default-scheduler  Successfully assigned translator-lora/lora2mqtt-75b64546f8-vcg2h to <pi-host>
  Warning  BackOff    38s                kubelet            spec.containers{lora2mqtt}: Back-off restarting failed container lora2mqtt in pod lora2mqtt-75b64546f8-vcg2h_translator-lora(43efd0a8-64b2-4cef-89fa-217853213c92)
  Normal   Pulled     24s (x3 over 43s)  kubelet            spec.containers{lora2mqtt}: Container image "lora2mqtt:latest" already present on machine
  Normal   Created    24s (x3 over 43s)  kubelet            spec.containers{lora2mqtt}: Created container: lora2mqtt
  Normal   Started    24s (x3 over 43s)  kubelet            spec.containers{lora2mqtt}: Started container lora2mqtt


Name:             nanomq-756fd88db6-gswzb
Namespace:        translator-lora
Priority:         0
Service Account:  default
Node:             <pi-host>/<pi-ip>
Start Time:       Mon, 27 Apr 2026 09:58:19 +0200
Labels:           app=nanomq
                  pod-template-hash=756fd88db6
Annotations:      cni.projectcalico.org/containerID: d13c00cff7c10170fdc73772a9d33ca9bc5e989414abb31ba06cd8c4cba05e53
                  cni.projectcalico.org/podIP: <pod-ip>/32
                  cni.projectcalico.org/podIPs: <pod-ip>/32
Status:           Running
IP:               <pod-ip>
IPs:
  IP:           <pod-ip>
Controlled By:  ReplicaSet/nanomq-756fd88db6
Containers:
  nanomq:
    Container ID:   containerd://67ecb14b2266eeed5d73f43c0adecf135657789524422372d58a4cdc5fea0714
    Image:          emqx/nanomq:0.21-slim
    Image ID:       docker.io/emqx/nanomq@sha256:53bea7acb547aced1cc45e08c514628f1e41c4da9ad544fd8c5fa96d3e9eb41b
    Ports:          1883/TCP (mqtt), 8081/TCP (http)
    Host Ports:     0/TCP (mqtt), 0/TCP (http)
    State:          Running
      Started:      Mon, 27 Apr 2026 09:58:21 +0200
    Ready:          True
    Restart Count:  0
    Limits:
      cpu:     1
      memory:  512Mi
    Requests:
      cpu:        50m
      memory:     64Mi
    Readiness:    tcp-socket :1883 delay=3s timeout=1s period=5s #success=1 #failure=3
    Environment:  <none>
    Mounts:
      /etc/nanomq.conf from config (rw,path="nanomq.conf")
      /var/run/secrets/kubernetes.io/serviceaccount from kube-api-access-r78qr (ro)
Conditions:
  Type                        Status
  PodReadyToStartContainers   True 
  Initialized                 True 
  Ready                       True 
  ContainersReady             True 
  PodScheduled                True 
Volumes:
  config:
    Type:      ConfigMap (a volume populated by a ConfigMap)
    Name:      nanomq-config
    Optional:  false
  kube-api-access-r78qr:
    Type:                    Projected (a volume that contains injected data from multiple sources)
    TokenExpirationSeconds:  3607
    ConfigMapName:           kube-root-ca.crt
    Optional:                false
    DownwardAPI:             true
QoS Class:                   Burstable
Node-Selectors:              <none>
Tolerations:                 node.kubernetes.io/not-ready:NoExecute op=Exists for 300s
                             node.kubernetes.io/unreachable:NoExecute op=Exists for 300s
Events:
  Type    Reason     Age   From               Message
  ----    ------     ----  ----               -------
  Normal  Scheduled  45s   default-scheduler  Successfully assigned translator-lora/nanomq-756fd88db6-gswzb to <pi-host>
  Normal  Pulled     43s   kubelet            spec.containers{nanomq}: Container image "emqx/nanomq:0.21-slim" already present on machine
  Normal  Created    43s   kubelet            spec.containers{nanomq}: Created container: nanomq
  Normal  Started    43s   kubelet            spec.containers{nanomq}: Started container nanomq


Name:             postgres-0
Namespace:        translator-lora
Priority:         0
Service Account:  default
Node:             <pi-host>/<pi-ip>
Start Time:       Mon, 27 Apr 2026 09:58:25 +0200
Labels:           app=postgres
                  apps.kubernetes.io/pod-index=0
                  controller-revision-hash=postgres-848ccb988d
                  statefulset.kubernetes.io/pod-name=postgres-0
Annotations:      cni.projectcalico.org/containerID: d4d46e624b672c075c4fb1dc4e54cdc3ce20b9a247d83fa6f9fb1f6aaa2c7b2d
                  cni.projectcalico.org/podIP: <pod-ip>/32
                  cni.projectcalico.org/podIPs: <pod-ip>/32
Status:           Running
IP:               <pod-ip>
IPs:
  IP:           <pod-ip>
Controlled By:  StatefulSet/postgres
Containers:
  postgres:
    Container ID:   containerd://079f755960298a41ec9f9808ccdd98c1a3717fcf702cabf311505369b239c8da
    Image:          postgres:17-alpine
    Image ID:       docker.io/library/postgres@sha256:778d0b486d6daa02b77434d0358ec57a1b21fd8b6d22ac2eef56a33e816928f6
    Port:           5432/TCP
    Host Port:      0/TCP
    State:          Running
      Started:      Mon, 27 Apr 2026 09:58:26 +0200
    Ready:          True
    Restart Count:  0
    Limits:
      cpu:     1500m
      memory:  1536Mi
    Requests:
      cpu:      100m
      memory:   256Mi
    Readiness:  exec [pg_isready -U postgres] delay=5s timeout=1s period=5s #success=1 #failure=3
    Environment:
      POSTGRES_DB:        postgres
      POSTGRES_USER:      postgres
      POSTGRES_PASSWORD:  <set to the key 'postgres-superuser-password' in secret 'hermod-secrets'>  Optional: false
    Mounts:
      /docker-entrypoint-initdb.d from init (rw)
      /var/lib/postgresql/data from data (rw)
      /var/run/secrets/kubernetes.io/serviceaccount from kube-api-access-rk7cn (ro)
Conditions:
  Type                        Status
  PodReadyToStartContainers   True 
  Initialized                 True 
  Ready                       True 
  ContainersReady             True 
  PodScheduled                True 
Volumes:
  data:
    Type:       PersistentVolumeClaim (a reference to a PersistentVolumeClaim in the same namespace)
    ClaimName:  data-postgres-0
    ReadOnly:   false
  init:
    Type:      ConfigMap (a volume populated by a ConfigMap)
    Name:      postgres-init
    Optional:  false
  kube-api-access-rk7cn:
    Type:                    Projected (a volume that contains injected data from multiple sources)
    TokenExpirationSeconds:  3607
    ConfigMapName:           kube-root-ca.crt
    Optional:                false
    DownwardAPI:             true
QoS Class:                   Burstable
Node-Selectors:              <none>
Tolerations:                 node.kubernetes.io/not-ready:NoExecute op=Exists for 300s
                             node.kubernetes.io/unreachable:NoExecute op=Exists for 300s
Events:
  Type    Reason     Age   From               Message
  ----    ------     ----  ----               -------
  Normal  Scheduled  39s   default-scheduler  Successfully assigned translator-lora/postgres-0 to <pi-host>
  Normal  Pulled     38s   kubelet            spec.containers{postgres}: Container image "postgres:17-alpine" already present on machine
  Normal  Created    38s   kubelet            spec.containers{postgres}: Created container: postgres
  Normal  Started    38s   kubelet            spec.containers{postgres}: Started container postgres

=== ts=1777276756 ===
Name:             hermod-coordinator-7d7b88cc46-x568z
Namespace:        translator-lora
Priority:         0
Service Account:  default
Node:             <pi-host>/<pi-ip>
Start Time:       Mon, 27 Apr 2026 09:58:53 +0200
Labels:           app=hermod-coordinator
                  pod-template-hash=7d7b88cc46
Annotations:      cni.projectcalico.org/containerID: 96136bacace6d54f99b11509d3bd139808f8605c3736b8571a2ad9209a61ec3c
                  cni.projectcalico.org/podIP: <pod-ip>/32
                  cni.projectcalico.org/podIPs: <pod-ip>/32
Status:           Running
IP:               <pod-ip>
IPs:
  IP:           <pod-ip>
Controlled By:  ReplicaSet/hermod-coordinator-7d7b88cc46
Init Containers:
  wait-for-postgres:
    Container ID:  containerd://b8076f61bf3374fb7c5d5ba21180eb50792698868e52db39a5b9241ff015a149
    Image:         busybox:1.36
    Image ID:      docker.io/library/busybox@sha256:73aaf090f3d85aa34ee199857f03fa3a95c8ede2ffd4cc2cdb5b94e566b11662
    Port:          <none>
    Host Port:     <none>
    Command:
      sh
      -c
      until nc -z postgres 5432; do sleep 2; done
    State:          Terminated
      Reason:       Completed
      Exit Code:    0
      Started:      Mon, 27 Apr 2026 09:58:54 +0200
      Finished:     Mon, 27 Apr 2026 09:58:54 +0200
    Ready:          True
    Restart Count:  0
    Environment:
      Hermod__Features__DeviceStateTracking:    true
      Hermod__Engine__LogBatchSize:             100
      Hermod__Engine__LogBatching:              true
      Hermod__Engine__Parallelism:              0
      Hermod__Features__MessagePersistence:     true
      Hermod__Features__RuleAuditLog:           true
      Hermod__Features__RuleCache:              true
      Hermod__Features__StatsRollup:            true
      Hermod__Storage__Mode:                    Postgres
      Logging__LogLevel__Hermod:                Information
      Logging__LogLevel__Microsoft.AspNetCore:  Warning
    Mounts:
      /var/run/secrets/kubernetes.io/serviceaccount from kube-api-access-kt2tl (ro)
  wait-for-nanomq:
    Container ID:  containerd://a757428e915ba6283f62206003ae86022cbad96795dae1209d29f4d6ecb7da94
    Image:         busybox:1.36
    Image ID:      docker.io/library/busybox@sha256:73aaf090f3d85aa34ee199857f03fa3a95c8ede2ffd4cc2cdb5b94e566b11662
    Port:          <none>
    Host Port:     <none>
    Command:
      sh
      -c
      until nc -z nanomq 1883; do sleep 2; done
    State:          Terminated
      Reason:       Completed
      Exit Code:    0
      Started:      Mon, 27 Apr 2026 09:58:55 +0200
      Finished:     Mon, 27 Apr 2026 09:58:55 +0200
    Ready:          True
    Restart Count:  0
    Environment:
      Hermod__Features__DeviceStateTracking:    true
      Hermod__Engine__LogBatchSize:             100
      Hermod__Engine__LogBatching:              true
      Hermod__Engine__Parallelism:              0
      Hermod__Features__MessagePersistence:     true
      Hermod__Features__RuleAuditLog:           true
      Hermod__Features__RuleCache:              true
      Hermod__Features__StatsRollup:            true
      Hermod__Storage__Mode:                    Postgres
      Logging__LogLevel__Hermod:                Information
      Logging__LogLevel__Microsoft.AspNetCore:  Warning
    Mounts:
      /var/run/secrets/kubernetes.io/serviceaccount from kube-api-access-kt2tl (ro)
Containers:
  hermod-coordinator:
    Container ID:   containerd://57ab1083b5e5700c0d9ee233851776a73de99452118bd7e7cc1bfa3b08f3cf9b
    Image:          hermod-coordinator:latest
    Image ID:       sha256:ca91ccdfcd269dd5e4e25d5ffe8d863ca5db57e5c4f62f08c8adf90d23c15eaf
    Port:           42069/TCP (http)
    Host Port:      0/TCP (http)
    State:          Running
      Started:      Mon, 27 Apr 2026 09:58:56 +0200
    Ready:          True
    Restart Count:  0
    Limits:
      cpu:     1500m
      memory:  1536Mi
    Requests:
      cpu:      200m
      memory:   256Mi
    Liveness:   http-get http://:42069/healthz delay=60s timeout=1s period=30s #success=1 #failure=3
    Readiness:  http-get http://:42069/healthz/ready delay=5s timeout=1s period=10s #success=1 #failure=3
    Startup:    http-get http://:42069/healthz delay=0s timeout=1s period=5s #success=1 #failure=30
    Environment:
      ASPNETCORE_ENVIRONMENT:                   Production
      ASPNETCORE_URLS:                          http://+:42069
      DOTNET_USE_POLLING_FILE_WATCHER:          true
      Hermod__Security__AuthBypass:             true
      Hermod__Security__VaultRequireHttps:      false
      Hermod__Features__MetricsEndpoint:        true
      Hermod__Dev__Endpoints:                   true
      Hermod__Mqtt__Host:                       nanomq
      Hermod__Mqtt__Port:                       1883
      Hermod__Mqtt__UseTls:                     false
      Hermod__Mqtt__Tls__UseTls:                false
      Hermod__Mqtt__Username:                   <set to the key 'mqtt-username' in secret 'hermod-secrets'>  Optional: false
      Hermod__Mqtt__Password:                   <set to the key 'mqtt-password' in secret 'hermod-secrets'>  Optional: false
      Hermod__Database__ConnectionString:       Host=postgres;Port=5432;Database=hermod;Username=hermod_app
      Hermod__Database__Password:               <set to the key 'hermod-db-password' in secret 'hermod-db-credentials'>  Optional: false
      Hermod__Features__DeviceStateTracking:    true
      Hermod__Engine__LogBatchSize:             100
      Hermod__Engine__LogBatching:              true
      Hermod__Engine__Parallelism:              0
      Hermod__Features__MessagePersistence:     true
      Hermod__Features__RuleAuditLog:           true
      Hermod__Features__RuleCache:              true
      Hermod__Features__StatsRollup:            true
      Hermod__Storage__Mode:                    Postgres
      Logging__LogLevel__Hermod:                Information
      Logging__LogLevel__Microsoft.AspNetCore:  Warning
    Mounts:
      /var/run/secrets/kubernetes.io/serviceaccount from kube-api-access-kt2tl (ro)
Conditions:
  Type                        Status
  PodReadyToStartContainers   True 
  Initialized                 True 
  Ready                       True 
  ContainersReady             True 
  PodScheduled                True 
Volumes:
  kube-api-access-kt2tl:
    Type:                    Projected (a volume that contains injected data from multiple sources)
    TokenExpirationSeconds:  3607
    ConfigMapName:           kube-root-ca.crt
    Optional:                false
    DownwardAPI:             true
QoS Class:                   Burstable
Node-Selectors:              <none>
Tolerations:                 node.kubernetes.io/not-ready:NoExecute op=Exists for 300s
                             node.kubernetes.io/unreachable:NoExecute op=Exists for 300s
Events:
  Type    Reason     Age   From               Message
  ----    ------     ----  ----               -------
  Normal  Scheduled  22s   default-scheduler  Successfully assigned translator-lora/hermod-coordinator-7d7b88cc46-x568z to <pi-host>
  Normal  Pulled     22s   kubelet            spec.initContainers{wait-for-postgres}: Container image "busybox:1.36" already present on machine
  Normal  Created    22s   kubelet            spec.initContainers{wait-for-postgres}: Created container: wait-for-postgres
  Normal  Started    22s   kubelet            spec.initContainers{wait-for-postgres}: Started container wait-for-postgres
  Normal  Pulled     21s   kubelet            spec.initContainers{wait-for-nanomq}: Container image "busybox:1.36" already present on machine
  Normal  Created    21s   kubelet            spec.initContainers{wait-for-nanomq}: Created container: wait-for-nanomq
  Normal  Started    21s   kubelet            spec.initContainers{wait-for-nanomq}: Started container wait-for-nanomq
  Normal  Pulled     20s   kubelet            spec.containers{hermod-coordinator}: Container image "hermod-coordinator:latest" already present on machine
  Normal  Created    20s   kubelet            spec.containers{hermod-coordinator}: Created container: hermod-coordinator
  Normal  Started    20s   kubelet            spec.containers{hermod-coordinator}: Started container hermod-coordinator


Name:             lora2mqtt-75b64546f8-vcg2h
Namespace:        translator-lora
Priority:         0
Service Account:  default
Node:             <pi-host>/<pi-ip>
Start Time:       Mon, 27 Apr 2026 09:58:20 +0200
Labels:           app=lora2mqtt
                  pod-template-hash=75b64546f8
Annotations:      cni.projectcalico.org/containerID: 17c200a74a85b0290e8ffedad65f7ce5a2d86a3ad5b72d71a6a00bc3b77af534
                  cni.projectcalico.org/podIP: <pod-ip>/32
                  cni.projectcalico.org/podIPs: <pod-ip>/32
Status:           Running
IP:               <pod-ip>
IPs:
  IP:           <pod-ip>
Controlled By:  ReplicaSet/lora2mqtt-75b64546f8
Containers:
  lora2mqtt:
    Container ID:   containerd://d785b3970a9921182ab24b1c8f232260b6ab0b105403cf3396266b5dce4822ca
    Image:          lora2mqtt:latest
    Image ID:       sha256:a577beb808fc418e29701f8435e3bdaa80e51fc465081b3046d1a6e7fa733883
    Port:           8080/TCP (http)
    Host Port:      0/TCP (http)
    State:          Running
      Started:      Mon, 27 Apr 2026 09:58:40 +0200
    Last State:     Terminated
      Reason:       Error
      Exit Code:    139
      Started:      Mon, 27 Apr 2026 09:58:24 +0200
      Finished:     Mon, 27 Apr 2026 09:58:25 +0200
    Ready:          True
    Restart Count:  2
    Limits:
      cpu:     500m
      memory:  256Mi
    Requests:
      cpu:      50m
      memory:   64Mi
    Readiness:  http-get http://:8080/health/ready delay=5s timeout=1s period=10s #success=1 #failure=3
    Environment:
      LoRa__MockMode:                       false
      LoRa__SerialPort:                     /dev/ttyACM0
      Hermod__Security__AuthBypass:         true
      Hermod__Security__VaultRequireHttps:  false
      Hermod__Features__MetricsEndpoint:    true
      Hermod__Dev__Endpoints:               true
      Mqtt__Host:                           nanomq
      Mqtt__Port:                           1883
      Mqtt__Tls__UseTls:                    false
      Mqtt__Username:                       <set to the key 'mqtt-username' in secret 'hermod-secrets'>  Optional: false
      Mqtt__Password:                       <set to the key 'mqtt-password' in secret 'hermod-secrets'>  Optional: false
    Mounts:
      /dev/ttyACM0 from lora-device (rw)
      /var/run/secrets/kubernetes.io/serviceaccount from kube-api-access-vrjnm (ro)
Conditions:
  Type                        Status
  PodReadyToStartContainers   True 
  Initialized                 True 
  Ready                       True 
  ContainersReady             True 
  PodScheduled                True 
Volumes:
  lora-device:
    Type:          HostPath (bare host directory volume)
    Path:          /dev/ttyACM0
    HostPathType:  CharDevice
  kube-api-access-vrjnm:
    Type:                    Projected (a volume that contains injected data from multiple sources)
    TokenExpirationSeconds:  3607
    ConfigMapName:           kube-root-ca.crt
    Optional:                false
    DownwardAPI:             true
QoS Class:                   Burstable
Node-Selectors:              <none>
Tolerations:                 node.kubernetes.io/not-ready:NoExecute op=Exists for 300s
                             node.kubernetes.io/unreachable:NoExecute op=Exists for 300s
Events:
  Type     Reason     Age                From               Message
  ----     ------     ----               ----               -------
  Normal   Scheduled  56s                default-scheduler  Successfully assigned translator-lora/lora2mqtt-75b64546f8-vcg2h to <pi-host>
  Warning  BackOff    50s                kubelet            spec.containers{lora2mqtt}: Back-off restarting failed container lora2mqtt in pod lora2mqtt-75b64546f8-vcg2h_translator-lora(43efd0a8-64b2-4cef-89fa-217853213c92)
  Normal   Pulled     36s (x3 over 55s)  kubelet            spec.containers{lora2mqtt}: Container image "lora2mqtt:latest" already present on machine
  Normal   Created    36s (x3 over 55s)  kubelet            spec.containers{lora2mqtt}: Created container: lora2mqtt
  Normal   Started    36s (x3 over 55s)  kubelet            spec.containers{lora2mqtt}: Started container lora2mqtt


Name:             nanomq-756fd88db6-gswzb
Namespace:        translator-lora
Priority:         0
Service Account:  default
Node:             <pi-host>/<pi-ip>
Start Time:       Mon, 27 Apr 2026 09:58:19 +0200
Labels:           app=nanomq
                  pod-template-hash=756fd88db6
Annotations:      cni.projectcalico.org/containerID: d13c00cff7c10170fdc73772a9d33ca9bc5e989414abb31ba06cd8c4cba05e53
                  cni.projectcalico.org/podIP: <pod-ip>/32
                  cni.projectcalico.org/podIPs: <pod-ip>/32
Status:           Running
IP:               <pod-ip>
IPs:
  IP:           <pod-ip>
Controlled By:  ReplicaSet/nanomq-756fd88db6
Containers:
  nanomq:
    Container ID:   containerd://67ecb14b2266eeed5d73f43c0adecf135657789524422372d58a4cdc5fea0714
    Image:          emqx/nanomq:0.21-slim
    Image ID:       docker.io/emqx/nanomq@sha256:53bea7acb547aced1cc45e08c514628f1e41c4da9ad544fd8c5fa96d3e9eb41b
    Ports:          1883/TCP (mqtt), 8081/TCP (http)
    Host Ports:     0/TCP (mqtt), 0/TCP (http)
    State:          Running
      Started:      Mon, 27 Apr 2026 09:58:21 +0200
    Ready:          True
    Restart Count:  0
    Limits:
      cpu:     1
      memory:  512Mi
    Requests:
      cpu:        50m
      memory:     64Mi
    Readiness:    tcp-socket :1883 delay=3s timeout=1s period=5s #success=1 #failure=3
    Environment:  <none>
    Mounts:
      /etc/nanomq.conf from config (rw,path="nanomq.conf")
      /var/run/secrets/kubernetes.io/serviceaccount from kube-api-access-r78qr (ro)
Conditions:
  Type                        Status
  PodReadyToStartContainers   True 
  Initialized                 True 
  Ready                       True 
  ContainersReady             True 
  PodScheduled                True 
Volumes:
  config:
    Type:      ConfigMap (a volume populated by a ConfigMap)
    Name:      nanomq-config
    Optional:  false
  kube-api-access-r78qr:
    Type:                    Projected (a volume that contains injected data from multiple sources)
    TokenExpirationSeconds:  3607
    ConfigMapName:           kube-root-ca.crt
    Optional:                false
    DownwardAPI:             true
QoS Class:                   Burstable
Node-Selectors:              <none>
Tolerations:                 node.kubernetes.io/not-ready:NoExecute op=Exists for 300s
                             node.kubernetes.io/unreachable:NoExecute op=Exists for 300s
Events:
  Type    Reason     Age   From               Message
  ----    ------     ----  ----               -------
  Normal  Scheduled  56s   default-scheduler  Successfully assigned translator-lora/nanomq-756fd88db6-gswzb to <pi-host>
  Normal  Pulled     55s   kubelet            spec.containers{nanomq}: Container image "emqx/nanomq:0.21-slim" already present on machine
  Normal  Created    55s   kubelet            spec.containers{nanomq}: Created container: nanomq
  Normal  Started    55s   kubelet            spec.containers{nanomq}: Started container nanomq


Name:             postgres-0
Namespace:        translator-lora
Priority:         0
Service Account:  default
Node:             <pi-host>/<pi-ip>
Start Time:       Mon, 27 Apr 2026 09:58:25 +0200
Labels:           app=postgres
                  apps.kubernetes.io/pod-index=0
                  controller-revision-hash=postgres-848ccb988d
                  statefulset.kubernetes.io/pod-name=postgres-0
Annotations:      cni.projectcalico.org/containerID: d4d46e624b672c075c4fb1dc4e54cdc3ce20b9a247d83fa6f9fb1f6aaa2c7b2d
                  cni.projectcalico.org/podIP: <pod-ip>/32
                  cni.projectcalico.org/podIPs: <pod-ip>/32
Status:           Running
IP:               <pod-ip>
IPs:
  IP:           <pod-ip>
Controlled By:  StatefulSet/postgres
Containers:
  postgres:
    Container ID:   containerd://079f755960298a41ec9f9808ccdd98c1a3717fcf702cabf311505369b239c8da
    Image:          postgres:17-alpine
    Image ID:       docker.io/library/postgres@sha256:778d0b486d6daa02b77434d0358ec57a1b21fd8b6d22ac2eef56a33e816928f6
    Port:           5432/TCP
    Host Port:      0/TCP
    State:          Running
      Started:      Mon, 27 Apr 2026 09:58:26 +0200
    Ready:          True
    Restart Count:  0
    Limits:
      cpu:     1500m
      memory:  1536Mi
    Requests:
      cpu:      100m
      memory:   256Mi
    Readiness:  exec [pg_isready -U postgres] delay=5s timeout=1s period=5s #success=1 #failure=3
    Environment:
      POSTGRES_DB:        postgres
      POSTGRES_USER:      postgres
      POSTGRES_PASSWORD:  <set to the key 'postgres-superuser-password' in secret 'hermod-secrets'>  Optional: false
    Mounts:
      /docker-entrypoint-initdb.d from init (rw)
      /var/lib/postgresql/data from data (rw)
      /var/run/secrets/kubernetes.io/serviceaccount from kube-api-access-rk7cn (ro)
Conditions:
  Type                        Status
  PodReadyToStartContainers   True 
  Initialized                 True 
  Ready                       True 
  ContainersReady             True 
  PodScheduled                True 
Volumes:
  data:
    Type:       PersistentVolumeClaim (a reference to a PersistentVolumeClaim in the same namespace)
    ClaimName:  data-postgres-0
    ReadOnly:   false
  init:
    Type:      ConfigMap (a volume populated by a ConfigMap)
    Name:      postgres-init
    Optional:  false
  kube-api-access-rk7cn:
    Type:                    Projected (a volume that contains injected data from multiple sources)
    TokenExpirationSeconds:  3607
    ConfigMapName:           kube-root-ca.crt
    Optional:                false
    DownwardAPI:             true
QoS Class:                   Burstable
Node-Selectors:              <none>
Tolerations:                 node.kubernetes.io/not-ready:NoExecute op=Exists for 300s
                             node.kubernetes.io/unreachable:NoExecute op=Exists for 300s
Events:
  Type    Reason     Age   From               Message
  ----    ------     ----  ----               -------
  Normal  Scheduled  51s   default-scheduler  Successfully assigned translator-lora/postgres-0 to <pi-host>
  Normal  Pulled     50s   kubelet            spec.containers{postgres}: Container image "postgres:17-alpine" already present on machine
  Normal  Created    50s   kubelet            spec.containers{postgres}: Created container: postgres
  Normal  Started    50s   kubelet            spec.containers{postgres}: Started container postgres

=== ts=1777276768 ===
Name:             hermod-coordinator-7d7b88cc46-x568z
Namespace:        translator-lora
Priority:         0
Service Account:  default
Node:             <pi-host>/<pi-ip>
Start Time:       Mon, 27 Apr 2026 09:58:53 +0200
Labels:           app=hermod-coordinator
                  pod-template-hash=7d7b88cc46
Annotations:      cni.projectcalico.org/containerID: 96136bacace6d54f99b11509d3bd139808f8605c3736b8571a2ad9209a61ec3c
                  cni.projectcalico.org/podIP: <pod-ip>/32
                  cni.projectcalico.org/podIPs: <pod-ip>/32
Status:           Running
IP:               <pod-ip>
IPs:
  IP:           <pod-ip>
Controlled By:  ReplicaSet/hermod-coordinator-7d7b88cc46
Init Containers:
  wait-for-postgres:
    Container ID:  containerd://b8076f61bf3374fb7c5d5ba21180eb50792698868e52db39a5b9241ff015a149
    Image:         busybox:1.36
    Image ID:      docker.io/library/busybox@sha256:73aaf090f3d85aa34ee199857f03fa3a95c8ede2ffd4cc2cdb5b94e566b11662
    Port:          <none>
    Host Port:     <none>
    Command:
      sh
      -c
      until nc -z postgres 5432; do sleep 2; done
    State:          Terminated
      Reason:       Completed
      Exit Code:    0
      Started:      Mon, 27 Apr 2026 09:58:54 +0200
      Finished:     Mon, 27 Apr 2026 09:58:54 +0200
    Ready:          True
    Restart Count:  0
    Environment:
      Hermod__Features__DeviceStateTracking:    true
      Hermod__Engine__LogBatchSize:             100
      Hermod__Engine__LogBatching:              true
      Hermod__Engine__Parallelism:              0
      Hermod__Features__MessagePersistence:     true
      Hermod__Features__RuleAuditLog:           true
      Hermod__Features__RuleCache:              true
      Hermod__Features__StatsRollup:            true
      Hermod__Storage__Mode:                    Postgres
      Logging__LogLevel__Hermod:                Information
      Logging__LogLevel__Microsoft.AspNetCore:  Warning
    Mounts:
      /var/run/secrets/kubernetes.io/serviceaccount from kube-api-access-kt2tl (ro)
  wait-for-nanomq:
    Container ID:  containerd://a757428e915ba6283f62206003ae86022cbad96795dae1209d29f4d6ecb7da94
    Image:         busybox:1.36
    Image ID:      docker.io/library/busybox@sha256:73aaf090f3d85aa34ee199857f03fa3a95c8ede2ffd4cc2cdb5b94e566b11662
    Port:          <none>
    Host Port:     <none>
    Command:
      sh
      -c
      until nc -z nanomq 1883; do sleep 2; done
    State:          Terminated
      Reason:       Completed
      Exit Code:    0
      Started:      Mon, 27 Apr 2026 09:58:55 +0200
      Finished:     Mon, 27 Apr 2026 09:58:55 +0200
    Ready:          True
    Restart Count:  0
    Environment:
      Hermod__Features__DeviceStateTracking:    true
      Hermod__Engine__LogBatchSize:             100
      Hermod__Engine__LogBatching:              true
      Hermod__Engine__Parallelism:              0
      Hermod__Features__MessagePersistence:     true
      Hermod__Features__RuleAuditLog:           true
      Hermod__Features__RuleCache:              true
      Hermod__Features__StatsRollup:            true
      Hermod__Storage__Mode:                    Postgres
      Logging__LogLevel__Hermod:                Information
      Logging__LogLevel__Microsoft.AspNetCore:  Warning
    Mounts:
      /var/run/secrets/kubernetes.io/serviceaccount from kube-api-access-kt2tl (ro)
Containers:
  hermod-coordinator:
    Container ID:   containerd://57ab1083b5e5700c0d9ee233851776a73de99452118bd7e7cc1bfa3b08f3cf9b
    Image:          hermod-coordinator:latest
    Image ID:       sha256:ca91ccdfcd269dd5e4e25d5ffe8d863ca5db57e5c4f62f08c8adf90d23c15eaf
    Port:           42069/TCP (http)
    Host Port:      0/TCP (http)
    State:          Running
      Started:      Mon, 27 Apr 2026 09:58:56 +0200
    Ready:          True
    Restart Count:  0
    Limits:
      cpu:     1500m
      memory:  1536Mi
    Requests:
      cpu:      200m
      memory:   256Mi
    Liveness:   http-get http://:42069/healthz delay=60s timeout=1s period=30s #success=1 #failure=3
    Readiness:  http-get http://:42069/healthz/ready delay=5s timeout=1s period=10s #success=1 #failure=3
    Startup:    http-get http://:42069/healthz delay=0s timeout=1s period=5s #success=1 #failure=30
    Environment:
      ASPNETCORE_ENVIRONMENT:                   Production
      ASPNETCORE_URLS:                          http://+:42069
      DOTNET_USE_POLLING_FILE_WATCHER:          true
      Hermod__Security__AuthBypass:             true
      Hermod__Security__VaultRequireHttps:      false
      Hermod__Features__MetricsEndpoint:        true
      Hermod__Dev__Endpoints:                   true
      Hermod__Mqtt__Host:                       nanomq
      Hermod__Mqtt__Port:                       1883
      Hermod__Mqtt__UseTls:                     false
      Hermod__Mqtt__Tls__UseTls:                false
      Hermod__Mqtt__Username:                   <set to the key 'mqtt-username' in secret 'hermod-secrets'>  Optional: false
      Hermod__Mqtt__Password:                   <set to the key 'mqtt-password' in secret 'hermod-secrets'>  Optional: false
      Hermod__Database__ConnectionString:       Host=postgres;Port=5432;Database=hermod;Username=hermod_app
      Hermod__Database__Password:               <set to the key 'hermod-db-password' in secret 'hermod-db-credentials'>  Optional: false
      Hermod__Features__DeviceStateTracking:    true
      Hermod__Engine__LogBatchSize:             100
      Hermod__Engine__LogBatching:              true
      Hermod__Engine__Parallelism:              0
      Hermod__Features__MessagePersistence:     true
      Hermod__Features__RuleAuditLog:           true
      Hermod__Features__RuleCache:              true
      Hermod__Features__StatsRollup:            true
      Hermod__Storage__Mode:                    Postgres
      Logging__LogLevel__Hermod:                Information
      Logging__LogLevel__Microsoft.AspNetCore:  Warning
    Mounts:
      /var/run/secrets/kubernetes.io/serviceaccount from kube-api-access-kt2tl (ro)
Conditions:
  Type                        Status
  PodReadyToStartContainers   True 
  Initialized                 True 
  Ready                       True 
  ContainersReady             True 
  PodScheduled                True 
Volumes:
  kube-api-access-kt2tl:
    Type:                    Projected (a volume that contains injected data from multiple sources)
    TokenExpirationSeconds:  3607
    ConfigMapName:           kube-root-ca.crt
    Optional:                false
    DownwardAPI:             true
QoS Class:                   Burstable
Node-Selectors:              <none>
Tolerations:                 node.kubernetes.io/not-ready:NoExecute op=Exists for 300s
                             node.kubernetes.io/unreachable:NoExecute op=Exists for 300s
Events:
  Type    Reason     Age   From               Message
  ----    ------     ----  ----               -------
  Normal  Scheduled  34s   default-scheduler  Successfully assigned translator-lora/hermod-coordinator-7d7b88cc46-x568z to <pi-host>
  Normal  Pulled     34s   kubelet            spec.initContainers{wait-for-postgres}: Container image "busybox:1.36" already present on machine
  Normal  Created    34s   kubelet            spec.initContainers{wait-for-postgres}: Created container: wait-for-postgres
  Normal  Started    34s   kubelet            spec.initContainers{wait-for-postgres}: Started container wait-for-postgres
  Normal  Pulled     33s   kubelet            spec.initContainers{wait-for-nanomq}: Container image "busybox:1.36" already present on machine
  Normal  Created    33s   kubelet            spec.initContainers{wait-for-nanomq}: Created container: wait-for-nanomq
  Normal  Started    33s   kubelet            spec.initContainers{wait-for-nanomq}: Started container wait-for-nanomq
  Normal  Pulled     32s   kubelet            spec.containers{hermod-coordinator}: Container image "hermod-coordinator:latest" already present on machine
  Normal  Created    32s   kubelet            spec.containers{hermod-coordinator}: Created container: hermod-coordinator
  Normal  Started    32s   kubelet            spec.containers{hermod-coordinator}: Started container hermod-coordinator


Name:             lora2mqtt-75b64546f8-vcg2h
Namespace:        translator-lora
Priority:         0
Service Account:  default
Node:             <pi-host>/<pi-ip>
Start Time:       Mon, 27 Apr 2026 09:58:20 +0200
Labels:           app=lora2mqtt
                  pod-template-hash=75b64546f8
Annotations:      cni.projectcalico.org/containerID: 17c200a74a85b0290e8ffedad65f7ce5a2d86a3ad5b72d71a6a00bc3b77af534
                  cni.projectcalico.org/podIP: <pod-ip>/32
                  cni.projectcalico.org/podIPs: <pod-ip>/32
Status:           Running
IP:               <pod-ip>
IPs:
  IP:           <pod-ip>
Controlled By:  ReplicaSet/lora2mqtt-75b64546f8
Containers:
  lora2mqtt:
    Container ID:   containerd://d785b3970a9921182ab24b1c8f232260b6ab0b105403cf3396266b5dce4822ca
    Image:          lora2mqtt:latest
    Image ID:       sha256:a577beb808fc418e29701f8435e3bdaa80e51fc465081b3046d1a6e7fa733883
    Port:           8080/TCP (http)
    Host Port:      0/TCP (http)
    State:          Running
      Started:      Mon, 27 Apr 2026 09:58:40 +0200
    Last State:     Terminated
      Reason:       Error
      Exit Code:    139
      Started:      Mon, 27 Apr 2026 09:58:24 +0200
      Finished:     Mon, 27 Apr 2026 09:58:25 +0200
    Ready:          True
    Restart Count:  2
    Limits:
      cpu:     500m
      memory:  256Mi
    Requests:
      cpu:      50m
      memory:   64Mi
    Readiness:  http-get http://:8080/health/ready delay=5s timeout=1s period=10s #success=1 #failure=3
    Environment:
      LoRa__MockMode:                       false
      LoRa__SerialPort:                     /dev/ttyACM0
      Hermod__Security__AuthBypass:         true
      Hermod__Security__VaultRequireHttps:  false
      Hermod__Features__MetricsEndpoint:    true
      Hermod__Dev__Endpoints:               true
      Mqtt__Host:                           nanomq
      Mqtt__Port:                           1883
      Mqtt__Tls__UseTls:                    false
      Mqtt__Username:                       <set to the key 'mqtt-username' in secret 'hermod-secrets'>  Optional: false
      Mqtt__Password:                       <set to the key 'mqtt-password' in secret 'hermod-secrets'>  Optional: false
    Mounts:
      /dev/ttyACM0 from lora-device (rw)
      /var/run/secrets/kubernetes.io/serviceaccount from kube-api-access-vrjnm (ro)
Conditions:
  Type                        Status
  PodReadyToStartContainers   True 
  Initialized                 True 
  Ready                       True 
  ContainersReady             True 
  PodScheduled                True 
Volumes:
  lora-device:
    Type:          HostPath (bare host directory volume)
    Path:          /dev/ttyACM0
    HostPathType:  CharDevice
  kube-api-access-vrjnm:
    Type:                    Projected (a volume that contains injected data from multiple sources)
    TokenExpirationSeconds:  3607
    ConfigMapName:           kube-root-ca.crt
    Optional:                false
    DownwardAPI:             true
QoS Class:                   Burstable
Node-Selectors:              <none>
Tolerations:                 node.kubernetes.io/not-ready:NoExecute op=Exists for 300s
                             node.kubernetes.io/unreachable:NoExecute op=Exists for 300s
Events:
  Type     Reason     Age                From               Message
  ----     ------     ----               ----               -------
  Normal   Scheduled  67s                default-scheduler  Successfully assigned translator-lora/lora2mqtt-75b64546f8-vcg2h to <pi-host>
  Warning  BackOff    62s                kubelet            spec.containers{lora2mqtt}: Back-off restarting failed container lora2mqtt in pod lora2mqtt-75b64546f8-vcg2h_translator-lora(43efd0a8-64b2-4cef-89fa-217853213c92)
  Normal   Pulled     48s (x3 over 67s)  kubelet            spec.containers{lora2mqtt}: Container image "lora2mqtt:latest" already present on machine
  Normal   Created    48s (x3 over 67s)  kubelet            spec.containers{lora2mqtt}: Created container: lora2mqtt
  Normal   Started    48s (x3 over 67s)  kubelet            spec.containers{lora2mqtt}: Started container lora2mqtt


Name:             nanomq-756fd88db6-gswzb
Namespace:        translator-lora
Priority:         0
Service Account:  default
Node:             <pi-host>/<pi-ip>
Start Time:       Mon, 27 Apr 2026 09:58:19 +0200
Labels:           app=nanomq
                  pod-template-hash=756fd88db6
Annotations:      cni.projectcalico.org/containerID: d13c00cff7c10170fdc73772a9d33ca9bc5e989414abb31ba06cd8c4cba05e53
                  cni.projectcalico.org/podIP: <pod-ip>/32
                  cni.projectcalico.org/podIPs: <pod-ip>/32
Status:           Running
IP:               <pod-ip>
IPs:
  IP:           <pod-ip>
Controlled By:  ReplicaSet/nanomq-756fd88db6
Containers:
  nanomq:
    Container ID:   containerd://67ecb14b2266eeed5d73f43c0adecf135657789524422372d58a4cdc5fea0714
    Image:          emqx/nanomq:0.21-slim
    Image ID:       docker.io/emqx/nanomq@sha256:53bea7acb547aced1cc45e08c514628f1e41c4da9ad544fd8c5fa96d3e9eb41b
    Ports:          1883/TCP (mqtt), 8081/TCP (http)
    Host Ports:     0/TCP (mqtt), 0/TCP (http)
    State:          Running
      Started:      Mon, 27 Apr 2026 09:58:21 +0200
    Ready:          True
    Restart Count:  0
    Limits:
      cpu:     1
      memory:  512Mi
    Requests:
      cpu:        50m
      memory:     64Mi
    Readiness:    tcp-socket :1883 delay=3s timeout=1s period=5s #success=1 #failure=3
    Environment:  <none>
    Mounts:
      /etc/nanomq.conf from config (rw,path="nanomq.conf")
      /var/run/secrets/kubernetes.io/serviceaccount from kube-api-access-r78qr (ro)
Conditions:
  Type                        Status
  PodReadyToStartContainers   True 
  Initialized                 True 
  Ready                       True 
  ContainersReady             True 
  PodScheduled                True 
Volumes:
  config:
    Type:      ConfigMap (a volume populated by a ConfigMap)
    Name:      nanomq-config
    Optional:  false
  kube-api-access-r78qr:
    Type:                    Projected (a volume that contains injected data from multiple sources)
    TokenExpirationSeconds:  3607
    ConfigMapName:           kube-root-ca.crt
    Optional:                false
    DownwardAPI:             true
QoS Class:                   Burstable
Node-Selectors:              <none>
Tolerations:                 node.kubernetes.io/not-ready:NoExecute op=Exists for 300s
                             node.kubernetes.io/unreachable:NoExecute op=Exists for 300s
Events:
  Type    Reason     Age   From               Message
  ----    ------     ----  ----               -------
  Normal  Scheduled  68s   default-scheduler  Successfully assigned translator-lora/nanomq-756fd88db6-gswzb to <pi-host>
  Normal  Pulled     67s   kubelet            spec.containers{nanomq}: Container image "emqx/nanomq:0.21-slim" already present on machine
  Normal  Created    67s   kubelet            spec.containers{nanomq}: Created container: nanomq
  Normal  Started    67s   kubelet            spec.containers{nanomq}: Started container nanomq


Name:             postgres-0
Namespace:        translator-lora
Priority:         0
Service Account:  default
Node:             <pi-host>/<pi-ip>
Start Time:       Mon, 27 Apr 2026 09:58:25 +0200
Labels:           app=postgres
                  apps.kubernetes.io/pod-index=0
                  controller-revision-hash=postgres-848ccb988d
                  statefulset.kubernetes.io/pod-name=postgres-0
Annotations:      cni.projectcalico.org/containerID: d4d46e624b672c075c4fb1dc4e54cdc3ce20b9a247d83fa6f9fb1f6aaa2c7b2d
                  cni.projectcalico.org/podIP: <pod-ip>/32
                  cni.projectcalico.org/podIPs: <pod-ip>/32
Status:           Running
IP:               <pod-ip>
IPs:
  IP:           <pod-ip>
Controlled By:  StatefulSet/postgres
Containers:
  postgres:
    Container ID:   containerd://079f755960298a41ec9f9808ccdd98c1a3717fcf702cabf311505369b239c8da
    Image:          postgres:17-alpine
    Image ID:       docker.io/library/postgres@sha256:778d0b486d6daa02b77434d0358ec57a1b21fd8b6d22ac2eef56a33e816928f6
    Port:           5432/TCP
    Host Port:      0/TCP
    State:          Running
      Started:      Mon, 27 Apr 2026 09:58:26 +0200
    Ready:          True
    Restart Count:  0
    Limits:
      cpu:     1500m
      memory:  1536Mi
    Requests:
      cpu:      100m
      memory:   256Mi
    Readiness:  exec [pg_isready -U postgres] delay=5s timeout=1s period=5s #success=1 #failure=3
    Environment:
      POSTGRES_DB:        postgres
      POSTGRES_USER:      postgres
      POSTGRES_PASSWORD:  <set to the key 'postgres-superuser-password' in secret 'hermod-secrets'>  Optional: false
    Mounts:
      /docker-entrypoint-initdb.d from init (rw)
      /var/lib/postgresql/data from data (rw)
      /var/run/secrets/kubernetes.io/serviceaccount from kube-api-access-rk7cn (ro)
Conditions:
  Type                        Status
  PodReadyToStartContainers   True 
  Initialized                 True 
  Ready                       True 
  ContainersReady             True 
  PodScheduled                True 
Volumes:
  data:
    Type:       PersistentVolumeClaim (a reference to a PersistentVolumeClaim in the same namespace)
    ClaimName:  data-postgres-0
    ReadOnly:   false
  init:
    Type:      ConfigMap (a volume populated by a ConfigMap)
    Name:      postgres-init
    Optional:  false
  kube-api-access-rk7cn:
    Type:                    Projected (a volume that contains injected data from multiple sources)
    TokenExpirationSeconds:  3607
    ConfigMapName:           kube-root-ca.crt
    Optional:                false
    DownwardAPI:             true
QoS Class:                   Burstable
Node-Selectors:              <none>
Tolerations:                 node.kubernetes.io/not-ready:NoExecute op=Exists for 300s
                             node.kubernetes.io/unreachable:NoExecute op=Exists for 300s
Events:
  Type    Reason     Age   From               Message
  ----    ------     ----  ----               -------
  Normal  Scheduled  62s   default-scheduler  Successfully assigned translator-lora/postgres-0 to <pi-host>
  Normal  Pulled     62s   kubelet            spec.containers{postgres}: Container image "postgres:17-alpine" already present on machine
  Normal  Created    62s   kubelet            spec.containers{postgres}: Created container: postgres
  Normal  Started    62s   kubelet            spec.containers{postgres}: Started container postgres

=== ts=1777276779 ===
Name:             hermod-coordinator-7d7b88cc46-x568z
Namespace:        translator-lora
Priority:         0
Service Account:  default
Node:             <pi-host>/<pi-ip>
Start Time:       Mon, 27 Apr 2026 09:58:53 +0200
Labels:           app=hermod-coordinator
                  pod-template-hash=7d7b88cc46
Annotations:      cni.projectcalico.org/containerID: 96136bacace6d54f99b11509d3bd139808f8605c3736b8571a2ad9209a61ec3c
                  cni.projectcalico.org/podIP: <pod-ip>/32
                  cni.projectcalico.org/podIPs: <pod-ip>/32
Status:           Running
IP:               <pod-ip>
IPs:
  IP:           <pod-ip>
Controlled By:  ReplicaSet/hermod-coordinator-7d7b88cc46
Init Containers:
  wait-for-postgres:
    Container ID:  containerd://b8076f61bf3374fb7c5d5ba21180eb50792698868e52db39a5b9241ff015a149
    Image:         busybox:1.36
    Image ID:      docker.io/library/busybox@sha256:73aaf090f3d85aa34ee199857f03fa3a95c8ede2ffd4cc2cdb5b94e566b11662
    Port:          <none>
    Host Port:     <none>
    Command:
      sh
      -c
      until nc -z postgres 5432; do sleep 2; done
    State:          Terminated
      Reason:       Completed
      Exit Code:    0
      Started:      Mon, 27 Apr 2026 09:58:54 +0200
      Finished:     Mon, 27 Apr 2026 09:58:54 +0200
    Ready:          True
    Restart Count:  0
    Environment:
      Hermod__Features__DeviceStateTracking:    true
      Hermod__Engine__LogBatchSize:             100
      Hermod__Engine__LogBatching:              true
      Hermod__Engine__Parallelism:              0
      Hermod__Features__MessagePersistence:     true
      Hermod__Features__RuleAuditLog:           true
      Hermod__Features__RuleCache:              true
      Hermod__Features__StatsRollup:            true
      Hermod__Storage__Mode:                    Postgres
      Logging__LogLevel__Hermod:                Information
      Logging__LogLevel__Microsoft.AspNetCore:  Warning
    Mounts:
      /var/run/secrets/kubernetes.io/serviceaccount from kube-api-access-kt2tl (ro)
  wait-for-nanomq:
    Container ID:  containerd://a757428e915ba6283f62206003ae86022cbad96795dae1209d29f4d6ecb7da94
    Image:         busybox:1.36
    Image ID:      docker.io/library/busybox@sha256:73aaf090f3d85aa34ee199857f03fa3a95c8ede2ffd4cc2cdb5b94e566b11662
    Port:          <none>
    Host Port:     <none>
    Command:
      sh
      -c
      until nc -z nanomq 1883; do sleep 2; done
    State:          Terminated
      Reason:       Completed
      Exit Code:    0
      Started:      Mon, 27 Apr 2026 09:58:55 +0200
      Finished:     Mon, 27 Apr 2026 09:58:55 +0200
    Ready:          True
    Restart Count:  0
    Environment:
      Hermod__Features__DeviceStateTracking:    true
      Hermod__Engine__LogBatchSize:             100
      Hermod__Engine__LogBatching:              true
      Hermod__Engine__Parallelism:              0
      Hermod__Features__MessagePersistence:     true
      Hermod__Features__RuleAuditLog:           true
      Hermod__Features__RuleCache:              true
      Hermod__Features__StatsRollup:            true
      Hermod__Storage__Mode:                    Postgres
      Logging__LogLevel__Hermod:                Information
      Logging__LogLevel__Microsoft.AspNetCore:  Warning
    Mounts:
      /var/run/secrets/kubernetes.io/serviceaccount from kube-api-access-kt2tl (ro)
Containers:
  hermod-coordinator:
    Container ID:   containerd://57ab1083b5e5700c0d9ee233851776a73de99452118bd7e7cc1bfa3b08f3cf9b
    Image:          hermod-coordinator:latest
    Image ID:       sha256:ca91ccdfcd269dd5e4e25d5ffe8d863ca5db57e5c4f62f08c8adf90d23c15eaf
    Port:           42069/TCP (http)
    Host Port:      0/TCP (http)
    State:          Running
      Started:      Mon, 27 Apr 2026 09:58:56 +0200
    Ready:          True
    Restart Count:  0
    Limits:
      cpu:     1500m
      memory:  1536Mi
    Requests:
      cpu:      200m
      memory:   256Mi
    Liveness:   http-get http://:42069/healthz delay=60s timeout=1s period=30s #success=1 #failure=3
    Readiness:  http-get http://:42069/healthz/ready delay=5s timeout=1s period=10s #success=1 #failure=3
    Startup:    http-get http://:42069/healthz delay=0s timeout=1s period=5s #success=1 #failure=30
    Environment:
      ASPNETCORE_ENVIRONMENT:                   Production
      ASPNETCORE_URLS:                          http://+:42069
      DOTNET_USE_POLLING_FILE_WATCHER:          true
      Hermod__Security__AuthBypass:             true
      Hermod__Security__VaultRequireHttps:      false
      Hermod__Features__MetricsEndpoint:        true
      Hermod__Dev__Endpoints:                   true
      Hermod__Mqtt__Host:                       nanomq
      Hermod__Mqtt__Port:                       1883
      Hermod__Mqtt__UseTls:                     false
      Hermod__Mqtt__Tls__UseTls:                false
      Hermod__Mqtt__Username:                   <set to the key 'mqtt-username' in secret 'hermod-secrets'>  Optional: false
      Hermod__Mqtt__Password:                   <set to the key 'mqtt-password' in secret 'hermod-secrets'>  Optional: false
      Hermod__Database__ConnectionString:       Host=postgres;Port=5432;Database=hermod;Username=hermod_app
      Hermod__Database__Password:               <set to the key 'hermod-db-password' in secret 'hermod-db-credentials'>  Optional: false
      Hermod__Features__DeviceStateTracking:    true
      Hermod__Engine__LogBatchSize:             100
      Hermod__Engine__LogBatching:              true
      Hermod__Engine__Parallelism:              0
      Hermod__Features__MessagePersistence:     true
      Hermod__Features__RuleAuditLog:           true
      Hermod__Features__RuleCache:              true
      Hermod__Features__StatsRollup:            true
      Hermod__Storage__Mode:                    Postgres
      Logging__LogLevel__Hermod:                Information
      Logging__LogLevel__Microsoft.AspNetCore:  Warning
    Mounts:
      /var/run/secrets/kubernetes.io/serviceaccount from kube-api-access-kt2tl (ro)
Conditions:
  Type                        Status
  PodReadyToStartContainers   True 
  Initialized                 True 
  Ready                       True 
  ContainersReady             True 
  PodScheduled                True 
Volumes:
  kube-api-access-kt2tl:
    Type:                    Projected (a volume that contains injected data from multiple sources)
    TokenExpirationSeconds:  3607
    ConfigMapName:           kube-root-ca.crt
    Optional:                false
    DownwardAPI:             true
QoS Class:                   Burstable
Node-Selectors:              <none>
Tolerations:                 node.kubernetes.io/not-ready:NoExecute op=Exists for 300s
                             node.kubernetes.io/unreachable:NoExecute op=Exists for 300s
Events:
  Type    Reason     Age   From               Message
  ----    ------     ----  ----               -------
  Normal  Scheduled  45s   default-scheduler  Successfully assigned translator-lora/hermod-coordinator-7d7b88cc46-x568z to <pi-host>
  Normal  Pulled     45s   kubelet            spec.initContainers{wait-for-postgres}: Container image "busybox:1.36" already present on machine
  Normal  Created    45s   kubelet            spec.initContainers{wait-for-postgres}: Created container: wait-for-postgres
  Normal  Started    45s   kubelet            spec.initContainers{wait-for-postgres}: Started container wait-for-postgres
  Normal  Pulled     44s   kubelet            spec.initContainers{wait-for-nanomq}: Container image "busybox:1.36" already present on machine
  Normal  Created    44s   kubelet            spec.initContainers{wait-for-nanomq}: Created container: wait-for-nanomq
  Normal  Started    44s   kubelet            spec.initContainers{wait-for-nanomq}: Started container wait-for-nanomq
  Normal  Pulled     43s   kubelet            spec.containers{hermod-coordinator}: Container image "hermod-coordinator:latest" already present on machine
  Normal  Created    43s   kubelet            spec.containers{hermod-coordinator}: Created container: hermod-coordinator
  Normal  Started    43s   kubelet            spec.containers{hermod-coordinator}: Started container hermod-coordinator


Name:             lora2mqtt-75b64546f8-vcg2h
Namespace:        translator-lora
Priority:         0
Service Account:  default
Node:             <pi-host>/<pi-ip>
Start Time:       Mon, 27 Apr 2026 09:58:20 +0200
Labels:           app=lora2mqtt
                  pod-template-hash=75b64546f8
Annotations:      cni.projectcalico.org/containerID: 17c200a74a85b0290e8ffedad65f7ce5a2d86a3ad5b72d71a6a00bc3b77af534
                  cni.projectcalico.org/podIP: <pod-ip>/32
                  cni.projectcalico.org/podIPs: <pod-ip>/32
Status:           Running
IP:               <pod-ip>
IPs:
  IP:           <pod-ip>
Controlled By:  ReplicaSet/lora2mqtt-75b64546f8
Containers:
  lora2mqtt:
    Container ID:   containerd://d785b3970a9921182ab24b1c8f232260b6ab0b105403cf3396266b5dce4822ca
    Image:          lora2mqtt:latest
    Image ID:       sha256:a577beb808fc418e29701f8435e3bdaa80e51fc465081b3046d1a6e7fa733883
    Port:           8080/TCP (http)
    Host Port:      0/TCP (http)
    State:          Running
      Started:      Mon, 27 Apr 2026 09:58:40 +0200
    Last State:     Terminated
      Reason:       Error
      Exit Code:    139
      Started:      Mon, 27 Apr 2026 09:58:24 +0200
      Finished:     Mon, 27 Apr 2026 09:58:25 +0200
    Ready:          True
    Restart Count:  2
    Limits:
      cpu:     500m
      memory:  256Mi
    Requests:
      cpu:      50m
      memory:   64Mi
    Readiness:  http-get http://:8080/health/ready delay=5s timeout=1s period=10s #success=1 #failure=3
    Environment:
      LoRa__MockMode:                       false
      LoRa__SerialPort:                     /dev/ttyACM0
      Hermod__Security__AuthBypass:         true
      Hermod__Security__VaultRequireHttps:  false
      Hermod__Features__MetricsEndpoint:    true
      Hermod__Dev__Endpoints:               true
      Mqtt__Host:                           nanomq
      Mqtt__Port:                           1883
      Mqtt__Tls__UseTls:                    false
      Mqtt__Username:                       <set to the key 'mqtt-username' in secret 'hermod-secrets'>  Optional: false
      Mqtt__Password:                       <set to the key 'mqtt-password' in secret 'hermod-secrets'>  Optional: false
    Mounts:
      /dev/ttyACM0 from lora-device (rw)
      /var/run/secrets/kubernetes.io/serviceaccount from kube-api-access-vrjnm (ro)
Conditions:
  Type                        Status
  PodReadyToStartContainers   True 
  Initialized                 True 
  Ready                       True 
  ContainersReady             True 
  PodScheduled                True 
Volumes:
  lora-device:
    Type:          HostPath (bare host directory volume)
    Path:          /dev/ttyACM0
    HostPathType:  CharDevice
  kube-api-access-vrjnm:
    Type:                    Projected (a volume that contains injected data from multiple sources)
    TokenExpirationSeconds:  3607
    ConfigMapName:           kube-root-ca.crt
    Optional:                false
    DownwardAPI:             true
QoS Class:                   Burstable
Node-Selectors:              <none>
Tolerations:                 node.kubernetes.io/not-ready:NoExecute op=Exists for 300s
                             node.kubernetes.io/unreachable:NoExecute op=Exists for 300s
Events:
  Type     Reason     Age                From               Message
  ----     ------     ----               ----               -------
  Normal   Scheduled  79s                default-scheduler  Successfully assigned translator-lora/lora2mqtt-75b64546f8-vcg2h to <pi-host>
  Warning  BackOff    73s                kubelet            spec.containers{lora2mqtt}: Back-off restarting failed container lora2mqtt in pod lora2mqtt-75b64546f8-vcg2h_translator-lora(43efd0a8-64b2-4cef-89fa-217853213c92)
  Normal   Pulled     59s (x3 over 78s)  kubelet            spec.containers{lora2mqtt}: Container image "lora2mqtt:latest" already present on machine
  Normal   Created    59s (x3 over 78s)  kubelet            spec.containers{lora2mqtt}: Created container: lora2mqtt
  Normal   Started    59s (x3 over 78s)  kubelet            spec.containers{lora2mqtt}: Started container lora2mqtt


Name:             nanomq-756fd88db6-gswzb
Namespace:        translator-lora
Priority:         0
Service Account:  default
Node:             <pi-host>/<pi-ip>
Start Time:       Mon, 27 Apr 2026 09:58:19 +0200
Labels:           app=nanomq
                  pod-template-hash=756fd88db6
Annotations:      cni.projectcalico.org/containerID: d13c00cff7c10170fdc73772a9d33ca9bc5e989414abb31ba06cd8c4cba05e53
                  cni.projectcalico.org/podIP: <pod-ip>/32
                  cni.projectcalico.org/podIPs: <pod-ip>/32
Status:           Running
IP:               <pod-ip>
IPs:
  IP:           <pod-ip>
Controlled By:  ReplicaSet/nanomq-756fd88db6
Containers:
  nanomq:
    Container ID:   containerd://67ecb14b2266eeed5d73f43c0adecf135657789524422372d58a4cdc5fea0714
    Image:          emqx/nanomq:0.21-slim
    Image ID:       docker.io/emqx/nanomq@sha256:53bea7acb547aced1cc45e08c514628f1e41c4da9ad544fd8c5fa96d3e9eb41b
    Ports:          1883/TCP (mqtt), 8081/TCP (http)
    Host Ports:     0/TCP (mqtt), 0/TCP (http)
    State:          Running
      Started:      Mon, 27 Apr 2026 09:58:21 +0200
    Ready:          True
    Restart Count:  0
    Limits:
      cpu:     1
      memory:  512Mi
    Requests:
      cpu:        50m
      memory:     64Mi
    Readiness:    tcp-socket :1883 delay=3s timeout=1s period=5s #success=1 #failure=3
    Environment:  <none>
    Mounts:
      /etc/nanomq.conf from config (rw,path="nanomq.conf")
      /var/run/secrets/kubernetes.io/serviceaccount from kube-api-access-r78qr (ro)
Conditions:
  Type                        Status
  PodReadyToStartContainers   True 
  Initialized                 True 
  Ready                       True 
  ContainersReady             True 
  PodScheduled                True 
Volumes:
  config:
    Type:      ConfigMap (a volume populated by a ConfigMap)
    Name:      nanomq-config
    Optional:  false
  kube-api-access-r78qr:
    Type:                    Projected (a volume that contains injected data from multiple sources)
    TokenExpirationSeconds:  3607
    ConfigMapName:           kube-root-ca.crt
    Optional:                false
    DownwardAPI:             true
QoS Class:                   Burstable
Node-Selectors:              <none>
Tolerations:                 node.kubernetes.io/not-ready:NoExecute op=Exists for 300s
                             node.kubernetes.io/unreachable:NoExecute op=Exists for 300s
Events:
  Type    Reason     Age   From               Message
  ----    ------     ----  ----               -------
  Normal  Scheduled  80s   default-scheduler  Successfully assigned translator-lora/nanomq-756fd88db6-gswzb to <pi-host>
  Normal  Pulled     78s   kubelet            spec.containers{nanomq}: Container image "emqx/nanomq:0.21-slim" already present on machine
  Normal  Created    78s   kubelet            spec.containers{nanomq}: Created container: nanomq
  Normal  Started    78s   kubelet            spec.containers{nanomq}: Started container nanomq


Name:             postgres-0
Namespace:        translator-lora
Priority:         0
Service Account:  default
Node:             <pi-host>/<pi-ip>
Start Time:       Mon, 27 Apr 2026 09:58:25 +0200
Labels:           app=postgres
                  apps.kubernetes.io/pod-index=0
                  controller-revision-hash=postgres-848ccb988d
                  statefulset.kubernetes.io/pod-name=postgres-0
Annotations:      cni.projectcalico.org/containerID: d4d46e624b672c075c4fb1dc4e54cdc3ce20b9a247d83fa6f9fb1f6aaa2c7b2d
                  cni.projectcalico.org/podIP: <pod-ip>/32
                  cni.projectcalico.org/podIPs: <pod-ip>/32
Status:           Running
IP:               <pod-ip>
IPs:
  IP:           <pod-ip>
Controlled By:  StatefulSet/postgres
Containers:
  postgres:
    Container ID:   containerd://079f755960298a41ec9f9808ccdd98c1a3717fcf702cabf311505369b239c8da
    Image:          postgres:17-alpine
    Image ID:       docker.io/library/postgres@sha256:778d0b486d6daa02b77434d0358ec57a1b21fd8b6d22ac2eef56a33e816928f6
    Port:           5432/TCP
    Host Port:      0/TCP
    State:          Running
      Started:      Mon, 27 Apr 2026 09:58:26 +0200
    Ready:          True
    Restart Count:  0
    Limits:
      cpu:     1500m
      memory:  1536Mi
    Requests:
      cpu:      100m
      memory:   256Mi
    Readiness:  exec [pg_isready -U postgres] delay=5s timeout=1s period=5s #success=1 #failure=3
    Environment:
      POSTGRES_DB:        postgres
      POSTGRES_USER:      postgres
      POSTGRES_PASSWORD:  <set to the key 'postgres-superuser-password' in secret 'hermod-secrets'>  Optional: false
    Mounts:
      /docker-entrypoint-initdb.d from init (rw)
      /var/lib/postgresql/data from data (rw)
      /var/run/secrets/kubernetes.io/serviceaccount from kube-api-access-rk7cn (ro)
Conditions:
  Type                        Status
  PodReadyToStartContainers   True 
  Initialized                 True 
  Ready                       True 
  ContainersReady             True 
  PodScheduled                True 
Volumes:
  data:
    Type:       PersistentVolumeClaim (a reference to a PersistentVolumeClaim in the same namespace)
    ClaimName:  data-postgres-0
    ReadOnly:   false
  init:
    Type:      ConfigMap (a volume populated by a ConfigMap)
    Name:      postgres-init
    Optional:  false
  kube-api-access-rk7cn:
    Type:                    Projected (a volume that contains injected data from multiple sources)
    TokenExpirationSeconds:  3607
    ConfigMapName:           kube-root-ca.crt
    Optional:                false
    DownwardAPI:             true
QoS Class:                   Burstable
Node-Selectors:              <none>
Tolerations:                 node.kubernetes.io/not-ready:NoExecute op=Exists for 300s
                             node.kubernetes.io/unreachable:NoExecute op=Exists for 300s
Events:
  Type    Reason     Age   From               Message
  ----    ------     ----  ----               -------
  Normal  Scheduled  74s   default-scheduler  Successfully assigned translator-lora/postgres-0 to <pi-host>
  Normal  Pulled     73s   kubelet            spec.containers{postgres}: Container image "postgres:17-alpine" already present on machine
  Normal  Created    73s   kubelet            spec.containers{postgres}: Created container: postgres
  Normal  Started    73s   kubelet            spec.containers{postgres}: Started container postgres

=== ts=1777276791 ===
Name:             hermod-coordinator-7d7b88cc46-x568z
Namespace:        translator-lora
Priority:         0
Service Account:  default
Node:             <pi-host>/<pi-ip>
Start Time:       Mon, 27 Apr 2026 09:58:53 +0200
Labels:           app=hermod-coordinator
                  pod-template-hash=7d7b88cc46
Annotations:      cni.projectcalico.org/containerID: 96136bacace6d54f99b11509d3bd139808f8605c3736b8571a2ad9209a61ec3c
                  cni.projectcalico.org/podIP: <pod-ip>/32
                  cni.projectcalico.org/podIPs: <pod-ip>/32
Status:           Running
IP:               <pod-ip>
IPs:
  IP:           <pod-ip>
Controlled By:  ReplicaSet/hermod-coordinator-7d7b88cc46
Init Containers:
  wait-for-postgres:
    Container ID:  containerd://b8076f61bf3374fb7c5d5ba21180eb50792698868e52db39a5b9241ff015a149
    Image:         busybox:1.36
    Image ID:      docker.io/library/busybox@sha256:73aaf090f3d85aa34ee199857f03fa3a95c8ede2ffd4cc2cdb5b94e566b11662
    Port:          <none>
    Host Port:     <none>
    Command:
      sh
      -c
      until nc -z postgres 5432; do sleep 2; done
    State:          Terminated
      Reason:       Completed
      Exit Code:    0
      Started:      Mon, 27 Apr 2026 09:58:54 +0200
      Finished:     Mon, 27 Apr 2026 09:58:54 +0200
    Ready:          True
    Restart Count:  0
    Environment:
      Hermod__Features__DeviceStateTracking:    true
      Hermod__Engine__LogBatchSize:             100
      Hermod__Engine__LogBatching:              true
      Hermod__Engine__Parallelism:              0
      Hermod__Features__MessagePersistence:     true
      Hermod__Features__RuleAuditLog:           true
      Hermod__Features__RuleCache:              true
      Hermod__Features__StatsRollup:            true
      Hermod__Storage__Mode:                    Postgres
      Logging__LogLevel__Hermod:                Information
      Logging__LogLevel__Microsoft.AspNetCore:  Warning
    Mounts:
      /var/run/secrets/kubernetes.io/serviceaccount from kube-api-access-kt2tl (ro)
  wait-for-nanomq:
    Container ID:  containerd://a757428e915ba6283f62206003ae86022cbad96795dae1209d29f4d6ecb7da94
    Image:         busybox:1.36
    Image ID:      docker.io/library/busybox@sha256:73aaf090f3d85aa34ee199857f03fa3a95c8ede2ffd4cc2cdb5b94e566b11662
    Port:          <none>
    Host Port:     <none>
    Command:
      sh
      -c
      until nc -z nanomq 1883; do sleep 2; done
    State:          Terminated
      Reason:       Completed
      Exit Code:    0
      Started:      Mon, 27 Apr 2026 09:58:55 +0200
      Finished:     Mon, 27 Apr 2026 09:58:55 +0200
    Ready:          True
    Restart Count:  0
    Environment:
      Hermod__Features__DeviceStateTracking:    true
      Hermod__Engine__LogBatchSize:             100
      Hermod__Engine__LogBatching:              true
      Hermod__Engine__Parallelism:              0
      Hermod__Features__MessagePersistence:     true
      Hermod__Features__RuleAuditLog:           true
      Hermod__Features__RuleCache:              true
      Hermod__Features__StatsRollup:            true
      Hermod__Storage__Mode:                    Postgres
      Logging__LogLevel__Hermod:                Information
      Logging__LogLevel__Microsoft.AspNetCore:  Warning
    Mounts:
      /var/run/secrets/kubernetes.io/serviceaccount from kube-api-access-kt2tl (ro)
Containers:
  hermod-coordinator:
    Container ID:   containerd://57ab1083b5e5700c0d9ee233851776a73de99452118bd7e7cc1bfa3b08f3cf9b
    Image:          hermod-coordinator:latest
    Image ID:       sha256:ca91ccdfcd269dd5e4e25d5ffe8d863ca5db57e5c4f62f08c8adf90d23c15eaf
    Port:           42069/TCP (http)
    Host Port:      0/TCP (http)
    State:          Running
      Started:      Mon, 27 Apr 2026 09:58:56 +0200
    Ready:          True
    Restart Count:  0
    Limits:
      cpu:     1500m
      memory:  1536Mi
    Requests:
      cpu:      200m
      memory:   256Mi
    Liveness:   http-get http://:42069/healthz delay=60s timeout=1s period=30s #success=1 #failure=3
    Readiness:  http-get http://:42069/healthz/ready delay=5s timeout=1s period=10s #success=1 #failure=3
    Startup:    http-get http://:42069/healthz delay=0s timeout=1s period=5s #success=1 #failure=30
    Environment:
      ASPNETCORE_ENVIRONMENT:                   Production
      ASPNETCORE_URLS:                          http://+:42069
      DOTNET_USE_POLLING_FILE_WATCHER:          true
      Hermod__Security__AuthBypass:             true
      Hermod__Security__VaultRequireHttps:      false
      Hermod__Features__MetricsEndpoint:        true
      Hermod__Dev__Endpoints:                   true
      Hermod__Mqtt__Host:                       nanomq
      Hermod__Mqtt__Port:                       1883
      Hermod__Mqtt__UseTls:                     false
      Hermod__Mqtt__Tls__UseTls:                false
      Hermod__Mqtt__Username:                   <set to the key 'mqtt-username' in secret 'hermod-secrets'>  Optional: false
      Hermod__Mqtt__Password:                   <set to the key 'mqtt-password' in secret 'hermod-secrets'>  Optional: false
      Hermod__Database__ConnectionString:       Host=postgres;Port=5432;Database=hermod;Username=hermod_app
      Hermod__Database__Password:               <set to the key 'hermod-db-password' in secret 'hermod-db-credentials'>  Optional: false
      Hermod__Features__DeviceStateTracking:    true
      Hermod__Engine__LogBatchSize:             100
      Hermod__Engine__LogBatching:              true
      Hermod__Engine__Parallelism:              0
      Hermod__Features__MessagePersistence:     true
      Hermod__Features__RuleAuditLog:           true
      Hermod__Features__RuleCache:              true
      Hermod__Features__StatsRollup:            true
      Hermod__Storage__Mode:                    Postgres
      Logging__LogLevel__Hermod:                Information
      Logging__LogLevel__Microsoft.AspNetCore:  Warning
    Mounts:
      /var/run/secrets/kubernetes.io/serviceaccount from kube-api-access-kt2tl (ro)
Conditions:
  Type                        Status
  PodReadyToStartContainers   True 
  Initialized                 True 
  Ready                       True 
  ContainersReady             True 
  PodScheduled                True 
Volumes:
  kube-api-access-kt2tl:
    Type:                    Projected (a volume that contains injected data from multiple sources)
    TokenExpirationSeconds:  3607
    ConfigMapName:           kube-root-ca.crt
    Optional:                false
    DownwardAPI:             true
QoS Class:                   Burstable
Node-Selectors:              <none>
Tolerations:                 node.kubernetes.io/not-ready:NoExecute op=Exists for 300s
                             node.kubernetes.io/unreachable:NoExecute op=Exists for 300s
Events:
  Type    Reason     Age   From               Message
  ----    ------     ----  ----               -------
  Normal  Scheduled  57s   default-scheduler  Successfully assigned translator-lora/hermod-coordinator-7d7b88cc46-x568z to <pi-host>
  Normal  Pulled     57s   kubelet            spec.initContainers{wait-for-postgres}: Container image "busybox:1.36" already present on machine
  Normal  Created    57s   kubelet            spec.initContainers{wait-for-postgres}: Created container: wait-for-postgres
  Normal  Started    57s   kubelet            spec.initContainers{wait-for-postgres}: Started container wait-for-postgres
  Normal  Pulled     56s   kubelet            spec.initContainers{wait-for-nanomq}: Container image "busybox:1.36" already present on machine
  Normal  Created    56s   kubelet            spec.initContainers{wait-for-nanomq}: Created container: wait-for-nanomq
  Normal  Started    56s   kubelet            spec.initContainers{wait-for-nanomq}: Started container wait-for-nanomq
  Normal  Pulled     55s   kubelet            spec.containers{hermod-coordinator}: Container image "hermod-coordinator:latest" already present on machine
  Normal  Created    55s   kubelet            spec.containers{hermod-coordinator}: Created container: hermod-coordinator
  Normal  Started    55s   kubelet            spec.containers{hermod-coordinator}: Started container hermod-coordinator


Name:             lora2mqtt-75b64546f8-vcg2h
Namespace:        translator-lora
Priority:         0
Service Account:  default
Node:             <pi-host>/<pi-ip>
Start Time:       Mon, 27 Apr 2026 09:58:20 +0200
Labels:           app=lora2mqtt
                  pod-template-hash=75b64546f8
Annotations:      cni.projectcalico.org/containerID: 17c200a74a85b0290e8ffedad65f7ce5a2d86a3ad5b72d71a6a00bc3b77af534
                  cni.projectcalico.org/podIP: <pod-ip>/32
                  cni.projectcalico.org/podIPs: <pod-ip>/32
Status:           Running
IP:               <pod-ip>
IPs:
  IP:           <pod-ip>
Controlled By:  ReplicaSet/lora2mqtt-75b64546f8
Containers:
  lora2mqtt:
    Container ID:   containerd://d785b3970a9921182ab24b1c8f232260b6ab0b105403cf3396266b5dce4822ca
    Image:          lora2mqtt:latest
    Image ID:       sha256:a577beb808fc418e29701f8435e3bdaa80e51fc465081b3046d1a6e7fa733883
    Port:           8080/TCP (http)
    Host Port:      0/TCP (http)
    State:          Running
      Started:      Mon, 27 Apr 2026 09:58:40 +0200
    Last State:     Terminated
      Reason:       Error
      Exit Code:    139
      Started:      Mon, 27 Apr 2026 09:58:24 +0200
      Finished:     Mon, 27 Apr 2026 09:58:25 +0200
    Ready:          True
    Restart Count:  2
    Limits:
      cpu:     500m
      memory:  256Mi
    Requests:
      cpu:      50m
      memory:   64Mi
    Readiness:  http-get http://:8080/health/ready delay=5s timeout=1s period=10s #success=1 #failure=3
    Environment:
      LoRa__MockMode:                       false
      LoRa__SerialPort:                     /dev/ttyACM0
      Hermod__Security__AuthBypass:         true
      Hermod__Security__VaultRequireHttps:  false
      Hermod__Features__MetricsEndpoint:    true
      Hermod__Dev__Endpoints:               true
      Mqtt__Host:                           nanomq
      Mqtt__Port:                           1883
      Mqtt__Tls__UseTls:                    false
      Mqtt__Username:                       <set to the key 'mqtt-username' in secret 'hermod-secrets'>  Optional: false
      Mqtt__Password:                       <set to the key 'mqtt-password' in secret 'hermod-secrets'>  Optional: false
    Mounts:
      /dev/ttyACM0 from lora-device (rw)
      /var/run/secrets/kubernetes.io/serviceaccount from kube-api-access-vrjnm (ro)
Conditions:
  Type                        Status
  PodReadyToStartContainers   True 
  Initialized                 True 
  Ready                       True 
  ContainersReady             True 
  PodScheduled                True 
Volumes:
  lora-device:
    Type:          HostPath (bare host directory volume)
    Path:          /dev/ttyACM0
    HostPathType:  CharDevice
  kube-api-access-vrjnm:
    Type:                    Projected (a volume that contains injected data from multiple sources)
    TokenExpirationSeconds:  3607
    ConfigMapName:           kube-root-ca.crt
    Optional:                false
    DownwardAPI:             true
QoS Class:                   Burstable
Node-Selectors:              <none>
Tolerations:                 node.kubernetes.io/not-ready:NoExecute op=Exists for 300s
                             node.kubernetes.io/unreachable:NoExecute op=Exists for 300s
Events:
  Type     Reason     Age                From               Message
  ----     ------     ----               ----               -------
  Normal   Scheduled  91s                default-scheduler  Successfully assigned translator-lora/lora2mqtt-75b64546f8-vcg2h to <pi-host>
  Warning  BackOff    85s                kubelet            spec.containers{lora2mqtt}: Back-off restarting failed container lora2mqtt in pod lora2mqtt-75b64546f8-vcg2h_translator-lora(43efd0a8-64b2-4cef-89fa-217853213c92)
  Normal   Pulled     71s (x3 over 90s)  kubelet            spec.containers{lora2mqtt}: Container image "lora2mqtt:latest" already present on machine
  Normal   Created    71s (x3 over 90s)  kubelet            spec.containers{lora2mqtt}: Created container: lora2mqtt
  Normal   Started    71s (x3 over 90s)  kubelet            spec.containers{lora2mqtt}: Started container lora2mqtt


Name:             nanomq-756fd88db6-gswzb
Namespace:        translator-lora
Priority:         0
Service Account:  default
Node:             <pi-host>/<pi-ip>
Start Time:       Mon, 27 Apr 2026 09:58:19 +0200
Labels:           app=nanomq
                  pod-template-hash=756fd88db6
Annotations:      cni.projectcalico.org/containerID: d13c00cff7c10170fdc73772a9d33ca9bc5e989414abb31ba06cd8c4cba05e53
                  cni.projectcalico.org/podIP: <pod-ip>/32
                  cni.projectcalico.org/podIPs: <pod-ip>/32
Status:           Running
IP:               <pod-ip>
IPs:
  IP:           <pod-ip>
Controlled By:  ReplicaSet/nanomq-756fd88db6
Containers:
  nanomq:
    Container ID:   containerd://67ecb14b2266eeed5d73f43c0adecf135657789524422372d58a4cdc5fea0714
    Image:          emqx/nanomq:0.21-slim
    Image ID:       docker.io/emqx/nanomq@sha256:53bea7acb547aced1cc45e08c514628f1e41c4da9ad544fd8c5fa96d3e9eb41b
    Ports:          1883/TCP (mqtt), 8081/TCP (http)
    Host Ports:     0/TCP (mqtt), 0/TCP (http)
    State:          Running
      Started:      Mon, 27 Apr 2026 09:58:21 +0200
    Ready:          True
    Restart Count:  0
    Limits:
      cpu:     1
      memory:  512Mi
    Requests:
      cpu:        50m
      memory:     64Mi
    Readiness:    tcp-socket :1883 delay=3s timeout=1s period=5s #success=1 #failure=3
    Environment:  <none>
    Mounts:
      /etc/nanomq.conf from config (rw,path="nanomq.conf")
      /var/run/secrets/kubernetes.io/serviceaccount from kube-api-access-r78qr (ro)
Conditions:
  Type                        Status
  PodReadyToStartContainers   True 
  Initialized                 True 
  Ready                       True 
  ContainersReady             True 
  PodScheduled                True 
Volumes:
  config:
    Type:      ConfigMap (a volume populated by a ConfigMap)
    Name:      nanomq-config
    Optional:  false
  kube-api-access-r78qr:
    Type:                    Projected (a volume that contains injected data from multiple sources)
    TokenExpirationSeconds:  3607
    ConfigMapName:           kube-root-ca.crt
    Optional:                false
    DownwardAPI:             true
QoS Class:                   Burstable
Node-Selectors:              <none>
Tolerations:                 node.kubernetes.io/not-ready:NoExecute op=Exists for 300s
                             node.kubernetes.io/unreachable:NoExecute op=Exists for 300s
Events:
  Type    Reason     Age   From               Message
  ----    ------     ----  ----               -------
  Normal  Scheduled  92s   default-scheduler  Successfully assigned translator-lora/nanomq-756fd88db6-gswzb to <pi-host>
  Normal  Pulled     90s   kubelet            spec.containers{nanomq}: Container image "emqx/nanomq:0.21-slim" already present on machine
  Normal  Created    90s   kubelet            spec.containers{nanomq}: Created container: nanomq
  Normal  Started    90s   kubelet            spec.containers{nanomq}: Started container nanomq


Name:             postgres-0
Namespace:        translator-lora
Priority:         0
Service Account:  default
Node:             <pi-host>/<pi-ip>
Start Time:       Mon, 27 Apr 2026 09:58:25 +0200
Labels:           app=postgres
                  apps.kubernetes.io/pod-index=0
                  controller-revision-hash=postgres-848ccb988d
                  statefulset.kubernetes.io/pod-name=postgres-0
Annotations:      cni.projectcalico.org/containerID: d4d46e624b672c075c4fb1dc4e54cdc3ce20b9a247d83fa6f9fb1f6aaa2c7b2d
                  cni.projectcalico.org/podIP: <pod-ip>/32
                  cni.projectcalico.org/podIPs: <pod-ip>/32
Status:           Running
IP:               <pod-ip>
IPs:
  IP:           <pod-ip>
Controlled By:  StatefulSet/postgres
Containers:
  postgres:
    Container ID:   containerd://079f755960298a41ec9f9808ccdd98c1a3717fcf702cabf311505369b239c8da
    Image:          postgres:17-alpine
    Image ID:       docker.io/library/postgres@sha256:778d0b486d6daa02b77434d0358ec57a1b21fd8b6d22ac2eef56a33e816928f6
    Port:           5432/TCP
    Host Port:      0/TCP
    State:          Running
      Started:      Mon, 27 Apr 2026 09:58:26 +0200
    Ready:          True
    Restart Count:  0
    Limits:
      cpu:     1500m
      memory:  1536Mi
    Requests:
      cpu:      100m
      memory:   256Mi
    Readiness:  exec [pg_isready -U postgres] delay=5s timeout=1s period=5s #success=1 #failure=3
    Environment:
      POSTGRES_DB:        postgres
      POSTGRES_USER:      postgres
      POSTGRES_PASSWORD:  <set to the key 'postgres-superuser-password' in secret 'hermod-secrets'>  Optional: false
    Mounts:
      /docker-entrypoint-initdb.d from init (rw)
      /var/lib/postgresql/data from data (rw)
      /var/run/secrets/kubernetes.io/serviceaccount from kube-api-access-rk7cn (ro)
Conditions:
  Type                        Status
  PodReadyToStartContainers   True 
  Initialized                 True 
  Ready                       True 
  ContainersReady             True 
  PodScheduled                True 
Volumes:
  data:
    Type:       PersistentVolumeClaim (a reference to a PersistentVolumeClaim in the same namespace)
    ClaimName:  data-postgres-0
    ReadOnly:   false
  init:
    Type:      ConfigMap (a volume populated by a ConfigMap)
    Name:      postgres-init
    Optional:  false
  kube-api-access-rk7cn:
    Type:                    Projected (a volume that contains injected data from multiple sources)
    TokenExpirationSeconds:  3607
    ConfigMapName:           kube-root-ca.crt
    Optional:                false
    DownwardAPI:             true
QoS Class:                   Burstable
Node-Selectors:              <none>
Tolerations:                 node.kubernetes.io/not-ready:NoExecute op=Exists for 300s
                             node.kubernetes.io/unreachable:NoExecute op=Exists for 300s
Events:
  Type    Reason     Age   From               Message
  ----    ------     ----  ----               -------
  Normal  Scheduled  86s   default-scheduler  Successfully assigned translator-lora/postgres-0 to <pi-host>
  Normal  Pulled     85s   kubelet            spec.containers{postgres}: Container image "postgres:17-alpine" already present on machine
  Normal  Created    85s   kubelet            spec.containers{postgres}: Created container: postgres
  Normal  Started    85s   kubelet            spec.containers{postgres}: Started container postgres

=== ts=1777276803 ===
Name:             hermod-coordinator-7d7b88cc46-x568z
Namespace:        translator-lora
Priority:         0
Service Account:  default
Node:             <pi-host>/<pi-ip>
Start Time:       Mon, 27 Apr 2026 09:58:53 +0200
Labels:           app=hermod-coordinator
                  pod-template-hash=7d7b88cc46
Annotations:      cni.projectcalico.org/containerID: 96136bacace6d54f99b11509d3bd139808f8605c3736b8571a2ad9209a61ec3c
                  cni.projectcalico.org/podIP: <pod-ip>/32
                  cni.projectcalico.org/podIPs: <pod-ip>/32
Status:           Running
IP:               <pod-ip>
IPs:
  IP:           <pod-ip>
Controlled By:  ReplicaSet/hermod-coordinator-7d7b88cc46
Init Containers:
  wait-for-postgres:
    Container ID:  containerd://b8076f61bf3374fb7c5d5ba21180eb50792698868e52db39a5b9241ff015a149
    Image:         busybox:1.36
    Image ID:      docker.io/library/busybox@sha256:73aaf090f3d85aa34ee199857f03fa3a95c8ede2ffd4cc2cdb5b94e566b11662
    Port:          <none>
    Host Port:     <none>
    Command:
      sh
      -c
      until nc -z postgres 5432; do sleep 2; done
    State:          Terminated
      Reason:       Completed
      Exit Code:    0
      Started:      Mon, 27 Apr 2026 09:58:54 +0200
      Finished:     Mon, 27 Apr 2026 09:58:54 +0200
    Ready:          True
    Restart Count:  0
    Environment:
      Hermod__Features__DeviceStateTracking:    true
      Hermod__Engine__LogBatchSize:             100
      Hermod__Engine__LogBatching:              true
      Hermod__Engine__Parallelism:              0
      Hermod__Features__MessagePersistence:     true
      Hermod__Features__RuleAuditLog:           true
      Hermod__Features__RuleCache:              true
      Hermod__Features__StatsRollup:            true
      Hermod__Storage__Mode:                    Postgres
      Logging__LogLevel__Hermod:                Information
      Logging__LogLevel__Microsoft.AspNetCore:  Warning
    Mounts:
      /var/run/secrets/kubernetes.io/serviceaccount from kube-api-access-kt2tl (ro)
  wait-for-nanomq:
    Container ID:  containerd://a757428e915ba6283f62206003ae86022cbad96795dae1209d29f4d6ecb7da94
    Image:         busybox:1.36
    Image ID:      docker.io/library/busybox@sha256:73aaf090f3d85aa34ee199857f03fa3a95c8ede2ffd4cc2cdb5b94e566b11662
    Port:          <none>
    Host Port:     <none>
    Command:
      sh
      -c
      until nc -z nanomq 1883; do sleep 2; done
    State:          Terminated
      Reason:       Completed
      Exit Code:    0
      Started:      Mon, 27 Apr 2026 09:58:55 +0200
      Finished:     Mon, 27 Apr 2026 09:58:55 +0200
    Ready:          True
    Restart Count:  0
    Environment:
      Hermod__Features__DeviceStateTracking:    true
      Hermod__Engine__LogBatchSize:             100
      Hermod__Engine__LogBatching:              true
      Hermod__Engine__Parallelism:              0
      Hermod__Features__MessagePersistence:     true
      Hermod__Features__RuleAuditLog:           true
      Hermod__Features__RuleCache:              true
      Hermod__Features__StatsRollup:            true
      Hermod__Storage__Mode:                    Postgres
      Logging__LogLevel__Hermod:                Information
      Logging__LogLevel__Microsoft.AspNetCore:  Warning
    Mounts:
      /var/run/secrets/kubernetes.io/serviceaccount from kube-api-access-kt2tl (ro)
Containers:
  hermod-coordinator:
    Container ID:   containerd://57ab1083b5e5700c0d9ee233851776a73de99452118bd7e7cc1bfa3b08f3cf9b
    Image:          hermod-coordinator:latest
    Image ID:       sha256:ca91ccdfcd269dd5e4e25d5ffe8d863ca5db57e5c4f62f08c8adf90d23c15eaf
    Port:           42069/TCP (http)
    Host Port:      0/TCP (http)
    State:          Running
      Started:      Mon, 27 Apr 2026 09:58:56 +0200
    Ready:          True
    Restart Count:  0
    Limits:
      cpu:     1500m
      memory:  1536Mi
    Requests:
      cpu:      200m
      memory:   256Mi
    Liveness:   http-get http://:42069/healthz delay=60s timeout=1s period=30s #success=1 #failure=3
    Readiness:  http-get http://:42069/healthz/ready delay=5s timeout=1s period=10s #success=1 #failure=3
    Startup:    http-get http://:42069/healthz delay=0s timeout=1s period=5s #success=1 #failure=30
    Environment:
      ASPNETCORE_ENVIRONMENT:                   Production
      ASPNETCORE_URLS:                          http://+:42069
      DOTNET_USE_POLLING_FILE_WATCHER:          true
      Hermod__Security__AuthBypass:             true
      Hermod__Security__VaultRequireHttps:      false
      Hermod__Features__MetricsEndpoint:        true
      Hermod__Dev__Endpoints:                   true
      Hermod__Mqtt__Host:                       nanomq
      Hermod__Mqtt__Port:                       1883
      Hermod__Mqtt__UseTls:                     false
      Hermod__Mqtt__Tls__UseTls:                false
      Hermod__Mqtt__Username:                   <set to the key 'mqtt-username' in secret 'hermod-secrets'>  Optional: false
      Hermod__Mqtt__Password:                   <set to the key 'mqtt-password' in secret 'hermod-secrets'>  Optional: false
      Hermod__Database__ConnectionString:       Host=postgres;Port=5432;Database=hermod;Username=hermod_app
      Hermod__Database__Password:               <set to the key 'hermod-db-password' in secret 'hermod-db-credentials'>  Optional: false
      Hermod__Features__DeviceStateTracking:    true
      Hermod__Engine__LogBatchSize:             100
      Hermod__Engine__LogBatching:              true
      Hermod__Engine__Parallelism:              0
      Hermod__Features__MessagePersistence:     true
      Hermod__Features__RuleAuditLog:           true
      Hermod__Features__RuleCache:              true
      Hermod__Features__StatsRollup:            true
      Hermod__Storage__Mode:                    Postgres
      Logging__LogLevel__Hermod:                Information
      Logging__LogLevel__Microsoft.AspNetCore:  Warning
    Mounts:
      /var/run/secrets/kubernetes.io/serviceaccount from kube-api-access-kt2tl (ro)
Conditions:
  Type                        Status
  PodReadyToStartContainers   True 
  Initialized                 True 
  Ready                       True 
  ContainersReady             True 
  PodScheduled                True 
Volumes:
  kube-api-access-kt2tl:
    Type:                    Projected (a volume that contains injected data from multiple sources)
    TokenExpirationSeconds:  3607
    ConfigMapName:           kube-root-ca.crt
    Optional:                false
    DownwardAPI:             true
QoS Class:                   Burstable
Node-Selectors:              <none>
Tolerations:                 node.kubernetes.io/not-ready:NoExecute op=Exists for 300s
                             node.kubernetes.io/unreachable:NoExecute op=Exists for 300s
Events:
  Type    Reason     Age   From               Message
  ----    ------     ----  ----               -------
  Normal  Scheduled  69s   default-scheduler  Successfully assigned translator-lora/hermod-coordinator-7d7b88cc46-x568z to <pi-host>
  Normal  Pulled     69s   kubelet            spec.initContainers{wait-for-postgres}: Container image "busybox:1.36" already present on machine
  Normal  Created    69s   kubelet            spec.initContainers{wait-for-postgres}: Created container: wait-for-postgres
  Normal  Started    69s   kubelet            spec.initContainers{wait-for-postgres}: Started container wait-for-postgres
  Normal  Pulled     68s   kubelet            spec.initContainers{wait-for-nanomq}: Container image "busybox:1.36" already present on machine
  Normal  Created    68s   kubelet            spec.initContainers{wait-for-nanomq}: Created container: wait-for-nanomq
  Normal  Started    68s   kubelet            spec.initContainers{wait-for-nanomq}: Started container wait-for-nanomq
  Normal  Pulled     67s   kubelet            spec.containers{hermod-coordinator}: Container image "hermod-coordinator:latest" already present on machine
  Normal  Created    67s   kubelet            spec.containers{hermod-coordinator}: Created container: hermod-coordinator
  Normal  Started    67s   kubelet            spec.containers{hermod-coordinator}: Started container hermod-coordinator


Name:             lora2mqtt-75b64546f8-vcg2h
Namespace:        translator-lora
Priority:         0
Service Account:  default
Node:             <pi-host>/<pi-ip>
Start Time:       Mon, 27 Apr 2026 09:58:20 +0200
Labels:           app=lora2mqtt
                  pod-template-hash=75b64546f8
Annotations:      cni.projectcalico.org/containerID: 17c200a74a85b0290e8ffedad65f7ce5a2d86a3ad5b72d71a6a00bc3b77af534
                  cni.projectcalico.org/podIP: <pod-ip>/32
                  cni.projectcalico.org/podIPs: <pod-ip>/32
Status:           Running
IP:               <pod-ip>
IPs:
  IP:           <pod-ip>
Controlled By:  ReplicaSet/lora2mqtt-75b64546f8
Containers:
  lora2mqtt:
    Container ID:   containerd://d785b3970a9921182ab24b1c8f232260b6ab0b105403cf3396266b5dce4822ca
    Image:          lora2mqtt:latest
    Image ID:       sha256:a577beb808fc418e29701f8435e3bdaa80e51fc465081b3046d1a6e7fa733883
    Port:           8080/TCP (http)
    Host Port:      0/TCP (http)
    State:          Running
      Started:      Mon, 27 Apr 2026 09:58:40 +0200
    Last State:     Terminated
      Reason:       Error
      Exit Code:    139
      Started:      Mon, 27 Apr 2026 09:58:24 +0200
      Finished:     Mon, 27 Apr 2026 09:58:25 +0200
    Ready:          True
    Restart Count:  2
    Limits:
      cpu:     500m
      memory:  256Mi
    Requests:
      cpu:      50m
      memory:   64Mi
    Readiness:  http-get http://:8080/health/ready delay=5s timeout=1s period=10s #success=1 #failure=3
    Environment:
      LoRa__MockMode:                       false
      LoRa__SerialPort:                     /dev/ttyACM0
      Hermod__Security__AuthBypass:         true
      Hermod__Security__VaultRequireHttps:  false
      Hermod__Features__MetricsEndpoint:    true
      Hermod__Dev__Endpoints:               true
      Mqtt__Host:                           nanomq
      Mqtt__Port:                           1883
      Mqtt__Tls__UseTls:                    false
      Mqtt__Username:                       <set to the key 'mqtt-username' in secret 'hermod-secrets'>  Optional: false
      Mqtt__Password:                       <set to the key 'mqtt-password' in secret 'hermod-secrets'>  Optional: false
    Mounts:
      /dev/ttyACM0 from lora-device (rw)
      /var/run/secrets/kubernetes.io/serviceaccount from kube-api-access-vrjnm (ro)
Conditions:
  Type                        Status
  PodReadyToStartContainers   True 
  Initialized                 True 
  Ready                       True 
  ContainersReady             True 
  PodScheduled                True 
Volumes:
  lora-device:
    Type:          HostPath (bare host directory volume)
    Path:          /dev/ttyACM0
    HostPathType:  CharDevice
  kube-api-access-vrjnm:
    Type:                    Projected (a volume that contains injected data from multiple sources)
    TokenExpirationSeconds:  3607
    ConfigMapName:           kube-root-ca.crt
    Optional:                false
    DownwardAPI:             true
QoS Class:                   Burstable
Node-Selectors:              <none>
Tolerations:                 node.kubernetes.io/not-ready:NoExecute op=Exists for 300s
                             node.kubernetes.io/unreachable:NoExecute op=Exists for 300s
Events:
  Type     Reason     Age                 From               Message
  ----     ------     ----                ----               -------
  Normal   Scheduled  103s                default-scheduler  Successfully assigned translator-lora/lora2mqtt-75b64546f8-vcg2h to <pi-host>
  Warning  BackOff    97s                 kubelet            spec.containers{lora2mqtt}: Back-off restarting failed container lora2mqtt in pod lora2mqtt-75b64546f8-vcg2h_translator-lora(43efd0a8-64b2-4cef-89fa-217853213c92)
  Normal   Pulled     83s (x3 over 102s)  kubelet            spec.containers{lora2mqtt}: Container image "lora2mqtt:latest" already present on machine
  Normal   Created    83s (x3 over 102s)  kubelet            spec.containers{lora2mqtt}: Created container: lora2mqtt
  Normal   Started    83s (x3 over 102s)  kubelet            spec.containers{lora2mqtt}: Started container lora2mqtt


Name:             nanomq-756fd88db6-gswzb
Namespace:        translator-lora
Priority:         0
Service Account:  default
Node:             <pi-host>/<pi-ip>
Start Time:       Mon, 27 Apr 2026 09:58:19 +0200
Labels:           app=nanomq
                  pod-template-hash=756fd88db6
Annotations:      cni.projectcalico.org/containerID: d13c00cff7c10170fdc73772a9d33ca9bc5e989414abb31ba06cd8c4cba05e53
                  cni.projectcalico.org/podIP: <pod-ip>/32
                  cni.projectcalico.org/podIPs: <pod-ip>/32
Status:           Running
IP:               <pod-ip>
IPs:
  IP:           <pod-ip>
Controlled By:  ReplicaSet/nanomq-756fd88db6
Containers:
  nanomq:
    Container ID:   containerd://67ecb14b2266eeed5d73f43c0adecf135657789524422372d58a4cdc5fea0714
    Image:          emqx/nanomq:0.21-slim
    Image ID:       docker.io/emqx/nanomq@sha256:53bea7acb547aced1cc45e08c514628f1e41c4da9ad544fd8c5fa96d3e9eb41b
    Ports:          1883/TCP (mqtt), 8081/TCP (http)
    Host Ports:     0/TCP (mqtt), 0/TCP (http)
    State:          Running
      Started:      Mon, 27 Apr 2026 09:58:21 +0200
    Ready:          True
    Restart Count:  0
    Limits:
      cpu:     1
      memory:  512Mi
    Requests:
      cpu:        50m
      memory:     64Mi
    Readiness:    tcp-socket :1883 delay=3s timeout=1s period=5s #success=1 #failure=3
    Environment:  <none>
    Mounts:
      /etc/nanomq.conf from config (rw,path="nanomq.conf")
      /var/run/secrets/kubernetes.io/serviceaccount from kube-api-access-r78qr (ro)
Conditions:
  Type                        Status
  PodReadyToStartContainers   True 
  Initialized                 True 
  Ready                       True 
  ContainersReady             True 
  PodScheduled                True 
Volumes:
  config:
    Type:      ConfigMap (a volume populated by a ConfigMap)
    Name:      nanomq-config
    Optional:  false
  kube-api-access-r78qr:
    Type:                    Projected (a volume that contains injected data from multiple sources)
    TokenExpirationSeconds:  3607
    ConfigMapName:           kube-root-ca.crt
    Optional:                false
    DownwardAPI:             true
QoS Class:                   Burstable
Node-Selectors:              <none>
Tolerations:                 node.kubernetes.io/not-ready:NoExecute op=Exists for 300s
                             node.kubernetes.io/unreachable:NoExecute op=Exists for 300s
Events:
  Type    Reason     Age   From               Message
  ----    ------     ----  ----               -------
  Normal  Scheduled  103s  default-scheduler  Successfully assigned translator-lora/nanomq-756fd88db6-gswzb to <pi-host>
  Normal  Pulled     102s  kubelet            spec.containers{nanomq}: Container image "emqx/nanomq:0.21-slim" already present on machine
  Normal  Created    102s  kubelet            spec.containers{nanomq}: Created container: nanomq
  Normal  Started    102s  kubelet            spec.containers{nanomq}: Started container nanomq


Name:             postgres-0
Namespace:        translator-lora
Priority:         0
Service Account:  default
Node:             <pi-host>/<pi-ip>
Start Time:       Mon, 27 Apr 2026 09:58:25 +0200
Labels:           app=postgres
                  apps.kubernetes.io/pod-index=0
                  controller-revision-hash=postgres-848ccb988d
                  statefulset.kubernetes.io/pod-name=postgres-0
Annotations:      cni.projectcalico.org/containerID: d4d46e624b672c075c4fb1dc4e54cdc3ce20b9a247d83fa6f9fb1f6aaa2c7b2d
                  cni.projectcalico.org/podIP: <pod-ip>/32
                  cni.projectcalico.org/podIPs: <pod-ip>/32
Status:           Running
IP:               <pod-ip>
IPs:
  IP:           <pod-ip>
Controlled By:  StatefulSet/postgres
Containers:
  postgres:
    Container ID:   containerd://079f755960298a41ec9f9808ccdd98c1a3717fcf702cabf311505369b239c8da
    Image:          postgres:17-alpine
    Image ID:       docker.io/library/postgres@sha256:778d0b486d6daa02b77434d0358ec57a1b21fd8b6d22ac2eef56a33e816928f6
    Port:           5432/TCP
    Host Port:      0/TCP
    State:          Running
      Started:      Mon, 27 Apr 2026 09:58:26 +0200
    Ready:          True
    Restart Count:  0
    Limits:
      cpu:     1500m
      memory:  1536Mi
    Requests:
      cpu:      100m
      memory:   256Mi
    Readiness:  exec [pg_isready -U postgres] delay=5s timeout=1s period=5s #success=1 #failure=3
    Environment:
      POSTGRES_DB:        postgres
      POSTGRES_USER:      postgres
      POSTGRES_PASSWORD:  <set to the key 'postgres-superuser-password' in secret 'hermod-secrets'>  Optional: false
    Mounts:
      /docker-entrypoint-initdb.d from init (rw)
      /var/lib/postgresql/data from data (rw)
      /var/run/secrets/kubernetes.io/serviceaccount from kube-api-access-rk7cn (ro)
Conditions:
  Type                        Status
  PodReadyToStartContainers   True 
  Initialized                 True 
  Ready                       True 
  ContainersReady             True 
  PodScheduled                True 
Volumes:
  data:
    Type:       PersistentVolumeClaim (a reference to a PersistentVolumeClaim in the same namespace)
    ClaimName:  data-postgres-0
    ReadOnly:   false
  init:
    Type:      ConfigMap (a volume populated by a ConfigMap)
    Name:      postgres-init
    Optional:  false
  kube-api-access-rk7cn:
    Type:                    Projected (a volume that contains injected data from multiple sources)
    TokenExpirationSeconds:  3607
    ConfigMapName:           kube-root-ca.crt
    Optional:                false
    DownwardAPI:             true
QoS Class:                   Burstable
Node-Selectors:              <none>
Tolerations:                 node.kubernetes.io/not-ready:NoExecute op=Exists for 300s
                             node.kubernetes.io/unreachable:NoExecute op=Exists for 300s
Events:
  Type    Reason     Age   From               Message
  ----    ------     ----  ----               -------
  Normal  Scheduled  97s   default-scheduler  Successfully assigned translator-lora/postgres-0 to <pi-host>
  Normal  Pulled     97s   kubelet            spec.containers{postgres}: Container image "postgres:17-alpine" already present on machine
  Normal  Created    97s   kubelet            spec.containers{postgres}: Created container: postgres
  Normal  Started    97s   kubelet            spec.containers{postgres}: Started container postgres

=== ts=1777276814 ===
Name:             hermod-coordinator-7d7b88cc46-x568z
Namespace:        translator-lora
Priority:         0
Service Account:  default
Node:             <pi-host>/<pi-ip>
Start Time:       Mon, 27 Apr 2026 09:58:53 +0200
Labels:           app=hermod-coordinator
                  pod-template-hash=7d7b88cc46
Annotations:      cni.projectcalico.org/containerID: 96136bacace6d54f99b11509d3bd139808f8605c3736b8571a2ad9209a61ec3c
                  cni.projectcalico.org/podIP: <pod-ip>/32
                  cni.projectcalico.org/podIPs: <pod-ip>/32
Status:           Running
IP:               <pod-ip>
IPs:
  IP:           <pod-ip>
Controlled By:  ReplicaSet/hermod-coordinator-7d7b88cc46
Init Containers:
  wait-for-postgres:
    Container ID:  containerd://b8076f61bf3374fb7c5d5ba21180eb50792698868e52db39a5b9241ff015a149
    Image:         busybox:1.36
    Image ID:      docker.io/library/busybox@sha256:73aaf090f3d85aa34ee199857f03fa3a95c8ede2ffd4cc2cdb5b94e566b11662
    Port:          <none>
    Host Port:     <none>
    Command:
      sh
      -c
      until nc -z postgres 5432; do sleep 2; done
    State:          Terminated
      Reason:       Completed
      Exit Code:    0
      Started:      Mon, 27 Apr 2026 09:58:54 +0200
      Finished:     Mon, 27 Apr 2026 09:58:54 +0200
    Ready:          True
    Restart Count:  0
    Environment:
      Hermod__Features__DeviceStateTracking:    true
      Hermod__Engine__LogBatchSize:             100
      Hermod__Engine__LogBatching:              true
      Hermod__Engine__Parallelism:              0
      Hermod__Features__MessagePersistence:     true
      Hermod__Features__RuleAuditLog:           true
      Hermod__Features__RuleCache:              true
      Hermod__Features__StatsRollup:            true
      Hermod__Storage__Mode:                    Postgres
      Logging__LogLevel__Hermod:                Information
      Logging__LogLevel__Microsoft.AspNetCore:  Warning
    Mounts:
      /var/run/secrets/kubernetes.io/serviceaccount from kube-api-access-kt2tl (ro)
  wait-for-nanomq:
    Container ID:  containerd://a757428e915ba6283f62206003ae86022cbad96795dae1209d29f4d6ecb7da94
    Image:         busybox:1.36
    Image ID:      docker.io/library/busybox@sha256:73aaf090f3d85aa34ee199857f03fa3a95c8ede2ffd4cc2cdb5b94e566b11662
    Port:          <none>
    Host Port:     <none>
    Command:
      sh
      -c
      until nc -z nanomq 1883; do sleep 2; done
    State:          Terminated
      Reason:       Completed
      Exit Code:    0
      Started:      Mon, 27 Apr 2026 09:58:55 +0200
      Finished:     Mon, 27 Apr 2026 09:58:55 +0200
    Ready:          True
    Restart Count:  0
    Environment:
      Hermod__Features__DeviceStateTracking:    true
      Hermod__Engine__LogBatchSize:             100
      Hermod__Engine__LogBatching:              true
      Hermod__Engine__Parallelism:              0
      Hermod__Features__MessagePersistence:     true
      Hermod__Features__RuleAuditLog:           true
      Hermod__Features__RuleCache:              true
      Hermod__Features__StatsRollup:            true
      Hermod__Storage__Mode:                    Postgres
      Logging__LogLevel__Hermod:                Information
      Logging__LogLevel__Microsoft.AspNetCore:  Warning
    Mounts:
      /var/run/secrets/kubernetes.io/serviceaccount from kube-api-access-kt2tl (ro)
Containers:
  hermod-coordinator:
    Container ID:   containerd://57ab1083b5e5700c0d9ee233851776a73de99452118bd7e7cc1bfa3b08f3cf9b
    Image:          hermod-coordinator:latest
    Image ID:       sha256:ca91ccdfcd269dd5e4e25d5ffe8d863ca5db57e5c4f62f08c8adf90d23c15eaf
    Port:           42069/TCP (http)
    Host Port:      0/TCP (http)
    State:          Running
      Started:      Mon, 27 Apr 2026 09:58:56 +0200
    Ready:          True
    Restart Count:  0
    Limits:
      cpu:     1500m
      memory:  1536Mi
    Requests:
      cpu:      200m
      memory:   256Mi
    Liveness:   http-get http://:42069/healthz delay=60s timeout=1s period=30s #success=1 #failure=3
    Readiness:  http-get http://:42069/healthz/ready delay=5s timeout=1s period=10s #success=1 #failure=3
    Startup:    http-get http://:42069/healthz delay=0s timeout=1s period=5s #success=1 #failure=30
    Environment:
      ASPNETCORE_ENVIRONMENT:                   Production
      ASPNETCORE_URLS:                          http://+:42069
      DOTNET_USE_POLLING_FILE_WATCHER:          true
      Hermod__Security__AuthBypass:             true
      Hermod__Security__VaultRequireHttps:      false
      Hermod__Features__MetricsEndpoint:        true
      Hermod__Dev__Endpoints:                   true
      Hermod__Mqtt__Host:                       nanomq
      Hermod__Mqtt__Port:                       1883
      Hermod__Mqtt__UseTls:                     false
      Hermod__Mqtt__Tls__UseTls:                false
      Hermod__Mqtt__Username:                   <set to the key 'mqtt-username' in secret 'hermod-secrets'>  Optional: false
      Hermod__Mqtt__Password:                   <set to the key 'mqtt-password' in secret 'hermod-secrets'>  Optional: false
      Hermod__Database__ConnectionString:       Host=postgres;Port=5432;Database=hermod;Username=hermod_app
      Hermod__Database__Password:               <set to the key 'hermod-db-password' in secret 'hermod-db-credentials'>  Optional: false
      Hermod__Features__DeviceStateTracking:    true
      Hermod__Engine__LogBatchSize:             100
      Hermod__Engine__LogBatching:              true
      Hermod__Engine__Parallelism:              0
      Hermod__Features__MessagePersistence:     true
      Hermod__Features__RuleAuditLog:           true
      Hermod__Features__RuleCache:              true
      Hermod__Features__StatsRollup:            true
      Hermod__Storage__Mode:                    Postgres
      Logging__LogLevel__Hermod:                Information
      Logging__LogLevel__Microsoft.AspNetCore:  Warning
    Mounts:
      /var/run/secrets/kubernetes.io/serviceaccount from kube-api-access-kt2tl (ro)
Conditions:
  Type                        Status
  PodReadyToStartContainers   True 
  Initialized                 True 
  Ready                       True 
  ContainersReady             True 
  PodScheduled                True 
Volumes:
  kube-api-access-kt2tl:
    Type:                    Projected (a volume that contains injected data from multiple sources)
    TokenExpirationSeconds:  3607
    ConfigMapName:           kube-root-ca.crt
    Optional:                false
    DownwardAPI:             true
QoS Class:                   Burstable
Node-Selectors:              <none>
Tolerations:                 node.kubernetes.io/not-ready:NoExecute op=Exists for 300s
                             node.kubernetes.io/unreachable:NoExecute op=Exists for 300s
Events:
  Type    Reason     Age   From               Message
  ----    ------     ----  ----               -------
  Normal  Scheduled  80s   default-scheduler  Successfully assigned translator-lora/hermod-coordinator-7d7b88cc46-x568z to <pi-host>
  Normal  Pulled     80s   kubelet            spec.initContainers{wait-for-postgres}: Container image "busybox:1.36" already present on machine
  Normal  Created    80s   kubelet            spec.initContainers{wait-for-postgres}: Created container: wait-for-postgres
  Normal  Started    80s   kubelet            spec.initContainers{wait-for-postgres}: Started container wait-for-postgres
  Normal  Pulled     79s   kubelet            spec.initContainers{wait-for-nanomq}: Container image "busybox:1.36" already present on machine
  Normal  Created    79s   kubelet            spec.initContainers{wait-for-nanomq}: Created container: wait-for-nanomq
  Normal  Started    79s   kubelet            spec.initContainers{wait-for-nanomq}: Started container wait-for-nanomq
  Normal  Pulled     78s   kubelet            spec.containers{hermod-coordinator}: Container image "hermod-coordinator:latest" already present on machine
  Normal  Created    78s   kubelet            spec.containers{hermod-coordinator}: Created container: hermod-coordinator
  Normal  Started    78s   kubelet            spec.containers{hermod-coordinator}: Started container hermod-coordinator


Name:             lora2mqtt-75b64546f8-vcg2h
Namespace:        translator-lora
Priority:         0
Service Account:  default
Node:             <pi-host>/<pi-ip>
Start Time:       Mon, 27 Apr 2026 09:58:20 +0200
Labels:           app=lora2mqtt
                  pod-template-hash=75b64546f8
Annotations:      cni.projectcalico.org/containerID: 17c200a74a85b0290e8ffedad65f7ce5a2d86a3ad5b72d71a6a00bc3b77af534
                  cni.projectcalico.org/podIP: <pod-ip>/32
                  cni.projectcalico.org/podIPs: <pod-ip>/32
Status:           Running
IP:               <pod-ip>
IPs:
  IP:           <pod-ip>
Controlled By:  ReplicaSet/lora2mqtt-75b64546f8
Containers:
  lora2mqtt:
    Container ID:   containerd://d785b3970a9921182ab24b1c8f232260b6ab0b105403cf3396266b5dce4822ca
    Image:          lora2mqtt:latest
    Image ID:       sha256:a577beb808fc418e29701f8435e3bdaa80e51fc465081b3046d1a6e7fa733883
    Port:           8080/TCP (http)
    Host Port:      0/TCP (http)
    State:          Running
      Started:      Mon, 27 Apr 2026 09:58:40 +0200
    Last State:     Terminated
      Reason:       Error
      Exit Code:    139
      Started:      Mon, 27 Apr 2026 09:58:24 +0200
      Finished:     Mon, 27 Apr 2026 09:58:25 +0200
    Ready:          True
    Restart Count:  2
    Limits:
      cpu:     500m
      memory:  256Mi
    Requests:
      cpu:      50m
      memory:   64Mi
    Readiness:  http-get http://:8080/health/ready delay=5s timeout=1s period=10s #success=1 #failure=3
    Environment:
      LoRa__MockMode:                       false
      LoRa__SerialPort:                     /dev/ttyACM0
      Hermod__Security__AuthBypass:         true
      Hermod__Security__VaultRequireHttps:  false
      Hermod__Features__MetricsEndpoint:    true
      Hermod__Dev__Endpoints:               true
      Mqtt__Host:                           nanomq
      Mqtt__Port:                           1883
      Mqtt__Tls__UseTls:                    false
      Mqtt__Username:                       <set to the key 'mqtt-username' in secret 'hermod-secrets'>  Optional: false
      Mqtt__Password:                       <set to the key 'mqtt-password' in secret 'hermod-secrets'>  Optional: false
    Mounts:
      /dev/ttyACM0 from lora-device (rw)
      /var/run/secrets/kubernetes.io/serviceaccount from kube-api-access-vrjnm (ro)
Conditions:
  Type                        Status
  PodReadyToStartContainers   True 
  Initialized                 True 
  Ready                       True 
  ContainersReady             True 
  PodScheduled                True 
Volumes:
  lora-device:
    Type:          HostPath (bare host directory volume)
    Path:          /dev/ttyACM0
    HostPathType:  CharDevice
  kube-api-access-vrjnm:
    Type:                    Projected (a volume that contains injected data from multiple sources)
    TokenExpirationSeconds:  3607
    ConfigMapName:           kube-root-ca.crt
    Optional:                false
    DownwardAPI:             true
QoS Class:                   Burstable
Node-Selectors:              <none>
Tolerations:                 node.kubernetes.io/not-ready:NoExecute op=Exists for 300s
                             node.kubernetes.io/unreachable:NoExecute op=Exists for 300s
Events:
  Type     Reason     Age                 From               Message
  ----     ------     ----                ----               -------
  Normal   Scheduled  114s                default-scheduler  Successfully assigned translator-lora/lora2mqtt-75b64546f8-vcg2h to <pi-host>
  Warning  BackOff    108s                kubelet            spec.containers{lora2mqtt}: Back-off restarting failed container lora2mqtt in pod lora2mqtt-75b64546f8-vcg2h_translator-lora(43efd0a8-64b2-4cef-89fa-217853213c92)
  Normal   Pulled     94s (x3 over 113s)  kubelet            spec.containers{lora2mqtt}: Container image "lora2mqtt:latest" already present on machine
  Normal   Created    94s (x3 over 113s)  kubelet            spec.containers{lora2mqtt}: Created container: lora2mqtt
  Normal   Started    94s (x3 over 113s)  kubelet            spec.containers{lora2mqtt}: Started container lora2mqtt


Name:             nanomq-756fd88db6-gswzb
Namespace:        translator-lora
Priority:         0
Service Account:  default
Node:             <pi-host>/<pi-ip>
Start Time:       Mon, 27 Apr 2026 09:58:19 +0200
Labels:           app=nanomq
                  pod-template-hash=756fd88db6
Annotations:      cni.projectcalico.org/containerID: d13c00cff7c10170fdc73772a9d33ca9bc5e989414abb31ba06cd8c4cba05e53
                  cni.projectcalico.org/podIP: <pod-ip>/32
                  cni.projectcalico.org/podIPs: <pod-ip>/32
Status:           Running
IP:               <pod-ip>
IPs:
  IP:           <pod-ip>
Controlled By:  ReplicaSet/nanomq-756fd88db6
Containers:
  nanomq:
    Container ID:   containerd://67ecb14b2266eeed5d73f43c0adecf135657789524422372d58a4cdc5fea0714
    Image:          emqx/nanomq:0.21-slim
    Image ID:       docker.io/emqx/nanomq@sha256:53bea7acb547aced1cc45e08c514628f1e41c4da9ad544fd8c5fa96d3e9eb41b
    Ports:          1883/TCP (mqtt), 8081/TCP (http)
    Host Ports:     0/TCP (mqtt), 0/TCP (http)
    State:          Running
      Started:      Mon, 27 Apr 2026 09:58:21 +0200
    Ready:          True
    Restart Count:  0
    Limits:
      cpu:     1
      memory:  512Mi
    Requests:
      cpu:        50m
      memory:     64Mi
    Readiness:    tcp-socket :1883 delay=3s timeout=1s period=5s #success=1 #failure=3
    Environment:  <none>
    Mounts:
      /etc/nanomq.conf from config (rw,path="nanomq.conf")
      /var/run/secrets/kubernetes.io/serviceaccount from kube-api-access-r78qr (ro)
Conditions:
  Type                        Status
  PodReadyToStartContainers   True 
  Initialized                 True 
  Ready                       True 
  ContainersReady             True 
  PodScheduled                True 
Volumes:
  config:
    Type:      ConfigMap (a volume populated by a ConfigMap)
    Name:      nanomq-config
    Optional:  false
  kube-api-access-r78qr:
    Type:                    Projected (a volume that contains injected data from multiple sources)
    TokenExpirationSeconds:  3607
    ConfigMapName:           kube-root-ca.crt
    Optional:                false
    DownwardAPI:             true
QoS Class:                   Burstable
Node-Selectors:              <none>
Tolerations:                 node.kubernetes.io/not-ready:NoExecute op=Exists for 300s
                             node.kubernetes.io/unreachable:NoExecute op=Exists for 300s
Events:
  Type    Reason     Age   From               Message
  ----    ------     ----  ----               -------
  Normal  Scheduled  115s  default-scheduler  Successfully assigned translator-lora/nanomq-756fd88db6-gswzb to <pi-host>
  Normal  Pulled     113s  kubelet            spec.containers{nanomq}: Container image "emqx/nanomq:0.21-slim" already present on machine
  Normal  Created    113s  kubelet            spec.containers{nanomq}: Created container: nanomq
  Normal  Started    113s  kubelet            spec.containers{nanomq}: Started container nanomq


Name:             postgres-0
Namespace:        translator-lora
Priority:         0
Service Account:  default
Node:             <pi-host>/<pi-ip>
Start Time:       Mon, 27 Apr 2026 09:58:25 +0200
Labels:           app=postgres
                  apps.kubernetes.io/pod-index=0
                  controller-revision-hash=postgres-848ccb988d
                  statefulset.kubernetes.io/pod-name=postgres-0
Annotations:      cni.projectcalico.org/containerID: d4d46e624b672c075c4fb1dc4e54cdc3ce20b9a247d83fa6f9fb1f6aaa2c7b2d
                  cni.projectcalico.org/podIP: <pod-ip>/32
                  cni.projectcalico.org/podIPs: <pod-ip>/32
Status:           Running
IP:               <pod-ip>
IPs:
  IP:           <pod-ip>
Controlled By:  StatefulSet/postgres
Containers:
  postgres:
    Container ID:   containerd://079f755960298a41ec9f9808ccdd98c1a3717fcf702cabf311505369b239c8da
    Image:          postgres:17-alpine
    Image ID:       docker.io/library/postgres@sha256:778d0b486d6daa02b77434d0358ec57a1b21fd8b6d22ac2eef56a33e816928f6
    Port:           5432/TCP
    Host Port:      0/TCP
    State:          Running
      Started:      Mon, 27 Apr 2026 09:58:26 +0200
    Ready:          True
    Restart Count:  0
    Limits:
      cpu:     1500m
      memory:  1536Mi
    Requests:
      cpu:      100m
      memory:   256Mi
    Readiness:  exec [pg_isready -U postgres] delay=5s timeout=1s period=5s #success=1 #failure=3
    Environment:
      POSTGRES_DB:        postgres
      POSTGRES_USER:      postgres
      POSTGRES_PASSWORD:  <set to the key 'postgres-superuser-password' in secret 'hermod-secrets'>  Optional: false
    Mounts:
      /docker-entrypoint-initdb.d from init (rw)
      /var/lib/postgresql/data from data (rw)
      /var/run/secrets/kubernetes.io/serviceaccount from kube-api-access-rk7cn (ro)
Conditions:
  Type                        Status
  PodReadyToStartContainers   True 
  Initialized                 True 
  Ready                       True 
  ContainersReady             True 
  PodScheduled                True 
Volumes:
  data:
    Type:       PersistentVolumeClaim (a reference to a PersistentVolumeClaim in the same namespace)
    ClaimName:  data-postgres-0
    ReadOnly:   false
  init:
    Type:      ConfigMap (a volume populated by a ConfigMap)
    Name:      postgres-init
    Optional:  false
  kube-api-access-rk7cn:
    Type:                    Projected (a volume that contains injected data from multiple sources)
    TokenExpirationSeconds:  3607
    ConfigMapName:           kube-root-ca.crt
    Optional:                false
    DownwardAPI:             true
QoS Class:                   Burstable
Node-Selectors:              <none>
Tolerations:                 node.kubernetes.io/not-ready:NoExecute op=Exists for 300s
                             node.kubernetes.io/unreachable:NoExecute op=Exists for 300s
Events:
  Type    Reason     Age   From               Message
  ----    ------     ----  ----               -------
  Normal  Scheduled  109s  default-scheduler  Successfully assigned translator-lora/postgres-0 to <pi-host>
  Normal  Pulled     108s  kubelet            spec.containers{postgres}: Container image "postgres:17-alpine" already present on machine
  Normal  Created    108s  kubelet            spec.containers{postgres}: Created container: postgres
  Normal  Started    108s  kubelet            spec.containers{postgres}: Started container postgres

=== ts=1777276826 ===
Name:             hermod-coordinator-7d7b88cc46-x568z
Namespace:        translator-lora
Priority:         0
Service Account:  default
Node:             <pi-host>/<pi-ip>
Start Time:       Mon, 27 Apr 2026 09:58:53 +0200
Labels:           app=hermod-coordinator
                  pod-template-hash=7d7b88cc46
Annotations:      cni.projectcalico.org/containerID: 96136bacace6d54f99b11509d3bd139808f8605c3736b8571a2ad9209a61ec3c
                  cni.projectcalico.org/podIP: <pod-ip>/32
                  cni.projectcalico.org/podIPs: <pod-ip>/32
Status:           Running
IP:               <pod-ip>
IPs:
  IP:           <pod-ip>
Controlled By:  ReplicaSet/hermod-coordinator-7d7b88cc46
Init Containers:
  wait-for-postgres:
    Container ID:  containerd://b8076f61bf3374fb7c5d5ba21180eb50792698868e52db39a5b9241ff015a149
    Image:         busybox:1.36
    Image ID:      docker.io/library/busybox@sha256:73aaf090f3d85aa34ee199857f03fa3a95c8ede2ffd4cc2cdb5b94e566b11662
    Port:          <none>
    Host Port:     <none>
    Command:
      sh
      -c
      until nc -z postgres 5432; do sleep 2; done
    State:          Terminated
      Reason:       Completed
      Exit Code:    0
      Started:      Mon, 27 Apr 2026 09:58:54 +0200
      Finished:     Mon, 27 Apr 2026 09:58:54 +0200
    Ready:          True
    Restart Count:  0
    Environment:
      Hermod__Features__DeviceStateTracking:    true
      Hermod__Engine__LogBatchSize:             100
      Hermod__Engine__LogBatching:              true
      Hermod__Engine__Parallelism:              0
      Hermod__Features__MessagePersistence:     true
      Hermod__Features__RuleAuditLog:           true
      Hermod__Features__RuleCache:              true
      Hermod__Features__StatsRollup:            true
      Hermod__Storage__Mode:                    Postgres
      Logging__LogLevel__Hermod:                Information
      Logging__LogLevel__Microsoft.AspNetCore:  Warning
    Mounts:
      /var/run/secrets/kubernetes.io/serviceaccount from kube-api-access-kt2tl (ro)
  wait-for-nanomq:
    Container ID:  containerd://a757428e915ba6283f62206003ae86022cbad96795dae1209d29f4d6ecb7da94
    Image:         busybox:1.36
    Image ID:      docker.io/library/busybox@sha256:73aaf090f3d85aa34ee199857f03fa3a95c8ede2ffd4cc2cdb5b94e566b11662
    Port:          <none>
    Host Port:     <none>
    Command:
      sh
      -c
      until nc -z nanomq 1883; do sleep 2; done
    State:          Terminated
      Reason:       Completed
      Exit Code:    0
      Started:      Mon, 27 Apr 2026 09:58:55 +0200
      Finished:     Mon, 27 Apr 2026 09:58:55 +0200
    Ready:          True
    Restart Count:  0
    Environment:
      Hermod__Features__DeviceStateTracking:    true
      Hermod__Engine__LogBatchSize:             100
      Hermod__Engine__LogBatching:              true
      Hermod__Engine__Parallelism:              0
      Hermod__Features__MessagePersistence:     true
      Hermod__Features__RuleAuditLog:           true
      Hermod__Features__RuleCache:              true
      Hermod__Features__StatsRollup:            true
      Hermod__Storage__Mode:                    Postgres
      Logging__LogLevel__Hermod:                Information
      Logging__LogLevel__Microsoft.AspNetCore:  Warning
    Mounts:
      /var/run/secrets/kubernetes.io/serviceaccount from kube-api-access-kt2tl (ro)
Containers:
  hermod-coordinator:
    Container ID:   containerd://57ab1083b5e5700c0d9ee233851776a73de99452118bd7e7cc1bfa3b08f3cf9b
    Image:          hermod-coordinator:latest
    Image ID:       sha256:ca91ccdfcd269dd5e4e25d5ffe8d863ca5db57e5c4f62f08c8adf90d23c15eaf
    Port:           42069/TCP (http)
    Host Port:      0/TCP (http)
    State:          Running
      Started:      Mon, 27 Apr 2026 09:58:56 +0200
    Ready:          True
    Restart Count:  0
    Limits:
      cpu:     1500m
      memory:  1536Mi
    Requests:
      cpu:      200m
      memory:   256Mi
    Liveness:   http-get http://:42069/healthz delay=60s timeout=1s period=30s #success=1 #failure=3
    Readiness:  http-get http://:42069/healthz/ready delay=5s timeout=1s period=10s #success=1 #failure=3
    Startup:    http-get http://:42069/healthz delay=0s timeout=1s period=5s #success=1 #failure=30
    Environment:
      ASPNETCORE_ENVIRONMENT:                   Production
      ASPNETCORE_URLS:                          http://+:42069
      DOTNET_USE_POLLING_FILE_WATCHER:          true
      Hermod__Security__AuthBypass:             true
      Hermod__Security__VaultRequireHttps:      false
      Hermod__Features__MetricsEndpoint:        true
      Hermod__Dev__Endpoints:                   true
      Hermod__Mqtt__Host:                       nanomq
      Hermod__Mqtt__Port:                       1883
      Hermod__Mqtt__UseTls:                     false
      Hermod__Mqtt__Tls__UseTls:                false
      Hermod__Mqtt__Username:                   <set to the key 'mqtt-username' in secret 'hermod-secrets'>  Optional: false
      Hermod__Mqtt__Password:                   <set to the key 'mqtt-password' in secret 'hermod-secrets'>  Optional: false
      Hermod__Database__ConnectionString:       Host=postgres;Port=5432;Database=hermod;Username=hermod_app
      Hermod__Database__Password:               <set to the key 'hermod-db-password' in secret 'hermod-db-credentials'>  Optional: false
      Hermod__Features__DeviceStateTracking:    true
      Hermod__Engine__LogBatchSize:             100
      Hermod__Engine__LogBatching:              true
      Hermod__Engine__Parallelism:              0
      Hermod__Features__MessagePersistence:     true
      Hermod__Features__RuleAuditLog:           true
      Hermod__Features__RuleCache:              true
      Hermod__Features__StatsRollup:            true
      Hermod__Storage__Mode:                    Postgres
      Logging__LogLevel__Hermod:                Information
      Logging__LogLevel__Microsoft.AspNetCore:  Warning
    Mounts:
      /var/run/secrets/kubernetes.io/serviceaccount from kube-api-access-kt2tl (ro)
Conditions:
  Type                        Status
  PodReadyToStartContainers   True 
  Initialized                 True 
  Ready                       True 
  ContainersReady             True 
  PodScheduled                True 
Volumes:
  kube-api-access-kt2tl:
    Type:                    Projected (a volume that contains injected data from multiple sources)
    TokenExpirationSeconds:  3607
    ConfigMapName:           kube-root-ca.crt
    Optional:                false
    DownwardAPI:             true
QoS Class:                   Burstable
Node-Selectors:              <none>
Tolerations:                 node.kubernetes.io/not-ready:NoExecute op=Exists for 300s
                             node.kubernetes.io/unreachable:NoExecute op=Exists for 300s
Events:
  Type    Reason     Age   From               Message
  ----    ------     ----  ----               -------
  Normal  Scheduled  92s   default-scheduler  Successfully assigned translator-lora/hermod-coordinator-7d7b88cc46-x568z to <pi-host>
  Normal  Pulled     92s   kubelet            spec.initContainers{wait-for-postgres}: Container image "busybox:1.36" already present on machine
  Normal  Created    92s   kubelet            spec.initContainers{wait-for-postgres}: Created container: wait-for-postgres
  Normal  Started    92s   kubelet            spec.initContainers{wait-for-postgres}: Started container wait-for-postgres
  Normal  Pulled     91s   kubelet            spec.initContainers{wait-for-nanomq}: Container image "busybox:1.36" already present on machine
  Normal  Created    91s   kubelet            spec.initContainers{wait-for-nanomq}: Created container: wait-for-nanomq
  Normal  Started    91s   kubelet            spec.initContainers{wait-for-nanomq}: Started container wait-for-nanomq
  Normal  Pulled     90s   kubelet            spec.containers{hermod-coordinator}: Container image "hermod-coordinator:latest" already present on machine
  Normal  Created    90s   kubelet            spec.containers{hermod-coordinator}: Created container: hermod-coordinator
  Normal  Started    90s   kubelet            spec.containers{hermod-coordinator}: Started container hermod-coordinator


Name:             lora2mqtt-75b64546f8-vcg2h
Namespace:        translator-lora
Priority:         0
Service Account:  default
Node:             <pi-host>/<pi-ip>
Start Time:       Mon, 27 Apr 2026 09:58:20 +0200
Labels:           app=lora2mqtt
                  pod-template-hash=75b64546f8
Annotations:      cni.projectcalico.org/containerID: 17c200a74a85b0290e8ffedad65f7ce5a2d86a3ad5b72d71a6a00bc3b77af534
                  cni.projectcalico.org/podIP: <pod-ip>/32
                  cni.projectcalico.org/podIPs: <pod-ip>/32
Status:           Running
IP:               <pod-ip>
IPs:
  IP:           <pod-ip>
Controlled By:  ReplicaSet/lora2mqtt-75b64546f8
Containers:
  lora2mqtt:
    Container ID:   containerd://d785b3970a9921182ab24b1c8f232260b6ab0b105403cf3396266b5dce4822ca
    Image:          lora2mqtt:latest
    Image ID:       sha256:a577beb808fc418e29701f8435e3bdaa80e51fc465081b3046d1a6e7fa733883
    Port:           8080/TCP (http)
    Host Port:      0/TCP (http)
    State:          Running
      Started:      Mon, 27 Apr 2026 09:58:40 +0200
    Last State:     Terminated
      Reason:       Error
      Exit Code:    139
      Started:      Mon, 27 Apr 2026 09:58:24 +0200
      Finished:     Mon, 27 Apr 2026 09:58:25 +0200
    Ready:          True
    Restart Count:  2
    Limits:
      cpu:     500m
      memory:  256Mi
    Requests:
      cpu:      50m
      memory:   64Mi
    Readiness:  http-get http://:8080/health/ready delay=5s timeout=1s period=10s #success=1 #failure=3
    Environment:
      LoRa__MockMode:                       false
      LoRa__SerialPort:                     /dev/ttyACM0
      Hermod__Security__AuthBypass:         true
      Hermod__Security__VaultRequireHttps:  false
      Hermod__Features__MetricsEndpoint:    true
      Hermod__Dev__Endpoints:               true
      Mqtt__Host:                           nanomq
      Mqtt__Port:                           1883
      Mqtt__Tls__UseTls:                    false
      Mqtt__Username:                       <set to the key 'mqtt-username' in secret 'hermod-secrets'>  Optional: false
      Mqtt__Password:                       <set to the key 'mqtt-password' in secret 'hermod-secrets'>  Optional: false
    Mounts:
      /dev/ttyACM0 from lora-device (rw)
      /var/run/secrets/kubernetes.io/serviceaccount from kube-api-access-vrjnm (ro)
Conditions:
  Type                        Status
  PodReadyToStartContainers   True 
  Initialized                 True 
  Ready                       True 
  ContainersReady             True 
  PodScheduled                True 
Volumes:
  lora-device:
    Type:          HostPath (bare host directory volume)
    Path:          /dev/ttyACM0
    HostPathType:  CharDevice
  kube-api-access-vrjnm:
    Type:                    Projected (a volume that contains injected data from multiple sources)
    TokenExpirationSeconds:  3607
    ConfigMapName:           kube-root-ca.crt
    Optional:                false
    DownwardAPI:             true
QoS Class:                   Burstable
Node-Selectors:              <none>
Tolerations:                 node.kubernetes.io/not-ready:NoExecute op=Exists for 300s
                             node.kubernetes.io/unreachable:NoExecute op=Exists for 300s
Events:
  Type     Reason     Age                  From               Message
  ----     ------     ----                 ----               -------
  Normal   Scheduled  2m6s                 default-scheduler  Successfully assigned translator-lora/lora2mqtt-75b64546f8-vcg2h to <pi-host>
  Warning  BackOff    2m                   kubelet            spec.containers{lora2mqtt}: Back-off restarting failed container lora2mqtt in pod lora2mqtt-75b64546f8-vcg2h_translator-lora(43efd0a8-64b2-4cef-89fa-217853213c92)
  Normal   Pulled     106s (x3 over 2m5s)  kubelet            spec.containers{lora2mqtt}: Container image "lora2mqtt:latest" already present on machine
  Normal   Created    106s (x3 over 2m5s)  kubelet            spec.containers{lora2mqtt}: Created container: lora2mqtt
  Normal   Started    106s (x3 over 2m5s)  kubelet            spec.containers{lora2mqtt}: Started container lora2mqtt


Name:             nanomq-756fd88db6-gswzb
Namespace:        translator-lora
Priority:         0
Service Account:  default
Node:             <pi-host>/<pi-ip>
Start Time:       Mon, 27 Apr 2026 09:58:19 +0200
Labels:           app=nanomq
                  pod-template-hash=756fd88db6
Annotations:      cni.projectcalico.org/containerID: d13c00cff7c10170fdc73772a9d33ca9bc5e989414abb31ba06cd8c4cba05e53
                  cni.projectcalico.org/podIP: <pod-ip>/32
                  cni.projectcalico.org/podIPs: <pod-ip>/32
Status:           Running
IP:               <pod-ip>
IPs:
  IP:           <pod-ip>
Controlled By:  ReplicaSet/nanomq-756fd88db6
Containers:
  nanomq:
    Container ID:   containerd://67ecb14b2266eeed5d73f43c0adecf135657789524422372d58a4cdc5fea0714
    Image:          emqx/nanomq:0.21-slim
    Image ID:       docker.io/emqx/nanomq@sha256:53bea7acb547aced1cc45e08c514628f1e41c4da9ad544fd8c5fa96d3e9eb41b
    Ports:          1883/TCP (mqtt), 8081/TCP (http)
    Host Ports:     0/TCP (mqtt), 0/TCP (http)
    State:          Running
      Started:      Mon, 27 Apr 2026 09:58:21 +0200
    Ready:          True
    Restart Count:  0
    Limits:
      cpu:     1
      memory:  512Mi
    Requests:
      cpu:        50m
      memory:     64Mi
    Readiness:    tcp-socket :1883 delay=3s timeout=1s period=5s #success=1 #failure=3
    Environment:  <none>
    Mounts:
      /etc/nanomq.conf from config (rw,path="nanomq.conf")
      /var/run/secrets/kubernetes.io/serviceaccount from kube-api-access-r78qr (ro)
Conditions:
  Type                        Status
  PodReadyToStartContainers   True 
  Initialized                 True 
  Ready                       True 
  ContainersReady             True 
  PodScheduled                True 
Volumes:
  config:
    Type:      ConfigMap (a volume populated by a ConfigMap)
    Name:      nanomq-config
    Optional:  false
  kube-api-access-r78qr:
    Type:                    Projected (a volume that contains injected data from multiple sources)
    TokenExpirationSeconds:  3607
    ConfigMapName:           kube-root-ca.crt
    Optional:                false
    DownwardAPI:             true
QoS Class:                   Burstable
Node-Selectors:              <none>
Tolerations:                 node.kubernetes.io/not-ready:NoExecute op=Exists for 300s
                             node.kubernetes.io/unreachable:NoExecute op=Exists for 300s
Events:
  Type    Reason     Age   From               Message
  ----    ------     ----  ----               -------
  Normal  Scheduled  2m6s  default-scheduler  Successfully assigned translator-lora/nanomq-756fd88db6-gswzb to <pi-host>
  Normal  Pulled     2m5s  kubelet            spec.containers{nanomq}: Container image "emqx/nanomq:0.21-slim" already present on machine
  Normal  Created    2m5s  kubelet            spec.containers{nanomq}: Created container: nanomq
  Normal  Started    2m5s  kubelet            spec.containers{nanomq}: Started container nanomq


Name:             postgres-0
Namespace:        translator-lora
Priority:         0
Service Account:  default
Node:             <pi-host>/<pi-ip>
Start Time:       Mon, 27 Apr 2026 09:58:25 +0200
Labels:           app=postgres
                  apps.kubernetes.io/pod-index=0
                  controller-revision-hash=postgres-848ccb988d
                  statefulset.kubernetes.io/pod-name=postgres-0
Annotations:      cni.projectcalico.org/containerID: d4d46e624b672c075c4fb1dc4e54cdc3ce20b9a247d83fa6f9fb1f6aaa2c7b2d
                  cni.projectcalico.org/podIP: <pod-ip>/32
                  cni.projectcalico.org/podIPs: <pod-ip>/32
Status:           Running
IP:               <pod-ip>
IPs:
  IP:           <pod-ip>
Controlled By:  StatefulSet/postgres
Containers:
  postgres:
    Container ID:   containerd://079f755960298a41ec9f9808ccdd98c1a3717fcf702cabf311505369b239c8da
    Image:          postgres:17-alpine
    Image ID:       docker.io/library/postgres@sha256:778d0b486d6daa02b77434d0358ec57a1b21fd8b6d22ac2eef56a33e816928f6
    Port:           5432/TCP
    Host Port:      0/TCP
    State:          Running
      Started:      Mon, 27 Apr 2026 09:58:26 +0200
    Ready:          True
    Restart Count:  0
    Limits:
      cpu:     1500m
      memory:  1536Mi
    Requests:
      cpu:      100m
      memory:   256Mi
    Readiness:  exec [pg_isready -U postgres] delay=5s timeout=1s period=5s #success=1 #failure=3
    Environment:
      POSTGRES_DB:        postgres
      POSTGRES_USER:      postgres
      POSTGRES_PASSWORD:  <set to the key 'postgres-superuser-password' in secret 'hermod-secrets'>  Optional: false
    Mounts:
      /docker-entrypoint-initdb.d from init (rw)
      /var/lib/postgresql/data from data (rw)
      /var/run/secrets/kubernetes.io/serviceaccount from kube-api-access-rk7cn (ro)
Conditions:
  Type                        Status
  PodReadyToStartContainers   True 
  Initialized                 True 
  Ready                       True 
  ContainersReady             True 
  PodScheduled                True 
Volumes:
  data:
    Type:       PersistentVolumeClaim (a reference to a PersistentVolumeClaim in the same namespace)
    ClaimName:  data-postgres-0
    ReadOnly:   false
  init:
    Type:      ConfigMap (a volume populated by a ConfigMap)
    Name:      postgres-init
    Optional:  false
  kube-api-access-rk7cn:
    Type:                    Projected (a volume that contains injected data from multiple sources)
    TokenExpirationSeconds:  3607
    ConfigMapName:           kube-root-ca.crt
    Optional:                false
    DownwardAPI:             true
QoS Class:                   Burstable
Node-Selectors:              <none>
Tolerations:                 node.kubernetes.io/not-ready:NoExecute op=Exists for 300s
                             node.kubernetes.io/unreachable:NoExecute op=Exists for 300s
Events:
  Type    Reason     Age   From               Message
  ----    ------     ----  ----               -------
  Normal  Scheduled  2m    default-scheduler  Successfully assigned translator-lora/postgres-0 to <pi-host>
  Normal  Pulled     2m    kubelet            spec.containers{postgres}: Container image "postgres:17-alpine" already present on machine
  Normal  Created    2m    kubelet            spec.containers{postgres}: Created container: postgres
  Normal  Started    2m    kubelet            spec.containers{postgres}: Started container postgres

=== ts=1777276837 ===
Name:             hermod-coordinator-7d7b88cc46-x568z
Namespace:        translator-lora
Priority:         0
Service Account:  default
Node:             <pi-host>/<pi-ip>
Start Time:       Mon, 27 Apr 2026 09:58:53 +0200
Labels:           app=hermod-coordinator
                  pod-template-hash=7d7b88cc46
Annotations:      cni.projectcalico.org/containerID: 96136bacace6d54f99b11509d3bd139808f8605c3736b8571a2ad9209a61ec3c
                  cni.projectcalico.org/podIP: <pod-ip>/32
                  cni.projectcalico.org/podIPs: <pod-ip>/32
Status:           Running
IP:               <pod-ip>
IPs:
  IP:           <pod-ip>
Controlled By:  ReplicaSet/hermod-coordinator-7d7b88cc46
Init Containers:
  wait-for-postgres:
    Container ID:  containerd://b8076f61bf3374fb7c5d5ba21180eb50792698868e52db39a5b9241ff015a149
    Image:         busybox:1.36
    Image ID:      docker.io/library/busybox@sha256:73aaf090f3d85aa34ee199857f03fa3a95c8ede2ffd4cc2cdb5b94e566b11662
    Port:          <none>
    Host Port:     <none>
    Command:
      sh
      -c
      until nc -z postgres 5432; do sleep 2; done
    State:          Terminated
      Reason:       Completed
      Exit Code:    0
      Started:      Mon, 27 Apr 2026 09:58:54 +0200
      Finished:     Mon, 27 Apr 2026 09:58:54 +0200
    Ready:          True
    Restart Count:  0
    Environment:
      Hermod__Features__DeviceStateTracking:    true
      Hermod__Engine__LogBatchSize:             100
      Hermod__Engine__LogBatching:              true
      Hermod__Engine__Parallelism:              0
      Hermod__Features__MessagePersistence:     true
      Hermod__Features__RuleAuditLog:           true
      Hermod__Features__RuleCache:              true
      Hermod__Features__StatsRollup:            true
      Hermod__Storage__Mode:                    Postgres
      Logging__LogLevel__Hermod:                Information
      Logging__LogLevel__Microsoft.AspNetCore:  Warning
    Mounts:
      /var/run/secrets/kubernetes.io/serviceaccount from kube-api-access-kt2tl (ro)
  wait-for-nanomq:
    Container ID:  containerd://a757428e915ba6283f62206003ae86022cbad96795dae1209d29f4d6ecb7da94
    Image:         busybox:1.36
    Image ID:      docker.io/library/busybox@sha256:73aaf090f3d85aa34ee199857f03fa3a95c8ede2ffd4cc2cdb5b94e566b11662
    Port:          <none>
    Host Port:     <none>
    Command:
      sh
      -c
      until nc -z nanomq 1883; do sleep 2; done
    State:          Terminated
      Reason:       Completed
      Exit Code:    0
      Started:      Mon, 27 Apr 2026 09:58:55 +0200
      Finished:     Mon, 27 Apr 2026 09:58:55 +0200
    Ready:          True
    Restart Count:  0
    Environment:
      Hermod__Features__DeviceStateTracking:    true
      Hermod__Engine__LogBatchSize:             100
      Hermod__Engine__LogBatching:              true
      Hermod__Engine__Parallelism:              0
      Hermod__Features__MessagePersistence:     true
      Hermod__Features__RuleAuditLog:           true
      Hermod__Features__RuleCache:              true
      Hermod__Features__StatsRollup:            true
      Hermod__Storage__Mode:                    Postgres
      Logging__LogLevel__Hermod:                Information
      Logging__LogLevel__Microsoft.AspNetCore:  Warning
    Mounts:
      /var/run/secrets/kubernetes.io/serviceaccount from kube-api-access-kt2tl (ro)
Containers:
  hermod-coordinator:
    Container ID:   containerd://57ab1083b5e5700c0d9ee233851776a73de99452118bd7e7cc1bfa3b08f3cf9b
    Image:          hermod-coordinator:latest
    Image ID:       sha256:ca91ccdfcd269dd5e4e25d5ffe8d863ca5db57e5c4f62f08c8adf90d23c15eaf
    Port:           42069/TCP (http)
    Host Port:      0/TCP (http)
    State:          Running
      Started:      Mon, 27 Apr 2026 09:58:56 +0200
    Ready:          True
    Restart Count:  0
    Limits:
      cpu:     1500m
      memory:  1536Mi
    Requests:
      cpu:      200m
      memory:   256Mi
    Liveness:   http-get http://:42069/healthz delay=60s timeout=1s period=30s #success=1 #failure=3
    Readiness:  http-get http://:42069/healthz/ready delay=5s timeout=1s period=10s #success=1 #failure=3
    Startup:    http-get http://:42069/healthz delay=0s timeout=1s period=5s #success=1 #failure=30
    Environment:
      ASPNETCORE_ENVIRONMENT:                   Production
      ASPNETCORE_URLS:                          http://+:42069
      DOTNET_USE_POLLING_FILE_WATCHER:          true
      Hermod__Security__AuthBypass:             true
      Hermod__Security__VaultRequireHttps:      false
      Hermod__Features__MetricsEndpoint:        true
      Hermod__Dev__Endpoints:                   true
      Hermod__Mqtt__Host:                       nanomq
      Hermod__Mqtt__Port:                       1883
      Hermod__Mqtt__UseTls:                     false
      Hermod__Mqtt__Tls__UseTls:                false
      Hermod__Mqtt__Username:                   <set to the key 'mqtt-username' in secret 'hermod-secrets'>  Optional: false
      Hermod__Mqtt__Password:                   <set to the key 'mqtt-password' in secret 'hermod-secrets'>  Optional: false
      Hermod__Database__ConnectionString:       Host=postgres;Port=5432;Database=hermod;Username=hermod_app
      Hermod__Database__Password:               <set to the key 'hermod-db-password' in secret 'hermod-db-credentials'>  Optional: false
      Hermod__Features__DeviceStateTracking:    true
      Hermod__Engine__LogBatchSize:             100
      Hermod__Engine__LogBatching:              true
      Hermod__Engine__Parallelism:              0
      Hermod__Features__MessagePersistence:     true
      Hermod__Features__RuleAuditLog:           true
      Hermod__Features__RuleCache:              true
      Hermod__Features__StatsRollup:            true
      Hermod__Storage__Mode:                    Postgres
      Logging__LogLevel__Hermod:                Information
      Logging__LogLevel__Microsoft.AspNetCore:  Warning
    Mounts:
      /var/run/secrets/kubernetes.io/serviceaccount from kube-api-access-kt2tl (ro)
Conditions:
  Type                        Status
  PodReadyToStartContainers   True 
  Initialized                 True 
  Ready                       True 
  ContainersReady             True 
  PodScheduled                True 
Volumes:
  kube-api-access-kt2tl:
    Type:                    Projected (a volume that contains injected data from multiple sources)
    TokenExpirationSeconds:  3607
    ConfigMapName:           kube-root-ca.crt
    Optional:                false
    DownwardAPI:             true
QoS Class:                   Burstable
Node-Selectors:              <none>
Tolerations:                 node.kubernetes.io/not-ready:NoExecute op=Exists for 300s
                             node.kubernetes.io/unreachable:NoExecute op=Exists for 300s
Events:
  Type    Reason     Age   From               Message
  ----    ------     ----  ----               -------
  Normal  Scheduled  103s  default-scheduler  Successfully assigned translator-lora/hermod-coordinator-7d7b88cc46-x568z to <pi-host>
  Normal  Pulled     103s  kubelet            spec.initContainers{wait-for-postgres}: Container image "busybox:1.36" already present on machine
  Normal  Created    103s  kubelet            spec.initContainers{wait-for-postgres}: Created container: wait-for-postgres
  Normal  Started    103s  kubelet            spec.initContainers{wait-for-postgres}: Started container wait-for-postgres
  Normal  Pulled     102s  kubelet            spec.initContainers{wait-for-nanomq}: Container image "busybox:1.36" already present on machine
  Normal  Created    102s  kubelet            spec.initContainers{wait-for-nanomq}: Created container: wait-for-nanomq
  Normal  Started    102s  kubelet            spec.initContainers{wait-for-nanomq}: Started container wait-for-nanomq
  Normal  Pulled     101s  kubelet            spec.containers{hermod-coordinator}: Container image "hermod-coordinator:latest" already present on machine
  Normal  Created    101s  kubelet            spec.containers{hermod-coordinator}: Created container: hermod-coordinator
  Normal  Started    101s  kubelet            spec.containers{hermod-coordinator}: Started container hermod-coordinator


Name:             lora2mqtt-75b64546f8-vcg2h
Namespace:        translator-lora
Priority:         0
Service Account:  default
Node:             <pi-host>/<pi-ip>
Start Time:       Mon, 27 Apr 2026 09:58:20 +0200
Labels:           app=lora2mqtt
                  pod-template-hash=75b64546f8
Annotations:      cni.projectcalico.org/containerID: 17c200a74a85b0290e8ffedad65f7ce5a2d86a3ad5b72d71a6a00bc3b77af534
                  cni.projectcalico.org/podIP: <pod-ip>/32
                  cni.projectcalico.org/podIPs: <pod-ip>/32
Status:           Running
IP:               <pod-ip>
IPs:
  IP:           <pod-ip>
Controlled By:  ReplicaSet/lora2mqtt-75b64546f8
Containers:
  lora2mqtt:
    Container ID:   containerd://d785b3970a9921182ab24b1c8f232260b6ab0b105403cf3396266b5dce4822ca
    Image:          lora2mqtt:latest
    Image ID:       sha256:a577beb808fc418e29701f8435e3bdaa80e51fc465081b3046d1a6e7fa733883
    Port:           8080/TCP (http)
    Host Port:      0/TCP (http)
    State:          Running
      Started:      Mon, 27 Apr 2026 09:58:40 +0200
    Last State:     Terminated
      Reason:       Error
      Exit Code:    139
      Started:      Mon, 27 Apr 2026 09:58:24 +0200
      Finished:     Mon, 27 Apr 2026 09:58:25 +0200
    Ready:          True
    Restart Count:  2
    Limits:
      cpu:     500m
      memory:  256Mi
    Requests:
      cpu:      50m
      memory:   64Mi
    Readiness:  http-get http://:8080/health/ready delay=5s timeout=1s period=10s #success=1 #failure=3
    Environment:
      LoRa__MockMode:                       false
      LoRa__SerialPort:                     /dev/ttyACM0
      Hermod__Security__AuthBypass:         true
      Hermod__Security__VaultRequireHttps:  false
      Hermod__Features__MetricsEndpoint:    true
      Hermod__Dev__Endpoints:               true
      Mqtt__Host:                           nanomq
      Mqtt__Port:                           1883
      Mqtt__Tls__UseTls:                    false
      Mqtt__Username:                       <set to the key 'mqtt-username' in secret 'hermod-secrets'>  Optional: false
      Mqtt__Password:                       <set to the key 'mqtt-password' in secret 'hermod-secrets'>  Optional: false
    Mounts:
      /dev/ttyACM0 from lora-device (rw)
      /var/run/secrets/kubernetes.io/serviceaccount from kube-api-access-vrjnm (ro)
Conditions:
  Type                        Status
  PodReadyToStartContainers   True 
  Initialized                 True 
  Ready                       True 
  ContainersReady             True 
  PodScheduled                True 
Volumes:
  lora-device:
    Type:          HostPath (bare host directory volume)
    Path:          /dev/ttyACM0
    HostPathType:  CharDevice
  kube-api-access-vrjnm:
    Type:                    Projected (a volume that contains injected data from multiple sources)
    TokenExpirationSeconds:  3607
    ConfigMapName:           kube-root-ca.crt
    Optional:                false
    DownwardAPI:             true
QoS Class:                   Burstable
Node-Selectors:              <none>
Tolerations:                 node.kubernetes.io/not-ready:NoExecute op=Exists for 300s
                             node.kubernetes.io/unreachable:NoExecute op=Exists for 300s
Events:
  Type     Reason     Age                   From               Message
  ----     ------     ----                  ----               -------
  Normal   Scheduled  2m17s                 default-scheduler  Successfully assigned translator-lora/lora2mqtt-75b64546f8-vcg2h to <pi-host>
  Warning  BackOff    2m11s                 kubelet            spec.containers{lora2mqtt}: Back-off restarting failed container lora2mqtt in pod lora2mqtt-75b64546f8-vcg2h_translator-lora(43efd0a8-64b2-4cef-89fa-217853213c92)
  Normal   Pulled     117s (x3 over 2m16s)  kubelet            spec.containers{lora2mqtt}: Container image "lora2mqtt:latest" already present on machine
  Normal   Created    117s (x3 over 2m16s)  kubelet            spec.containers{lora2mqtt}: Created container: lora2mqtt
  Normal   Started    117s (x3 over 2m16s)  kubelet            spec.containers{lora2mqtt}: Started container lora2mqtt


Name:             nanomq-756fd88db6-gswzb
Namespace:        translator-lora
Priority:         0
Service Account:  default
Node:             <pi-host>/<pi-ip>
Start Time:       Mon, 27 Apr 2026 09:58:19 +0200
Labels:           app=nanomq
                  pod-template-hash=756fd88db6
Annotations:      cni.projectcalico.org/containerID: d13c00cff7c10170fdc73772a9d33ca9bc5e989414abb31ba06cd8c4cba05e53
                  cni.projectcalico.org/podIP: <pod-ip>/32
                  cni.projectcalico.org/podIPs: <pod-ip>/32
Status:           Running
IP:               <pod-ip>
IPs:
  IP:           <pod-ip>
Controlled By:  ReplicaSet/nanomq-756fd88db6
Containers:
  nanomq:
    Container ID:   containerd://67ecb14b2266eeed5d73f43c0adecf135657789524422372d58a4cdc5fea0714
    Image:          emqx/nanomq:0.21-slim
    Image ID:       docker.io/emqx/nanomq@sha256:53bea7acb547aced1cc45e08c514628f1e41c4da9ad544fd8c5fa96d3e9eb41b
    Ports:          1883/TCP (mqtt), 8081/TCP (http)
    Host Ports:     0/TCP (mqtt), 0/TCP (http)
    State:          Running
      Started:      Mon, 27 Apr 2026 09:58:21 +0200
    Ready:          True
    Restart Count:  0
    Limits:
      cpu:     1
      memory:  512Mi
    Requests:
      cpu:        50m
      memory:     64Mi
    Readiness:    tcp-socket :1883 delay=3s timeout=1s period=5s #success=1 #failure=3
    Environment:  <none>
    Mounts:
      /etc/nanomq.conf from config (rw,path="nanomq.conf")
      /var/run/secrets/kubernetes.io/serviceaccount from kube-api-access-r78qr (ro)
Conditions:
  Type                        Status
  PodReadyToStartContainers   True 
  Initialized                 True 
  Ready                       True 
  ContainersReady             True 
  PodScheduled                True 
Volumes:
  config:
    Type:      ConfigMap (a volume populated by a ConfigMap)
    Name:      nanomq-config
    Optional:  false
  kube-api-access-r78qr:
    Type:                    Projected (a volume that contains injected data from multiple sources)
    TokenExpirationSeconds:  3607
    ConfigMapName:           kube-root-ca.crt
    Optional:                false
    DownwardAPI:             true
QoS Class:                   Burstable
Node-Selectors:              <none>
Tolerations:                 node.kubernetes.io/not-ready:NoExecute op=Exists for 300s
                             node.kubernetes.io/unreachable:NoExecute op=Exists for 300s
Events:
  Type    Reason     Age    From               Message
  ----    ------     ----   ----               -------
  Normal  Scheduled  2m18s  default-scheduler  Successfully assigned translator-lora/nanomq-756fd88db6-gswzb to <pi-host>
  Normal  Pulled     2m16s  kubelet            spec.containers{nanomq}: Container image "emqx/nanomq:0.21-slim" already present on machine
  Normal  Created    2m16s  kubelet            spec.containers{nanomq}: Created container: nanomq
  Normal  Started    2m16s  kubelet            spec.containers{nanomq}: Started container nanomq


Name:             postgres-0
Namespace:        translator-lora
Priority:         0
Service Account:  default
Node:             <pi-host>/<pi-ip>
Start Time:       Mon, 27 Apr 2026 09:58:25 +0200
Labels:           app=postgres
                  apps.kubernetes.io/pod-index=0
                  controller-revision-hash=postgres-848ccb988d
                  statefulset.kubernetes.io/pod-name=postgres-0
Annotations:      cni.projectcalico.org/containerID: d4d46e624b672c075c4fb1dc4e54cdc3ce20b9a247d83fa6f9fb1f6aaa2c7b2d
                  cni.projectcalico.org/podIP: <pod-ip>/32
                  cni.projectcalico.org/podIPs: <pod-ip>/32
Status:           Running
IP:               <pod-ip>
IPs:
  IP:           <pod-ip>
Controlled By:  StatefulSet/postgres
Containers:
  postgres:
    Container ID:   containerd://079f755960298a41ec9f9808ccdd98c1a3717fcf702cabf311505369b239c8da
    Image:          postgres:17-alpine
    Image ID:       docker.io/library/postgres@sha256:778d0b486d6daa02b77434d0358ec57a1b21fd8b6d22ac2eef56a33e816928f6
    Port:           5432/TCP
    Host Port:      0/TCP
    State:          Running
      Started:      Mon, 27 Apr 2026 09:58:26 +0200
    Ready:          True
    Restart Count:  0
    Limits:
      cpu:     1500m
      memory:  1536Mi
    Requests:
      cpu:      100m
      memory:   256Mi
    Readiness:  exec [pg_isready -U postgres] delay=5s timeout=1s period=5s #success=1 #failure=3
    Environment:
      POSTGRES_DB:        postgres
      POSTGRES_USER:      postgres
      POSTGRES_PASSWORD:  <set to the key 'postgres-superuser-password' in secret 'hermod-secrets'>  Optional: false
    Mounts:
      /docker-entrypoint-initdb.d from init (rw)
      /var/lib/postgresql/data from data (rw)
      /var/run/secrets/kubernetes.io/serviceaccount from kube-api-access-rk7cn (ro)
Conditions:
  Type                        Status
  PodReadyToStartContainers   True 
  Initialized                 True 
  Ready                       True 
  ContainersReady             True 
  PodScheduled                True 
Volumes:
  data:
    Type:       PersistentVolumeClaim (a reference to a PersistentVolumeClaim in the same namespace)
    ClaimName:  data-postgres-0
    ReadOnly:   false
  init:
    Type:      ConfigMap (a volume populated by a ConfigMap)
    Name:      postgres-init
    Optional:  false
  kube-api-access-rk7cn:
    Type:                    Projected (a volume that contains injected data from multiple sources)
    TokenExpirationSeconds:  3607
    ConfigMapName:           kube-root-ca.crt
    Optional:                false
    DownwardAPI:             true
QoS Class:                   Burstable
Node-Selectors:              <none>
Tolerations:                 node.kubernetes.io/not-ready:NoExecute op=Exists for 300s
                             node.kubernetes.io/unreachable:NoExecute op=Exists for 300s
Events:
  Type    Reason     Age    From               Message
  ----    ------     ----   ----               -------
  Normal  Scheduled  2m12s  default-scheduler  Successfully assigned translator-lora/postgres-0 to <pi-host>
  Normal  Pulled     2m11s  kubelet            spec.containers{postgres}: Container image "postgres:17-alpine" already present on machine
  Normal  Created    2m11s  kubelet            spec.containers{postgres}: Created container: postgres
  Normal  Started    2m11s  kubelet            spec.containers{postgres}: Started container postgres

=== ts=1777276849 ===
Name:             hermod-coordinator-7d7b88cc46-x568z
Namespace:        translator-lora
Priority:         0
Service Account:  default
Node:             <pi-host>/<pi-ip>
Start Time:       Mon, 27 Apr 2026 09:58:53 +0200
Labels:           app=hermod-coordinator
                  pod-template-hash=7d7b88cc46
Annotations:      cni.projectcalico.org/containerID: 96136bacace6d54f99b11509d3bd139808f8605c3736b8571a2ad9209a61ec3c
                  cni.projectcalico.org/podIP: <pod-ip>/32
                  cni.projectcalico.org/podIPs: <pod-ip>/32
Status:           Running
IP:               <pod-ip>
IPs:
  IP:           <pod-ip>
Controlled By:  ReplicaSet/hermod-coordinator-7d7b88cc46
Init Containers:
  wait-for-postgres:
    Container ID:  containerd://b8076f61bf3374fb7c5d5ba21180eb50792698868e52db39a5b9241ff015a149
    Image:         busybox:1.36
    Image ID:      docker.io/library/busybox@sha256:73aaf090f3d85aa34ee199857f03fa3a95c8ede2ffd4cc2cdb5b94e566b11662
    Port:          <none>
    Host Port:     <none>
    Command:
      sh
      -c
      until nc -z postgres 5432; do sleep 2; done
    State:          Terminated
      Reason:       Completed
      Exit Code:    0
      Started:      Mon, 27 Apr 2026 09:58:54 +0200
      Finished:     Mon, 27 Apr 2026 09:58:54 +0200
    Ready:          True
    Restart Count:  0
    Environment:
      Hermod__Features__DeviceStateTracking:    true
      Hermod__Engine__LogBatchSize:             100
      Hermod__Engine__LogBatching:              true
      Hermod__Engine__Parallelism:              0
      Hermod__Features__MessagePersistence:     true
      Hermod__Features__RuleAuditLog:           true
      Hermod__Features__RuleCache:              true
      Hermod__Features__StatsRollup:            true
      Hermod__Storage__Mode:                    Postgres
      Logging__LogLevel__Hermod:                Information
      Logging__LogLevel__Microsoft.AspNetCore:  Warning
    Mounts:
      /var/run/secrets/kubernetes.io/serviceaccount from kube-api-access-kt2tl (ro)
  wait-for-nanomq:
    Container ID:  containerd://a757428e915ba6283f62206003ae86022cbad96795dae1209d29f4d6ecb7da94
    Image:         busybox:1.36
    Image ID:      docker.io/library/busybox@sha256:73aaf090f3d85aa34ee199857f03fa3a95c8ede2ffd4cc2cdb5b94e566b11662
    Port:          <none>
    Host Port:     <none>
    Command:
      sh
      -c
      until nc -z nanomq 1883; do sleep 2; done
    State:          Terminated
      Reason:       Completed
      Exit Code:    0
      Started:      Mon, 27 Apr 2026 09:58:55 +0200
      Finished:     Mon, 27 Apr 2026 09:58:55 +0200
    Ready:          True
    Restart Count:  0
    Environment:
      Hermod__Features__DeviceStateTracking:    true
      Hermod__Engine__LogBatchSize:             100
      Hermod__Engine__LogBatching:              true
      Hermod__Engine__Parallelism:              0
      Hermod__Features__MessagePersistence:     true
      Hermod__Features__RuleAuditLog:           true
      Hermod__Features__RuleCache:              true
      Hermod__Features__StatsRollup:            true
      Hermod__Storage__Mode:                    Postgres
      Logging__LogLevel__Hermod:                Information
      Logging__LogLevel__Microsoft.AspNetCore:  Warning
    Mounts:
      /var/run/secrets/kubernetes.io/serviceaccount from kube-api-access-kt2tl (ro)
Containers:
  hermod-coordinator:
    Container ID:   containerd://57ab1083b5e5700c0d9ee233851776a73de99452118bd7e7cc1bfa3b08f3cf9b
    Image:          hermod-coordinator:latest
    Image ID:       sha256:ca91ccdfcd269dd5e4e25d5ffe8d863ca5db57e5c4f62f08c8adf90d23c15eaf
    Port:           42069/TCP (http)
    Host Port:      0/TCP (http)
    State:          Running
      Started:      Mon, 27 Apr 2026 09:58:56 +0200
    Ready:          True
    Restart Count:  0
    Limits:
      cpu:     1500m
      memory:  1536Mi
    Requests:
      cpu:      200m
      memory:   256Mi
    Liveness:   http-get http://:42069/healthz delay=60s timeout=1s period=30s #success=1 #failure=3
    Readiness:  http-get http://:42069/healthz/ready delay=5s timeout=1s period=10s #success=1 #failure=3
    Startup:    http-get http://:42069/healthz delay=0s timeout=1s period=5s #success=1 #failure=30
    Environment:
      ASPNETCORE_ENVIRONMENT:                   Production
      ASPNETCORE_URLS:                          http://+:42069
      DOTNET_USE_POLLING_FILE_WATCHER:          true
      Hermod__Security__AuthBypass:             true
      Hermod__Security__VaultRequireHttps:      false
      Hermod__Features__MetricsEndpoint:        true
      Hermod__Dev__Endpoints:                   true
      Hermod__Mqtt__Host:                       nanomq
      Hermod__Mqtt__Port:                       1883
      Hermod__Mqtt__UseTls:                     false
      Hermod__Mqtt__Tls__UseTls:                false
      Hermod__Mqtt__Username:                   <set to the key 'mqtt-username' in secret 'hermod-secrets'>  Optional: false
      Hermod__Mqtt__Password:                   <set to the key 'mqtt-password' in secret 'hermod-secrets'>  Optional: false
      Hermod__Database__ConnectionString:       Host=postgres;Port=5432;Database=hermod;Username=hermod_app
      Hermod__Database__Password:               <set to the key 'hermod-db-password' in secret 'hermod-db-credentials'>  Optional: false
      Hermod__Features__DeviceStateTracking:    true
      Hermod__Engine__LogBatchSize:             100
      Hermod__Engine__LogBatching:              true
      Hermod__Engine__Parallelism:              0
      Hermod__Features__MessagePersistence:     true
      Hermod__Features__RuleAuditLog:           true
      Hermod__Features__RuleCache:              true
      Hermod__Features__StatsRollup:            true
      Hermod__Storage__Mode:                    Postgres
      Logging__LogLevel__Hermod:                Information
      Logging__LogLevel__Microsoft.AspNetCore:  Warning
    Mounts:
      /var/run/secrets/kubernetes.io/serviceaccount from kube-api-access-kt2tl (ro)
Conditions:
  Type                        Status
  PodReadyToStartContainers   True 
  Initialized                 True 
  Ready                       True 
  ContainersReady             True 
  PodScheduled                True 
Volumes:
  kube-api-access-kt2tl:
    Type:                    Projected (a volume that contains injected data from multiple sources)
    TokenExpirationSeconds:  3607
    ConfigMapName:           kube-root-ca.crt
    Optional:                false
    DownwardAPI:             true
QoS Class:                   Burstable
Node-Selectors:              <none>
Tolerations:                 node.kubernetes.io/not-ready:NoExecute op=Exists for 300s
                             node.kubernetes.io/unreachable:NoExecute op=Exists for 300s
Events:
  Type    Reason     Age   From               Message
  ----    ------     ----  ----               -------
  Normal  Scheduled  115s  default-scheduler  Successfully assigned translator-lora/hermod-coordinator-7d7b88cc46-x568z to <pi-host>
  Normal  Pulled     115s  kubelet            spec.initContainers{wait-for-postgres}: Container image "busybox:1.36" already present on machine
  Normal  Created    115s  kubelet            spec.initContainers{wait-for-postgres}: Created container: wait-for-postgres
  Normal  Started    115s  kubelet            spec.initContainers{wait-for-postgres}: Started container wait-for-postgres
  Normal  Pulled     114s  kubelet            spec.initContainers{wait-for-nanomq}: Container image "busybox:1.36" already present on machine
  Normal  Created    114s  kubelet            spec.initContainers{wait-for-nanomq}: Created container: wait-for-nanomq
  Normal  Started    114s  kubelet            spec.initContainers{wait-for-nanomq}: Started container wait-for-nanomq
  Normal  Pulled     113s  kubelet            spec.containers{hermod-coordinator}: Container image "hermod-coordinator:latest" already present on machine
  Normal  Created    113s  kubelet            spec.containers{hermod-coordinator}: Created container: hermod-coordinator
  Normal  Started    113s  kubelet            spec.containers{hermod-coordinator}: Started container hermod-coordinator


Name:             lora2mqtt-75b64546f8-vcg2h
Namespace:        translator-lora
Priority:         0
Service Account:  default
Node:             <pi-host>/<pi-ip>
Start Time:       Mon, 27 Apr 2026 09:58:20 +0200
Labels:           app=lora2mqtt
                  pod-template-hash=75b64546f8
Annotations:      cni.projectcalico.org/containerID: 17c200a74a85b0290e8ffedad65f7ce5a2d86a3ad5b72d71a6a00bc3b77af534
                  cni.projectcalico.org/podIP: <pod-ip>/32
                  cni.projectcalico.org/podIPs: <pod-ip>/32
Status:           Running
IP:               <pod-ip>
IPs:
  IP:           <pod-ip>
Controlled By:  ReplicaSet/lora2mqtt-75b64546f8
Containers:
  lora2mqtt:
    Container ID:   containerd://d785b3970a9921182ab24b1c8f232260b6ab0b105403cf3396266b5dce4822ca
    Image:          lora2mqtt:latest
    Image ID:       sha256:a577beb808fc418e29701f8435e3bdaa80e51fc465081b3046d1a6e7fa733883
    Port:           8080/TCP (http)
    Host Port:      0/TCP (http)
    State:          Running
      Started:      Mon, 27 Apr 2026 09:58:40 +0200
    Last State:     Terminated
      Reason:       Error
      Exit Code:    139
      Started:      Mon, 27 Apr 2026 09:58:24 +0200
      Finished:     Mon, 27 Apr 2026 09:58:25 +0200
    Ready:          True
    Restart Count:  2
    Limits:
      cpu:     500m
      memory:  256Mi
    Requests:
      cpu:      50m
      memory:   64Mi
    Readiness:  http-get http://:8080/health/ready delay=5s timeout=1s period=10s #success=1 #failure=3
    Environment:
      LoRa__MockMode:                       false
      LoRa__SerialPort:                     /dev/ttyACM0
      Hermod__Security__AuthBypass:         true
      Hermod__Security__VaultRequireHttps:  false
      Hermod__Features__MetricsEndpoint:    true
      Hermod__Dev__Endpoints:               true
      Mqtt__Host:                           nanomq
      Mqtt__Port:                           1883
      Mqtt__Tls__UseTls:                    false
      Mqtt__Username:                       <set to the key 'mqtt-username' in secret 'hermod-secrets'>  Optional: false
      Mqtt__Password:                       <set to the key 'mqtt-password' in secret 'hermod-secrets'>  Optional: false
    Mounts:
      /dev/ttyACM0 from lora-device (rw)
      /var/run/secrets/kubernetes.io/serviceaccount from kube-api-access-vrjnm (ro)
Conditions:
  Type                        Status
  PodReadyToStartContainers   True 
  Initialized                 True 
  Ready                       True 
  ContainersReady             True 
  PodScheduled                True 
Volumes:
  lora-device:
    Type:          HostPath (bare host directory volume)
    Path:          /dev/ttyACM0
    HostPathType:  CharDevice
  kube-api-access-vrjnm:
    Type:                    Projected (a volume that contains injected data from multiple sources)
    TokenExpirationSeconds:  3607
    ConfigMapName:           kube-root-ca.crt
    Optional:                false
    DownwardAPI:             true
QoS Class:                   Burstable
Node-Selectors:              <none>
Tolerations:                 node.kubernetes.io/not-ready:NoExecute op=Exists for 300s
                             node.kubernetes.io/unreachable:NoExecute op=Exists for 300s
Events:
  Type     Reason     Age                   From               Message
  ----     ------     ----                  ----               -------
  Normal   Scheduled  2m29s                 default-scheduler  Successfully assigned translator-lora/lora2mqtt-75b64546f8-vcg2h to <pi-host>
  Warning  BackOff    2m23s                 kubelet            spec.containers{lora2mqtt}: Back-off restarting failed container lora2mqtt in pod lora2mqtt-75b64546f8-vcg2h_translator-lora(43efd0a8-64b2-4cef-89fa-217853213c92)
  Normal   Pulled     2m9s (x3 over 2m28s)  kubelet            spec.containers{lora2mqtt}: Container image "lora2mqtt:latest" already present on machine
  Normal   Created    2m9s (x3 over 2m28s)  kubelet            spec.containers{lora2mqtt}: Created container: lora2mqtt
  Normal   Started    2m9s (x3 over 2m28s)  kubelet            spec.containers{lora2mqtt}: Started container lora2mqtt


Name:             nanomq-756fd88db6-gswzb
Namespace:        translator-lora
Priority:         0
Service Account:  default
Node:             <pi-host>/<pi-ip>
Start Time:       Mon, 27 Apr 2026 09:58:19 +0200
Labels:           app=nanomq
                  pod-template-hash=756fd88db6
Annotations:      cni.projectcalico.org/containerID: d13c00cff7c10170fdc73772a9d33ca9bc5e989414abb31ba06cd8c4cba05e53
                  cni.projectcalico.org/podIP: <pod-ip>/32
                  cni.projectcalico.org/podIPs: <pod-ip>/32
Status:           Running
IP:               <pod-ip>
IPs:
  IP:           <pod-ip>
Controlled By:  ReplicaSet/nanomq-756fd88db6
Containers:
  nanomq:
    Container ID:   containerd://67ecb14b2266eeed5d73f43c0adecf135657789524422372d58a4cdc5fea0714
    Image:          emqx/nanomq:0.21-slim
    Image ID:       docker.io/emqx/nanomq@sha256:53bea7acb547aced1cc45e08c514628f1e41c4da9ad544fd8c5fa96d3e9eb41b
    Ports:          1883/TCP (mqtt), 8081/TCP (http)
    Host Ports:     0/TCP (mqtt), 0/TCP (http)
    State:          Running
      Started:      Mon, 27 Apr 2026 09:58:21 +0200
    Ready:          True
    Restart Count:  0
    Limits:
      cpu:     1
      memory:  512Mi
    Requests:
      cpu:        50m
      memory:     64Mi
    Readiness:    tcp-socket :1883 delay=3s timeout=1s period=5s #success=1 #failure=3
    Environment:  <none>
    Mounts:
      /etc/nanomq.conf from config (rw,path="nanomq.conf")
      /var/run/secrets/kubernetes.io/serviceaccount from kube-api-access-r78qr (ro)
Conditions:
  Type                        Status
  PodReadyToStartContainers   True 
  Initialized                 True 
  Ready                       True 
  ContainersReady             True 
  PodScheduled                True 
Volumes:
  config:
    Type:      ConfigMap (a volume populated by a ConfigMap)
    Name:      nanomq-config
    Optional:  false
  kube-api-access-r78qr:
    Type:                    Projected (a volume that contains injected data from multiple sources)
    TokenExpirationSeconds:  3607
    ConfigMapName:           kube-root-ca.crt
    Optional:                false
    DownwardAPI:             true
QoS Class:                   Burstable
Node-Selectors:              <none>
Tolerations:                 node.kubernetes.io/not-ready:NoExecute op=Exists for 300s
                             node.kubernetes.io/unreachable:NoExecute op=Exists for 300s
Events:
  Type    Reason     Age    From               Message
  ----    ------     ----   ----               -------
  Normal  Scheduled  2m29s  default-scheduler  Successfully assigned translator-lora/nanomq-756fd88db6-gswzb to <pi-host>
  Normal  Pulled     2m28s  kubelet            spec.containers{nanomq}: Container image "emqx/nanomq:0.21-slim" already present on machine
  Normal  Created    2m28s  kubelet            spec.containers{nanomq}: Created container: nanomq
  Normal  Started    2m28s  kubelet            spec.containers{nanomq}: Started container nanomq


Name:             postgres-0
Namespace:        translator-lora
Priority:         0
Service Account:  default
Node:             <pi-host>/<pi-ip>
Start Time:       Mon, 27 Apr 2026 09:58:25 +0200
Labels:           app=postgres
                  apps.kubernetes.io/pod-index=0
                  controller-revision-hash=postgres-848ccb988d
                  statefulset.kubernetes.io/pod-name=postgres-0
Annotations:      cni.projectcalico.org/containerID: d4d46e624b672c075c4fb1dc4e54cdc3ce20b9a247d83fa6f9fb1f6aaa2c7b2d
                  cni.projectcalico.org/podIP: <pod-ip>/32
                  cni.projectcalico.org/podIPs: <pod-ip>/32
Status:           Running
IP:               <pod-ip>
IPs:
  IP:           <pod-ip>
Controlled By:  StatefulSet/postgres
Containers:
  postgres:
    Container ID:   containerd://079f755960298a41ec9f9808ccdd98c1a3717fcf702cabf311505369b239c8da
    Image:          postgres:17-alpine
    Image ID:       docker.io/library/postgres@sha256:778d0b486d6daa02b77434d0358ec57a1b21fd8b6d22ac2eef56a33e816928f6
    Port:           5432/TCP
    Host Port:      0/TCP
    State:          Running
      Started:      Mon, 27 Apr 2026 09:58:26 +0200
    Ready:          True
    Restart Count:  0
    Limits:
      cpu:     1500m
      memory:  1536Mi
    Requests:
      cpu:      100m
      memory:   256Mi
    Readiness:  exec [pg_isready -U postgres] delay=5s timeout=1s period=5s #success=1 #failure=3
    Environment:
      POSTGRES_DB:        postgres
      POSTGRES_USER:      postgres
      POSTGRES_PASSWORD:  <set to the key 'postgres-superuser-password' in secret 'hermod-secrets'>  Optional: false
    Mounts:
      /docker-entrypoint-initdb.d from init (rw)
      /var/lib/postgresql/data from data (rw)
      /var/run/secrets/kubernetes.io/serviceaccount from kube-api-access-rk7cn (ro)
Conditions:
  Type                        Status
  PodReadyToStartContainers   True 
  Initialized                 True 
  Ready                       True 
  ContainersReady             True 
  PodScheduled                True 
Volumes:
  data:
    Type:       PersistentVolumeClaim (a reference to a PersistentVolumeClaim in the same namespace)
    ClaimName:  data-postgres-0
    ReadOnly:   false
  init:
    Type:      ConfigMap (a volume populated by a ConfigMap)
    Name:      postgres-init
    Optional:  false
  kube-api-access-rk7cn:
    Type:                    Projected (a volume that contains injected data from multiple sources)
    TokenExpirationSeconds:  3607
    ConfigMapName:           kube-root-ca.crt
    Optional:                false
    DownwardAPI:             true
QoS Class:                   Burstable
Node-Selectors:              <none>
Tolerations:                 node.kubernetes.io/not-ready:NoExecute op=Exists for 300s
                             node.kubernetes.io/unreachable:NoExecute op=Exists for 300s
Events:
  Type    Reason     Age    From               Message
  ----    ------     ----   ----               -------
  Normal  Scheduled  2m23s  default-scheduler  Successfully assigned translator-lora/postgres-0 to <pi-host>
  Normal  Pulled     2m23s  kubelet            spec.containers{postgres}: Container image "postgres:17-alpine" already present on machine
  Normal  Created    2m23s  kubelet            spec.containers{postgres}: Created container: postgres
  Normal  Started    2m23s  kubelet            spec.containers{postgres}: Started container postgres

=== ts=1777276860 ===
Name:             hermod-coordinator-7d7b88cc46-x568z
Namespace:        translator-lora
Priority:         0
Service Account:  default
Node:             <pi-host>/<pi-ip>
Start Time:       Mon, 27 Apr 2026 09:58:53 +0200
Labels:           app=hermod-coordinator
                  pod-template-hash=7d7b88cc46
Annotations:      cni.projectcalico.org/containerID: 96136bacace6d54f99b11509d3bd139808f8605c3736b8571a2ad9209a61ec3c
                  cni.projectcalico.org/podIP: <pod-ip>/32
                  cni.projectcalico.org/podIPs: <pod-ip>/32
Status:           Running
IP:               <pod-ip>
IPs:
  IP:           <pod-ip>
Controlled By:  ReplicaSet/hermod-coordinator-7d7b88cc46
Init Containers:
  wait-for-postgres:
    Container ID:  containerd://b8076f61bf3374fb7c5d5ba21180eb50792698868e52db39a5b9241ff015a149
    Image:         busybox:1.36
    Image ID:      docker.io/library/busybox@sha256:73aaf090f3d85aa34ee199857f03fa3a95c8ede2ffd4cc2cdb5b94e566b11662
    Port:          <none>
    Host Port:     <none>
    Command:
      sh
      -c
      until nc -z postgres 5432; do sleep 2; done
    State:          Terminated
      Reason:       Completed
      Exit Code:    0
      Started:      Mon, 27 Apr 2026 09:58:54 +0200
      Finished:     Mon, 27 Apr 2026 09:58:54 +0200
    Ready:          True
    Restart Count:  0
    Environment:
      Hermod__Features__DeviceStateTracking:    true
      Hermod__Engine__LogBatchSize:             100
      Hermod__Engine__LogBatching:              true
      Hermod__Engine__Parallelism:              0
      Hermod__Features__MessagePersistence:     true
      Hermod__Features__RuleAuditLog:           true
      Hermod__Features__RuleCache:              true
      Hermod__Features__StatsRollup:            true
      Hermod__Storage__Mode:                    Postgres
      Logging__LogLevel__Hermod:                Information
      Logging__LogLevel__Microsoft.AspNetCore:  Warning
    Mounts:
      /var/run/secrets/kubernetes.io/serviceaccount from kube-api-access-kt2tl (ro)
  wait-for-nanomq:
    Container ID:  containerd://a757428e915ba6283f62206003ae86022cbad96795dae1209d29f4d6ecb7da94
    Image:         busybox:1.36
    Image ID:      docker.io/library/busybox@sha256:73aaf090f3d85aa34ee199857f03fa3a95c8ede2ffd4cc2cdb5b94e566b11662
    Port:          <none>
    Host Port:     <none>
    Command:
      sh
      -c
      until nc -z nanomq 1883; do sleep 2; done
    State:          Terminated
      Reason:       Completed
      Exit Code:    0
      Started:      Mon, 27 Apr 2026 09:58:55 +0200
      Finished:     Mon, 27 Apr 2026 09:58:55 +0200
    Ready:          True
    Restart Count:  0
    Environment:
      Hermod__Features__DeviceStateTracking:    true
      Hermod__Engine__LogBatchSize:             100
      Hermod__Engine__LogBatching:              true
      Hermod__Engine__Parallelism:              0
      Hermod__Features__MessagePersistence:     true
      Hermod__Features__RuleAuditLog:           true
      Hermod__Features__RuleCache:              true
      Hermod__Features__StatsRollup:            true
      Hermod__Storage__Mode:                    Postgres
      Logging__LogLevel__Hermod:                Information
      Logging__LogLevel__Microsoft.AspNetCore:  Warning
    Mounts:
      /var/run/secrets/kubernetes.io/serviceaccount from kube-api-access-kt2tl (ro)
Containers:
  hermod-coordinator:
    Container ID:   containerd://57ab1083b5e5700c0d9ee233851776a73de99452118bd7e7cc1bfa3b08f3cf9b
    Image:          hermod-coordinator:latest
    Image ID:       sha256:ca91ccdfcd269dd5e4e25d5ffe8d863ca5db57e5c4f62f08c8adf90d23c15eaf
    Port:           42069/TCP (http)
    Host Port:      0/TCP (http)
    State:          Running
      Started:      Mon, 27 Apr 2026 09:58:56 +0200
    Ready:          True
    Restart Count:  0
    Limits:
      cpu:     1500m
      memory:  1536Mi
    Requests:
      cpu:      200m
      memory:   256Mi
    Liveness:   http-get http://:42069/healthz delay=60s timeout=1s period=30s #success=1 #failure=3
    Readiness:  http-get http://:42069/healthz/ready delay=5s timeout=1s period=10s #success=1 #failure=3
    Startup:    http-get http://:42069/healthz delay=0s timeout=1s period=5s #success=1 #failure=30
    Environment:
      ASPNETCORE_ENVIRONMENT:                   Production
      ASPNETCORE_URLS:                          http://+:42069
      DOTNET_USE_POLLING_FILE_WATCHER:          true
      Hermod__Security__AuthBypass:             true
      Hermod__Security__VaultRequireHttps:      false
      Hermod__Features__MetricsEndpoint:        true
      Hermod__Dev__Endpoints:                   true
      Hermod__Mqtt__Host:                       nanomq
      Hermod__Mqtt__Port:                       1883
      Hermod__Mqtt__UseTls:                     false
      Hermod__Mqtt__Tls__UseTls:                false
      Hermod__Mqtt__Username:                   <set to the key 'mqtt-username' in secret 'hermod-secrets'>  Optional: false
      Hermod__Mqtt__Password:                   <set to the key 'mqtt-password' in secret 'hermod-secrets'>  Optional: false
      Hermod__Database__ConnectionString:       Host=postgres;Port=5432;Database=hermod;Username=hermod_app
      Hermod__Database__Password:               <set to the key 'hermod-db-password' in secret 'hermod-db-credentials'>  Optional: false
      Hermod__Features__DeviceStateTracking:    true
      Hermod__Engine__LogBatchSize:             100
      Hermod__Engine__LogBatching:              true
      Hermod__Engine__Parallelism:              0
      Hermod__Features__MessagePersistence:     true
      Hermod__Features__RuleAuditLog:           true
      Hermod__Features__RuleCache:              true
      Hermod__Features__StatsRollup:            true
      Hermod__Storage__Mode:                    Postgres
      Logging__LogLevel__Hermod:                Information
      Logging__LogLevel__Microsoft.AspNetCore:  Warning
    Mounts:
      /var/run/secrets/kubernetes.io/serviceaccount from kube-api-access-kt2tl (ro)
Conditions:
  Type                        Status
  PodReadyToStartContainers   True 
  Initialized                 True 
  Ready                       True 
  ContainersReady             True 
  PodScheduled                True 
Volumes:
  kube-api-access-kt2tl:
    Type:                    Projected (a volume that contains injected data from multiple sources)
    TokenExpirationSeconds:  3607
    ConfigMapName:           kube-root-ca.crt
    Optional:                false
    DownwardAPI:             true
QoS Class:                   Burstable
Node-Selectors:              <none>
Tolerations:                 node.kubernetes.io/not-ready:NoExecute op=Exists for 300s
                             node.kubernetes.io/unreachable:NoExecute op=Exists for 300s
Events:
  Type    Reason     Age   From               Message
  ----    ------     ----  ----               -------
  Normal  Scheduled  2m6s  default-scheduler  Successfully assigned translator-lora/hermod-coordinator-7d7b88cc46-x568z to <pi-host>
  Normal  Pulled     2m6s  kubelet            spec.initContainers{wait-for-postgres}: Container image "busybox:1.36" already present on machine
  Normal  Created    2m6s  kubelet            spec.initContainers{wait-for-postgres}: Created container: wait-for-postgres
  Normal  Started    2m6s  kubelet            spec.initContainers{wait-for-postgres}: Started container wait-for-postgres
  Normal  Pulled     2m5s  kubelet            spec.initContainers{wait-for-nanomq}: Container image "busybox:1.36" already present on machine
  Normal  Created    2m5s  kubelet            spec.initContainers{wait-for-nanomq}: Created container: wait-for-nanomq
  Normal  Started    2m5s  kubelet            spec.initContainers{wait-for-nanomq}: Started container wait-for-nanomq
  Normal  Pulled     2m4s  kubelet            spec.containers{hermod-coordinator}: Container image "hermod-coordinator:latest" already present on machine
  Normal  Created    2m4s  kubelet            spec.containers{hermod-coordinator}: Created container: hermod-coordinator
  Normal  Started    2m4s  kubelet            spec.containers{hermod-coordinator}: Started container hermod-coordinator


Name:             lora2mqtt-75b64546f8-vcg2h
Namespace:        translator-lora
Priority:         0
Service Account:  default
Node:             <pi-host>/<pi-ip>
Start Time:       Mon, 27 Apr 2026 09:58:20 +0200
Labels:           app=lora2mqtt
                  pod-template-hash=75b64546f8
Annotations:      cni.projectcalico.org/containerID: 17c200a74a85b0290e8ffedad65f7ce5a2d86a3ad5b72d71a6a00bc3b77af534
                  cni.projectcalico.org/podIP: <pod-ip>/32
                  cni.projectcalico.org/podIPs: <pod-ip>/32
Status:           Running
IP:               <pod-ip>
IPs:
  IP:           <pod-ip>
Controlled By:  ReplicaSet/lora2mqtt-75b64546f8
Containers:
  lora2mqtt:
    Container ID:   containerd://d785b3970a9921182ab24b1c8f232260b6ab0b105403cf3396266b5dce4822ca
    Image:          lora2mqtt:latest
    Image ID:       sha256:a577beb808fc418e29701f8435e3bdaa80e51fc465081b3046d1a6e7fa733883
    Port:           8080/TCP (http)
    Host Port:      0/TCP (http)
    State:          Running
      Started:      Mon, 27 Apr 2026 09:58:40 +0200
    Last State:     Terminated
      Reason:       Error
      Exit Code:    139
      Started:      Mon, 27 Apr 2026 09:58:24 +0200
      Finished:     Mon, 27 Apr 2026 09:58:25 +0200
    Ready:          True
    Restart Count:  2
    Limits:
      cpu:     500m
      memory:  256Mi
    Requests:
      cpu:      50m
      memory:   64Mi
    Readiness:  http-get http://:8080/health/ready delay=5s timeout=1s period=10s #success=1 #failure=3
    Environment:
      LoRa__MockMode:                       false
      LoRa__SerialPort:                     /dev/ttyACM0
      Hermod__Security__AuthBypass:         true
      Hermod__Security__VaultRequireHttps:  false
      Hermod__Features__MetricsEndpoint:    true
      Hermod__Dev__Endpoints:               true
      Mqtt__Host:                           nanomq
      Mqtt__Port:                           1883
      Mqtt__Tls__UseTls:                    false
      Mqtt__Username:                       <set to the key 'mqtt-username' in secret 'hermod-secrets'>  Optional: false
      Mqtt__Password:                       <set to the key 'mqtt-password' in secret 'hermod-secrets'>  Optional: false
    Mounts:
      /dev/ttyACM0 from lora-device (rw)
      /var/run/secrets/kubernetes.io/serviceaccount from kube-api-access-vrjnm (ro)
Conditions:
  Type                        Status
  PodReadyToStartContainers   True 
  Initialized                 True 
  Ready                       True 
  ContainersReady             True 
  PodScheduled                True 
Volumes:
  lora-device:
    Type:          HostPath (bare host directory volume)
    Path:          /dev/ttyACM0
    HostPathType:  CharDevice
  kube-api-access-vrjnm:
    Type:                    Projected (a volume that contains injected data from multiple sources)
    TokenExpirationSeconds:  3607
    ConfigMapName:           kube-root-ca.crt
    Optional:                false
    DownwardAPI:             true
QoS Class:                   Burstable
Node-Selectors:              <none>
Tolerations:                 node.kubernetes.io/not-ready:NoExecute op=Exists for 300s
                             node.kubernetes.io/unreachable:NoExecute op=Exists for 300s
Events:
  Type     Reason     Age                    From               Message
  ----     ------     ----                   ----               -------
  Normal   Scheduled  2m40s                  default-scheduler  Successfully assigned translator-lora/lora2mqtt-75b64546f8-vcg2h to <pi-host>
  Warning  BackOff    2m34s                  kubelet            spec.containers{lora2mqtt}: Back-off restarting failed container lora2mqtt in pod lora2mqtt-75b64546f8-vcg2h_translator-lora(43efd0a8-64b2-4cef-89fa-217853213c92)
  Normal   Pulled     2m20s (x3 over 2m39s)  kubelet            spec.containers{lora2mqtt}: Container image "lora2mqtt:latest" already present on machine
  Normal   Created    2m20s (x3 over 2m39s)  kubelet            spec.containers{lora2mqtt}: Created container: lora2mqtt
  Normal   Started    2m20s (x3 over 2m39s)  kubelet            spec.containers{lora2mqtt}: Started container lora2mqtt


Name:             nanomq-756fd88db6-gswzb
Namespace:        translator-lora
Priority:         0
Service Account:  default
Node:             <pi-host>/<pi-ip>
Start Time:       Mon, 27 Apr 2026 09:58:19 +0200
Labels:           app=nanomq
                  pod-template-hash=756fd88db6
Annotations:      cni.projectcalico.org/containerID: d13c00cff7c10170fdc73772a9d33ca9bc5e989414abb31ba06cd8c4cba05e53
                  cni.projectcalico.org/podIP: <pod-ip>/32
                  cni.projectcalico.org/podIPs: <pod-ip>/32
Status:           Running
IP:               <pod-ip>
IPs:
  IP:           <pod-ip>
Controlled By:  ReplicaSet/nanomq-756fd88db6
Containers:
  nanomq:
    Container ID:   containerd://67ecb14b2266eeed5d73f43c0adecf135657789524422372d58a4cdc5fea0714
    Image:          emqx/nanomq:0.21-slim
    Image ID:       docker.io/emqx/nanomq@sha256:53bea7acb547aced1cc45e08c514628f1e41c4da9ad544fd8c5fa96d3e9eb41b
    Ports:          1883/TCP (mqtt), 8081/TCP (http)
    Host Ports:     0/TCP (mqtt), 0/TCP (http)
    State:          Running
      Started:      Mon, 27 Apr 2026 09:58:21 +0200
    Ready:          True
    Restart Count:  0
    Limits:
      cpu:     1
      memory:  512Mi
    Requests:
      cpu:        50m
      memory:     64Mi
    Readiness:    tcp-socket :1883 delay=3s timeout=1s period=5s #success=1 #failure=3
    Environment:  <none>
    Mounts:
      /etc/nanomq.conf from config (rw,path="nanomq.conf")
      /var/run/secrets/kubernetes.io/serviceaccount from kube-api-access-r78qr (ro)
Conditions:
  Type                        Status
  PodReadyToStartContainers   True 
  Initialized                 True 
  Ready                       True 
  ContainersReady             True 
  PodScheduled                True 
Volumes:
  config:
    Type:      ConfigMap (a volume populated by a ConfigMap)
    Name:      nanomq-config
    Optional:  false
  kube-api-access-r78qr:
    Type:                    Projected (a volume that contains injected data from multiple sources)
    TokenExpirationSeconds:  3607
    ConfigMapName:           kube-root-ca.crt
    Optional:                false
    DownwardAPI:             true
QoS Class:                   Burstable
Node-Selectors:              <none>
Tolerations:                 node.kubernetes.io/not-ready:NoExecute op=Exists for 300s
                             node.kubernetes.io/unreachable:NoExecute op=Exists for 300s
Events:
  Type    Reason     Age    From               Message
  ----    ------     ----   ----               -------
  Normal  Scheduled  2m41s  default-scheduler  Successfully assigned translator-lora/nanomq-756fd88db6-gswzb to <pi-host>
  Normal  Pulled     2m39s  kubelet            spec.containers{nanomq}: Container image "emqx/nanomq:0.21-slim" already present on machine
  Normal  Created    2m39s  kubelet            spec.containers{nanomq}: Created container: nanomq
  Normal  Started    2m39s  kubelet            spec.containers{nanomq}: Started container nanomq


Name:             postgres-0
Namespace:        translator-lora
Priority:         0
Service Account:  default
Node:             <pi-host>/<pi-ip>
Start Time:       Mon, 27 Apr 2026 09:58:25 +0200
Labels:           app=postgres
                  apps.kubernetes.io/pod-index=0
                  controller-revision-hash=postgres-848ccb988d
                  statefulset.kubernetes.io/pod-name=postgres-0
Annotations:      cni.projectcalico.org/containerID: d4d46e624b672c075c4fb1dc4e54cdc3ce20b9a247d83fa6f9fb1f6aaa2c7b2d
                  cni.projectcalico.org/podIP: <pod-ip>/32
                  cni.projectcalico.org/podIPs: <pod-ip>/32
Status:           Running
IP:               <pod-ip>
IPs:
  IP:           <pod-ip>
Controlled By:  StatefulSet/postgres
Containers:
  postgres:
    Container ID:   containerd://079f755960298a41ec9f9808ccdd98c1a3717fcf702cabf311505369b239c8da
    Image:          postgres:17-alpine
    Image ID:       docker.io/library/postgres@sha256:778d0b486d6daa02b77434d0358ec57a1b21fd8b6d22ac2eef56a33e816928f6
    Port:           5432/TCP
    Host Port:      0/TCP
    State:          Running
      Started:      Mon, 27 Apr 2026 09:58:26 +0200
    Ready:          True
    Restart Count:  0
    Limits:
      cpu:     1500m
      memory:  1536Mi
    Requests:
      cpu:      100m
      memory:   256Mi
    Readiness:  exec [pg_isready -U postgres] delay=5s timeout=1s period=5s #success=1 #failure=3
    Environment:
      POSTGRES_DB:        postgres
      POSTGRES_USER:      postgres
      POSTGRES_PASSWORD:  <set to the key 'postgres-superuser-password' in secret 'hermod-secrets'>  Optional: false
    Mounts:
      /docker-entrypoint-initdb.d from init (rw)
      /var/lib/postgresql/data from data (rw)
      /var/run/secrets/kubernetes.io/serviceaccount from kube-api-access-rk7cn (ro)
Conditions:
  Type                        Status
  PodReadyToStartContainers   True 
  Initialized                 True 
  Ready                       True 
  ContainersReady             True 
  PodScheduled                True 
Volumes:
  data:
    Type:       PersistentVolumeClaim (a reference to a PersistentVolumeClaim in the same namespace)
    ClaimName:  data-postgres-0
    ReadOnly:   false
  init:
    Type:      ConfigMap (a volume populated by a ConfigMap)
    Name:      postgres-init
    Optional:  false
  kube-api-access-rk7cn:
    Type:                    Projected (a volume that contains injected data from multiple sources)
    TokenExpirationSeconds:  3607
    ConfigMapName:           kube-root-ca.crt
    Optional:                false
    DownwardAPI:             true
QoS Class:                   Burstable
Node-Selectors:              <none>
Tolerations:                 node.kubernetes.io/not-ready:NoExecute op=Exists for 300s
                             node.kubernetes.io/unreachable:NoExecute op=Exists for 300s
Events:
  Type    Reason     Age    From               Message
  ----    ------     ----   ----               -------
  Normal  Scheduled  2m35s  default-scheduler  Successfully assigned translator-lora/postgres-0 to <pi-host>
  Normal  Pulled     2m34s  kubelet            spec.containers{postgres}: Container image "postgres:17-alpine" already present on machine
  Normal  Created    2m34s  kubelet            spec.containers{postgres}: Created container: postgres
  Normal  Started    2m34s  kubelet            spec.containers{postgres}: Started container postgres

=== ts=1777276872 ===
Name:             hermod-coordinator-7d7b88cc46-x568z
Namespace:        translator-lora
Priority:         0
Service Account:  default
Node:             <pi-host>/<pi-ip>
Start Time:       Mon, 27 Apr 2026 09:58:53 +0200
Labels:           app=hermod-coordinator
                  pod-template-hash=7d7b88cc46
Annotations:      cni.projectcalico.org/containerID: 96136bacace6d54f99b11509d3bd139808f8605c3736b8571a2ad9209a61ec3c
                  cni.projectcalico.org/podIP: <pod-ip>/32
                  cni.projectcalico.org/podIPs: <pod-ip>/32
Status:           Running
IP:               <pod-ip>
IPs:
  IP:           <pod-ip>
Controlled By:  ReplicaSet/hermod-coordinator-7d7b88cc46
Init Containers:
  wait-for-postgres:
    Container ID:  containerd://b8076f61bf3374fb7c5d5ba21180eb50792698868e52db39a5b9241ff015a149
    Image:         busybox:1.36
    Image ID:      docker.io/library/busybox@sha256:73aaf090f3d85aa34ee199857f03fa3a95c8ede2ffd4cc2cdb5b94e566b11662
    Port:          <none>
    Host Port:     <none>
    Command:
      sh
      -c
      until nc -z postgres 5432; do sleep 2; done
    State:          Terminated
      Reason:       Completed
      Exit Code:    0
      Started:      Mon, 27 Apr 2026 09:58:54 +0200
      Finished:     Mon, 27 Apr 2026 09:58:54 +0200
    Ready:          True
    Restart Count:  0
    Environment:
      Hermod__Features__DeviceStateTracking:    true
      Hermod__Engine__LogBatchSize:             100
      Hermod__Engine__LogBatching:              true
      Hermod__Engine__Parallelism:              0
      Hermod__Features__MessagePersistence:     true
      Hermod__Features__RuleAuditLog:           true
      Hermod__Features__RuleCache:              true
      Hermod__Features__StatsRollup:            true
      Hermod__Storage__Mode:                    Postgres
      Logging__LogLevel__Hermod:                Information
      Logging__LogLevel__Microsoft.AspNetCore:  Warning
    Mounts:
      /var/run/secrets/kubernetes.io/serviceaccount from kube-api-access-kt2tl (ro)
  wait-for-nanomq:
    Container ID:  containerd://a757428e915ba6283f62206003ae86022cbad96795dae1209d29f4d6ecb7da94
    Image:         busybox:1.36
    Image ID:      docker.io/library/busybox@sha256:73aaf090f3d85aa34ee199857f03fa3a95c8ede2ffd4cc2cdb5b94e566b11662
    Port:          <none>
    Host Port:     <none>
    Command:
      sh
      -c
      until nc -z nanomq 1883; do sleep 2; done
    State:          Terminated
      Reason:       Completed
      Exit Code:    0
      Started:      Mon, 27 Apr 2026 09:58:55 +0200
      Finished:     Mon, 27 Apr 2026 09:58:55 +0200
    Ready:          True
    Restart Count:  0
    Environment:
      Hermod__Features__DeviceStateTracking:    true
      Hermod__Engine__LogBatchSize:             100
      Hermod__Engine__LogBatching:              true
      Hermod__Engine__Parallelism:              0
      Hermod__Features__MessagePersistence:     true
      Hermod__Features__RuleAuditLog:           true
      Hermod__Features__RuleCache:              true
      Hermod__Features__StatsRollup:            true
      Hermod__Storage__Mode:                    Postgres
      Logging__LogLevel__Hermod:                Information
      Logging__LogLevel__Microsoft.AspNetCore:  Warning
    Mounts:
      /var/run/secrets/kubernetes.io/serviceaccount from kube-api-access-kt2tl (ro)
Containers:
  hermod-coordinator:
    Container ID:   containerd://57ab1083b5e5700c0d9ee233851776a73de99452118bd7e7cc1bfa3b08f3cf9b
    Image:          hermod-coordinator:latest
    Image ID:       sha256:ca91ccdfcd269dd5e4e25d5ffe8d863ca5db57e5c4f62f08c8adf90d23c15eaf
    Port:           42069/TCP (http)
    Host Port:      0/TCP (http)
    State:          Running
      Started:      Mon, 27 Apr 2026 09:58:56 +0200
    Ready:          True
    Restart Count:  0
    Limits:
      cpu:     1500m
      memory:  1536Mi
    Requests:
      cpu:      200m
      memory:   256Mi
    Liveness:   http-get http://:42069/healthz delay=60s timeout=1s period=30s #success=1 #failure=3
    Readiness:  http-get http://:42069/healthz/ready delay=5s timeout=1s period=10s #success=1 #failure=3
    Startup:    http-get http://:42069/healthz delay=0s timeout=1s period=5s #success=1 #failure=30
    Environment:
      ASPNETCORE_ENVIRONMENT:                   Production
      ASPNETCORE_URLS:                          http://+:42069
      DOTNET_USE_POLLING_FILE_WATCHER:          true
      Hermod__Security__AuthBypass:             true
      Hermod__Security__VaultRequireHttps:      false
      Hermod__Features__MetricsEndpoint:        true
      Hermod__Dev__Endpoints:                   true
      Hermod__Mqtt__Host:                       nanomq
      Hermod__Mqtt__Port:                       1883
      Hermod__Mqtt__UseTls:                     false
      Hermod__Mqtt__Tls__UseTls:                false
      Hermod__Mqtt__Username:                   <set to the key 'mqtt-username' in secret 'hermod-secrets'>  Optional: false
      Hermod__Mqtt__Password:                   <set to the key 'mqtt-password' in secret 'hermod-secrets'>  Optional: false
      Hermod__Database__ConnectionString:       Host=postgres;Port=5432;Database=hermod;Username=hermod_app
      Hermod__Database__Password:               <set to the key 'hermod-db-password' in secret 'hermod-db-credentials'>  Optional: false
      Hermod__Features__DeviceStateTracking:    true
      Hermod__Engine__LogBatchSize:             100
      Hermod__Engine__LogBatching:              true
      Hermod__Engine__Parallelism:              0
      Hermod__Features__MessagePersistence:     true
      Hermod__Features__RuleAuditLog:           true
      Hermod__Features__RuleCache:              true
      Hermod__Features__StatsRollup:            true
      Hermod__Storage__Mode:                    Postgres
      Logging__LogLevel__Hermod:                Information
      Logging__LogLevel__Microsoft.AspNetCore:  Warning
    Mounts:
      /var/run/secrets/kubernetes.io/serviceaccount from kube-api-access-kt2tl (ro)
Conditions:
  Type                        Status
  PodReadyToStartContainers   True 
  Initialized                 True 
  Ready                       True 
  ContainersReady             True 
  PodScheduled                True 
Volumes:
  kube-api-access-kt2tl:
    Type:                    Projected (a volume that contains injected data from multiple sources)
    TokenExpirationSeconds:  3607
    ConfigMapName:           kube-root-ca.crt
    Optional:                false
    DownwardAPI:             true
QoS Class:                   Burstable
Node-Selectors:              <none>
Tolerations:                 node.kubernetes.io/not-ready:NoExecute op=Exists for 300s
                             node.kubernetes.io/unreachable:NoExecute op=Exists for 300s
Events:
  Type    Reason     Age    From               Message
  ----    ------     ----   ----               -------
  Normal  Scheduled  2m18s  default-scheduler  Successfully assigned translator-lora/hermod-coordinator-7d7b88cc46-x568z to <pi-host>
  Normal  Pulled     2m18s  kubelet            spec.initContainers{wait-for-postgres}: Container image "busybox:1.36" already present on machine
  Normal  Created    2m18s  kubelet            spec.initContainers{wait-for-postgres}: Created container: wait-for-postgres
  Normal  Started    2m18s  kubelet            spec.initContainers{wait-for-postgres}: Started container wait-for-postgres
  Normal  Pulled     2m17s  kubelet            spec.initContainers{wait-for-nanomq}: Container image "busybox:1.36" already present on machine
  Normal  Created    2m17s  kubelet            spec.initContainers{wait-for-nanomq}: Created container: wait-for-nanomq
  Normal  Started    2m17s  kubelet            spec.initContainers{wait-for-nanomq}: Started container wait-for-nanomq
  Normal  Pulled     2m16s  kubelet            spec.containers{hermod-coordinator}: Container image "hermod-coordinator:latest" already present on machine
  Normal  Created    2m16s  kubelet            spec.containers{hermod-coordinator}: Created container: hermod-coordinator
  Normal  Started    2m16s  kubelet            spec.containers{hermod-coordinator}: Started container hermod-coordinator


Name:             lora2mqtt-75b64546f8-vcg2h
Namespace:        translator-lora
Priority:         0
Service Account:  default
Node:             <pi-host>/<pi-ip>
Start Time:       Mon, 27 Apr 2026 09:58:20 +0200
Labels:           app=lora2mqtt
                  pod-template-hash=75b64546f8
Annotations:      cni.projectcalico.org/containerID: 17c200a74a85b0290e8ffedad65f7ce5a2d86a3ad5b72d71a6a00bc3b77af534
                  cni.projectcalico.org/podIP: <pod-ip>/32
                  cni.projectcalico.org/podIPs: <pod-ip>/32
Status:           Running
IP:               <pod-ip>
IPs:
  IP:           <pod-ip>
Controlled By:  ReplicaSet/lora2mqtt-75b64546f8
Containers:
  lora2mqtt:
    Container ID:   containerd://d785b3970a9921182ab24b1c8f232260b6ab0b105403cf3396266b5dce4822ca
    Image:          lora2mqtt:latest
    Image ID:       sha256:a577beb808fc418e29701f8435e3bdaa80e51fc465081b3046d1a6e7fa733883
    Port:           8080/TCP (http)
    Host Port:      0/TCP (http)
    State:          Running
      Started:      Mon, 27 Apr 2026 09:58:40 +0200
    Last State:     Terminated
      Reason:       Error
      Exit Code:    139
      Started:      Mon, 27 Apr 2026 09:58:24 +0200
      Finished:     Mon, 27 Apr 2026 09:58:25 +0200
    Ready:          True
    Restart Count:  2
    Limits:
      cpu:     500m
      memory:  256Mi
    Requests:
      cpu:      50m
      memory:   64Mi
    Readiness:  http-get http://:8080/health/ready delay=5s timeout=1s period=10s #success=1 #failure=3
    Environment:
      LoRa__MockMode:                       false
      LoRa__SerialPort:                     /dev/ttyACM0
      Hermod__Security__AuthBypass:         true
      Hermod__Security__VaultRequireHttps:  false
      Hermod__Features__MetricsEndpoint:    true
      Hermod__Dev__Endpoints:               true
      Mqtt__Host:                           nanomq
      Mqtt__Port:                           1883
      Mqtt__Tls__UseTls:                    false
      Mqtt__Username:                       <set to the key 'mqtt-username' in secret 'hermod-secrets'>  Optional: false
      Mqtt__Password:                       <set to the key 'mqtt-password' in secret 'hermod-secrets'>  Optional: false
    Mounts:
      /dev/ttyACM0 from lora-device (rw)
      /var/run/secrets/kubernetes.io/serviceaccount from kube-api-access-vrjnm (ro)
Conditions:
  Type                        Status
  PodReadyToStartContainers   True 
  Initialized                 True 
  Ready                       True 
  ContainersReady             True 
  PodScheduled                True 
Volumes:
  lora-device:
    Type:          HostPath (bare host directory volume)
    Path:          /dev/ttyACM0
    HostPathType:  CharDevice
  kube-api-access-vrjnm:
    Type:                    Projected (a volume that contains injected data from multiple sources)
    TokenExpirationSeconds:  3607
    ConfigMapName:           kube-root-ca.crt
    Optional:                false
    DownwardAPI:             true
QoS Class:                   Burstable
Node-Selectors:              <none>
Tolerations:                 node.kubernetes.io/not-ready:NoExecute op=Exists for 300s
                             node.kubernetes.io/unreachable:NoExecute op=Exists for 300s
Events:
  Type     Reason     Age                    From               Message
  ----     ------     ----                   ----               -------
  Normal   Scheduled  2m52s                  default-scheduler  Successfully assigned translator-lora/lora2mqtt-75b64546f8-vcg2h to <pi-host>
  Warning  BackOff    2m46s                  kubelet            spec.containers{lora2mqtt}: Back-off restarting failed container lora2mqtt in pod lora2mqtt-75b64546f8-vcg2h_translator-lora(43efd0a8-64b2-4cef-89fa-217853213c92)
  Normal   Pulled     2m32s (x3 over 2m51s)  kubelet            spec.containers{lora2mqtt}: Container image "lora2mqtt:latest" already present on machine
  Normal   Created    2m32s (x3 over 2m51s)  kubelet            spec.containers{lora2mqtt}: Created container: lora2mqtt
  Normal   Started    2m32s (x3 over 2m51s)  kubelet            spec.containers{lora2mqtt}: Started container lora2mqtt


Name:             nanomq-756fd88db6-gswzb
Namespace:        translator-lora
Priority:         0
Service Account:  default
Node:             <pi-host>/<pi-ip>
Start Time:       Mon, 27 Apr 2026 09:58:19 +0200
Labels:           app=nanomq
                  pod-template-hash=756fd88db6
Annotations:      cni.projectcalico.org/containerID: d13c00cff7c10170fdc73772a9d33ca9bc5e989414abb31ba06cd8c4cba05e53
                  cni.projectcalico.org/podIP: <pod-ip>/32
                  cni.projectcalico.org/podIPs: <pod-ip>/32
Status:           Running
IP:               <pod-ip>
IPs:
  IP:           <pod-ip>
Controlled By:  ReplicaSet/nanomq-756fd88db6
Containers:
  nanomq:
    Container ID:   containerd://67ecb14b2266eeed5d73f43c0adecf135657789524422372d58a4cdc5fea0714
    Image:          emqx/nanomq:0.21-slim
    Image ID:       docker.io/emqx/nanomq@sha256:53bea7acb547aced1cc45e08c514628f1e41c4da9ad544fd8c5fa96d3e9eb41b
    Ports:          1883/TCP (mqtt), 8081/TCP (http)
    Host Ports:     0/TCP (mqtt), 0/TCP (http)
    State:          Running
      Started:      Mon, 27 Apr 2026 09:58:21 +0200
    Ready:          True
    Restart Count:  0
    Limits:
      cpu:     1
      memory:  512Mi
    Requests:
      cpu:        50m
      memory:     64Mi
    Readiness:    tcp-socket :1883 delay=3s timeout=1s period=5s #success=1 #failure=3
    Environment:  <none>
    Mounts:
      /etc/nanomq.conf from config (rw,path="nanomq.conf")
      /var/run/secrets/kubernetes.io/serviceaccount from kube-api-access-r78qr (ro)
Conditions:
  Type                        Status
  PodReadyToStartContainers   True 
  Initialized                 True 
  Ready                       True 
  ContainersReady             True 
  PodScheduled                True 
Volumes:
  config:
    Type:      ConfigMap (a volume populated by a ConfigMap)
    Name:      nanomq-config
    Optional:  false
  kube-api-access-r78qr:
    Type:                    Projected (a volume that contains injected data from multiple sources)
    TokenExpirationSeconds:  3607
    ConfigMapName:           kube-root-ca.crt
    Optional:                false
    DownwardAPI:             true
QoS Class:                   Burstable
Node-Selectors:              <none>
Tolerations:                 node.kubernetes.io/not-ready:NoExecute op=Exists for 300s
                             node.kubernetes.io/unreachable:NoExecute op=Exists for 300s
Events:
  Type    Reason     Age    From               Message
  ----    ------     ----   ----               -------
  Normal  Scheduled  2m52s  default-scheduler  Successfully assigned translator-lora/nanomq-756fd88db6-gswzb to <pi-host>
  Normal  Pulled     2m51s  kubelet            spec.containers{nanomq}: Container image "emqx/nanomq:0.21-slim" already present on machine
  Normal  Created    2m51s  kubelet            spec.containers{nanomq}: Created container: nanomq
  Normal  Started    2m51s  kubelet            spec.containers{nanomq}: Started container nanomq


Name:             postgres-0
Namespace:        translator-lora
Priority:         0
Service Account:  default
Node:             <pi-host>/<pi-ip>
Start Time:       Mon, 27 Apr 2026 09:58:25 +0200
Labels:           app=postgres
                  apps.kubernetes.io/pod-index=0
                  controller-revision-hash=postgres-848ccb988d
                  statefulset.kubernetes.io/pod-name=postgres-0
Annotations:      cni.projectcalico.org/containerID: d4d46e624b672c075c4fb1dc4e54cdc3ce20b9a247d83fa6f9fb1f6aaa2c7b2d
                  cni.projectcalico.org/podIP: <pod-ip>/32
                  cni.projectcalico.org/podIPs: <pod-ip>/32
Status:           Running
IP:               <pod-ip>
IPs:
  IP:           <pod-ip>
Controlled By:  StatefulSet/postgres
Containers:
  postgres:
    Container ID:   containerd://079f755960298a41ec9f9808ccdd98c1a3717fcf702cabf311505369b239c8da
    Image:          postgres:17-alpine
    Image ID:       docker.io/library/postgres@sha256:778d0b486d6daa02b77434d0358ec57a1b21fd8b6d22ac2eef56a33e816928f6
    Port:           5432/TCP
    Host Port:      0/TCP
    State:          Running
      Started:      Mon, 27 Apr 2026 09:58:26 +0200
    Ready:          True
    Restart Count:  0
    Limits:
      cpu:     1500m
      memory:  1536Mi
    Requests:
      cpu:      100m
      memory:   256Mi
    Readiness:  exec [pg_isready -U postgres] delay=5s timeout=1s period=5s #success=1 #failure=3
    Environment:
      POSTGRES_DB:        postgres
      POSTGRES_USER:      postgres
      POSTGRES_PASSWORD:  <set to the key 'postgres-superuser-password' in secret 'hermod-secrets'>  Optional: false
    Mounts:
      /docker-entrypoint-initdb.d from init (rw)
      /var/lib/postgresql/data from data (rw)
      /var/run/secrets/kubernetes.io/serviceaccount from kube-api-access-rk7cn (ro)
Conditions:
  Type                        Status
  PodReadyToStartContainers   True 
  Initialized                 True 
  Ready                       True 
  ContainersReady             True 
  PodScheduled                True 
Volumes:
  data:
    Type:       PersistentVolumeClaim (a reference to a PersistentVolumeClaim in the same namespace)
    ClaimName:  data-postgres-0
    ReadOnly:   false
  init:
    Type:      ConfigMap (a volume populated by a ConfigMap)
    Name:      postgres-init
    Optional:  false
  kube-api-access-rk7cn:
    Type:                    Projected (a volume that contains injected data from multiple sources)
    TokenExpirationSeconds:  3607
    ConfigMapName:           kube-root-ca.crt
    Optional:                false
    DownwardAPI:             true
QoS Class:                   Burstable
Node-Selectors:              <none>
Tolerations:                 node.kubernetes.io/not-ready:NoExecute op=Exists for 300s
                             node.kubernetes.io/unreachable:NoExecute op=Exists for 300s
Events:
  Type    Reason     Age    From               Message
  ----    ------     ----   ----               -------
  Normal  Scheduled  2m46s  default-scheduler  Successfully assigned translator-lora/postgres-0 to <pi-host>
  Normal  Pulled     2m46s  kubelet            spec.containers{postgres}: Container image "postgres:17-alpine" already present on machine
  Normal  Created    2m46s  kubelet            spec.containers{postgres}: Created container: postgres
  Normal  Started    2m46s  kubelet            spec.containers{postgres}: Started container postgres

=== ts=1777276883 ===
Name:             hermod-coordinator-7d7b88cc46-x568z
Namespace:        translator-lora
Priority:         0
Service Account:  default
Node:             <pi-host>/<pi-ip>
Start Time:       Mon, 27 Apr 2026 09:58:53 +0200
Labels:           app=hermod-coordinator
                  pod-template-hash=7d7b88cc46
Annotations:      cni.projectcalico.org/containerID: 96136bacace6d54f99b11509d3bd139808f8605c3736b8571a2ad9209a61ec3c
                  cni.projectcalico.org/podIP: <pod-ip>/32
                  cni.projectcalico.org/podIPs: <pod-ip>/32
Status:           Running
IP:               <pod-ip>
IPs:
  IP:           <pod-ip>
Controlled By:  ReplicaSet/hermod-coordinator-7d7b88cc46
Init Containers:
  wait-for-postgres:
    Container ID:  containerd://b8076f61bf3374fb7c5d5ba21180eb50792698868e52db39a5b9241ff015a149
    Image:         busybox:1.36
    Image ID:      docker.io/library/busybox@sha256:73aaf090f3d85aa34ee199857f03fa3a95c8ede2ffd4cc2cdb5b94e566b11662
    Port:          <none>
    Host Port:     <none>
    Command:
      sh
      -c
      until nc -z postgres 5432; do sleep 2; done
    State:          Terminated
      Reason:       Completed
      Exit Code:    0
      Started:      Mon, 27 Apr 2026 09:58:54 +0200
      Finished:     Mon, 27 Apr 2026 09:58:54 +0200
    Ready:          True
    Restart Count:  0
    Environment:
      Hermod__Features__DeviceStateTracking:    true
      Hermod__Engine__LogBatchSize:             100
      Hermod__Engine__LogBatching:              true
      Hermod__Engine__Parallelism:              0
      Hermod__Features__MessagePersistence:     true
      Hermod__Features__RuleAuditLog:           true
      Hermod__Features__RuleCache:              true
      Hermod__Features__StatsRollup:            true
      Hermod__Storage__Mode:                    Postgres
      Logging__LogLevel__Hermod:                Information
      Logging__LogLevel__Microsoft.AspNetCore:  Warning
    Mounts:
      /var/run/secrets/kubernetes.io/serviceaccount from kube-api-access-kt2tl (ro)
  wait-for-nanomq:
    Container ID:  containerd://a757428e915ba6283f62206003ae86022cbad96795dae1209d29f4d6ecb7da94
    Image:         busybox:1.36
    Image ID:      docker.io/library/busybox@sha256:73aaf090f3d85aa34ee199857f03fa3a95c8ede2ffd4cc2cdb5b94e566b11662
    Port:          <none>
    Host Port:     <none>
    Command:
      sh
      -c
      until nc -z nanomq 1883; do sleep 2; done
    State:          Terminated
      Reason:       Completed
      Exit Code:    0
      Started:      Mon, 27 Apr 2026 09:58:55 +0200
      Finished:     Mon, 27 Apr 2026 09:58:55 +0200
    Ready:          True
    Restart Count:  0
    Environment:
      Hermod__Features__DeviceStateTracking:    true
      Hermod__Engine__LogBatchSize:             100
      Hermod__Engine__LogBatching:              true
      Hermod__Engine__Parallelism:              0
      Hermod__Features__MessagePersistence:     true
      Hermod__Features__RuleAuditLog:           true
      Hermod__Features__RuleCache:              true
      Hermod__Features__StatsRollup:            true
      Hermod__Storage__Mode:                    Postgres
      Logging__LogLevel__Hermod:                Information
      Logging__LogLevel__Microsoft.AspNetCore:  Warning
    Mounts:
      /var/run/secrets/kubernetes.io/serviceaccount from kube-api-access-kt2tl (ro)
Containers:
  hermod-coordinator:
    Container ID:   containerd://57ab1083b5e5700c0d9ee233851776a73de99452118bd7e7cc1bfa3b08f3cf9b
    Image:          hermod-coordinator:latest
    Image ID:       sha256:ca91ccdfcd269dd5e4e25d5ffe8d863ca5db57e5c4f62f08c8adf90d23c15eaf
    Port:           42069/TCP (http)
    Host Port:      0/TCP (http)
    State:          Running
      Started:      Mon, 27 Apr 2026 09:58:56 +0200
    Ready:          True
    Restart Count:  0
    Limits:
      cpu:     1500m
      memory:  1536Mi
    Requests:
      cpu:      200m
      memory:   256Mi
    Liveness:   http-get http://:42069/healthz delay=60s timeout=1s period=30s #success=1 #failure=3
    Readiness:  http-get http://:42069/healthz/ready delay=5s timeout=1s period=10s #success=1 #failure=3
    Startup:    http-get http://:42069/healthz delay=0s timeout=1s period=5s #success=1 #failure=30
    Environment:
      ASPNETCORE_ENVIRONMENT:                   Production
      ASPNETCORE_URLS:                          http://+:42069
      DOTNET_USE_POLLING_FILE_WATCHER:          true
      Hermod__Security__AuthBypass:             true
      Hermod__Security__VaultRequireHttps:      false
      Hermod__Features__MetricsEndpoint:        true
      Hermod__Dev__Endpoints:                   true
      Hermod__Mqtt__Host:                       nanomq
      Hermod__Mqtt__Port:                       1883
      Hermod__Mqtt__UseTls:                     false
      Hermod__Mqtt__Tls__UseTls:                false
      Hermod__Mqtt__Username:                   <set to the key 'mqtt-username' in secret 'hermod-secrets'>  Optional: false
      Hermod__Mqtt__Password:                   <set to the key 'mqtt-password' in secret 'hermod-secrets'>  Optional: false
      Hermod__Database__ConnectionString:       Host=postgres;Port=5432;Database=hermod;Username=hermod_app
      Hermod__Database__Password:               <set to the key 'hermod-db-password' in secret 'hermod-db-credentials'>  Optional: false
      Hermod__Features__DeviceStateTracking:    true
      Hermod__Engine__LogBatchSize:             100
      Hermod__Engine__LogBatching:              true
      Hermod__Engine__Parallelism:              0
      Hermod__Features__MessagePersistence:     true
      Hermod__Features__RuleAuditLog:           true
      Hermod__Features__RuleCache:              true
      Hermod__Features__StatsRollup:            true
      Hermod__Storage__Mode:                    Postgres
      Logging__LogLevel__Hermod:                Information
      Logging__LogLevel__Microsoft.AspNetCore:  Warning
    Mounts:
      /var/run/secrets/kubernetes.io/serviceaccount from kube-api-access-kt2tl (ro)
Conditions:
  Type                        Status
  PodReadyToStartContainers   True 
  Initialized                 True 
  Ready                       True 
  ContainersReady             True 
  PodScheduled                True 
Volumes:
  kube-api-access-kt2tl:
    Type:                    Projected (a volume that contains injected data from multiple sources)
    TokenExpirationSeconds:  3607
    ConfigMapName:           kube-root-ca.crt
    Optional:                false
    DownwardAPI:             true
QoS Class:                   Burstable
Node-Selectors:              <none>
Tolerations:                 node.kubernetes.io/not-ready:NoExecute op=Exists for 300s
                             node.kubernetes.io/unreachable:NoExecute op=Exists for 300s
Events:
  Type    Reason     Age    From               Message
  ----    ------     ----   ----               -------
  Normal  Scheduled  2m29s  default-scheduler  Successfully assigned translator-lora/hermod-coordinator-7d7b88cc46-x568z to <pi-host>
  Normal  Pulled     2m29s  kubelet            spec.initContainers{wait-for-postgres}: Container image "busybox:1.36" already present on machine
  Normal  Created    2m29s  kubelet            spec.initContainers{wait-for-postgres}: Created container: wait-for-postgres
  Normal  Started    2m29s  kubelet            spec.initContainers{wait-for-postgres}: Started container wait-for-postgres
  Normal  Pulled     2m28s  kubelet            spec.initContainers{wait-for-nanomq}: Container image "busybox:1.36" already present on machine
  Normal  Created    2m28s  kubelet            spec.initContainers{wait-for-nanomq}: Created container: wait-for-nanomq
  Normal  Started    2m28s  kubelet            spec.initContainers{wait-for-nanomq}: Started container wait-for-nanomq
  Normal  Pulled     2m27s  kubelet            spec.containers{hermod-coordinator}: Container image "hermod-coordinator:latest" already present on machine
  Normal  Created    2m27s  kubelet            spec.containers{hermod-coordinator}: Created container: hermod-coordinator
  Normal  Started    2m27s  kubelet            spec.containers{hermod-coordinator}: Started container hermod-coordinator


Name:             lora2mqtt-75b64546f8-vcg2h
Namespace:        translator-lora
Priority:         0
Service Account:  default
Node:             <pi-host>/<pi-ip>
Start Time:       Mon, 27 Apr 2026 09:58:20 +0200
Labels:           app=lora2mqtt
                  pod-template-hash=75b64546f8
Annotations:      cni.projectcalico.org/containerID: 17c200a74a85b0290e8ffedad65f7ce5a2d86a3ad5b72d71a6a00bc3b77af534
                  cni.projectcalico.org/podIP: <pod-ip>/32
                  cni.projectcalico.org/podIPs: <pod-ip>/32
Status:           Running
IP:               <pod-ip>
IPs:
  IP:           <pod-ip>
Controlled By:  ReplicaSet/lora2mqtt-75b64546f8
Containers:
  lora2mqtt:
    Container ID:   containerd://d785b3970a9921182ab24b1c8f232260b6ab0b105403cf3396266b5dce4822ca
    Image:          lora2mqtt:latest
    Image ID:       sha256:a577beb808fc418e29701f8435e3bdaa80e51fc465081b3046d1a6e7fa733883
    Port:           8080/TCP (http)
    Host Port:      0/TCP (http)
    State:          Running
      Started:      Mon, 27 Apr 2026 09:58:40 +0200
    Last State:     Terminated
      Reason:       Error
      Exit Code:    139
      Started:      Mon, 27 Apr 2026 09:58:24 +0200
      Finished:     Mon, 27 Apr 2026 09:58:25 +0200
    Ready:          True
    Restart Count:  2
    Limits:
      cpu:     500m
      memory:  256Mi
    Requests:
      cpu:      50m
      memory:   64Mi
    Readiness:  http-get http://:8080/health/ready delay=5s timeout=1s period=10s #success=1 #failure=3
    Environment:
      LoRa__MockMode:                       false
      LoRa__SerialPort:                     /dev/ttyACM0
      Hermod__Security__AuthBypass:         true
      Hermod__Security__VaultRequireHttps:  false
      Hermod__Features__MetricsEndpoint:    true
      Hermod__Dev__Endpoints:               true
      Mqtt__Host:                           nanomq
      Mqtt__Port:                           1883
      Mqtt__Tls__UseTls:                    false
      Mqtt__Username:                       <set to the key 'mqtt-username' in secret 'hermod-secrets'>  Optional: false
      Mqtt__Password:                       <set to the key 'mqtt-password' in secret 'hermod-secrets'>  Optional: false
    Mounts:
      /dev/ttyACM0 from lora-device (rw)
      /var/run/secrets/kubernetes.io/serviceaccount from kube-api-access-vrjnm (ro)
Conditions:
  Type                        Status
  PodReadyToStartContainers   True 
  Initialized                 True 
  Ready                       True 
  ContainersReady             True 
  PodScheduled                True 
Volumes:
  lora-device:
    Type:          HostPath (bare host directory volume)
    Path:          /dev/ttyACM0
    HostPathType:  CharDevice
  kube-api-access-vrjnm:
    Type:                    Projected (a volume that contains injected data from multiple sources)
    TokenExpirationSeconds:  3607
    ConfigMapName:           kube-root-ca.crt
    Optional:                false
    DownwardAPI:             true
QoS Class:                   Burstable
Node-Selectors:              <none>
Tolerations:                 node.kubernetes.io/not-ready:NoExecute op=Exists for 300s
                             node.kubernetes.io/unreachable:NoExecute op=Exists for 300s
Events:
  Type     Reason     Age                   From               Message
  ----     ------     ----                  ----               -------
  Normal   Scheduled  3m3s                  default-scheduler  Successfully assigned translator-lora/lora2mqtt-75b64546f8-vcg2h to <pi-host>
  Warning  BackOff    2m57s                 kubelet            spec.containers{lora2mqtt}: Back-off restarting failed container lora2mqtt in pod lora2mqtt-75b64546f8-vcg2h_translator-lora(43efd0a8-64b2-4cef-89fa-217853213c92)
  Normal   Pulled     2m43s (x3 over 3m2s)  kubelet            spec.containers{lora2mqtt}: Container image "lora2mqtt:latest" already present on machine
  Normal   Created    2m43s (x3 over 3m2s)  kubelet            spec.containers{lora2mqtt}: Created container: lora2mqtt
  Normal   Started    2m43s (x3 over 3m2s)  kubelet            spec.containers{lora2mqtt}: Started container lora2mqtt


Name:             nanomq-756fd88db6-gswzb
Namespace:        translator-lora
Priority:         0
Service Account:  default
Node:             <pi-host>/<pi-ip>
Start Time:       Mon, 27 Apr 2026 09:58:19 +0200
Labels:           app=nanomq
                  pod-template-hash=756fd88db6
Annotations:      cni.projectcalico.org/containerID: d13c00cff7c10170fdc73772a9d33ca9bc5e989414abb31ba06cd8c4cba05e53
                  cni.projectcalico.org/podIP: <pod-ip>/32
                  cni.projectcalico.org/podIPs: <pod-ip>/32
Status:           Running
IP:               <pod-ip>
IPs:
  IP:           <pod-ip>
Controlled By:  ReplicaSet/nanomq-756fd88db6
Containers:
  nanomq:
    Container ID:   containerd://67ecb14b2266eeed5d73f43c0adecf135657789524422372d58a4cdc5fea0714
    Image:          emqx/nanomq:0.21-slim
    Image ID:       docker.io/emqx/nanomq@sha256:53bea7acb547aced1cc45e08c514628f1e41c4da9ad544fd8c5fa96d3e9eb41b
    Ports:          1883/TCP (mqtt), 8081/TCP (http)
    Host Ports:     0/TCP (mqtt), 0/TCP (http)
    State:          Running
      Started:      Mon, 27 Apr 2026 09:58:21 +0200
    Ready:          True
    Restart Count:  0
    Limits:
      cpu:     1
      memory:  512Mi
    Requests:
      cpu:        50m
      memory:     64Mi
    Readiness:    tcp-socket :1883 delay=3s timeout=1s period=5s #success=1 #failure=3
    Environment:  <none>
    Mounts:
      /etc/nanomq.conf from config (rw,path="nanomq.conf")
      /var/run/secrets/kubernetes.io/serviceaccount from kube-api-access-r78qr (ro)
Conditions:
  Type                        Status
  PodReadyToStartContainers   True 
  Initialized                 True 
  Ready                       True 
  ContainersReady             True 
  PodScheduled                True 
Volumes:
  config:
    Type:      ConfigMap (a volume populated by a ConfigMap)
    Name:      nanomq-config
    Optional:  false
  kube-api-access-r78qr:
    Type:                    Projected (a volume that contains injected data from multiple sources)
    TokenExpirationSeconds:  3607
    ConfigMapName:           kube-root-ca.crt
    Optional:                false
    DownwardAPI:             true
QoS Class:                   Burstable
Node-Selectors:              <none>
Tolerations:                 node.kubernetes.io/not-ready:NoExecute op=Exists for 300s
                             node.kubernetes.io/unreachable:NoExecute op=Exists for 300s
Events:
  Type    Reason     Age   From               Message
  ----    ------     ----  ----               -------
  Normal  Scheduled  3m4s  default-scheduler  Successfully assigned translator-lora/nanomq-756fd88db6-gswzb to <pi-host>
  Normal  Pulled     3m2s  kubelet            spec.containers{nanomq}: Container image "emqx/nanomq:0.21-slim" already present on machine
  Normal  Created    3m2s  kubelet            spec.containers{nanomq}: Created container: nanomq
  Normal  Started    3m2s  kubelet            spec.containers{nanomq}: Started container nanomq


Name:             postgres-0
Namespace:        translator-lora
Priority:         0
Service Account:  default
Node:             <pi-host>/<pi-ip>
Start Time:       Mon, 27 Apr 2026 09:58:25 +0200
Labels:           app=postgres
                  apps.kubernetes.io/pod-index=0
                  controller-revision-hash=postgres-848ccb988d
                  statefulset.kubernetes.io/pod-name=postgres-0
Annotations:      cni.projectcalico.org/containerID: d4d46e624b672c075c4fb1dc4e54cdc3ce20b9a247d83fa6f9fb1f6aaa2c7b2d
                  cni.projectcalico.org/podIP: <pod-ip>/32
                  cni.projectcalico.org/podIPs: <pod-ip>/32
Status:           Running
IP:               <pod-ip>
IPs:
  IP:           <pod-ip>
Controlled By:  StatefulSet/postgres
Containers:
  postgres:
    Container ID:   containerd://079f755960298a41ec9f9808ccdd98c1a3717fcf702cabf311505369b239c8da
    Image:          postgres:17-alpine
    Image ID:       docker.io/library/postgres@sha256:778d0b486d6daa02b77434d0358ec57a1b21fd8b6d22ac2eef56a33e816928f6
    Port:           5432/TCP
    Host Port:      0/TCP
    State:          Running
      Started:      Mon, 27 Apr 2026 09:58:26 +0200
    Ready:          True
    Restart Count:  0
    Limits:
      cpu:     1500m
      memory:  1536Mi
    Requests:
      cpu:      100m
      memory:   256Mi
    Readiness:  exec [pg_isready -U postgres] delay=5s timeout=1s period=5s #success=1 #failure=3
    Environment:
      POSTGRES_DB:        postgres
      POSTGRES_USER:      postgres
      POSTGRES_PASSWORD:  <set to the key 'postgres-superuser-password' in secret 'hermod-secrets'>  Optional: false
    Mounts:
      /docker-entrypoint-initdb.d from init (rw)
      /var/lib/postgresql/data from data (rw)
      /var/run/secrets/kubernetes.io/serviceaccount from kube-api-access-rk7cn (ro)
Conditions:
  Type                        Status
  PodReadyToStartContainers   True 
  Initialized                 True 
  Ready                       True 
  ContainersReady             True 
  PodScheduled                True 
Volumes:
  data:
    Type:       PersistentVolumeClaim (a reference to a PersistentVolumeClaim in the same namespace)
    ClaimName:  data-postgres-0
    ReadOnly:   false
  init:
    Type:      ConfigMap (a volume populated by a ConfigMap)
    Name:      postgres-init
    Optional:  false
  kube-api-access-rk7cn:
    Type:                    Projected (a volume that contains injected data from multiple sources)
    TokenExpirationSeconds:  3607
    ConfigMapName:           kube-root-ca.crt
    Optional:                false
    DownwardAPI:             true
QoS Class:                   Burstable
Node-Selectors:              <none>
Tolerations:                 node.kubernetes.io/not-ready:NoExecute op=Exists for 300s
                             node.kubernetes.io/unreachable:NoExecute op=Exists for 300s
Events:
  Type    Reason     Age    From               Message
  ----    ------     ----   ----               -------
  Normal  Scheduled  2m58s  default-scheduler  Successfully assigned translator-lora/postgres-0 to <pi-host>
  Normal  Pulled     2m57s  kubelet            spec.containers{postgres}: Container image "postgres:17-alpine" already present on machine
  Normal  Created    2m57s  kubelet            spec.containers{postgres}: Created container: postgres
  Normal  Started    2m57s  kubelet            spec.containers{postgres}: Started container postgres

=== ts=1777276895 ===
Name:             hermod-coordinator-7d7b88cc46-x568z
Namespace:        translator-lora
Priority:         0
Service Account:  default
Node:             <pi-host>/<pi-ip>
Start Time:       Mon, 27 Apr 2026 09:58:53 +0200
Labels:           app=hermod-coordinator
                  pod-template-hash=7d7b88cc46
Annotations:      cni.projectcalico.org/containerID: 96136bacace6d54f99b11509d3bd139808f8605c3736b8571a2ad9209a61ec3c
                  cni.projectcalico.org/podIP: <pod-ip>/32
                  cni.projectcalico.org/podIPs: <pod-ip>/32
Status:           Running
IP:               <pod-ip>
IPs:
  IP:           <pod-ip>
Controlled By:  ReplicaSet/hermod-coordinator-7d7b88cc46
Init Containers:
  wait-for-postgres:
    Container ID:  containerd://b8076f61bf3374fb7c5d5ba21180eb50792698868e52db39a5b9241ff015a149
    Image:         busybox:1.36
    Image ID:      docker.io/library/busybox@sha256:73aaf090f3d85aa34ee199857f03fa3a95c8ede2ffd4cc2cdb5b94e566b11662
    Port:          <none>
    Host Port:     <none>
    Command:
      sh
      -c
      until nc -z postgres 5432; do sleep 2; done
    State:          Terminated
      Reason:       Completed
      Exit Code:    0
      Started:      Mon, 27 Apr 2026 09:58:54 +0200
      Finished:     Mon, 27 Apr 2026 09:58:54 +0200
    Ready:          True
    Restart Count:  0
    Environment:
      Hermod__Features__DeviceStateTracking:    true
      Hermod__Engine__LogBatchSize:             100
      Hermod__Engine__LogBatching:              true
      Hermod__Engine__Parallelism:              0
      Hermod__Features__MessagePersistence:     true
      Hermod__Features__RuleAuditLog:           true
      Hermod__Features__RuleCache:              true
      Hermod__Features__StatsRollup:            true
      Hermod__Storage__Mode:                    Postgres
      Logging__LogLevel__Hermod:                Information
      Logging__LogLevel__Microsoft.AspNetCore:  Warning
    Mounts:
      /var/run/secrets/kubernetes.io/serviceaccount from kube-api-access-kt2tl (ro)
  wait-for-nanomq:
    Container ID:  containerd://a757428e915ba6283f62206003ae86022cbad96795dae1209d29f4d6ecb7da94
    Image:         busybox:1.36
    Image ID:      docker.io/library/busybox@sha256:73aaf090f3d85aa34ee199857f03fa3a95c8ede2ffd4cc2cdb5b94e566b11662
    Port:          <none>
    Host Port:     <none>
    Command:
      sh
      -c
      until nc -z nanomq 1883; do sleep 2; done
    State:          Terminated
      Reason:       Completed
      Exit Code:    0
      Started:      Mon, 27 Apr 2026 09:58:55 +0200
      Finished:     Mon, 27 Apr 2026 09:58:55 +0200
    Ready:          True
    Restart Count:  0
    Environment:
      Hermod__Features__DeviceStateTracking:    true
      Hermod__Engine__LogBatchSize:             100
      Hermod__Engine__LogBatching:              true
      Hermod__Engine__Parallelism:              0
      Hermod__Features__MessagePersistence:     true
      Hermod__Features__RuleAuditLog:           true
      Hermod__Features__RuleCache:              true
      Hermod__Features__StatsRollup:            true
      Hermod__Storage__Mode:                    Postgres
      Logging__LogLevel__Hermod:                Information
      Logging__LogLevel__Microsoft.AspNetCore:  Warning
    Mounts:
      /var/run/secrets/kubernetes.io/serviceaccount from kube-api-access-kt2tl (ro)
Containers:
  hermod-coordinator:
    Container ID:   containerd://57ab1083b5e5700c0d9ee233851776a73de99452118bd7e7cc1bfa3b08f3cf9b
    Image:          hermod-coordinator:latest
    Image ID:       sha256:ca91ccdfcd269dd5e4e25d5ffe8d863ca5db57e5c4f62f08c8adf90d23c15eaf
    Port:           42069/TCP (http)
    Host Port:      0/TCP (http)
    State:          Running
      Started:      Mon, 27 Apr 2026 09:58:56 +0200
    Ready:          True
    Restart Count:  0
    Limits:
      cpu:     1500m
      memory:  1536Mi
    Requests:
      cpu:      200m
      memory:   256Mi
    Liveness:   http-get http://:42069/healthz delay=60s timeout=1s period=30s #success=1 #failure=3
    Readiness:  http-get http://:42069/healthz/ready delay=5s timeout=1s period=10s #success=1 #failure=3
    Startup:    http-get http://:42069/healthz delay=0s timeout=1s period=5s #success=1 #failure=30
    Environment:
      ASPNETCORE_ENVIRONMENT:                   Production
      ASPNETCORE_URLS:                          http://+:42069
      DOTNET_USE_POLLING_FILE_WATCHER:          true
      Hermod__Security__AuthBypass:             true
      Hermod__Security__VaultRequireHttps:      false
      Hermod__Features__MetricsEndpoint:        true
      Hermod__Dev__Endpoints:                   true
      Hermod__Mqtt__Host:                       nanomq
      Hermod__Mqtt__Port:                       1883
      Hermod__Mqtt__UseTls:                     false
      Hermod__Mqtt__Tls__UseTls:                false
      Hermod__Mqtt__Username:                   <set to the key 'mqtt-username' in secret 'hermod-secrets'>  Optional: false
      Hermod__Mqtt__Password:                   <set to the key 'mqtt-password' in secret 'hermod-secrets'>  Optional: false
      Hermod__Database__ConnectionString:       Host=postgres;Port=5432;Database=hermod;Username=hermod_app
      Hermod__Database__Password:               <set to the key 'hermod-db-password' in secret 'hermod-db-credentials'>  Optional: false
      Hermod__Features__DeviceStateTracking:    true
      Hermod__Engine__LogBatchSize:             100
      Hermod__Engine__LogBatching:              true
      Hermod__Engine__Parallelism:              0
      Hermod__Features__MessagePersistence:     true
      Hermod__Features__RuleAuditLog:           true
      Hermod__Features__RuleCache:              true
      Hermod__Features__StatsRollup:            true
      Hermod__Storage__Mode:                    Postgres
      Logging__LogLevel__Hermod:                Information
      Logging__LogLevel__Microsoft.AspNetCore:  Warning
    Mounts:
      /var/run/secrets/kubernetes.io/serviceaccount from kube-api-access-kt2tl (ro)
Conditions:
  Type                        Status
  PodReadyToStartContainers   True 
  Initialized                 True 
  Ready                       True 
  ContainersReady             True 
  PodScheduled                True 
Volumes:
  kube-api-access-kt2tl:
    Type:                    Projected (a volume that contains injected data from multiple sources)
    TokenExpirationSeconds:  3607
    ConfigMapName:           kube-root-ca.crt
    Optional:                false
    DownwardAPI:             true
QoS Class:                   Burstable
Node-Selectors:              <none>
Tolerations:                 node.kubernetes.io/not-ready:NoExecute op=Exists for 300s
                             node.kubernetes.io/unreachable:NoExecute op=Exists for 300s
Events:
  Type    Reason     Age    From               Message
  ----    ------     ----   ----               -------
  Normal  Scheduled  2m41s  default-scheduler  Successfully assigned translator-lora/hermod-coordinator-7d7b88cc46-x568z to <pi-host>
  Normal  Pulled     2m41s  kubelet            spec.initContainers{wait-for-postgres}: Container image "busybox:1.36" already present on machine
  Normal  Created    2m41s  kubelet            spec.initContainers{wait-for-postgres}: Created container: wait-for-postgres
  Normal  Started    2m41s  kubelet            spec.initContainers{wait-for-postgres}: Started container wait-for-postgres
  Normal  Pulled     2m40s  kubelet            spec.initContainers{wait-for-nanomq}: Container image "busybox:1.36" already present on machine
  Normal  Created    2m40s  kubelet            spec.initContainers{wait-for-nanomq}: Created container: wait-for-nanomq
  Normal  Started    2m40s  kubelet            spec.initContainers{wait-for-nanomq}: Started container wait-for-nanomq
  Normal  Pulled     2m39s  kubelet            spec.containers{hermod-coordinator}: Container image "hermod-coordinator:latest" already present on machine
  Normal  Created    2m39s  kubelet            spec.containers{hermod-coordinator}: Created container: hermod-coordinator
  Normal  Started    2m39s  kubelet            spec.containers{hermod-coordinator}: Started container hermod-coordinator


Name:             lora2mqtt-75b64546f8-vcg2h
Namespace:        translator-lora
Priority:         0
Service Account:  default
Node:             <pi-host>/<pi-ip>
Start Time:       Mon, 27 Apr 2026 09:58:20 +0200
Labels:           app=lora2mqtt
                  pod-template-hash=75b64546f8
Annotations:      cni.projectcalico.org/containerID: 17c200a74a85b0290e8ffedad65f7ce5a2d86a3ad5b72d71a6a00bc3b77af534
                  cni.projectcalico.org/podIP: <pod-ip>/32
                  cni.projectcalico.org/podIPs: <pod-ip>/32
Status:           Running
IP:               <pod-ip>
IPs:
  IP:           <pod-ip>
Controlled By:  ReplicaSet/lora2mqtt-75b64546f8
Containers:
  lora2mqtt:
    Container ID:   containerd://d785b3970a9921182ab24b1c8f232260b6ab0b105403cf3396266b5dce4822ca
    Image:          lora2mqtt:latest
    Image ID:       sha256:a577beb808fc418e29701f8435e3bdaa80e51fc465081b3046d1a6e7fa733883
    Port:           8080/TCP (http)
    Host Port:      0/TCP (http)
    State:          Running
      Started:      Mon, 27 Apr 2026 09:58:40 +0200
    Last State:     Terminated
      Reason:       Error
      Exit Code:    139
      Started:      Mon, 27 Apr 2026 09:58:24 +0200
      Finished:     Mon, 27 Apr 2026 09:58:25 +0200
    Ready:          True
    Restart Count:  2
    Limits:
      cpu:     500m
      memory:  256Mi
    Requests:
      cpu:      50m
      memory:   64Mi
    Readiness:  http-get http://:8080/health/ready delay=5s timeout=1s period=10s #success=1 #failure=3
    Environment:
      LoRa__MockMode:                       false
      LoRa__SerialPort:                     /dev/ttyACM0
      Hermod__Security__AuthBypass:         true
      Hermod__Security__VaultRequireHttps:  false
      Hermod__Features__MetricsEndpoint:    true
      Hermod__Dev__Endpoints:               true
      Mqtt__Host:                           nanomq
      Mqtt__Port:                           1883
      Mqtt__Tls__UseTls:                    false
      Mqtt__Username:                       <set to the key 'mqtt-username' in secret 'hermod-secrets'>  Optional: false
      Mqtt__Password:                       <set to the key 'mqtt-password' in secret 'hermod-secrets'>  Optional: false
    Mounts:
      /dev/ttyACM0 from lora-device (rw)
      /var/run/secrets/kubernetes.io/serviceaccount from kube-api-access-vrjnm (ro)
Conditions:
  Type                        Status
  PodReadyToStartContainers   True 
  Initialized                 True 
  Ready                       True 
  ContainersReady             True 
  PodScheduled                True 
Volumes:
  lora-device:
    Type:          HostPath (bare host directory volume)
    Path:          /dev/ttyACM0
    HostPathType:  CharDevice
  kube-api-access-vrjnm:
    Type:                    Projected (a volume that contains injected data from multiple sources)
    TokenExpirationSeconds:  3607
    ConfigMapName:           kube-root-ca.crt
    Optional:                false
    DownwardAPI:             true
QoS Class:                   Burstable
Node-Selectors:              <none>
Tolerations:                 node.kubernetes.io/not-ready:NoExecute op=Exists for 300s
                             node.kubernetes.io/unreachable:NoExecute op=Exists for 300s
Events:
  Type     Reason     Age                    From               Message
  ----     ------     ----                   ----               -------
  Normal   Scheduled  3m15s                  default-scheduler  Successfully assigned translator-lora/lora2mqtt-75b64546f8-vcg2h to <pi-host>
  Warning  BackOff    3m9s                   kubelet            spec.containers{lora2mqtt}: Back-off restarting failed container lora2mqtt in pod lora2mqtt-75b64546f8-vcg2h_translator-lora(43efd0a8-64b2-4cef-89fa-217853213c92)
  Normal   Pulled     2m55s (x3 over 3m14s)  kubelet            spec.containers{lora2mqtt}: Container image "lora2mqtt:latest" already present on machine
  Normal   Created    2m55s (x3 over 3m14s)  kubelet            spec.containers{lora2mqtt}: Created container: lora2mqtt
  Normal   Started    2m55s (x3 over 3m14s)  kubelet            spec.containers{lora2mqtt}: Started container lora2mqtt


Name:             nanomq-756fd88db6-gswzb
Namespace:        translator-lora
Priority:         0
Service Account:  default
Node:             <pi-host>/<pi-ip>
Start Time:       Mon, 27 Apr 2026 09:58:19 +0200
Labels:           app=nanomq
                  pod-template-hash=756fd88db6
Annotations:      cni.projectcalico.org/containerID: d13c00cff7c10170fdc73772a9d33ca9bc5e989414abb31ba06cd8c4cba05e53
                  cni.projectcalico.org/podIP: <pod-ip>/32
                  cni.projectcalico.org/podIPs: <pod-ip>/32
Status:           Running
IP:               <pod-ip>
IPs:
  IP:           <pod-ip>
Controlled By:  ReplicaSet/nanomq-756fd88db6
Containers:
  nanomq:
    Container ID:   containerd://67ecb14b2266eeed5d73f43c0adecf135657789524422372d58a4cdc5fea0714
    Image:          emqx/nanomq:0.21-slim
    Image ID:       docker.io/emqx/nanomq@sha256:53bea7acb547aced1cc45e08c514628f1e41c4da9ad544fd8c5fa96d3e9eb41b
    Ports:          1883/TCP (mqtt), 8081/TCP (http)
    Host Ports:     0/TCP (mqtt), 0/TCP (http)
    State:          Running
      Started:      Mon, 27 Apr 2026 09:58:21 +0200
    Ready:          True
    Restart Count:  0
    Limits:
      cpu:     1
      memory:  512Mi
    Requests:
      cpu:        50m
      memory:     64Mi
    Readiness:    tcp-socket :1883 delay=3s timeout=1s period=5s #success=1 #failure=3
    Environment:  <none>
    Mounts:
      /etc/nanomq.conf from config (rw,path="nanomq.conf")
      /var/run/secrets/kubernetes.io/serviceaccount from kube-api-access-r78qr (ro)
Conditions:
  Type                        Status
  PodReadyToStartContainers   True 
  Initialized                 True 
  Ready                       True 
  ContainersReady             True 
  PodScheduled                True 
Volumes:
  config:
    Type:      ConfigMap (a volume populated by a ConfigMap)
    Name:      nanomq-config
    Optional:  false
  kube-api-access-r78qr:
    Type:                    Projected (a volume that contains injected data from multiple sources)
    TokenExpirationSeconds:  3607
    ConfigMapName:           kube-root-ca.crt
    Optional:                false
    DownwardAPI:             true
QoS Class:                   Burstable
Node-Selectors:              <none>
Tolerations:                 node.kubernetes.io/not-ready:NoExecute op=Exists for 300s
                             node.kubernetes.io/unreachable:NoExecute op=Exists for 300s
Events:
  Type    Reason     Age    From               Message
  ----    ------     ----   ----               -------
  Normal  Scheduled  3m15s  default-scheduler  Successfully assigned translator-lora/nanomq-756fd88db6-gswzb to <pi-host>
  Normal  Pulled     3m14s  kubelet            spec.containers{nanomq}: Container image "emqx/nanomq:0.21-slim" already present on machine
  Normal  Created    3m14s  kubelet            spec.containers{nanomq}: Created container: nanomq
  Normal  Started    3m14s  kubelet            spec.containers{nanomq}: Started container nanomq


Name:             postgres-0
Namespace:        translator-lora
Priority:         0
Service Account:  default
Node:             <pi-host>/<pi-ip>
Start Time:       Mon, 27 Apr 2026 09:58:25 +0200
Labels:           app=postgres
                  apps.kubernetes.io/pod-index=0
                  controller-revision-hash=postgres-848ccb988d
                  statefulset.kubernetes.io/pod-name=postgres-0
Annotations:      cni.projectcalico.org/containerID: d4d46e624b672c075c4fb1dc4e54cdc3ce20b9a247d83fa6f9fb1f6aaa2c7b2d
                  cni.projectcalico.org/podIP: <pod-ip>/32
                  cni.projectcalico.org/podIPs: <pod-ip>/32
Status:           Running
IP:               <pod-ip>
IPs:
  IP:           <pod-ip>
Controlled By:  StatefulSet/postgres
Containers:
  postgres:
    Container ID:   containerd://079f755960298a41ec9f9808ccdd98c1a3717fcf702cabf311505369b239c8da
    Image:          postgres:17-alpine
    Image ID:       docker.io/library/postgres@sha256:778d0b486d6daa02b77434d0358ec57a1b21fd8b6d22ac2eef56a33e816928f6
    Port:           5432/TCP
    Host Port:      0/TCP
    State:          Running
      Started:      Mon, 27 Apr 2026 09:58:26 +0200
    Ready:          True
    Restart Count:  0
    Limits:
      cpu:     1500m
      memory:  1536Mi
    Requests:
      cpu:      100m
      memory:   256Mi
    Readiness:  exec [pg_isready -U postgres] delay=5s timeout=1s period=5s #success=1 #failure=3
    Environment:
      POSTGRES_DB:        postgres
      POSTGRES_USER:      postgres
      POSTGRES_PASSWORD:  <set to the key 'postgres-superuser-password' in secret 'hermod-secrets'>  Optional: false
    Mounts:
      /docker-entrypoint-initdb.d from init (rw)
      /var/lib/postgresql/data from data (rw)
      /var/run/secrets/kubernetes.io/serviceaccount from kube-api-access-rk7cn (ro)
Conditions:
  Type                        Status
  PodReadyToStartContainers   True 
  Initialized                 True 
  Ready                       True 
  ContainersReady             True 
  PodScheduled                True 
Volumes:
  data:
    Type:       PersistentVolumeClaim (a reference to a PersistentVolumeClaim in the same namespace)
    ClaimName:  data-postgres-0
    ReadOnly:   false
  init:
    Type:      ConfigMap (a volume populated by a ConfigMap)
    Name:      postgres-init
    Optional:  false
  kube-api-access-rk7cn:
    Type:                    Projected (a volume that contains injected data from multiple sources)
    TokenExpirationSeconds:  3607
    ConfigMapName:           kube-root-ca.crt
    Optional:                false
    DownwardAPI:             true
QoS Class:                   Burstable
Node-Selectors:              <none>
Tolerations:                 node.kubernetes.io/not-ready:NoExecute op=Exists for 300s
                             node.kubernetes.io/unreachable:NoExecute op=Exists for 300s
Events:
  Type    Reason     Age    From               Message
  ----    ------     ----   ----               -------
  Normal  Scheduled  3m10s  default-scheduler  Successfully assigned translator-lora/postgres-0 to <pi-host>
  Normal  Pulled     3m9s   kubelet            spec.containers{postgres}: Container image "postgres:17-alpine" already present on machine
  Normal  Created    3m9s   kubelet            spec.containers{postgres}: Created container: postgres
  Normal  Started    3m9s   kubelet            spec.containers{postgres}: Started container postgres

=== ts=1777276906 ===
Name:             hermod-coordinator-7d7b88cc46-x568z
Namespace:        translator-lora
Priority:         0
Service Account:  default
Node:             <pi-host>/<pi-ip>
Start Time:       Mon, 27 Apr 2026 09:58:53 +0200
Labels:           app=hermod-coordinator
                  pod-template-hash=7d7b88cc46
Annotations:      cni.projectcalico.org/containerID: 96136bacace6d54f99b11509d3bd139808f8605c3736b8571a2ad9209a61ec3c
                  cni.projectcalico.org/podIP: <pod-ip>/32
                  cni.projectcalico.org/podIPs: <pod-ip>/32
Status:           Running
IP:               <pod-ip>
IPs:
  IP:           <pod-ip>
Controlled By:  ReplicaSet/hermod-coordinator-7d7b88cc46
Init Containers:
  wait-for-postgres:
    Container ID:  containerd://b8076f61bf3374fb7c5d5ba21180eb50792698868e52db39a5b9241ff015a149
    Image:         busybox:1.36
    Image ID:      docker.io/library/busybox@sha256:73aaf090f3d85aa34ee199857f03fa3a95c8ede2ffd4cc2cdb5b94e566b11662
    Port:          <none>
    Host Port:     <none>
    Command:
      sh
      -c
      until nc -z postgres 5432; do sleep 2; done
    State:          Terminated
      Reason:       Completed
      Exit Code:    0
      Started:      Mon, 27 Apr 2026 09:58:54 +0200
      Finished:     Mon, 27 Apr 2026 09:58:54 +0200
    Ready:          True
    Restart Count:  0
    Environment:
      Hermod__Features__DeviceStateTracking:    true
      Hermod__Engine__LogBatchSize:             100
      Hermod__Engine__LogBatching:              true
      Hermod__Engine__Parallelism:              0
      Hermod__Features__MessagePersistence:     true
      Hermod__Features__RuleAuditLog:           true
      Hermod__Features__RuleCache:              true
      Hermod__Features__StatsRollup:            true
      Hermod__Storage__Mode:                    Postgres
      Logging__LogLevel__Hermod:                Information
      Logging__LogLevel__Microsoft.AspNetCore:  Warning
    Mounts:
      /var/run/secrets/kubernetes.io/serviceaccount from kube-api-access-kt2tl (ro)
  wait-for-nanomq:
    Container ID:  containerd://a757428e915ba6283f62206003ae86022cbad96795dae1209d29f4d6ecb7da94
    Image:         busybox:1.36
    Image ID:      docker.io/library/busybox@sha256:73aaf090f3d85aa34ee199857f03fa3a95c8ede2ffd4cc2cdb5b94e566b11662
    Port:          <none>
    Host Port:     <none>
    Command:
      sh
      -c
      until nc -z nanomq 1883; do sleep 2; done
    State:          Terminated
      Reason:       Completed
      Exit Code:    0
      Started:      Mon, 27 Apr 2026 09:58:55 +0200
      Finished:     Mon, 27 Apr 2026 09:58:55 +0200
    Ready:          True
    Restart Count:  0
    Environment:
      Hermod__Features__DeviceStateTracking:    true
      Hermod__Engine__LogBatchSize:             100
      Hermod__Engine__LogBatching:              true
      Hermod__Engine__Parallelism:              0
      Hermod__Features__MessagePersistence:     true
      Hermod__Features__RuleAuditLog:           true
      Hermod__Features__RuleCache:              true
      Hermod__Features__StatsRollup:            true
      Hermod__Storage__Mode:                    Postgres
      Logging__LogLevel__Hermod:                Information
      Logging__LogLevel__Microsoft.AspNetCore:  Warning
    Mounts:
      /var/run/secrets/kubernetes.io/serviceaccount from kube-api-access-kt2tl (ro)
Containers:
  hermod-coordinator:
    Container ID:   containerd://57ab1083b5e5700c0d9ee233851776a73de99452118bd7e7cc1bfa3b08f3cf9b
    Image:          hermod-coordinator:latest
    Image ID:       sha256:ca91ccdfcd269dd5e4e25d5ffe8d863ca5db57e5c4f62f08c8adf90d23c15eaf
    Port:           42069/TCP (http)
    Host Port:      0/TCP (http)
    State:          Running
      Started:      Mon, 27 Apr 2026 09:58:56 +0200
    Ready:          True
    Restart Count:  0
    Limits:
      cpu:     1500m
      memory:  1536Mi
    Requests:
      cpu:      200m
      memory:   256Mi
    Liveness:   http-get http://:42069/healthz delay=60s timeout=1s period=30s #success=1 #failure=3
    Readiness:  http-get http://:42069/healthz/ready delay=5s timeout=1s period=10s #success=1 #failure=3
    Startup:    http-get http://:42069/healthz delay=0s timeout=1s period=5s #success=1 #failure=30
    Environment:
      ASPNETCORE_ENVIRONMENT:                   Production
      ASPNETCORE_URLS:                          http://+:42069
      DOTNET_USE_POLLING_FILE_WATCHER:          true
      Hermod__Security__AuthBypass:             true
      Hermod__Security__VaultRequireHttps:      false
      Hermod__Features__MetricsEndpoint:        true
      Hermod__Dev__Endpoints:                   true
      Hermod__Mqtt__Host:                       nanomq
      Hermod__Mqtt__Port:                       1883
      Hermod__Mqtt__UseTls:                     false
      Hermod__Mqtt__Tls__UseTls:                false
      Hermod__Mqtt__Username:                   <set to the key 'mqtt-username' in secret 'hermod-secrets'>  Optional: false
      Hermod__Mqtt__Password:                   <set to the key 'mqtt-password' in secret 'hermod-secrets'>  Optional: false
      Hermod__Database__ConnectionString:       Host=postgres;Port=5432;Database=hermod;Username=hermod_app
      Hermod__Database__Password:               <set to the key 'hermod-db-password' in secret 'hermod-db-credentials'>  Optional: false
      Hermod__Features__DeviceStateTracking:    true
      Hermod__Engine__LogBatchSize:             100
      Hermod__Engine__LogBatching:              true
      Hermod__Engine__Parallelism:              0
      Hermod__Features__MessagePersistence:     true
      Hermod__Features__RuleAuditLog:           true
      Hermod__Features__RuleCache:              true
      Hermod__Features__StatsRollup:            true
      Hermod__Storage__Mode:                    Postgres
      Logging__LogLevel__Hermod:                Information
      Logging__LogLevel__Microsoft.AspNetCore:  Warning
    Mounts:
      /var/run/secrets/kubernetes.io/serviceaccount from kube-api-access-kt2tl (ro)
Conditions:
  Type                        Status
  PodReadyToStartContainers   True 
  Initialized                 True 
  Ready                       True 
  ContainersReady             True 
  PodScheduled                True 
Volumes:
  kube-api-access-kt2tl:
    Type:                    Projected (a volume that contains injected data from multiple sources)
    TokenExpirationSeconds:  3607
    ConfigMapName:           kube-root-ca.crt
    Optional:                false
    DownwardAPI:             true
QoS Class:                   Burstable
Node-Selectors:              <none>
Tolerations:                 node.kubernetes.io/not-ready:NoExecute op=Exists for 300s
                             node.kubernetes.io/unreachable:NoExecute op=Exists for 300s
Events:
  Type    Reason     Age    From               Message
  ----    ------     ----   ----               -------
  Normal  Scheduled  2m52s  default-scheduler  Successfully assigned translator-lora/hermod-coordinator-7d7b88cc46-x568z to <pi-host>
  Normal  Pulled     2m52s  kubelet            spec.initContainers{wait-for-postgres}: Container image "busybox:1.36" already present on machine
  Normal  Created    2m52s  kubelet            spec.initContainers{wait-for-postgres}: Created container: wait-for-postgres
  Normal  Started    2m52s  kubelet            spec.initContainers{wait-for-postgres}: Started container wait-for-postgres
  Normal  Pulled     2m51s  kubelet            spec.initContainers{wait-for-nanomq}: Container image "busybox:1.36" already present on machine
  Normal  Created    2m51s  kubelet            spec.initContainers{wait-for-nanomq}: Created container: wait-for-nanomq
  Normal  Started    2m51s  kubelet            spec.initContainers{wait-for-nanomq}: Started container wait-for-nanomq
  Normal  Pulled     2m50s  kubelet            spec.containers{hermod-coordinator}: Container image "hermod-coordinator:latest" already present on machine
  Normal  Created    2m50s  kubelet            spec.containers{hermod-coordinator}: Created container: hermod-coordinator
  Normal  Started    2m50s  kubelet            spec.containers{hermod-coordinator}: Started container hermod-coordinator


Name:             lora2mqtt-75b64546f8-vcg2h
Namespace:        translator-lora
Priority:         0
Service Account:  default
Node:             <pi-host>/<pi-ip>
Start Time:       Mon, 27 Apr 2026 09:58:20 +0200
Labels:           app=lora2mqtt
                  pod-template-hash=75b64546f8
Annotations:      cni.projectcalico.org/containerID: 17c200a74a85b0290e8ffedad65f7ce5a2d86a3ad5b72d71a6a00bc3b77af534
                  cni.projectcalico.org/podIP: <pod-ip>/32
                  cni.projectcalico.org/podIPs: <pod-ip>/32
Status:           Running
IP:               <pod-ip>
IPs:
  IP:           <pod-ip>
Controlled By:  ReplicaSet/lora2mqtt-75b64546f8
Containers:
  lora2mqtt:
    Container ID:   containerd://d785b3970a9921182ab24b1c8f232260b6ab0b105403cf3396266b5dce4822ca
    Image:          lora2mqtt:latest
    Image ID:       sha256:a577beb808fc418e29701f8435e3bdaa80e51fc465081b3046d1a6e7fa733883
    Port:           8080/TCP (http)
    Host Port:      0/TCP (http)
    State:          Running
      Started:      Mon, 27 Apr 2026 09:58:40 +0200
    Last State:     Terminated
      Reason:       Error
      Exit Code:    139
      Started:      Mon, 27 Apr 2026 09:58:24 +0200
      Finished:     Mon, 27 Apr 2026 09:58:25 +0200
    Ready:          True
    Restart Count:  2
    Limits:
      cpu:     500m
      memory:  256Mi
    Requests:
      cpu:      50m
      memory:   64Mi
    Readiness:  http-get http://:8080/health/ready delay=5s timeout=1s period=10s #success=1 #failure=3
    Environment:
      LoRa__MockMode:                       false
      LoRa__SerialPort:                     /dev/ttyACM0
      Hermod__Security__AuthBypass:         true
      Hermod__Security__VaultRequireHttps:  false
      Hermod__Features__MetricsEndpoint:    true
      Hermod__Dev__Endpoints:               true
      Mqtt__Host:                           nanomq
      Mqtt__Port:                           1883
      Mqtt__Tls__UseTls:                    false
      Mqtt__Username:                       <set to the key 'mqtt-username' in secret 'hermod-secrets'>  Optional: false
      Mqtt__Password:                       <set to the key 'mqtt-password' in secret 'hermod-secrets'>  Optional: false
    Mounts:
      /dev/ttyACM0 from lora-device (rw)
      /var/run/secrets/kubernetes.io/serviceaccount from kube-api-access-vrjnm (ro)
Conditions:
  Type                        Status
  PodReadyToStartContainers   True 
  Initialized                 True 
  Ready                       True 
  ContainersReady             True 
  PodScheduled                True 
Volumes:
  lora-device:
    Type:          HostPath (bare host directory volume)
    Path:          /dev/ttyACM0
    HostPathType:  CharDevice
  kube-api-access-vrjnm:
    Type:                    Projected (a volume that contains injected data from multiple sources)
    TokenExpirationSeconds:  3607
    ConfigMapName:           kube-root-ca.crt
    Optional:                false
    DownwardAPI:             true
QoS Class:                   Burstable
Node-Selectors:              <none>
Tolerations:                 node.kubernetes.io/not-ready:NoExecute op=Exists for 300s
                             node.kubernetes.io/unreachable:NoExecute op=Exists for 300s
Events:
  Type     Reason     Age                   From               Message
  ----     ------     ----                  ----               -------
  Normal   Scheduled  3m26s                 default-scheduler  Successfully assigned translator-lora/lora2mqtt-75b64546f8-vcg2h to <pi-host>
  Warning  BackOff    3m20s                 kubelet            spec.containers{lora2mqtt}: Back-off restarting failed container lora2mqtt in pod lora2mqtt-75b64546f8-vcg2h_translator-lora(43efd0a8-64b2-4cef-89fa-217853213c92)
  Normal   Pulled     3m6s (x3 over 3m25s)  kubelet            spec.containers{lora2mqtt}: Container image "lora2mqtt:latest" already present on machine
  Normal   Created    3m6s (x3 over 3m25s)  kubelet            spec.containers{lora2mqtt}: Created container: lora2mqtt
  Normal   Started    3m6s (x3 over 3m25s)  kubelet            spec.containers{lora2mqtt}: Started container lora2mqtt


Name:             nanomq-756fd88db6-gswzb
Namespace:        translator-lora
Priority:         0
Service Account:  default
Node:             <pi-host>/<pi-ip>
Start Time:       Mon, 27 Apr 2026 09:58:19 +0200
Labels:           app=nanomq
                  pod-template-hash=756fd88db6
Annotations:      cni.projectcalico.org/containerID: d13c00cff7c10170fdc73772a9d33ca9bc5e989414abb31ba06cd8c4cba05e53
                  cni.projectcalico.org/podIP: <pod-ip>/32
                  cni.projectcalico.org/podIPs: <pod-ip>/32
Status:           Running
IP:               <pod-ip>
IPs:
  IP:           <pod-ip>
Controlled By:  ReplicaSet/nanomq-756fd88db6
Containers:
  nanomq:
    Container ID:   containerd://67ecb14b2266eeed5d73f43c0adecf135657789524422372d58a4cdc5fea0714
    Image:          emqx/nanomq:0.21-slim
    Image ID:       docker.io/emqx/nanomq@sha256:53bea7acb547aced1cc45e08c514628f1e41c4da9ad544fd8c5fa96d3e9eb41b
    Ports:          1883/TCP (mqtt), 8081/TCP (http)
    Host Ports:     0/TCP (mqtt), 0/TCP (http)
    State:          Running
      Started:      Mon, 27 Apr 2026 09:58:21 +0200
    Ready:          True
    Restart Count:  0
    Limits:
      cpu:     1
      memory:  512Mi
    Requests:
      cpu:        50m
      memory:     64Mi
    Readiness:    tcp-socket :1883 delay=3s timeout=1s period=5s #success=1 #failure=3
    Environment:  <none>
    Mounts:
      /etc/nanomq.conf from config (rw,path="nanomq.conf")
      /var/run/secrets/kubernetes.io/serviceaccount from kube-api-access-r78qr (ro)
Conditions:
  Type                        Status
  PodReadyToStartContainers   True 
  Initialized                 True 
  Ready                       True 
  ContainersReady             True 
  PodScheduled                True 
Volumes:
  config:
    Type:      ConfigMap (a volume populated by a ConfigMap)
    Name:      nanomq-config
    Optional:  false
  kube-api-access-r78qr:
    Type:                    Projected (a volume that contains injected data from multiple sources)
    TokenExpirationSeconds:  3607
    ConfigMapName:           kube-root-ca.crt
    Optional:                false
    DownwardAPI:             true
QoS Class:                   Burstable
Node-Selectors:              <none>
Tolerations:                 node.kubernetes.io/not-ready:NoExecute op=Exists for 300s
                             node.kubernetes.io/unreachable:NoExecute op=Exists for 300s
Events:
  Type    Reason     Age    From               Message
  ----    ------     ----   ----               -------
  Normal  Scheduled  3m27s  default-scheduler  Successfully assigned translator-lora/nanomq-756fd88db6-gswzb to <pi-host>
  Normal  Pulled     3m25s  kubelet            spec.containers{nanomq}: Container image "emqx/nanomq:0.21-slim" already present on machine
  Normal  Created    3m25s  kubelet            spec.containers{nanomq}: Created container: nanomq
  Normal  Started    3m25s  kubelet            spec.containers{nanomq}: Started container nanomq


Name:             postgres-0
Namespace:        translator-lora
Priority:         0
Service Account:  default
Node:             <pi-host>/<pi-ip>
Start Time:       Mon, 27 Apr 2026 09:58:25 +0200
Labels:           app=postgres
                  apps.kubernetes.io/pod-index=0
                  controller-revision-hash=postgres-848ccb988d
                  statefulset.kubernetes.io/pod-name=postgres-0
Annotations:      cni.projectcalico.org/containerID: d4d46e624b672c075c4fb1dc4e54cdc3ce20b9a247d83fa6f9fb1f6aaa2c7b2d
                  cni.projectcalico.org/podIP: <pod-ip>/32
                  cni.projectcalico.org/podIPs: <pod-ip>/32
Status:           Running
IP:               <pod-ip>
IPs:
  IP:           <pod-ip>
Controlled By:  StatefulSet/postgres
Containers:
  postgres:
    Container ID:   containerd://079f755960298a41ec9f9808ccdd98c1a3717fcf702cabf311505369b239c8da
    Image:          postgres:17-alpine
    Image ID:       docker.io/library/postgres@sha256:778d0b486d6daa02b77434d0358ec57a1b21fd8b6d22ac2eef56a33e816928f6
    Port:           5432/TCP
    Host Port:      0/TCP
    State:          Running
      Started:      Mon, 27 Apr 2026 09:58:26 +0200
    Ready:          True
    Restart Count:  0
    Limits:
      cpu:     1500m
      memory:  1536Mi
    Requests:
      cpu:      100m
      memory:   256Mi
    Readiness:  exec [pg_isready -U postgres] delay=5s timeout=1s period=5s #success=1 #failure=3
    Environment:
      POSTGRES_DB:        postgres
      POSTGRES_USER:      postgres
      POSTGRES_PASSWORD:  <set to the key 'postgres-superuser-password' in secret 'hermod-secrets'>  Optional: false
    Mounts:
      /docker-entrypoint-initdb.d from init (rw)
      /var/lib/postgresql/data from data (rw)
      /var/run/secrets/kubernetes.io/serviceaccount from kube-api-access-rk7cn (ro)
Conditions:
  Type                        Status
  PodReadyToStartContainers   True 
  Initialized                 True 
  Ready                       True 
  ContainersReady             True 
  PodScheduled                True 
Volumes:
  data:
    Type:       PersistentVolumeClaim (a reference to a PersistentVolumeClaim in the same namespace)
    ClaimName:  data-postgres-0
    ReadOnly:   false
  init:
    Type:      ConfigMap (a volume populated by a ConfigMap)
    Name:      postgres-init
    Optional:  false
  kube-api-access-rk7cn:
    Type:                    Projected (a volume that contains injected data from multiple sources)
    TokenExpirationSeconds:  3607
    ConfigMapName:           kube-root-ca.crt
    Optional:                false
    DownwardAPI:             true
QoS Class:                   Burstable
Node-Selectors:              <none>
Tolerations:                 node.kubernetes.io/not-ready:NoExecute op=Exists for 300s
                             node.kubernetes.io/unreachable:NoExecute op=Exists for 300s
Events:
  Type    Reason     Age    From               Message
  ----    ------     ----   ----               -------
  Normal  Scheduled  3m21s  default-scheduler  Successfully assigned translator-lora/postgres-0 to <pi-host>
  Normal  Pulled     3m20s  kubelet            spec.containers{postgres}: Container image "postgres:17-alpine" already present on machine
  Normal  Created    3m20s  kubelet            spec.containers{postgres}: Created container: postgres
  Normal  Started    3m20s  kubelet            spec.containers{postgres}: Started container postgres

=== ts=1777276918 ===
Name:             hermod-coordinator-7d7b88cc46-x568z
Namespace:        translator-lora
Priority:         0
Service Account:  default
Node:             <pi-host>/<pi-ip>
Start Time:       Mon, 27 Apr 2026 09:58:53 +0200
Labels:           app=hermod-coordinator
                  pod-template-hash=7d7b88cc46
Annotations:      cni.projectcalico.org/containerID: 96136bacace6d54f99b11509d3bd139808f8605c3736b8571a2ad9209a61ec3c
                  cni.projectcalico.org/podIP: <pod-ip>/32
                  cni.projectcalico.org/podIPs: <pod-ip>/32
Status:           Running
IP:               <pod-ip>
IPs:
  IP:           <pod-ip>
Controlled By:  ReplicaSet/hermod-coordinator-7d7b88cc46
Init Containers:
  wait-for-postgres:
    Container ID:  containerd://b8076f61bf3374fb7c5d5ba21180eb50792698868e52db39a5b9241ff015a149
    Image:         busybox:1.36
    Image ID:      docker.io/library/busybox@sha256:73aaf090f3d85aa34ee199857f03fa3a95c8ede2ffd4cc2cdb5b94e566b11662
    Port:          <none>
    Host Port:     <none>
    Command:
      sh
      -c
      until nc -z postgres 5432; do sleep 2; done
    State:          Terminated
      Reason:       Completed
      Exit Code:    0
      Started:      Mon, 27 Apr 2026 09:58:54 +0200
      Finished:     Mon, 27 Apr 2026 09:58:54 +0200
    Ready:          True
    Restart Count:  0
    Environment:
      Hermod__Features__DeviceStateTracking:    true
      Hermod__Engine__LogBatchSize:             100
      Hermod__Engine__LogBatching:              true
      Hermod__Engine__Parallelism:              0
      Hermod__Features__MessagePersistence:     true
      Hermod__Features__RuleAuditLog:           true
      Hermod__Features__RuleCache:              true
      Hermod__Features__StatsRollup:            true
      Hermod__Storage__Mode:                    Postgres
      Logging__LogLevel__Hermod:                Information
      Logging__LogLevel__Microsoft.AspNetCore:  Warning
    Mounts:
      /var/run/secrets/kubernetes.io/serviceaccount from kube-api-access-kt2tl (ro)
  wait-for-nanomq:
    Container ID:  containerd://a757428e915ba6283f62206003ae86022cbad96795dae1209d29f4d6ecb7da94
    Image:         busybox:1.36
    Image ID:      docker.io/library/busybox@sha256:73aaf090f3d85aa34ee199857f03fa3a95c8ede2ffd4cc2cdb5b94e566b11662
    Port:          <none>
    Host Port:     <none>
    Command:
      sh
      -c
      until nc -z nanomq 1883; do sleep 2; done
    State:          Terminated
      Reason:       Completed
      Exit Code:    0
      Started:      Mon, 27 Apr 2026 09:58:55 +0200
      Finished:     Mon, 27 Apr 2026 09:58:55 +0200
    Ready:          True
    Restart Count:  0
    Environment:
      Hermod__Features__DeviceStateTracking:    true
      Hermod__Engine__LogBatchSize:             100
      Hermod__Engine__LogBatching:              true
      Hermod__Engine__Parallelism:              0
      Hermod__Features__MessagePersistence:     true
      Hermod__Features__RuleAuditLog:           true
      Hermod__Features__RuleCache:              true
      Hermod__Features__StatsRollup:            true
      Hermod__Storage__Mode:                    Postgres
      Logging__LogLevel__Hermod:                Information
      Logging__LogLevel__Microsoft.AspNetCore:  Warning
    Mounts:
      /var/run/secrets/kubernetes.io/serviceaccount from kube-api-access-kt2tl (ro)
Containers:
  hermod-coordinator:
    Container ID:   containerd://57ab1083b5e5700c0d9ee233851776a73de99452118bd7e7cc1bfa3b08f3cf9b
    Image:          hermod-coordinator:latest
    Image ID:       sha256:ca91ccdfcd269dd5e4e25d5ffe8d863ca5db57e5c4f62f08c8adf90d23c15eaf
    Port:           42069/TCP (http)
    Host Port:      0/TCP (http)
    State:          Running
      Started:      Mon, 27 Apr 2026 09:58:56 +0200
    Ready:          True
    Restart Count:  0
    Limits:
      cpu:     1500m
      memory:  1536Mi
    Requests:
      cpu:      200m
      memory:   256Mi
    Liveness:   http-get http://:42069/healthz delay=60s timeout=1s period=30s #success=1 #failure=3
    Readiness:  http-get http://:42069/healthz/ready delay=5s timeout=1s period=10s #success=1 #failure=3
    Startup:    http-get http://:42069/healthz delay=0s timeout=1s period=5s #success=1 #failure=30
    Environment:
      ASPNETCORE_ENVIRONMENT:                   Production
      ASPNETCORE_URLS:                          http://+:42069
      DOTNET_USE_POLLING_FILE_WATCHER:          true
      Hermod__Security__AuthBypass:             true
      Hermod__Security__VaultRequireHttps:      false
      Hermod__Features__MetricsEndpoint:        true
      Hermod__Dev__Endpoints:                   true
      Hermod__Mqtt__Host:                       nanomq
      Hermod__Mqtt__Port:                       1883
      Hermod__Mqtt__UseTls:                     false
      Hermod__Mqtt__Tls__UseTls:                false
      Hermod__Mqtt__Username:                   <set to the key 'mqtt-username' in secret 'hermod-secrets'>  Optional: false
      Hermod__Mqtt__Password:                   <set to the key 'mqtt-password' in secret 'hermod-secrets'>  Optional: false
      Hermod__Database__ConnectionString:       Host=postgres;Port=5432;Database=hermod;Username=hermod_app
      Hermod__Database__Password:               <set to the key 'hermod-db-password' in secret 'hermod-db-credentials'>  Optional: false
      Hermod__Features__DeviceStateTracking:    true
      Hermod__Engine__LogBatchSize:             100
      Hermod__Engine__LogBatching:              true
      Hermod__Engine__Parallelism:              0
      Hermod__Features__MessagePersistence:     true
      Hermod__Features__RuleAuditLog:           true
      Hermod__Features__RuleCache:              true
      Hermod__Features__StatsRollup:            true
      Hermod__Storage__Mode:                    Postgres
      Logging__LogLevel__Hermod:                Information
      Logging__LogLevel__Microsoft.AspNetCore:  Warning
    Mounts:
      /var/run/secrets/kubernetes.io/serviceaccount from kube-api-access-kt2tl (ro)
Conditions:
  Type                        Status
  PodReadyToStartContainers   True 
  Initialized                 True 
  Ready                       True 
  ContainersReady             True 
  PodScheduled                True 
Volumes:
  kube-api-access-kt2tl:
    Type:                    Projected (a volume that contains injected data from multiple sources)
    TokenExpirationSeconds:  3607
    ConfigMapName:           kube-root-ca.crt
    Optional:                false
    DownwardAPI:             true
QoS Class:                   Burstable
Node-Selectors:              <none>
Tolerations:                 node.kubernetes.io/not-ready:NoExecute op=Exists for 300s
                             node.kubernetes.io/unreachable:NoExecute op=Exists for 300s
Events:
  Type    Reason     Age   From               Message
  ----    ------     ----  ----               -------
  Normal  Scheduled  3m4s  default-scheduler  Successfully assigned translator-lora/hermod-coordinator-7d7b88cc46-x568z to <pi-host>
  Normal  Pulled     3m4s  kubelet            spec.initContainers{wait-for-postgres}: Container image "busybox:1.36" already present on machine
  Normal  Created    3m4s  kubelet            spec.initContainers{wait-for-postgres}: Created container: wait-for-postgres
  Normal  Started    3m4s  kubelet            spec.initContainers{wait-for-postgres}: Started container wait-for-postgres
  Normal  Pulled     3m3s  kubelet            spec.initContainers{wait-for-nanomq}: Container image "busybox:1.36" already present on machine
  Normal  Created    3m3s  kubelet            spec.initContainers{wait-for-nanomq}: Created container: wait-for-nanomq
  Normal  Started    3m3s  kubelet            spec.initContainers{wait-for-nanomq}: Started container wait-for-nanomq
  Normal  Pulled     3m2s  kubelet            spec.containers{hermod-coordinator}: Container image "hermod-coordinator:latest" already present on machine
  Normal  Created    3m2s  kubelet            spec.containers{hermod-coordinator}: Created container: hermod-coordinator
  Normal  Started    3m2s  kubelet            spec.containers{hermod-coordinator}: Started container hermod-coordinator


Name:             lora2mqtt-75b64546f8-vcg2h
Namespace:        translator-lora
Priority:         0
Service Account:  default
Node:             <pi-host>/<pi-ip>
Start Time:       Mon, 27 Apr 2026 09:58:20 +0200
Labels:           app=lora2mqtt
                  pod-template-hash=75b64546f8
Annotations:      cni.projectcalico.org/containerID: 17c200a74a85b0290e8ffedad65f7ce5a2d86a3ad5b72d71a6a00bc3b77af534
                  cni.projectcalico.org/podIP: <pod-ip>/32
                  cni.projectcalico.org/podIPs: <pod-ip>/32
Status:           Running
IP:               <pod-ip>
IPs:
  IP:           <pod-ip>
Controlled By:  ReplicaSet/lora2mqtt-75b64546f8
Containers:
  lora2mqtt:
    Container ID:   containerd://d785b3970a9921182ab24b1c8f232260b6ab0b105403cf3396266b5dce4822ca
    Image:          lora2mqtt:latest
    Image ID:       sha256:a577beb808fc418e29701f8435e3bdaa80e51fc465081b3046d1a6e7fa733883
    Port:           8080/TCP (http)
    Host Port:      0/TCP (http)
    State:          Running
      Started:      Mon, 27 Apr 2026 09:58:40 +0200
    Last State:     Terminated
      Reason:       Error
      Exit Code:    139
      Started:      Mon, 27 Apr 2026 09:58:24 +0200
      Finished:     Mon, 27 Apr 2026 09:58:25 +0200
    Ready:          True
    Restart Count:  2
    Limits:
      cpu:     500m
      memory:  256Mi
    Requests:
      cpu:      50m
      memory:   64Mi
    Readiness:  http-get http://:8080/health/ready delay=5s timeout=1s period=10s #success=1 #failure=3
    Environment:
      LoRa__MockMode:                       false
      LoRa__SerialPort:                     /dev/ttyACM0
      Hermod__Security__AuthBypass:         true
      Hermod__Security__VaultRequireHttps:  false
      Hermod__Features__MetricsEndpoint:    true
      Hermod__Dev__Endpoints:               true
      Mqtt__Host:                           nanomq
      Mqtt__Port:                           1883
      Mqtt__Tls__UseTls:                    false
      Mqtt__Username:                       <set to the key 'mqtt-username' in secret 'hermod-secrets'>  Optional: false
      Mqtt__Password:                       <set to the key 'mqtt-password' in secret 'hermod-secrets'>  Optional: false
    Mounts:
      /dev/ttyACM0 from lora-device (rw)
      /var/run/secrets/kubernetes.io/serviceaccount from kube-api-access-vrjnm (ro)
Conditions:
  Type                        Status
  PodReadyToStartContainers   True 
  Initialized                 True 
  Ready                       True 
  ContainersReady             True 
  PodScheduled                True 
Volumes:
  lora-device:
    Type:          HostPath (bare host directory volume)
    Path:          /dev/ttyACM0
    HostPathType:  CharDevice
  kube-api-access-vrjnm:
    Type:                    Projected (a volume that contains injected data from multiple sources)
    TokenExpirationSeconds:  3607
    ConfigMapName:           kube-root-ca.crt
    Optional:                false
    DownwardAPI:             true
QoS Class:                   Burstable
Node-Selectors:              <none>
Tolerations:                 node.kubernetes.io/not-ready:NoExecute op=Exists for 300s
                             node.kubernetes.io/unreachable:NoExecute op=Exists for 300s
Events:
  Type     Reason     Age                    From               Message
  ----     ------     ----                   ----               -------
  Normal   Scheduled  3m38s                  default-scheduler  Successfully assigned translator-lora/lora2mqtt-75b64546f8-vcg2h to <pi-host>
  Warning  BackOff    3m32s                  kubelet            spec.containers{lora2mqtt}: Back-off restarting failed container lora2mqtt in pod lora2mqtt-75b64546f8-vcg2h_translator-lora(43efd0a8-64b2-4cef-89fa-217853213c92)
  Normal   Pulled     3m18s (x3 over 3m37s)  kubelet            spec.containers{lora2mqtt}: Container image "lora2mqtt:latest" already present on machine
  Normal   Created    3m18s (x3 over 3m37s)  kubelet            spec.containers{lora2mqtt}: Created container: lora2mqtt
  Normal   Started    3m18s (x3 over 3m37s)  kubelet            spec.containers{lora2mqtt}: Started container lora2mqtt


Name:             nanomq-756fd88db6-gswzb
Namespace:        translator-lora
Priority:         0
Service Account:  default
Node:             <pi-host>/<pi-ip>
Start Time:       Mon, 27 Apr 2026 09:58:19 +0200
Labels:           app=nanomq
                  pod-template-hash=756fd88db6
Annotations:      cni.projectcalico.org/containerID: d13c00cff7c10170fdc73772a9d33ca9bc5e989414abb31ba06cd8c4cba05e53
                  cni.projectcalico.org/podIP: <pod-ip>/32
                  cni.projectcalico.org/podIPs: <pod-ip>/32
Status:           Running
IP:               <pod-ip>
IPs:
  IP:           <pod-ip>
Controlled By:  ReplicaSet/nanomq-756fd88db6
Containers:
  nanomq:
    Container ID:   containerd://67ecb14b2266eeed5d73f43c0adecf135657789524422372d58a4cdc5fea0714
    Image:          emqx/nanomq:0.21-slim
    Image ID:       docker.io/emqx/nanomq@sha256:53bea7acb547aced1cc45e08c514628f1e41c4da9ad544fd8c5fa96d3e9eb41b
    Ports:          1883/TCP (mqtt), 8081/TCP (http)
    Host Ports:     0/TCP (mqtt), 0/TCP (http)
    State:          Running
      Started:      Mon, 27 Apr 2026 09:58:21 +0200
    Ready:          True
    Restart Count:  0
    Limits:
      cpu:     1
      memory:  512Mi
    Requests:
      cpu:        50m
      memory:     64Mi
    Readiness:    tcp-socket :1883 delay=3s timeout=1s period=5s #success=1 #failure=3
    Environment:  <none>
    Mounts:
      /etc/nanomq.conf from config (rw,path="nanomq.conf")
      /var/run/secrets/kubernetes.io/serviceaccount from kube-api-access-r78qr (ro)
Conditions:
  Type                        Status
  PodReadyToStartContainers   True 
  Initialized                 True 
  Ready                       True 
  ContainersReady             True 
  PodScheduled                True 
Volumes:
  config:
    Type:      ConfigMap (a volume populated by a ConfigMap)
    Name:      nanomq-config
    Optional:  false
  kube-api-access-r78qr:
    Type:                    Projected (a volume that contains injected data from multiple sources)
    TokenExpirationSeconds:  3607
    ConfigMapName:           kube-root-ca.crt
    Optional:                false
    DownwardAPI:             true
QoS Class:                   Burstable
Node-Selectors:              <none>
Tolerations:                 node.kubernetes.io/not-ready:NoExecute op=Exists for 300s
                             node.kubernetes.io/unreachable:NoExecute op=Exists for 300s
Events:
  Type    Reason     Age    From               Message
  ----    ------     ----   ----               -------
  Normal  Scheduled  3m38s  default-scheduler  Successfully assigned translator-lora/nanomq-756fd88db6-gswzb to <pi-host>
  Normal  Pulled     3m37s  kubelet            spec.containers{nanomq}: Container image "emqx/nanomq:0.21-slim" already present on machine
  Normal  Created    3m37s  kubelet            spec.containers{nanomq}: Created container: nanomq
  Normal  Started    3m37s  kubelet            spec.containers{nanomq}: Started container nanomq


Name:             postgres-0
Namespace:        translator-lora
Priority:         0
Service Account:  default
Node:             <pi-host>/<pi-ip>
Start Time:       Mon, 27 Apr 2026 09:58:25 +0200
Labels:           app=postgres
                  apps.kubernetes.io/pod-index=0
                  controller-revision-hash=postgres-848ccb988d
                  statefulset.kubernetes.io/pod-name=postgres-0
Annotations:      cni.projectcalico.org/containerID: d4d46e624b672c075c4fb1dc4e54cdc3ce20b9a247d83fa6f9fb1f6aaa2c7b2d
                  cni.projectcalico.org/podIP: <pod-ip>/32
                  cni.projectcalico.org/podIPs: <pod-ip>/32
Status:           Running
IP:               <pod-ip>
IPs:
  IP:           <pod-ip>
Controlled By:  StatefulSet/postgres
Containers:
  postgres:
    Container ID:   containerd://079f755960298a41ec9f9808ccdd98c1a3717fcf702cabf311505369b239c8da
    Image:          postgres:17-alpine
    Image ID:       docker.io/library/postgres@sha256:778d0b486d6daa02b77434d0358ec57a1b21fd8b6d22ac2eef56a33e816928f6
    Port:           5432/TCP
    Host Port:      0/TCP
    State:          Running
      Started:      Mon, 27 Apr 2026 09:58:26 +0200
    Ready:          True
    Restart Count:  0
    Limits:
      cpu:     1500m
      memory:  1536Mi
    Requests:
      cpu:      100m
      memory:   256Mi
    Readiness:  exec [pg_isready -U postgres] delay=5s timeout=1s period=5s #success=1 #failure=3
    Environment:
      POSTGRES_DB:        postgres
      POSTGRES_USER:      postgres
      POSTGRES_PASSWORD:  <set to the key 'postgres-superuser-password' in secret 'hermod-secrets'>  Optional: false
    Mounts:
      /docker-entrypoint-initdb.d from init (rw)
      /var/lib/postgresql/data from data (rw)
      /var/run/secrets/kubernetes.io/serviceaccount from kube-api-access-rk7cn (ro)
Conditions:
  Type                        Status
  PodReadyToStartContainers   True 
  Initialized                 True 
  Ready                       True 
  ContainersReady             True 
  PodScheduled                True 
Volumes:
  data:
    Type:       PersistentVolumeClaim (a reference to a PersistentVolumeClaim in the same namespace)
    ClaimName:  data-postgres-0
    ReadOnly:   false
  init:
    Type:      ConfigMap (a volume populated by a ConfigMap)
    Name:      postgres-init
    Optional:  false
  kube-api-access-rk7cn:
    Type:                    Projected (a volume that contains injected data from multiple sources)
    TokenExpirationSeconds:  3607
    ConfigMapName:           kube-root-ca.crt
    Optional:                false
    DownwardAPI:             true
QoS Class:                   Burstable
Node-Selectors:              <none>
Tolerations:                 node.kubernetes.io/not-ready:NoExecute op=Exists for 300s
                             node.kubernetes.io/unreachable:NoExecute op=Exists for 300s
Events:
  Type    Reason     Age    From               Message
  ----    ------     ----   ----               -------
  Normal  Scheduled  3m33s  default-scheduler  Successfully assigned translator-lora/postgres-0 to <pi-host>
  Normal  Pulled     3m32s  kubelet            spec.containers{postgres}: Container image "postgres:17-alpine" already present on machine
  Normal  Created    3m32s  kubelet            spec.containers{postgres}: Created container: postgres
  Normal  Started    3m32s  kubelet            spec.containers{postgres}: Started container postgres

