=== ts=1777264176 ===
Name:                      hermod-coordinator-56c7c49f45-4q2xz
Namespace:                 coord-only
Priority:                  0
Service Account:           default
Node:                      <pi-host>/<pi-ip>
Start Time:                Mon, 27 Apr 2026 06:29:20 +0200
Labels:                    app=hermod-coordinator
                           pod-template-hash=56c7c49f45
Annotations:               cni.projectcalico.org/containerID: 88a56dbef2c0637204e57659ba3716e11f922d41a49309fb4ba05ad45677525b
                           cni.projectcalico.org/podIP: <pod-ip>/32
                           cni.projectcalico.org/podIPs: <pod-ip>/32
                           kubectl.kubernetes.io/restartedAt: 2026-04-27T06:29:18+02:00
Status:                    Terminating (lasts <invalid>)
Termination Grace Period:  30s
IP:                        <pod-ip>
IPs:
  IP:           <pod-ip>
Controlled By:  ReplicaSet/hermod-coordinator-56c7c49f45
Init Containers:
  wait-for-postgres:
    Container ID:  containerd://c41a7fd03d41b2a072418e37f5da470e7e36da76ca064ae516328502073f0598
    Image:         busybox:1.36
    Image ID:      docker.io/library/busybox@sha256:73aaf090f3d85aa34ee199857f03fa3a95c8ede2ffd4cc2cdb5b94e566b11662
    Port:          <none>
    Host Port:     <none>
    Command:
      sh
      -c
      until nc -z postgres 5432; do sleep 2; done
    State:          Terminated
      Reason:       Completed
      Exit Code:    0
      Started:      Mon, 27 Apr 2026 06:29:21 +0200
      Finished:     Mon, 27 Apr 2026 06:29:21 +0200
    Ready:          True
    Restart Count:  0
    Environment:
      Hermod__Features__DeviceStateTracking:    true
      Hermod__Engine__LogBatchSize:             100
      Hermod__Engine__LogBatching:              true
      Hermod__Engine__Parallelism:              2
      Hermod__Features__MessagePersistence:     true
      Hermod__Features__RuleAuditLog:           true
      Hermod__Features__RuleCache:              true
      Hermod__Features__StatsRollup:            true
      Hermod__Storage__Mode:                    Postgres
      Logging__LogLevel__Hermod:                Information
      Logging__LogLevel__Microsoft.AspNetCore:  Warning
    Mounts:
      /var/run/secrets/kubernetes.io/serviceaccount from kube-api-access-dngmq (ro)
  wait-for-nanomq:
    Container ID:  containerd://5b497300f9f00c4682de015353d11685b857531132413fe5aa428305491915cd
    Image:         busybox:1.36
    Image ID:      docker.io/library/busybox@sha256:73aaf090f3d85aa34ee199857f03fa3a95c8ede2ffd4cc2cdb5b94e566b11662
    Port:          <none>
    Host Port:     <none>
    Command:
      sh
      -c
      until nc -z nanomq 1883; do sleep 2; done
    State:          Terminated
      Reason:       Completed
      Exit Code:    0
      Started:      Mon, 27 Apr 2026 06:29:22 +0200
      Finished:     Mon, 27 Apr 2026 06:29:28 +0200
    Ready:          True
    Restart Count:  0
    Environment:
      Hermod__Features__DeviceStateTracking:    true
      Hermod__Engine__LogBatchSize:             100
      Hermod__Engine__LogBatching:              true
      Hermod__Engine__Parallelism:              2
      Hermod__Features__MessagePersistence:     true
      Hermod__Features__RuleAuditLog:           true
      Hermod__Features__RuleCache:              true
      Hermod__Features__StatsRollup:            true
      Hermod__Storage__Mode:                    Postgres
      Logging__LogLevel__Hermod:                Information
      Logging__LogLevel__Microsoft.AspNetCore:  Warning
    Mounts:
      /var/run/secrets/kubernetes.io/serviceaccount from kube-api-access-dngmq (ro)
Containers:
  hermod-coordinator:
    Container ID:   containerd://450e58df654f1894bd43fa468e4aaf20c78722c7942e4c08d7a9bc65180a867e
    Image:          hermod-coordinator:latest
    Image ID:       sha256:ca91ccdfcd269dd5e4e25d5ffe8d863ca5db57e5c4f62f08c8adf90d23c15eaf
    Port:           42069/TCP (http)
    Host Port:      0/TCP (http)
    State:          Running
      Started:      Mon, 27 Apr 2026 06:29:29 +0200
    Ready:          True
    Restart Count:  0
    Limits:
      cpu:     1500m
      memory:  1536Mi
    Requests:
      cpu:      200m
      memory:   256Mi
    Liveness:   http-get http://:42069/healthz delay=60s timeout=1s period=30s #success=1 #failure=3
    Readiness:  http-get http://:42069/healthz/ready delay=5s timeout=1s period=10s #success=1 #failure=3
    Startup:    http-get http://:42069/healthz delay=0s timeout=1s period=5s #success=1 #failure=30
    Environment:
      ASPNETCORE_ENVIRONMENT:                   Production
      ASPNETCORE_URLS:                          http://+:42069
      DOTNET_USE_POLLING_FILE_WATCHER:          true
      Hermod__Security__AuthBypass:             true
      Hermod__Security__VaultRequireHttps:      false
      Hermod__Features__MetricsEndpoint:        true
      Hermod__Dev__Endpoints:                   true
      Hermod__Mqtt__Host:                       nanomq
      Hermod__Mqtt__Port:                       1883
      Hermod__Mqtt__UseTls:                     false
      Hermod__Mqtt__Tls__UseTls:                false
      Hermod__Mqtt__Username:                   <set to the key 'mqtt-username' in secret 'hermod-secrets'>  Optional: false
      Hermod__Mqtt__Password:                   <set to the key 'mqtt-password' in secret 'hermod-secrets'>  Optional: false
      Hermod__Database__ConnectionString:       Host=postgres;Port=5432;Database=hermod;Username=hermod_app
      Hermod__Database__Password:               <set to the key 'hermod-db-password' in secret 'hermod-db-credentials'>  Optional: false
      Hermod__Features__DeviceStateTracking:    true
      Hermod__Engine__LogBatchSize:             100
      Hermod__Engine__LogBatching:              true
      Hermod__Engine__Parallelism:              2
      Hermod__Features__MessagePersistence:     true
      Hermod__Features__RuleAuditLog:           true
      Hermod__Features__RuleCache:              true
      Hermod__Features__StatsRollup:            true
      Hermod__Storage__Mode:                    Postgres
      Logging__LogLevel__Hermod:                Information
      Logging__LogLevel__Microsoft.AspNetCore:  Warning
    Mounts:
      /var/run/secrets/kubernetes.io/serviceaccount from kube-api-access-dngmq (ro)
Conditions:
  Type                        Status
  PodReadyToStartContainers   True 
  Initialized                 True 
  Ready                       True 
  ContainersReady             True 
  PodScheduled                True 
Volumes:
  kube-api-access-dngmq:
    Type:                    Projected (a volume that contains injected data from multiple sources)
    TokenExpirationSeconds:  3607
    ConfigMapName:           kube-root-ca.crt
    Optional:                false
    DownwardAPI:             true
QoS Class:                   Burstable
Node-Selectors:              <none>
Tolerations:                 node.kubernetes.io/not-ready:NoExecute op=Exists for 300s
                             node.kubernetes.io/unreachable:NoExecute op=Exists for 300s
Events:
  Type     Reason     Age   From               Message
  ----     ------     ----  ----               -------
  Normal   Scheduled  16s   default-scheduler  Successfully assigned coord-only/hermod-coordinator-56c7c49f45-4q2xz to <pi-host>
  Normal   Pulled     15s   kubelet            spec.initContainers{wait-for-postgres}: Container image "busybox:1.36" already present on machine
  Normal   Created    15s   kubelet            spec.initContainers{wait-for-postgres}: Created container: wait-for-postgres
  Normal   Started    15s   kubelet            spec.initContainers{wait-for-postgres}: Started container wait-for-postgres
  Normal   Pulled     14s   kubelet            spec.initContainers{wait-for-nanomq}: Container image "busybox:1.36" already present on machine
  Normal   Created    14s   kubelet            spec.initContainers{wait-for-nanomq}: Created container: wait-for-nanomq
  Normal   Started    14s   kubelet            spec.initContainers{wait-for-nanomq}: Started container wait-for-nanomq
  Normal   Pulled     7s    kubelet            spec.containers{hermod-coordinator}: Container image "hermod-coordinator:latest" already present on machine
  Normal   Created    7s    kubelet            spec.containers{hermod-coordinator}: Created container: hermod-coordinator
  Normal   Started    7s    kubelet            spec.containers{hermod-coordinator}: Started container hermod-coordinator
  Warning  Unhealthy  6s    kubelet            spec.containers{hermod-coordinator}: Startup probe failed: Get "http://<pod-ip>:42069/healthz": dial tcp <pod-ip>:42069: connect: connection refused


Name:             nanomq-7b9d5cfb76-w2sdx
Namespace:        coord-only
Priority:         0
Service Account:  default
Node:             <pi-host>/<pi-ip>
Start Time:       Mon, 27 Apr 2026 06:29:20 +0200
Labels:           app=nanomq
                  pod-template-hash=7b9d5cfb76
Annotations:      cni.projectcalico.org/containerID: bb4b0d09336be8e739726639a4a83b5dcfe1cade09505fa080f679230fc99668
                  cni.projectcalico.org/podIP: <pod-ip>/32
                  cni.projectcalico.org/podIPs: <pod-ip>/32
                  kubectl.kubernetes.io/restartedAt: 2026-04-27T06:29:18+02:00
Status:           Running
IP:               <pod-ip>
IPs:
  IP:           <pod-ip>
Controlled By:  ReplicaSet/nanomq-7b9d5cfb76
Containers:
  nanomq:
    Container ID:   containerd://e7de3c40b2fd239465a5ecda57757fe6f51589f2efc8974e7ef9d2f738eedcf1
    Image:          emqx/nanomq:0.21-slim
    Image ID:       docker.io/emqx/nanomq@sha256:53bea7acb547aced1cc45e08c514628f1e41c4da9ad544fd8c5fa96d3e9eb41b
    Ports:          1883/TCP (mqtt), 8081/TCP (http)
    Host Ports:     0/TCP (mqtt), 0/TCP (http)
    State:          Running
      Started:      Mon, 27 Apr 2026 06:29:21 +0200
    Ready:          True
    Restart Count:  0
    Limits:
      cpu:     1
      memory:  512Mi
    Requests:
      cpu:        50m
      memory:     64Mi
    Liveness:     tcp-socket :1883 delay=10s timeout=1s period=10s #success=1 #failure=3
    Readiness:    tcp-socket :1883 delay=3s timeout=1s period=5s #success=1 #failure=3
    Environment:  <none>
    Mounts:
      /etc/nanomq.conf from config (rw,path="nanomq.conf")
      /var/run/secrets/kubernetes.io/serviceaccount from kube-api-access-czxfg (ro)
Conditions:
  Type                        Status
  PodReadyToStartContainers   True 
  Initialized                 True 
  Ready                       True 
  ContainersReady             True 
  PodScheduled                True 
Volumes:
  config:
    Type:      ConfigMap (a volume populated by a ConfigMap)
    Name:      nanomq-config
    Optional:  false
  kube-api-access-czxfg:
    Type:                    Projected (a volume that contains injected data from multiple sources)
    TokenExpirationSeconds:  3607
    ConfigMapName:           kube-root-ca.crt
    Optional:                false
    DownwardAPI:             true
QoS Class:                   Burstable
Node-Selectors:              <none>
Tolerations:                 node.kubernetes.io/not-ready:NoExecute op=Exists for 300s
                             node.kubernetes.io/unreachable:NoExecute op=Exists for 300s
Events:
  Type    Reason     Age   From               Message
  ----    ------     ----  ----               -------
  Normal  Scheduled  16s   default-scheduler  Successfully assigned coord-only/nanomq-7b9d5cfb76-w2sdx to <pi-host>
  Normal  Pulled     15s   kubelet            spec.containers{nanomq}: Container image "emqx/nanomq:0.21-slim" already present on machine
  Normal  Created    15s   kubelet            spec.containers{nanomq}: Created container: nanomq
  Normal  Started    15s   kubelet            spec.containers{nanomq}: Started container nanomq


Name:             postgres-0
Namespace:        coord-only
Priority:         0
Service Account:  default
Node:             <pi-host>/<pi-ip>
Start Time:       Mon, 27 Apr 2026 04:16:57 +0200
Labels:           app=postgres
                  apps.kubernetes.io/pod-index=0
                  controller-revision-hash=postgres-6497897965
                  statefulset.kubernetes.io/pod-name=postgres-0
Annotations:      cni.projectcalico.org/containerID: 69fb4823b666d3d2a1395c00ab9b26a33337431372918fb41d9f85f42d91a056
                  cni.projectcalico.org/podIP: <pod-ip>/32
                  cni.projectcalico.org/podIPs: <pod-ip>/32
Status:           Running
IP:               <pod-ip>
IPs:
  IP:           <pod-ip>
Controlled By:  StatefulSet/postgres
Containers:
  postgres:
    Container ID:  containerd://adf8585ccc9b705cf0261f22f8e1c254a24670c72b998bb7a052f31e3a5ae5be
    Image:         postgres:17-alpine
    Image ID:      docker.io/library/postgres@sha256:778d0b486d6daa02b77434d0358ec57a1b21fd8b6d22ac2eef56a33e816928f6
    Port:          5432/TCP
    Host Port:     0/TCP
    Args:
      -c
      shared_buffers=256MB
      -c
      max_connections=200
      -c
      work_mem=16MB
    State:          Running
      Started:      Mon, 27 Apr 2026 04:16:58 +0200
    Ready:          True
    Restart Count:  0
    Limits:
      cpu:     1500m
      memory:  1536Mi
    Requests:
      cpu:      100m
      memory:   256Mi
    Liveness:   exec [pg_isready -U postgres] delay=30s timeout=1s period=10s #success=1 #failure=3
    Readiness:  exec [pg_isready -U postgres] delay=5s timeout=1s period=5s #success=1 #failure=3
    Environment:
      POSTGRES_DB:        postgres
      POSTGRES_USER:      postgres
      POSTGRES_PASSWORD:  <set to the key 'postgres-superuser-password' in secret 'hermod-secrets'>  Optional: false
    Mounts:
      /docker-entrypoint-initdb.d from init (rw)
      /var/lib/postgresql/data from data (rw)
      /var/run/secrets/kubernetes.io/serviceaccount from kube-api-access-79j56 (ro)
Conditions:
  Type                        Status
  PodReadyToStartContainers   True 
  Initialized                 True 
  Ready                       True 
  ContainersReady             True 
  PodScheduled                True 
Volumes:
  data:
    Type:       PersistentVolumeClaim (a reference to a PersistentVolumeClaim in the same namespace)
    ClaimName:  data-postgres-0
    ReadOnly:   false
  init:
    Type:      ConfigMap (a volume populated by a ConfigMap)
    Name:      postgres-init
    Optional:  false
  kube-api-access-79j56:
    Type:                    Projected (a volume that contains injected data from multiple sources)
    TokenExpirationSeconds:  3607
    ConfigMapName:           kube-root-ca.crt
    Optional:                false
    DownwardAPI:             true
QoS Class:                   Burstable
Node-Selectors:              <none>
Tolerations:                 node.kubernetes.io/not-ready:NoExecute op=Exists for 300s
                             node.kubernetes.io/unreachable:NoExecute op=Exists for 300s
Events:                      <none>

=== ts=1777264188 ===
Name:             hermod-coordinator-8579dc9775-mwrpl
Namespace:        coord-only
Priority:         0
Service Account:  default
Node:             <pi-host>/<pi-ip>
Start Time:       Mon, 27 Apr 2026 06:29:38 +0200
Labels:           app=hermod-coordinator
                  pod-template-hash=8579dc9775
Annotations:      cni.projectcalico.org/containerID: eadab08ac5b72f5cadaf58830e11afc3f665e711f6c228131bb6827b999cb694
                  cni.projectcalico.org/podIP: <pod-ip>/32
                  cni.projectcalico.org/podIPs: <pod-ip>/32
                  kubectl.kubernetes.io/restartedAt: 2026-04-27T06:29:18+02:00
Status:           Running
IP:               <pod-ip>
IPs:
  IP:           <pod-ip>
Controlled By:  ReplicaSet/hermod-coordinator-8579dc9775
Init Containers:
  wait-for-postgres:
    Container ID:  containerd://8b962abcdd328d17f7d00a643e7b344e2d1ded4582d4f2c0199e1131728b2f19
    Image:         busybox:1.36
    Image ID:      docker.io/library/busybox@sha256:73aaf090f3d85aa34ee199857f03fa3a95c8ede2ffd4cc2cdb5b94e566b11662
    Port:          <none>
    Host Port:     <none>
    Command:
      sh
      -c
      until nc -z postgres 5432; do sleep 2; done
    State:          Terminated
      Reason:       Completed
      Exit Code:    0
      Started:      Mon, 27 Apr 2026 06:29:39 +0200
      Finished:     Mon, 27 Apr 2026 06:29:39 +0200
    Ready:          True
    Restart Count:  0
    Environment:
      Hermod__Features__DeviceStateTracking:    true
      Hermod__Engine__LogBatchSize:             100
      Hermod__Engine__LogBatching:              true
      Hermod__Engine__Parallelism:              4
      Hermod__Features__MessagePersistence:     true
      Hermod__Features__RuleAuditLog:           true
      Hermod__Features__RuleCache:              true
      Hermod__Features__StatsRollup:            true
      Hermod__Storage__Mode:                    Postgres
      Logging__LogLevel__Hermod:                Information
      Logging__LogLevel__Microsoft.AspNetCore:  Warning
    Mounts:
      /var/run/secrets/kubernetes.io/serviceaccount from kube-api-access-wtnk2 (ro)
  wait-for-nanomq:
    Container ID:  containerd://12bf96af3da24d83bacf725ce21f7315f4cff75dbabff0ebe509b5717eda819d
    Image:         busybox:1.36
    Image ID:      docker.io/library/busybox@sha256:73aaf090f3d85aa34ee199857f03fa3a95c8ede2ffd4cc2cdb5b94e566b11662
    Port:          <none>
    Host Port:     <none>
    Command:
      sh
      -c
      until nc -z nanomq 1883; do sleep 2; done
    State:          Terminated
      Reason:       Completed
      Exit Code:    0
      Started:      Mon, 27 Apr 2026 06:29:40 +0200
      Finished:     Mon, 27 Apr 2026 06:29:40 +0200
    Ready:          True
    Restart Count:  0
    Environment:
      Hermod__Features__DeviceStateTracking:    true
      Hermod__Engine__LogBatchSize:             100
      Hermod__Engine__LogBatching:              true
      Hermod__Engine__Parallelism:              4
      Hermod__Features__MessagePersistence:     true
      Hermod__Features__RuleAuditLog:           true
      Hermod__Features__RuleCache:              true
      Hermod__Features__StatsRollup:            true
      Hermod__Storage__Mode:                    Postgres
      Logging__LogLevel__Hermod:                Information
      Logging__LogLevel__Microsoft.AspNetCore:  Warning
    Mounts:
      /var/run/secrets/kubernetes.io/serviceaccount from kube-api-access-wtnk2 (ro)
Containers:
  hermod-coordinator:
    Container ID:   containerd://77455bc8c4f225ec4eade18958b5943f029403fe678ab5938f7b4f311cf88123
    Image:          hermod-coordinator:latest
    Image ID:       sha256:ca91ccdfcd269dd5e4e25d5ffe8d863ca5db57e5c4f62f08c8adf90d23c15eaf
    Port:           42069/TCP (http)
    Host Port:      0/TCP (http)
    State:          Running
      Started:      Mon, 27 Apr 2026 06:29:41 +0200
    Ready:          False
    Restart Count:  0
    Limits:
      cpu:     1500m
      memory:  1536Mi
    Requests:
      cpu:      200m
      memory:   256Mi
    Liveness:   http-get http://:42069/healthz delay=60s timeout=1s period=30s #success=1 #failure=3
    Readiness:  http-get http://:42069/healthz/ready delay=5s timeout=1s period=10s #success=1 #failure=3
    Startup:    http-get http://:42069/healthz delay=0s timeout=1s period=5s #success=1 #failure=30
    Environment:
      ASPNETCORE_ENVIRONMENT:                   Production
      ASPNETCORE_URLS:                          http://+:42069
      DOTNET_USE_POLLING_FILE_WATCHER:          true
      Hermod__Security__AuthBypass:             true
      Hermod__Security__VaultRequireHttps:      false
      Hermod__Features__MetricsEndpoint:        true
      Hermod__Dev__Endpoints:                   true
      Hermod__Mqtt__Host:                       nanomq
      Hermod__Mqtt__Port:                       1883
      Hermod__Mqtt__UseTls:                     false
      Hermod__Mqtt__Tls__UseTls:                false
      Hermod__Mqtt__Username:                   <set to the key 'mqtt-username' in secret 'hermod-secrets'>  Optional: false
      Hermod__Mqtt__Password:                   <set to the key 'mqtt-password' in secret 'hermod-secrets'>  Optional: false
      Hermod__Database__ConnectionString:       Host=postgres;Port=5432;Database=hermod;Username=hermod_app
      Hermod__Database__Password:               <set to the key 'hermod-db-password' in secret 'hermod-db-credentials'>  Optional: false
      Hermod__Features__DeviceStateTracking:    true
      Hermod__Engine__LogBatchSize:             100
      Hermod__Engine__LogBatching:              true
      Hermod__Engine__Parallelism:              4
      Hermod__Features__MessagePersistence:     true
      Hermod__Features__RuleAuditLog:           true
      Hermod__Features__RuleCache:              true
      Hermod__Features__StatsRollup:            true
      Hermod__Storage__Mode:                    Postgres
      Logging__LogLevel__Hermod:                Information
      Logging__LogLevel__Microsoft.AspNetCore:  Warning
    Mounts:
      /var/run/secrets/kubernetes.io/serviceaccount from kube-api-access-wtnk2 (ro)
Conditions:
  Type                        Status
  PodReadyToStartContainers   True 
  Initialized                 True 
  Ready                       False 
  ContainersReady             False 
  PodScheduled                True 
Volumes:
  kube-api-access-wtnk2:
    Type:                    Projected (a volume that contains injected data from multiple sources)
    TokenExpirationSeconds:  3607
    ConfigMapName:           kube-root-ca.crt
    Optional:                false
    DownwardAPI:             true
QoS Class:                   Burstable
Node-Selectors:              <none>
Tolerations:                 node.kubernetes.io/not-ready:NoExecute op=Exists for 300s
                             node.kubernetes.io/unreachable:NoExecute op=Exists for 300s
Events:
  Type    Reason     Age   From               Message
  ----    ------     ----  ----               -------
  Normal  Scheduled  9s    default-scheduler  Successfully assigned coord-only/hermod-coordinator-8579dc9775-mwrpl to <pi-host>
  Normal  Pulled     9s    kubelet            spec.initContainers{wait-for-postgres}: Container image "busybox:1.36" already present on machine
  Normal  Created    9s    kubelet            spec.initContainers{wait-for-postgres}: Created container: wait-for-postgres
  Normal  Started    9s    kubelet            spec.initContainers{wait-for-postgres}: Started container wait-for-postgres
  Normal  Pulled     8s    kubelet            spec.initContainers{wait-for-nanomq}: Container image "busybox:1.36" already present on machine
  Normal  Created    8s    kubelet            spec.initContainers{wait-for-nanomq}: Created container: wait-for-nanomq
  Normal  Started    8s    kubelet            spec.initContainers{wait-for-nanomq}: Started container wait-for-nanomq
  Normal  Pulled     7s    kubelet            spec.containers{hermod-coordinator}: Container image "hermod-coordinator:latest" already present on machine
  Normal  Created    7s    kubelet            spec.containers{hermod-coordinator}: Created container: hermod-coordinator
  Normal  Started    7s    kubelet            spec.containers{hermod-coordinator}: Started container hermod-coordinator


Name:             nanomq-7b9d5cfb76-w2sdx
Namespace:        coord-only
Priority:         0
Service Account:  default
Node:             <pi-host>/<pi-ip>
Start Time:       Mon, 27 Apr 2026 06:29:20 +0200
Labels:           app=nanomq
                  pod-template-hash=7b9d5cfb76
Annotations:      cni.projectcalico.org/containerID: bb4b0d09336be8e739726639a4a83b5dcfe1cade09505fa080f679230fc99668
                  cni.projectcalico.org/podIP: <pod-ip>/32
                  cni.projectcalico.org/podIPs: <pod-ip>/32
                  kubectl.kubernetes.io/restartedAt: 2026-04-27T06:29:18+02:00
Status:           Running
IP:               <pod-ip>
IPs:
  IP:           <pod-ip>
Controlled By:  ReplicaSet/nanomq-7b9d5cfb76
Containers:
  nanomq:
    Container ID:   containerd://e7de3c40b2fd239465a5ecda57757fe6f51589f2efc8974e7ef9d2f738eedcf1
    Image:          emqx/nanomq:0.21-slim
    Image ID:       docker.io/emqx/nanomq@sha256:53bea7acb547aced1cc45e08c514628f1e41c4da9ad544fd8c5fa96d3e9eb41b
    Ports:          1883/TCP (mqtt), 8081/TCP (http)
    Host Ports:     0/TCP (mqtt), 0/TCP (http)
    State:          Running
      Started:      Mon, 27 Apr 2026 06:29:21 +0200
    Ready:          True
    Restart Count:  0
    Limits:
      cpu:     1
      memory:  512Mi
    Requests:
      cpu:        50m
      memory:     64Mi
    Liveness:     tcp-socket :1883 delay=10s timeout=1s period=10s #success=1 #failure=3
    Readiness:    tcp-socket :1883 delay=3s timeout=1s period=5s #success=1 #failure=3
    Environment:  <none>
    Mounts:
      /etc/nanomq.conf from config (rw,path="nanomq.conf")
      /var/run/secrets/kubernetes.io/serviceaccount from kube-api-access-czxfg (ro)
Conditions:
  Type                        Status
  PodReadyToStartContainers   True 
  Initialized                 True 
  Ready                       True 
  ContainersReady             True 
  PodScheduled                True 
Volumes:
  config:
    Type:      ConfigMap (a volume populated by a ConfigMap)
    Name:      nanomq-config
    Optional:  false
  kube-api-access-czxfg:
    Type:                    Projected (a volume that contains injected data from multiple sources)
    TokenExpirationSeconds:  3607
    ConfigMapName:           kube-root-ca.crt
    Optional:                false
    DownwardAPI:             true
QoS Class:                   Burstable
Node-Selectors:              <none>
Tolerations:                 node.kubernetes.io/not-ready:NoExecute op=Exists for 300s
                             node.kubernetes.io/unreachable:NoExecute op=Exists for 300s
Events:
  Type    Reason     Age   From               Message
  ----    ------     ----  ----               -------
  Normal  Scheduled  27s   default-scheduler  Successfully assigned coord-only/nanomq-7b9d5cfb76-w2sdx to <pi-host>
  Normal  Pulled     27s   kubelet            spec.containers{nanomq}: Container image "emqx/nanomq:0.21-slim" already present on machine
  Normal  Created    27s   kubelet            spec.containers{nanomq}: Created container: nanomq
  Normal  Started    27s   kubelet            spec.containers{nanomq}: Started container nanomq


Name:             postgres-0
Namespace:        coord-only
Priority:         0
Service Account:  default
Node:             <pi-host>/<pi-ip>
Start Time:       Mon, 27 Apr 2026 04:16:57 +0200
Labels:           app=postgres
                  apps.kubernetes.io/pod-index=0
                  controller-revision-hash=postgres-6497897965
                  statefulset.kubernetes.io/pod-name=postgres-0
Annotations:      cni.projectcalico.org/containerID: 69fb4823b666d3d2a1395c00ab9b26a33337431372918fb41d9f85f42d91a056
                  cni.projectcalico.org/podIP: <pod-ip>/32
                  cni.projectcalico.org/podIPs: <pod-ip>/32
Status:           Running
IP:               <pod-ip>
IPs:
  IP:           <pod-ip>
Controlled By:  StatefulSet/postgres
Containers:
  postgres:
    Container ID:  containerd://adf8585ccc9b705cf0261f22f8e1c254a24670c72b998bb7a052f31e3a5ae5be
    Image:         postgres:17-alpine
    Image ID:      docker.io/library/postgres@sha256:778d0b486d6daa02b77434d0358ec57a1b21fd8b6d22ac2eef56a33e816928f6
    Port:          5432/TCP
    Host Port:     0/TCP
    Args:
      -c
      shared_buffers=256MB
      -c
      max_connections=200
      -c
      work_mem=16MB
    State:          Running
      Started:      Mon, 27 Apr 2026 04:16:58 +0200
    Ready:          True
    Restart Count:  0
    Limits:
      cpu:     1500m
      memory:  1536Mi
    Requests:
      cpu:      100m
      memory:   256Mi
    Liveness:   exec [pg_isready -U postgres] delay=30s timeout=1s period=10s #success=1 #failure=3
    Readiness:  exec [pg_isready -U postgres] delay=5s timeout=1s period=5s #success=1 #failure=3
    Environment:
      POSTGRES_DB:        postgres
      POSTGRES_USER:      postgres
      POSTGRES_PASSWORD:  <set to the key 'postgres-superuser-password' in secret 'hermod-secrets'>  Optional: false
    Mounts:
      /docker-entrypoint-initdb.d from init (rw)
      /var/lib/postgresql/data from data (rw)
      /var/run/secrets/kubernetes.io/serviceaccount from kube-api-access-79j56 (ro)
Conditions:
  Type                        Status
  PodReadyToStartContainers   True 
  Initialized                 True 
  Ready                       True 
  ContainersReady             True 
  PodScheduled                True 
Volumes:
  data:
    Type:       PersistentVolumeClaim (a reference to a PersistentVolumeClaim in the same namespace)
    ClaimName:  data-postgres-0
    ReadOnly:   false
  init:
    Type:      ConfigMap (a volume populated by a ConfigMap)
    Name:      postgres-init
    Optional:  false
  kube-api-access-79j56:
    Type:                    Projected (a volume that contains injected data from multiple sources)
    TokenExpirationSeconds:  3607
    ConfigMapName:           kube-root-ca.crt
    Optional:                false
    DownwardAPI:             true
QoS Class:                   Burstable
Node-Selectors:              <none>
Tolerations:                 node.kubernetes.io/not-ready:NoExecute op=Exists for 300s
                             node.kubernetes.io/unreachable:NoExecute op=Exists for 300s
Events:                      <none>

=== ts=1777264199 ===
Name:             hermod-coordinator-8579dc9775-mwrpl
Namespace:        coord-only
Priority:         0
Service Account:  default
Node:             <pi-host>/<pi-ip>
Start Time:       Mon, 27 Apr 2026 06:29:38 +0200
Labels:           app=hermod-coordinator
                  pod-template-hash=8579dc9775
Annotations:      cni.projectcalico.org/containerID: eadab08ac5b72f5cadaf58830e11afc3f665e711f6c228131bb6827b999cb694
                  cni.projectcalico.org/podIP: <pod-ip>/32
                  cni.projectcalico.org/podIPs: <pod-ip>/32
                  kubectl.kubernetes.io/restartedAt: 2026-04-27T06:29:18+02:00
Status:           Running
IP:               <pod-ip>
IPs:
  IP:           <pod-ip>
Controlled By:  ReplicaSet/hermod-coordinator-8579dc9775
Init Containers:
  wait-for-postgres:
    Container ID:  containerd://8b962abcdd328d17f7d00a643e7b344e2d1ded4582d4f2c0199e1131728b2f19
    Image:         busybox:1.36
    Image ID:      docker.io/library/busybox@sha256:73aaf090f3d85aa34ee199857f03fa3a95c8ede2ffd4cc2cdb5b94e566b11662
    Port:          <none>
    Host Port:     <none>
    Command:
      sh
      -c
      until nc -z postgres 5432; do sleep 2; done
    State:          Terminated
      Reason:       Completed
      Exit Code:    0
      Started:      Mon, 27 Apr 2026 06:29:39 +0200
      Finished:     Mon, 27 Apr 2026 06:29:39 +0200
    Ready:          True
    Restart Count:  0
    Environment:
      Hermod__Features__DeviceStateTracking:    true
      Hermod__Engine__LogBatchSize:             100
      Hermod__Engine__LogBatching:              true
      Hermod__Engine__Parallelism:              4
      Hermod__Features__MessagePersistence:     true
      Hermod__Features__RuleAuditLog:           true
      Hermod__Features__RuleCache:              true
      Hermod__Features__StatsRollup:            true
      Hermod__Storage__Mode:                    Postgres
      Logging__LogLevel__Hermod:                Information
      Logging__LogLevel__Microsoft.AspNetCore:  Warning
    Mounts:
      /var/run/secrets/kubernetes.io/serviceaccount from kube-api-access-wtnk2 (ro)
  wait-for-nanomq:
    Container ID:  containerd://12bf96af3da24d83bacf725ce21f7315f4cff75dbabff0ebe509b5717eda819d
    Image:         busybox:1.36
    Image ID:      docker.io/library/busybox@sha256:73aaf090f3d85aa34ee199857f03fa3a95c8ede2ffd4cc2cdb5b94e566b11662
    Port:          <none>
    Host Port:     <none>
    Command:
      sh
      -c
      until nc -z nanomq 1883; do sleep 2; done
    State:          Terminated
      Reason:       Completed
      Exit Code:    0
      Started:      Mon, 27 Apr 2026 06:29:40 +0200
      Finished:     Mon, 27 Apr 2026 06:29:40 +0200
    Ready:          True
    Restart Count:  0
    Environment:
      Hermod__Features__DeviceStateTracking:    true
      Hermod__Engine__LogBatchSize:             100
      Hermod__Engine__LogBatching:              true
      Hermod__Engine__Parallelism:              4
      Hermod__Features__MessagePersistence:     true
      Hermod__Features__RuleAuditLog:           true
      Hermod__Features__RuleCache:              true
      Hermod__Features__StatsRollup:            true
      Hermod__Storage__Mode:                    Postgres
      Logging__LogLevel__Hermod:                Information
      Logging__LogLevel__Microsoft.AspNetCore:  Warning
    Mounts:
      /var/run/secrets/kubernetes.io/serviceaccount from kube-api-access-wtnk2 (ro)
Containers:
  hermod-coordinator:
    Container ID:   containerd://77455bc8c4f225ec4eade18958b5943f029403fe678ab5938f7b4f311cf88123
    Image:          hermod-coordinator:latest
    Image ID:       sha256:ca91ccdfcd269dd5e4e25d5ffe8d863ca5db57e5c4f62f08c8adf90d23c15eaf
    Port:           42069/TCP (http)
    Host Port:      0/TCP (http)
    State:          Running
      Started:      Mon, 27 Apr 2026 06:29:41 +0200
    Ready:          True
    Restart Count:  0
    Limits:
      cpu:     1500m
      memory:  1536Mi
    Requests:
      cpu:      200m
      memory:   256Mi
    Liveness:   http-get http://:42069/healthz delay=60s timeout=1s period=30s #success=1 #failure=3
    Readiness:  http-get http://:42069/healthz/ready delay=5s timeout=1s period=10s #success=1 #failure=3
    Startup:    http-get http://:42069/healthz delay=0s timeout=1s period=5s #success=1 #failure=30
    Environment:
      ASPNETCORE_ENVIRONMENT:                   Production
      ASPNETCORE_URLS:                          http://+:42069
      DOTNET_USE_POLLING_FILE_WATCHER:          true
      Hermod__Security__AuthBypass:             true
      Hermod__Security__VaultRequireHttps:      false
      Hermod__Features__MetricsEndpoint:        true
      Hermod__Dev__Endpoints:                   true
      Hermod__Mqtt__Host:                       nanomq
      Hermod__Mqtt__Port:                       1883
      Hermod__Mqtt__UseTls:                     false
      Hermod__Mqtt__Tls__UseTls:                false
      Hermod__Mqtt__Username:                   <set to the key 'mqtt-username' in secret 'hermod-secrets'>  Optional: false
      Hermod__Mqtt__Password:                   <set to the key 'mqtt-password' in secret 'hermod-secrets'>  Optional: false
      Hermod__Database__ConnectionString:       Host=postgres;Port=5432;Database=hermod;Username=hermod_app
      Hermod__Database__Password:               <set to the key 'hermod-db-password' in secret 'hermod-db-credentials'>  Optional: false
      Hermod__Features__DeviceStateTracking:    true
      Hermod__Engine__LogBatchSize:             100
      Hermod__Engine__LogBatching:              true
      Hermod__Engine__Parallelism:              4
      Hermod__Features__MessagePersistence:     true
      Hermod__Features__RuleAuditLog:           true
      Hermod__Features__RuleCache:              true
      Hermod__Features__StatsRollup:            true
      Hermod__Storage__Mode:                    Postgres
      Logging__LogLevel__Hermod:                Information
      Logging__LogLevel__Microsoft.AspNetCore:  Warning
    Mounts:
      /var/run/secrets/kubernetes.io/serviceaccount from kube-api-access-wtnk2 (ro)
Conditions:
  Type                        Status
  PodReadyToStartContainers   True 
  Initialized                 True 
  Ready                       True 
  ContainersReady             True 
  PodScheduled                True 
Volumes:
  kube-api-access-wtnk2:
    Type:                    Projected (a volume that contains injected data from multiple sources)
    TokenExpirationSeconds:  3607
    ConfigMapName:           kube-root-ca.crt
    Optional:                false
    DownwardAPI:             true
QoS Class:                   Burstable
Node-Selectors:              <none>
Tolerations:                 node.kubernetes.io/not-ready:NoExecute op=Exists for 300s
                             node.kubernetes.io/unreachable:NoExecute op=Exists for 300s
Events:
  Type    Reason     Age   From               Message
  ----    ------     ----  ----               -------
  Normal  Scheduled  21s   default-scheduler  Successfully assigned coord-only/hermod-coordinator-8579dc9775-mwrpl to <pi-host>
  Normal  Pulled     20s   kubelet            spec.initContainers{wait-for-postgres}: Container image "busybox:1.36" already present on machine
  Normal  Created    20s   kubelet            spec.initContainers{wait-for-postgres}: Created container: wait-for-postgres
  Normal  Started    20s   kubelet            spec.initContainers{wait-for-postgres}: Started container wait-for-postgres
  Normal  Pulled     19s   kubelet            spec.initContainers{wait-for-nanomq}: Container image "busybox:1.36" already present on machine
  Normal  Created    19s   kubelet            spec.initContainers{wait-for-nanomq}: Created container: wait-for-nanomq
  Normal  Started    19s   kubelet            spec.initContainers{wait-for-nanomq}: Started container wait-for-nanomq
  Normal  Pulled     18s   kubelet            spec.containers{hermod-coordinator}: Container image "hermod-coordinator:latest" already present on machine
  Normal  Created    18s   kubelet            spec.containers{hermod-coordinator}: Created container: hermod-coordinator
  Normal  Started    18s   kubelet            spec.containers{hermod-coordinator}: Started container hermod-coordinator


Name:             nanomq-7b9d5cfb76-w2sdx
Namespace:        coord-only
Priority:         0
Service Account:  default
Node:             <pi-host>/<pi-ip>
Start Time:       Mon, 27 Apr 2026 06:29:20 +0200
Labels:           app=nanomq
                  pod-template-hash=7b9d5cfb76
Annotations:      cni.projectcalico.org/containerID: bb4b0d09336be8e739726639a4a83b5dcfe1cade09505fa080f679230fc99668
                  cni.projectcalico.org/podIP: <pod-ip>/32
                  cni.projectcalico.org/podIPs: <pod-ip>/32
                  kubectl.kubernetes.io/restartedAt: 2026-04-27T06:29:18+02:00
Status:           Running
IP:               <pod-ip>
IPs:
  IP:           <pod-ip>
Controlled By:  ReplicaSet/nanomq-7b9d5cfb76
Containers:
  nanomq:
    Container ID:   containerd://e7de3c40b2fd239465a5ecda57757fe6f51589f2efc8974e7ef9d2f738eedcf1
    Image:          emqx/nanomq:0.21-slim
    Image ID:       docker.io/emqx/nanomq@sha256:53bea7acb547aced1cc45e08c514628f1e41c4da9ad544fd8c5fa96d3e9eb41b
    Ports:          1883/TCP (mqtt), 8081/TCP (http)
    Host Ports:     0/TCP (mqtt), 0/TCP (http)
    State:          Running
      Started:      Mon, 27 Apr 2026 06:29:21 +0200
    Ready:          True
    Restart Count:  0
    Limits:
      cpu:     1
      memory:  512Mi
    Requests:
      cpu:        50m
      memory:     64Mi
    Liveness:     tcp-socket :1883 delay=10s timeout=1s period=10s #success=1 #failure=3
    Readiness:    tcp-socket :1883 delay=3s timeout=1s period=5s #success=1 #failure=3
    Environment:  <none>
    Mounts:
      /etc/nanomq.conf from config (rw,path="nanomq.conf")
      /var/run/secrets/kubernetes.io/serviceaccount from kube-api-access-czxfg (ro)
Conditions:
  Type                        Status
  PodReadyToStartContainers   True 
  Initialized                 True 
  Ready                       True 
  ContainersReady             True 
  PodScheduled                True 
Volumes:
  config:
    Type:      ConfigMap (a volume populated by a ConfigMap)
    Name:      nanomq-config
    Optional:  false
  kube-api-access-czxfg:
    Type:                    Projected (a volume that contains injected data from multiple sources)
    TokenExpirationSeconds:  3607
    ConfigMapName:           kube-root-ca.crt
    Optional:                false
    DownwardAPI:             true
QoS Class:                   Burstable
Node-Selectors:              <none>
Tolerations:                 node.kubernetes.io/not-ready:NoExecute op=Exists for 300s
                             node.kubernetes.io/unreachable:NoExecute op=Exists for 300s
Events:
  Type    Reason     Age   From               Message
  ----    ------     ----  ----               -------
  Normal  Scheduled  39s   default-scheduler  Successfully assigned coord-only/nanomq-7b9d5cfb76-w2sdx to <pi-host>
  Normal  Pulled     38s   kubelet            spec.containers{nanomq}: Container image "emqx/nanomq:0.21-slim" already present on machine
  Normal  Created    38s   kubelet            spec.containers{nanomq}: Created container: nanomq
  Normal  Started    38s   kubelet            spec.containers{nanomq}: Started container nanomq


Name:             postgres-0
Namespace:        coord-only
Priority:         0
Service Account:  default
Node:             <pi-host>/<pi-ip>
Start Time:       Mon, 27 Apr 2026 04:16:57 +0200
Labels:           app=postgres
                  apps.kubernetes.io/pod-index=0
                  controller-revision-hash=postgres-6497897965
                  statefulset.kubernetes.io/pod-name=postgres-0
Annotations:      cni.projectcalico.org/containerID: 69fb4823b666d3d2a1395c00ab9b26a33337431372918fb41d9f85f42d91a056
                  cni.projectcalico.org/podIP: <pod-ip>/32
                  cni.projectcalico.org/podIPs: <pod-ip>/32
Status:           Running
IP:               <pod-ip>
IPs:
  IP:           <pod-ip>
Controlled By:  StatefulSet/postgres
Containers:
  postgres:
    Container ID:  containerd://adf8585ccc9b705cf0261f22f8e1c254a24670c72b998bb7a052f31e3a5ae5be
    Image:         postgres:17-alpine
    Image ID:      docker.io/library/postgres@sha256:778d0b486d6daa02b77434d0358ec57a1b21fd8b6d22ac2eef56a33e816928f6
    Port:          5432/TCP
    Host Port:     0/TCP
    Args:
      -c
      shared_buffers=256MB
      -c
      max_connections=200
      -c
      work_mem=16MB
    State:          Running
      Started:      Mon, 27 Apr 2026 04:16:58 +0200
    Ready:          True
    Restart Count:  0
    Limits:
      cpu:     1500m
      memory:  1536Mi
    Requests:
      cpu:      100m
      memory:   256Mi
    Liveness:   exec [pg_isready -U postgres] delay=30s timeout=1s period=10s #success=1 #failure=3
    Readiness:  exec [pg_isready -U postgres] delay=5s timeout=1s period=5s #success=1 #failure=3
    Environment:
      POSTGRES_DB:        postgres
      POSTGRES_USER:      postgres
      POSTGRES_PASSWORD:  <set to the key 'postgres-superuser-password' in secret 'hermod-secrets'>  Optional: false
    Mounts:
      /docker-entrypoint-initdb.d from init (rw)
      /var/lib/postgresql/data from data (rw)
      /var/run/secrets/kubernetes.io/serviceaccount from kube-api-access-79j56 (ro)
Conditions:
  Type                        Status
  PodReadyToStartContainers   True 
  Initialized                 True 
  Ready                       True 
  ContainersReady             True 
  PodScheduled                True 
Volumes:
  data:
    Type:       PersistentVolumeClaim (a reference to a PersistentVolumeClaim in the same namespace)
    ClaimName:  data-postgres-0
    ReadOnly:   false
  init:
    Type:      ConfigMap (a volume populated by a ConfigMap)
    Name:      postgres-init
    Optional:  false
  kube-api-access-79j56:
    Type:                    Projected (a volume that contains injected data from multiple sources)
    TokenExpirationSeconds:  3607
    ConfigMapName:           kube-root-ca.crt
    Optional:                false
    DownwardAPI:             true
QoS Class:                   Burstable
Node-Selectors:              <none>
Tolerations:                 node.kubernetes.io/not-ready:NoExecute op=Exists for 300s
                             node.kubernetes.io/unreachable:NoExecute op=Exists for 300s
Events:                      <none>

=== ts=1777264210 ===
Name:             hermod-coordinator-8579dc9775-mwrpl
Namespace:        coord-only
Priority:         0
Service Account:  default
Node:             <pi-host>/<pi-ip>
Start Time:       Mon, 27 Apr 2026 06:29:38 +0200
Labels:           app=hermod-coordinator
                  pod-template-hash=8579dc9775
Annotations:      cni.projectcalico.org/containerID: eadab08ac5b72f5cadaf58830e11afc3f665e711f6c228131bb6827b999cb694
                  cni.projectcalico.org/podIP: <pod-ip>/32
                  cni.projectcalico.org/podIPs: <pod-ip>/32
                  kubectl.kubernetes.io/restartedAt: 2026-04-27T06:29:18+02:00
Status:           Running
IP:               <pod-ip>
IPs:
  IP:           <pod-ip>
Controlled By:  ReplicaSet/hermod-coordinator-8579dc9775
Init Containers:
  wait-for-postgres:
    Container ID:  containerd://8b962abcdd328d17f7d00a643e7b344e2d1ded4582d4f2c0199e1131728b2f19
    Image:         busybox:1.36
    Image ID:      docker.io/library/busybox@sha256:73aaf090f3d85aa34ee199857f03fa3a95c8ede2ffd4cc2cdb5b94e566b11662
    Port:          <none>
    Host Port:     <none>
    Command:
      sh
      -c
      until nc -z postgres 5432; do sleep 2; done
    State:          Terminated
      Reason:       Completed
      Exit Code:    0
      Started:      Mon, 27 Apr 2026 06:29:39 +0200
      Finished:     Mon, 27 Apr 2026 06:29:39 +0200
    Ready:          True
    Restart Count:  0
    Environment:
      Hermod__Features__DeviceStateTracking:    true
      Hermod__Engine__LogBatchSize:             100
      Hermod__Engine__LogBatching:              true
      Hermod__Engine__Parallelism:              4
      Hermod__Features__MessagePersistence:     true
      Hermod__Features__RuleAuditLog:           true
      Hermod__Features__RuleCache:              true
      Hermod__Features__StatsRollup:            true
      Hermod__Storage__Mode:                    Postgres
      Logging__LogLevel__Hermod:                Information
      Logging__LogLevel__Microsoft.AspNetCore:  Warning
    Mounts:
      /var/run/secrets/kubernetes.io/serviceaccount from kube-api-access-wtnk2 (ro)
  wait-for-nanomq:
    Container ID:  containerd://12bf96af3da24d83bacf725ce21f7315f4cff75dbabff0ebe509b5717eda819d
    Image:         busybox:1.36
    Image ID:      docker.io/library/busybox@sha256:73aaf090f3d85aa34ee199857f03fa3a95c8ede2ffd4cc2cdb5b94e566b11662
    Port:          <none>
    Host Port:     <none>
    Command:
      sh
      -c
      until nc -z nanomq 1883; do sleep 2; done
    State:          Terminated
      Reason:       Completed
      Exit Code:    0
      Started:      Mon, 27 Apr 2026 06:29:40 +0200
      Finished:     Mon, 27 Apr 2026 06:29:40 +0200
    Ready:          True
    Restart Count:  0
    Environment:
      Hermod__Features__DeviceStateTracking:    true
      Hermod__Engine__LogBatchSize:             100
      Hermod__Engine__LogBatching:              true
      Hermod__Engine__Parallelism:              4
      Hermod__Features__MessagePersistence:     true
      Hermod__Features__RuleAuditLog:           true
      Hermod__Features__RuleCache:              true
      Hermod__Features__StatsRollup:            true
      Hermod__Storage__Mode:                    Postgres
      Logging__LogLevel__Hermod:                Information
      Logging__LogLevel__Microsoft.AspNetCore:  Warning
    Mounts:
      /var/run/secrets/kubernetes.io/serviceaccount from kube-api-access-wtnk2 (ro)
Containers:
  hermod-coordinator:
    Container ID:   containerd://77455bc8c4f225ec4eade18958b5943f029403fe678ab5938f7b4f311cf88123
    Image:          hermod-coordinator:latest
    Image ID:       sha256:ca91ccdfcd269dd5e4e25d5ffe8d863ca5db57e5c4f62f08c8adf90d23c15eaf
    Port:           42069/TCP (http)
    Host Port:      0/TCP (http)
    State:          Running
      Started:      Mon, 27 Apr 2026 06:29:41 +0200
    Ready:          True
    Restart Count:  0
    Limits:
      cpu:     1500m
      memory:  1536Mi
    Requests:
      cpu:      200m
      memory:   256Mi
    Liveness:   http-get http://:42069/healthz delay=60s timeout=1s period=30s #success=1 #failure=3
    Readiness:  http-get http://:42069/healthz/ready delay=5s timeout=1s period=10s #success=1 #failure=3
    Startup:    http-get http://:42069/healthz delay=0s timeout=1s period=5s #success=1 #failure=30
    Environment:
      ASPNETCORE_ENVIRONMENT:                   Production
      ASPNETCORE_URLS:                          http://+:42069
      DOTNET_USE_POLLING_FILE_WATCHER:          true
      Hermod__Security__AuthBypass:             true
      Hermod__Security__VaultRequireHttps:      false
      Hermod__Features__MetricsEndpoint:        true
      Hermod__Dev__Endpoints:                   true
      Hermod__Mqtt__Host:                       nanomq
      Hermod__Mqtt__Port:                       1883
      Hermod__Mqtt__UseTls:                     false
      Hermod__Mqtt__Tls__UseTls:                false
      Hermod__Mqtt__Username:                   <set to the key 'mqtt-username' in secret 'hermod-secrets'>  Optional: false
      Hermod__Mqtt__Password:                   <set to the key 'mqtt-password' in secret 'hermod-secrets'>  Optional: false
      Hermod__Database__ConnectionString:       Host=postgres;Port=5432;Database=hermod;Username=hermod_app
      Hermod__Database__Password:               <set to the key 'hermod-db-password' in secret 'hermod-db-credentials'>  Optional: false
      Hermod__Features__DeviceStateTracking:    true
      Hermod__Engine__LogBatchSize:             100
      Hermod__Engine__LogBatching:              true
      Hermod__Engine__Parallelism:              4
      Hermod__Features__MessagePersistence:     true
      Hermod__Features__RuleAuditLog:           true
      Hermod__Features__RuleCache:              true
      Hermod__Features__StatsRollup:            true
      Hermod__Storage__Mode:                    Postgres
      Logging__LogLevel__Hermod:                Information
      Logging__LogLevel__Microsoft.AspNetCore:  Warning
    Mounts:
      /var/run/secrets/kubernetes.io/serviceaccount from kube-api-access-wtnk2 (ro)
Conditions:
  Type                        Status
  PodReadyToStartContainers   True 
  Initialized                 True 
  Ready                       True 
  ContainersReady             True 
  PodScheduled                True 
Volumes:
  kube-api-access-wtnk2:
    Type:                    Projected (a volume that contains injected data from multiple sources)
    TokenExpirationSeconds:  3607
    ConfigMapName:           kube-root-ca.crt
    Optional:                false
    DownwardAPI:             true
QoS Class:                   Burstable
Node-Selectors:              <none>
Tolerations:                 node.kubernetes.io/not-ready:NoExecute op=Exists for 300s
                             node.kubernetes.io/unreachable:NoExecute op=Exists for 300s
Events:
  Type    Reason     Age   From               Message
  ----    ------     ----  ----               -------
  Normal  Scheduled  32s   default-scheduler  Successfully assigned coord-only/hermod-coordinator-8579dc9775-mwrpl to <pi-host>
  Normal  Pulled     31s   kubelet            spec.initContainers{wait-for-postgres}: Container image "busybox:1.36" already present on machine
  Normal  Created    31s   kubelet            spec.initContainers{wait-for-postgres}: Created container: wait-for-postgres
  Normal  Started    31s   kubelet            spec.initContainers{wait-for-postgres}: Started container wait-for-postgres
  Normal  Pulled     30s   kubelet            spec.initContainers{wait-for-nanomq}: Container image "busybox:1.36" already present on machine
  Normal  Created    30s   kubelet            spec.initContainers{wait-for-nanomq}: Created container: wait-for-nanomq
  Normal  Started    30s   kubelet            spec.initContainers{wait-for-nanomq}: Started container wait-for-nanomq
  Normal  Pulled     29s   kubelet            spec.containers{hermod-coordinator}: Container image "hermod-coordinator:latest" already present on machine
  Normal  Created    29s   kubelet            spec.containers{hermod-coordinator}: Created container: hermod-coordinator
  Normal  Started    29s   kubelet            spec.containers{hermod-coordinator}: Started container hermod-coordinator


Name:             nanomq-7b9d5cfb76-w2sdx
Namespace:        coord-only
Priority:         0
Service Account:  default
Node:             <pi-host>/<pi-ip>
Start Time:       Mon, 27 Apr 2026 06:29:20 +0200
Labels:           app=nanomq
                  pod-template-hash=7b9d5cfb76
Annotations:      cni.projectcalico.org/containerID: bb4b0d09336be8e739726639a4a83b5dcfe1cade09505fa080f679230fc99668
                  cni.projectcalico.org/podIP: <pod-ip>/32
                  cni.projectcalico.org/podIPs: <pod-ip>/32
                  kubectl.kubernetes.io/restartedAt: 2026-04-27T06:29:18+02:00
Status:           Running
IP:               <pod-ip>
IPs:
  IP:           <pod-ip>
Controlled By:  ReplicaSet/nanomq-7b9d5cfb76
Containers:
  nanomq:
    Container ID:   containerd://e7de3c40b2fd239465a5ecda57757fe6f51589f2efc8974e7ef9d2f738eedcf1
    Image:          emqx/nanomq:0.21-slim
    Image ID:       docker.io/emqx/nanomq@sha256:53bea7acb547aced1cc45e08c514628f1e41c4da9ad544fd8c5fa96d3e9eb41b
    Ports:          1883/TCP (mqtt), 8081/TCP (http)
    Host Ports:     0/TCP (mqtt), 0/TCP (http)
    State:          Running
      Started:      Mon, 27 Apr 2026 06:29:21 +0200
    Ready:          True
    Restart Count:  0
    Limits:
      cpu:     1
      memory:  512Mi
    Requests:
      cpu:        50m
      memory:     64Mi
    Liveness:     tcp-socket :1883 delay=10s timeout=1s period=10s #success=1 #failure=3
    Readiness:    tcp-socket :1883 delay=3s timeout=1s period=5s #success=1 #failure=3
    Environment:  <none>
    Mounts:
      /etc/nanomq.conf from config (rw,path="nanomq.conf")
      /var/run/secrets/kubernetes.io/serviceaccount from kube-api-access-czxfg (ro)
Conditions:
  Type                        Status
  PodReadyToStartContainers   True 
  Initialized                 True 
  Ready                       True 
  ContainersReady             True 
  PodScheduled                True 
Volumes:
  config:
    Type:      ConfigMap (a volume populated by a ConfigMap)
    Name:      nanomq-config
    Optional:  false
  kube-api-access-czxfg:
    Type:                    Projected (a volume that contains injected data from multiple sources)
    TokenExpirationSeconds:  3607
    ConfigMapName:           kube-root-ca.crt
    Optional:                false
    DownwardAPI:             true
QoS Class:                   Burstable
Node-Selectors:              <none>
Tolerations:                 node.kubernetes.io/not-ready:NoExecute op=Exists for 300s
                             node.kubernetes.io/unreachable:NoExecute op=Exists for 300s
Events:
  Type    Reason     Age   From               Message
  ----    ------     ----  ----               -------
  Normal  Scheduled  50s   default-scheduler  Successfully assigned coord-only/nanomq-7b9d5cfb76-w2sdx to <pi-host>
  Normal  Pulled     50s   kubelet            spec.containers{nanomq}: Container image "emqx/nanomq:0.21-slim" already present on machine
  Normal  Created    50s   kubelet            spec.containers{nanomq}: Created container: nanomq
  Normal  Started    50s   kubelet            spec.containers{nanomq}: Started container nanomq


Name:             postgres-0
Namespace:        coord-only
Priority:         0
Service Account:  default
Node:             <pi-host>/<pi-ip>
Start Time:       Mon, 27 Apr 2026 04:16:57 +0200
Labels:           app=postgres
                  apps.kubernetes.io/pod-index=0
                  controller-revision-hash=postgres-6497897965
                  statefulset.kubernetes.io/pod-name=postgres-0
Annotations:      cni.projectcalico.org/containerID: 69fb4823b666d3d2a1395c00ab9b26a33337431372918fb41d9f85f42d91a056
                  cni.projectcalico.org/podIP: <pod-ip>/32
                  cni.projectcalico.org/podIPs: <pod-ip>/32
Status:           Running
IP:               <pod-ip>
IPs:
  IP:           <pod-ip>
Controlled By:  StatefulSet/postgres
Containers:
  postgres:
    Container ID:  containerd://adf8585ccc9b705cf0261f22f8e1c254a24670c72b998bb7a052f31e3a5ae5be
    Image:         postgres:17-alpine
    Image ID:      docker.io/library/postgres@sha256:778d0b486d6daa02b77434d0358ec57a1b21fd8b6d22ac2eef56a33e816928f6
    Port:          5432/TCP
    Host Port:     0/TCP
    Args:
      -c
      shared_buffers=256MB
      -c
      max_connections=200
      -c
      work_mem=16MB
    State:          Running
      Started:      Mon, 27 Apr 2026 04:16:58 +0200
    Ready:          True
    Restart Count:  0
    Limits:
      cpu:     1500m
      memory:  1536Mi
    Requests:
      cpu:      100m
      memory:   256Mi
    Liveness:   exec [pg_isready -U postgres] delay=30s timeout=1s period=10s #success=1 #failure=3
    Readiness:  exec [pg_isready -U postgres] delay=5s timeout=1s period=5s #success=1 #failure=3
    Environment:
      POSTGRES_DB:        postgres
      POSTGRES_USER:      postgres
      POSTGRES_PASSWORD:  <set to the key 'postgres-superuser-password' in secret 'hermod-secrets'>  Optional: false
    Mounts:
      /docker-entrypoint-initdb.d from init (rw)
      /var/lib/postgresql/data from data (rw)
      /var/run/secrets/kubernetes.io/serviceaccount from kube-api-access-79j56 (ro)
Conditions:
  Type                        Status
  PodReadyToStartContainers   True 
  Initialized                 True 
  Ready                       True 
  ContainersReady             True 
  PodScheduled                True 
Volumes:
  data:
    Type:       PersistentVolumeClaim (a reference to a PersistentVolumeClaim in the same namespace)
    ClaimName:  data-postgres-0
    ReadOnly:   false
  init:
    Type:      ConfigMap (a volume populated by a ConfigMap)
    Name:      postgres-init
    Optional:  false
  kube-api-access-79j56:
    Type:                    Projected (a volume that contains injected data from multiple sources)
    TokenExpirationSeconds:  3607
    ConfigMapName:           kube-root-ca.crt
    Optional:                false
    DownwardAPI:             true
QoS Class:                   Burstable
Node-Selectors:              <none>
Tolerations:                 node.kubernetes.io/not-ready:NoExecute op=Exists for 300s
                             node.kubernetes.io/unreachable:NoExecute op=Exists for 300s
Events:                      <none>

=== ts=1777264222 ===
Name:             hermod-coordinator-8579dc9775-mwrpl
Namespace:        coord-only
Priority:         0
Service Account:  default
Node:             <pi-host>/<pi-ip>
Start Time:       Mon, 27 Apr 2026 06:29:38 +0200
Labels:           app=hermod-coordinator
                  pod-template-hash=8579dc9775
Annotations:      cni.projectcalico.org/containerID: eadab08ac5b72f5cadaf58830e11afc3f665e711f6c228131bb6827b999cb694
                  cni.projectcalico.org/podIP: <pod-ip>/32
                  cni.projectcalico.org/podIPs: <pod-ip>/32
                  kubectl.kubernetes.io/restartedAt: 2026-04-27T06:29:18+02:00
Status:           Running
IP:               <pod-ip>
IPs:
  IP:           <pod-ip>
Controlled By:  ReplicaSet/hermod-coordinator-8579dc9775
Init Containers:
  wait-for-postgres:
    Container ID:  containerd://8b962abcdd328d17f7d00a643e7b344e2d1ded4582d4f2c0199e1131728b2f19
    Image:         busybox:1.36
    Image ID:      docker.io/library/busybox@sha256:73aaf090f3d85aa34ee199857f03fa3a95c8ede2ffd4cc2cdb5b94e566b11662
    Port:          <none>
    Host Port:     <none>
    Command:
      sh
      -c
      until nc -z postgres 5432; do sleep 2; done
    State:          Terminated
      Reason:       Completed
      Exit Code:    0
      Started:      Mon, 27 Apr 2026 06:29:39 +0200
      Finished:     Mon, 27 Apr 2026 06:29:39 +0200
    Ready:          True
    Restart Count:  0
    Environment:
      Hermod__Features__DeviceStateTracking:    true
      Hermod__Engine__LogBatchSize:             100
      Hermod__Engine__LogBatching:              true
      Hermod__Engine__Parallelism:              4
      Hermod__Features__MessagePersistence:     true
      Hermod__Features__RuleAuditLog:           true
      Hermod__Features__RuleCache:              true
      Hermod__Features__StatsRollup:            true
      Hermod__Storage__Mode:                    Postgres
      Logging__LogLevel__Hermod:                Information
      Logging__LogLevel__Microsoft.AspNetCore:  Warning
    Mounts:
      /var/run/secrets/kubernetes.io/serviceaccount from kube-api-access-wtnk2 (ro)
  wait-for-nanomq:
    Container ID:  containerd://12bf96af3da24d83bacf725ce21f7315f4cff75dbabff0ebe509b5717eda819d
    Image:         busybox:1.36
    Image ID:      docker.io/library/busybox@sha256:73aaf090f3d85aa34ee199857f03fa3a95c8ede2ffd4cc2cdb5b94e566b11662
    Port:          <none>
    Host Port:     <none>
    Command:
      sh
      -c
      until nc -z nanomq 1883; do sleep 2; done
    State:          Terminated
      Reason:       Completed
      Exit Code:    0
      Started:      Mon, 27 Apr 2026 06:29:40 +0200
      Finished:     Mon, 27 Apr 2026 06:29:40 +0200
    Ready:          True
    Restart Count:  0
    Environment:
      Hermod__Features__DeviceStateTracking:    true
      Hermod__Engine__LogBatchSize:             100
      Hermod__Engine__LogBatching:              true
      Hermod__Engine__Parallelism:              4
      Hermod__Features__MessagePersistence:     true
      Hermod__Features__RuleAuditLog:           true
      Hermod__Features__RuleCache:              true
      Hermod__Features__StatsRollup:            true
      Hermod__Storage__Mode:                    Postgres
      Logging__LogLevel__Hermod:                Information
      Logging__LogLevel__Microsoft.AspNetCore:  Warning
    Mounts:
      /var/run/secrets/kubernetes.io/serviceaccount from kube-api-access-wtnk2 (ro)
Containers:
  hermod-coordinator:
    Container ID:   containerd://77455bc8c4f225ec4eade18958b5943f029403fe678ab5938f7b4f311cf88123
    Image:          hermod-coordinator:latest
    Image ID:       sha256:ca91ccdfcd269dd5e4e25d5ffe8d863ca5db57e5c4f62f08c8adf90d23c15eaf
    Port:           42069/TCP (http)
    Host Port:      0/TCP (http)
    State:          Running
      Started:      Mon, 27 Apr 2026 06:29:41 +0200
    Ready:          True
    Restart Count:  0
    Limits:
      cpu:     1500m
      memory:  1536Mi
    Requests:
      cpu:      200m
      memory:   256Mi
    Liveness:   http-get http://:42069/healthz delay=60s timeout=1s period=30s #success=1 #failure=3
    Readiness:  http-get http://:42069/healthz/ready delay=5s timeout=1s period=10s #success=1 #failure=3
    Startup:    http-get http://:42069/healthz delay=0s timeout=1s period=5s #success=1 #failure=30
    Environment:
      ASPNETCORE_ENVIRONMENT:                   Production
      ASPNETCORE_URLS:                          http://+:42069
      DOTNET_USE_POLLING_FILE_WATCHER:          true
      Hermod__Security__AuthBypass:             true
      Hermod__Security__VaultRequireHttps:      false
      Hermod__Features__MetricsEndpoint:        true
      Hermod__Dev__Endpoints:                   true
      Hermod__Mqtt__Host:                       nanomq
      Hermod__Mqtt__Port:                       1883
      Hermod__Mqtt__UseTls:                     false
      Hermod__Mqtt__Tls__UseTls:                false
      Hermod__Mqtt__Username:                   <set to the key 'mqtt-username' in secret 'hermod-secrets'>  Optional: false
      Hermod__Mqtt__Password:                   <set to the key 'mqtt-password' in secret 'hermod-secrets'>  Optional: false
      Hermod__Database__ConnectionString:       Host=postgres;Port=5432;Database=hermod;Username=hermod_app
      Hermod__Database__Password:               <set to the key 'hermod-db-password' in secret 'hermod-db-credentials'>  Optional: false
      Hermod__Features__DeviceStateTracking:    true
      Hermod__Engine__LogBatchSize:             100
      Hermod__Engine__LogBatching:              true
      Hermod__Engine__Parallelism:              4
      Hermod__Features__MessagePersistence:     true
      Hermod__Features__RuleAuditLog:           true
      Hermod__Features__RuleCache:              true
      Hermod__Features__StatsRollup:            true
      Hermod__Storage__Mode:                    Postgres
      Logging__LogLevel__Hermod:                Information
      Logging__LogLevel__Microsoft.AspNetCore:  Warning
    Mounts:
      /var/run/secrets/kubernetes.io/serviceaccount from kube-api-access-wtnk2 (ro)
Conditions:
  Type                        Status
  PodReadyToStartContainers   True 
  Initialized                 True 
  Ready                       True 
  ContainersReady             True 
  PodScheduled                True 
Volumes:
  kube-api-access-wtnk2:
    Type:                    Projected (a volume that contains injected data from multiple sources)
    TokenExpirationSeconds:  3607
    ConfigMapName:           kube-root-ca.crt
    Optional:                false
    DownwardAPI:             true
QoS Class:                   Burstable
Node-Selectors:              <none>
Tolerations:                 node.kubernetes.io/not-ready:NoExecute op=Exists for 300s
                             node.kubernetes.io/unreachable:NoExecute op=Exists for 300s
Events:
  Type    Reason     Age   From               Message
  ----    ------     ----  ----               -------
  Normal  Scheduled  43s   default-scheduler  Successfully assigned coord-only/hermod-coordinator-8579dc9775-mwrpl to <pi-host>
  Normal  Pulled     43s   kubelet            spec.initContainers{wait-for-postgres}: Container image "busybox:1.36" already present on machine
  Normal  Created    43s   kubelet            spec.initContainers{wait-for-postgres}: Created container: wait-for-postgres
  Normal  Started    43s   kubelet            spec.initContainers{wait-for-postgres}: Started container wait-for-postgres
  Normal  Pulled     42s   kubelet            spec.initContainers{wait-for-nanomq}: Container image "busybox:1.36" already present on machine
  Normal  Created    42s   kubelet            spec.initContainers{wait-for-nanomq}: Created container: wait-for-nanomq
  Normal  Started    42s   kubelet            spec.initContainers{wait-for-nanomq}: Started container wait-for-nanomq
  Normal  Pulled     41s   kubelet            spec.containers{hermod-coordinator}: Container image "hermod-coordinator:latest" already present on machine
  Normal  Created    41s   kubelet            spec.containers{hermod-coordinator}: Created container: hermod-coordinator
  Normal  Started    41s   kubelet            spec.containers{hermod-coordinator}: Started container hermod-coordinator


Name:             nanomq-7b9d5cfb76-w2sdx
Namespace:        coord-only
Priority:         0
Service Account:  default
Node:             <pi-host>/<pi-ip>
Start Time:       Mon, 27 Apr 2026 06:29:20 +0200
Labels:           app=nanomq
                  pod-template-hash=7b9d5cfb76
Annotations:      cni.projectcalico.org/containerID: bb4b0d09336be8e739726639a4a83b5dcfe1cade09505fa080f679230fc99668
                  cni.projectcalico.org/podIP: <pod-ip>/32
                  cni.projectcalico.org/podIPs: <pod-ip>/32
                  kubectl.kubernetes.io/restartedAt: 2026-04-27T06:29:18+02:00
Status:           Running
IP:               <pod-ip>
IPs:
  IP:           <pod-ip>
Controlled By:  ReplicaSet/nanomq-7b9d5cfb76
Containers:
  nanomq:
    Container ID:   containerd://e7de3c40b2fd239465a5ecda57757fe6f51589f2efc8974e7ef9d2f738eedcf1
    Image:          emqx/nanomq:0.21-slim
    Image ID:       docker.io/emqx/nanomq@sha256:53bea7acb547aced1cc45e08c514628f1e41c4da9ad544fd8c5fa96d3e9eb41b
    Ports:          1883/TCP (mqtt), 8081/TCP (http)
    Host Ports:     0/TCP (mqtt), 0/TCP (http)
    State:          Running
      Started:      Mon, 27 Apr 2026 06:29:21 +0200
    Ready:          True
    Restart Count:  0
    Limits:
      cpu:     1
      memory:  512Mi
    Requests:
      cpu:        50m
      memory:     64Mi
    Liveness:     tcp-socket :1883 delay=10s timeout=1s period=10s #success=1 #failure=3
    Readiness:    tcp-socket :1883 delay=3s timeout=1s period=5s #success=1 #failure=3
    Environment:  <none>
    Mounts:
      /etc/nanomq.conf from config (rw,path="nanomq.conf")
      /var/run/secrets/kubernetes.io/serviceaccount from kube-api-access-czxfg (ro)
Conditions:
  Type                        Status
  PodReadyToStartContainers   True 
  Initialized                 True 
  Ready                       True 
  ContainersReady             True 
  PodScheduled                True 
Volumes:
  config:
    Type:      ConfigMap (a volume populated by a ConfigMap)
    Name:      nanomq-config
    Optional:  false
  kube-api-access-czxfg:
    Type:                    Projected (a volume that contains injected data from multiple sources)
    TokenExpirationSeconds:  3607
    ConfigMapName:           kube-root-ca.crt
    Optional:                false
    DownwardAPI:             true
QoS Class:                   Burstable
Node-Selectors:              <none>
Tolerations:                 node.kubernetes.io/not-ready:NoExecute op=Exists for 300s
                             node.kubernetes.io/unreachable:NoExecute op=Exists for 300s
Events:
  Type    Reason     Age   From               Message
  ----    ------     ----  ----               -------
  Normal  Scheduled  61s   default-scheduler  Successfully assigned coord-only/nanomq-7b9d5cfb76-w2sdx to <pi-host>
  Normal  Pulled     61s   kubelet            spec.containers{nanomq}: Container image "emqx/nanomq:0.21-slim" already present on machine
  Normal  Created    61s   kubelet            spec.containers{nanomq}: Created container: nanomq
  Normal  Started    61s   kubelet            spec.containers{nanomq}: Started container nanomq


Name:             postgres-0
Namespace:        coord-only
Priority:         0
Service Account:  default
Node:             <pi-host>/<pi-ip>
Start Time:       Mon, 27 Apr 2026 04:16:57 +0200
Labels:           app=postgres
                  apps.kubernetes.io/pod-index=0
                  controller-revision-hash=postgres-6497897965
                  statefulset.kubernetes.io/pod-name=postgres-0
Annotations:      cni.projectcalico.org/containerID: 69fb4823b666d3d2a1395c00ab9b26a33337431372918fb41d9f85f42d91a056
                  cni.projectcalico.org/podIP: <pod-ip>/32
                  cni.projectcalico.org/podIPs: <pod-ip>/32
Status:           Running
IP:               <pod-ip>
IPs:
  IP:           <pod-ip>
Controlled By:  StatefulSet/postgres
Containers:
  postgres:
    Container ID:  containerd://adf8585ccc9b705cf0261f22f8e1c254a24670c72b998bb7a052f31e3a5ae5be
    Image:         postgres:17-alpine
    Image ID:      docker.io/library/postgres@sha256:778d0b486d6daa02b77434d0358ec57a1b21fd8b6d22ac2eef56a33e816928f6
    Port:          5432/TCP
    Host Port:     0/TCP
    Args:
      -c
      shared_buffers=256MB
      -c
      max_connections=200
      -c
      work_mem=16MB
    State:          Running
      Started:      Mon, 27 Apr 2026 04:16:58 +0200
    Ready:          True
    Restart Count:  0
    Limits:
      cpu:     1500m
      memory:  1536Mi
    Requests:
      cpu:      100m
      memory:   256Mi
    Liveness:   exec [pg_isready -U postgres] delay=30s timeout=1s period=10s #success=1 #failure=3
    Readiness:  exec [pg_isready -U postgres] delay=5s timeout=1s period=5s #success=1 #failure=3
    Environment:
      POSTGRES_DB:        postgres
      POSTGRES_USER:      postgres
      POSTGRES_PASSWORD:  <set to the key 'postgres-superuser-password' in secret 'hermod-secrets'>  Optional: false
    Mounts:
      /docker-entrypoint-initdb.d from init (rw)
      /var/lib/postgresql/data from data (rw)
      /var/run/secrets/kubernetes.io/serviceaccount from kube-api-access-79j56 (ro)
Conditions:
  Type                        Status
  PodReadyToStartContainers   True 
  Initialized                 True 
  Ready                       True 
  ContainersReady             True 
  PodScheduled                True 
Volumes:
  data:
    Type:       PersistentVolumeClaim (a reference to a PersistentVolumeClaim in the same namespace)
    ClaimName:  data-postgres-0
    ReadOnly:   false
  init:
    Type:      ConfigMap (a volume populated by a ConfigMap)
    Name:      postgres-init
    Optional:  false
  kube-api-access-79j56:
    Type:                    Projected (a volume that contains injected data from multiple sources)
    TokenExpirationSeconds:  3607
    ConfigMapName:           kube-root-ca.crt
    Optional:                false
    DownwardAPI:             true
QoS Class:                   Burstable
Node-Selectors:              <none>
Tolerations:                 node.kubernetes.io/not-ready:NoExecute op=Exists for 300s
                             node.kubernetes.io/unreachable:NoExecute op=Exists for 300s
Events:                      <none>

=== ts=1777264233 ===
Name:             hermod-coordinator-8579dc9775-mwrpl
Namespace:        coord-only
Priority:         0
Service Account:  default
Node:             <pi-host>/<pi-ip>
Start Time:       Mon, 27 Apr 2026 06:29:38 +0200
Labels:           app=hermod-coordinator
                  pod-template-hash=8579dc9775
Annotations:      cni.projectcalico.org/containerID: eadab08ac5b72f5cadaf58830e11afc3f665e711f6c228131bb6827b999cb694
                  cni.projectcalico.org/podIP: <pod-ip>/32
                  cni.projectcalico.org/podIPs: <pod-ip>/32
                  kubectl.kubernetes.io/restartedAt: 2026-04-27T06:29:18+02:00
Status:           Running
IP:               <pod-ip>
IPs:
  IP:           <pod-ip>
Controlled By:  ReplicaSet/hermod-coordinator-8579dc9775
Init Containers:
  wait-for-postgres:
    Container ID:  containerd://8b962abcdd328d17f7d00a643e7b344e2d1ded4582d4f2c0199e1131728b2f19
    Image:         busybox:1.36
    Image ID:      docker.io/library/busybox@sha256:73aaf090f3d85aa34ee199857f03fa3a95c8ede2ffd4cc2cdb5b94e566b11662
    Port:          <none>
    Host Port:     <none>
    Command:
      sh
      -c
      until nc -z postgres 5432; do sleep 2; done
    State:          Terminated
      Reason:       Completed
      Exit Code:    0
      Started:      Mon, 27 Apr 2026 06:29:39 +0200
      Finished:     Mon, 27 Apr 2026 06:29:39 +0200
    Ready:          True
    Restart Count:  0
    Environment:
      Hermod__Features__DeviceStateTracking:    true
      Hermod__Engine__LogBatchSize:             100
      Hermod__Engine__LogBatching:              true
      Hermod__Engine__Parallelism:              4
      Hermod__Features__MessagePersistence:     true
      Hermod__Features__RuleAuditLog:           true
      Hermod__Features__RuleCache:              true
      Hermod__Features__StatsRollup:            true
      Hermod__Storage__Mode:                    Postgres
      Logging__LogLevel__Hermod:                Information
      Logging__LogLevel__Microsoft.AspNetCore:  Warning
    Mounts:
      /var/run/secrets/kubernetes.io/serviceaccount from kube-api-access-wtnk2 (ro)
  wait-for-nanomq:
    Container ID:  containerd://12bf96af3da24d83bacf725ce21f7315f4cff75dbabff0ebe509b5717eda819d
    Image:         busybox:1.36
    Image ID:      docker.io/library/busybox@sha256:73aaf090f3d85aa34ee199857f03fa3a95c8ede2ffd4cc2cdb5b94e566b11662
    Port:          <none>
    Host Port:     <none>
    Command:
      sh
      -c
      until nc -z nanomq 1883; do sleep 2; done
    State:          Terminated
      Reason:       Completed
      Exit Code:    0
      Started:      Mon, 27 Apr 2026 06:29:40 +0200
      Finished:     Mon, 27 Apr 2026 06:29:40 +0200
    Ready:          True
    Restart Count:  0
    Environment:
      Hermod__Features__DeviceStateTracking:    true
      Hermod__Engine__LogBatchSize:             100
      Hermod__Engine__LogBatching:              true
      Hermod__Engine__Parallelism:              4
      Hermod__Features__MessagePersistence:     true
      Hermod__Features__RuleAuditLog:           true
      Hermod__Features__RuleCache:              true
      Hermod__Features__StatsRollup:            true
      Hermod__Storage__Mode:                    Postgres
      Logging__LogLevel__Hermod:                Information
      Logging__LogLevel__Microsoft.AspNetCore:  Warning
    Mounts:
      /var/run/secrets/kubernetes.io/serviceaccount from kube-api-access-wtnk2 (ro)
Containers:
  hermod-coordinator:
    Container ID:   containerd://77455bc8c4f225ec4eade18958b5943f029403fe678ab5938f7b4f311cf88123
    Image:          hermod-coordinator:latest
    Image ID:       sha256:ca91ccdfcd269dd5e4e25d5ffe8d863ca5db57e5c4f62f08c8adf90d23c15eaf
    Port:           42069/TCP (http)
    Host Port:      0/TCP (http)
    State:          Running
      Started:      Mon, 27 Apr 2026 06:29:41 +0200
    Ready:          True
    Restart Count:  0
    Limits:
      cpu:     1500m
      memory:  1536Mi
    Requests:
      cpu:      200m
      memory:   256Mi
    Liveness:   http-get http://:42069/healthz delay=60s timeout=1s period=30s #success=1 #failure=3
    Readiness:  http-get http://:42069/healthz/ready delay=5s timeout=1s period=10s #success=1 #failure=3
    Startup:    http-get http://:42069/healthz delay=0s timeout=1s period=5s #success=1 #failure=30
    Environment:
      ASPNETCORE_ENVIRONMENT:                   Production
      ASPNETCORE_URLS:                          http://+:42069
      DOTNET_USE_POLLING_FILE_WATCHER:          true
      Hermod__Security__AuthBypass:             true
      Hermod__Security__VaultRequireHttps:      false
      Hermod__Features__MetricsEndpoint:        true
      Hermod__Dev__Endpoints:                   true
      Hermod__Mqtt__Host:                       nanomq
      Hermod__Mqtt__Port:                       1883
      Hermod__Mqtt__UseTls:                     false
      Hermod__Mqtt__Tls__UseTls:                false
      Hermod__Mqtt__Username:                   <set to the key 'mqtt-username' in secret 'hermod-secrets'>  Optional: false
      Hermod__Mqtt__Password:                   <set to the key 'mqtt-password' in secret 'hermod-secrets'>  Optional: false
      Hermod__Database__ConnectionString:       Host=postgres;Port=5432;Database=hermod;Username=hermod_app
      Hermod__Database__Password:               <set to the key 'hermod-db-password' in secret 'hermod-db-credentials'>  Optional: false
      Hermod__Features__DeviceStateTracking:    true
      Hermod__Engine__LogBatchSize:             100
      Hermod__Engine__LogBatching:              true
      Hermod__Engine__Parallelism:              4
      Hermod__Features__MessagePersistence:     true
      Hermod__Features__RuleAuditLog:           true
      Hermod__Features__RuleCache:              true
      Hermod__Features__StatsRollup:            true
      Hermod__Storage__Mode:                    Postgres
      Logging__LogLevel__Hermod:                Information
      Logging__LogLevel__Microsoft.AspNetCore:  Warning
    Mounts:
      /var/run/secrets/kubernetes.io/serviceaccount from kube-api-access-wtnk2 (ro)
Conditions:
  Type                        Status
  PodReadyToStartContainers   True 
  Initialized                 True 
  Ready                       True 
  ContainersReady             True 
  PodScheduled                True 
Volumes:
  kube-api-access-wtnk2:
    Type:                    Projected (a volume that contains injected data from multiple sources)
    TokenExpirationSeconds:  3607
    ConfigMapName:           kube-root-ca.crt
    Optional:                false
    DownwardAPI:             true
QoS Class:                   Burstable
Node-Selectors:              <none>
Tolerations:                 node.kubernetes.io/not-ready:NoExecute op=Exists for 300s
                             node.kubernetes.io/unreachable:NoExecute op=Exists for 300s
Events:
  Type    Reason     Age   From               Message
  ----    ------     ----  ----               -------
  Normal  Scheduled  55s   default-scheduler  Successfully assigned coord-only/hermod-coordinator-8579dc9775-mwrpl to <pi-host>
  Normal  Pulled     54s   kubelet            spec.initContainers{wait-for-postgres}: Container image "busybox:1.36" already present on machine
  Normal  Created    54s   kubelet            spec.initContainers{wait-for-postgres}: Created container: wait-for-postgres
  Normal  Started    54s   kubelet            spec.initContainers{wait-for-postgres}: Started container wait-for-postgres
  Normal  Pulled     53s   kubelet            spec.initContainers{wait-for-nanomq}: Container image "busybox:1.36" already present on machine
  Normal  Created    53s   kubelet            spec.initContainers{wait-for-nanomq}: Created container: wait-for-nanomq
  Normal  Started    53s   kubelet            spec.initContainers{wait-for-nanomq}: Started container wait-for-nanomq
  Normal  Pulled     52s   kubelet            spec.containers{hermod-coordinator}: Container image "hermod-coordinator:latest" already present on machine
  Normal  Created    52s   kubelet            spec.containers{hermod-coordinator}: Created container: hermod-coordinator
  Normal  Started    52s   kubelet            spec.containers{hermod-coordinator}: Started container hermod-coordinator


Name:             nanomq-7b9d5cfb76-w2sdx
Namespace:        coord-only
Priority:         0
Service Account:  default
Node:             <pi-host>/<pi-ip>
Start Time:       Mon, 27 Apr 2026 06:29:20 +0200
Labels:           app=nanomq
                  pod-template-hash=7b9d5cfb76
Annotations:      cni.projectcalico.org/containerID: bb4b0d09336be8e739726639a4a83b5dcfe1cade09505fa080f679230fc99668
                  cni.projectcalico.org/podIP: <pod-ip>/32
                  cni.projectcalico.org/podIPs: <pod-ip>/32
                  kubectl.kubernetes.io/restartedAt: 2026-04-27T06:29:18+02:00
Status:           Running
IP:               <pod-ip>
IPs:
  IP:           <pod-ip>
Controlled By:  ReplicaSet/nanomq-7b9d5cfb76
Containers:
  nanomq:
    Container ID:   containerd://e7de3c40b2fd239465a5ecda57757fe6f51589f2efc8974e7ef9d2f738eedcf1
    Image:          emqx/nanomq:0.21-slim
    Image ID:       docker.io/emqx/nanomq@sha256:53bea7acb547aced1cc45e08c514628f1e41c4da9ad544fd8c5fa96d3e9eb41b
    Ports:          1883/TCP (mqtt), 8081/TCP (http)
    Host Ports:     0/TCP (mqtt), 0/TCP (http)
    State:          Running
      Started:      Mon, 27 Apr 2026 06:29:21 +0200
    Ready:          True
    Restart Count:  0
    Limits:
      cpu:     1
      memory:  512Mi
    Requests:
      cpu:        50m
      memory:     64Mi
    Liveness:     tcp-socket :1883 delay=10s timeout=1s period=10s #success=1 #failure=3
    Readiness:    tcp-socket :1883 delay=3s timeout=1s period=5s #success=1 #failure=3
    Environment:  <none>
    Mounts:
      /etc/nanomq.conf from config (rw,path="nanomq.conf")
      /var/run/secrets/kubernetes.io/serviceaccount from kube-api-access-czxfg (ro)
Conditions:
  Type                        Status
  PodReadyToStartContainers   True 
  Initialized                 True 
  Ready                       True 
  ContainersReady             True 
  PodScheduled                True 
Volumes:
  config:
    Type:      ConfigMap (a volume populated by a ConfigMap)
    Name:      nanomq-config
    Optional:  false
  kube-api-access-czxfg:
    Type:                    Projected (a volume that contains injected data from multiple sources)
    TokenExpirationSeconds:  3607
    ConfigMapName:           kube-root-ca.crt
    Optional:                false
    DownwardAPI:             true
QoS Class:                   Burstable
Node-Selectors:              <none>
Tolerations:                 node.kubernetes.io/not-ready:NoExecute op=Exists for 300s
                             node.kubernetes.io/unreachable:NoExecute op=Exists for 300s
Events:
  Type    Reason     Age   From               Message
  ----    ------     ----  ----               -------
  Normal  Scheduled  73s   default-scheduler  Successfully assigned coord-only/nanomq-7b9d5cfb76-w2sdx to <pi-host>
  Normal  Pulled     72s   kubelet            spec.containers{nanomq}: Container image "emqx/nanomq:0.21-slim" already present on machine
  Normal  Created    72s   kubelet            spec.containers{nanomq}: Created container: nanomq
  Normal  Started    72s   kubelet            spec.containers{nanomq}: Started container nanomq


Name:             postgres-0
Namespace:        coord-only
Priority:         0
Service Account:  default
Node:             <pi-host>/<pi-ip>
Start Time:       Mon, 27 Apr 2026 04:16:57 +0200
Labels:           app=postgres
                  apps.kubernetes.io/pod-index=0
                  controller-revision-hash=postgres-6497897965
                  statefulset.kubernetes.io/pod-name=postgres-0
Annotations:      cni.projectcalico.org/containerID: 69fb4823b666d3d2a1395c00ab9b26a33337431372918fb41d9f85f42d91a056
                  cni.projectcalico.org/podIP: <pod-ip>/32
                  cni.projectcalico.org/podIPs: <pod-ip>/32
Status:           Running
IP:               <pod-ip>
IPs:
  IP:           <pod-ip>
Controlled By:  StatefulSet/postgres
Containers:
  postgres:
    Container ID:  containerd://adf8585ccc9b705cf0261f22f8e1c254a24670c72b998bb7a052f31e3a5ae5be
    Image:         postgres:17-alpine
    Image ID:      docker.io/library/postgres@sha256:778d0b486d6daa02b77434d0358ec57a1b21fd8b6d22ac2eef56a33e816928f6
    Port:          5432/TCP
    Host Port:     0/TCP
    Args:
      -c
      shared_buffers=256MB
      -c
      max_connections=200
      -c
      work_mem=16MB
    State:          Running
      Started:      Mon, 27 Apr 2026 04:16:58 +0200
    Ready:          True
    Restart Count:  0
    Limits:
      cpu:     1500m
      memory:  1536Mi
    Requests:
      cpu:      100m
      memory:   256Mi
    Liveness:   exec [pg_isready -U postgres] delay=30s timeout=1s period=10s #success=1 #failure=3
    Readiness:  exec [pg_isready -U postgres] delay=5s timeout=1s period=5s #success=1 #failure=3
    Environment:
      POSTGRES_DB:        postgres
      POSTGRES_USER:      postgres
      POSTGRES_PASSWORD:  <set to the key 'postgres-superuser-password' in secret 'hermod-secrets'>  Optional: false
    Mounts:
      /docker-entrypoint-initdb.d from init (rw)
      /var/lib/postgresql/data from data (rw)
      /var/run/secrets/kubernetes.io/serviceaccount from kube-api-access-79j56 (ro)
Conditions:
  Type                        Status
  PodReadyToStartContainers   True 
  Initialized                 True 
  Ready                       True 
  ContainersReady             True 
  PodScheduled                True 
Volumes:
  data:
    Type:       PersistentVolumeClaim (a reference to a PersistentVolumeClaim in the same namespace)
    ClaimName:  data-postgres-0
    ReadOnly:   false
  init:
    Type:      ConfigMap (a volume populated by a ConfigMap)
    Name:      postgres-init
    Optional:  false
  kube-api-access-79j56:
    Type:                    Projected (a volume that contains injected data from multiple sources)
    TokenExpirationSeconds:  3607
    ConfigMapName:           kube-root-ca.crt
    Optional:                false
    DownwardAPI:             true
QoS Class:                   Burstable
Node-Selectors:              <none>
Tolerations:                 node.kubernetes.io/not-ready:NoExecute op=Exists for 300s
                             node.kubernetes.io/unreachable:NoExecute op=Exists for 300s
Events:                      <none>

=== ts=1777264245 ===
Name:             hermod-coordinator-8579dc9775-mwrpl
Namespace:        coord-only
Priority:         0
Service Account:  default
Node:             <pi-host>/<pi-ip>
Start Time:       Mon, 27 Apr 2026 06:29:38 +0200
Labels:           app=hermod-coordinator
                  pod-template-hash=8579dc9775
Annotations:      cni.projectcalico.org/containerID: eadab08ac5b72f5cadaf58830e11afc3f665e711f6c228131bb6827b999cb694
                  cni.projectcalico.org/podIP: <pod-ip>/32
                  cni.projectcalico.org/podIPs: <pod-ip>/32
                  kubectl.kubernetes.io/restartedAt: 2026-04-27T06:29:18+02:00
Status:           Running
IP:               <pod-ip>
IPs:
  IP:           <pod-ip>
Controlled By:  ReplicaSet/hermod-coordinator-8579dc9775
Init Containers:
  wait-for-postgres:
    Container ID:  containerd://8b962abcdd328d17f7d00a643e7b344e2d1ded4582d4f2c0199e1131728b2f19
    Image:         busybox:1.36
    Image ID:      docker.io/library/busybox@sha256:73aaf090f3d85aa34ee199857f03fa3a95c8ede2ffd4cc2cdb5b94e566b11662
    Port:          <none>
    Host Port:     <none>
    Command:
      sh
      -c
      until nc -z postgres 5432; do sleep 2; done
    State:          Terminated
      Reason:       Completed
      Exit Code:    0
      Started:      Mon, 27 Apr 2026 06:29:39 +0200
      Finished:     Mon, 27 Apr 2026 06:29:39 +0200
    Ready:          True
    Restart Count:  0
    Environment:
      Hermod__Features__DeviceStateTracking:    true
      Hermod__Engine__LogBatchSize:             100
      Hermod__Engine__LogBatching:              true
      Hermod__Engine__Parallelism:              4
      Hermod__Features__MessagePersistence:     true
      Hermod__Features__RuleAuditLog:           true
      Hermod__Features__RuleCache:              true
      Hermod__Features__StatsRollup:            true
      Hermod__Storage__Mode:                    Postgres
      Logging__LogLevel__Hermod:                Information
      Logging__LogLevel__Microsoft.AspNetCore:  Warning
    Mounts:
      /var/run/secrets/kubernetes.io/serviceaccount from kube-api-access-wtnk2 (ro)
  wait-for-nanomq:
    Container ID:  containerd://12bf96af3da24d83bacf725ce21f7315f4cff75dbabff0ebe509b5717eda819d
    Image:         busybox:1.36
    Image ID:      docker.io/library/busybox@sha256:73aaf090f3d85aa34ee199857f03fa3a95c8ede2ffd4cc2cdb5b94e566b11662
    Port:          <none>
    Host Port:     <none>
    Command:
      sh
      -c
      until nc -z nanomq 1883; do sleep 2; done
    State:          Terminated
      Reason:       Completed
      Exit Code:    0
      Started:      Mon, 27 Apr 2026 06:29:40 +0200
      Finished:     Mon, 27 Apr 2026 06:29:40 +0200
    Ready:          True
    Restart Count:  0
    Environment:
      Hermod__Features__DeviceStateTracking:    true
      Hermod__Engine__LogBatchSize:             100
      Hermod__Engine__LogBatching:              true
      Hermod__Engine__Parallelism:              4
      Hermod__Features__MessagePersistence:     true
      Hermod__Features__RuleAuditLog:           true
      Hermod__Features__RuleCache:              true
      Hermod__Features__StatsRollup:            true
      Hermod__Storage__Mode:                    Postgres
      Logging__LogLevel__Hermod:                Information
      Logging__LogLevel__Microsoft.AspNetCore:  Warning
    Mounts:
      /var/run/secrets/kubernetes.io/serviceaccount from kube-api-access-wtnk2 (ro)
Containers:
  hermod-coordinator:
    Container ID:   containerd://77455bc8c4f225ec4eade18958b5943f029403fe678ab5938f7b4f311cf88123
    Image:          hermod-coordinator:latest
    Image ID:       sha256:ca91ccdfcd269dd5e4e25d5ffe8d863ca5db57e5c4f62f08c8adf90d23c15eaf
    Port:           42069/TCP (http)
    Host Port:      0/TCP (http)
    State:          Running
      Started:      Mon, 27 Apr 2026 06:29:41 +0200
    Ready:          True
    Restart Count:  0
    Limits:
      cpu:     1500m
      memory:  1536Mi
    Requests:
      cpu:      200m
      memory:   256Mi
    Liveness:   http-get http://:42069/healthz delay=60s timeout=1s period=30s #success=1 #failure=3
    Readiness:  http-get http://:42069/healthz/ready delay=5s timeout=1s period=10s #success=1 #failure=3
    Startup:    http-get http://:42069/healthz delay=0s timeout=1s period=5s #success=1 #failure=30
    Environment:
      ASPNETCORE_ENVIRONMENT:                   Production
      ASPNETCORE_URLS:                          http://+:42069
      DOTNET_USE_POLLING_FILE_WATCHER:          true
      Hermod__Security__AuthBypass:             true
      Hermod__Security__VaultRequireHttps:      false
      Hermod__Features__MetricsEndpoint:        true
      Hermod__Dev__Endpoints:                   true
      Hermod__Mqtt__Host:                       nanomq
      Hermod__Mqtt__Port:                       1883
      Hermod__Mqtt__UseTls:                     false
      Hermod__Mqtt__Tls__UseTls:                false
      Hermod__Mqtt__Username:                   <set to the key 'mqtt-username' in secret 'hermod-secrets'>  Optional: false
      Hermod__Mqtt__Password:                   <set to the key 'mqtt-password' in secret 'hermod-secrets'>  Optional: false
      Hermod__Database__ConnectionString:       Host=postgres;Port=5432;Database=hermod;Username=hermod_app
      Hermod__Database__Password:               <set to the key 'hermod-db-password' in secret 'hermod-db-credentials'>  Optional: false
      Hermod__Features__DeviceStateTracking:    true
      Hermod__Engine__LogBatchSize:             100
      Hermod__Engine__LogBatching:              true
      Hermod__Engine__Parallelism:              4
      Hermod__Features__MessagePersistence:     true
      Hermod__Features__RuleAuditLog:           true
      Hermod__Features__RuleCache:              true
      Hermod__Features__StatsRollup:            true
      Hermod__Storage__Mode:                    Postgres
      Logging__LogLevel__Hermod:                Information
      Logging__LogLevel__Microsoft.AspNetCore:  Warning
    Mounts:
      /var/run/secrets/kubernetes.io/serviceaccount from kube-api-access-wtnk2 (ro)
Conditions:
  Type                        Status
  PodReadyToStartContainers   True 
  Initialized                 True 
  Ready                       True 
  ContainersReady             True 
  PodScheduled                True 
Volumes:
  kube-api-access-wtnk2:
    Type:                    Projected (a volume that contains injected data from multiple sources)
    TokenExpirationSeconds:  3607
    ConfigMapName:           kube-root-ca.crt
    Optional:                false
    DownwardAPI:             true
QoS Class:                   Burstable
Node-Selectors:              <none>
Tolerations:                 node.kubernetes.io/not-ready:NoExecute op=Exists for 300s
                             node.kubernetes.io/unreachable:NoExecute op=Exists for 300s
Events:
  Type    Reason     Age   From               Message
  ----    ------     ----  ----               -------
  Normal  Scheduled  66s   default-scheduler  Successfully assigned coord-only/hermod-coordinator-8579dc9775-mwrpl to <pi-host>
  Normal  Pulled     66s   kubelet            spec.initContainers{wait-for-postgres}: Container image "busybox:1.36" already present on machine
  Normal  Created    66s   kubelet            spec.initContainers{wait-for-postgres}: Created container: wait-for-postgres
  Normal  Started    66s   kubelet            spec.initContainers{wait-for-postgres}: Started container wait-for-postgres
  Normal  Pulled     65s   kubelet            spec.initContainers{wait-for-nanomq}: Container image "busybox:1.36" already present on machine
  Normal  Created    65s   kubelet            spec.initContainers{wait-for-nanomq}: Created container: wait-for-nanomq
  Normal  Started    65s   kubelet            spec.initContainers{wait-for-nanomq}: Started container wait-for-nanomq
  Normal  Pulled     64s   kubelet            spec.containers{hermod-coordinator}: Container image "hermod-coordinator:latest" already present on machine
  Normal  Created    64s   kubelet            spec.containers{hermod-coordinator}: Created container: hermod-coordinator
  Normal  Started    64s   kubelet            spec.containers{hermod-coordinator}: Started container hermod-coordinator


Name:             nanomq-7b9d5cfb76-w2sdx
Namespace:        coord-only
Priority:         0
Service Account:  default
Node:             <pi-host>/<pi-ip>
Start Time:       Mon, 27 Apr 2026 06:29:20 +0200
Labels:           app=nanomq
                  pod-template-hash=7b9d5cfb76
Annotations:      cni.projectcalico.org/containerID: bb4b0d09336be8e739726639a4a83b5dcfe1cade09505fa080f679230fc99668
                  cni.projectcalico.org/podIP: <pod-ip>/32
                  cni.projectcalico.org/podIPs: <pod-ip>/32
                  kubectl.kubernetes.io/restartedAt: 2026-04-27T06:29:18+02:00
Status:           Running
IP:               <pod-ip>
IPs:
  IP:           <pod-ip>
Controlled By:  ReplicaSet/nanomq-7b9d5cfb76
Containers:
  nanomq:
    Container ID:   containerd://e7de3c40b2fd239465a5ecda57757fe6f51589f2efc8974e7ef9d2f738eedcf1
    Image:          emqx/nanomq:0.21-slim
    Image ID:       docker.io/emqx/nanomq@sha256:53bea7acb547aced1cc45e08c514628f1e41c4da9ad544fd8c5fa96d3e9eb41b
    Ports:          1883/TCP (mqtt), 8081/TCP (http)
    Host Ports:     0/TCP (mqtt), 0/TCP (http)
    State:          Running
      Started:      Mon, 27 Apr 2026 06:29:21 +0200
    Ready:          True
    Restart Count:  0
    Limits:
      cpu:     1
      memory:  512Mi
    Requests:
      cpu:        50m
      memory:     64Mi
    Liveness:     tcp-socket :1883 delay=10s timeout=1s period=10s #success=1 #failure=3
    Readiness:    tcp-socket :1883 delay=3s timeout=1s period=5s #success=1 #failure=3
    Environment:  <none>
    Mounts:
      /etc/nanomq.conf from config (rw,path="nanomq.conf")
      /var/run/secrets/kubernetes.io/serviceaccount from kube-api-access-czxfg (ro)
Conditions:
  Type                        Status
  PodReadyToStartContainers   True 
  Initialized                 True 
  Ready                       True 
  ContainersReady             True 
  PodScheduled                True 
Volumes:
  config:
    Type:      ConfigMap (a volume populated by a ConfigMap)
    Name:      nanomq-config
    Optional:  false
  kube-api-access-czxfg:
    Type:                    Projected (a volume that contains injected data from multiple sources)
    TokenExpirationSeconds:  3607
    ConfigMapName:           kube-root-ca.crt
    Optional:                false
    DownwardAPI:             true
QoS Class:                   Burstable
Node-Selectors:              <none>
Tolerations:                 node.kubernetes.io/not-ready:NoExecute op=Exists for 300s
                             node.kubernetes.io/unreachable:NoExecute op=Exists for 300s
Events:
  Type    Reason     Age   From               Message
  ----    ------     ----  ----               -------
  Normal  Scheduled  84s   default-scheduler  Successfully assigned coord-only/nanomq-7b9d5cfb76-w2sdx to <pi-host>
  Normal  Pulled     84s   kubelet            spec.containers{nanomq}: Container image "emqx/nanomq:0.21-slim" already present on machine
  Normal  Created    84s   kubelet            spec.containers{nanomq}: Created container: nanomq
  Normal  Started    84s   kubelet            spec.containers{nanomq}: Started container nanomq


Name:             postgres-0
Namespace:        coord-only
Priority:         0
Service Account:  default
Node:             <pi-host>/<pi-ip>
Start Time:       Mon, 27 Apr 2026 04:16:57 +0200
Labels:           app=postgres
                  apps.kubernetes.io/pod-index=0
                  controller-revision-hash=postgres-6497897965
                  statefulset.kubernetes.io/pod-name=postgres-0
Annotations:      cni.projectcalico.org/containerID: 69fb4823b666d3d2a1395c00ab9b26a33337431372918fb41d9f85f42d91a056
                  cni.projectcalico.org/podIP: <pod-ip>/32
                  cni.projectcalico.org/podIPs: <pod-ip>/32
Status:           Running
IP:               <pod-ip>
IPs:
  IP:           <pod-ip>
Controlled By:  StatefulSet/postgres
Containers:
  postgres:
    Container ID:  containerd://adf8585ccc9b705cf0261f22f8e1c254a24670c72b998bb7a052f31e3a5ae5be
    Image:         postgres:17-alpine
    Image ID:      docker.io/library/postgres@sha256:778d0b486d6daa02b77434d0358ec57a1b21fd8b6d22ac2eef56a33e816928f6
    Port:          5432/TCP
    Host Port:     0/TCP
    Args:
      -c
      shared_buffers=256MB
      -c
      max_connections=200
      -c
      work_mem=16MB
    State:          Running
      Started:      Mon, 27 Apr 2026 04:16:58 +0200
    Ready:          True
    Restart Count:  0
    Limits:
      cpu:     1500m
      memory:  1536Mi
    Requests:
      cpu:      100m
      memory:   256Mi
    Liveness:   exec [pg_isready -U postgres] delay=30s timeout=1s period=10s #success=1 #failure=3
    Readiness:  exec [pg_isready -U postgres] delay=5s timeout=1s period=5s #success=1 #failure=3
    Environment:
      POSTGRES_DB:        postgres
      POSTGRES_USER:      postgres
      POSTGRES_PASSWORD:  <set to the key 'postgres-superuser-password' in secret 'hermod-secrets'>  Optional: false
    Mounts:
      /docker-entrypoint-initdb.d from init (rw)
      /var/lib/postgresql/data from data (rw)
      /var/run/secrets/kubernetes.io/serviceaccount from kube-api-access-79j56 (ro)
Conditions:
  Type                        Status
  PodReadyToStartContainers   True 
  Initialized                 True 
  Ready                       True 
  ContainersReady             True 
  PodScheduled                True 
Volumes:
  data:
    Type:       PersistentVolumeClaim (a reference to a PersistentVolumeClaim in the same namespace)
    ClaimName:  data-postgres-0
    ReadOnly:   false
  init:
    Type:      ConfigMap (a volume populated by a ConfigMap)
    Name:      postgres-init
    Optional:  false
  kube-api-access-79j56:
    Type:                    Projected (a volume that contains injected data from multiple sources)
    TokenExpirationSeconds:  3607
    ConfigMapName:           kube-root-ca.crt
    Optional:                false
    DownwardAPI:             true
QoS Class:                   Burstable
Node-Selectors:              <none>
Tolerations:                 node.kubernetes.io/not-ready:NoExecute op=Exists for 300s
                             node.kubernetes.io/unreachable:NoExecute op=Exists for 300s
Events:                      <none>

=== ts=1777264256 ===
Name:             hermod-coordinator-8579dc9775-mwrpl
Namespace:        coord-only
Priority:         0
Service Account:  default
Node:             <pi-host>/<pi-ip>
Start Time:       Mon, 27 Apr 2026 06:29:38 +0200
Labels:           app=hermod-coordinator
                  pod-template-hash=8579dc9775
Annotations:      cni.projectcalico.org/containerID: eadab08ac5b72f5cadaf58830e11afc3f665e711f6c228131bb6827b999cb694
                  cni.projectcalico.org/podIP: <pod-ip>/32
                  cni.projectcalico.org/podIPs: <pod-ip>/32
                  kubectl.kubernetes.io/restartedAt: 2026-04-27T06:29:18+02:00
Status:           Running
IP:               <pod-ip>
IPs:
  IP:           <pod-ip>
Controlled By:  ReplicaSet/hermod-coordinator-8579dc9775
Init Containers:
  wait-for-postgres:
    Container ID:  containerd://8b962abcdd328d17f7d00a643e7b344e2d1ded4582d4f2c0199e1131728b2f19
    Image:         busybox:1.36
    Image ID:      docker.io/library/busybox@sha256:73aaf090f3d85aa34ee199857f03fa3a95c8ede2ffd4cc2cdb5b94e566b11662
    Port:          <none>
    Host Port:     <none>
    Command:
      sh
      -c
      until nc -z postgres 5432; do sleep 2; done
    State:          Terminated
      Reason:       Completed
      Exit Code:    0
      Started:      Mon, 27 Apr 2026 06:29:39 +0200
      Finished:     Mon, 27 Apr 2026 06:29:39 +0200
    Ready:          True
    Restart Count:  0
    Environment:
      Hermod__Features__DeviceStateTracking:    true
      Hermod__Engine__LogBatchSize:             100
      Hermod__Engine__LogBatching:              true
      Hermod__Engine__Parallelism:              4
      Hermod__Features__MessagePersistence:     true
      Hermod__Features__RuleAuditLog:           true
      Hermod__Features__RuleCache:              true
      Hermod__Features__StatsRollup:            true
      Hermod__Storage__Mode:                    Postgres
      Logging__LogLevel__Hermod:                Information
      Logging__LogLevel__Microsoft.AspNetCore:  Warning
    Mounts:
      /var/run/secrets/kubernetes.io/serviceaccount from kube-api-access-wtnk2 (ro)
  wait-for-nanomq:
    Container ID:  containerd://12bf96af3da24d83bacf725ce21f7315f4cff75dbabff0ebe509b5717eda819d
    Image:         busybox:1.36
    Image ID:      docker.io/library/busybox@sha256:73aaf090f3d85aa34ee199857f03fa3a95c8ede2ffd4cc2cdb5b94e566b11662
    Port:          <none>
    Host Port:     <none>
    Command:
      sh
      -c
      until nc -z nanomq 1883; do sleep 2; done
    State:          Terminated
      Reason:       Completed
      Exit Code:    0
      Started:      Mon, 27 Apr 2026 06:29:40 +0200
      Finished:     Mon, 27 Apr 2026 06:29:40 +0200
    Ready:          True
    Restart Count:  0
    Environment:
      Hermod__Features__DeviceStateTracking:    true
      Hermod__Engine__LogBatchSize:             100
      Hermod__Engine__LogBatching:              true
      Hermod__Engine__Parallelism:              4
      Hermod__Features__MessagePersistence:     true
      Hermod__Features__RuleAuditLog:           true
      Hermod__Features__RuleCache:              true
      Hermod__Features__StatsRollup:            true
      Hermod__Storage__Mode:                    Postgres
      Logging__LogLevel__Hermod:                Information
      Logging__LogLevel__Microsoft.AspNetCore:  Warning
    Mounts:
      /var/run/secrets/kubernetes.io/serviceaccount from kube-api-access-wtnk2 (ro)
Containers:
  hermod-coordinator:
    Container ID:   containerd://77455bc8c4f225ec4eade18958b5943f029403fe678ab5938f7b4f311cf88123
    Image:          hermod-coordinator:latest
    Image ID:       sha256:ca91ccdfcd269dd5e4e25d5ffe8d863ca5db57e5c4f62f08c8adf90d23c15eaf
    Port:           42069/TCP (http)
    Host Port:      0/TCP (http)
    State:          Running
      Started:      Mon, 27 Apr 2026 06:29:41 +0200
    Ready:          True
    Restart Count:  0
    Limits:
      cpu:     1500m
      memory:  1536Mi
    Requests:
      cpu:      200m
      memory:   256Mi
    Liveness:   http-get http://:42069/healthz delay=60s timeout=1s period=30s #success=1 #failure=3
    Readiness:  http-get http://:42069/healthz/ready delay=5s timeout=1s period=10s #success=1 #failure=3
    Startup:    http-get http://:42069/healthz delay=0s timeout=1s period=5s #success=1 #failure=30
    Environment:
      ASPNETCORE_ENVIRONMENT:                   Production
      ASPNETCORE_URLS:                          http://+:42069
      DOTNET_USE_POLLING_FILE_WATCHER:          true
      Hermod__Security__AuthBypass:             true
      Hermod__Security__VaultRequireHttps:      false
      Hermod__Features__MetricsEndpoint:        true
      Hermod__Dev__Endpoints:                   true
      Hermod__Mqtt__Host:                       nanomq
      Hermod__Mqtt__Port:                       1883
      Hermod__Mqtt__UseTls:                     false
      Hermod__Mqtt__Tls__UseTls:                false
      Hermod__Mqtt__Username:                   <set to the key 'mqtt-username' in secret 'hermod-secrets'>  Optional: false
      Hermod__Mqtt__Password:                   <set to the key 'mqtt-password' in secret 'hermod-secrets'>  Optional: false
      Hermod__Database__ConnectionString:       Host=postgres;Port=5432;Database=hermod;Username=hermod_app
      Hermod__Database__Password:               <set to the key 'hermod-db-password' in secret 'hermod-db-credentials'>  Optional: false
      Hermod__Features__DeviceStateTracking:    true
      Hermod__Engine__LogBatchSize:             100
      Hermod__Engine__LogBatching:              true
      Hermod__Engine__Parallelism:              4
      Hermod__Features__MessagePersistence:     true
      Hermod__Features__RuleAuditLog:           true
      Hermod__Features__RuleCache:              true
      Hermod__Features__StatsRollup:            true
      Hermod__Storage__Mode:                    Postgres
      Logging__LogLevel__Hermod:                Information
      Logging__LogLevel__Microsoft.AspNetCore:  Warning
    Mounts:
      /var/run/secrets/kubernetes.io/serviceaccount from kube-api-access-wtnk2 (ro)
Conditions:
  Type                        Status
  PodReadyToStartContainers   True 
  Initialized                 True 
  Ready                       True 
  ContainersReady             True 
  PodScheduled                True 
Volumes:
  kube-api-access-wtnk2:
    Type:                    Projected (a volume that contains injected data from multiple sources)
    TokenExpirationSeconds:  3607
    ConfigMapName:           kube-root-ca.crt
    Optional:                false
    DownwardAPI:             true
QoS Class:                   Burstable
Node-Selectors:              <none>
Tolerations:                 node.kubernetes.io/not-ready:NoExecute op=Exists for 300s
                             node.kubernetes.io/unreachable:NoExecute op=Exists for 300s
Events:
  Type    Reason     Age   From               Message
  ----    ------     ----  ----               -------
  Normal  Scheduled  78s   default-scheduler  Successfully assigned coord-only/hermod-coordinator-8579dc9775-mwrpl to <pi-host>
  Normal  Pulled     78s   kubelet            spec.initContainers{wait-for-postgres}: Container image "busybox:1.36" already present on machine
  Normal  Created    78s   kubelet            spec.initContainers{wait-for-postgres}: Created container: wait-for-postgres
  Normal  Started    78s   kubelet            spec.initContainers{wait-for-postgres}: Started container wait-for-postgres
  Normal  Pulled     77s   kubelet            spec.initContainers{wait-for-nanomq}: Container image "busybox:1.36" already present on machine
  Normal  Created    77s   kubelet            spec.initContainers{wait-for-nanomq}: Created container: wait-for-nanomq
  Normal  Started    77s   kubelet            spec.initContainers{wait-for-nanomq}: Started container wait-for-nanomq
  Normal  Pulled     76s   kubelet            spec.containers{hermod-coordinator}: Container image "hermod-coordinator:latest" already present on machine
  Normal  Created    76s   kubelet            spec.containers{hermod-coordinator}: Created container: hermod-coordinator
  Normal  Started    76s   kubelet            spec.containers{hermod-coordinator}: Started container hermod-coordinator


Name:             nanomq-7b9d5cfb76-w2sdx
Namespace:        coord-only
Priority:         0
Service Account:  default
Node:             <pi-host>/<pi-ip>
Start Time:       Mon, 27 Apr 2026 06:29:20 +0200
Labels:           app=nanomq
                  pod-template-hash=7b9d5cfb76
Annotations:      cni.projectcalico.org/containerID: bb4b0d09336be8e739726639a4a83b5dcfe1cade09505fa080f679230fc99668
                  cni.projectcalico.org/podIP: <pod-ip>/32
                  cni.projectcalico.org/podIPs: <pod-ip>/32
                  kubectl.kubernetes.io/restartedAt: 2026-04-27T06:29:18+02:00
Status:           Running
IP:               <pod-ip>
IPs:
  IP:           <pod-ip>
Controlled By:  ReplicaSet/nanomq-7b9d5cfb76
Containers:
  nanomq:
    Container ID:   containerd://e7de3c40b2fd239465a5ecda57757fe6f51589f2efc8974e7ef9d2f738eedcf1
    Image:          emqx/nanomq:0.21-slim
    Image ID:       docker.io/emqx/nanomq@sha256:53bea7acb547aced1cc45e08c514628f1e41c4da9ad544fd8c5fa96d3e9eb41b
    Ports:          1883/TCP (mqtt), 8081/TCP (http)
    Host Ports:     0/TCP (mqtt), 0/TCP (http)
    State:          Running
      Started:      Mon, 27 Apr 2026 06:29:21 +0200
    Ready:          True
    Restart Count:  0
    Limits:
      cpu:     1
      memory:  512Mi
    Requests:
      cpu:        50m
      memory:     64Mi
    Liveness:     tcp-socket :1883 delay=10s timeout=1s period=10s #success=1 #failure=3
    Readiness:    tcp-socket :1883 delay=3s timeout=1s period=5s #success=1 #failure=3
    Environment:  <none>
    Mounts:
      /etc/nanomq.conf from config (rw,path="nanomq.conf")
      /var/run/secrets/kubernetes.io/serviceaccount from kube-api-access-czxfg (ro)
Conditions:
  Type                        Status
  PodReadyToStartContainers   True 
  Initialized                 True 
  Ready                       True 
  ContainersReady             True 
  PodScheduled                True 
Volumes:
  config:
    Type:      ConfigMap (a volume populated by a ConfigMap)
    Name:      nanomq-config
    Optional:  false
  kube-api-access-czxfg:
    Type:                    Projected (a volume that contains injected data from multiple sources)
    TokenExpirationSeconds:  3607
    ConfigMapName:           kube-root-ca.crt
    Optional:                false
    DownwardAPI:             true
QoS Class:                   Burstable
Node-Selectors:              <none>
Tolerations:                 node.kubernetes.io/not-ready:NoExecute op=Exists for 300s
                             node.kubernetes.io/unreachable:NoExecute op=Exists for 300s
Events:
  Type    Reason     Age   From               Message
  ----    ------     ----  ----               -------
  Normal  Scheduled  96s   default-scheduler  Successfully assigned coord-only/nanomq-7b9d5cfb76-w2sdx to <pi-host>
  Normal  Pulled     96s   kubelet            spec.containers{nanomq}: Container image "emqx/nanomq:0.21-slim" already present on machine
  Normal  Created    96s   kubelet            spec.containers{nanomq}: Created container: nanomq
  Normal  Started    96s   kubelet            spec.containers{nanomq}: Started container nanomq


Name:             postgres-0
Namespace:        coord-only
Priority:         0
Service Account:  default
Node:             <pi-host>/<pi-ip>
Start Time:       Mon, 27 Apr 2026 04:16:57 +0200
Labels:           app=postgres
                  apps.kubernetes.io/pod-index=0
                  controller-revision-hash=postgres-6497897965
                  statefulset.kubernetes.io/pod-name=postgres-0
Annotations:      cni.projectcalico.org/containerID: 69fb4823b666d3d2a1395c00ab9b26a33337431372918fb41d9f85f42d91a056
                  cni.projectcalico.org/podIP: <pod-ip>/32
                  cni.projectcalico.org/podIPs: <pod-ip>/32
Status:           Running
IP:               <pod-ip>
IPs:
  IP:           <pod-ip>
Controlled By:  StatefulSet/postgres
Containers:
  postgres:
    Container ID:  containerd://adf8585ccc9b705cf0261f22f8e1c254a24670c72b998bb7a052f31e3a5ae5be
    Image:         postgres:17-alpine
    Image ID:      docker.io/library/postgres@sha256:778d0b486d6daa02b77434d0358ec57a1b21fd8b6d22ac2eef56a33e816928f6
    Port:          5432/TCP
    Host Port:     0/TCP
    Args:
      -c
      shared_buffers=256MB
      -c
      max_connections=200
      -c
      work_mem=16MB
    State:          Running
      Started:      Mon, 27 Apr 2026 04:16:58 +0200
    Ready:          True
    Restart Count:  0
    Limits:
      cpu:     1500m
      memory:  1536Mi
    Requests:
      cpu:      100m
      memory:   256Mi
    Liveness:   exec [pg_isready -U postgres] delay=30s timeout=1s period=10s #success=1 #failure=3
    Readiness:  exec [pg_isready -U postgres] delay=5s timeout=1s period=5s #success=1 #failure=3
    Environment:
      POSTGRES_DB:        postgres
      POSTGRES_USER:      postgres
      POSTGRES_PASSWORD:  <set to the key 'postgres-superuser-password' in secret 'hermod-secrets'>  Optional: false
    Mounts:
      /docker-entrypoint-initdb.d from init (rw)
      /var/lib/postgresql/data from data (rw)
      /var/run/secrets/kubernetes.io/serviceaccount from kube-api-access-79j56 (ro)
Conditions:
  Type                        Status
  PodReadyToStartContainers   True 
  Initialized                 True 
  Ready                       True 
  ContainersReady             True 
  PodScheduled                True 
Volumes:
  data:
    Type:       PersistentVolumeClaim (a reference to a PersistentVolumeClaim in the same namespace)
    ClaimName:  data-postgres-0
    ReadOnly:   false
  init:
    Type:      ConfigMap (a volume populated by a ConfigMap)
    Name:      postgres-init
    Optional:  false
  kube-api-access-79j56:
    Type:                    Projected (a volume that contains injected data from multiple sources)
    TokenExpirationSeconds:  3607
    ConfigMapName:           kube-root-ca.crt
    Optional:                false
    DownwardAPI:             true
QoS Class:                   Burstable
Node-Selectors:              <none>
Tolerations:                 node.kubernetes.io/not-ready:NoExecute op=Exists for 300s
                             node.kubernetes.io/unreachable:NoExecute op=Exists for 300s
Events:                      <none>

=== ts=1777264268 ===
Name:             hermod-coordinator-8579dc9775-mwrpl
Namespace:        coord-only
Priority:         0
Service Account:  default
Node:             <pi-host>/<pi-ip>
Start Time:       Mon, 27 Apr 2026 06:29:38 +0200
Labels:           app=hermod-coordinator
                  pod-template-hash=8579dc9775
Annotations:      cni.projectcalico.org/containerID: eadab08ac5b72f5cadaf58830e11afc3f665e711f6c228131bb6827b999cb694
                  cni.projectcalico.org/podIP: <pod-ip>/32
                  cni.projectcalico.org/podIPs: <pod-ip>/32
                  kubectl.kubernetes.io/restartedAt: 2026-04-27T06:29:18+02:00
Status:           Running
IP:               <pod-ip>
IPs:
  IP:           <pod-ip>
Controlled By:  ReplicaSet/hermod-coordinator-8579dc9775
Init Containers:
  wait-for-postgres:
    Container ID:  containerd://8b962abcdd328d17f7d00a643e7b344e2d1ded4582d4f2c0199e1131728b2f19
    Image:         busybox:1.36
    Image ID:      docker.io/library/busybox@sha256:73aaf090f3d85aa34ee199857f03fa3a95c8ede2ffd4cc2cdb5b94e566b11662
    Port:          <none>
    Host Port:     <none>
    Command:
      sh
      -c
      until nc -z postgres 5432; do sleep 2; done
    State:          Terminated
      Reason:       Completed
      Exit Code:    0
      Started:      Mon, 27 Apr 2026 06:29:39 +0200
      Finished:     Mon, 27 Apr 2026 06:29:39 +0200
    Ready:          True
    Restart Count:  0
    Environment:
      Hermod__Features__DeviceStateTracking:    true
      Hermod__Engine__LogBatchSize:             100
      Hermod__Engine__LogBatching:              true
      Hermod__Engine__Parallelism:              4
      Hermod__Features__MessagePersistence:     true
      Hermod__Features__RuleAuditLog:           true
      Hermod__Features__RuleCache:              true
      Hermod__Features__StatsRollup:            true
      Hermod__Storage__Mode:                    Postgres
      Logging__LogLevel__Hermod:                Information
      Logging__LogLevel__Microsoft.AspNetCore:  Warning
    Mounts:
      /var/run/secrets/kubernetes.io/serviceaccount from kube-api-access-wtnk2 (ro)
  wait-for-nanomq:
    Container ID:  containerd://12bf96af3da24d83bacf725ce21f7315f4cff75dbabff0ebe509b5717eda819d
    Image:         busybox:1.36
    Image ID:      docker.io/library/busybox@sha256:73aaf090f3d85aa34ee199857f03fa3a95c8ede2ffd4cc2cdb5b94e566b11662
    Port:          <none>
    Host Port:     <none>
    Command:
      sh
      -c
      until nc -z nanomq 1883; do sleep 2; done
    State:          Terminated
      Reason:       Completed
      Exit Code:    0
      Started:      Mon, 27 Apr 2026 06:29:40 +0200
      Finished:     Mon, 27 Apr 2026 06:29:40 +0200
    Ready:          True
    Restart Count:  0
    Environment:
      Hermod__Features__DeviceStateTracking:    true
      Hermod__Engine__LogBatchSize:             100
      Hermod__Engine__LogBatching:              true
      Hermod__Engine__Parallelism:              4
      Hermod__Features__MessagePersistence:     true
      Hermod__Features__RuleAuditLog:           true
      Hermod__Features__RuleCache:              true
      Hermod__Features__StatsRollup:            true
      Hermod__Storage__Mode:                    Postgres
      Logging__LogLevel__Hermod:                Information
      Logging__LogLevel__Microsoft.AspNetCore:  Warning
    Mounts:
      /var/run/secrets/kubernetes.io/serviceaccount from kube-api-access-wtnk2 (ro)
Containers:
  hermod-coordinator:
    Container ID:   containerd://77455bc8c4f225ec4eade18958b5943f029403fe678ab5938f7b4f311cf88123
    Image:          hermod-coordinator:latest
    Image ID:       sha256:ca91ccdfcd269dd5e4e25d5ffe8d863ca5db57e5c4f62f08c8adf90d23c15eaf
    Port:           42069/TCP (http)
    Host Port:      0/TCP (http)
    State:          Running
      Started:      Mon, 27 Apr 2026 06:29:41 +0200
    Ready:          True
    Restart Count:  0
    Limits:
      cpu:     1500m
      memory:  1536Mi
    Requests:
      cpu:      200m
      memory:   256Mi
    Liveness:   http-get http://:42069/healthz delay=60s timeout=1s period=30s #success=1 #failure=3
    Readiness:  http-get http://:42069/healthz/ready delay=5s timeout=1s period=10s #success=1 #failure=3
    Startup:    http-get http://:42069/healthz delay=0s timeout=1s period=5s #success=1 #failure=30
    Environment:
      ASPNETCORE_ENVIRONMENT:                   Production
      ASPNETCORE_URLS:                          http://+:42069
      DOTNET_USE_POLLING_FILE_WATCHER:          true
      Hermod__Security__AuthBypass:             true
      Hermod__Security__VaultRequireHttps:      false
      Hermod__Features__MetricsEndpoint:        true
      Hermod__Dev__Endpoints:                   true
      Hermod__Mqtt__Host:                       nanomq
      Hermod__Mqtt__Port:                       1883
      Hermod__Mqtt__UseTls:                     false
      Hermod__Mqtt__Tls__UseTls:                false
      Hermod__Mqtt__Username:                   <set to the key 'mqtt-username' in secret 'hermod-secrets'>  Optional: false
      Hermod__Mqtt__Password:                   <set to the key 'mqtt-password' in secret 'hermod-secrets'>  Optional: false
      Hermod__Database__ConnectionString:       Host=postgres;Port=5432;Database=hermod;Username=hermod_app
      Hermod__Database__Password:               <set to the key 'hermod-db-password' in secret 'hermod-db-credentials'>  Optional: false
      Hermod__Features__DeviceStateTracking:    true
      Hermod__Engine__LogBatchSize:             100
      Hermod__Engine__LogBatching:              true
      Hermod__Engine__Parallelism:              4
      Hermod__Features__MessagePersistence:     true
      Hermod__Features__RuleAuditLog:           true
      Hermod__Features__RuleCache:              true
      Hermod__Features__StatsRollup:            true
      Hermod__Storage__Mode:                    Postgres
      Logging__LogLevel__Hermod:                Information
      Logging__LogLevel__Microsoft.AspNetCore:  Warning
    Mounts:
      /var/run/secrets/kubernetes.io/serviceaccount from kube-api-access-wtnk2 (ro)
Conditions:
  Type                        Status
  PodReadyToStartContainers   True 
  Initialized                 True 
  Ready                       True 
  ContainersReady             True 
  PodScheduled                True 
Volumes:
  kube-api-access-wtnk2:
    Type:                    Projected (a volume that contains injected data from multiple sources)
    TokenExpirationSeconds:  3607
    ConfigMapName:           kube-root-ca.crt
    Optional:                false
    DownwardAPI:             true
QoS Class:                   Burstable
Node-Selectors:              <none>
Tolerations:                 node.kubernetes.io/not-ready:NoExecute op=Exists for 300s
                             node.kubernetes.io/unreachable:NoExecute op=Exists for 300s
Events:
  Type    Reason     Age   From               Message
  ----    ------     ----  ----               -------
  Normal  Scheduled  89s   default-scheduler  Successfully assigned coord-only/hermod-coordinator-8579dc9775-mwrpl to <pi-host>
  Normal  Pulled     89s   kubelet            spec.initContainers{wait-for-postgres}: Container image "busybox:1.36" already present on machine
  Normal  Created    89s   kubelet            spec.initContainers{wait-for-postgres}: Created container: wait-for-postgres
  Normal  Started    89s   kubelet            spec.initContainers{wait-for-postgres}: Started container wait-for-postgres
  Normal  Pulled     88s   kubelet            spec.initContainers{wait-for-nanomq}: Container image "busybox:1.36" already present on machine
  Normal  Created    88s   kubelet            spec.initContainers{wait-for-nanomq}: Created container: wait-for-nanomq
  Normal  Started    88s   kubelet            spec.initContainers{wait-for-nanomq}: Started container wait-for-nanomq
  Normal  Pulled     87s   kubelet            spec.containers{hermod-coordinator}: Container image "hermod-coordinator:latest" already present on machine
  Normal  Created    87s   kubelet            spec.containers{hermod-coordinator}: Created container: hermod-coordinator
  Normal  Started    87s   kubelet            spec.containers{hermod-coordinator}: Started container hermod-coordinator


Name:             nanomq-7b9d5cfb76-w2sdx
Namespace:        coord-only
Priority:         0
Service Account:  default
Node:             <pi-host>/<pi-ip>
Start Time:       Mon, 27 Apr 2026 06:29:20 +0200
Labels:           app=nanomq
                  pod-template-hash=7b9d5cfb76
Annotations:      cni.projectcalico.org/containerID: bb4b0d09336be8e739726639a4a83b5dcfe1cade09505fa080f679230fc99668
                  cni.projectcalico.org/podIP: <pod-ip>/32
                  cni.projectcalico.org/podIPs: <pod-ip>/32
                  kubectl.kubernetes.io/restartedAt: 2026-04-27T06:29:18+02:00
Status:           Running
IP:               <pod-ip>
IPs:
  IP:           <pod-ip>
Controlled By:  ReplicaSet/nanomq-7b9d5cfb76
Containers:
  nanomq:
    Container ID:   containerd://e7de3c40b2fd239465a5ecda57757fe6f51589f2efc8974e7ef9d2f738eedcf1
    Image:          emqx/nanomq:0.21-slim
    Image ID:       docker.io/emqx/nanomq@sha256:53bea7acb547aced1cc45e08c514628f1e41c4da9ad544fd8c5fa96d3e9eb41b
    Ports:          1883/TCP (mqtt), 8081/TCP (http)
    Host Ports:     0/TCP (mqtt), 0/TCP (http)
    State:          Running
      Started:      Mon, 27 Apr 2026 06:29:21 +0200
    Ready:          True
    Restart Count:  0
    Limits:
      cpu:     1
      memory:  512Mi
    Requests:
      cpu:        50m
      memory:     64Mi
    Liveness:     tcp-socket :1883 delay=10s timeout=1s period=10s #success=1 #failure=3
    Readiness:    tcp-socket :1883 delay=3s timeout=1s period=5s #success=1 #failure=3
    Environment:  <none>
    Mounts:
      /etc/nanomq.conf from config (rw,path="nanomq.conf")
      /var/run/secrets/kubernetes.io/serviceaccount from kube-api-access-czxfg (ro)
Conditions:
  Type                        Status
  PodReadyToStartContainers   True 
  Initialized                 True 
  Ready                       True 
  ContainersReady             True 
  PodScheduled                True 
Volumes:
  config:
    Type:      ConfigMap (a volume populated by a ConfigMap)
    Name:      nanomq-config
    Optional:  false
  kube-api-access-czxfg:
    Type:                    Projected (a volume that contains injected data from multiple sources)
    TokenExpirationSeconds:  3607
    ConfigMapName:           kube-root-ca.crt
    Optional:                false
    DownwardAPI:             true
QoS Class:                   Burstable
Node-Selectors:              <none>
Tolerations:                 node.kubernetes.io/not-ready:NoExecute op=Exists for 300s
                             node.kubernetes.io/unreachable:NoExecute op=Exists for 300s
Events:
  Type    Reason     Age   From               Message
  ----    ------     ----  ----               -------
  Normal  Scheduled  107s  default-scheduler  Successfully assigned coord-only/nanomq-7b9d5cfb76-w2sdx to <pi-host>
  Normal  Pulled     107s  kubelet            spec.containers{nanomq}: Container image "emqx/nanomq:0.21-slim" already present on machine
  Normal  Created    107s  kubelet            spec.containers{nanomq}: Created container: nanomq
  Normal  Started    107s  kubelet            spec.containers{nanomq}: Started container nanomq


Name:             postgres-0
Namespace:        coord-only
Priority:         0
Service Account:  default
Node:             <pi-host>/<pi-ip>
Start Time:       Mon, 27 Apr 2026 04:16:57 +0200
Labels:           app=postgres
                  apps.kubernetes.io/pod-index=0
                  controller-revision-hash=postgres-6497897965
                  statefulset.kubernetes.io/pod-name=postgres-0
Annotations:      cni.projectcalico.org/containerID: 69fb4823b666d3d2a1395c00ab9b26a33337431372918fb41d9f85f42d91a056
                  cni.projectcalico.org/podIP: <pod-ip>/32
                  cni.projectcalico.org/podIPs: <pod-ip>/32
Status:           Running
IP:               <pod-ip>
IPs:
  IP:           <pod-ip>
Controlled By:  StatefulSet/postgres
Containers:
  postgres:
    Container ID:  containerd://adf8585ccc9b705cf0261f22f8e1c254a24670c72b998bb7a052f31e3a5ae5be
    Image:         postgres:17-alpine
    Image ID:      docker.io/library/postgres@sha256:778d0b486d6daa02b77434d0358ec57a1b21fd8b6d22ac2eef56a33e816928f6
    Port:          5432/TCP
    Host Port:     0/TCP
    Args:
      -c
      shared_buffers=256MB
      -c
      max_connections=200
      -c
      work_mem=16MB
    State:          Running
      Started:      Mon, 27 Apr 2026 04:16:58 +0200
    Ready:          True
    Restart Count:  0
    Limits:
      cpu:     1500m
      memory:  1536Mi
    Requests:
      cpu:      100m
      memory:   256Mi
    Liveness:   exec [pg_isready -U postgres] delay=30s timeout=1s period=10s #success=1 #failure=3
    Readiness:  exec [pg_isready -U postgres] delay=5s timeout=1s period=5s #success=1 #failure=3
    Environment:
      POSTGRES_DB:        postgres
      POSTGRES_USER:      postgres
      POSTGRES_PASSWORD:  <set to the key 'postgres-superuser-password' in secret 'hermod-secrets'>  Optional: false
    Mounts:
      /docker-entrypoint-initdb.d from init (rw)
      /var/lib/postgresql/data from data (rw)
      /var/run/secrets/kubernetes.io/serviceaccount from kube-api-access-79j56 (ro)
Conditions:
  Type                        Status
  PodReadyToStartContainers   True 
  Initialized                 True 
  Ready                       True 
  ContainersReady             True 
  PodScheduled                True 
Volumes:
  data:
    Type:       PersistentVolumeClaim (a reference to a PersistentVolumeClaim in the same namespace)
    ClaimName:  data-postgres-0
    ReadOnly:   false
  init:
    Type:      ConfigMap (a volume populated by a ConfigMap)
    Name:      postgres-init
    Optional:  false
  kube-api-access-79j56:
    Type:                    Projected (a volume that contains injected data from multiple sources)
    TokenExpirationSeconds:  3607
    ConfigMapName:           kube-root-ca.crt
    Optional:                false
    DownwardAPI:             true
QoS Class:                   Burstable
Node-Selectors:              <none>
Tolerations:                 node.kubernetes.io/not-ready:NoExecute op=Exists for 300s
                             node.kubernetes.io/unreachable:NoExecute op=Exists for 300s
Events:                      <none>

=== ts=1777264279 ===
Name:             hermod-coordinator-8579dc9775-mwrpl
Namespace:        coord-only
Priority:         0
Service Account:  default
Node:             <pi-host>/<pi-ip>
Start Time:       Mon, 27 Apr 2026 06:29:38 +0200
Labels:           app=hermod-coordinator
                  pod-template-hash=8579dc9775
Annotations:      cni.projectcalico.org/containerID: eadab08ac5b72f5cadaf58830e11afc3f665e711f6c228131bb6827b999cb694
                  cni.projectcalico.org/podIP: <pod-ip>/32
                  cni.projectcalico.org/podIPs: <pod-ip>/32
                  kubectl.kubernetes.io/restartedAt: 2026-04-27T06:29:18+02:00
Status:           Running
IP:               <pod-ip>
IPs:
  IP:           <pod-ip>
Controlled By:  ReplicaSet/hermod-coordinator-8579dc9775
Init Containers:
  wait-for-postgres:
    Container ID:  containerd://8b962abcdd328d17f7d00a643e7b344e2d1ded4582d4f2c0199e1131728b2f19
    Image:         busybox:1.36
    Image ID:      docker.io/library/busybox@sha256:73aaf090f3d85aa34ee199857f03fa3a95c8ede2ffd4cc2cdb5b94e566b11662
    Port:          <none>
    Host Port:     <none>
    Command:
      sh
      -c
      until nc -z postgres 5432; do sleep 2; done
    State:          Terminated
      Reason:       Completed
      Exit Code:    0
      Started:      Mon, 27 Apr 2026 06:29:39 +0200
      Finished:     Mon, 27 Apr 2026 06:29:39 +0200
    Ready:          True
    Restart Count:  0
    Environment:
      Hermod__Features__DeviceStateTracking:    true
      Hermod__Engine__LogBatchSize:             100
      Hermod__Engine__LogBatching:              true
      Hermod__Engine__Parallelism:              4
      Hermod__Features__MessagePersistence:     true
      Hermod__Features__RuleAuditLog:           true
      Hermod__Features__RuleCache:              true
      Hermod__Features__StatsRollup:            true
      Hermod__Storage__Mode:                    Postgres
      Logging__LogLevel__Hermod:                Information
      Logging__LogLevel__Microsoft.AspNetCore:  Warning
    Mounts:
      /var/run/secrets/kubernetes.io/serviceaccount from kube-api-access-wtnk2 (ro)
  wait-for-nanomq:
    Container ID:  containerd://12bf96af3da24d83bacf725ce21f7315f4cff75dbabff0ebe509b5717eda819d
    Image:         busybox:1.36
    Image ID:      docker.io/library/busybox@sha256:73aaf090f3d85aa34ee199857f03fa3a95c8ede2ffd4cc2cdb5b94e566b11662
    Port:          <none>
    Host Port:     <none>
    Command:
      sh
      -c
      until nc -z nanomq 1883; do sleep 2; done
    State:          Terminated
      Reason:       Completed
      Exit Code:    0
      Started:      Mon, 27 Apr 2026 06:29:40 +0200
      Finished:     Mon, 27 Apr 2026 06:29:40 +0200
    Ready:          True
    Restart Count:  0
    Environment:
      Hermod__Features__DeviceStateTracking:    true
      Hermod__Engine__LogBatchSize:             100
      Hermod__Engine__LogBatching:              true
      Hermod__Engine__Parallelism:              4
      Hermod__Features__MessagePersistence:     true
      Hermod__Features__RuleAuditLog:           true
      Hermod__Features__RuleCache:              true
      Hermod__Features__StatsRollup:            true
      Hermod__Storage__Mode:                    Postgres
      Logging__LogLevel__Hermod:                Information
      Logging__LogLevel__Microsoft.AspNetCore:  Warning
    Mounts:
      /var/run/secrets/kubernetes.io/serviceaccount from kube-api-access-wtnk2 (ro)
Containers:
  hermod-coordinator:
    Container ID:   containerd://77455bc8c4f225ec4eade18958b5943f029403fe678ab5938f7b4f311cf88123
    Image:          hermod-coordinator:latest
    Image ID:       sha256:ca91ccdfcd269dd5e4e25d5ffe8d863ca5db57e5c4f62f08c8adf90d23c15eaf
    Port:           42069/TCP (http)
    Host Port:      0/TCP (http)
    State:          Running
      Started:      Mon, 27 Apr 2026 06:29:41 +0200
    Ready:          True
    Restart Count:  0
    Limits:
      cpu:     1500m
      memory:  1536Mi
    Requests:
      cpu:      200m
      memory:   256Mi
    Liveness:   http-get http://:42069/healthz delay=60s timeout=1s period=30s #success=1 #failure=3
    Readiness:  http-get http://:42069/healthz/ready delay=5s timeout=1s period=10s #success=1 #failure=3
    Startup:    http-get http://:42069/healthz delay=0s timeout=1s period=5s #success=1 #failure=30
    Environment:
      ASPNETCORE_ENVIRONMENT:                   Production
      ASPNETCORE_URLS:                          http://+:42069
      DOTNET_USE_POLLING_FILE_WATCHER:          true
      Hermod__Security__AuthBypass:             true
      Hermod__Security__VaultRequireHttps:      false
      Hermod__Features__MetricsEndpoint:        true
      Hermod__Dev__Endpoints:                   true
      Hermod__Mqtt__Host:                       nanomq
      Hermod__Mqtt__Port:                       1883
      Hermod__Mqtt__UseTls:                     false
      Hermod__Mqtt__Tls__UseTls:                false
      Hermod__Mqtt__Username:                   <set to the key 'mqtt-username' in secret 'hermod-secrets'>  Optional: false
      Hermod__Mqtt__Password:                   <set to the key 'mqtt-password' in secret 'hermod-secrets'>  Optional: false
      Hermod__Database__ConnectionString:       Host=postgres;Port=5432;Database=hermod;Username=hermod_app
      Hermod__Database__Password:               <set to the key 'hermod-db-password' in secret 'hermod-db-credentials'>  Optional: false
      Hermod__Features__DeviceStateTracking:    true
      Hermod__Engine__LogBatchSize:             100
      Hermod__Engine__LogBatching:              true
      Hermod__Engine__Parallelism:              4
      Hermod__Features__MessagePersistence:     true
      Hermod__Features__RuleAuditLog:           true
      Hermod__Features__RuleCache:              true
      Hermod__Features__StatsRollup:            true
      Hermod__Storage__Mode:                    Postgres
      Logging__LogLevel__Hermod:                Information
      Logging__LogLevel__Microsoft.AspNetCore:  Warning
    Mounts:
      /var/run/secrets/kubernetes.io/serviceaccount from kube-api-access-wtnk2 (ro)
Conditions:
  Type                        Status
  PodReadyToStartContainers   True 
  Initialized                 True 
  Ready                       True 
  ContainersReady             True 
  PodScheduled                True 
Volumes:
  kube-api-access-wtnk2:
    Type:                    Projected (a volume that contains injected data from multiple sources)
    TokenExpirationSeconds:  3607
    ConfigMapName:           kube-root-ca.crt
    Optional:                false
    DownwardAPI:             true
QoS Class:                   Burstable
Node-Selectors:              <none>
Tolerations:                 node.kubernetes.io/not-ready:NoExecute op=Exists for 300s
                             node.kubernetes.io/unreachable:NoExecute op=Exists for 300s
Events:
  Type    Reason     Age   From               Message
  ----    ------     ----  ----               -------
  Normal  Scheduled  100s  default-scheduler  Successfully assigned coord-only/hermod-coordinator-8579dc9775-mwrpl to <pi-host>
  Normal  Pulled     100s  kubelet            spec.initContainers{wait-for-postgres}: Container image "busybox:1.36" already present on machine
  Normal  Created    100s  kubelet            spec.initContainers{wait-for-postgres}: Created container: wait-for-postgres
  Normal  Started    100s  kubelet            spec.initContainers{wait-for-postgres}: Started container wait-for-postgres
  Normal  Pulled     99s   kubelet            spec.initContainers{wait-for-nanomq}: Container image "busybox:1.36" already present on machine
  Normal  Created    99s   kubelet            spec.initContainers{wait-for-nanomq}: Created container: wait-for-nanomq
  Normal  Started    99s   kubelet            spec.initContainers{wait-for-nanomq}: Started container wait-for-nanomq
  Normal  Pulled     98s   kubelet            spec.containers{hermod-coordinator}: Container image "hermod-coordinator:latest" already present on machine
  Normal  Created    98s   kubelet            spec.containers{hermod-coordinator}: Created container: hermod-coordinator
  Normal  Started    98s   kubelet            spec.containers{hermod-coordinator}: Started container hermod-coordinator


Name:             nanomq-7b9d5cfb76-w2sdx
Namespace:        coord-only
Priority:         0
Service Account:  default
Node:             <pi-host>/<pi-ip>
Start Time:       Mon, 27 Apr 2026 06:29:20 +0200
Labels:           app=nanomq
                  pod-template-hash=7b9d5cfb76
Annotations:      cni.projectcalico.org/containerID: bb4b0d09336be8e739726639a4a83b5dcfe1cade09505fa080f679230fc99668
                  cni.projectcalico.org/podIP: <pod-ip>/32
                  cni.projectcalico.org/podIPs: <pod-ip>/32
                  kubectl.kubernetes.io/restartedAt: 2026-04-27T06:29:18+02:00
Status:           Running
IP:               <pod-ip>
IPs:
  IP:           <pod-ip>
Controlled By:  ReplicaSet/nanomq-7b9d5cfb76
Containers:
  nanomq:
    Container ID:   containerd://e7de3c40b2fd239465a5ecda57757fe6f51589f2efc8974e7ef9d2f738eedcf1
    Image:          emqx/nanomq:0.21-slim
    Image ID:       docker.io/emqx/nanomq@sha256:53bea7acb547aced1cc45e08c514628f1e41c4da9ad544fd8c5fa96d3e9eb41b
    Ports:          1883/TCP (mqtt), 8081/TCP (http)
    Host Ports:     0/TCP (mqtt), 0/TCP (http)
    State:          Running
      Started:      Mon, 27 Apr 2026 06:29:21 +0200
    Ready:          True
    Restart Count:  0
    Limits:
      cpu:     1
      memory:  512Mi
    Requests:
      cpu:        50m
      memory:     64Mi
    Liveness:     tcp-socket :1883 delay=10s timeout=1s period=10s #success=1 #failure=3
    Readiness:    tcp-socket :1883 delay=3s timeout=1s period=5s #success=1 #failure=3
    Environment:  <none>
    Mounts:
      /etc/nanomq.conf from config (rw,path="nanomq.conf")
      /var/run/secrets/kubernetes.io/serviceaccount from kube-api-access-czxfg (ro)
Conditions:
  Type                        Status
  PodReadyToStartContainers   True 
  Initialized                 True 
  Ready                       True 
  ContainersReady             True 
  PodScheduled                True 
Volumes:
  config:
    Type:      ConfigMap (a volume populated by a ConfigMap)
    Name:      nanomq-config
    Optional:  false
  kube-api-access-czxfg:
    Type:                    Projected (a volume that contains injected data from multiple sources)
    TokenExpirationSeconds:  3607
    ConfigMapName:           kube-root-ca.crt
    Optional:                false
    DownwardAPI:             true
QoS Class:                   Burstable
Node-Selectors:              <none>
Tolerations:                 node.kubernetes.io/not-ready:NoExecute op=Exists for 300s
                             node.kubernetes.io/unreachable:NoExecute op=Exists for 300s
Events:
  Type    Reason     Age   From               Message
  ----    ------     ----  ----               -------
  Normal  Scheduled  118s  default-scheduler  Successfully assigned coord-only/nanomq-7b9d5cfb76-w2sdx to <pi-host>
  Normal  Pulled     118s  kubelet            spec.containers{nanomq}: Container image "emqx/nanomq:0.21-slim" already present on machine
  Normal  Created    118s  kubelet            spec.containers{nanomq}: Created container: nanomq
  Normal  Started    118s  kubelet            spec.containers{nanomq}: Started container nanomq


Name:             postgres-0
Namespace:        coord-only
Priority:         0
Service Account:  default
Node:             <pi-host>/<pi-ip>
Start Time:       Mon, 27 Apr 2026 04:16:57 +0200
Labels:           app=postgres
                  apps.kubernetes.io/pod-index=0
                  controller-revision-hash=postgres-6497897965
                  statefulset.kubernetes.io/pod-name=postgres-0
Annotations:      cni.projectcalico.org/containerID: 69fb4823b666d3d2a1395c00ab9b26a33337431372918fb41d9f85f42d91a056
                  cni.projectcalico.org/podIP: <pod-ip>/32
                  cni.projectcalico.org/podIPs: <pod-ip>/32
Status:           Running
IP:               <pod-ip>
IPs:
  IP:           <pod-ip>
Controlled By:  StatefulSet/postgres
Containers:
  postgres:
    Container ID:  containerd://adf8585ccc9b705cf0261f22f8e1c254a24670c72b998bb7a052f31e3a5ae5be
    Image:         postgres:17-alpine
    Image ID:      docker.io/library/postgres@sha256:778d0b486d6daa02b77434d0358ec57a1b21fd8b6d22ac2eef56a33e816928f6
    Port:          5432/TCP
    Host Port:     0/TCP
    Args:
      -c
      shared_buffers=256MB
      -c
      max_connections=200
      -c
      work_mem=16MB
    State:          Running
      Started:      Mon, 27 Apr 2026 04:16:58 +0200
    Ready:          True
    Restart Count:  0
    Limits:
      cpu:     1500m
      memory:  1536Mi
    Requests:
      cpu:      100m
      memory:   256Mi
    Liveness:   exec [pg_isready -U postgres] delay=30s timeout=1s period=10s #success=1 #failure=3
    Readiness:  exec [pg_isready -U postgres] delay=5s timeout=1s period=5s #success=1 #failure=3
    Environment:
      POSTGRES_DB:        postgres
      POSTGRES_USER:      postgres
      POSTGRES_PASSWORD:  <set to the key 'postgres-superuser-password' in secret 'hermod-secrets'>  Optional: false
    Mounts:
      /docker-entrypoint-initdb.d from init (rw)
      /var/lib/postgresql/data from data (rw)
      /var/run/secrets/kubernetes.io/serviceaccount from kube-api-access-79j56 (ro)
Conditions:
  Type                        Status
  PodReadyToStartContainers   True 
  Initialized                 True 
  Ready                       True 
  ContainersReady             True 
  PodScheduled                True 
Volumes:
  data:
    Type:       PersistentVolumeClaim (a reference to a PersistentVolumeClaim in the same namespace)
    ClaimName:  data-postgres-0
    ReadOnly:   false
  init:
    Type:      ConfigMap (a volume populated by a ConfigMap)
    Name:      postgres-init
    Optional:  false
  kube-api-access-79j56:
    Type:                    Projected (a volume that contains injected data from multiple sources)
    TokenExpirationSeconds:  3607
    ConfigMapName:           kube-root-ca.crt
    Optional:                false
    DownwardAPI:             true
QoS Class:                   Burstable
Node-Selectors:              <none>
Tolerations:                 node.kubernetes.io/not-ready:NoExecute op=Exists for 300s
                             node.kubernetes.io/unreachable:NoExecute op=Exists for 300s
Events:                      <none>

=== ts=1777264290 ===
Name:             hermod-coordinator-8579dc9775-mwrpl
Namespace:        coord-only
Priority:         0
Service Account:  default
Node:             <pi-host>/<pi-ip>
Start Time:       Mon, 27 Apr 2026 06:29:38 +0200
Labels:           app=hermod-coordinator
                  pod-template-hash=8579dc9775
Annotations:      cni.projectcalico.org/containerID: eadab08ac5b72f5cadaf58830e11afc3f665e711f6c228131bb6827b999cb694
                  cni.projectcalico.org/podIP: <pod-ip>/32
                  cni.projectcalico.org/podIPs: <pod-ip>/32
                  kubectl.kubernetes.io/restartedAt: 2026-04-27T06:29:18+02:00
Status:           Running
IP:               <pod-ip>
IPs:
  IP:           <pod-ip>
Controlled By:  ReplicaSet/hermod-coordinator-8579dc9775
Init Containers:
  wait-for-postgres:
    Container ID:  containerd://8b962abcdd328d17f7d00a643e7b344e2d1ded4582d4f2c0199e1131728b2f19
    Image:         busybox:1.36
    Image ID:      docker.io/library/busybox@sha256:73aaf090f3d85aa34ee199857f03fa3a95c8ede2ffd4cc2cdb5b94e566b11662
    Port:          <none>
    Host Port:     <none>
    Command:
      sh
      -c
      until nc -z postgres 5432; do sleep 2; done
    State:          Terminated
      Reason:       Completed
      Exit Code:    0
      Started:      Mon, 27 Apr 2026 06:29:39 +0200
      Finished:     Mon, 27 Apr 2026 06:29:39 +0200
    Ready:          True
    Restart Count:  0
    Environment:
      Hermod__Features__DeviceStateTracking:    true
      Hermod__Engine__LogBatchSize:             100
      Hermod__Engine__LogBatching:              true
      Hermod__Engine__Parallelism:              4
      Hermod__Features__MessagePersistence:     true
      Hermod__Features__RuleAuditLog:           true
      Hermod__Features__RuleCache:              true
      Hermod__Features__StatsRollup:            true
      Hermod__Storage__Mode:                    Postgres
      Logging__LogLevel__Hermod:                Information
      Logging__LogLevel__Microsoft.AspNetCore:  Warning
    Mounts:
      /var/run/secrets/kubernetes.io/serviceaccount from kube-api-access-wtnk2 (ro)
  wait-for-nanomq:
    Container ID:  containerd://12bf96af3da24d83bacf725ce21f7315f4cff75dbabff0ebe509b5717eda819d
    Image:         busybox:1.36
    Image ID:      docker.io/library/busybox@sha256:73aaf090f3d85aa34ee199857f03fa3a95c8ede2ffd4cc2cdb5b94e566b11662
    Port:          <none>
    Host Port:     <none>
    Command:
      sh
      -c
      until nc -z nanomq 1883; do sleep 2; done
    State:          Terminated
      Reason:       Completed
      Exit Code:    0
      Started:      Mon, 27 Apr 2026 06:29:40 +0200
      Finished:     Mon, 27 Apr 2026 06:29:40 +0200
    Ready:          True
    Restart Count:  0
    Environment:
      Hermod__Features__DeviceStateTracking:    true
      Hermod__Engine__LogBatchSize:             100
      Hermod__Engine__LogBatching:              true
      Hermod__Engine__Parallelism:              4
      Hermod__Features__MessagePersistence:     true
      Hermod__Features__RuleAuditLog:           true
      Hermod__Features__RuleCache:              true
      Hermod__Features__StatsRollup:            true
      Hermod__Storage__Mode:                    Postgres
      Logging__LogLevel__Hermod:                Information
      Logging__LogLevel__Microsoft.AspNetCore:  Warning
    Mounts:
      /var/run/secrets/kubernetes.io/serviceaccount from kube-api-access-wtnk2 (ro)
Containers:
  hermod-coordinator:
    Container ID:   containerd://77455bc8c4f225ec4eade18958b5943f029403fe678ab5938f7b4f311cf88123
    Image:          hermod-coordinator:latest
    Image ID:       sha256:ca91ccdfcd269dd5e4e25d5ffe8d863ca5db57e5c4f62f08c8adf90d23c15eaf
    Port:           42069/TCP (http)
    Host Port:      0/TCP (http)
    State:          Running
      Started:      Mon, 27 Apr 2026 06:29:41 +0200
    Ready:          True
    Restart Count:  0
    Limits:
      cpu:     1500m
      memory:  1536Mi
    Requests:
      cpu:      200m
      memory:   256Mi
    Liveness:   http-get http://:42069/healthz delay=60s timeout=1s period=30s #success=1 #failure=3
    Readiness:  http-get http://:42069/healthz/ready delay=5s timeout=1s period=10s #success=1 #failure=3
    Startup:    http-get http://:42069/healthz delay=0s timeout=1s period=5s #success=1 #failure=30
    Environment:
      ASPNETCORE_ENVIRONMENT:                   Production
      ASPNETCORE_URLS:                          http://+:42069
      DOTNET_USE_POLLING_FILE_WATCHER:          true
      Hermod__Security__AuthBypass:             true
      Hermod__Security__VaultRequireHttps:      false
      Hermod__Features__MetricsEndpoint:        true
      Hermod__Dev__Endpoints:                   true
      Hermod__Mqtt__Host:                       nanomq
      Hermod__Mqtt__Port:                       1883
      Hermod__Mqtt__UseTls:                     false
      Hermod__Mqtt__Tls__UseTls:                false
      Hermod__Mqtt__Username:                   <set to the key 'mqtt-username' in secret 'hermod-secrets'>  Optional: false
      Hermod__Mqtt__Password:                   <set to the key 'mqtt-password' in secret 'hermod-secrets'>  Optional: false
      Hermod__Database__ConnectionString:       Host=postgres;Port=5432;Database=hermod;Username=hermod_app
      Hermod__Database__Password:               <set to the key 'hermod-db-password' in secret 'hermod-db-credentials'>  Optional: false
      Hermod__Features__DeviceStateTracking:    true
      Hermod__Engine__LogBatchSize:             100
      Hermod__Engine__LogBatching:              true
      Hermod__Engine__Parallelism:              4
      Hermod__Features__MessagePersistence:     true
      Hermod__Features__RuleAuditLog:           true
      Hermod__Features__RuleCache:              true
      Hermod__Features__StatsRollup:            true
      Hermod__Storage__Mode:                    Postgres
      Logging__LogLevel__Hermod:                Information
      Logging__LogLevel__Microsoft.AspNetCore:  Warning
    Mounts:
      /var/run/secrets/kubernetes.io/serviceaccount from kube-api-access-wtnk2 (ro)
Conditions:
  Type                        Status
  PodReadyToStartContainers   True 
  Initialized                 True 
  Ready                       True 
  ContainersReady             True 
  PodScheduled                True 
Volumes:
  kube-api-access-wtnk2:
    Type:                    Projected (a volume that contains injected data from multiple sources)
    TokenExpirationSeconds:  3607
    ConfigMapName:           kube-root-ca.crt
    Optional:                false
    DownwardAPI:             true
QoS Class:                   Burstable
Node-Selectors:              <none>
Tolerations:                 node.kubernetes.io/not-ready:NoExecute op=Exists for 300s
                             node.kubernetes.io/unreachable:NoExecute op=Exists for 300s
Events:
  Type    Reason     Age   From               Message
  ----    ------     ----  ----               -------
  Normal  Scheduled  112s  default-scheduler  Successfully assigned coord-only/hermod-coordinator-8579dc9775-mwrpl to <pi-host>
  Normal  Pulled     111s  kubelet            spec.initContainers{wait-for-postgres}: Container image "busybox:1.36" already present on machine
  Normal  Created    111s  kubelet            spec.initContainers{wait-for-postgres}: Created container: wait-for-postgres
  Normal  Started    111s  kubelet            spec.initContainers{wait-for-postgres}: Started container wait-for-postgres
  Normal  Pulled     110s  kubelet            spec.initContainers{wait-for-nanomq}: Container image "busybox:1.36" already present on machine
  Normal  Created    110s  kubelet            spec.initContainers{wait-for-nanomq}: Created container: wait-for-nanomq
  Normal  Started    110s  kubelet            spec.initContainers{wait-for-nanomq}: Started container wait-for-nanomq
  Normal  Pulled     109s  kubelet            spec.containers{hermod-coordinator}: Container image "hermod-coordinator:latest" already present on machine
  Normal  Created    109s  kubelet            spec.containers{hermod-coordinator}: Created container: hermod-coordinator
  Normal  Started    109s  kubelet            spec.containers{hermod-coordinator}: Started container hermod-coordinator


Name:             nanomq-7b9d5cfb76-w2sdx
Namespace:        coord-only
Priority:         0
Service Account:  default
Node:             <pi-host>/<pi-ip>
Start Time:       Mon, 27 Apr 2026 06:29:20 +0200
Labels:           app=nanomq
                  pod-template-hash=7b9d5cfb76
Annotations:      cni.projectcalico.org/containerID: bb4b0d09336be8e739726639a4a83b5dcfe1cade09505fa080f679230fc99668
                  cni.projectcalico.org/podIP: <pod-ip>/32
                  cni.projectcalico.org/podIPs: <pod-ip>/32
                  kubectl.kubernetes.io/restartedAt: 2026-04-27T06:29:18+02:00
Status:           Running
IP:               <pod-ip>
IPs:
  IP:           <pod-ip>
Controlled By:  ReplicaSet/nanomq-7b9d5cfb76
Containers:
  nanomq:
    Container ID:   containerd://e7de3c40b2fd239465a5ecda57757fe6f51589f2efc8974e7ef9d2f738eedcf1
    Image:          emqx/nanomq:0.21-slim
    Image ID:       docker.io/emqx/nanomq@sha256:53bea7acb547aced1cc45e08c514628f1e41c4da9ad544fd8c5fa96d3e9eb41b
    Ports:          1883/TCP (mqtt), 8081/TCP (http)
    Host Ports:     0/TCP (mqtt), 0/TCP (http)
    State:          Running
      Started:      Mon, 27 Apr 2026 06:29:21 +0200
    Ready:          True
    Restart Count:  0
    Limits:
      cpu:     1
      memory:  512Mi
    Requests:
      cpu:        50m
      memory:     64Mi
    Liveness:     tcp-socket :1883 delay=10s timeout=1s period=10s #success=1 #failure=3
    Readiness:    tcp-socket :1883 delay=3s timeout=1s period=5s #success=1 #failure=3
    Environment:  <none>
    Mounts:
      /etc/nanomq.conf from config (rw,path="nanomq.conf")
      /var/run/secrets/kubernetes.io/serviceaccount from kube-api-access-czxfg (ro)
Conditions:
  Type                        Status
  PodReadyToStartContainers   True 
  Initialized                 True 
  Ready                       True 
  ContainersReady             True 
  PodScheduled                True 
Volumes:
  config:
    Type:      ConfigMap (a volume populated by a ConfigMap)
    Name:      nanomq-config
    Optional:  false
  kube-api-access-czxfg:
    Type:                    Projected (a volume that contains injected data from multiple sources)
    TokenExpirationSeconds:  3607
    ConfigMapName:           kube-root-ca.crt
    Optional:                false
    DownwardAPI:             true
QoS Class:                   Burstable
Node-Selectors:              <none>
Tolerations:                 node.kubernetes.io/not-ready:NoExecute op=Exists for 300s
                             node.kubernetes.io/unreachable:NoExecute op=Exists for 300s
Events:
  Type    Reason     Age    From               Message
  ----    ------     ----   ----               -------
  Normal  Scheduled  2m10s  default-scheduler  Successfully assigned coord-only/nanomq-7b9d5cfb76-w2sdx to <pi-host>
  Normal  Pulled     2m9s   kubelet            spec.containers{nanomq}: Container image "emqx/nanomq:0.21-slim" already present on machine
  Normal  Created    2m9s   kubelet            spec.containers{nanomq}: Created container: nanomq
  Normal  Started    2m9s   kubelet            spec.containers{nanomq}: Started container nanomq


Name:             postgres-0
Namespace:        coord-only
Priority:         0
Service Account:  default
Node:             <pi-host>/<pi-ip>
Start Time:       Mon, 27 Apr 2026 04:16:57 +0200
Labels:           app=postgres
                  apps.kubernetes.io/pod-index=0
                  controller-revision-hash=postgres-6497897965
                  statefulset.kubernetes.io/pod-name=postgres-0
Annotations:      cni.projectcalico.org/containerID: 69fb4823b666d3d2a1395c00ab9b26a33337431372918fb41d9f85f42d91a056
                  cni.projectcalico.org/podIP: <pod-ip>/32
                  cni.projectcalico.org/podIPs: <pod-ip>/32
Status:           Running
IP:               <pod-ip>
IPs:
  IP:           <pod-ip>
Controlled By:  StatefulSet/postgres
Containers:
  postgres:
    Container ID:  containerd://adf8585ccc9b705cf0261f22f8e1c254a24670c72b998bb7a052f31e3a5ae5be
    Image:         postgres:17-alpine
    Image ID:      docker.io/library/postgres@sha256:778d0b486d6daa02b77434d0358ec57a1b21fd8b6d22ac2eef56a33e816928f6
    Port:          5432/TCP
    Host Port:     0/TCP
    Args:
      -c
      shared_buffers=256MB
      -c
      max_connections=200
      -c
      work_mem=16MB
    State:          Running
      Started:      Mon, 27 Apr 2026 04:16:58 +0200
    Ready:          True
    Restart Count:  0
    Limits:
      cpu:     1500m
      memory:  1536Mi
    Requests:
      cpu:      100m
      memory:   256Mi
    Liveness:   exec [pg_isready -U postgres] delay=30s timeout=1s period=10s #success=1 #failure=3
    Readiness:  exec [pg_isready -U postgres] delay=5s timeout=1s period=5s #success=1 #failure=3
    Environment:
      POSTGRES_DB:        postgres
      POSTGRES_USER:      postgres
      POSTGRES_PASSWORD:  <set to the key 'postgres-superuser-password' in secret 'hermod-secrets'>  Optional: false
    Mounts:
      /docker-entrypoint-initdb.d from init (rw)
      /var/lib/postgresql/data from data (rw)
      /var/run/secrets/kubernetes.io/serviceaccount from kube-api-access-79j56 (ro)
Conditions:
  Type                        Status
  PodReadyToStartContainers   True 
  Initialized                 True 
  Ready                       True 
  ContainersReady             True 
  PodScheduled                True 
Volumes:
  data:
    Type:       PersistentVolumeClaim (a reference to a PersistentVolumeClaim in the same namespace)
    ClaimName:  data-postgres-0
    ReadOnly:   false
  init:
    Type:      ConfigMap (a volume populated by a ConfigMap)
    Name:      postgres-init
    Optional:  false
  kube-api-access-79j56:
    Type:                    Projected (a volume that contains injected data from multiple sources)
    TokenExpirationSeconds:  3607
    ConfigMapName:           kube-root-ca.crt
    Optional:                false
    DownwardAPI:             true
QoS Class:                   Burstable
Node-Selectors:              <none>
Tolerations:                 node.kubernetes.io/not-ready:NoExecute op=Exists for 300s
                             node.kubernetes.io/unreachable:NoExecute op=Exists for 300s
Events:                      <none>

=== ts=1777264301 ===
Name:             hermod-coordinator-8579dc9775-mwrpl
Namespace:        coord-only
Priority:         0
Service Account:  default
Node:             <pi-host>/<pi-ip>
Start Time:       Mon, 27 Apr 2026 06:29:38 +0200
Labels:           app=hermod-coordinator
                  pod-template-hash=8579dc9775
Annotations:      cni.projectcalico.org/containerID: eadab08ac5b72f5cadaf58830e11afc3f665e711f6c228131bb6827b999cb694
                  cni.projectcalico.org/podIP: <pod-ip>/32
                  cni.projectcalico.org/podIPs: <pod-ip>/32
                  kubectl.kubernetes.io/restartedAt: 2026-04-27T06:29:18+02:00
Status:           Running
IP:               <pod-ip>
IPs:
  IP:           <pod-ip>
Controlled By:  ReplicaSet/hermod-coordinator-8579dc9775
Init Containers:
  wait-for-postgres:
    Container ID:  containerd://8b962abcdd328d17f7d00a643e7b344e2d1ded4582d4f2c0199e1131728b2f19
    Image:         busybox:1.36
    Image ID:      docker.io/library/busybox@sha256:73aaf090f3d85aa34ee199857f03fa3a95c8ede2ffd4cc2cdb5b94e566b11662
    Port:          <none>
    Host Port:     <none>
    Command:
      sh
      -c
      until nc -z postgres 5432; do sleep 2; done
    State:          Terminated
      Reason:       Completed
      Exit Code:    0
      Started:      Mon, 27 Apr 2026 06:29:39 +0200
      Finished:     Mon, 27 Apr 2026 06:29:39 +0200
    Ready:          True
    Restart Count:  0
    Environment:
      Hermod__Features__DeviceStateTracking:    true
      Hermod__Engine__LogBatchSize:             100
      Hermod__Engine__LogBatching:              true
      Hermod__Engine__Parallelism:              4
      Hermod__Features__MessagePersistence:     true
      Hermod__Features__RuleAuditLog:           true
      Hermod__Features__RuleCache:              true
      Hermod__Features__StatsRollup:            true
      Hermod__Storage__Mode:                    Postgres
      Logging__LogLevel__Hermod:                Information
      Logging__LogLevel__Microsoft.AspNetCore:  Warning
    Mounts:
      /var/run/secrets/kubernetes.io/serviceaccount from kube-api-access-wtnk2 (ro)
  wait-for-nanomq:
    Container ID:  containerd://12bf96af3da24d83bacf725ce21f7315f4cff75dbabff0ebe509b5717eda819d
    Image:         busybox:1.36
    Image ID:      docker.io/library/busybox@sha256:73aaf090f3d85aa34ee199857f03fa3a95c8ede2ffd4cc2cdb5b94e566b11662
    Port:          <none>
    Host Port:     <none>
    Command:
      sh
      -c
      until nc -z nanomq 1883; do sleep 2; done
    State:          Terminated
      Reason:       Completed
      Exit Code:    0
      Started:      Mon, 27 Apr 2026 06:29:40 +0200
      Finished:     Mon, 27 Apr 2026 06:29:40 +0200
    Ready:          True
    Restart Count:  0
    Environment:
      Hermod__Features__DeviceStateTracking:    true
      Hermod__Engine__LogBatchSize:             100
      Hermod__Engine__LogBatching:              true
      Hermod__Engine__Parallelism:              4
      Hermod__Features__MessagePersistence:     true
      Hermod__Features__RuleAuditLog:           true
      Hermod__Features__RuleCache:              true
      Hermod__Features__StatsRollup:            true
      Hermod__Storage__Mode:                    Postgres
      Logging__LogLevel__Hermod:                Information
      Logging__LogLevel__Microsoft.AspNetCore:  Warning
    Mounts:
      /var/run/secrets/kubernetes.io/serviceaccount from kube-api-access-wtnk2 (ro)
Containers:
  hermod-coordinator:
    Container ID:   containerd://77455bc8c4f225ec4eade18958b5943f029403fe678ab5938f7b4f311cf88123
    Image:          hermod-coordinator:latest
    Image ID:       sha256:ca91ccdfcd269dd5e4e25d5ffe8d863ca5db57e5c4f62f08c8adf90d23c15eaf
    Port:           42069/TCP (http)
    Host Port:      0/TCP (http)
    State:          Running
      Started:      Mon, 27 Apr 2026 06:29:41 +0200
    Ready:          True
    Restart Count:  0
    Limits:
      cpu:     1500m
      memory:  1536Mi
    Requests:
      cpu:      200m
      memory:   256Mi
    Liveness:   http-get http://:42069/healthz delay=60s timeout=1s period=30s #success=1 #failure=3
    Readiness:  http-get http://:42069/healthz/ready delay=5s timeout=1s period=10s #success=1 #failure=3
    Startup:    http-get http://:42069/healthz delay=0s timeout=1s period=5s #success=1 #failure=30
    Environment:
      ASPNETCORE_ENVIRONMENT:                   Production
      ASPNETCORE_URLS:                          http://+:42069
      DOTNET_USE_POLLING_FILE_WATCHER:          true
      Hermod__Security__AuthBypass:             true
      Hermod__Security__VaultRequireHttps:      false
      Hermod__Features__MetricsEndpoint:        true
      Hermod__Dev__Endpoints:                   true
      Hermod__Mqtt__Host:                       nanomq
      Hermod__Mqtt__Port:                       1883
      Hermod__Mqtt__UseTls:                     false
      Hermod__Mqtt__Tls__UseTls:                false
      Hermod__Mqtt__Username:                   <set to the key 'mqtt-username' in secret 'hermod-secrets'>  Optional: false
      Hermod__Mqtt__Password:                   <set to the key 'mqtt-password' in secret 'hermod-secrets'>  Optional: false
      Hermod__Database__ConnectionString:       Host=postgres;Port=5432;Database=hermod;Username=hermod_app
      Hermod__Database__Password:               <set to the key 'hermod-db-password' in secret 'hermod-db-credentials'>  Optional: false
      Hermod__Features__DeviceStateTracking:    true
      Hermod__Engine__LogBatchSize:             100
      Hermod__Engine__LogBatching:              true
      Hermod__Engine__Parallelism:              4
      Hermod__Features__MessagePersistence:     true
      Hermod__Features__RuleAuditLog:           true
      Hermod__Features__RuleCache:              true
      Hermod__Features__StatsRollup:            true
      Hermod__Storage__Mode:                    Postgres
      Logging__LogLevel__Hermod:                Information
      Logging__LogLevel__Microsoft.AspNetCore:  Warning
    Mounts:
      /var/run/secrets/kubernetes.io/serviceaccount from kube-api-access-wtnk2 (ro)
Conditions:
  Type                        Status
  PodReadyToStartContainers   True 
  Initialized                 True 
  Ready                       True 
  ContainersReady             True 
  PodScheduled                True 
Volumes:
  kube-api-access-wtnk2:
    Type:                    Projected (a volume that contains injected data from multiple sources)
    TokenExpirationSeconds:  3607
    ConfigMapName:           kube-root-ca.crt
    Optional:                false
    DownwardAPI:             true
QoS Class:                   Burstable
Node-Selectors:              <none>
Tolerations:                 node.kubernetes.io/not-ready:NoExecute op=Exists for 300s
                             node.kubernetes.io/unreachable:NoExecute op=Exists for 300s
Events:
  Type    Reason     Age   From               Message
  ----    ------     ----  ----               -------
  Normal  Scheduled  2m3s  default-scheduler  Successfully assigned coord-only/hermod-coordinator-8579dc9775-mwrpl to <pi-host>
  Normal  Pulled     2m2s  kubelet            spec.initContainers{wait-for-postgres}: Container image "busybox:1.36" already present on machine
  Normal  Created    2m2s  kubelet            spec.initContainers{wait-for-postgres}: Created container: wait-for-postgres
  Normal  Started    2m2s  kubelet            spec.initContainers{wait-for-postgres}: Started container wait-for-postgres
  Normal  Pulled     2m1s  kubelet            spec.initContainers{wait-for-nanomq}: Container image "busybox:1.36" already present on machine
  Normal  Created    2m1s  kubelet            spec.initContainers{wait-for-nanomq}: Created container: wait-for-nanomq
  Normal  Started    2m1s  kubelet            spec.initContainers{wait-for-nanomq}: Started container wait-for-nanomq
  Normal  Pulled     2m    kubelet            spec.containers{hermod-coordinator}: Container image "hermod-coordinator:latest" already present on machine
  Normal  Created    2m    kubelet            spec.containers{hermod-coordinator}: Created container: hermod-coordinator
  Normal  Started    2m    kubelet            spec.containers{hermod-coordinator}: Started container hermod-coordinator


Name:             nanomq-7b9d5cfb76-w2sdx
Namespace:        coord-only
Priority:         0
Service Account:  default
Node:             <pi-host>/<pi-ip>
Start Time:       Mon, 27 Apr 2026 06:29:20 +0200
Labels:           app=nanomq
                  pod-template-hash=7b9d5cfb76
Annotations:      cni.projectcalico.org/containerID: bb4b0d09336be8e739726639a4a83b5dcfe1cade09505fa080f679230fc99668
                  cni.projectcalico.org/podIP: <pod-ip>/32
                  cni.projectcalico.org/podIPs: <pod-ip>/32
                  kubectl.kubernetes.io/restartedAt: 2026-04-27T06:29:18+02:00
Status:           Running
IP:               <pod-ip>
IPs:
  IP:           <pod-ip>
Controlled By:  ReplicaSet/nanomq-7b9d5cfb76
Containers:
  nanomq:
    Container ID:   containerd://e7de3c40b2fd239465a5ecda57757fe6f51589f2efc8974e7ef9d2f738eedcf1
    Image:          emqx/nanomq:0.21-slim
    Image ID:       docker.io/emqx/nanomq@sha256:53bea7acb547aced1cc45e08c514628f1e41c4da9ad544fd8c5fa96d3e9eb41b
    Ports:          1883/TCP (mqtt), 8081/TCP (http)
    Host Ports:     0/TCP (mqtt), 0/TCP (http)
    State:          Running
      Started:      Mon, 27 Apr 2026 06:29:21 +0200
    Ready:          True
    Restart Count:  0
    Limits:
      cpu:     1
      memory:  512Mi
    Requests:
      cpu:        50m
      memory:     64Mi
    Liveness:     tcp-socket :1883 delay=10s timeout=1s period=10s #success=1 #failure=3
    Readiness:    tcp-socket :1883 delay=3s timeout=1s period=5s #success=1 #failure=3
    Environment:  <none>
    Mounts:
      /etc/nanomq.conf from config (rw,path="nanomq.conf")
      /var/run/secrets/kubernetes.io/serviceaccount from kube-api-access-czxfg (ro)
Conditions:
  Type                        Status
  PodReadyToStartContainers   True 
  Initialized                 True 
  Ready                       True 
  ContainersReady             True 
  PodScheduled                True 
Volumes:
  config:
    Type:      ConfigMap (a volume populated by a ConfigMap)
    Name:      nanomq-config
    Optional:  false
  kube-api-access-czxfg:
    Type:                    Projected (a volume that contains injected data from multiple sources)
    TokenExpirationSeconds:  3607
    ConfigMapName:           kube-root-ca.crt
    Optional:                false
    DownwardAPI:             true
QoS Class:                   Burstable
Node-Selectors:              <none>
Tolerations:                 node.kubernetes.io/not-ready:NoExecute op=Exists for 300s
                             node.kubernetes.io/unreachable:NoExecute op=Exists for 300s
Events:
  Type    Reason     Age    From               Message
  ----    ------     ----   ----               -------
  Normal  Scheduled  2m21s  default-scheduler  Successfully assigned coord-only/nanomq-7b9d5cfb76-w2sdx to <pi-host>
  Normal  Pulled     2m20s  kubelet            spec.containers{nanomq}: Container image "emqx/nanomq:0.21-slim" already present on machine
  Normal  Created    2m20s  kubelet            spec.containers{nanomq}: Created container: nanomq
  Normal  Started    2m20s  kubelet            spec.containers{nanomq}: Started container nanomq


Name:             postgres-0
Namespace:        coord-only
Priority:         0
Service Account:  default
Node:             <pi-host>/<pi-ip>
Start Time:       Mon, 27 Apr 2026 04:16:57 +0200
Labels:           app=postgres
                  apps.kubernetes.io/pod-index=0
                  controller-revision-hash=postgres-6497897965
                  statefulset.kubernetes.io/pod-name=postgres-0
Annotations:      cni.projectcalico.org/containerID: 69fb4823b666d3d2a1395c00ab9b26a33337431372918fb41d9f85f42d91a056
                  cni.projectcalico.org/podIP: <pod-ip>/32
                  cni.projectcalico.org/podIPs: <pod-ip>/32
Status:           Running
IP:               <pod-ip>
IPs:
  IP:           <pod-ip>
Controlled By:  StatefulSet/postgres
Containers:
  postgres:
    Container ID:  containerd://adf8585ccc9b705cf0261f22f8e1c254a24670c72b998bb7a052f31e3a5ae5be
    Image:         postgres:17-alpine
    Image ID:      docker.io/library/postgres@sha256:778d0b486d6daa02b77434d0358ec57a1b21fd8b6d22ac2eef56a33e816928f6
    Port:          5432/TCP
    Host Port:     0/TCP
    Args:
      -c
      shared_buffers=256MB
      -c
      max_connections=200
      -c
      work_mem=16MB
    State:          Running
      Started:      Mon, 27 Apr 2026 04:16:58 +0200
    Ready:          True
    Restart Count:  0
    Limits:
      cpu:     1500m
      memory:  1536Mi
    Requests:
      cpu:      100m
      memory:   256Mi
    Liveness:   exec [pg_isready -U postgres] delay=30s timeout=1s period=10s #success=1 #failure=3
    Readiness:  exec [pg_isready -U postgres] delay=5s timeout=1s period=5s #success=1 #failure=3
    Environment:
      POSTGRES_DB:        postgres
      POSTGRES_USER:      postgres
      POSTGRES_PASSWORD:  <set to the key 'postgres-superuser-password' in secret 'hermod-secrets'>  Optional: false
    Mounts:
      /docker-entrypoint-initdb.d from init (rw)
      /var/lib/postgresql/data from data (rw)
      /var/run/secrets/kubernetes.io/serviceaccount from kube-api-access-79j56 (ro)
Conditions:
  Type                        Status
  PodReadyToStartContainers   True 
  Initialized                 True 
  Ready                       True 
  ContainersReady             True 
  PodScheduled                True 
Volumes:
  data:
    Type:       PersistentVolumeClaim (a reference to a PersistentVolumeClaim in the same namespace)
    ClaimName:  data-postgres-0
    ReadOnly:   false
  init:
    Type:      ConfigMap (a volume populated by a ConfigMap)
    Name:      postgres-init
    Optional:  false
  kube-api-access-79j56:
    Type:                    Projected (a volume that contains injected data from multiple sources)
    TokenExpirationSeconds:  3607
    ConfigMapName:           kube-root-ca.crt
    Optional:                false
    DownwardAPI:             true
QoS Class:                   Burstable
Node-Selectors:              <none>
Tolerations:                 node.kubernetes.io/not-ready:NoExecute op=Exists for 300s
                             node.kubernetes.io/unreachable:NoExecute op=Exists for 300s
Events:                      <none>

=== ts=1777264313 ===
Name:             hermod-coordinator-8579dc9775-mwrpl
Namespace:        coord-only
Priority:         0
Service Account:  default
Node:             <pi-host>/<pi-ip>
Start Time:       Mon, 27 Apr 2026 06:29:38 +0200
Labels:           app=hermod-coordinator
                  pod-template-hash=8579dc9775
Annotations:      cni.projectcalico.org/containerID: eadab08ac5b72f5cadaf58830e11afc3f665e711f6c228131bb6827b999cb694
                  cni.projectcalico.org/podIP: <pod-ip>/32
                  cni.projectcalico.org/podIPs: <pod-ip>/32
                  kubectl.kubernetes.io/restartedAt: 2026-04-27T06:29:18+02:00
Status:           Running
IP:               <pod-ip>
IPs:
  IP:           <pod-ip>
Controlled By:  ReplicaSet/hermod-coordinator-8579dc9775
Init Containers:
  wait-for-postgres:
    Container ID:  containerd://8b962abcdd328d17f7d00a643e7b344e2d1ded4582d4f2c0199e1131728b2f19
    Image:         busybox:1.36
    Image ID:      docker.io/library/busybox@sha256:73aaf090f3d85aa34ee199857f03fa3a95c8ede2ffd4cc2cdb5b94e566b11662
    Port:          <none>
    Host Port:     <none>
    Command:
      sh
      -c
      until nc -z postgres 5432; do sleep 2; done
    State:          Terminated
      Reason:       Completed
      Exit Code:    0
      Started:      Mon, 27 Apr 2026 06:29:39 +0200
      Finished:     Mon, 27 Apr 2026 06:29:39 +0200
    Ready:          True
    Restart Count:  0
    Environment:
      Hermod__Features__DeviceStateTracking:    true
      Hermod__Engine__LogBatchSize:             100
      Hermod__Engine__LogBatching:              true
      Hermod__Engine__Parallelism:              4
      Hermod__Features__MessagePersistence:     true
      Hermod__Features__RuleAuditLog:           true
      Hermod__Features__RuleCache:              true
      Hermod__Features__StatsRollup:            true
      Hermod__Storage__Mode:                    Postgres
      Logging__LogLevel__Hermod:                Information
      Logging__LogLevel__Microsoft.AspNetCore:  Warning
    Mounts:
      /var/run/secrets/kubernetes.io/serviceaccount from kube-api-access-wtnk2 (ro)
  wait-for-nanomq:
    Container ID:  containerd://12bf96af3da24d83bacf725ce21f7315f4cff75dbabff0ebe509b5717eda819d
    Image:         busybox:1.36
    Image ID:      docker.io/library/busybox@sha256:73aaf090f3d85aa34ee199857f03fa3a95c8ede2ffd4cc2cdb5b94e566b11662
    Port:          <none>
    Host Port:     <none>
    Command:
      sh
      -c
      until nc -z nanomq 1883; do sleep 2; done
    State:          Terminated
      Reason:       Completed
      Exit Code:    0
      Started:      Mon, 27 Apr 2026 06:29:40 +0200
      Finished:     Mon, 27 Apr 2026 06:29:40 +0200
    Ready:          True
    Restart Count:  0
    Environment:
      Hermod__Features__DeviceStateTracking:    true
      Hermod__Engine__LogBatchSize:             100
      Hermod__Engine__LogBatching:              true
      Hermod__Engine__Parallelism:              4
      Hermod__Features__MessagePersistence:     true
      Hermod__Features__RuleAuditLog:           true
      Hermod__Features__RuleCache:              true
      Hermod__Features__StatsRollup:            true
      Hermod__Storage__Mode:                    Postgres
      Logging__LogLevel__Hermod:                Information
      Logging__LogLevel__Microsoft.AspNetCore:  Warning
    Mounts:
      /var/run/secrets/kubernetes.io/serviceaccount from kube-api-access-wtnk2 (ro)
Containers:
  hermod-coordinator:
    Container ID:   containerd://77455bc8c4f225ec4eade18958b5943f029403fe678ab5938f7b4f311cf88123
    Image:          hermod-coordinator:latest
    Image ID:       sha256:ca91ccdfcd269dd5e4e25d5ffe8d863ca5db57e5c4f62f08c8adf90d23c15eaf
    Port:           42069/TCP (http)
    Host Port:      0/TCP (http)
    State:          Running
      Started:      Mon, 27 Apr 2026 06:29:41 +0200
    Ready:          True
    Restart Count:  0
    Limits:
      cpu:     1500m
      memory:  1536Mi
    Requests:
      cpu:      200m
      memory:   256Mi
    Liveness:   http-get http://:42069/healthz delay=60s timeout=1s period=30s #success=1 #failure=3
    Readiness:  http-get http://:42069/healthz/ready delay=5s timeout=1s period=10s #success=1 #failure=3
    Startup:    http-get http://:42069/healthz delay=0s timeout=1s period=5s #success=1 #failure=30
    Environment:
      ASPNETCORE_ENVIRONMENT:                   Production
      ASPNETCORE_URLS:                          http://+:42069
      DOTNET_USE_POLLING_FILE_WATCHER:          true
      Hermod__Security__AuthBypass:             true
      Hermod__Security__VaultRequireHttps:      false
      Hermod__Features__MetricsEndpoint:        true
      Hermod__Dev__Endpoints:                   true
      Hermod__Mqtt__Host:                       nanomq
      Hermod__Mqtt__Port:                       1883
      Hermod__Mqtt__UseTls:                     false
      Hermod__Mqtt__Tls__UseTls:                false
      Hermod__Mqtt__Username:                   <set to the key 'mqtt-username' in secret 'hermod-secrets'>  Optional: false
      Hermod__Mqtt__Password:                   <set to the key 'mqtt-password' in secret 'hermod-secrets'>  Optional: false
      Hermod__Database__ConnectionString:       Host=postgres;Port=5432;Database=hermod;Username=hermod_app
      Hermod__Database__Password:               <set to the key 'hermod-db-password' in secret 'hermod-db-credentials'>  Optional: false
      Hermod__Features__DeviceStateTracking:    true
      Hermod__Engine__LogBatchSize:             100
      Hermod__Engine__LogBatching:              true
      Hermod__Engine__Parallelism:              4
      Hermod__Features__MessagePersistence:     true
      Hermod__Features__RuleAuditLog:           true
      Hermod__Features__RuleCache:              true
      Hermod__Features__StatsRollup:            true
      Hermod__Storage__Mode:                    Postgres
      Logging__LogLevel__Hermod:                Information
      Logging__LogLevel__Microsoft.AspNetCore:  Warning
    Mounts:
      /var/run/secrets/kubernetes.io/serviceaccount from kube-api-access-wtnk2 (ro)
Conditions:
  Type                        Status
  PodReadyToStartContainers   True 
  Initialized                 True 
  Ready                       True 
  ContainersReady             True 
  PodScheduled                True 
Volumes:
  kube-api-access-wtnk2:
    Type:                    Projected (a volume that contains injected data from multiple sources)
    TokenExpirationSeconds:  3607
    ConfigMapName:           kube-root-ca.crt
    Optional:                false
    DownwardAPI:             true
QoS Class:                   Burstable
Node-Selectors:              <none>
Tolerations:                 node.kubernetes.io/not-ready:NoExecute op=Exists for 300s
                             node.kubernetes.io/unreachable:NoExecute op=Exists for 300s
Events:
  Type    Reason     Age    From               Message
  ----    ------     ----   ----               -------
  Normal  Scheduled  2m14s  default-scheduler  Successfully assigned coord-only/hermod-coordinator-8579dc9775-mwrpl to <pi-host>
  Normal  Pulled     2m14s  kubelet            spec.initContainers{wait-for-postgres}: Container image "busybox:1.36" already present on machine
  Normal  Created    2m14s  kubelet            spec.initContainers{wait-for-postgres}: Created container: wait-for-postgres
  Normal  Started    2m14s  kubelet            spec.initContainers{wait-for-postgres}: Started container wait-for-postgres
  Normal  Pulled     2m13s  kubelet            spec.initContainers{wait-for-nanomq}: Container image "busybox:1.36" already present on machine
  Normal  Created    2m13s  kubelet            spec.initContainers{wait-for-nanomq}: Created container: wait-for-nanomq
  Normal  Started    2m13s  kubelet            spec.initContainers{wait-for-nanomq}: Started container wait-for-nanomq
  Normal  Pulled     2m12s  kubelet            spec.containers{hermod-coordinator}: Container image "hermod-coordinator:latest" already present on machine
  Normal  Created    2m12s  kubelet            spec.containers{hermod-coordinator}: Created container: hermod-coordinator
  Normal  Started    2m12s  kubelet            spec.containers{hermod-coordinator}: Started container hermod-coordinator


Name:             nanomq-7b9d5cfb76-w2sdx
Namespace:        coord-only
Priority:         0
Service Account:  default
Node:             <pi-host>/<pi-ip>
Start Time:       Mon, 27 Apr 2026 06:29:20 +0200
Labels:           app=nanomq
                  pod-template-hash=7b9d5cfb76
Annotations:      cni.projectcalico.org/containerID: bb4b0d09336be8e739726639a4a83b5dcfe1cade09505fa080f679230fc99668
                  cni.projectcalico.org/podIP: <pod-ip>/32
                  cni.projectcalico.org/podIPs: <pod-ip>/32
                  kubectl.kubernetes.io/restartedAt: 2026-04-27T06:29:18+02:00
Status:           Running
IP:               <pod-ip>
IPs:
  IP:           <pod-ip>
Controlled By:  ReplicaSet/nanomq-7b9d5cfb76
Containers:
  nanomq:
    Container ID:   containerd://e7de3c40b2fd239465a5ecda57757fe6f51589f2efc8974e7ef9d2f738eedcf1
    Image:          emqx/nanomq:0.21-slim
    Image ID:       docker.io/emqx/nanomq@sha256:53bea7acb547aced1cc45e08c514628f1e41c4da9ad544fd8c5fa96d3e9eb41b
    Ports:          1883/TCP (mqtt), 8081/TCP (http)
    Host Ports:     0/TCP (mqtt), 0/TCP (http)
    State:          Running
      Started:      Mon, 27 Apr 2026 06:29:21 +0200
    Ready:          True
    Restart Count:  0
    Limits:
      cpu:     1
      memory:  512Mi
    Requests:
      cpu:        50m
      memory:     64Mi
    Liveness:     tcp-socket :1883 delay=10s timeout=1s period=10s #success=1 #failure=3
    Readiness:    tcp-socket :1883 delay=3s timeout=1s period=5s #success=1 #failure=3
    Environment:  <none>
    Mounts:
      /etc/nanomq.conf from config (rw,path="nanomq.conf")
      /var/run/secrets/kubernetes.io/serviceaccount from kube-api-access-czxfg (ro)
Conditions:
  Type                        Status
  PodReadyToStartContainers   True 
  Initialized                 True 
  Ready                       True 
  ContainersReady             True 
  PodScheduled                True 
Volumes:
  config:
    Type:      ConfigMap (a volume populated by a ConfigMap)
    Name:      nanomq-config
    Optional:  false
  kube-api-access-czxfg:
    Type:                    Projected (a volume that contains injected data from multiple sources)
    TokenExpirationSeconds:  3607
    ConfigMapName:           kube-root-ca.crt
    Optional:                false
    DownwardAPI:             true
QoS Class:                   Burstable
Node-Selectors:              <none>
Tolerations:                 node.kubernetes.io/not-ready:NoExecute op=Exists for 300s
                             node.kubernetes.io/unreachable:NoExecute op=Exists for 300s
Events:
  Type    Reason     Age    From               Message
  ----    ------     ----   ----               -------
  Normal  Scheduled  2m32s  default-scheduler  Successfully assigned coord-only/nanomq-7b9d5cfb76-w2sdx to <pi-host>
  Normal  Pulled     2m32s  kubelet            spec.containers{nanomq}: Container image "emqx/nanomq:0.21-slim" already present on machine
  Normal  Created    2m32s  kubelet            spec.containers{nanomq}: Created container: nanomq
  Normal  Started    2m32s  kubelet            spec.containers{nanomq}: Started container nanomq


Name:             postgres-0
Namespace:        coord-only
Priority:         0
Service Account:  default
Node:             <pi-host>/<pi-ip>
Start Time:       Mon, 27 Apr 2026 04:16:57 +0200
Labels:           app=postgres
                  apps.kubernetes.io/pod-index=0
                  controller-revision-hash=postgres-6497897965
                  statefulset.kubernetes.io/pod-name=postgres-0
Annotations:      cni.projectcalico.org/containerID: 69fb4823b666d3d2a1395c00ab9b26a33337431372918fb41d9f85f42d91a056
                  cni.projectcalico.org/podIP: <pod-ip>/32
                  cni.projectcalico.org/podIPs: <pod-ip>/32
Status:           Running
IP:               <pod-ip>
IPs:
  IP:           <pod-ip>
Controlled By:  StatefulSet/postgres
Containers:
  postgres:
    Container ID:  containerd://adf8585ccc9b705cf0261f22f8e1c254a24670c72b998bb7a052f31e3a5ae5be
    Image:         postgres:17-alpine
    Image ID:      docker.io/library/postgres@sha256:778d0b486d6daa02b77434d0358ec57a1b21fd8b6d22ac2eef56a33e816928f6
    Port:          5432/TCP
    Host Port:     0/TCP
    Args:
      -c
      shared_buffers=256MB
      -c
      max_connections=200
      -c
      work_mem=16MB
    State:          Running
      Started:      Mon, 27 Apr 2026 04:16:58 +0200
    Ready:          True
    Restart Count:  0
    Limits:
      cpu:     1500m
      memory:  1536Mi
    Requests:
      cpu:      100m
      memory:   256Mi
    Liveness:   exec [pg_isready -U postgres] delay=30s timeout=1s period=10s #success=1 #failure=3
    Readiness:  exec [pg_isready -U postgres] delay=5s timeout=1s period=5s #success=1 #failure=3
    Environment:
      POSTGRES_DB:        postgres
      POSTGRES_USER:      postgres
      POSTGRES_PASSWORD:  <set to the key 'postgres-superuser-password' in secret 'hermod-secrets'>  Optional: false
    Mounts:
      /docker-entrypoint-initdb.d from init (rw)
      /var/lib/postgresql/data from data (rw)
      /var/run/secrets/kubernetes.io/serviceaccount from kube-api-access-79j56 (ro)
Conditions:
  Type                        Status
  PodReadyToStartContainers   True 
  Initialized                 True 
  Ready                       True 
  ContainersReady             True 
  PodScheduled                True 
Volumes:
  data:
    Type:       PersistentVolumeClaim (a reference to a PersistentVolumeClaim in the same namespace)
    ClaimName:  data-postgres-0
    ReadOnly:   false
  init:
    Type:      ConfigMap (a volume populated by a ConfigMap)
    Name:      postgres-init
    Optional:  false
  kube-api-access-79j56:
    Type:                    Projected (a volume that contains injected data from multiple sources)
    TokenExpirationSeconds:  3607
    ConfigMapName:           kube-root-ca.crt
    Optional:                false
    DownwardAPI:             true
QoS Class:                   Burstable
Node-Selectors:              <none>
Tolerations:                 node.kubernetes.io/not-ready:NoExecute op=Exists for 300s
                             node.kubernetes.io/unreachable:NoExecute op=Exists for 300s
Events:                      <none>

=== ts=1777264325 ===
Name:             hermod-coordinator-8579dc9775-mwrpl
Namespace:        coord-only
Priority:         0
Service Account:  default
Node:             <pi-host>/<pi-ip>
Start Time:       Mon, 27 Apr 2026 06:29:38 +0200
Labels:           app=hermod-coordinator
                  pod-template-hash=8579dc9775
Annotations:      cni.projectcalico.org/containerID: eadab08ac5b72f5cadaf58830e11afc3f665e711f6c228131bb6827b999cb694
                  cni.projectcalico.org/podIP: <pod-ip>/32
                  cni.projectcalico.org/podIPs: <pod-ip>/32
                  kubectl.kubernetes.io/restartedAt: 2026-04-27T06:29:18+02:00
Status:           Running
IP:               <pod-ip>
IPs:
  IP:           <pod-ip>
Controlled By:  ReplicaSet/hermod-coordinator-8579dc9775
Init Containers:
  wait-for-postgres:
    Container ID:  containerd://8b962abcdd328d17f7d00a643e7b344e2d1ded4582d4f2c0199e1131728b2f19
    Image:         busybox:1.36
    Image ID:      docker.io/library/busybox@sha256:73aaf090f3d85aa34ee199857f03fa3a95c8ede2ffd4cc2cdb5b94e566b11662
    Port:          <none>
    Host Port:     <none>
    Command:
      sh
      -c
      until nc -z postgres 5432; do sleep 2; done
    State:          Terminated
      Reason:       Completed
      Exit Code:    0
      Started:      Mon, 27 Apr 2026 06:29:39 +0200
      Finished:     Mon, 27 Apr 2026 06:29:39 +0200
    Ready:          True
    Restart Count:  0
    Environment:
      Hermod__Features__DeviceStateTracking:    true
      Hermod__Engine__LogBatchSize:             100
      Hermod__Engine__LogBatching:              true
      Hermod__Engine__Parallelism:              4
      Hermod__Features__MessagePersistence:     true
      Hermod__Features__RuleAuditLog:           true
      Hermod__Features__RuleCache:              true
      Hermod__Features__StatsRollup:            true
      Hermod__Storage__Mode:                    Postgres
      Logging__LogLevel__Hermod:                Information
      Logging__LogLevel__Microsoft.AspNetCore:  Warning
    Mounts:
      /var/run/secrets/kubernetes.io/serviceaccount from kube-api-access-wtnk2 (ro)
  wait-for-nanomq:
    Container ID:  containerd://12bf96af3da24d83bacf725ce21f7315f4cff75dbabff0ebe509b5717eda819d
    Image:         busybox:1.36
    Image ID:      docker.io/library/busybox@sha256:73aaf090f3d85aa34ee199857f03fa3a95c8ede2ffd4cc2cdb5b94e566b11662
    Port:          <none>
    Host Port:     <none>
    Command:
      sh
      -c
      until nc -z nanomq 1883; do sleep 2; done
    State:          Terminated
      Reason:       Completed
      Exit Code:    0
      Started:      Mon, 27 Apr 2026 06:29:40 +0200
      Finished:     Mon, 27 Apr 2026 06:29:40 +0200
    Ready:          True
    Restart Count:  0
    Environment:
      Hermod__Features__DeviceStateTracking:    true
      Hermod__Engine__LogBatchSize:             100
      Hermod__Engine__LogBatching:              true
      Hermod__Engine__Parallelism:              4
      Hermod__Features__MessagePersistence:     true
      Hermod__Features__RuleAuditLog:           true
      Hermod__Features__RuleCache:              true
      Hermod__Features__StatsRollup:            true
      Hermod__Storage__Mode:                    Postgres
      Logging__LogLevel__Hermod:                Information
      Logging__LogLevel__Microsoft.AspNetCore:  Warning
    Mounts:
      /var/run/secrets/kubernetes.io/serviceaccount from kube-api-access-wtnk2 (ro)
Containers:
  hermod-coordinator:
    Container ID:   containerd://77455bc8c4f225ec4eade18958b5943f029403fe678ab5938f7b4f311cf88123
    Image:          hermod-coordinator:latest
    Image ID:       sha256:ca91ccdfcd269dd5e4e25d5ffe8d863ca5db57e5c4f62f08c8adf90d23c15eaf
    Port:           42069/TCP (http)
    Host Port:      0/TCP (http)
    State:          Running
      Started:      Mon, 27 Apr 2026 06:29:41 +0200
    Ready:          True
    Restart Count:  0
    Limits:
      cpu:     1500m
      memory:  1536Mi
    Requests:
      cpu:      200m
      memory:   256Mi
    Liveness:   http-get http://:42069/healthz delay=60s timeout=1s period=30s #success=1 #failure=3
    Readiness:  http-get http://:42069/healthz/ready delay=5s timeout=1s period=10s #success=1 #failure=3
    Startup:    http-get http://:42069/healthz delay=0s timeout=1s period=5s #success=1 #failure=30
    Environment:
      ASPNETCORE_ENVIRONMENT:                   Production
      ASPNETCORE_URLS:                          http://+:42069
      DOTNET_USE_POLLING_FILE_WATCHER:          true
      Hermod__Security__AuthBypass:             true
      Hermod__Security__VaultRequireHttps:      false
      Hermod__Features__MetricsEndpoint:        true
      Hermod__Dev__Endpoints:                   true
      Hermod__Mqtt__Host:                       nanomq
      Hermod__Mqtt__Port:                       1883
      Hermod__Mqtt__UseTls:                     false
      Hermod__Mqtt__Tls__UseTls:                false
      Hermod__Mqtt__Username:                   <set to the key 'mqtt-username' in secret 'hermod-secrets'>  Optional: false
      Hermod__Mqtt__Password:                   <set to the key 'mqtt-password' in secret 'hermod-secrets'>  Optional: false
      Hermod__Database__ConnectionString:       Host=postgres;Port=5432;Database=hermod;Username=hermod_app
      Hermod__Database__Password:               <set to the key 'hermod-db-password' in secret 'hermod-db-credentials'>  Optional: false
      Hermod__Features__DeviceStateTracking:    true
      Hermod__Engine__LogBatchSize:             100
      Hermod__Engine__LogBatching:              true
      Hermod__Engine__Parallelism:              4
      Hermod__Features__MessagePersistence:     true
      Hermod__Features__RuleAuditLog:           true
      Hermod__Features__RuleCache:              true
      Hermod__Features__StatsRollup:            true
      Hermod__Storage__Mode:                    Postgres
      Logging__LogLevel__Hermod:                Information
      Logging__LogLevel__Microsoft.AspNetCore:  Warning
    Mounts:
      /var/run/secrets/kubernetes.io/serviceaccount from kube-api-access-wtnk2 (ro)
Conditions:
  Type                        Status
  PodReadyToStartContainers   True 
  Initialized                 True 
  Ready                       True 
  ContainersReady             True 
  PodScheduled                True 
Volumes:
  kube-api-access-wtnk2:
    Type:                    Projected (a volume that contains injected data from multiple sources)
    TokenExpirationSeconds:  3607
    ConfigMapName:           kube-root-ca.crt
    Optional:                false
    DownwardAPI:             true
QoS Class:                   Burstable
Node-Selectors:              <none>
Tolerations:                 node.kubernetes.io/not-ready:NoExecute op=Exists for 300s
                             node.kubernetes.io/unreachable:NoExecute op=Exists for 300s
Events:
  Type    Reason     Age    From               Message
  ----    ------     ----   ----               -------
  Normal  Scheduled  2m26s  default-scheduler  Successfully assigned coord-only/hermod-coordinator-8579dc9775-mwrpl to <pi-host>
  Normal  Pulled     2m26s  kubelet            spec.initContainers{wait-for-postgres}: Container image "busybox:1.36" already present on machine
  Normal  Created    2m26s  kubelet            spec.initContainers{wait-for-postgres}: Created container: wait-for-postgres
  Normal  Started    2m26s  kubelet            spec.initContainers{wait-for-postgres}: Started container wait-for-postgres
  Normal  Pulled     2m25s  kubelet            spec.initContainers{wait-for-nanomq}: Container image "busybox:1.36" already present on machine
  Normal  Created    2m25s  kubelet            spec.initContainers{wait-for-nanomq}: Created container: wait-for-nanomq
  Normal  Started    2m25s  kubelet            spec.initContainers{wait-for-nanomq}: Started container wait-for-nanomq
  Normal  Pulled     2m24s  kubelet            spec.containers{hermod-coordinator}: Container image "hermod-coordinator:latest" already present on machine
  Normal  Created    2m24s  kubelet            spec.containers{hermod-coordinator}: Created container: hermod-coordinator
  Normal  Started    2m24s  kubelet            spec.containers{hermod-coordinator}: Started container hermod-coordinator


Name:             nanomq-7b9d5cfb76-w2sdx
Namespace:        coord-only
Priority:         0
Service Account:  default
Node:             <pi-host>/<pi-ip>
Start Time:       Mon, 27 Apr 2026 06:29:20 +0200
Labels:           app=nanomq
                  pod-template-hash=7b9d5cfb76
Annotations:      cni.projectcalico.org/containerID: bb4b0d09336be8e739726639a4a83b5dcfe1cade09505fa080f679230fc99668
                  cni.projectcalico.org/podIP: <pod-ip>/32
                  cni.projectcalico.org/podIPs: <pod-ip>/32
                  kubectl.kubernetes.io/restartedAt: 2026-04-27T06:29:18+02:00
Status:           Running
IP:               <pod-ip>
IPs:
  IP:           <pod-ip>
Controlled By:  ReplicaSet/nanomq-7b9d5cfb76
Containers:
  nanomq:
    Container ID:   containerd://e7de3c40b2fd239465a5ecda57757fe6f51589f2efc8974e7ef9d2f738eedcf1
    Image:          emqx/nanomq:0.21-slim
    Image ID:       docker.io/emqx/nanomq@sha256:53bea7acb547aced1cc45e08c514628f1e41c4da9ad544fd8c5fa96d3e9eb41b
    Ports:          1883/TCP (mqtt), 8081/TCP (http)
    Host Ports:     0/TCP (mqtt), 0/TCP (http)
    State:          Running
      Started:      Mon, 27 Apr 2026 06:29:21 +0200
    Ready:          True
    Restart Count:  0
    Limits:
      cpu:     1
      memory:  512Mi
    Requests:
      cpu:        50m
      memory:     64Mi
    Liveness:     tcp-socket :1883 delay=10s timeout=1s period=10s #success=1 #failure=3
    Readiness:    tcp-socket :1883 delay=3s timeout=1s period=5s #success=1 #failure=3
    Environment:  <none>
    Mounts:
      /etc/nanomq.conf from config (rw,path="nanomq.conf")
      /var/run/secrets/kubernetes.io/serviceaccount from kube-api-access-czxfg (ro)
Conditions:
  Type                        Status
  PodReadyToStartContainers   True 
  Initialized                 True 
  Ready                       True 
  ContainersReady             True 
  PodScheduled                True 
Volumes:
  config:
    Type:      ConfigMap (a volume populated by a ConfigMap)
    Name:      nanomq-config
    Optional:  false
  kube-api-access-czxfg:
    Type:                    Projected (a volume that contains injected data from multiple sources)
    TokenExpirationSeconds:  3607
    ConfigMapName:           kube-root-ca.crt
    Optional:                false
    DownwardAPI:             true
QoS Class:                   Burstable
Node-Selectors:              <none>
Tolerations:                 node.kubernetes.io/not-ready:NoExecute op=Exists for 300s
                             node.kubernetes.io/unreachable:NoExecute op=Exists for 300s
Events:
  Type    Reason     Age    From               Message
  ----    ------     ----   ----               -------
  Normal  Scheduled  2m44s  default-scheduler  Successfully assigned coord-only/nanomq-7b9d5cfb76-w2sdx to <pi-host>
  Normal  Pulled     2m44s  kubelet            spec.containers{nanomq}: Container image "emqx/nanomq:0.21-slim" already present on machine
  Normal  Created    2m44s  kubelet            spec.containers{nanomq}: Created container: nanomq
  Normal  Started    2m44s  kubelet            spec.containers{nanomq}: Started container nanomq


Name:             postgres-0
Namespace:        coord-only
Priority:         0
Service Account:  default
Node:             <pi-host>/<pi-ip>
Start Time:       Mon, 27 Apr 2026 04:16:57 +0200
Labels:           app=postgres
                  apps.kubernetes.io/pod-index=0
                  controller-revision-hash=postgres-6497897965
                  statefulset.kubernetes.io/pod-name=postgres-0
Annotations:      cni.projectcalico.org/containerID: 69fb4823b666d3d2a1395c00ab9b26a33337431372918fb41d9f85f42d91a056
                  cni.projectcalico.org/podIP: <pod-ip>/32
                  cni.projectcalico.org/podIPs: <pod-ip>/32
Status:           Running
IP:               <pod-ip>
IPs:
  IP:           <pod-ip>
Controlled By:  StatefulSet/postgres
Containers:
  postgres:
    Container ID:  containerd://adf8585ccc9b705cf0261f22f8e1c254a24670c72b998bb7a052f31e3a5ae5be
    Image:         postgres:17-alpine
    Image ID:      docker.io/library/postgres@sha256:778d0b486d6daa02b77434d0358ec57a1b21fd8b6d22ac2eef56a33e816928f6
    Port:          5432/TCP
    Host Port:     0/TCP
    Args:
      -c
      shared_buffers=256MB
      -c
      max_connections=200
      -c
      work_mem=16MB
    State:          Running
      Started:      Mon, 27 Apr 2026 04:16:58 +0200
    Ready:          True
    Restart Count:  0
    Limits:
      cpu:     1500m
      memory:  1536Mi
    Requests:
      cpu:      100m
      memory:   256Mi
    Liveness:   exec [pg_isready -U postgres] delay=30s timeout=1s period=10s #success=1 #failure=3
    Readiness:  exec [pg_isready -U postgres] delay=5s timeout=1s period=5s #success=1 #failure=3
    Environment:
      POSTGRES_DB:        postgres
      POSTGRES_USER:      postgres
      POSTGRES_PASSWORD:  <set to the key 'postgres-superuser-password' in secret 'hermod-secrets'>  Optional: false
    Mounts:
      /docker-entrypoint-initdb.d from init (rw)
      /var/lib/postgresql/data from data (rw)
      /var/run/secrets/kubernetes.io/serviceaccount from kube-api-access-79j56 (ro)
Conditions:
  Type                        Status
  PodReadyToStartContainers   True 
  Initialized                 True 
  Ready                       True 
  ContainersReady             True 
  PodScheduled                True 
Volumes:
  data:
    Type:       PersistentVolumeClaim (a reference to a PersistentVolumeClaim in the same namespace)
    ClaimName:  data-postgres-0
    ReadOnly:   false
  init:
    Type:      ConfigMap (a volume populated by a ConfigMap)
    Name:      postgres-init
    Optional:  false
  kube-api-access-79j56:
    Type:                    Projected (a volume that contains injected data from multiple sources)
    TokenExpirationSeconds:  3607
    ConfigMapName:           kube-root-ca.crt
    Optional:                false
    DownwardAPI:             true
QoS Class:                   Burstable
Node-Selectors:              <none>
Tolerations:                 node.kubernetes.io/not-ready:NoExecute op=Exists for 300s
                             node.kubernetes.io/unreachable:NoExecute op=Exists for 300s
Events:                      <none>

=== ts=1777264336 ===
Name:             hermod-coordinator-8579dc9775-mwrpl
Namespace:        coord-only
Priority:         0
Service Account:  default
Node:             <pi-host>/<pi-ip>
Start Time:       Mon, 27 Apr 2026 06:29:38 +0200
Labels:           app=hermod-coordinator
                  pod-template-hash=8579dc9775
Annotations:      cni.projectcalico.org/containerID: eadab08ac5b72f5cadaf58830e11afc3f665e711f6c228131bb6827b999cb694
                  cni.projectcalico.org/podIP: <pod-ip>/32
                  cni.projectcalico.org/podIPs: <pod-ip>/32
                  kubectl.kubernetes.io/restartedAt: 2026-04-27T06:29:18+02:00
Status:           Running
IP:               <pod-ip>
IPs:
  IP:           <pod-ip>
Controlled By:  ReplicaSet/hermod-coordinator-8579dc9775
Init Containers:
  wait-for-postgres:
    Container ID:  containerd://8b962abcdd328d17f7d00a643e7b344e2d1ded4582d4f2c0199e1131728b2f19
    Image:         busybox:1.36
    Image ID:      docker.io/library/busybox@sha256:73aaf090f3d85aa34ee199857f03fa3a95c8ede2ffd4cc2cdb5b94e566b11662
    Port:          <none>
    Host Port:     <none>
    Command:
      sh
      -c
      until nc -z postgres 5432; do sleep 2; done
    State:          Terminated
      Reason:       Completed
      Exit Code:    0
      Started:      Mon, 27 Apr 2026 06:29:39 +0200
      Finished:     Mon, 27 Apr 2026 06:29:39 +0200
    Ready:          True
    Restart Count:  0
    Environment:
      Hermod__Features__DeviceStateTracking:    true
      Hermod__Engine__LogBatchSize:             100
      Hermod__Engine__LogBatching:              true
      Hermod__Engine__Parallelism:              4
      Hermod__Features__MessagePersistence:     true
      Hermod__Features__RuleAuditLog:           true
      Hermod__Features__RuleCache:              true
      Hermod__Features__StatsRollup:            true
      Hermod__Storage__Mode:                    Postgres
      Logging__LogLevel__Hermod:                Information
      Logging__LogLevel__Microsoft.AspNetCore:  Warning
    Mounts:
      /var/run/secrets/kubernetes.io/serviceaccount from kube-api-access-wtnk2 (ro)
  wait-for-nanomq:
    Container ID:  containerd://12bf96af3da24d83bacf725ce21f7315f4cff75dbabff0ebe509b5717eda819d
    Image:         busybox:1.36
    Image ID:      docker.io/library/busybox@sha256:73aaf090f3d85aa34ee199857f03fa3a95c8ede2ffd4cc2cdb5b94e566b11662
    Port:          <none>
    Host Port:     <none>
    Command:
      sh
      -c
      until nc -z nanomq 1883; do sleep 2; done
    State:          Terminated
      Reason:       Completed
      Exit Code:    0
      Started:      Mon, 27 Apr 2026 06:29:40 +0200
      Finished:     Mon, 27 Apr 2026 06:29:40 +0200
    Ready:          True
    Restart Count:  0
    Environment:
      Hermod__Features__DeviceStateTracking:    true
      Hermod__Engine__LogBatchSize:             100
      Hermod__Engine__LogBatching:              true
      Hermod__Engine__Parallelism:              4
      Hermod__Features__MessagePersistence:     true
      Hermod__Features__RuleAuditLog:           true
      Hermod__Features__RuleCache:              true
      Hermod__Features__StatsRollup:            true
      Hermod__Storage__Mode:                    Postgres
      Logging__LogLevel__Hermod:                Information
      Logging__LogLevel__Microsoft.AspNetCore:  Warning
    Mounts:
      /var/run/secrets/kubernetes.io/serviceaccount from kube-api-access-wtnk2 (ro)
Containers:
  hermod-coordinator:
    Container ID:   containerd://77455bc8c4f225ec4eade18958b5943f029403fe678ab5938f7b4f311cf88123
    Image:          hermod-coordinator:latest
    Image ID:       sha256:ca91ccdfcd269dd5e4e25d5ffe8d863ca5db57e5c4f62f08c8adf90d23c15eaf
    Port:           42069/TCP (http)
    Host Port:      0/TCP (http)
    State:          Running
      Started:      Mon, 27 Apr 2026 06:29:41 +0200
    Ready:          True
    Restart Count:  0
    Limits:
      cpu:     1500m
      memory:  1536Mi
    Requests:
      cpu:      200m
      memory:   256Mi
    Liveness:   http-get http://:42069/healthz delay=60s timeout=1s period=30s #success=1 #failure=3
    Readiness:  http-get http://:42069/healthz/ready delay=5s timeout=1s period=10s #success=1 #failure=3
    Startup:    http-get http://:42069/healthz delay=0s timeout=1s period=5s #success=1 #failure=30
    Environment:
      ASPNETCORE_ENVIRONMENT:                   Production
      ASPNETCORE_URLS:                          http://+:42069
      DOTNET_USE_POLLING_FILE_WATCHER:          true
      Hermod__Security__AuthBypass:             true
      Hermod__Security__VaultRequireHttps:      false
      Hermod__Features__MetricsEndpoint:        true
      Hermod__Dev__Endpoints:                   true
      Hermod__Mqtt__Host:                       nanomq
      Hermod__Mqtt__Port:                       1883
      Hermod__Mqtt__UseTls:                     false
      Hermod__Mqtt__Tls__UseTls:                false
      Hermod__Mqtt__Username:                   <set to the key 'mqtt-username' in secret 'hermod-secrets'>  Optional: false
      Hermod__Mqtt__Password:                   <set to the key 'mqtt-password' in secret 'hermod-secrets'>  Optional: false
      Hermod__Database__ConnectionString:       Host=postgres;Port=5432;Database=hermod;Username=hermod_app
      Hermod__Database__Password:               <set to the key 'hermod-db-password' in secret 'hermod-db-credentials'>  Optional: false
      Hermod__Features__DeviceStateTracking:    true
      Hermod__Engine__LogBatchSize:             100
      Hermod__Engine__LogBatching:              true
      Hermod__Engine__Parallelism:              4
      Hermod__Features__MessagePersistence:     true
      Hermod__Features__RuleAuditLog:           true
      Hermod__Features__RuleCache:              true
      Hermod__Features__StatsRollup:            true
      Hermod__Storage__Mode:                    Postgres
      Logging__LogLevel__Hermod:                Information
      Logging__LogLevel__Microsoft.AspNetCore:  Warning
    Mounts:
      /var/run/secrets/kubernetes.io/serviceaccount from kube-api-access-wtnk2 (ro)
Conditions:
  Type                        Status
  PodReadyToStartContainers   True 
  Initialized                 True 
  Ready                       True 
  ContainersReady             True 
  PodScheduled                True 
Volumes:
  kube-api-access-wtnk2:
    Type:                    Projected (a volume that contains injected data from multiple sources)
    TokenExpirationSeconds:  3607
    ConfigMapName:           kube-root-ca.crt
    Optional:                false
    DownwardAPI:             true
QoS Class:                   Burstable
Node-Selectors:              <none>
Tolerations:                 node.kubernetes.io/not-ready:NoExecute op=Exists for 300s
                             node.kubernetes.io/unreachable:NoExecute op=Exists for 300s
Events:
  Type    Reason     Age    From               Message
  ----    ------     ----   ----               -------
  Normal  Scheduled  2m38s  default-scheduler  Successfully assigned coord-only/hermod-coordinator-8579dc9775-mwrpl to <pi-host>
  Normal  Pulled     2m37s  kubelet            spec.initContainers{wait-for-postgres}: Container image "busybox:1.36" already present on machine
  Normal  Created    2m37s  kubelet            spec.initContainers{wait-for-postgres}: Created container: wait-for-postgres
  Normal  Started    2m37s  kubelet            spec.initContainers{wait-for-postgres}: Started container wait-for-postgres
  Normal  Pulled     2m36s  kubelet            spec.initContainers{wait-for-nanomq}: Container image "busybox:1.36" already present on machine
  Normal  Created    2m36s  kubelet            spec.initContainers{wait-for-nanomq}: Created container: wait-for-nanomq
  Normal  Started    2m36s  kubelet            spec.initContainers{wait-for-nanomq}: Started container wait-for-nanomq
  Normal  Pulled     2m35s  kubelet            spec.containers{hermod-coordinator}: Container image "hermod-coordinator:latest" already present on machine
  Normal  Created    2m35s  kubelet            spec.containers{hermod-coordinator}: Created container: hermod-coordinator
  Normal  Started    2m35s  kubelet            spec.containers{hermod-coordinator}: Started container hermod-coordinator


Name:             nanomq-7b9d5cfb76-w2sdx
Namespace:        coord-only
Priority:         0
Service Account:  default
Node:             <pi-host>/<pi-ip>
Start Time:       Mon, 27 Apr 2026 06:29:20 +0200
Labels:           app=nanomq
                  pod-template-hash=7b9d5cfb76
Annotations:      cni.projectcalico.org/containerID: bb4b0d09336be8e739726639a4a83b5dcfe1cade09505fa080f679230fc99668
                  cni.projectcalico.org/podIP: <pod-ip>/32
                  cni.projectcalico.org/podIPs: <pod-ip>/32
                  kubectl.kubernetes.io/restartedAt: 2026-04-27T06:29:18+02:00
Status:           Running
IP:               <pod-ip>
IPs:
  IP:           <pod-ip>
Controlled By:  ReplicaSet/nanomq-7b9d5cfb76
Containers:
  nanomq:
    Container ID:   containerd://e7de3c40b2fd239465a5ecda57757fe6f51589f2efc8974e7ef9d2f738eedcf1
    Image:          emqx/nanomq:0.21-slim
    Image ID:       docker.io/emqx/nanomq@sha256:53bea7acb547aced1cc45e08c514628f1e41c4da9ad544fd8c5fa96d3e9eb41b
    Ports:          1883/TCP (mqtt), 8081/TCP (http)
    Host Ports:     0/TCP (mqtt), 0/TCP (http)
    State:          Running
      Started:      Mon, 27 Apr 2026 06:29:21 +0200
    Ready:          True
    Restart Count:  0
    Limits:
      cpu:     1
      memory:  512Mi
    Requests:
      cpu:        50m
      memory:     64Mi
    Liveness:     tcp-socket :1883 delay=10s timeout=1s period=10s #success=1 #failure=3
    Readiness:    tcp-socket :1883 delay=3s timeout=1s period=5s #success=1 #failure=3
    Environment:  <none>
    Mounts:
      /etc/nanomq.conf from config (rw,path="nanomq.conf")
      /var/run/secrets/kubernetes.io/serviceaccount from kube-api-access-czxfg (ro)
Conditions:
  Type                        Status
  PodReadyToStartContainers   True 
  Initialized                 True 
  Ready                       True 
  ContainersReady             True 
  PodScheduled                True 
Volumes:
  config:
    Type:      ConfigMap (a volume populated by a ConfigMap)
    Name:      nanomq-config
    Optional:  false
  kube-api-access-czxfg:
    Type:                    Projected (a volume that contains injected data from multiple sources)
    TokenExpirationSeconds:  3607
    ConfigMapName:           kube-root-ca.crt
    Optional:                false
    DownwardAPI:             true
QoS Class:                   Burstable
Node-Selectors:              <none>
Tolerations:                 node.kubernetes.io/not-ready:NoExecute op=Exists for 300s
                             node.kubernetes.io/unreachable:NoExecute op=Exists for 300s
Events:
  Type    Reason     Age    From               Message
  ----    ------     ----   ----               -------
  Normal  Scheduled  2m56s  default-scheduler  Successfully assigned coord-only/nanomq-7b9d5cfb76-w2sdx to <pi-host>
  Normal  Pulled     2m55s  kubelet            spec.containers{nanomq}: Container image "emqx/nanomq:0.21-slim" already present on machine
  Normal  Created    2m55s  kubelet            spec.containers{nanomq}: Created container: nanomq
  Normal  Started    2m55s  kubelet            spec.containers{nanomq}: Started container nanomq


Name:             postgres-0
Namespace:        coord-only
Priority:         0
Service Account:  default
Node:             <pi-host>/<pi-ip>
Start Time:       Mon, 27 Apr 2026 04:16:57 +0200
Labels:           app=postgres
                  apps.kubernetes.io/pod-index=0
                  controller-revision-hash=postgres-6497897965
                  statefulset.kubernetes.io/pod-name=postgres-0
Annotations:      cni.projectcalico.org/containerID: 69fb4823b666d3d2a1395c00ab9b26a33337431372918fb41d9f85f42d91a056
                  cni.projectcalico.org/podIP: <pod-ip>/32
                  cni.projectcalico.org/podIPs: <pod-ip>/32
Status:           Running
IP:               <pod-ip>
IPs:
  IP:           <pod-ip>
Controlled By:  StatefulSet/postgres
Containers:
  postgres:
    Container ID:  containerd://adf8585ccc9b705cf0261f22f8e1c254a24670c72b998bb7a052f31e3a5ae5be
    Image:         postgres:17-alpine
    Image ID:      docker.io/library/postgres@sha256:778d0b486d6daa02b77434d0358ec57a1b21fd8b6d22ac2eef56a33e816928f6
    Port:          5432/TCP
    Host Port:     0/TCP
    Args:
      -c
      shared_buffers=256MB
      -c
      max_connections=200
      -c
      work_mem=16MB
    State:          Running
      Started:      Mon, 27 Apr 2026 04:16:58 +0200
    Ready:          True
    Restart Count:  0
    Limits:
      cpu:     1500m
      memory:  1536Mi
    Requests:
      cpu:      100m
      memory:   256Mi
    Liveness:   exec [pg_isready -U postgres] delay=30s timeout=1s period=10s #success=1 #failure=3
    Readiness:  exec [pg_isready -U postgres] delay=5s timeout=1s period=5s #success=1 #failure=3
    Environment:
      POSTGRES_DB:        postgres
      POSTGRES_USER:      postgres
      POSTGRES_PASSWORD:  <set to the key 'postgres-superuser-password' in secret 'hermod-secrets'>  Optional: false
    Mounts:
      /docker-entrypoint-initdb.d from init (rw)
      /var/lib/postgresql/data from data (rw)
      /var/run/secrets/kubernetes.io/serviceaccount from kube-api-access-79j56 (ro)
Conditions:
  Type                        Status
  PodReadyToStartContainers   True 
  Initialized                 True 
  Ready                       True 
  ContainersReady             True 
  PodScheduled                True 
Volumes:
  data:
    Type:       PersistentVolumeClaim (a reference to a PersistentVolumeClaim in the same namespace)
    ClaimName:  data-postgres-0
    ReadOnly:   false
  init:
    Type:      ConfigMap (a volume populated by a ConfigMap)
    Name:      postgres-init
    Optional:  false
  kube-api-access-79j56:
    Type:                    Projected (a volume that contains injected data from multiple sources)
    TokenExpirationSeconds:  3607
    ConfigMapName:           kube-root-ca.crt
    Optional:                false
    DownwardAPI:             true
QoS Class:                   Burstable
Node-Selectors:              <none>
Tolerations:                 node.kubernetes.io/not-ready:NoExecute op=Exists for 300s
                             node.kubernetes.io/unreachable:NoExecute op=Exists for 300s
Events:                      <none>

=== ts=1777264347 ===
Name:             hermod-coordinator-8579dc9775-mwrpl
Namespace:        coord-only
Priority:         0
Service Account:  default
Node:             <pi-host>/<pi-ip>
Start Time:       Mon, 27 Apr 2026 06:29:38 +0200
Labels:           app=hermod-coordinator
                  pod-template-hash=8579dc9775
Annotations:      cni.projectcalico.org/containerID: eadab08ac5b72f5cadaf58830e11afc3f665e711f6c228131bb6827b999cb694
                  cni.projectcalico.org/podIP: <pod-ip>/32
                  cni.projectcalico.org/podIPs: <pod-ip>/32
                  kubectl.kubernetes.io/restartedAt: 2026-04-27T06:29:18+02:00
Status:           Running
IP:               <pod-ip>
IPs:
  IP:           <pod-ip>
Controlled By:  ReplicaSet/hermod-coordinator-8579dc9775
Init Containers:
  wait-for-postgres:
    Container ID:  containerd://8b962abcdd328d17f7d00a643e7b344e2d1ded4582d4f2c0199e1131728b2f19
    Image:         busybox:1.36
    Image ID:      docker.io/library/busybox@sha256:73aaf090f3d85aa34ee199857f03fa3a95c8ede2ffd4cc2cdb5b94e566b11662
    Port:          <none>
    Host Port:     <none>
    Command:
      sh
      -c
      until nc -z postgres 5432; do sleep 2; done
    State:          Terminated
      Reason:       Completed
      Exit Code:    0
      Started:      Mon, 27 Apr 2026 06:29:39 +0200
      Finished:     Mon, 27 Apr 2026 06:29:39 +0200
    Ready:          True
    Restart Count:  0
    Environment:
      Hermod__Features__DeviceStateTracking:    true
      Hermod__Engine__LogBatchSize:             100
      Hermod__Engine__LogBatching:              true
      Hermod__Engine__Parallelism:              4
      Hermod__Features__MessagePersistence:     true
      Hermod__Features__RuleAuditLog:           true
      Hermod__Features__RuleCache:              true
      Hermod__Features__StatsRollup:            true
      Hermod__Storage__Mode:                    Postgres
      Logging__LogLevel__Hermod:                Information
      Logging__LogLevel__Microsoft.AspNetCore:  Warning
    Mounts:
      /var/run/secrets/kubernetes.io/serviceaccount from kube-api-access-wtnk2 (ro)
  wait-for-nanomq:
    Container ID:  containerd://12bf96af3da24d83bacf725ce21f7315f4cff75dbabff0ebe509b5717eda819d
    Image:         busybox:1.36
    Image ID:      docker.io/library/busybox@sha256:73aaf090f3d85aa34ee199857f03fa3a95c8ede2ffd4cc2cdb5b94e566b11662
    Port:          <none>
    Host Port:     <none>
    Command:
      sh
      -c
      until nc -z nanomq 1883; do sleep 2; done
    State:          Terminated
      Reason:       Completed
      Exit Code:    0
      Started:      Mon, 27 Apr 2026 06:29:40 +0200
      Finished:     Mon, 27 Apr 2026 06:29:40 +0200
    Ready:          True
    Restart Count:  0
    Environment:
      Hermod__Features__DeviceStateTracking:    true
      Hermod__Engine__LogBatchSize:             100
      Hermod__Engine__LogBatching:              true
      Hermod__Engine__Parallelism:              4
      Hermod__Features__MessagePersistence:     true
      Hermod__Features__RuleAuditLog:           true
      Hermod__Features__RuleCache:              true
      Hermod__Features__StatsRollup:            true
      Hermod__Storage__Mode:                    Postgres
      Logging__LogLevel__Hermod:                Information
      Logging__LogLevel__Microsoft.AspNetCore:  Warning
    Mounts:
      /var/run/secrets/kubernetes.io/serviceaccount from kube-api-access-wtnk2 (ro)
Containers:
  hermod-coordinator:
    Container ID:   containerd://77455bc8c4f225ec4eade18958b5943f029403fe678ab5938f7b4f311cf88123
    Image:          hermod-coordinator:latest
    Image ID:       sha256:ca91ccdfcd269dd5e4e25d5ffe8d863ca5db57e5c4f62f08c8adf90d23c15eaf
    Port:           42069/TCP (http)
    Host Port:      0/TCP (http)
    State:          Running
      Started:      Mon, 27 Apr 2026 06:29:41 +0200
    Ready:          True
    Restart Count:  0
    Limits:
      cpu:     1500m
      memory:  1536Mi
    Requests:
      cpu:      200m
      memory:   256Mi
    Liveness:   http-get http://:42069/healthz delay=60s timeout=1s period=30s #success=1 #failure=3
    Readiness:  http-get http://:42069/healthz/ready delay=5s timeout=1s period=10s #success=1 #failure=3
    Startup:    http-get http://:42069/healthz delay=0s timeout=1s period=5s #success=1 #failure=30
    Environment:
      ASPNETCORE_ENVIRONMENT:                   Production
      ASPNETCORE_URLS:                          http://+:42069
      DOTNET_USE_POLLING_FILE_WATCHER:          true
      Hermod__Security__AuthBypass:             true
      Hermod__Security__VaultRequireHttps:      false
      Hermod__Features__MetricsEndpoint:        true
      Hermod__Dev__Endpoints:                   true
      Hermod__Mqtt__Host:                       nanomq
      Hermod__Mqtt__Port:                       1883
      Hermod__Mqtt__UseTls:                     false
      Hermod__Mqtt__Tls__UseTls:                false
      Hermod__Mqtt__Username:                   <set to the key 'mqtt-username' in secret 'hermod-secrets'>  Optional: false
      Hermod__Mqtt__Password:                   <set to the key 'mqtt-password' in secret 'hermod-secrets'>  Optional: false
      Hermod__Database__ConnectionString:       Host=postgres;Port=5432;Database=hermod;Username=hermod_app
      Hermod__Database__Password:               <set to the key 'hermod-db-password' in secret 'hermod-db-credentials'>  Optional: false
      Hermod__Features__DeviceStateTracking:    true
      Hermod__Engine__LogBatchSize:             100
      Hermod__Engine__LogBatching:              true
      Hermod__Engine__Parallelism:              4
      Hermod__Features__MessagePersistence:     true
      Hermod__Features__RuleAuditLog:           true
      Hermod__Features__RuleCache:              true
      Hermod__Features__StatsRollup:            true
      Hermod__Storage__Mode:                    Postgres
      Logging__LogLevel__Hermod:                Information
      Logging__LogLevel__Microsoft.AspNetCore:  Warning
    Mounts:
      /var/run/secrets/kubernetes.io/serviceaccount from kube-api-access-wtnk2 (ro)
Conditions:
  Type                        Status
  PodReadyToStartContainers   True 
  Initialized                 True 
  Ready                       True 
  ContainersReady             True 
  PodScheduled                True 
Volumes:
  kube-api-access-wtnk2:
    Type:                    Projected (a volume that contains injected data from multiple sources)
    TokenExpirationSeconds:  3607
    ConfigMapName:           kube-root-ca.crt
    Optional:                false
    DownwardAPI:             true
QoS Class:                   Burstable
Node-Selectors:              <none>
Tolerations:                 node.kubernetes.io/not-ready:NoExecute op=Exists for 300s
                             node.kubernetes.io/unreachable:NoExecute op=Exists for 300s
Events:
  Type    Reason     Age    From               Message
  ----    ------     ----   ----               -------
  Normal  Scheduled  2m49s  default-scheduler  Successfully assigned coord-only/hermod-coordinator-8579dc9775-mwrpl to <pi-host>
  Normal  Pulled     2m48s  kubelet            spec.initContainers{wait-for-postgres}: Container image "busybox:1.36" already present on machine
  Normal  Created    2m48s  kubelet            spec.initContainers{wait-for-postgres}: Created container: wait-for-postgres
  Normal  Started    2m48s  kubelet            spec.initContainers{wait-for-postgres}: Started container wait-for-postgres
  Normal  Pulled     2m47s  kubelet            spec.initContainers{wait-for-nanomq}: Container image "busybox:1.36" already present on machine
  Normal  Created    2m47s  kubelet            spec.initContainers{wait-for-nanomq}: Created container: wait-for-nanomq
  Normal  Started    2m47s  kubelet            spec.initContainers{wait-for-nanomq}: Started container wait-for-nanomq
  Normal  Pulled     2m46s  kubelet            spec.containers{hermod-coordinator}: Container image "hermod-coordinator:latest" already present on machine
  Normal  Created    2m46s  kubelet            spec.containers{hermod-coordinator}: Created container: hermod-coordinator
  Normal  Started    2m46s  kubelet            spec.containers{hermod-coordinator}: Started container hermod-coordinator


Name:             nanomq-7b9d5cfb76-w2sdx
Namespace:        coord-only
Priority:         0
Service Account:  default
Node:             <pi-host>/<pi-ip>
Start Time:       Mon, 27 Apr 2026 06:29:20 +0200
Labels:           app=nanomq
                  pod-template-hash=7b9d5cfb76
Annotations:      cni.projectcalico.org/containerID: bb4b0d09336be8e739726639a4a83b5dcfe1cade09505fa080f679230fc99668
                  cni.projectcalico.org/podIP: <pod-ip>/32
                  cni.projectcalico.org/podIPs: <pod-ip>/32
                  kubectl.kubernetes.io/restartedAt: 2026-04-27T06:29:18+02:00
Status:           Running
IP:               <pod-ip>
IPs:
  IP:           <pod-ip>
Controlled By:  ReplicaSet/nanomq-7b9d5cfb76
Containers:
  nanomq:
    Container ID:   containerd://e7de3c40b2fd239465a5ecda57757fe6f51589f2efc8974e7ef9d2f738eedcf1
    Image:          emqx/nanomq:0.21-slim
    Image ID:       docker.io/emqx/nanomq@sha256:53bea7acb547aced1cc45e08c514628f1e41c4da9ad544fd8c5fa96d3e9eb41b
    Ports:          1883/TCP (mqtt), 8081/TCP (http)
    Host Ports:     0/TCP (mqtt), 0/TCP (http)
    State:          Running
      Started:      Mon, 27 Apr 2026 06:29:21 +0200
    Ready:          True
    Restart Count:  0
    Limits:
      cpu:     1
      memory:  512Mi
    Requests:
      cpu:        50m
      memory:     64Mi
    Liveness:     tcp-socket :1883 delay=10s timeout=1s period=10s #success=1 #failure=3
    Readiness:    tcp-socket :1883 delay=3s timeout=1s period=5s #success=1 #failure=3
    Environment:  <none>
    Mounts:
      /etc/nanomq.conf from config (rw,path="nanomq.conf")
      /var/run/secrets/kubernetes.io/serviceaccount from kube-api-access-czxfg (ro)
Conditions:
  Type                        Status
  PodReadyToStartContainers   True 
  Initialized                 True 
  Ready                       True 
  ContainersReady             True 
  PodScheduled                True 
Volumes:
  config:
    Type:      ConfigMap (a volume populated by a ConfigMap)
    Name:      nanomq-config
    Optional:  false
  kube-api-access-czxfg:
    Type:                    Projected (a volume that contains injected data from multiple sources)
    TokenExpirationSeconds:  3607
    ConfigMapName:           kube-root-ca.crt
    Optional:                false
    DownwardAPI:             true
QoS Class:                   Burstable
Node-Selectors:              <none>
Tolerations:                 node.kubernetes.io/not-ready:NoExecute op=Exists for 300s
                             node.kubernetes.io/unreachable:NoExecute op=Exists for 300s
Events:
  Type    Reason     Age   From               Message
  ----    ------     ----  ----               -------
  Normal  Scheduled  3m7s  default-scheduler  Successfully assigned coord-only/nanomq-7b9d5cfb76-w2sdx to <pi-host>
  Normal  Pulled     3m6s  kubelet            spec.containers{nanomq}: Container image "emqx/nanomq:0.21-slim" already present on machine
  Normal  Created    3m6s  kubelet            spec.containers{nanomq}: Created container: nanomq
  Normal  Started    3m6s  kubelet            spec.containers{nanomq}: Started container nanomq


Name:             postgres-0
Namespace:        coord-only
Priority:         0
Service Account:  default
Node:             <pi-host>/<pi-ip>
Start Time:       Mon, 27 Apr 2026 04:16:57 +0200
Labels:           app=postgres
                  apps.kubernetes.io/pod-index=0
                  controller-revision-hash=postgres-6497897965
                  statefulset.kubernetes.io/pod-name=postgres-0
Annotations:      cni.projectcalico.org/containerID: 69fb4823b666d3d2a1395c00ab9b26a33337431372918fb41d9f85f42d91a056
                  cni.projectcalico.org/podIP: <pod-ip>/32
                  cni.projectcalico.org/podIPs: <pod-ip>/32
Status:           Running
IP:               <pod-ip>
IPs:
  IP:           <pod-ip>
Controlled By:  StatefulSet/postgres
Containers:
  postgres:
    Container ID:  containerd://adf8585ccc9b705cf0261f22f8e1c254a24670c72b998bb7a052f31e3a5ae5be
    Image:         postgres:17-alpine
    Image ID:      docker.io/library/postgres@sha256:778d0b486d6daa02b77434d0358ec57a1b21fd8b6d22ac2eef56a33e816928f6
    Port:          5432/TCP
    Host Port:     0/TCP
    Args:
      -c
      shared_buffers=256MB
      -c
      max_connections=200
      -c
      work_mem=16MB
    State:          Running
      Started:      Mon, 27 Apr 2026 04:16:58 +0200
    Ready:          True
    Restart Count:  0
    Limits:
      cpu:     1500m
      memory:  1536Mi
    Requests:
      cpu:      100m
      memory:   256Mi
    Liveness:   exec [pg_isready -U postgres] delay=30s timeout=1s period=10s #success=1 #failure=3
    Readiness:  exec [pg_isready -U postgres] delay=5s timeout=1s period=5s #success=1 #failure=3
    Environment:
      POSTGRES_DB:        postgres
      POSTGRES_USER:      postgres
      POSTGRES_PASSWORD:  <set to the key 'postgres-superuser-password' in secret 'hermod-secrets'>  Optional: false
    Mounts:
      /docker-entrypoint-initdb.d from init (rw)
      /var/lib/postgresql/data from data (rw)
      /var/run/secrets/kubernetes.io/serviceaccount from kube-api-access-79j56 (ro)
Conditions:
  Type                        Status
  PodReadyToStartContainers   True 
  Initialized                 True 
  Ready                       True 
  ContainersReady             True 
  PodScheduled                True 
Volumes:
  data:
    Type:       PersistentVolumeClaim (a reference to a PersistentVolumeClaim in the same namespace)
    ClaimName:  data-postgres-0
    ReadOnly:   false
  init:
    Type:      ConfigMap (a volume populated by a ConfigMap)
    Name:      postgres-init
    Optional:  false
  kube-api-access-79j56:
    Type:                    Projected (a volume that contains injected data from multiple sources)
    TokenExpirationSeconds:  3607
    ConfigMapName:           kube-root-ca.crt
    Optional:                false
    DownwardAPI:             true
QoS Class:                   Burstable
Node-Selectors:              <none>
Tolerations:                 node.kubernetes.io/not-ready:NoExecute op=Exists for 300s
                             node.kubernetes.io/unreachable:NoExecute op=Exists for 300s
Events:                      <none>

=== ts=1777264359 ===
Name:             hermod-coordinator-8579dc9775-mwrpl
Namespace:        coord-only
Priority:         0
Service Account:  default
Node:             <pi-host>/<pi-ip>
Start Time:       Mon, 27 Apr 2026 06:29:38 +0200
Labels:           app=hermod-coordinator
                  pod-template-hash=8579dc9775
Annotations:      cni.projectcalico.org/containerID: eadab08ac5b72f5cadaf58830e11afc3f665e711f6c228131bb6827b999cb694
                  cni.projectcalico.org/podIP: <pod-ip>/32
                  cni.projectcalico.org/podIPs: <pod-ip>/32
                  kubectl.kubernetes.io/restartedAt: 2026-04-27T06:29:18+02:00
Status:           Running
IP:               <pod-ip>
IPs:
  IP:           <pod-ip>
Controlled By:  ReplicaSet/hermod-coordinator-8579dc9775
Init Containers:
  wait-for-postgres:
    Container ID:  containerd://8b962abcdd328d17f7d00a643e7b344e2d1ded4582d4f2c0199e1131728b2f19
    Image:         busybox:1.36
    Image ID:      docker.io/library/busybox@sha256:73aaf090f3d85aa34ee199857f03fa3a95c8ede2ffd4cc2cdb5b94e566b11662
    Port:          <none>
    Host Port:     <none>
    Command:
      sh
      -c
      until nc -z postgres 5432; do sleep 2; done
    State:          Terminated
      Reason:       Completed
      Exit Code:    0
      Started:      Mon, 27 Apr 2026 06:29:39 +0200
      Finished:     Mon, 27 Apr 2026 06:29:39 +0200
    Ready:          True
    Restart Count:  0
    Environment:
      Hermod__Features__DeviceStateTracking:    true
      Hermod__Engine__LogBatchSize:             100
      Hermod__Engine__LogBatching:              true
      Hermod__Engine__Parallelism:              4
      Hermod__Features__MessagePersistence:     true
      Hermod__Features__RuleAuditLog:           true
      Hermod__Features__RuleCache:              true
      Hermod__Features__StatsRollup:            true
      Hermod__Storage__Mode:                    Postgres
      Logging__LogLevel__Hermod:                Information
      Logging__LogLevel__Microsoft.AspNetCore:  Warning
    Mounts:
      /var/run/secrets/kubernetes.io/serviceaccount from kube-api-access-wtnk2 (ro)
  wait-for-nanomq:
    Container ID:  containerd://12bf96af3da24d83bacf725ce21f7315f4cff75dbabff0ebe509b5717eda819d
    Image:         busybox:1.36
    Image ID:      docker.io/library/busybox@sha256:73aaf090f3d85aa34ee199857f03fa3a95c8ede2ffd4cc2cdb5b94e566b11662
    Port:          <none>
    Host Port:     <none>
    Command:
      sh
      -c
      until nc -z nanomq 1883; do sleep 2; done
    State:          Terminated
      Reason:       Completed
      Exit Code:    0
      Started:      Mon, 27 Apr 2026 06:29:40 +0200
      Finished:     Mon, 27 Apr 2026 06:29:40 +0200
    Ready:          True
    Restart Count:  0
    Environment:
      Hermod__Features__DeviceStateTracking:    true
      Hermod__Engine__LogBatchSize:             100
      Hermod__Engine__LogBatching:              true
      Hermod__Engine__Parallelism:              4
      Hermod__Features__MessagePersistence:     true
      Hermod__Features__RuleAuditLog:           true
      Hermod__Features__RuleCache:              true
      Hermod__Features__StatsRollup:            true
      Hermod__Storage__Mode:                    Postgres
      Logging__LogLevel__Hermod:                Information
      Logging__LogLevel__Microsoft.AspNetCore:  Warning
    Mounts:
      /var/run/secrets/kubernetes.io/serviceaccount from kube-api-access-wtnk2 (ro)
Containers:
  hermod-coordinator:
    Container ID:   containerd://77455bc8c4f225ec4eade18958b5943f029403fe678ab5938f7b4f311cf88123
    Image:          hermod-coordinator:latest
    Image ID:       sha256:ca91ccdfcd269dd5e4e25d5ffe8d863ca5db57e5c4f62f08c8adf90d23c15eaf
    Port:           42069/TCP (http)
    Host Port:      0/TCP (http)
    State:          Running
      Started:      Mon, 27 Apr 2026 06:29:41 +0200
    Ready:          True
    Restart Count:  0
    Limits:
      cpu:     1500m
      memory:  1536Mi
    Requests:
      cpu:      200m
      memory:   256Mi
    Liveness:   http-get http://:42069/healthz delay=60s timeout=1s period=30s #success=1 #failure=3
    Readiness:  http-get http://:42069/healthz/ready delay=5s timeout=1s period=10s #success=1 #failure=3
    Startup:    http-get http://:42069/healthz delay=0s timeout=1s period=5s #success=1 #failure=30
    Environment:
      ASPNETCORE_ENVIRONMENT:                   Production
      ASPNETCORE_URLS:                          http://+:42069
      DOTNET_USE_POLLING_FILE_WATCHER:          true
      Hermod__Security__AuthBypass:             true
      Hermod__Security__VaultRequireHttps:      false
      Hermod__Features__MetricsEndpoint:        true
      Hermod__Dev__Endpoints:                   true
      Hermod__Mqtt__Host:                       nanomq
      Hermod__Mqtt__Port:                       1883
      Hermod__Mqtt__UseTls:                     false
      Hermod__Mqtt__Tls__UseTls:                false
      Hermod__Mqtt__Username:                   <set to the key 'mqtt-username' in secret 'hermod-secrets'>  Optional: false
      Hermod__Mqtt__Password:                   <set to the key 'mqtt-password' in secret 'hermod-secrets'>  Optional: false
      Hermod__Database__ConnectionString:       Host=postgres;Port=5432;Database=hermod;Username=hermod_app
      Hermod__Database__Password:               <set to the key 'hermod-db-password' in secret 'hermod-db-credentials'>  Optional: false
      Hermod__Features__DeviceStateTracking:    true
      Hermod__Engine__LogBatchSize:             100
      Hermod__Engine__LogBatching:              true
      Hermod__Engine__Parallelism:              4
      Hermod__Features__MessagePersistence:     true
      Hermod__Features__RuleAuditLog:           true
      Hermod__Features__RuleCache:              true
      Hermod__Features__StatsRollup:            true
      Hermod__Storage__Mode:                    Postgres
      Logging__LogLevel__Hermod:                Information
      Logging__LogLevel__Microsoft.AspNetCore:  Warning
    Mounts:
      /var/run/secrets/kubernetes.io/serviceaccount from kube-api-access-wtnk2 (ro)
Conditions:
  Type                        Status
  PodReadyToStartContainers   True 
  Initialized                 True 
  Ready                       True 
  ContainersReady             True 
  PodScheduled                True 
Volumes:
  kube-api-access-wtnk2:
    Type:                    Projected (a volume that contains injected data from multiple sources)
    TokenExpirationSeconds:  3607
    ConfigMapName:           kube-root-ca.crt
    Optional:                false
    DownwardAPI:             true
QoS Class:                   Burstable
Node-Selectors:              <none>
Tolerations:                 node.kubernetes.io/not-ready:NoExecute op=Exists for 300s
                             node.kubernetes.io/unreachable:NoExecute op=Exists for 300s
Events:
  Type    Reason     Age    From               Message
  ----    ------     ----   ----               -------
  Normal  Scheduled  3m     default-scheduler  Successfully assigned coord-only/hermod-coordinator-8579dc9775-mwrpl to <pi-host>
  Normal  Pulled     3m     kubelet            spec.initContainers{wait-for-postgres}: Container image "busybox:1.36" already present on machine
  Normal  Created    3m     kubelet            spec.initContainers{wait-for-postgres}: Created container: wait-for-postgres
  Normal  Started    3m     kubelet            spec.initContainers{wait-for-postgres}: Started container wait-for-postgres
  Normal  Pulled     2m59s  kubelet            spec.initContainers{wait-for-nanomq}: Container image "busybox:1.36" already present on machine
  Normal  Created    2m59s  kubelet            spec.initContainers{wait-for-nanomq}: Created container: wait-for-nanomq
  Normal  Started    2m59s  kubelet            spec.initContainers{wait-for-nanomq}: Started container wait-for-nanomq
  Normal  Pulled     2m58s  kubelet            spec.containers{hermod-coordinator}: Container image "hermod-coordinator:latest" already present on machine
  Normal  Created    2m58s  kubelet            spec.containers{hermod-coordinator}: Created container: hermod-coordinator
  Normal  Started    2m58s  kubelet            spec.containers{hermod-coordinator}: Started container hermod-coordinator


Name:             nanomq-7b9d5cfb76-w2sdx
Namespace:        coord-only
Priority:         0
Service Account:  default
Node:             <pi-host>/<pi-ip>
Start Time:       Mon, 27 Apr 2026 06:29:20 +0200
Labels:           app=nanomq
                  pod-template-hash=7b9d5cfb76
Annotations:      cni.projectcalico.org/containerID: bb4b0d09336be8e739726639a4a83b5dcfe1cade09505fa080f679230fc99668
                  cni.projectcalico.org/podIP: <pod-ip>/32
                  cni.projectcalico.org/podIPs: <pod-ip>/32
                  kubectl.kubernetes.io/restartedAt: 2026-04-27T06:29:18+02:00
Status:           Running
IP:               <pod-ip>
IPs:
  IP:           <pod-ip>
Controlled By:  ReplicaSet/nanomq-7b9d5cfb76
Containers:
  nanomq:
    Container ID:   containerd://e7de3c40b2fd239465a5ecda57757fe6f51589f2efc8974e7ef9d2f738eedcf1
    Image:          emqx/nanomq:0.21-slim
    Image ID:       docker.io/emqx/nanomq@sha256:53bea7acb547aced1cc45e08c514628f1e41c4da9ad544fd8c5fa96d3e9eb41b
    Ports:          1883/TCP (mqtt), 8081/TCP (http)
    Host Ports:     0/TCP (mqtt), 0/TCP (http)
    State:          Running
      Started:      Mon, 27 Apr 2026 06:29:21 +0200
    Ready:          True
    Restart Count:  0
    Limits:
      cpu:     1
      memory:  512Mi
    Requests:
      cpu:        50m
      memory:     64Mi
    Liveness:     tcp-socket :1883 delay=10s timeout=1s period=10s #success=1 #failure=3
    Readiness:    tcp-socket :1883 delay=3s timeout=1s period=5s #success=1 #failure=3
    Environment:  <none>
    Mounts:
      /etc/nanomq.conf from config (rw,path="nanomq.conf")
      /var/run/secrets/kubernetes.io/serviceaccount from kube-api-access-czxfg (ro)
Conditions:
  Type                        Status
  PodReadyToStartContainers   True 
  Initialized                 True 
  Ready                       True 
  ContainersReady             True 
  PodScheduled                True 
Volumes:
  config:
    Type:      ConfigMap (a volume populated by a ConfigMap)
    Name:      nanomq-config
    Optional:  false
  kube-api-access-czxfg:
    Type:                    Projected (a volume that contains injected data from multiple sources)
    TokenExpirationSeconds:  3607
    ConfigMapName:           kube-root-ca.crt
    Optional:                false
    DownwardAPI:             true
QoS Class:                   Burstable
Node-Selectors:              <none>
Tolerations:                 node.kubernetes.io/not-ready:NoExecute op=Exists for 300s
                             node.kubernetes.io/unreachable:NoExecute op=Exists for 300s
Events:
  Type    Reason     Age    From               Message
  ----    ------     ----   ----               -------
  Normal  Scheduled  3m18s  default-scheduler  Successfully assigned coord-only/nanomq-7b9d5cfb76-w2sdx to <pi-host>
  Normal  Pulled     3m18s  kubelet            spec.containers{nanomq}: Container image "emqx/nanomq:0.21-slim" already present on machine
  Normal  Created    3m18s  kubelet            spec.containers{nanomq}: Created container: nanomq
  Normal  Started    3m18s  kubelet            spec.containers{nanomq}: Started container nanomq


Name:             postgres-0
Namespace:        coord-only
Priority:         0
Service Account:  default
Node:             <pi-host>/<pi-ip>
Start Time:       Mon, 27 Apr 2026 04:16:57 +0200
Labels:           app=postgres
                  apps.kubernetes.io/pod-index=0
                  controller-revision-hash=postgres-6497897965
                  statefulset.kubernetes.io/pod-name=postgres-0
Annotations:      cni.projectcalico.org/containerID: 69fb4823b666d3d2a1395c00ab9b26a33337431372918fb41d9f85f42d91a056
                  cni.projectcalico.org/podIP: <pod-ip>/32
                  cni.projectcalico.org/podIPs: <pod-ip>/32
Status:           Running
IP:               <pod-ip>
IPs:
  IP:           <pod-ip>
Controlled By:  StatefulSet/postgres
Containers:
  postgres:
    Container ID:  containerd://adf8585ccc9b705cf0261f22f8e1c254a24670c72b998bb7a052f31e3a5ae5be
    Image:         postgres:17-alpine
    Image ID:      docker.io/library/postgres@sha256:778d0b486d6daa02b77434d0358ec57a1b21fd8b6d22ac2eef56a33e816928f6
    Port:          5432/TCP
    Host Port:     0/TCP
    Args:
      -c
      shared_buffers=256MB
      -c
      max_connections=200
      -c
      work_mem=16MB
    State:          Running
      Started:      Mon, 27 Apr 2026 04:16:58 +0200
    Ready:          True
    Restart Count:  0
    Limits:
      cpu:     1500m
      memory:  1536Mi
    Requests:
      cpu:      100m
      memory:   256Mi
    Liveness:   exec [pg_isready -U postgres] delay=30s timeout=1s period=10s #success=1 #failure=3
    Readiness:  exec [pg_isready -U postgres] delay=5s timeout=1s period=5s #success=1 #failure=3
    Environment:
      POSTGRES_DB:        postgres
      POSTGRES_USER:      postgres
      POSTGRES_PASSWORD:  <set to the key 'postgres-superuser-password' in secret 'hermod-secrets'>  Optional: false
    Mounts:
      /docker-entrypoint-initdb.d from init (rw)
      /var/lib/postgresql/data from data (rw)
      /var/run/secrets/kubernetes.io/serviceaccount from kube-api-access-79j56 (ro)
Conditions:
  Type                        Status
  PodReadyToStartContainers   True 
  Initialized                 True 
  Ready                       True 
  ContainersReady             True 
  PodScheduled                True 
Volumes:
  data:
    Type:       PersistentVolumeClaim (a reference to a PersistentVolumeClaim in the same namespace)
    ClaimName:  data-postgres-0
    ReadOnly:   false
  init:
    Type:      ConfigMap (a volume populated by a ConfigMap)
    Name:      postgres-init
    Optional:  false
  kube-api-access-79j56:
    Type:                    Projected (a volume that contains injected data from multiple sources)
    TokenExpirationSeconds:  3607
    ConfigMapName:           kube-root-ca.crt
    Optional:                false
    DownwardAPI:             true
QoS Class:                   Burstable
Node-Selectors:              <none>
Tolerations:                 node.kubernetes.io/not-ready:NoExecute op=Exists for 300s
                             node.kubernetes.io/unreachable:NoExecute op=Exists for 300s
Events:                      <none>

=== ts=1777264370 ===
Name:             hermod-coordinator-8579dc9775-mwrpl
Namespace:        coord-only
Priority:         0
Service Account:  default
Node:             <pi-host>/<pi-ip>
Start Time:       Mon, 27 Apr 2026 06:29:38 +0200
Labels:           app=hermod-coordinator
                  pod-template-hash=8579dc9775
Annotations:      cni.projectcalico.org/containerID: eadab08ac5b72f5cadaf58830e11afc3f665e711f6c228131bb6827b999cb694
                  cni.projectcalico.org/podIP: <pod-ip>/32
                  cni.projectcalico.org/podIPs: <pod-ip>/32
                  kubectl.kubernetes.io/restartedAt: 2026-04-27T06:29:18+02:00
Status:           Running
IP:               <pod-ip>
IPs:
  IP:           <pod-ip>
Controlled By:  ReplicaSet/hermod-coordinator-8579dc9775
Init Containers:
  wait-for-postgres:
    Container ID:  containerd://8b962abcdd328d17f7d00a643e7b344e2d1ded4582d4f2c0199e1131728b2f19
    Image:         busybox:1.36
    Image ID:      docker.io/library/busybox@sha256:73aaf090f3d85aa34ee199857f03fa3a95c8ede2ffd4cc2cdb5b94e566b11662
    Port:          <none>
    Host Port:     <none>
    Command:
      sh
      -c
      until nc -z postgres 5432; do sleep 2; done
    State:          Terminated
      Reason:       Completed
      Exit Code:    0
      Started:      Mon, 27 Apr 2026 06:29:39 +0200
      Finished:     Mon, 27 Apr 2026 06:29:39 +0200
    Ready:          True
    Restart Count:  0
    Environment:
      Hermod__Features__DeviceStateTracking:    true
      Hermod__Engine__LogBatchSize:             100
      Hermod__Engine__LogBatching:              true
      Hermod__Engine__Parallelism:              4
      Hermod__Features__MessagePersistence:     true
      Hermod__Features__RuleAuditLog:           true
      Hermod__Features__RuleCache:              true
      Hermod__Features__StatsRollup:            true
      Hermod__Storage__Mode:                    Postgres
      Logging__LogLevel__Hermod:                Information
      Logging__LogLevel__Microsoft.AspNetCore:  Warning
    Mounts:
      /var/run/secrets/kubernetes.io/serviceaccount from kube-api-access-wtnk2 (ro)
  wait-for-nanomq:
    Container ID:  containerd://12bf96af3da24d83bacf725ce21f7315f4cff75dbabff0ebe509b5717eda819d
    Image:         busybox:1.36
    Image ID:      docker.io/library/busybox@sha256:73aaf090f3d85aa34ee199857f03fa3a95c8ede2ffd4cc2cdb5b94e566b11662
    Port:          <none>
    Host Port:     <none>
    Command:
      sh
      -c
      until nc -z nanomq 1883; do sleep 2; done
    State:          Terminated
      Reason:       Completed
      Exit Code:    0
      Started:      Mon, 27 Apr 2026 06:29:40 +0200
      Finished:     Mon, 27 Apr 2026 06:29:40 +0200
    Ready:          True
    Restart Count:  0
    Environment:
      Hermod__Features__DeviceStateTracking:    true
      Hermod__Engine__LogBatchSize:             100
      Hermod__Engine__LogBatching:              true
      Hermod__Engine__Parallelism:              4
      Hermod__Features__MessagePersistence:     true
      Hermod__Features__RuleAuditLog:           true
      Hermod__Features__RuleCache:              true
      Hermod__Features__StatsRollup:            true
      Hermod__Storage__Mode:                    Postgres
      Logging__LogLevel__Hermod:                Information
      Logging__LogLevel__Microsoft.AspNetCore:  Warning
    Mounts:
      /var/run/secrets/kubernetes.io/serviceaccount from kube-api-access-wtnk2 (ro)
Containers:
  hermod-coordinator:
    Container ID:   containerd://77455bc8c4f225ec4eade18958b5943f029403fe678ab5938f7b4f311cf88123
    Image:          hermod-coordinator:latest
    Image ID:       sha256:ca91ccdfcd269dd5e4e25d5ffe8d863ca5db57e5c4f62f08c8adf90d23c15eaf
    Port:           42069/TCP (http)
    Host Port:      0/TCP (http)
    State:          Running
      Started:      Mon, 27 Apr 2026 06:29:41 +0200
    Ready:          True
    Restart Count:  0
    Limits:
      cpu:     1500m
      memory:  1536Mi
    Requests:
      cpu:      200m
      memory:   256Mi
    Liveness:   http-get http://:42069/healthz delay=60s timeout=1s period=30s #success=1 #failure=3
    Readiness:  http-get http://:42069/healthz/ready delay=5s timeout=1s period=10s #success=1 #failure=3
    Startup:    http-get http://:42069/healthz delay=0s timeout=1s period=5s #success=1 #failure=30
    Environment:
      ASPNETCORE_ENVIRONMENT:                   Production
      ASPNETCORE_URLS:                          http://+:42069
      DOTNET_USE_POLLING_FILE_WATCHER:          true
      Hermod__Security__AuthBypass:             true
      Hermod__Security__VaultRequireHttps:      false
      Hermod__Features__MetricsEndpoint:        true
      Hermod__Dev__Endpoints:                   true
      Hermod__Mqtt__Host:                       nanomq
      Hermod__Mqtt__Port:                       1883
      Hermod__Mqtt__UseTls:                     false
      Hermod__Mqtt__Tls__UseTls:                false
      Hermod__Mqtt__Username:                   <set to the key 'mqtt-username' in secret 'hermod-secrets'>  Optional: false
      Hermod__Mqtt__Password:                   <set to the key 'mqtt-password' in secret 'hermod-secrets'>  Optional: false
      Hermod__Database__ConnectionString:       Host=postgres;Port=5432;Database=hermod;Username=hermod_app
      Hermod__Database__Password:               <set to the key 'hermod-db-password' in secret 'hermod-db-credentials'>  Optional: false
      Hermod__Features__DeviceStateTracking:    true
      Hermod__Engine__LogBatchSize:             100
      Hermod__Engine__LogBatching:              true
      Hermod__Engine__Parallelism:              4
      Hermod__Features__MessagePersistence:     true
      Hermod__Features__RuleAuditLog:           true
      Hermod__Features__RuleCache:              true
      Hermod__Features__StatsRollup:            true
      Hermod__Storage__Mode:                    Postgres
      Logging__LogLevel__Hermod:                Information
      Logging__LogLevel__Microsoft.AspNetCore:  Warning
    Mounts:
      /var/run/secrets/kubernetes.io/serviceaccount from kube-api-access-wtnk2 (ro)
Conditions:
  Type                        Status
  PodReadyToStartContainers   True 
  Initialized                 True 
  Ready                       True 
  ContainersReady             True 
  PodScheduled                True 
Volumes:
  kube-api-access-wtnk2:
    Type:                    Projected (a volume that contains injected data from multiple sources)
    TokenExpirationSeconds:  3607
    ConfigMapName:           kube-root-ca.crt
    Optional:                false
    DownwardAPI:             true
QoS Class:                   Burstable
Node-Selectors:              <none>
Tolerations:                 node.kubernetes.io/not-ready:NoExecute op=Exists for 300s
                             node.kubernetes.io/unreachable:NoExecute op=Exists for 300s
Events:
  Type    Reason     Age    From               Message
  ----    ------     ----   ----               -------
  Normal  Scheduled  3m11s  default-scheduler  Successfully assigned coord-only/hermod-coordinator-8579dc9775-mwrpl to <pi-host>
  Normal  Pulled     3m11s  kubelet            spec.initContainers{wait-for-postgres}: Container image "busybox:1.36" already present on machine
  Normal  Created    3m11s  kubelet            spec.initContainers{wait-for-postgres}: Created container: wait-for-postgres
  Normal  Started    3m11s  kubelet            spec.initContainers{wait-for-postgres}: Started container wait-for-postgres
  Normal  Pulled     3m10s  kubelet            spec.initContainers{wait-for-nanomq}: Container image "busybox:1.36" already present on machine
  Normal  Created    3m10s  kubelet            spec.initContainers{wait-for-nanomq}: Created container: wait-for-nanomq
  Normal  Started    3m10s  kubelet            spec.initContainers{wait-for-nanomq}: Started container wait-for-nanomq
  Normal  Pulled     3m9s   kubelet            spec.containers{hermod-coordinator}: Container image "hermod-coordinator:latest" already present on machine
  Normal  Created    3m9s   kubelet            spec.containers{hermod-coordinator}: Created container: hermod-coordinator
  Normal  Started    3m9s   kubelet            spec.containers{hermod-coordinator}: Started container hermod-coordinator


Name:             nanomq-7b9d5cfb76-w2sdx
Namespace:        coord-only
Priority:         0
Service Account:  default
Node:             <pi-host>/<pi-ip>
Start Time:       Mon, 27 Apr 2026 06:29:20 +0200
Labels:           app=nanomq
                  pod-template-hash=7b9d5cfb76
Annotations:      cni.projectcalico.org/containerID: bb4b0d09336be8e739726639a4a83b5dcfe1cade09505fa080f679230fc99668
                  cni.projectcalico.org/podIP: <pod-ip>/32
                  cni.projectcalico.org/podIPs: <pod-ip>/32
                  kubectl.kubernetes.io/restartedAt: 2026-04-27T06:29:18+02:00
Status:           Running
IP:               <pod-ip>
IPs:
  IP:           <pod-ip>
Controlled By:  ReplicaSet/nanomq-7b9d5cfb76
Containers:
  nanomq:
    Container ID:   containerd://e7de3c40b2fd239465a5ecda57757fe6f51589f2efc8974e7ef9d2f738eedcf1
    Image:          emqx/nanomq:0.21-slim
    Image ID:       docker.io/emqx/nanomq@sha256:53bea7acb547aced1cc45e08c514628f1e41c4da9ad544fd8c5fa96d3e9eb41b
    Ports:          1883/TCP (mqtt), 8081/TCP (http)
    Host Ports:     0/TCP (mqtt), 0/TCP (http)
    State:          Running
      Started:      Mon, 27 Apr 2026 06:29:21 +0200
    Ready:          True
    Restart Count:  0
    Limits:
      cpu:     1
      memory:  512Mi
    Requests:
      cpu:        50m
      memory:     64Mi
    Liveness:     tcp-socket :1883 delay=10s timeout=1s period=10s #success=1 #failure=3
    Readiness:    tcp-socket :1883 delay=3s timeout=1s period=5s #success=1 #failure=3
    Environment:  <none>
    Mounts:
      /etc/nanomq.conf from config (rw,path="nanomq.conf")
      /var/run/secrets/kubernetes.io/serviceaccount from kube-api-access-czxfg (ro)
Conditions:
  Type                        Status
  PodReadyToStartContainers   True 
  Initialized                 True 
  Ready                       True 
  ContainersReady             True 
  PodScheduled                True 
Volumes:
  config:
    Type:      ConfigMap (a volume populated by a ConfigMap)
    Name:      nanomq-config
    Optional:  false
  kube-api-access-czxfg:
    Type:                    Projected (a volume that contains injected data from multiple sources)
    TokenExpirationSeconds:  3607
    ConfigMapName:           kube-root-ca.crt
    Optional:                false
    DownwardAPI:             true
QoS Class:                   Burstable
Node-Selectors:              <none>
Tolerations:                 node.kubernetes.io/not-ready:NoExecute op=Exists for 300s
                             node.kubernetes.io/unreachable:NoExecute op=Exists for 300s
Events:
  Type    Reason     Age    From               Message
  ----    ------     ----   ----               -------
  Normal  Scheduled  3m29s  default-scheduler  Successfully assigned coord-only/nanomq-7b9d5cfb76-w2sdx to <pi-host>
  Normal  Pulled     3m29s  kubelet            spec.containers{nanomq}: Container image "emqx/nanomq:0.21-slim" already present on machine
  Normal  Created    3m29s  kubelet            spec.containers{nanomq}: Created container: nanomq
  Normal  Started    3m29s  kubelet            spec.containers{nanomq}: Started container nanomq


Name:             postgres-0
Namespace:        coord-only
Priority:         0
Service Account:  default
Node:             <pi-host>/<pi-ip>
Start Time:       Mon, 27 Apr 2026 04:16:57 +0200
Labels:           app=postgres
                  apps.kubernetes.io/pod-index=0
                  controller-revision-hash=postgres-6497897965
                  statefulset.kubernetes.io/pod-name=postgres-0
Annotations:      cni.projectcalico.org/containerID: 69fb4823b666d3d2a1395c00ab9b26a33337431372918fb41d9f85f42d91a056
                  cni.projectcalico.org/podIP: <pod-ip>/32
                  cni.projectcalico.org/podIPs: <pod-ip>/32
Status:           Running
IP:               <pod-ip>
IPs:
  IP:           <pod-ip>
Controlled By:  StatefulSet/postgres
Containers:
  postgres:
    Container ID:  containerd://adf8585ccc9b705cf0261f22f8e1c254a24670c72b998bb7a052f31e3a5ae5be
    Image:         postgres:17-alpine
    Image ID:      docker.io/library/postgres@sha256:778d0b486d6daa02b77434d0358ec57a1b21fd8b6d22ac2eef56a33e816928f6
    Port:          5432/TCP
    Host Port:     0/TCP
    Args:
      -c
      shared_buffers=256MB
      -c
      max_connections=200
      -c
      work_mem=16MB
    State:          Running
      Started:      Mon, 27 Apr 2026 04:16:58 +0200
    Ready:          True
    Restart Count:  0
    Limits:
      cpu:     1500m
      memory:  1536Mi
    Requests:
      cpu:      100m
      memory:   256Mi
    Liveness:   exec [pg_isready -U postgres] delay=30s timeout=1s period=10s #success=1 #failure=3
    Readiness:  exec [pg_isready -U postgres] delay=5s timeout=1s period=5s #success=1 #failure=3
    Environment:
      POSTGRES_DB:        postgres
      POSTGRES_USER:      postgres
      POSTGRES_PASSWORD:  <set to the key 'postgres-superuser-password' in secret 'hermod-secrets'>  Optional: false
    Mounts:
      /docker-entrypoint-initdb.d from init (rw)
      /var/lib/postgresql/data from data (rw)
      /var/run/secrets/kubernetes.io/serviceaccount from kube-api-access-79j56 (ro)
Conditions:
  Type                        Status
  PodReadyToStartContainers   True 
  Initialized                 True 
  Ready                       True 
  ContainersReady             True 
  PodScheduled                True 
Volumes:
  data:
    Type:       PersistentVolumeClaim (a reference to a PersistentVolumeClaim in the same namespace)
    ClaimName:  data-postgres-0
    ReadOnly:   false
  init:
    Type:      ConfigMap (a volume populated by a ConfigMap)
    Name:      postgres-init
    Optional:  false
  kube-api-access-79j56:
    Type:                    Projected (a volume that contains injected data from multiple sources)
    TokenExpirationSeconds:  3607
    ConfigMapName:           kube-root-ca.crt
    Optional:                false
    DownwardAPI:             true
QoS Class:                   Burstable
Node-Selectors:              <none>
Tolerations:                 node.kubernetes.io/not-ready:NoExecute op=Exists for 300s
                             node.kubernetes.io/unreachable:NoExecute op=Exists for 300s
Events:                      <none>

=== ts=1777264381 ===
Name:             hermod-coordinator-8579dc9775-mwrpl
Namespace:        coord-only
Priority:         0
Service Account:  default
Node:             <pi-host>/<pi-ip>
Start Time:       Mon, 27 Apr 2026 06:29:38 +0200
Labels:           app=hermod-coordinator
                  pod-template-hash=8579dc9775
Annotations:      cni.projectcalico.org/containerID: eadab08ac5b72f5cadaf58830e11afc3f665e711f6c228131bb6827b999cb694
                  cni.projectcalico.org/podIP: <pod-ip>/32
                  cni.projectcalico.org/podIPs: <pod-ip>/32
                  kubectl.kubernetes.io/restartedAt: 2026-04-27T06:29:18+02:00
Status:           Running
IP:               <pod-ip>
IPs:
  IP:           <pod-ip>
Controlled By:  ReplicaSet/hermod-coordinator-8579dc9775
Init Containers:
  wait-for-postgres:
    Container ID:  containerd://8b962abcdd328d17f7d00a643e7b344e2d1ded4582d4f2c0199e1131728b2f19
    Image:         busybox:1.36
    Image ID:      docker.io/library/busybox@sha256:73aaf090f3d85aa34ee199857f03fa3a95c8ede2ffd4cc2cdb5b94e566b11662
    Port:          <none>
    Host Port:     <none>
    Command:
      sh
      -c
      until nc -z postgres 5432; do sleep 2; done
    State:          Terminated
      Reason:       Completed
      Exit Code:    0
      Started:      Mon, 27 Apr 2026 06:29:39 +0200
      Finished:     Mon, 27 Apr 2026 06:29:39 +0200
    Ready:          True
    Restart Count:  0
    Environment:
      Hermod__Features__DeviceStateTracking:    true
      Hermod__Engine__LogBatchSize:             100
      Hermod__Engine__LogBatching:              true
      Hermod__Engine__Parallelism:              4
      Hermod__Features__MessagePersistence:     true
      Hermod__Features__RuleAuditLog:           true
      Hermod__Features__RuleCache:              true
      Hermod__Features__StatsRollup:            true
      Hermod__Storage__Mode:                    Postgres
      Logging__LogLevel__Hermod:                Information
      Logging__LogLevel__Microsoft.AspNetCore:  Warning
    Mounts:
      /var/run/secrets/kubernetes.io/serviceaccount from kube-api-access-wtnk2 (ro)
  wait-for-nanomq:
    Container ID:  containerd://12bf96af3da24d83bacf725ce21f7315f4cff75dbabff0ebe509b5717eda819d
    Image:         busybox:1.36
    Image ID:      docker.io/library/busybox@sha256:73aaf090f3d85aa34ee199857f03fa3a95c8ede2ffd4cc2cdb5b94e566b11662
    Port:          <none>
    Host Port:     <none>
    Command:
      sh
      -c
      until nc -z nanomq 1883; do sleep 2; done
    State:          Terminated
      Reason:       Completed
      Exit Code:    0
      Started:      Mon, 27 Apr 2026 06:29:40 +0200
      Finished:     Mon, 27 Apr 2026 06:29:40 +0200
    Ready:          True
    Restart Count:  0
    Environment:
      Hermod__Features__DeviceStateTracking:    true
      Hermod__Engine__LogBatchSize:             100
      Hermod__Engine__LogBatching:              true
      Hermod__Engine__Parallelism:              4
      Hermod__Features__MessagePersistence:     true
      Hermod__Features__RuleAuditLog:           true
      Hermod__Features__RuleCache:              true
      Hermod__Features__StatsRollup:            true
      Hermod__Storage__Mode:                    Postgres
      Logging__LogLevel__Hermod:                Information
      Logging__LogLevel__Microsoft.AspNetCore:  Warning
    Mounts:
      /var/run/secrets/kubernetes.io/serviceaccount from kube-api-access-wtnk2 (ro)
Containers:
  hermod-coordinator:
    Container ID:   containerd://77455bc8c4f225ec4eade18958b5943f029403fe678ab5938f7b4f311cf88123
    Image:          hermod-coordinator:latest
    Image ID:       sha256:ca91ccdfcd269dd5e4e25d5ffe8d863ca5db57e5c4f62f08c8adf90d23c15eaf
    Port:           42069/TCP (http)
    Host Port:      0/TCP (http)
    State:          Running
      Started:      Mon, 27 Apr 2026 06:29:41 +0200
    Ready:          True
    Restart Count:  0
    Limits:
      cpu:     1500m
      memory:  1536Mi
    Requests:
      cpu:      200m
      memory:   256Mi
    Liveness:   http-get http://:42069/healthz delay=60s timeout=1s period=30s #success=1 #failure=3
    Readiness:  http-get http://:42069/healthz/ready delay=5s timeout=1s period=10s #success=1 #failure=3
    Startup:    http-get http://:42069/healthz delay=0s timeout=1s period=5s #success=1 #failure=30
    Environment:
      ASPNETCORE_ENVIRONMENT:                   Production
      ASPNETCORE_URLS:                          http://+:42069
      DOTNET_USE_POLLING_FILE_WATCHER:          true
      Hermod__Security__AuthBypass:             true
      Hermod__Security__VaultRequireHttps:      false
      Hermod__Features__MetricsEndpoint:        true
      Hermod__Dev__Endpoints:                   true
      Hermod__Mqtt__Host:                       nanomq
      Hermod__Mqtt__Port:                       1883
      Hermod__Mqtt__UseTls:                     false
      Hermod__Mqtt__Tls__UseTls:                false
      Hermod__Mqtt__Username:                   <set to the key 'mqtt-username' in secret 'hermod-secrets'>  Optional: false
      Hermod__Mqtt__Password:                   <set to the key 'mqtt-password' in secret 'hermod-secrets'>  Optional: false
      Hermod__Database__ConnectionString:       Host=postgres;Port=5432;Database=hermod;Username=hermod_app
      Hermod__Database__Password:               <set to the key 'hermod-db-password' in secret 'hermod-db-credentials'>  Optional: false
      Hermod__Features__DeviceStateTracking:    true
      Hermod__Engine__LogBatchSize:             100
      Hermod__Engine__LogBatching:              true
      Hermod__Engine__Parallelism:              4
      Hermod__Features__MessagePersistence:     true
      Hermod__Features__RuleAuditLog:           true
      Hermod__Features__RuleCache:              true
      Hermod__Features__StatsRollup:            true
      Hermod__Storage__Mode:                    Postgres
      Logging__LogLevel__Hermod:                Information
      Logging__LogLevel__Microsoft.AspNetCore:  Warning
    Mounts:
      /var/run/secrets/kubernetes.io/serviceaccount from kube-api-access-wtnk2 (ro)
Conditions:
  Type                        Status
  PodReadyToStartContainers   True 
  Initialized                 True 
  Ready                       True 
  ContainersReady             True 
  PodScheduled                True 
Volumes:
  kube-api-access-wtnk2:
    Type:                    Projected (a volume that contains injected data from multiple sources)
    TokenExpirationSeconds:  3607
    ConfigMapName:           kube-root-ca.crt
    Optional:                false
    DownwardAPI:             true
QoS Class:                   Burstable
Node-Selectors:              <none>
Tolerations:                 node.kubernetes.io/not-ready:NoExecute op=Exists for 300s
                             node.kubernetes.io/unreachable:NoExecute op=Exists for 300s
Events:
  Type    Reason     Age    From               Message
  ----    ------     ----   ----               -------
  Normal  Scheduled  3m23s  default-scheduler  Successfully assigned coord-only/hermod-coordinator-8579dc9775-mwrpl to <pi-host>
  Normal  Pulled     3m22s  kubelet            spec.initContainers{wait-for-postgres}: Container image "busybox:1.36" already present on machine
  Normal  Created    3m22s  kubelet            spec.initContainers{wait-for-postgres}: Created container: wait-for-postgres
  Normal  Started    3m22s  kubelet            spec.initContainers{wait-for-postgres}: Started container wait-for-postgres
  Normal  Pulled     3m21s  kubelet            spec.initContainers{wait-for-nanomq}: Container image "busybox:1.36" already present on machine
  Normal  Created    3m21s  kubelet            spec.initContainers{wait-for-nanomq}: Created container: wait-for-nanomq
  Normal  Started    3m21s  kubelet            spec.initContainers{wait-for-nanomq}: Started container wait-for-nanomq
  Normal  Pulled     3m20s  kubelet            spec.containers{hermod-coordinator}: Container image "hermod-coordinator:latest" already present on machine
  Normal  Created    3m20s  kubelet            spec.containers{hermod-coordinator}: Created container: hermod-coordinator
  Normal  Started    3m20s  kubelet            spec.containers{hermod-coordinator}: Started container hermod-coordinator


Name:             nanomq-7b9d5cfb76-w2sdx
Namespace:        coord-only
Priority:         0
Service Account:  default
Node:             <pi-host>/<pi-ip>
Start Time:       Mon, 27 Apr 2026 06:29:20 +0200
Labels:           app=nanomq
                  pod-template-hash=7b9d5cfb76
Annotations:      cni.projectcalico.org/containerID: bb4b0d09336be8e739726639a4a83b5dcfe1cade09505fa080f679230fc99668
                  cni.projectcalico.org/podIP: <pod-ip>/32
                  cni.projectcalico.org/podIPs: <pod-ip>/32
                  kubectl.kubernetes.io/restartedAt: 2026-04-27T06:29:18+02:00
Status:           Running
IP:               <pod-ip>
IPs:
  IP:           <pod-ip>
Controlled By:  ReplicaSet/nanomq-7b9d5cfb76
Containers:
  nanomq:
    Container ID:   containerd://e7de3c40b2fd239465a5ecda57757fe6f51589f2efc8974e7ef9d2f738eedcf1
    Image:          emqx/nanomq:0.21-slim
    Image ID:       docker.io/emqx/nanomq@sha256:53bea7acb547aced1cc45e08c514628f1e41c4da9ad544fd8c5fa96d3e9eb41b
    Ports:          1883/TCP (mqtt), 8081/TCP (http)
    Host Ports:     0/TCP (mqtt), 0/TCP (http)
    State:          Running
      Started:      Mon, 27 Apr 2026 06:29:21 +0200
    Ready:          True
    Restart Count:  0
    Limits:
      cpu:     1
      memory:  512Mi
    Requests:
      cpu:        50m
      memory:     64Mi
    Liveness:     tcp-socket :1883 delay=10s timeout=1s period=10s #success=1 #failure=3
    Readiness:    tcp-socket :1883 delay=3s timeout=1s period=5s #success=1 #failure=3
    Environment:  <none>
    Mounts:
      /etc/nanomq.conf from config (rw,path="nanomq.conf")
      /var/run/secrets/kubernetes.io/serviceaccount from kube-api-access-czxfg (ro)
Conditions:
  Type                        Status
  PodReadyToStartContainers   True 
  Initialized                 True 
  Ready                       True 
  ContainersReady             True 
  PodScheduled                True 
Volumes:
  config:
    Type:      ConfigMap (a volume populated by a ConfigMap)
    Name:      nanomq-config
    Optional:  false
  kube-api-access-czxfg:
    Type:                    Projected (a volume that contains injected data from multiple sources)
    TokenExpirationSeconds:  3607
    ConfigMapName:           kube-root-ca.crt
    Optional:                false
    DownwardAPI:             true
QoS Class:                   Burstable
Node-Selectors:              <none>
Tolerations:                 node.kubernetes.io/not-ready:NoExecute op=Exists for 300s
                             node.kubernetes.io/unreachable:NoExecute op=Exists for 300s
Events:
  Type    Reason     Age    From               Message
  ----    ------     ----   ----               -------
  Normal  Scheduled  3m41s  default-scheduler  Successfully assigned coord-only/nanomq-7b9d5cfb76-w2sdx to <pi-host>
  Normal  Pulled     3m40s  kubelet            spec.containers{nanomq}: Container image "emqx/nanomq:0.21-slim" already present on machine
  Normal  Created    3m40s  kubelet            spec.containers{nanomq}: Created container: nanomq
  Normal  Started    3m40s  kubelet            spec.containers{nanomq}: Started container nanomq


Name:             postgres-0
Namespace:        coord-only
Priority:         0
Service Account:  default
Node:             <pi-host>/<pi-ip>
Start Time:       Mon, 27 Apr 2026 04:16:57 +0200
Labels:           app=postgres
                  apps.kubernetes.io/pod-index=0
                  controller-revision-hash=postgres-6497897965
                  statefulset.kubernetes.io/pod-name=postgres-0
Annotations:      cni.projectcalico.org/containerID: 69fb4823b666d3d2a1395c00ab9b26a33337431372918fb41d9f85f42d91a056
                  cni.projectcalico.org/podIP: <pod-ip>/32
                  cni.projectcalico.org/podIPs: <pod-ip>/32
Status:           Running
IP:               <pod-ip>
IPs:
  IP:           <pod-ip>
Controlled By:  StatefulSet/postgres
Containers:
  postgres:
    Container ID:  containerd://adf8585ccc9b705cf0261f22f8e1c254a24670c72b998bb7a052f31e3a5ae5be
    Image:         postgres:17-alpine
    Image ID:      docker.io/library/postgres@sha256:778d0b486d6daa02b77434d0358ec57a1b21fd8b6d22ac2eef56a33e816928f6
    Port:          5432/TCP
    Host Port:     0/TCP
    Args:
      -c
      shared_buffers=256MB
      -c
      max_connections=200
      -c
      work_mem=16MB
    State:          Running
      Started:      Mon, 27 Apr 2026 04:16:58 +0200
    Ready:          True
    Restart Count:  0
    Limits:
      cpu:     1500m
      memory:  1536Mi
    Requests:
      cpu:      100m
      memory:   256Mi
    Liveness:   exec [pg_isready -U postgres] delay=30s timeout=1s period=10s #success=1 #failure=3
    Readiness:  exec [pg_isready -U postgres] delay=5s timeout=1s period=5s #success=1 #failure=3
    Environment:
      POSTGRES_DB:        postgres
      POSTGRES_USER:      postgres
      POSTGRES_PASSWORD:  <set to the key 'postgres-superuser-password' in secret 'hermod-secrets'>  Optional: false
    Mounts:
      /docker-entrypoint-initdb.d from init (rw)
      /var/lib/postgresql/data from data (rw)
      /var/run/secrets/kubernetes.io/serviceaccount from kube-api-access-79j56 (ro)
Conditions:
  Type                        Status
  PodReadyToStartContainers   True 
  Initialized                 True 
  Ready                       True 
  ContainersReady             True 
  PodScheduled                True 
Volumes:
  data:
    Type:       PersistentVolumeClaim (a reference to a PersistentVolumeClaim in the same namespace)
    ClaimName:  data-postgres-0
    ReadOnly:   false
  init:
    Type:      ConfigMap (a volume populated by a ConfigMap)
    Name:      postgres-init
    Optional:  false
  kube-api-access-79j56:
    Type:                    Projected (a volume that contains injected data from multiple sources)
    TokenExpirationSeconds:  3607
    ConfigMapName:           kube-root-ca.crt
    Optional:                false
    DownwardAPI:             true
QoS Class:                   Burstable
Node-Selectors:              <none>
Tolerations:                 node.kubernetes.io/not-ready:NoExecute op=Exists for 300s
                             node.kubernetes.io/unreachable:NoExecute op=Exists for 300s
Events:                      <none>

=== ts=1777264393 ===
Name:             hermod-coordinator-8579dc9775-mwrpl
Namespace:        coord-only
Priority:         0
Service Account:  default
Node:             <pi-host>/<pi-ip>
Start Time:       Mon, 27 Apr 2026 06:29:38 +0200
Labels:           app=hermod-coordinator
                  pod-template-hash=8579dc9775
Annotations:      cni.projectcalico.org/containerID: eadab08ac5b72f5cadaf58830e11afc3f665e711f6c228131bb6827b999cb694
                  cni.projectcalico.org/podIP: <pod-ip>/32
                  cni.projectcalico.org/podIPs: <pod-ip>/32
                  kubectl.kubernetes.io/restartedAt: 2026-04-27T06:29:18+02:00
Status:           Running
IP:               <pod-ip>
IPs:
  IP:           <pod-ip>
Controlled By:  ReplicaSet/hermod-coordinator-8579dc9775
Init Containers:
  wait-for-postgres:
    Container ID:  containerd://8b962abcdd328d17f7d00a643e7b344e2d1ded4582d4f2c0199e1131728b2f19
    Image:         busybox:1.36
    Image ID:      docker.io/library/busybox@sha256:73aaf090f3d85aa34ee199857f03fa3a95c8ede2ffd4cc2cdb5b94e566b11662
    Port:          <none>
    Host Port:     <none>
    Command:
      sh
      -c
      until nc -z postgres 5432; do sleep 2; done
    State:          Terminated
      Reason:       Completed
      Exit Code:    0
      Started:      Mon, 27 Apr 2026 06:29:39 +0200
      Finished:     Mon, 27 Apr 2026 06:29:39 +0200
    Ready:          True
    Restart Count:  0
    Environment:
      Hermod__Features__DeviceStateTracking:    true
      Hermod__Engine__LogBatchSize:             100
      Hermod__Engine__LogBatching:              true
      Hermod__Engine__Parallelism:              4
      Hermod__Features__MessagePersistence:     true
      Hermod__Features__RuleAuditLog:           true
      Hermod__Features__RuleCache:              true
      Hermod__Features__StatsRollup:            true
      Hermod__Storage__Mode:                    Postgres
      Logging__LogLevel__Hermod:                Information
      Logging__LogLevel__Microsoft.AspNetCore:  Warning
    Mounts:
      /var/run/secrets/kubernetes.io/serviceaccount from kube-api-access-wtnk2 (ro)
  wait-for-nanomq:
    Container ID:  containerd://12bf96af3da24d83bacf725ce21f7315f4cff75dbabff0ebe509b5717eda819d
    Image:         busybox:1.36
    Image ID:      docker.io/library/busybox@sha256:73aaf090f3d85aa34ee199857f03fa3a95c8ede2ffd4cc2cdb5b94e566b11662
    Port:          <none>
    Host Port:     <none>
    Command:
      sh
      -c
      until nc -z nanomq 1883; do sleep 2; done
    State:          Terminated
      Reason:       Completed
      Exit Code:    0
      Started:      Mon, 27 Apr 2026 06:29:40 +0200
      Finished:     Mon, 27 Apr 2026 06:29:40 +0200
    Ready:          True
    Restart Count:  0
    Environment:
      Hermod__Features__DeviceStateTracking:    true
      Hermod__Engine__LogBatchSize:             100
      Hermod__Engine__LogBatching:              true
      Hermod__Engine__Parallelism:              4
      Hermod__Features__MessagePersistence:     true
      Hermod__Features__RuleAuditLog:           true
      Hermod__Features__RuleCache:              true
      Hermod__Features__StatsRollup:            true
      Hermod__Storage__Mode:                    Postgres
      Logging__LogLevel__Hermod:                Information
      Logging__LogLevel__Microsoft.AspNetCore:  Warning
    Mounts:
      /var/run/secrets/kubernetes.io/serviceaccount from kube-api-access-wtnk2 (ro)
Containers:
  hermod-coordinator:
    Container ID:   containerd://77455bc8c4f225ec4eade18958b5943f029403fe678ab5938f7b4f311cf88123
    Image:          hermod-coordinator:latest
    Image ID:       sha256:ca91ccdfcd269dd5e4e25d5ffe8d863ca5db57e5c4f62f08c8adf90d23c15eaf
    Port:           42069/TCP (http)
    Host Port:      0/TCP (http)
    State:          Running
      Started:      Mon, 27 Apr 2026 06:29:41 +0200
    Ready:          True
    Restart Count:  0
    Limits:
      cpu:     1500m
      memory:  1536Mi
    Requests:
      cpu:      200m
      memory:   256Mi
    Liveness:   http-get http://:42069/healthz delay=60s timeout=1s period=30s #success=1 #failure=3
    Readiness:  http-get http://:42069/healthz/ready delay=5s timeout=1s period=10s #success=1 #failure=3
    Startup:    http-get http://:42069/healthz delay=0s timeout=1s period=5s #success=1 #failure=30
    Environment:
      ASPNETCORE_ENVIRONMENT:                   Production
      ASPNETCORE_URLS:                          http://+:42069
      DOTNET_USE_POLLING_FILE_WATCHER:          true
      Hermod__Security__AuthBypass:             true
      Hermod__Security__VaultRequireHttps:      false
      Hermod__Features__MetricsEndpoint:        true
      Hermod__Dev__Endpoints:                   true
      Hermod__Mqtt__Host:                       nanomq
      Hermod__Mqtt__Port:                       1883
      Hermod__Mqtt__UseTls:                     false
      Hermod__Mqtt__Tls__UseTls:                false
      Hermod__Mqtt__Username:                   <set to the key 'mqtt-username' in secret 'hermod-secrets'>  Optional: false
      Hermod__Mqtt__Password:                   <set to the key 'mqtt-password' in secret 'hermod-secrets'>  Optional: false
      Hermod__Database__ConnectionString:       Host=postgres;Port=5432;Database=hermod;Username=hermod_app
      Hermod__Database__Password:               <set to the key 'hermod-db-password' in secret 'hermod-db-credentials'>  Optional: false
      Hermod__Features__DeviceStateTracking:    true
      Hermod__Engine__LogBatchSize:             100
      Hermod__Engine__LogBatching:              true
      Hermod__Engine__Parallelism:              4
      Hermod__Features__MessagePersistence:     true
      Hermod__Features__RuleAuditLog:           true
      Hermod__Features__RuleCache:              true
      Hermod__Features__StatsRollup:            true
      Hermod__Storage__Mode:                    Postgres
      Logging__LogLevel__Hermod:                Information
      Logging__LogLevel__Microsoft.AspNetCore:  Warning
    Mounts:
      /var/run/secrets/kubernetes.io/serviceaccount from kube-api-access-wtnk2 (ro)
Conditions:
  Type                        Status
  PodReadyToStartContainers   True 
  Initialized                 True 
  Ready                       True 
  ContainersReady             True 
  PodScheduled                True 
Volumes:
  kube-api-access-wtnk2:
    Type:                    Projected (a volume that contains injected data from multiple sources)
    TokenExpirationSeconds:  3607
    ConfigMapName:           kube-root-ca.crt
    Optional:                false
    DownwardAPI:             true
QoS Class:                   Burstable
Node-Selectors:              <none>
Tolerations:                 node.kubernetes.io/not-ready:NoExecute op=Exists for 300s
                             node.kubernetes.io/unreachable:NoExecute op=Exists for 300s
Events:
  Type    Reason     Age    From               Message
  ----    ------     ----   ----               -------
  Normal  Scheduled  3m34s  default-scheduler  Successfully assigned coord-only/hermod-coordinator-8579dc9775-mwrpl to <pi-host>
  Normal  Pulled     3m34s  kubelet            spec.initContainers{wait-for-postgres}: Container image "busybox:1.36" already present on machine
  Normal  Created    3m34s  kubelet            spec.initContainers{wait-for-postgres}: Created container: wait-for-postgres
  Normal  Started    3m34s  kubelet            spec.initContainers{wait-for-postgres}: Started container wait-for-postgres
  Normal  Pulled     3m33s  kubelet            spec.initContainers{wait-for-nanomq}: Container image "busybox:1.36" already present on machine
  Normal  Created    3m33s  kubelet            spec.initContainers{wait-for-nanomq}: Created container: wait-for-nanomq
  Normal  Started    3m33s  kubelet            spec.initContainers{wait-for-nanomq}: Started container wait-for-nanomq
  Normal  Pulled     3m32s  kubelet            spec.containers{hermod-coordinator}: Container image "hermod-coordinator:latest" already present on machine
  Normal  Created    3m32s  kubelet            spec.containers{hermod-coordinator}: Created container: hermod-coordinator
  Normal  Started    3m32s  kubelet            spec.containers{hermod-coordinator}: Started container hermod-coordinator


Name:             nanomq-7b9d5cfb76-w2sdx
Namespace:        coord-only
Priority:         0
Service Account:  default
Node:             <pi-host>/<pi-ip>
Start Time:       Mon, 27 Apr 2026 06:29:20 +0200
Labels:           app=nanomq
                  pod-template-hash=7b9d5cfb76
Annotations:      cni.projectcalico.org/containerID: bb4b0d09336be8e739726639a4a83b5dcfe1cade09505fa080f679230fc99668
                  cni.projectcalico.org/podIP: <pod-ip>/32
                  cni.projectcalico.org/podIPs: <pod-ip>/32
                  kubectl.kubernetes.io/restartedAt: 2026-04-27T06:29:18+02:00
Status:           Running
IP:               <pod-ip>
IPs:
  IP:           <pod-ip>
Controlled By:  ReplicaSet/nanomq-7b9d5cfb76
Containers:
  nanomq:
    Container ID:   containerd://e7de3c40b2fd239465a5ecda57757fe6f51589f2efc8974e7ef9d2f738eedcf1
    Image:          emqx/nanomq:0.21-slim
    Image ID:       docker.io/emqx/nanomq@sha256:53bea7acb547aced1cc45e08c514628f1e41c4da9ad544fd8c5fa96d3e9eb41b
    Ports:          1883/TCP (mqtt), 8081/TCP (http)
    Host Ports:     0/TCP (mqtt), 0/TCP (http)
    State:          Running
      Started:      Mon, 27 Apr 2026 06:29:21 +0200
    Ready:          True
    Restart Count:  0
    Limits:
      cpu:     1
      memory:  512Mi
    Requests:
      cpu:        50m
      memory:     64Mi
    Liveness:     tcp-socket :1883 delay=10s timeout=1s period=10s #success=1 #failure=3
    Readiness:    tcp-socket :1883 delay=3s timeout=1s period=5s #success=1 #failure=3
    Environment:  <none>
    Mounts:
      /etc/nanomq.conf from config (rw,path="nanomq.conf")
      /var/run/secrets/kubernetes.io/serviceaccount from kube-api-access-czxfg (ro)
Conditions:
  Type                        Status
  PodReadyToStartContainers   True 
  Initialized                 True 
  Ready                       True 
  ContainersReady             True 
  PodScheduled                True 
Volumes:
  config:
    Type:      ConfigMap (a volume populated by a ConfigMap)
    Name:      nanomq-config
    Optional:  false
  kube-api-access-czxfg:
    Type:                    Projected (a volume that contains injected data from multiple sources)
    TokenExpirationSeconds:  3607
    ConfigMapName:           kube-root-ca.crt
    Optional:                false
    DownwardAPI:             true
QoS Class:                   Burstable
Node-Selectors:              <none>
Tolerations:                 node.kubernetes.io/not-ready:NoExecute op=Exists for 300s
                             node.kubernetes.io/unreachable:NoExecute op=Exists for 300s
Events:
  Type    Reason     Age    From               Message
  ----    ------     ----   ----               -------
  Normal  Scheduled  3m52s  default-scheduler  Successfully assigned coord-only/nanomq-7b9d5cfb76-w2sdx to <pi-host>
  Normal  Pulled     3m52s  kubelet            spec.containers{nanomq}: Container image "emqx/nanomq:0.21-slim" already present on machine
  Normal  Created    3m52s  kubelet            spec.containers{nanomq}: Created container: nanomq
  Normal  Started    3m52s  kubelet            spec.containers{nanomq}: Started container nanomq


Name:             postgres-0
Namespace:        coord-only
Priority:         0
Service Account:  default
Node:             <pi-host>/<pi-ip>
Start Time:       Mon, 27 Apr 2026 04:16:57 +0200
Labels:           app=postgres
                  apps.kubernetes.io/pod-index=0
                  controller-revision-hash=postgres-6497897965
                  statefulset.kubernetes.io/pod-name=postgres-0
Annotations:      cni.projectcalico.org/containerID: 69fb4823b666d3d2a1395c00ab9b26a33337431372918fb41d9f85f42d91a056
                  cni.projectcalico.org/podIP: <pod-ip>/32
                  cni.projectcalico.org/podIPs: <pod-ip>/32
Status:           Running
IP:               <pod-ip>
IPs:
  IP:           <pod-ip>
Controlled By:  StatefulSet/postgres
Containers:
  postgres:
    Container ID:  containerd://adf8585ccc9b705cf0261f22f8e1c254a24670c72b998bb7a052f31e3a5ae5be
    Image:         postgres:17-alpine
    Image ID:      docker.io/library/postgres@sha256:778d0b486d6daa02b77434d0358ec57a1b21fd8b6d22ac2eef56a33e816928f6
    Port:          5432/TCP
    Host Port:     0/TCP
    Args:
      -c
      shared_buffers=256MB
      -c
      max_connections=200
      -c
      work_mem=16MB
    State:          Running
      Started:      Mon, 27 Apr 2026 04:16:58 +0200
    Ready:          True
    Restart Count:  0
    Limits:
      cpu:     1500m
      memory:  1536Mi
    Requests:
      cpu:      100m
      memory:   256Mi
    Liveness:   exec [pg_isready -U postgres] delay=30s timeout=1s period=10s #success=1 #failure=3
    Readiness:  exec [pg_isready -U postgres] delay=5s timeout=1s period=5s #success=1 #failure=3
    Environment:
      POSTGRES_DB:        postgres
      POSTGRES_USER:      postgres
      POSTGRES_PASSWORD:  <set to the key 'postgres-superuser-password' in secret 'hermod-secrets'>  Optional: false
    Mounts:
      /docker-entrypoint-initdb.d from init (rw)
      /var/lib/postgresql/data from data (rw)
      /var/run/secrets/kubernetes.io/serviceaccount from kube-api-access-79j56 (ro)
Conditions:
  Type                        Status
  PodReadyToStartContainers   True 
  Initialized                 True 
  Ready                       True 
  ContainersReady             True 
  PodScheduled                True 
Volumes:
  data:
    Type:       PersistentVolumeClaim (a reference to a PersistentVolumeClaim in the same namespace)
    ClaimName:  data-postgres-0
    ReadOnly:   false
  init:
    Type:      ConfigMap (a volume populated by a ConfigMap)
    Name:      postgres-init
    Optional:  false
  kube-api-access-79j56:
    Type:                    Projected (a volume that contains injected data from multiple sources)
    TokenExpirationSeconds:  3607
    ConfigMapName:           kube-root-ca.crt
    Optional:                false
    DownwardAPI:             true
QoS Class:                   Burstable
Node-Selectors:              <none>
Tolerations:                 node.kubernetes.io/not-ready:NoExecute op=Exists for 300s
                             node.kubernetes.io/unreachable:NoExecute op=Exists for 300s
Events:                      <none>

=== ts=1777264404 ===
Name:             hermod-coordinator-8579dc9775-mwrpl
Namespace:        coord-only
Priority:         0
Service Account:  default
Node:             <pi-host>/<pi-ip>
Start Time:       Mon, 27 Apr 2026 06:29:38 +0200
Labels:           app=hermod-coordinator
                  pod-template-hash=8579dc9775
Annotations:      cni.projectcalico.org/containerID: eadab08ac5b72f5cadaf58830e11afc3f665e711f6c228131bb6827b999cb694
                  cni.projectcalico.org/podIP: <pod-ip>/32
                  cni.projectcalico.org/podIPs: <pod-ip>/32
                  kubectl.kubernetes.io/restartedAt: 2026-04-27T06:29:18+02:00
Status:           Running
IP:               <pod-ip>
IPs:
  IP:           <pod-ip>
Controlled By:  ReplicaSet/hermod-coordinator-8579dc9775
Init Containers:
  wait-for-postgres:
    Container ID:  containerd://8b962abcdd328d17f7d00a643e7b344e2d1ded4582d4f2c0199e1131728b2f19
    Image:         busybox:1.36
    Image ID:      docker.io/library/busybox@sha256:73aaf090f3d85aa34ee199857f03fa3a95c8ede2ffd4cc2cdb5b94e566b11662
    Port:          <none>
    Host Port:     <none>
    Command:
      sh
      -c
      until nc -z postgres 5432; do sleep 2; done
    State:          Terminated
      Reason:       Completed
      Exit Code:    0
      Started:      Mon, 27 Apr 2026 06:29:39 +0200
      Finished:     Mon, 27 Apr 2026 06:29:39 +0200
    Ready:          True
    Restart Count:  0
    Environment:
      Hermod__Features__DeviceStateTracking:    true
      Hermod__Engine__LogBatchSize:             100
      Hermod__Engine__LogBatching:              true
      Hermod__Engine__Parallelism:              4
      Hermod__Features__MessagePersistence:     true
      Hermod__Features__RuleAuditLog:           true
      Hermod__Features__RuleCache:              true
      Hermod__Features__StatsRollup:            true
      Hermod__Storage__Mode:                    Postgres
      Logging__LogLevel__Hermod:                Information
      Logging__LogLevel__Microsoft.AspNetCore:  Warning
    Mounts:
      /var/run/secrets/kubernetes.io/serviceaccount from kube-api-access-wtnk2 (ro)
  wait-for-nanomq:
    Container ID:  containerd://12bf96af3da24d83bacf725ce21f7315f4cff75dbabff0ebe509b5717eda819d
    Image:         busybox:1.36
    Image ID:      docker.io/library/busybox@sha256:73aaf090f3d85aa34ee199857f03fa3a95c8ede2ffd4cc2cdb5b94e566b11662
    Port:          <none>
    Host Port:     <none>
    Command:
      sh
      -c
      until nc -z nanomq 1883; do sleep 2; done
    State:          Terminated
      Reason:       Completed
      Exit Code:    0
      Started:      Mon, 27 Apr 2026 06:29:40 +0200
      Finished:     Mon, 27 Apr 2026 06:29:40 +0200
    Ready:          True
    Restart Count:  0
    Environment:
      Hermod__Features__DeviceStateTracking:    true
      Hermod__Engine__LogBatchSize:             100
      Hermod__Engine__LogBatching:              true
      Hermod__Engine__Parallelism:              4
      Hermod__Features__MessagePersistence:     true
      Hermod__Features__RuleAuditLog:           true
      Hermod__Features__RuleCache:              true
      Hermod__Features__StatsRollup:            true
      Hermod__Storage__Mode:                    Postgres
      Logging__LogLevel__Hermod:                Information
      Logging__LogLevel__Microsoft.AspNetCore:  Warning
    Mounts:
      /var/run/secrets/kubernetes.io/serviceaccount from kube-api-access-wtnk2 (ro)
Containers:
  hermod-coordinator:
    Container ID:   containerd://77455bc8c4f225ec4eade18958b5943f029403fe678ab5938f7b4f311cf88123
    Image:          hermod-coordinator:latest
    Image ID:       sha256:ca91ccdfcd269dd5e4e25d5ffe8d863ca5db57e5c4f62f08c8adf90d23c15eaf
    Port:           42069/TCP (http)
    Host Port:      0/TCP (http)
    State:          Running
      Started:      Mon, 27 Apr 2026 06:29:41 +0200
    Ready:          True
    Restart Count:  0
    Limits:
      cpu:     1500m
      memory:  1536Mi
    Requests:
      cpu:      200m
      memory:   256Mi
    Liveness:   http-get http://:42069/healthz delay=60s timeout=1s period=30s #success=1 #failure=3
    Readiness:  http-get http://:42069/healthz/ready delay=5s timeout=1s period=10s #success=1 #failure=3
    Startup:    http-get http://:42069/healthz delay=0s timeout=1s period=5s #success=1 #failure=30
    Environment:
      ASPNETCORE_ENVIRONMENT:                   Production
      ASPNETCORE_URLS:                          http://+:42069
      DOTNET_USE_POLLING_FILE_WATCHER:          true
      Hermod__Security__AuthBypass:             true
      Hermod__Security__VaultRequireHttps:      false
      Hermod__Features__MetricsEndpoint:        true
      Hermod__Dev__Endpoints:                   true
      Hermod__Mqtt__Host:                       nanomq
      Hermod__Mqtt__Port:                       1883
      Hermod__Mqtt__UseTls:                     false
      Hermod__Mqtt__Tls__UseTls:                false
      Hermod__Mqtt__Username:                   <set to the key 'mqtt-username' in secret 'hermod-secrets'>  Optional: false
      Hermod__Mqtt__Password:                   <set to the key 'mqtt-password' in secret 'hermod-secrets'>  Optional: false
      Hermod__Database__ConnectionString:       Host=postgres;Port=5432;Database=hermod;Username=hermod_app
      Hermod__Database__Password:               <set to the key 'hermod-db-password' in secret 'hermod-db-credentials'>  Optional: false
      Hermod__Features__DeviceStateTracking:    true
      Hermod__Engine__LogBatchSize:             100
      Hermod__Engine__LogBatching:              true
      Hermod__Engine__Parallelism:              4
      Hermod__Features__MessagePersistence:     true
      Hermod__Features__RuleAuditLog:           true
      Hermod__Features__RuleCache:              true
      Hermod__Features__StatsRollup:            true
      Hermod__Storage__Mode:                    Postgres
      Logging__LogLevel__Hermod:                Information
      Logging__LogLevel__Microsoft.AspNetCore:  Warning
    Mounts:
      /var/run/secrets/kubernetes.io/serviceaccount from kube-api-access-wtnk2 (ro)
Conditions:
  Type                        Status
  PodReadyToStartContainers   True 
  Initialized                 True 
  Ready                       True 
  ContainersReady             True 
  PodScheduled                True 
Volumes:
  kube-api-access-wtnk2:
    Type:                    Projected (a volume that contains injected data from multiple sources)
    TokenExpirationSeconds:  3607
    ConfigMapName:           kube-root-ca.crt
    Optional:                false
    DownwardAPI:             true
QoS Class:                   Burstable
Node-Selectors:              <none>
Tolerations:                 node.kubernetes.io/not-ready:NoExecute op=Exists for 300s
                             node.kubernetes.io/unreachable:NoExecute op=Exists for 300s
Events:
  Type    Reason     Age    From               Message
  ----    ------     ----   ----               -------
  Normal  Scheduled  3m46s  default-scheduler  Successfully assigned coord-only/hermod-coordinator-8579dc9775-mwrpl to <pi-host>
  Normal  Pulled     3m45s  kubelet            spec.initContainers{wait-for-postgres}: Container image "busybox:1.36" already present on machine
  Normal  Created    3m45s  kubelet            spec.initContainers{wait-for-postgres}: Created container: wait-for-postgres
  Normal  Started    3m45s  kubelet            spec.initContainers{wait-for-postgres}: Started container wait-for-postgres
  Normal  Pulled     3m44s  kubelet            spec.initContainers{wait-for-nanomq}: Container image "busybox:1.36" already present on machine
  Normal  Created    3m44s  kubelet            spec.initContainers{wait-for-nanomq}: Created container: wait-for-nanomq
  Normal  Started    3m44s  kubelet            spec.initContainers{wait-for-nanomq}: Started container wait-for-nanomq
  Normal  Pulled     3m43s  kubelet            spec.containers{hermod-coordinator}: Container image "hermod-coordinator:latest" already present on machine
  Normal  Created    3m43s  kubelet            spec.containers{hermod-coordinator}: Created container: hermod-coordinator
  Normal  Started    3m43s  kubelet            spec.containers{hermod-coordinator}: Started container hermod-coordinator


Name:             nanomq-7b9d5cfb76-w2sdx
Namespace:        coord-only
Priority:         0
Service Account:  default
Node:             <pi-host>/<pi-ip>
Start Time:       Mon, 27 Apr 2026 06:29:20 +0200
Labels:           app=nanomq
                  pod-template-hash=7b9d5cfb76
Annotations:      cni.projectcalico.org/containerID: bb4b0d09336be8e739726639a4a83b5dcfe1cade09505fa080f679230fc99668
                  cni.projectcalico.org/podIP: <pod-ip>/32
                  cni.projectcalico.org/podIPs: <pod-ip>/32
                  kubectl.kubernetes.io/restartedAt: 2026-04-27T06:29:18+02:00
Status:           Running
IP:               <pod-ip>
IPs:
  IP:           <pod-ip>
Controlled By:  ReplicaSet/nanomq-7b9d5cfb76
Containers:
  nanomq:
    Container ID:   containerd://e7de3c40b2fd239465a5ecda57757fe6f51589f2efc8974e7ef9d2f738eedcf1
    Image:          emqx/nanomq:0.21-slim
    Image ID:       docker.io/emqx/nanomq@sha256:53bea7acb547aced1cc45e08c514628f1e41c4da9ad544fd8c5fa96d3e9eb41b
    Ports:          1883/TCP (mqtt), 8081/TCP (http)
    Host Ports:     0/TCP (mqtt), 0/TCP (http)
    State:          Running
      Started:      Mon, 27 Apr 2026 06:29:21 +0200
    Ready:          True
    Restart Count:  0
    Limits:
      cpu:     1
      memory:  512Mi
    Requests:
      cpu:        50m
      memory:     64Mi
    Liveness:     tcp-socket :1883 delay=10s timeout=1s period=10s #success=1 #failure=3
    Readiness:    tcp-socket :1883 delay=3s timeout=1s period=5s #success=1 #failure=3
    Environment:  <none>
    Mounts:
      /etc/nanomq.conf from config (rw,path="nanomq.conf")
      /var/run/secrets/kubernetes.io/serviceaccount from kube-api-access-czxfg (ro)
Conditions:
  Type                        Status
  PodReadyToStartContainers   True 
  Initialized                 True 
  Ready                       True 
  ContainersReady             True 
  PodScheduled                True 
Volumes:
  config:
    Type:      ConfigMap (a volume populated by a ConfigMap)
    Name:      nanomq-config
    Optional:  false
  kube-api-access-czxfg:
    Type:                    Projected (a volume that contains injected data from multiple sources)
    TokenExpirationSeconds:  3607
    ConfigMapName:           kube-root-ca.crt
    Optional:                false
    DownwardAPI:             true
QoS Class:                   Burstable
Node-Selectors:              <none>
Tolerations:                 node.kubernetes.io/not-ready:NoExecute op=Exists for 300s
                             node.kubernetes.io/unreachable:NoExecute op=Exists for 300s
Events:
  Type    Reason     Age   From               Message
  ----    ------     ----  ----               -------
  Normal  Scheduled  4m4s  default-scheduler  Successfully assigned coord-only/nanomq-7b9d5cfb76-w2sdx to <pi-host>
  Normal  Pulled     4m3s  kubelet            spec.containers{nanomq}: Container image "emqx/nanomq:0.21-slim" already present on machine
  Normal  Created    4m3s  kubelet            spec.containers{nanomq}: Created container: nanomq
  Normal  Started    4m3s  kubelet            spec.containers{nanomq}: Started container nanomq


Name:             postgres-0
Namespace:        coord-only
Priority:         0
Service Account:  default
Node:             <pi-host>/<pi-ip>
Start Time:       Mon, 27 Apr 2026 04:16:57 +0200
Labels:           app=postgres
                  apps.kubernetes.io/pod-index=0
                  controller-revision-hash=postgres-6497897965
                  statefulset.kubernetes.io/pod-name=postgres-0
Annotations:      cni.projectcalico.org/containerID: 69fb4823b666d3d2a1395c00ab9b26a33337431372918fb41d9f85f42d91a056
                  cni.projectcalico.org/podIP: <pod-ip>/32
                  cni.projectcalico.org/podIPs: <pod-ip>/32
Status:           Running
IP:               <pod-ip>
IPs:
  IP:           <pod-ip>
Controlled By:  StatefulSet/postgres
Containers:
  postgres:
    Container ID:  containerd://adf8585ccc9b705cf0261f22f8e1c254a24670c72b998bb7a052f31e3a5ae5be
    Image:         postgres:17-alpine
    Image ID:      docker.io/library/postgres@sha256:778d0b486d6daa02b77434d0358ec57a1b21fd8b6d22ac2eef56a33e816928f6
    Port:          5432/TCP
    Host Port:     0/TCP
    Args:
      -c
      shared_buffers=256MB
      -c
      max_connections=200
      -c
      work_mem=16MB
    State:          Running
      Started:      Mon, 27 Apr 2026 04:16:58 +0200
    Ready:          True
    Restart Count:  0
    Limits:
      cpu:     1500m
      memory:  1536Mi
    Requests:
      cpu:      100m
      memory:   256Mi
    Liveness:   exec [pg_isready -U postgres] delay=30s timeout=1s period=10s #success=1 #failure=3
    Readiness:  exec [pg_isready -U postgres] delay=5s timeout=1s period=5s #success=1 #failure=3
    Environment:
      POSTGRES_DB:        postgres
      POSTGRES_USER:      postgres
      POSTGRES_PASSWORD:  <set to the key 'postgres-superuser-password' in secret 'hermod-secrets'>  Optional: false
    Mounts:
      /docker-entrypoint-initdb.d from init (rw)
      /var/lib/postgresql/data from data (rw)
      /var/run/secrets/kubernetes.io/serviceaccount from kube-api-access-79j56 (ro)
Conditions:
  Type                        Status
  PodReadyToStartContainers   True 
  Initialized                 True 
  Ready                       True 
  ContainersReady             True 
  PodScheduled                True 
Volumes:
  data:
    Type:       PersistentVolumeClaim (a reference to a PersistentVolumeClaim in the same namespace)
    ClaimName:  data-postgres-0
    ReadOnly:   false
  init:
    Type:      ConfigMap (a volume populated by a ConfigMap)
    Name:      postgres-init
    Optional:  false
  kube-api-access-79j56:
    Type:                    Projected (a volume that contains injected data from multiple sources)
    TokenExpirationSeconds:  3607
    ConfigMapName:           kube-root-ca.crt
    Optional:                false
    DownwardAPI:             true
QoS Class:                   Burstable
Node-Selectors:              <none>
Tolerations:                 node.kubernetes.io/not-ready:NoExecute op=Exists for 300s
                             node.kubernetes.io/unreachable:NoExecute op=Exists for 300s
Events:                      <none>

=== ts=1777264416 ===
Name:             hermod-coordinator-8579dc9775-mwrpl
Namespace:        coord-only
Priority:         0
Service Account:  default
Node:             <pi-host>/<pi-ip>
Start Time:       Mon, 27 Apr 2026 06:29:38 +0200
Labels:           app=hermod-coordinator
                  pod-template-hash=8579dc9775
Annotations:      cni.projectcalico.org/containerID: eadab08ac5b72f5cadaf58830e11afc3f665e711f6c228131bb6827b999cb694
                  cni.projectcalico.org/podIP: <pod-ip>/32
                  cni.projectcalico.org/podIPs: <pod-ip>/32
                  kubectl.kubernetes.io/restartedAt: 2026-04-27T06:29:18+02:00
Status:           Running
IP:               <pod-ip>
IPs:
  IP:           <pod-ip>
Controlled By:  ReplicaSet/hermod-coordinator-8579dc9775
Init Containers:
  wait-for-postgres:
    Container ID:  containerd://8b962abcdd328d17f7d00a643e7b344e2d1ded4582d4f2c0199e1131728b2f19
    Image:         busybox:1.36
    Image ID:      docker.io/library/busybox@sha256:73aaf090f3d85aa34ee199857f03fa3a95c8ede2ffd4cc2cdb5b94e566b11662
    Port:          <none>
    Host Port:     <none>
    Command:
      sh
      -c
      until nc -z postgres 5432; do sleep 2; done
    State:          Terminated
      Reason:       Completed
      Exit Code:    0
      Started:      Mon, 27 Apr 2026 06:29:39 +0200
      Finished:     Mon, 27 Apr 2026 06:29:39 +0200
    Ready:          True
    Restart Count:  0
    Environment:
      Hermod__Features__DeviceStateTracking:    true
      Hermod__Engine__LogBatchSize:             100
      Hermod__Engine__LogBatching:              true
      Hermod__Engine__Parallelism:              4
      Hermod__Features__MessagePersistence:     true
      Hermod__Features__RuleAuditLog:           true
      Hermod__Features__RuleCache:              true
      Hermod__Features__StatsRollup:            true
      Hermod__Storage__Mode:                    Postgres
      Logging__LogLevel__Hermod:                Information
      Logging__LogLevel__Microsoft.AspNetCore:  Warning
    Mounts:
      /var/run/secrets/kubernetes.io/serviceaccount from kube-api-access-wtnk2 (ro)
  wait-for-nanomq:
    Container ID:  containerd://12bf96af3da24d83bacf725ce21f7315f4cff75dbabff0ebe509b5717eda819d
    Image:         busybox:1.36
    Image ID:      docker.io/library/busybox@sha256:73aaf090f3d85aa34ee199857f03fa3a95c8ede2ffd4cc2cdb5b94e566b11662
    Port:          <none>
    Host Port:     <none>
    Command:
      sh
      -c
      until nc -z nanomq 1883; do sleep 2; done
    State:          Terminated
      Reason:       Completed
      Exit Code:    0
      Started:      Mon, 27 Apr 2026 06:29:40 +0200
      Finished:     Mon, 27 Apr 2026 06:29:40 +0200
    Ready:          True
    Restart Count:  0
    Environment:
      Hermod__Features__DeviceStateTracking:    true
      Hermod__Engine__LogBatchSize:             100
      Hermod__Engine__LogBatching:              true
      Hermod__Engine__Parallelism:              4
      Hermod__Features__MessagePersistence:     true
      Hermod__Features__RuleAuditLog:           true
      Hermod__Features__RuleCache:              true
      Hermod__Features__StatsRollup:            true
      Hermod__Storage__Mode:                    Postgres
      Logging__LogLevel__Hermod:                Information
      Logging__LogLevel__Microsoft.AspNetCore:  Warning
    Mounts:
      /var/run/secrets/kubernetes.io/serviceaccount from kube-api-access-wtnk2 (ro)
Containers:
  hermod-coordinator:
    Container ID:   containerd://77455bc8c4f225ec4eade18958b5943f029403fe678ab5938f7b4f311cf88123
    Image:          hermod-coordinator:latest
    Image ID:       sha256:ca91ccdfcd269dd5e4e25d5ffe8d863ca5db57e5c4f62f08c8adf90d23c15eaf
    Port:           42069/TCP (http)
    Host Port:      0/TCP (http)
    State:          Running
      Started:      Mon, 27 Apr 2026 06:29:41 +0200
    Ready:          True
    Restart Count:  0
    Limits:
      cpu:     1500m
      memory:  1536Mi
    Requests:
      cpu:      200m
      memory:   256Mi
    Liveness:   http-get http://:42069/healthz delay=60s timeout=1s period=30s #success=1 #failure=3
    Readiness:  http-get http://:42069/healthz/ready delay=5s timeout=1s period=10s #success=1 #failure=3
    Startup:    http-get http://:42069/healthz delay=0s timeout=1s period=5s #success=1 #failure=30
    Environment:
      ASPNETCORE_ENVIRONMENT:                   Production
      ASPNETCORE_URLS:                          http://+:42069
      DOTNET_USE_POLLING_FILE_WATCHER:          true
      Hermod__Security__AuthBypass:             true
      Hermod__Security__VaultRequireHttps:      false
      Hermod__Features__MetricsEndpoint:        true
      Hermod__Dev__Endpoints:                   true
      Hermod__Mqtt__Host:                       nanomq
      Hermod__Mqtt__Port:                       1883
      Hermod__Mqtt__UseTls:                     false
      Hermod__Mqtt__Tls__UseTls:                false
      Hermod__Mqtt__Username:                   <set to the key 'mqtt-username' in secret 'hermod-secrets'>  Optional: false
      Hermod__Mqtt__Password:                   <set to the key 'mqtt-password' in secret 'hermod-secrets'>  Optional: false
      Hermod__Database__ConnectionString:       Host=postgres;Port=5432;Database=hermod;Username=hermod_app
      Hermod__Database__Password:               <set to the key 'hermod-db-password' in secret 'hermod-db-credentials'>  Optional: false
      Hermod__Features__DeviceStateTracking:    true
      Hermod__Engine__LogBatchSize:             100
      Hermod__Engine__LogBatching:              true
      Hermod__Engine__Parallelism:              4
      Hermod__Features__MessagePersistence:     true
      Hermod__Features__RuleAuditLog:           true
      Hermod__Features__RuleCache:              true
      Hermod__Features__StatsRollup:            true
      Hermod__Storage__Mode:                    Postgres
      Logging__LogLevel__Hermod:                Information
      Logging__LogLevel__Microsoft.AspNetCore:  Warning
    Mounts:
      /var/run/secrets/kubernetes.io/serviceaccount from kube-api-access-wtnk2 (ro)
Conditions:
  Type                        Status
  PodReadyToStartContainers   True 
  Initialized                 True 
  Ready                       True 
  ContainersReady             True 
  PodScheduled                True 
Volumes:
  kube-api-access-wtnk2:
    Type:                    Projected (a volume that contains injected data from multiple sources)
    TokenExpirationSeconds:  3607
    ConfigMapName:           kube-root-ca.crt
    Optional:                false
    DownwardAPI:             true
QoS Class:                   Burstable
Node-Selectors:              <none>
Tolerations:                 node.kubernetes.io/not-ready:NoExecute op=Exists for 300s
                             node.kubernetes.io/unreachable:NoExecute op=Exists for 300s
Events:
  Type    Reason     Age    From               Message
  ----    ------     ----   ----               -------
  Normal  Scheduled  3m58s  default-scheduler  Successfully assigned coord-only/hermod-coordinator-8579dc9775-mwrpl to <pi-host>
  Normal  Pulled     3m57s  kubelet            spec.initContainers{wait-for-postgres}: Container image "busybox:1.36" already present on machine
  Normal  Created    3m57s  kubelet            spec.initContainers{wait-for-postgres}: Created container: wait-for-postgres
  Normal  Started    3m57s  kubelet            spec.initContainers{wait-for-postgres}: Started container wait-for-postgres
  Normal  Pulled     3m56s  kubelet            spec.initContainers{wait-for-nanomq}: Container image "busybox:1.36" already present on machine
  Normal  Created    3m56s  kubelet            spec.initContainers{wait-for-nanomq}: Created container: wait-for-nanomq
  Normal  Started    3m56s  kubelet            spec.initContainers{wait-for-nanomq}: Started container wait-for-nanomq
  Normal  Pulled     3m55s  kubelet            spec.containers{hermod-coordinator}: Container image "hermod-coordinator:latest" already present on machine
  Normal  Created    3m55s  kubelet            spec.containers{hermod-coordinator}: Created container: hermod-coordinator
  Normal  Started    3m55s  kubelet            spec.containers{hermod-coordinator}: Started container hermod-coordinator


Name:             nanomq-7b9d5cfb76-w2sdx
Namespace:        coord-only
Priority:         0
Service Account:  default
Node:             <pi-host>/<pi-ip>
Start Time:       Mon, 27 Apr 2026 06:29:20 +0200
Labels:           app=nanomq
                  pod-template-hash=7b9d5cfb76
Annotations:      cni.projectcalico.org/containerID: bb4b0d09336be8e739726639a4a83b5dcfe1cade09505fa080f679230fc99668
                  cni.projectcalico.org/podIP: <pod-ip>/32
                  cni.projectcalico.org/podIPs: <pod-ip>/32
                  kubectl.kubernetes.io/restartedAt: 2026-04-27T06:29:18+02:00
Status:           Running
IP:               <pod-ip>
IPs:
  IP:           <pod-ip>
Controlled By:  ReplicaSet/nanomq-7b9d5cfb76
Containers:
  nanomq:
    Container ID:   containerd://e7de3c40b2fd239465a5ecda57757fe6f51589f2efc8974e7ef9d2f738eedcf1
    Image:          emqx/nanomq:0.21-slim
    Image ID:       docker.io/emqx/nanomq@sha256:53bea7acb547aced1cc45e08c514628f1e41c4da9ad544fd8c5fa96d3e9eb41b
    Ports:          1883/TCP (mqtt), 8081/TCP (http)
    Host Ports:     0/TCP (mqtt), 0/TCP (http)
    State:          Running
      Started:      Mon, 27 Apr 2026 06:29:21 +0200
    Ready:          True
    Restart Count:  0
    Limits:
      cpu:     1
      memory:  512Mi
    Requests:
      cpu:        50m
      memory:     64Mi
    Liveness:     tcp-socket :1883 delay=10s timeout=1s period=10s #success=1 #failure=3
    Readiness:    tcp-socket :1883 delay=3s timeout=1s period=5s #success=1 #failure=3
    Environment:  <none>
    Mounts:
      /etc/nanomq.conf from config (rw,path="nanomq.conf")
      /var/run/secrets/kubernetes.io/serviceaccount from kube-api-access-czxfg (ro)
Conditions:
  Type                        Status
  PodReadyToStartContainers   True 
  Initialized                 True 
  Ready                       True 
  ContainersReady             True 
  PodScheduled                True 
Volumes:
  config:
    Type:      ConfigMap (a volume populated by a ConfigMap)
    Name:      nanomq-config
    Optional:  false
  kube-api-access-czxfg:
    Type:                    Projected (a volume that contains injected data from multiple sources)
    TokenExpirationSeconds:  3607
    ConfigMapName:           kube-root-ca.crt
    Optional:                false
    DownwardAPI:             true
QoS Class:                   Burstable
Node-Selectors:              <none>
Tolerations:                 node.kubernetes.io/not-ready:NoExecute op=Exists for 300s
                             node.kubernetes.io/unreachable:NoExecute op=Exists for 300s
Events:
  Type    Reason     Age    From               Message
  ----    ------     ----   ----               -------
  Normal  Scheduled  4m16s  default-scheduler  Successfully assigned coord-only/nanomq-7b9d5cfb76-w2sdx to <pi-host>
  Normal  Pulled     4m15s  kubelet            spec.containers{nanomq}: Container image "emqx/nanomq:0.21-slim" already present on machine
  Normal  Created    4m15s  kubelet            spec.containers{nanomq}: Created container: nanomq
  Normal  Started    4m15s  kubelet            spec.containers{nanomq}: Started container nanomq


Name:             postgres-0
Namespace:        coord-only
Priority:         0
Service Account:  default
Node:             <pi-host>/<pi-ip>
Start Time:       Mon, 27 Apr 2026 04:16:57 +0200
Labels:           app=postgres
                  apps.kubernetes.io/pod-index=0
                  controller-revision-hash=postgres-6497897965
                  statefulset.kubernetes.io/pod-name=postgres-0
Annotations:      cni.projectcalico.org/containerID: 69fb4823b666d3d2a1395c00ab9b26a33337431372918fb41d9f85f42d91a056
                  cni.projectcalico.org/podIP: <pod-ip>/32
                  cni.projectcalico.org/podIPs: <pod-ip>/32
Status:           Running
IP:               <pod-ip>
IPs:
  IP:           <pod-ip>
Controlled By:  StatefulSet/postgres
Containers:
  postgres:
    Container ID:  containerd://adf8585ccc9b705cf0261f22f8e1c254a24670c72b998bb7a052f31e3a5ae5be
    Image:         postgres:17-alpine
    Image ID:      docker.io/library/postgres@sha256:778d0b486d6daa02b77434d0358ec57a1b21fd8b6d22ac2eef56a33e816928f6
    Port:          5432/TCP
    Host Port:     0/TCP
    Args:
      -c
      shared_buffers=256MB
      -c
      max_connections=200
      -c
      work_mem=16MB
    State:          Running
      Started:      Mon, 27 Apr 2026 04:16:58 +0200
    Ready:          True
    Restart Count:  0
    Limits:
      cpu:     1500m
      memory:  1536Mi
    Requests:
      cpu:      100m
      memory:   256Mi
    Liveness:   exec [pg_isready -U postgres] delay=30s timeout=1s period=10s #success=1 #failure=3
    Readiness:  exec [pg_isready -U postgres] delay=5s timeout=1s period=5s #success=1 #failure=3
    Environment:
      POSTGRES_DB:        postgres
      POSTGRES_USER:      postgres
      POSTGRES_PASSWORD:  <set to the key 'postgres-superuser-password' in secret 'hermod-secrets'>  Optional: false
    Mounts:
      /docker-entrypoint-initdb.d from init (rw)
      /var/lib/postgresql/data from data (rw)
      /var/run/secrets/kubernetes.io/serviceaccount from kube-api-access-79j56 (ro)
Conditions:
  Type                        Status
  PodReadyToStartContainers   True 
  Initialized                 True 
  Ready                       True 
  ContainersReady             True 
  PodScheduled                True 
Volumes:
  data:
    Type:       PersistentVolumeClaim (a reference to a PersistentVolumeClaim in the same namespace)
    ClaimName:  data-postgres-0
    ReadOnly:   false
  init:
    Type:      ConfigMap (a volume populated by a ConfigMap)
    Name:      postgres-init
    Optional:  false
  kube-api-access-79j56:
    Type:                    Projected (a volume that contains injected data from multiple sources)
    TokenExpirationSeconds:  3607
    ConfigMapName:           kube-root-ca.crt
    Optional:                false
    DownwardAPI:             true
QoS Class:                   Burstable
Node-Selectors:              <none>
Tolerations:                 node.kubernetes.io/not-ready:NoExecute op=Exists for 300s
                             node.kubernetes.io/unreachable:NoExecute op=Exists for 300s
Events:                      <none>

=== ts=1777264427 ===
Name:             hermod-coordinator-8579dc9775-mwrpl
Namespace:        coord-only
Priority:         0
Service Account:  default
Node:             <pi-host>/<pi-ip>
Start Time:       Mon, 27 Apr 2026 06:29:38 +0200
Labels:           app=hermod-coordinator
                  pod-template-hash=8579dc9775
Annotations:      cni.projectcalico.org/containerID: eadab08ac5b72f5cadaf58830e11afc3f665e711f6c228131bb6827b999cb694
                  cni.projectcalico.org/podIP: <pod-ip>/32
                  cni.projectcalico.org/podIPs: <pod-ip>/32
                  kubectl.kubernetes.io/restartedAt: 2026-04-27T06:29:18+02:00
Status:           Running
IP:               <pod-ip>
IPs:
  IP:           <pod-ip>
Controlled By:  ReplicaSet/hermod-coordinator-8579dc9775
Init Containers:
  wait-for-postgres:
    Container ID:  containerd://8b962abcdd328d17f7d00a643e7b344e2d1ded4582d4f2c0199e1131728b2f19
    Image:         busybox:1.36
    Image ID:      docker.io/library/busybox@sha256:73aaf090f3d85aa34ee199857f03fa3a95c8ede2ffd4cc2cdb5b94e566b11662
    Port:          <none>
    Host Port:     <none>
    Command:
      sh
      -c
      until nc -z postgres 5432; do sleep 2; done
    State:          Terminated
      Reason:       Completed
      Exit Code:    0
      Started:      Mon, 27 Apr 2026 06:29:39 +0200
      Finished:     Mon, 27 Apr 2026 06:29:39 +0200
    Ready:          True
    Restart Count:  0
    Environment:
      Hermod__Features__DeviceStateTracking:    true
      Hermod__Engine__LogBatchSize:             100
      Hermod__Engine__LogBatching:              true
      Hermod__Engine__Parallelism:              4
      Hermod__Features__MessagePersistence:     true
      Hermod__Features__RuleAuditLog:           true
      Hermod__Features__RuleCache:              true
      Hermod__Features__StatsRollup:            true
      Hermod__Storage__Mode:                    Postgres
      Logging__LogLevel__Hermod:                Information
      Logging__LogLevel__Microsoft.AspNetCore:  Warning
    Mounts:
      /var/run/secrets/kubernetes.io/serviceaccount from kube-api-access-wtnk2 (ro)
  wait-for-nanomq:
    Container ID:  containerd://12bf96af3da24d83bacf725ce21f7315f4cff75dbabff0ebe509b5717eda819d
    Image:         busybox:1.36
    Image ID:      docker.io/library/busybox@sha256:73aaf090f3d85aa34ee199857f03fa3a95c8ede2ffd4cc2cdb5b94e566b11662
    Port:          <none>
    Host Port:     <none>
    Command:
      sh
      -c
      until nc -z nanomq 1883; do sleep 2; done
    State:          Terminated
      Reason:       Completed
      Exit Code:    0
      Started:      Mon, 27 Apr 2026 06:29:40 +0200
      Finished:     Mon, 27 Apr 2026 06:29:40 +0200
    Ready:          True
    Restart Count:  0
    Environment:
      Hermod__Features__DeviceStateTracking:    true
      Hermod__Engine__LogBatchSize:             100
      Hermod__Engine__LogBatching:              true
      Hermod__Engine__Parallelism:              4
      Hermod__Features__MessagePersistence:     true
      Hermod__Features__RuleAuditLog:           true
      Hermod__Features__RuleCache:              true
      Hermod__Features__StatsRollup:            true
      Hermod__Storage__Mode:                    Postgres
      Logging__LogLevel__Hermod:                Information
      Logging__LogLevel__Microsoft.AspNetCore:  Warning
    Mounts:
      /var/run/secrets/kubernetes.io/serviceaccount from kube-api-access-wtnk2 (ro)
Containers:
  hermod-coordinator:
    Container ID:   containerd://77455bc8c4f225ec4eade18958b5943f029403fe678ab5938f7b4f311cf88123
    Image:          hermod-coordinator:latest
    Image ID:       sha256:ca91ccdfcd269dd5e4e25d5ffe8d863ca5db57e5c4f62f08c8adf90d23c15eaf
    Port:           42069/TCP (http)
    Host Port:      0/TCP (http)
    State:          Running
      Started:      Mon, 27 Apr 2026 06:29:41 +0200
    Ready:          True
    Restart Count:  0
    Limits:
      cpu:     1500m
      memory:  1536Mi
    Requests:
      cpu:      200m
      memory:   256Mi
    Liveness:   http-get http://:42069/healthz delay=60s timeout=1s period=30s #success=1 #failure=3
    Readiness:  http-get http://:42069/healthz/ready delay=5s timeout=1s period=10s #success=1 #failure=3
    Startup:    http-get http://:42069/healthz delay=0s timeout=1s period=5s #success=1 #failure=30
    Environment:
      ASPNETCORE_ENVIRONMENT:                   Production
      ASPNETCORE_URLS:                          http://+:42069
      DOTNET_USE_POLLING_FILE_WATCHER:          true
      Hermod__Security__AuthBypass:             true
      Hermod__Security__VaultRequireHttps:      false
      Hermod__Features__MetricsEndpoint:        true
      Hermod__Dev__Endpoints:                   true
      Hermod__Mqtt__Host:                       nanomq
      Hermod__Mqtt__Port:                       1883
      Hermod__Mqtt__UseTls:                     false
      Hermod__Mqtt__Tls__UseTls:                false
      Hermod__Mqtt__Username:                   <set to the key 'mqtt-username' in secret 'hermod-secrets'>  Optional: false
      Hermod__Mqtt__Password:                   <set to the key 'mqtt-password' in secret 'hermod-secrets'>  Optional: false
      Hermod__Database__ConnectionString:       Host=postgres;Port=5432;Database=hermod;Username=hermod_app
      Hermod__Database__Password:               <set to the key 'hermod-db-password' in secret 'hermod-db-credentials'>  Optional: false
      Hermod__Features__DeviceStateTracking:    true
      Hermod__Engine__LogBatchSize:             100
      Hermod__Engine__LogBatching:              true
      Hermod__Engine__Parallelism:              4
      Hermod__Features__MessagePersistence:     true
      Hermod__Features__RuleAuditLog:           true
      Hermod__Features__RuleCache:              true
      Hermod__Features__StatsRollup:            true
      Hermod__Storage__Mode:                    Postgres
      Logging__LogLevel__Hermod:                Information
      Logging__LogLevel__Microsoft.AspNetCore:  Warning
    Mounts:
      /var/run/secrets/kubernetes.io/serviceaccount from kube-api-access-wtnk2 (ro)
Conditions:
  Type                        Status
  PodReadyToStartContainers   True 
  Initialized                 True 
  Ready                       True 
  ContainersReady             True 
  PodScheduled                True 
Volumes:
  kube-api-access-wtnk2:
    Type:                    Projected (a volume that contains injected data from multiple sources)
    TokenExpirationSeconds:  3607
    ConfigMapName:           kube-root-ca.crt
    Optional:                false
    DownwardAPI:             true
QoS Class:                   Burstable
Node-Selectors:              <none>
Tolerations:                 node.kubernetes.io/not-ready:NoExecute op=Exists for 300s
                             node.kubernetes.io/unreachable:NoExecute op=Exists for 300s
Events:
  Type    Reason     Age   From               Message
  ----    ------     ----  ----               -------
  Normal  Scheduled  4m9s  default-scheduler  Successfully assigned coord-only/hermod-coordinator-8579dc9775-mwrpl to <pi-host>
  Normal  Pulled     4m8s  kubelet            spec.initContainers{wait-for-postgres}: Container image "busybox:1.36" already present on machine
  Normal  Created    4m8s  kubelet            spec.initContainers{wait-for-postgres}: Created container: wait-for-postgres
  Normal  Started    4m8s  kubelet            spec.initContainers{wait-for-postgres}: Started container wait-for-postgres
  Normal  Pulled     4m7s  kubelet            spec.initContainers{wait-for-nanomq}: Container image "busybox:1.36" already present on machine
  Normal  Created    4m7s  kubelet            spec.initContainers{wait-for-nanomq}: Created container: wait-for-nanomq
  Normal  Started    4m7s  kubelet            spec.initContainers{wait-for-nanomq}: Started container wait-for-nanomq
  Normal  Pulled     4m6s  kubelet            spec.containers{hermod-coordinator}: Container image "hermod-coordinator:latest" already present on machine
  Normal  Created    4m6s  kubelet            spec.containers{hermod-coordinator}: Created container: hermod-coordinator
  Normal  Started    4m6s  kubelet            spec.containers{hermod-coordinator}: Started container hermod-coordinator


Name:             nanomq-7b9d5cfb76-w2sdx
Namespace:        coord-only
Priority:         0
Service Account:  default
Node:             <pi-host>/<pi-ip>
Start Time:       Mon, 27 Apr 2026 06:29:20 +0200
Labels:           app=nanomq
                  pod-template-hash=7b9d5cfb76
Annotations:      cni.projectcalico.org/containerID: bb4b0d09336be8e739726639a4a83b5dcfe1cade09505fa080f679230fc99668
                  cni.projectcalico.org/podIP: <pod-ip>/32
                  cni.projectcalico.org/podIPs: <pod-ip>/32
                  kubectl.kubernetes.io/restartedAt: 2026-04-27T06:29:18+02:00
Status:           Running
IP:               <pod-ip>
IPs:
  IP:           <pod-ip>
Controlled By:  ReplicaSet/nanomq-7b9d5cfb76
Containers:
  nanomq:
    Container ID:   containerd://e7de3c40b2fd239465a5ecda57757fe6f51589f2efc8974e7ef9d2f738eedcf1
    Image:          emqx/nanomq:0.21-slim
    Image ID:       docker.io/emqx/nanomq@sha256:53bea7acb547aced1cc45e08c514628f1e41c4da9ad544fd8c5fa96d3e9eb41b
    Ports:          1883/TCP (mqtt), 8081/TCP (http)
    Host Ports:     0/TCP (mqtt), 0/TCP (http)
    State:          Running
      Started:      Mon, 27 Apr 2026 06:29:21 +0200
    Ready:          True
    Restart Count:  0
    Limits:
      cpu:     1
      memory:  512Mi
    Requests:
      cpu:        50m
      memory:     64Mi
    Liveness:     tcp-socket :1883 delay=10s timeout=1s period=10s #success=1 #failure=3
    Readiness:    tcp-socket :1883 delay=3s timeout=1s period=5s #success=1 #failure=3
    Environment:  <none>
    Mounts:
      /etc/nanomq.conf from config (rw,path="nanomq.conf")
      /var/run/secrets/kubernetes.io/serviceaccount from kube-api-access-czxfg (ro)
Conditions:
  Type                        Status
  PodReadyToStartContainers   True 
  Initialized                 True 
  Ready                       True 
  ContainersReady             True 
  PodScheduled                True 
Volumes:
  config:
    Type:      ConfigMap (a volume populated by a ConfigMap)
    Name:      nanomq-config
    Optional:  false
  kube-api-access-czxfg:
    Type:                    Projected (a volume that contains injected data from multiple sources)
    TokenExpirationSeconds:  3607
    ConfigMapName:           kube-root-ca.crt
    Optional:                false
    DownwardAPI:             true
QoS Class:                   Burstable
Node-Selectors:              <none>
Tolerations:                 node.kubernetes.io/not-ready:NoExecute op=Exists for 300s
                             node.kubernetes.io/unreachable:NoExecute op=Exists for 300s
Events:
  Type    Reason     Age    From               Message
  ----    ------     ----   ----               -------
  Normal  Scheduled  4m27s  default-scheduler  Successfully assigned coord-only/nanomq-7b9d5cfb76-w2sdx to <pi-host>
  Normal  Pulled     4m27s  kubelet            spec.containers{nanomq}: Container image "emqx/nanomq:0.21-slim" already present on machine
  Normal  Created    4m27s  kubelet            spec.containers{nanomq}: Created container: nanomq
  Normal  Started    4m27s  kubelet            spec.containers{nanomq}: Started container nanomq


Name:             postgres-0
Namespace:        coord-only
Priority:         0
Service Account:  default
Node:             <pi-host>/<pi-ip>
Start Time:       Mon, 27 Apr 2026 04:16:57 +0200
Labels:           app=postgres
                  apps.kubernetes.io/pod-index=0
                  controller-revision-hash=postgres-6497897965
                  statefulset.kubernetes.io/pod-name=postgres-0
Annotations:      cni.projectcalico.org/containerID: 69fb4823b666d3d2a1395c00ab9b26a33337431372918fb41d9f85f42d91a056
                  cni.projectcalico.org/podIP: <pod-ip>/32
                  cni.projectcalico.org/podIPs: <pod-ip>/32
Status:           Running
IP:               <pod-ip>
IPs:
  IP:           <pod-ip>
Controlled By:  StatefulSet/postgres
Containers:
  postgres:
    Container ID:  containerd://adf8585ccc9b705cf0261f22f8e1c254a24670c72b998bb7a052f31e3a5ae5be
    Image:         postgres:17-alpine
    Image ID:      docker.io/library/postgres@sha256:778d0b486d6daa02b77434d0358ec57a1b21fd8b6d22ac2eef56a33e816928f6
    Port:          5432/TCP
    Host Port:     0/TCP
    Args:
      -c
      shared_buffers=256MB
      -c
      max_connections=200
      -c
      work_mem=16MB
    State:          Running
      Started:      Mon, 27 Apr 2026 04:16:58 +0200
    Ready:          True
    Restart Count:  0
    Limits:
      cpu:     1500m
      memory:  1536Mi
    Requests:
      cpu:      100m
      memory:   256Mi
    Liveness:   exec [pg_isready -U postgres] delay=30s timeout=1s period=10s #success=1 #failure=3
    Readiness:  exec [pg_isready -U postgres] delay=5s timeout=1s period=5s #success=1 #failure=3
    Environment:
      POSTGRES_DB:        postgres
      POSTGRES_USER:      postgres
      POSTGRES_PASSWORD:  <set to the key 'postgres-superuser-password' in secret 'hermod-secrets'>  Optional: false
    Mounts:
      /docker-entrypoint-initdb.d from init (rw)
      /var/lib/postgresql/data from data (rw)
      /var/run/secrets/kubernetes.io/serviceaccount from kube-api-access-79j56 (ro)
Conditions:
  Type                        Status
  PodReadyToStartContainers   True 
  Initialized                 True 
  Ready                       True 
  ContainersReady             True 
  PodScheduled                True 
Volumes:
  data:
    Type:       PersistentVolumeClaim (a reference to a PersistentVolumeClaim in the same namespace)
    ClaimName:  data-postgres-0
    ReadOnly:   false
  init:
    Type:      ConfigMap (a volume populated by a ConfigMap)
    Name:      postgres-init
    Optional:  false
  kube-api-access-79j56:
    Type:                    Projected (a volume that contains injected data from multiple sources)
    TokenExpirationSeconds:  3607
    ConfigMapName:           kube-root-ca.crt
    Optional:                false
    DownwardAPI:             true
QoS Class:                   Burstable
Node-Selectors:              <none>
Tolerations:                 node.kubernetes.io/not-ready:NoExecute op=Exists for 300s
                             node.kubernetes.io/unreachable:NoExecute op=Exists for 300s
Events:                      <none>

=== ts=1777264439 ===
Name:             hermod-coordinator-8579dc9775-mwrpl
Namespace:        coord-only
Priority:         0
Service Account:  default
Node:             <pi-host>/<pi-ip>
Start Time:       Mon, 27 Apr 2026 06:29:38 +0200
Labels:           app=hermod-coordinator
                  pod-template-hash=8579dc9775
Annotations:      cni.projectcalico.org/containerID: eadab08ac5b72f5cadaf58830e11afc3f665e711f6c228131bb6827b999cb694
                  cni.projectcalico.org/podIP: <pod-ip>/32
                  cni.projectcalico.org/podIPs: <pod-ip>/32
                  kubectl.kubernetes.io/restartedAt: 2026-04-27T06:29:18+02:00
Status:           Running
IP:               <pod-ip>
IPs:
  IP:           <pod-ip>
Controlled By:  ReplicaSet/hermod-coordinator-8579dc9775
Init Containers:
  wait-for-postgres:
    Container ID:  containerd://8b962abcdd328d17f7d00a643e7b344e2d1ded4582d4f2c0199e1131728b2f19
    Image:         busybox:1.36
    Image ID:      docker.io/library/busybox@sha256:73aaf090f3d85aa34ee199857f03fa3a95c8ede2ffd4cc2cdb5b94e566b11662
    Port:          <none>
    Host Port:     <none>
    Command:
      sh
      -c
      until nc -z postgres 5432; do sleep 2; done
    State:          Terminated
      Reason:       Completed
      Exit Code:    0
      Started:      Mon, 27 Apr 2026 06:29:39 +0200
      Finished:     Mon, 27 Apr 2026 06:29:39 +0200
    Ready:          True
    Restart Count:  0
    Environment:
      Hermod__Features__DeviceStateTracking:    true
      Hermod__Engine__LogBatchSize:             100
      Hermod__Engine__LogBatching:              true
      Hermod__Engine__Parallelism:              4
      Hermod__Features__MessagePersistence:     true
      Hermod__Features__RuleAuditLog:           true
      Hermod__Features__RuleCache:              true
      Hermod__Features__StatsRollup:            true
      Hermod__Storage__Mode:                    Postgres
      Logging__LogLevel__Hermod:                Information
      Logging__LogLevel__Microsoft.AspNetCore:  Warning
    Mounts:
      /var/run/secrets/kubernetes.io/serviceaccount from kube-api-access-wtnk2 (ro)
  wait-for-nanomq:
    Container ID:  containerd://12bf96af3da24d83bacf725ce21f7315f4cff75dbabff0ebe509b5717eda819d
    Image:         busybox:1.36
    Image ID:      docker.io/library/busybox@sha256:73aaf090f3d85aa34ee199857f03fa3a95c8ede2ffd4cc2cdb5b94e566b11662
    Port:          <none>
    Host Port:     <none>
    Command:
      sh
      -c
      until nc -z nanomq 1883; do sleep 2; done
    State:          Terminated
      Reason:       Completed
      Exit Code:    0
      Started:      Mon, 27 Apr 2026 06:29:40 +0200
      Finished:     Mon, 27 Apr 2026 06:29:40 +0200
    Ready:          True
    Restart Count:  0
    Environment:
      Hermod__Features__DeviceStateTracking:    true
      Hermod__Engine__LogBatchSize:             100
      Hermod__Engine__LogBatching:              true
      Hermod__Engine__Parallelism:              4
      Hermod__Features__MessagePersistence:     true
      Hermod__Features__RuleAuditLog:           true
      Hermod__Features__RuleCache:              true
      Hermod__Features__StatsRollup:            true
      Hermod__Storage__Mode:                    Postgres
      Logging__LogLevel__Hermod:                Information
      Logging__LogLevel__Microsoft.AspNetCore:  Warning
    Mounts:
      /var/run/secrets/kubernetes.io/serviceaccount from kube-api-access-wtnk2 (ro)
Containers:
  hermod-coordinator:
    Container ID:   containerd://77455bc8c4f225ec4eade18958b5943f029403fe678ab5938f7b4f311cf88123
    Image:          hermod-coordinator:latest
    Image ID:       sha256:ca91ccdfcd269dd5e4e25d5ffe8d863ca5db57e5c4f62f08c8adf90d23c15eaf
    Port:           42069/TCP (http)
    Host Port:      0/TCP (http)
    State:          Running
      Started:      Mon, 27 Apr 2026 06:29:41 +0200
    Ready:          True
    Restart Count:  0
    Limits:
      cpu:     1500m
      memory:  1536Mi
    Requests:
      cpu:      200m
      memory:   256Mi
    Liveness:   http-get http://:42069/healthz delay=60s timeout=1s period=30s #success=1 #failure=3
    Readiness:  http-get http://:42069/healthz/ready delay=5s timeout=1s period=10s #success=1 #failure=3
    Startup:    http-get http://:42069/healthz delay=0s timeout=1s period=5s #success=1 #failure=30
    Environment:
      ASPNETCORE_ENVIRONMENT:                   Production
      ASPNETCORE_URLS:                          http://+:42069
      DOTNET_USE_POLLING_FILE_WATCHER:          true
      Hermod__Security__AuthBypass:             true
      Hermod__Security__VaultRequireHttps:      false
      Hermod__Features__MetricsEndpoint:        true
      Hermod__Dev__Endpoints:                   true
      Hermod__Mqtt__Host:                       nanomq
      Hermod__Mqtt__Port:                       1883
      Hermod__Mqtt__UseTls:                     false
      Hermod__Mqtt__Tls__UseTls:                false
      Hermod__Mqtt__Username:                   <set to the key 'mqtt-username' in secret 'hermod-secrets'>  Optional: false
      Hermod__Mqtt__Password:                   <set to the key 'mqtt-password' in secret 'hermod-secrets'>  Optional: false
      Hermod__Database__ConnectionString:       Host=postgres;Port=5432;Database=hermod;Username=hermod_app
      Hermod__Database__Password:               <set to the key 'hermod-db-password' in secret 'hermod-db-credentials'>  Optional: false
      Hermod__Features__DeviceStateTracking:    true
      Hermod__Engine__LogBatchSize:             100
      Hermod__Engine__LogBatching:              true
      Hermod__Engine__Parallelism:              4
      Hermod__Features__MessagePersistence:     true
      Hermod__Features__RuleAuditLog:           true
      Hermod__Features__RuleCache:              true
      Hermod__Features__StatsRollup:            true
      Hermod__Storage__Mode:                    Postgres
      Logging__LogLevel__Hermod:                Information
      Logging__LogLevel__Microsoft.AspNetCore:  Warning
    Mounts:
      /var/run/secrets/kubernetes.io/serviceaccount from kube-api-access-wtnk2 (ro)
Conditions:
  Type                        Status
  PodReadyToStartContainers   True 
  Initialized                 True 
  Ready                       True 
  ContainersReady             True 
  PodScheduled                True 
Volumes:
  kube-api-access-wtnk2:
    Type:                    Projected (a volume that contains injected data from multiple sources)
    TokenExpirationSeconds:  3607
    ConfigMapName:           kube-root-ca.crt
    Optional:                false
    DownwardAPI:             true
QoS Class:                   Burstable
Node-Selectors:              <none>
Tolerations:                 node.kubernetes.io/not-ready:NoExecute op=Exists for 300s
                             node.kubernetes.io/unreachable:NoExecute op=Exists for 300s
Events:
  Type    Reason     Age    From               Message
  ----    ------     ----   ----               -------
  Normal  Scheduled  4m20s  default-scheduler  Successfully assigned coord-only/hermod-coordinator-8579dc9775-mwrpl to <pi-host>
  Normal  Pulled     4m20s  kubelet            spec.initContainers{wait-for-postgres}: Container image "busybox:1.36" already present on machine
  Normal  Created    4m20s  kubelet            spec.initContainers{wait-for-postgres}: Created container: wait-for-postgres
  Normal  Started    4m20s  kubelet            spec.initContainers{wait-for-postgres}: Started container wait-for-postgres
  Normal  Pulled     4m19s  kubelet            spec.initContainers{wait-for-nanomq}: Container image "busybox:1.36" already present on machine
  Normal  Created    4m19s  kubelet            spec.initContainers{wait-for-nanomq}: Created container: wait-for-nanomq
  Normal  Started    4m19s  kubelet            spec.initContainers{wait-for-nanomq}: Started container wait-for-nanomq
  Normal  Pulled     4m18s  kubelet            spec.containers{hermod-coordinator}: Container image "hermod-coordinator:latest" already present on machine
  Normal  Created    4m18s  kubelet            spec.containers{hermod-coordinator}: Created container: hermod-coordinator
  Normal  Started    4m18s  kubelet            spec.containers{hermod-coordinator}: Started container hermod-coordinator


Name:             nanomq-7b9d5cfb76-w2sdx
Namespace:        coord-only
Priority:         0
Service Account:  default
Node:             <pi-host>/<pi-ip>
Start Time:       Mon, 27 Apr 2026 06:29:20 +0200
Labels:           app=nanomq
                  pod-template-hash=7b9d5cfb76
Annotations:      cni.projectcalico.org/containerID: bb4b0d09336be8e739726639a4a83b5dcfe1cade09505fa080f679230fc99668
                  cni.projectcalico.org/podIP: <pod-ip>/32
                  cni.projectcalico.org/podIPs: <pod-ip>/32
                  kubectl.kubernetes.io/restartedAt: 2026-04-27T06:29:18+02:00
Status:           Running
IP:               <pod-ip>
IPs:
  IP:           <pod-ip>
Controlled By:  ReplicaSet/nanomq-7b9d5cfb76
Containers:
  nanomq:
    Container ID:   containerd://e7de3c40b2fd239465a5ecda57757fe6f51589f2efc8974e7ef9d2f738eedcf1
    Image:          emqx/nanomq:0.21-slim
    Image ID:       docker.io/emqx/nanomq@sha256:53bea7acb547aced1cc45e08c514628f1e41c4da9ad544fd8c5fa96d3e9eb41b
    Ports:          1883/TCP (mqtt), 8081/TCP (http)
    Host Ports:     0/TCP (mqtt), 0/TCP (http)
    State:          Running
      Started:      Mon, 27 Apr 2026 06:29:21 +0200
    Ready:          True
    Restart Count:  0
    Limits:
      cpu:     1
      memory:  512Mi
    Requests:
      cpu:        50m
      memory:     64Mi
    Liveness:     tcp-socket :1883 delay=10s timeout=1s period=10s #success=1 #failure=3
    Readiness:    tcp-socket :1883 delay=3s timeout=1s period=5s #success=1 #failure=3
    Environment:  <none>
    Mounts:
      /etc/nanomq.conf from config (rw,path="nanomq.conf")
      /var/run/secrets/kubernetes.io/serviceaccount from kube-api-access-czxfg (ro)
Conditions:
  Type                        Status
  PodReadyToStartContainers   True 
  Initialized                 True 
  Ready                       True 
  ContainersReady             True 
  PodScheduled                True 
Volumes:
  config:
    Type:      ConfigMap (a volume populated by a ConfigMap)
    Name:      nanomq-config
    Optional:  false
  kube-api-access-czxfg:
    Type:                    Projected (a volume that contains injected data from multiple sources)
    TokenExpirationSeconds:  3607
    ConfigMapName:           kube-root-ca.crt
    Optional:                false
    DownwardAPI:             true
QoS Class:                   Burstable
Node-Selectors:              <none>
Tolerations:                 node.kubernetes.io/not-ready:NoExecute op=Exists for 300s
                             node.kubernetes.io/unreachable:NoExecute op=Exists for 300s
Events:
  Type    Reason     Age    From               Message
  ----    ------     ----   ----               -------
  Normal  Scheduled  4m38s  default-scheduler  Successfully assigned coord-only/nanomq-7b9d5cfb76-w2sdx to <pi-host>
  Normal  Pulled     4m38s  kubelet            spec.containers{nanomq}: Container image "emqx/nanomq:0.21-slim" already present on machine
  Normal  Created    4m38s  kubelet            spec.containers{nanomq}: Created container: nanomq
  Normal  Started    4m38s  kubelet            spec.containers{nanomq}: Started container nanomq


Name:             postgres-0
Namespace:        coord-only
Priority:         0
Service Account:  default
Node:             <pi-host>/<pi-ip>
Start Time:       Mon, 27 Apr 2026 04:16:57 +0200
Labels:           app=postgres
                  apps.kubernetes.io/pod-index=0
                  controller-revision-hash=postgres-6497897965
                  statefulset.kubernetes.io/pod-name=postgres-0
Annotations:      cni.projectcalico.org/containerID: 69fb4823b666d3d2a1395c00ab9b26a33337431372918fb41d9f85f42d91a056
                  cni.projectcalico.org/podIP: <pod-ip>/32
                  cni.projectcalico.org/podIPs: <pod-ip>/32
Status:           Running
IP:               <pod-ip>
IPs:
  IP:           <pod-ip>
Controlled By:  StatefulSet/postgres
Containers:
  postgres:
    Container ID:  containerd://adf8585ccc9b705cf0261f22f8e1c254a24670c72b998bb7a052f31e3a5ae5be
    Image:         postgres:17-alpine
    Image ID:      docker.io/library/postgres@sha256:778d0b486d6daa02b77434d0358ec57a1b21fd8b6d22ac2eef56a33e816928f6
    Port:          5432/TCP
    Host Port:     0/TCP
    Args:
      -c
      shared_buffers=256MB
      -c
      max_connections=200
      -c
      work_mem=16MB
    State:          Running
      Started:      Mon, 27 Apr 2026 04:16:58 +0200
    Ready:          True
    Restart Count:  0
    Limits:
      cpu:     1500m
      memory:  1536Mi
    Requests:
      cpu:      100m
      memory:   256Mi
    Liveness:   exec [pg_isready -U postgres] delay=30s timeout=1s period=10s #success=1 #failure=3
    Readiness:  exec [pg_isready -U postgres] delay=5s timeout=1s period=5s #success=1 #failure=3
    Environment:
      POSTGRES_DB:        postgres
      POSTGRES_USER:      postgres
      POSTGRES_PASSWORD:  <set to the key 'postgres-superuser-password' in secret 'hermod-secrets'>  Optional: false
    Mounts:
      /docker-entrypoint-initdb.d from init (rw)
      /var/lib/postgresql/data from data (rw)
      /var/run/secrets/kubernetes.io/serviceaccount from kube-api-access-79j56 (ro)
Conditions:
  Type                        Status
  PodReadyToStartContainers   True 
  Initialized                 True 
  Ready                       True 
  ContainersReady             True 
  PodScheduled                True 
Volumes:
  data:
    Type:       PersistentVolumeClaim (a reference to a PersistentVolumeClaim in the same namespace)
    ClaimName:  data-postgres-0
    ReadOnly:   false
  init:
    Type:      ConfigMap (a volume populated by a ConfigMap)
    Name:      postgres-init
    Optional:  false
  kube-api-access-79j56:
    Type:                    Projected (a volume that contains injected data from multiple sources)
    TokenExpirationSeconds:  3607
    ConfigMapName:           kube-root-ca.crt
    Optional:                false
    DownwardAPI:             true
QoS Class:                   Burstable
Node-Selectors:              <none>
Tolerations:                 node.kubernetes.io/not-ready:NoExecute op=Exists for 300s
                             node.kubernetes.io/unreachable:NoExecute op=Exists for 300s
Events:                      <none>

=== ts=1777264450 ===
Name:             hermod-coordinator-8579dc9775-mwrpl
Namespace:        coord-only
Priority:         0
Service Account:  default
Node:             <pi-host>/<pi-ip>
Start Time:       Mon, 27 Apr 2026 06:29:38 +0200
Labels:           app=hermod-coordinator
                  pod-template-hash=8579dc9775
Annotations:      cni.projectcalico.org/containerID: eadab08ac5b72f5cadaf58830e11afc3f665e711f6c228131bb6827b999cb694
                  cni.projectcalico.org/podIP: <pod-ip>/32
                  cni.projectcalico.org/podIPs: <pod-ip>/32
                  kubectl.kubernetes.io/restartedAt: 2026-04-27T06:29:18+02:00
Status:           Running
IP:               <pod-ip>
IPs:
  IP:           <pod-ip>
Controlled By:  ReplicaSet/hermod-coordinator-8579dc9775
Init Containers:
  wait-for-postgres:
    Container ID:  containerd://8b962abcdd328d17f7d00a643e7b344e2d1ded4582d4f2c0199e1131728b2f19
    Image:         busybox:1.36
    Image ID:      docker.io/library/busybox@sha256:73aaf090f3d85aa34ee199857f03fa3a95c8ede2ffd4cc2cdb5b94e566b11662
    Port:          <none>
    Host Port:     <none>
    Command:
      sh
      -c
      until nc -z postgres 5432; do sleep 2; done
    State:          Terminated
      Reason:       Completed
      Exit Code:    0
      Started:      Mon, 27 Apr 2026 06:29:39 +0200
      Finished:     Mon, 27 Apr 2026 06:29:39 +0200
    Ready:          True
    Restart Count:  0
    Environment:
      Hermod__Features__DeviceStateTracking:    true
      Hermod__Engine__LogBatchSize:             100
      Hermod__Engine__LogBatching:              true
      Hermod__Engine__Parallelism:              4
      Hermod__Features__MessagePersistence:     true
      Hermod__Features__RuleAuditLog:           true
      Hermod__Features__RuleCache:              true
      Hermod__Features__StatsRollup:            true
      Hermod__Storage__Mode:                    Postgres
      Logging__LogLevel__Hermod:                Information
      Logging__LogLevel__Microsoft.AspNetCore:  Warning
    Mounts:
      /var/run/secrets/kubernetes.io/serviceaccount from kube-api-access-wtnk2 (ro)
  wait-for-nanomq:
    Container ID:  containerd://12bf96af3da24d83bacf725ce21f7315f4cff75dbabff0ebe509b5717eda819d
    Image:         busybox:1.36
    Image ID:      docker.io/library/busybox@sha256:73aaf090f3d85aa34ee199857f03fa3a95c8ede2ffd4cc2cdb5b94e566b11662
    Port:          <none>
    Host Port:     <none>
    Command:
      sh
      -c
      until nc -z nanomq 1883; do sleep 2; done
    State:          Terminated
      Reason:       Completed
      Exit Code:    0
      Started:      Mon, 27 Apr 2026 06:29:40 +0200
      Finished:     Mon, 27 Apr 2026 06:29:40 +0200
    Ready:          True
    Restart Count:  0
    Environment:
      Hermod__Features__DeviceStateTracking:    true
      Hermod__Engine__LogBatchSize:             100
      Hermod__Engine__LogBatching:              true
      Hermod__Engine__Parallelism:              4
      Hermod__Features__MessagePersistence:     true
      Hermod__Features__RuleAuditLog:           true
      Hermod__Features__RuleCache:              true
      Hermod__Features__StatsRollup:            true
      Hermod__Storage__Mode:                    Postgres
      Logging__LogLevel__Hermod:                Information
      Logging__LogLevel__Microsoft.AspNetCore:  Warning
    Mounts:
      /var/run/secrets/kubernetes.io/serviceaccount from kube-api-access-wtnk2 (ro)
Containers:
  hermod-coordinator:
    Container ID:   containerd://77455bc8c4f225ec4eade18958b5943f029403fe678ab5938f7b4f311cf88123
    Image:          hermod-coordinator:latest
    Image ID:       sha256:ca91ccdfcd269dd5e4e25d5ffe8d863ca5db57e5c4f62f08c8adf90d23c15eaf
    Port:           42069/TCP (http)
    Host Port:      0/TCP (http)
    State:          Running
      Started:      Mon, 27 Apr 2026 06:29:41 +0200
    Ready:          True
    Restart Count:  0
    Limits:
      cpu:     1500m
      memory:  1536Mi
    Requests:
      cpu:      200m
      memory:   256Mi
    Liveness:   http-get http://:42069/healthz delay=60s timeout=1s period=30s #success=1 #failure=3
    Readiness:  http-get http://:42069/healthz/ready delay=5s timeout=1s period=10s #success=1 #failure=3
    Startup:    http-get http://:42069/healthz delay=0s timeout=1s period=5s #success=1 #failure=30
    Environment:
      ASPNETCORE_ENVIRONMENT:                   Production
      ASPNETCORE_URLS:                          http://+:42069
      DOTNET_USE_POLLING_FILE_WATCHER:          true
      Hermod__Security__AuthBypass:             true
      Hermod__Security__VaultRequireHttps:      false
      Hermod__Features__MetricsEndpoint:        true
      Hermod__Dev__Endpoints:                   true
      Hermod__Mqtt__Host:                       nanomq
      Hermod__Mqtt__Port:                       1883
      Hermod__Mqtt__UseTls:                     false
      Hermod__Mqtt__Tls__UseTls:                false
      Hermod__Mqtt__Username:                   <set to the key 'mqtt-username' in secret 'hermod-secrets'>  Optional: false
      Hermod__Mqtt__Password:                   <set to the key 'mqtt-password' in secret 'hermod-secrets'>  Optional: false
      Hermod__Database__ConnectionString:       Host=postgres;Port=5432;Database=hermod;Username=hermod_app
      Hermod__Database__Password:               <set to the key 'hermod-db-password' in secret 'hermod-db-credentials'>  Optional: false
      Hermod__Features__DeviceStateTracking:    true
      Hermod__Engine__LogBatchSize:             100
      Hermod__Engine__LogBatching:              true
      Hermod__Engine__Parallelism:              4
      Hermod__Features__MessagePersistence:     true
      Hermod__Features__RuleAuditLog:           true
      Hermod__Features__RuleCache:              true
      Hermod__Features__StatsRollup:            true
      Hermod__Storage__Mode:                    Postgres
      Logging__LogLevel__Hermod:                Information
      Logging__LogLevel__Microsoft.AspNetCore:  Warning
    Mounts:
      /var/run/secrets/kubernetes.io/serviceaccount from kube-api-access-wtnk2 (ro)
Conditions:
  Type                        Status
  PodReadyToStartContainers   True 
  Initialized                 True 
  Ready                       True 
  ContainersReady             True 
  PodScheduled                True 
Volumes:
  kube-api-access-wtnk2:
    Type:                    Projected (a volume that contains injected data from multiple sources)
    TokenExpirationSeconds:  3607
    ConfigMapName:           kube-root-ca.crt
    Optional:                false
    DownwardAPI:             true
QoS Class:                   Burstable
Node-Selectors:              <none>
Tolerations:                 node.kubernetes.io/not-ready:NoExecute op=Exists for 300s
                             node.kubernetes.io/unreachable:NoExecute op=Exists for 300s
Events:
  Type    Reason     Age    From               Message
  ----    ------     ----   ----               -------
  Normal  Scheduled  4m32s  default-scheduler  Successfully assigned coord-only/hermod-coordinator-8579dc9775-mwrpl to <pi-host>
  Normal  Pulled     4m31s  kubelet            spec.initContainers{wait-for-postgres}: Container image "busybox:1.36" already present on machine
  Normal  Created    4m31s  kubelet            spec.initContainers{wait-for-postgres}: Created container: wait-for-postgres
  Normal  Started    4m31s  kubelet            spec.initContainers{wait-for-postgres}: Started container wait-for-postgres
  Normal  Pulled     4m30s  kubelet            spec.initContainers{wait-for-nanomq}: Container image "busybox:1.36" already present on machine
  Normal  Created    4m30s  kubelet            spec.initContainers{wait-for-nanomq}: Created container: wait-for-nanomq
  Normal  Started    4m30s  kubelet            spec.initContainers{wait-for-nanomq}: Started container wait-for-nanomq
  Normal  Pulled     4m29s  kubelet            spec.containers{hermod-coordinator}: Container image "hermod-coordinator:latest" already present on machine
  Normal  Created    4m29s  kubelet            spec.containers{hermod-coordinator}: Created container: hermod-coordinator
  Normal  Started    4m29s  kubelet            spec.containers{hermod-coordinator}: Started container hermod-coordinator


Name:             nanomq-7b9d5cfb76-w2sdx
Namespace:        coord-only
Priority:         0
Service Account:  default
Node:             <pi-host>/<pi-ip>
Start Time:       Mon, 27 Apr 2026 06:29:20 +0200
Labels:           app=nanomq
                  pod-template-hash=7b9d5cfb76
Annotations:      cni.projectcalico.org/containerID: bb4b0d09336be8e739726639a4a83b5dcfe1cade09505fa080f679230fc99668
                  cni.projectcalico.org/podIP: <pod-ip>/32
                  cni.projectcalico.org/podIPs: <pod-ip>/32
                  kubectl.kubernetes.io/restartedAt: 2026-04-27T06:29:18+02:00
Status:           Running
IP:               <pod-ip>
IPs:
  IP:           <pod-ip>
Controlled By:  ReplicaSet/nanomq-7b9d5cfb76
Containers:
  nanomq:
    Container ID:   containerd://e7de3c40b2fd239465a5ecda57757fe6f51589f2efc8974e7ef9d2f738eedcf1
    Image:          emqx/nanomq:0.21-slim
    Image ID:       docker.io/emqx/nanomq@sha256:53bea7acb547aced1cc45e08c514628f1e41c4da9ad544fd8c5fa96d3e9eb41b
    Ports:          1883/TCP (mqtt), 8081/TCP (http)
    Host Ports:     0/TCP (mqtt), 0/TCP (http)
    State:          Running
      Started:      Mon, 27 Apr 2026 06:29:21 +0200
    Ready:          True
    Restart Count:  0
    Limits:
      cpu:     1
      memory:  512Mi
    Requests:
      cpu:        50m
      memory:     64Mi
    Liveness:     tcp-socket :1883 delay=10s timeout=1s period=10s #success=1 #failure=3
    Readiness:    tcp-socket :1883 delay=3s timeout=1s period=5s #success=1 #failure=3
    Environment:  <none>
    Mounts:
      /etc/nanomq.conf from config (rw,path="nanomq.conf")
      /var/run/secrets/kubernetes.io/serviceaccount from kube-api-access-czxfg (ro)
Conditions:
  Type                        Status
  PodReadyToStartContainers   True 
  Initialized                 True 
  Ready                       True 
  ContainersReady             True 
  PodScheduled                True 
Volumes:
  config:
    Type:      ConfigMap (a volume populated by a ConfigMap)
    Name:      nanomq-config
    Optional:  false
  kube-api-access-czxfg:
    Type:                    Projected (a volume that contains injected data from multiple sources)
    TokenExpirationSeconds:  3607
    ConfigMapName:           kube-root-ca.crt
    Optional:                false
    DownwardAPI:             true
QoS Class:                   Burstable
Node-Selectors:              <none>
Tolerations:                 node.kubernetes.io/not-ready:NoExecute op=Exists for 300s
                             node.kubernetes.io/unreachable:NoExecute op=Exists for 300s
Events:
  Type    Reason     Age    From               Message
  ----    ------     ----   ----               -------
  Normal  Scheduled  4m50s  default-scheduler  Successfully assigned coord-only/nanomq-7b9d5cfb76-w2sdx to <pi-host>
  Normal  Pulled     4m49s  kubelet            spec.containers{nanomq}: Container image "emqx/nanomq:0.21-slim" already present on machine
  Normal  Created    4m49s  kubelet            spec.containers{nanomq}: Created container: nanomq
  Normal  Started    4m49s  kubelet            spec.containers{nanomq}: Started container nanomq


Name:             postgres-0
Namespace:        coord-only
Priority:         0
Service Account:  default
Node:             <pi-host>/<pi-ip>
Start Time:       Mon, 27 Apr 2026 04:16:57 +0200
Labels:           app=postgres
                  apps.kubernetes.io/pod-index=0
                  controller-revision-hash=postgres-6497897965
                  statefulset.kubernetes.io/pod-name=postgres-0
Annotations:      cni.projectcalico.org/containerID: 69fb4823b666d3d2a1395c00ab9b26a33337431372918fb41d9f85f42d91a056
                  cni.projectcalico.org/podIP: <pod-ip>/32
                  cni.projectcalico.org/podIPs: <pod-ip>/32
Status:           Running
IP:               <pod-ip>
IPs:
  IP:           <pod-ip>
Controlled By:  StatefulSet/postgres
Containers:
  postgres:
    Container ID:  containerd://adf8585ccc9b705cf0261f22f8e1c254a24670c72b998bb7a052f31e3a5ae5be
    Image:         postgres:17-alpine
    Image ID:      docker.io/library/postgres@sha256:778d0b486d6daa02b77434d0358ec57a1b21fd8b6d22ac2eef56a33e816928f6
    Port:          5432/TCP
    Host Port:     0/TCP
    Args:
      -c
      shared_buffers=256MB
      -c
      max_connections=200
      -c
      work_mem=16MB
    State:          Running
      Started:      Mon, 27 Apr 2026 04:16:58 +0200
    Ready:          True
    Restart Count:  0
    Limits:
      cpu:     1500m
      memory:  1536Mi
    Requests:
      cpu:      100m
      memory:   256Mi
    Liveness:   exec [pg_isready -U postgres] delay=30s timeout=1s period=10s #success=1 #failure=3
    Readiness:  exec [pg_isready -U postgres] delay=5s timeout=1s period=5s #success=1 #failure=3
    Environment:
      POSTGRES_DB:        postgres
      POSTGRES_USER:      postgres
      POSTGRES_PASSWORD:  <set to the key 'postgres-superuser-password' in secret 'hermod-secrets'>  Optional: false
    Mounts:
      /docker-entrypoint-initdb.d from init (rw)
      /var/lib/postgresql/data from data (rw)
      /var/run/secrets/kubernetes.io/serviceaccount from kube-api-access-79j56 (ro)
Conditions:
  Type                        Status
  PodReadyToStartContainers   True 
  Initialized                 True 
  Ready                       True 
  ContainersReady             True 
  PodScheduled                True 
Volumes:
  data:
    Type:       PersistentVolumeClaim (a reference to a PersistentVolumeClaim in the same namespace)
    ClaimName:  data-postgres-0
    ReadOnly:   false
  init:
    Type:      ConfigMap (a volume populated by a ConfigMap)
    Name:      postgres-init
    Optional:  false
  kube-api-access-79j56:
    Type:                    Projected (a volume that contains injected data from multiple sources)
    TokenExpirationSeconds:  3607
    ConfigMapName:           kube-root-ca.crt
    Optional:                false
    DownwardAPI:             true
QoS Class:                   Burstable
Node-Selectors:              <none>
Tolerations:                 node.kubernetes.io/not-ready:NoExecute op=Exists for 300s
                             node.kubernetes.io/unreachable:NoExecute op=Exists for 300s
Events:                      <none>

=== ts=1777264462 ===
Name:             hermod-coordinator-8579dc9775-mwrpl
Namespace:        coord-only
Priority:         0
Service Account:  default
Node:             <pi-host>/<pi-ip>
Start Time:       Mon, 27 Apr 2026 06:29:38 +0200
Labels:           app=hermod-coordinator
                  pod-template-hash=8579dc9775
Annotations:      cni.projectcalico.org/containerID: eadab08ac5b72f5cadaf58830e11afc3f665e711f6c228131bb6827b999cb694
                  cni.projectcalico.org/podIP: <pod-ip>/32
                  cni.projectcalico.org/podIPs: <pod-ip>/32
                  kubectl.kubernetes.io/restartedAt: 2026-04-27T06:29:18+02:00
Status:           Running
IP:               <pod-ip>
IPs:
  IP:           <pod-ip>
Controlled By:  ReplicaSet/hermod-coordinator-8579dc9775
Init Containers:
  wait-for-postgres:
    Container ID:  containerd://8b962abcdd328d17f7d00a643e7b344e2d1ded4582d4f2c0199e1131728b2f19
    Image:         busybox:1.36
    Image ID:      docker.io/library/busybox@sha256:73aaf090f3d85aa34ee199857f03fa3a95c8ede2ffd4cc2cdb5b94e566b11662
    Port:          <none>
    Host Port:     <none>
    Command:
      sh
      -c
      until nc -z postgres 5432; do sleep 2; done
    State:          Terminated
      Reason:       Completed
      Exit Code:    0
      Started:      Mon, 27 Apr 2026 06:29:39 +0200
      Finished:     Mon, 27 Apr 2026 06:29:39 +0200
    Ready:          True
    Restart Count:  0
    Environment:
      Hermod__Features__DeviceStateTracking:    true
      Hermod__Engine__LogBatchSize:             100
      Hermod__Engine__LogBatching:              true
      Hermod__Engine__Parallelism:              4
      Hermod__Features__MessagePersistence:     true
      Hermod__Features__RuleAuditLog:           true
      Hermod__Features__RuleCache:              true
      Hermod__Features__StatsRollup:            true
      Hermod__Storage__Mode:                    Postgres
      Logging__LogLevel__Hermod:                Information
      Logging__LogLevel__Microsoft.AspNetCore:  Warning
    Mounts:
      /var/run/secrets/kubernetes.io/serviceaccount from kube-api-access-wtnk2 (ro)
  wait-for-nanomq:
    Container ID:  containerd://12bf96af3da24d83bacf725ce21f7315f4cff75dbabff0ebe509b5717eda819d
    Image:         busybox:1.36
    Image ID:      docker.io/library/busybox@sha256:73aaf090f3d85aa34ee199857f03fa3a95c8ede2ffd4cc2cdb5b94e566b11662
    Port:          <none>
    Host Port:     <none>
    Command:
      sh
      -c
      until nc -z nanomq 1883; do sleep 2; done
    State:          Terminated
      Reason:       Completed
      Exit Code:    0
      Started:      Mon, 27 Apr 2026 06:29:40 +0200
      Finished:     Mon, 27 Apr 2026 06:29:40 +0200
    Ready:          True
    Restart Count:  0
    Environment:
      Hermod__Features__DeviceStateTracking:    true
      Hermod__Engine__LogBatchSize:             100
      Hermod__Engine__LogBatching:              true
      Hermod__Engine__Parallelism:              4
      Hermod__Features__MessagePersistence:     true
      Hermod__Features__RuleAuditLog:           true
      Hermod__Features__RuleCache:              true
      Hermod__Features__StatsRollup:            true
      Hermod__Storage__Mode:                    Postgres
      Logging__LogLevel__Hermod:                Information
      Logging__LogLevel__Microsoft.AspNetCore:  Warning
    Mounts:
      /var/run/secrets/kubernetes.io/serviceaccount from kube-api-access-wtnk2 (ro)
Containers:
  hermod-coordinator:
    Container ID:   containerd://77455bc8c4f225ec4eade18958b5943f029403fe678ab5938f7b4f311cf88123
    Image:          hermod-coordinator:latest
    Image ID:       sha256:ca91ccdfcd269dd5e4e25d5ffe8d863ca5db57e5c4f62f08c8adf90d23c15eaf
    Port:           42069/TCP (http)
    Host Port:      0/TCP (http)
    State:          Running
      Started:      Mon, 27 Apr 2026 06:29:41 +0200
    Ready:          True
    Restart Count:  0
    Limits:
      cpu:     1500m
      memory:  1536Mi
    Requests:
      cpu:      200m
      memory:   256Mi
    Liveness:   http-get http://:42069/healthz delay=60s timeout=1s period=30s #success=1 #failure=3
    Readiness:  http-get http://:42069/healthz/ready delay=5s timeout=1s period=10s #success=1 #failure=3
    Startup:    http-get http://:42069/healthz delay=0s timeout=1s period=5s #success=1 #failure=30
    Environment:
      ASPNETCORE_ENVIRONMENT:                   Production
      ASPNETCORE_URLS:                          http://+:42069
      DOTNET_USE_POLLING_FILE_WATCHER:          true
      Hermod__Security__AuthBypass:             true
      Hermod__Security__VaultRequireHttps:      false
      Hermod__Features__MetricsEndpoint:        true
      Hermod__Dev__Endpoints:                   true
      Hermod__Mqtt__Host:                       nanomq
      Hermod__Mqtt__Port:                       1883
      Hermod__Mqtt__UseTls:                     false
      Hermod__Mqtt__Tls__UseTls:                false
      Hermod__Mqtt__Username:                   <set to the key 'mqtt-username' in secret 'hermod-secrets'>  Optional: false
      Hermod__Mqtt__Password:                   <set to the key 'mqtt-password' in secret 'hermod-secrets'>  Optional: false
      Hermod__Database__ConnectionString:       Host=postgres;Port=5432;Database=hermod;Username=hermod_app
      Hermod__Database__Password:               <set to the key 'hermod-db-password' in secret 'hermod-db-credentials'>  Optional: false
      Hermod__Features__DeviceStateTracking:    true
      Hermod__Engine__LogBatchSize:             100
      Hermod__Engine__LogBatching:              true
      Hermod__Engine__Parallelism:              4
      Hermod__Features__MessagePersistence:     true
      Hermod__Features__RuleAuditLog:           true
      Hermod__Features__RuleCache:              true
      Hermod__Features__StatsRollup:            true
      Hermod__Storage__Mode:                    Postgres
      Logging__LogLevel__Hermod:                Information
      Logging__LogLevel__Microsoft.AspNetCore:  Warning
    Mounts:
      /var/run/secrets/kubernetes.io/serviceaccount from kube-api-access-wtnk2 (ro)
Conditions:
  Type                        Status
  PodReadyToStartContainers   True 
  Initialized                 True 
  Ready                       True 
  ContainersReady             True 
  PodScheduled                True 
Volumes:
  kube-api-access-wtnk2:
    Type:                    Projected (a volume that contains injected data from multiple sources)
    TokenExpirationSeconds:  3607
    ConfigMapName:           kube-root-ca.crt
    Optional:                false
    DownwardAPI:             true
QoS Class:                   Burstable
Node-Selectors:              <none>
Tolerations:                 node.kubernetes.io/not-ready:NoExecute op=Exists for 300s
                             node.kubernetes.io/unreachable:NoExecute op=Exists for 300s
Events:
  Type    Reason     Age    From               Message
  ----    ------     ----   ----               -------
  Normal  Scheduled  4m43s  default-scheduler  Successfully assigned coord-only/hermod-coordinator-8579dc9775-mwrpl to <pi-host>
  Normal  Pulled     4m43s  kubelet            spec.initContainers{wait-for-postgres}: Container image "busybox:1.36" already present on machine
  Normal  Created    4m43s  kubelet            spec.initContainers{wait-for-postgres}: Created container: wait-for-postgres
  Normal  Started    4m43s  kubelet            spec.initContainers{wait-for-postgres}: Started container wait-for-postgres
  Normal  Pulled     4m42s  kubelet            spec.initContainers{wait-for-nanomq}: Container image "busybox:1.36" already present on machine
  Normal  Created    4m42s  kubelet            spec.initContainers{wait-for-nanomq}: Created container: wait-for-nanomq
  Normal  Started    4m42s  kubelet            spec.initContainers{wait-for-nanomq}: Started container wait-for-nanomq
  Normal  Pulled     4m41s  kubelet            spec.containers{hermod-coordinator}: Container image "hermod-coordinator:latest" already present on machine
  Normal  Created    4m41s  kubelet            spec.containers{hermod-coordinator}: Created container: hermod-coordinator
  Normal  Started    4m41s  kubelet            spec.containers{hermod-coordinator}: Started container hermod-coordinator


Name:             nanomq-7b9d5cfb76-w2sdx
Namespace:        coord-only
Priority:         0
Service Account:  default
Node:             <pi-host>/<pi-ip>
Start Time:       Mon, 27 Apr 2026 06:29:20 +0200
Labels:           app=nanomq
                  pod-template-hash=7b9d5cfb76
Annotations:      cni.projectcalico.org/containerID: bb4b0d09336be8e739726639a4a83b5dcfe1cade09505fa080f679230fc99668
                  cni.projectcalico.org/podIP: <pod-ip>/32
                  cni.projectcalico.org/podIPs: <pod-ip>/32
                  kubectl.kubernetes.io/restartedAt: 2026-04-27T06:29:18+02:00
Status:           Running
IP:               <pod-ip>
IPs:
  IP:           <pod-ip>
Controlled By:  ReplicaSet/nanomq-7b9d5cfb76
Containers:
  nanomq:
    Container ID:   containerd://e7de3c40b2fd239465a5ecda57757fe6f51589f2efc8974e7ef9d2f738eedcf1
    Image:          emqx/nanomq:0.21-slim
    Image ID:       docker.io/emqx/nanomq@sha256:53bea7acb547aced1cc45e08c514628f1e41c4da9ad544fd8c5fa96d3e9eb41b
    Ports:          1883/TCP (mqtt), 8081/TCP (http)
    Host Ports:     0/TCP (mqtt), 0/TCP (http)
    State:          Running
      Started:      Mon, 27 Apr 2026 06:29:21 +0200
    Ready:          True
    Restart Count:  0
    Limits:
      cpu:     1
      memory:  512Mi
    Requests:
      cpu:        50m
      memory:     64Mi
    Liveness:     tcp-socket :1883 delay=10s timeout=1s period=10s #success=1 #failure=3
    Readiness:    tcp-socket :1883 delay=3s timeout=1s period=5s #success=1 #failure=3
    Environment:  <none>
    Mounts:
      /etc/nanomq.conf from config (rw,path="nanomq.conf")
      /var/run/secrets/kubernetes.io/serviceaccount from kube-api-access-czxfg (ro)
Conditions:
  Type                        Status
  PodReadyToStartContainers   True 
  Initialized                 True 
  Ready                       True 
  ContainersReady             True 
  PodScheduled                True 
Volumes:
  config:
    Type:      ConfigMap (a volume populated by a ConfigMap)
    Name:      nanomq-config
    Optional:  false
  kube-api-access-czxfg:
    Type:                    Projected (a volume that contains injected data from multiple sources)
    TokenExpirationSeconds:  3607
    ConfigMapName:           kube-root-ca.crt
    Optional:                false
    DownwardAPI:             true
QoS Class:                   Burstable
Node-Selectors:              <none>
Tolerations:                 node.kubernetes.io/not-ready:NoExecute op=Exists for 300s
                             node.kubernetes.io/unreachable:NoExecute op=Exists for 300s
Events:
  Type    Reason     Age   From               Message
  ----    ------     ----  ----               -------
  Normal  Scheduled  5m1s  default-scheduler  Successfully assigned coord-only/nanomq-7b9d5cfb76-w2sdx to <pi-host>
  Normal  Pulled     5m1s  kubelet            spec.containers{nanomq}: Container image "emqx/nanomq:0.21-slim" already present on machine
  Normal  Created    5m1s  kubelet            spec.containers{nanomq}: Created container: nanomq
  Normal  Started    5m1s  kubelet            spec.containers{nanomq}: Started container nanomq


Name:             postgres-0
Namespace:        coord-only
Priority:         0
Service Account:  default
Node:             <pi-host>/<pi-ip>
Start Time:       Mon, 27 Apr 2026 04:16:57 +0200
Labels:           app=postgres
                  apps.kubernetes.io/pod-index=0
                  controller-revision-hash=postgres-6497897965
                  statefulset.kubernetes.io/pod-name=postgres-0
Annotations:      cni.projectcalico.org/containerID: 69fb4823b666d3d2a1395c00ab9b26a33337431372918fb41d9f85f42d91a056
                  cni.projectcalico.org/podIP: <pod-ip>/32
                  cni.projectcalico.org/podIPs: <pod-ip>/32
Status:           Running
IP:               <pod-ip>
IPs:
  IP:           <pod-ip>
Controlled By:  StatefulSet/postgres
Containers:
  postgres:
    Container ID:  containerd://adf8585ccc9b705cf0261f22f8e1c254a24670c72b998bb7a052f31e3a5ae5be
    Image:         postgres:17-alpine
    Image ID:      docker.io/library/postgres@sha256:778d0b486d6daa02b77434d0358ec57a1b21fd8b6d22ac2eef56a33e816928f6
    Port:          5432/TCP
    Host Port:     0/TCP
    Args:
      -c
      shared_buffers=256MB
      -c
      max_connections=200
      -c
      work_mem=16MB
    State:          Running
      Started:      Mon, 27 Apr 2026 04:16:58 +0200
    Ready:          True
    Restart Count:  0
    Limits:
      cpu:     1500m
      memory:  1536Mi
    Requests:
      cpu:      100m
      memory:   256Mi
    Liveness:   exec [pg_isready -U postgres] delay=30s timeout=1s period=10s #success=1 #failure=3
    Readiness:  exec [pg_isready -U postgres] delay=5s timeout=1s period=5s #success=1 #failure=3
    Environment:
      POSTGRES_DB:        postgres
      POSTGRES_USER:      postgres
      POSTGRES_PASSWORD:  <set to the key 'postgres-superuser-password' in secret 'hermod-secrets'>  Optional: false
    Mounts:
      /docker-entrypoint-initdb.d from init (rw)
      /var/lib/postgresql/data from data (rw)
      /var/run/secrets/kubernetes.io/serviceaccount from kube-api-access-79j56 (ro)
Conditions:
  Type                        Status
  PodReadyToStartContainers   True 
  Initialized                 True 
  Ready                       True 
  ContainersReady             True 
  PodScheduled                True 
Volumes:
  data:
    Type:       PersistentVolumeClaim (a reference to a PersistentVolumeClaim in the same namespace)
    ClaimName:  data-postgres-0
    ReadOnly:   false
  init:
    Type:      ConfigMap (a volume populated by a ConfigMap)
    Name:      postgres-init
    Optional:  false
  kube-api-access-79j56:
    Type:                    Projected (a volume that contains injected data from multiple sources)
    TokenExpirationSeconds:  3607
    ConfigMapName:           kube-root-ca.crt
    Optional:                false
    DownwardAPI:             true
QoS Class:                   Burstable
Node-Selectors:              <none>
Tolerations:                 node.kubernetes.io/not-ready:NoExecute op=Exists for 300s
                             node.kubernetes.io/unreachable:NoExecute op=Exists for 300s
Events:                      <none>

