=== ts=1777267936 ===
Name:                      hermod-coordinator-746d8f4459-dxj7m
Namespace:                 coord-only
Priority:                  0
Service Account:           default
Node:                      <pi-host>/<pi-ip>
Start Time:                Mon, 27 Apr 2026 07:32:05 +0200
Labels:                    app=hermod-coordinator
                           pod-template-hash=746d8f4459
Annotations:               cni.projectcalico.org/containerID: d6f44d482e19b12c4e1b742fedd15fe0239878d8c5627aa1486a78ce64d05ae2
                           cni.projectcalico.org/podIP: <pod-ip>/32
                           cni.projectcalico.org/podIPs: <pod-ip>/32
                           kubectl.kubernetes.io/restartedAt: 2026-04-27T07:32:03+02:00
Status:                    Terminating (lasts <invalid>)
Termination Grace Period:  30s
IP:                        <pod-ip>
IPs:
  IP:           <pod-ip>
Controlled By:  ReplicaSet/hermod-coordinator-746d8f4459
Init Containers:
  wait-for-postgres:
    Container ID:  containerd://630673b4addc080c5795089dd2277b33b6e7c1ec336d7c37c1f7844f86072535
    Image:         busybox:1.36
    Image ID:      docker.io/library/busybox@sha256:73aaf090f3d85aa34ee199857f03fa3a95c8ede2ffd4cc2cdb5b94e566b11662
    Port:          <none>
    Host Port:     <none>
    Command:
      sh
      -c
      until nc -z postgres 5432; do sleep 2; done
    State:          Terminated
      Reason:       Completed
      Exit Code:    0
      Started:      Mon, 27 Apr 2026 07:32:05 +0200
      Finished:     Mon, 27 Apr 2026 07:32:05 +0200
    Ready:          True
    Restart Count:  0
    Environment:
      Hermod__Features__DeviceStateTracking:    true
      Hermod__Engine__LogBatchSize:             100
      Hermod__Engine__LogBatching:              true
      Hermod__Engine__Parallelism:              0
      Hermod__Features__MessagePersistence:     true
      Hermod__Features__RuleAuditLog:           true
      Hermod__Features__RuleCache:              true
      Hermod__Features__StatsRollup:            true
      Hermod__Storage__Mode:                    Noop
      Logging__LogLevel__Hermod:                Information
      Logging__LogLevel__Microsoft.AspNetCore:  Warning
    Mounts:
      /var/run/secrets/kubernetes.io/serviceaccount from kube-api-access-wcrnm (ro)
  wait-for-nanomq:
    Container ID:  containerd://419a5c2152ed7ec34b77d123bebd4e58e0bd2d583020b3b70a6081b3d96fc4b7
    Image:         busybox:1.36
    Image ID:      docker.io/library/busybox@sha256:73aaf090f3d85aa34ee199857f03fa3a95c8ede2ffd4cc2cdb5b94e566b11662
    Port:          <none>
    Host Port:     <none>
    Command:
      sh
      -c
      until nc -z nanomq 1883; do sleep 2; done
    State:          Terminated
      Reason:       Completed
      Exit Code:    0
      Started:      Mon, 27 Apr 2026 07:32:06 +0200
      Finished:     Mon, 27 Apr 2026 07:32:09 +0200
    Ready:          True
    Restart Count:  0
    Environment:
      Hermod__Features__DeviceStateTracking:    true
      Hermod__Engine__LogBatchSize:             100
      Hermod__Engine__LogBatching:              true
      Hermod__Engine__Parallelism:              0
      Hermod__Features__MessagePersistence:     true
      Hermod__Features__RuleAuditLog:           true
      Hermod__Features__RuleCache:              true
      Hermod__Features__StatsRollup:            true
      Hermod__Storage__Mode:                    Noop
      Logging__LogLevel__Hermod:                Information
      Logging__LogLevel__Microsoft.AspNetCore:  Warning
    Mounts:
      /var/run/secrets/kubernetes.io/serviceaccount from kube-api-access-wcrnm (ro)
Containers:
  hermod-coordinator:
    Container ID:   containerd://70772371aa03758338356d1f5a4300a9474e9e37aa03b943119b28ae3e53d246
    Image:          hermod-coordinator:latest
    Image ID:       sha256:ca91ccdfcd269dd5e4e25d5ffe8d863ca5db57e5c4f62f08c8adf90d23c15eaf
    Port:           42069/TCP (http)
    Host Port:      0/TCP (http)
    State:          Running
      Started:      Mon, 27 Apr 2026 07:32:10 +0200
    Ready:          True
    Restart Count:  0
    Limits:
      cpu:     1500m
      memory:  1536Mi
    Requests:
      cpu:      200m
      memory:   256Mi
    Liveness:   http-get http://:42069/healthz delay=60s timeout=1s period=30s #success=1 #failure=3
    Readiness:  http-get http://:42069/healthz/ready delay=5s timeout=1s period=10s #success=1 #failure=3
    Startup:    http-get http://:42069/healthz delay=0s timeout=1s period=5s #success=1 #failure=30
    Environment:
      ASPNETCORE_ENVIRONMENT:                   Production
      ASPNETCORE_URLS:                          http://+:42069
      DOTNET_USE_POLLING_FILE_WATCHER:          true
      Hermod__Security__AuthBypass:             true
      Hermod__Security__VaultRequireHttps:      false
      Hermod__Features__MetricsEndpoint:        true
      Hermod__Dev__Endpoints:                   true
      Hermod__Mqtt__Host:                       nanomq
      Hermod__Mqtt__Port:                       1883
      Hermod__Mqtt__UseTls:                     false
      Hermod__Mqtt__Tls__UseTls:                false
      Hermod__Mqtt__Username:                   <set to the key 'mqtt-username' in secret 'hermod-secrets'>  Optional: false
      Hermod__Mqtt__Password:                   <set to the key 'mqtt-password' in secret 'hermod-secrets'>  Optional: false
      Hermod__Database__ConnectionString:       Host=postgres;Port=5432;Database=hermod;Username=hermod_app
      Hermod__Database__Password:               <set to the key 'hermod-db-password' in secret 'hermod-db-credentials'>  Optional: false
      Hermod__Features__DeviceStateTracking:    true
      Hermod__Engine__LogBatchSize:             100
      Hermod__Engine__LogBatching:              true
      Hermod__Engine__Parallelism:              0
      Hermod__Features__MessagePersistence:     true
      Hermod__Features__RuleAuditLog:           true
      Hermod__Features__RuleCache:              true
      Hermod__Features__StatsRollup:            true
      Hermod__Storage__Mode:                    Noop
      Logging__LogLevel__Hermod:                Information
      Logging__LogLevel__Microsoft.AspNetCore:  Warning
    Mounts:
      /var/run/secrets/kubernetes.io/serviceaccount from kube-api-access-wcrnm (ro)
Conditions:
  Type                        Status
  PodReadyToStartContainers   True 
  Initialized                 True 
  Ready                       True 
  ContainersReady             True 
  PodScheduled                True 
Volumes:
  kube-api-access-wcrnm:
    Type:                    Projected (a volume that contains injected data from multiple sources)
    TokenExpirationSeconds:  3607
    ConfigMapName:           kube-root-ca.crt
    Optional:                false
    DownwardAPI:             true
QoS Class:                   Burstable
Node-Selectors:              <none>
Tolerations:                 node.kubernetes.io/not-ready:NoExecute op=Exists for 300s
                             node.kubernetes.io/unreachable:NoExecute op=Exists for 300s
Events:
  Type    Reason     Age   From               Message
  ----    ------     ----  ----               -------
  Normal  Scheduled  11s   default-scheduler  Successfully assigned coord-only/hermod-coordinator-746d8f4459-dxj7m to <pi-host>
  Normal  Pulled     11s   kubelet            spec.initContainers{wait-for-postgres}: Container image "busybox:1.36" already present on machine
  Normal  Created    11s   kubelet            spec.initContainers{wait-for-postgres}: Created container: wait-for-postgres
  Normal  Started    11s   kubelet            spec.initContainers{wait-for-postgres}: Started container wait-for-postgres
  Normal  Pulled     10s   kubelet            spec.initContainers{wait-for-nanomq}: Container image "busybox:1.36" already present on machine
  Normal  Created    10s   kubelet            spec.initContainers{wait-for-nanomq}: Created container: wait-for-nanomq
  Normal  Started    10s   kubelet            spec.initContainers{wait-for-nanomq}: Started container wait-for-nanomq
  Normal  Pulled     6s    kubelet            spec.containers{hermod-coordinator}: Container image "hermod-coordinator:latest" already present on machine
  Normal  Created    6s    kubelet            spec.containers{hermod-coordinator}: Created container: hermod-coordinator
  Normal  Started    6s    kubelet            spec.containers{hermod-coordinator}: Started container hermod-coordinator


Name:             nanomq-d6c898bcc-hz5s5
Namespace:        coord-only
Priority:         0
Service Account:  default
Node:             <pi-host>/<pi-ip>
Start Time:       Mon, 27 Apr 2026 07:32:04 +0200
Labels:           app=nanomq
                  pod-template-hash=d6c898bcc
Annotations:      cni.projectcalico.org/containerID: c110998772d8193528fa9ba2064db6ced4a8343d711ad63f6cd647f9106c23e1
                  cni.projectcalico.org/podIP: <pod-ip>/32
                  cni.projectcalico.org/podIPs: <pod-ip>/32
                  kubectl.kubernetes.io/restartedAt: 2026-04-27T07:32:03+02:00
Status:           Running
IP:               <pod-ip>
IPs:
  IP:           <pod-ip>
Controlled By:  ReplicaSet/nanomq-d6c898bcc
Containers:
  nanomq:
    Container ID:   containerd://8ff41f1e718ab50a37a41bbfa7b9433cb02d1c566035821c9f17eccd2a391f9c
    Image:          emqx/nanomq:0.21-slim
    Image ID:       docker.io/emqx/nanomq@sha256:53bea7acb547aced1cc45e08c514628f1e41c4da9ad544fd8c5fa96d3e9eb41b
    Ports:          1883/TCP (mqtt), 8081/TCP (http)
    Host Ports:     0/TCP (mqtt), 0/TCP (http)
    State:          Running
      Started:      Mon, 27 Apr 2026 07:32:05 +0200
    Ready:          True
    Restart Count:  0
    Limits:
      cpu:     1
      memory:  512Mi
    Requests:
      cpu:        50m
      memory:     64Mi
    Liveness:     tcp-socket :1883 delay=10s timeout=1s period=10s #success=1 #failure=3
    Readiness:    tcp-socket :1883 delay=3s timeout=1s period=5s #success=1 #failure=3
    Environment:  <none>
    Mounts:
      /etc/nanomq.conf from config (rw,path="nanomq.conf")
      /var/run/secrets/kubernetes.io/serviceaccount from kube-api-access-shsrs (ro)
Conditions:
  Type                        Status
  PodReadyToStartContainers   True 
  Initialized                 True 
  Ready                       True 
  ContainersReady             True 
  PodScheduled                True 
Volumes:
  config:
    Type:      ConfigMap (a volume populated by a ConfigMap)
    Name:      nanomq-config
    Optional:  false
  kube-api-access-shsrs:
    Type:                    Projected (a volume that contains injected data from multiple sources)
    TokenExpirationSeconds:  3607
    ConfigMapName:           kube-root-ca.crt
    Optional:                false
    DownwardAPI:             true
QoS Class:                   Burstable
Node-Selectors:              <none>
Tolerations:                 node.kubernetes.io/not-ready:NoExecute op=Exists for 300s
                             node.kubernetes.io/unreachable:NoExecute op=Exists for 300s
Events:
  Type    Reason     Age   From               Message
  ----    ------     ----  ----               -------
  Normal  Scheduled  11s   default-scheduler  Successfully assigned coord-only/nanomq-d6c898bcc-hz5s5 to <pi-host>
  Normal  Pulled     11s   kubelet            spec.containers{nanomq}: Container image "emqx/nanomq:0.21-slim" already present on machine
  Normal  Created    11s   kubelet            spec.containers{nanomq}: Created container: nanomq
  Normal  Started    11s   kubelet            spec.containers{nanomq}: Started container nanomq


Name:             postgres-0
Namespace:        coord-only
Priority:         0
Service Account:  default
Node:             <pi-host>/<pi-ip>
Start Time:       Mon, 27 Apr 2026 04:16:57 +0200
Labels:           app=postgres
                  apps.kubernetes.io/pod-index=0
                  controller-revision-hash=postgres-6497897965
                  statefulset.kubernetes.io/pod-name=postgres-0
Annotations:      cni.projectcalico.org/containerID: 69fb4823b666d3d2a1395c00ab9b26a33337431372918fb41d9f85f42d91a056
                  cni.projectcalico.org/podIP: <pod-ip>/32
                  cni.projectcalico.org/podIPs: <pod-ip>/32
Status:           Running
IP:               <pod-ip>
IPs:
  IP:           <pod-ip>
Controlled By:  StatefulSet/postgres
Containers:
  postgres:
    Container ID:  containerd://adf8585ccc9b705cf0261f22f8e1c254a24670c72b998bb7a052f31e3a5ae5be
    Image:         postgres:17-alpine
    Image ID:      docker.io/library/postgres@sha256:778d0b486d6daa02b77434d0358ec57a1b21fd8b6d22ac2eef56a33e816928f6
    Port:          5432/TCP
    Host Port:     0/TCP
    Args:
      -c
      shared_buffers=256MB
      -c
      max_connections=200
      -c
      work_mem=16MB
    State:          Running
      Started:      Mon, 27 Apr 2026 04:16:58 +0200
    Ready:          True
    Restart Count:  0
    Limits:
      cpu:     1500m
      memory:  1536Mi
    Requests:
      cpu:      100m
      memory:   256Mi
    Liveness:   exec [pg_isready -U postgres] delay=30s timeout=1s period=10s #success=1 #failure=3
    Readiness:  exec [pg_isready -U postgres] delay=5s timeout=1s period=5s #success=1 #failure=3
    Environment:
      POSTGRES_DB:        postgres
      POSTGRES_USER:      postgres
      POSTGRES_PASSWORD:  <set to the key 'postgres-superuser-password' in secret 'hermod-secrets'>  Optional: false
    Mounts:
      /docker-entrypoint-initdb.d from init (rw)
      /var/lib/postgresql/data from data (rw)
      /var/run/secrets/kubernetes.io/serviceaccount from kube-api-access-79j56 (ro)
Conditions:
  Type                        Status
  PodReadyToStartContainers   True 
  Initialized                 True 
  Ready                       True 
  ContainersReady             True 
  PodScheduled                True 
Volumes:
  data:
    Type:       PersistentVolumeClaim (a reference to a PersistentVolumeClaim in the same namespace)
    ClaimName:  data-postgres-0
    ReadOnly:   false
  init:
    Type:      ConfigMap (a volume populated by a ConfigMap)
    Name:      postgres-init
    Optional:  false
  kube-api-access-79j56:
    Type:                    Projected (a volume that contains injected data from multiple sources)
    TokenExpirationSeconds:  3607
    ConfigMapName:           kube-root-ca.crt
    Optional:                false
    DownwardAPI:             true
QoS Class:                   Burstable
Node-Selectors:              <none>
Tolerations:                 node.kubernetes.io/not-ready:NoExecute op=Exists for 300s
                             node.kubernetes.io/unreachable:NoExecute op=Exists for 300s
Events:                      <none>

=== ts=1777267947 ===
Name:             hermod-coordinator-7db5c97c54-jhh6m
Namespace:        coord-only
Priority:         0
Service Account:  default
Node:             <pi-host>/<pi-ip>
Start Time:       Mon, 27 Apr 2026 07:32:18 +0200
Labels:           app=hermod-coordinator
                  pod-template-hash=7db5c97c54
Annotations:      cni.projectcalico.org/containerID: c6f618e8f3ce48e7428393b036bc4b20ccf62c6741d919f6c010314dfc414078
                  cni.projectcalico.org/podIP: <pod-ip>/32
                  cni.projectcalico.org/podIPs: <pod-ip>/32
                  kubectl.kubernetes.io/restartedAt: 2026-04-27T07:32:03+02:00
Status:           Running
IP:               <pod-ip>
IPs:
  IP:           <pod-ip>
Controlled By:  ReplicaSet/hermod-coordinator-7db5c97c54
Init Containers:
  wait-for-postgres:
    Container ID:  containerd://184204c5b0f650ad50097a2f3fd310e5b278cbcdfafc6c90b42d972a85c98b72
    Image:         busybox:1.36
    Image ID:      docker.io/library/busybox@sha256:73aaf090f3d85aa34ee199857f03fa3a95c8ede2ffd4cc2cdb5b94e566b11662
    Port:          <none>
    Host Port:     <none>
    Command:
      sh
      -c
      until nc -z postgres 5432; do sleep 2; done
    State:          Terminated
      Reason:       Completed
      Exit Code:    0
      Started:      Mon, 27 Apr 2026 07:32:19 +0200
      Finished:     Mon, 27 Apr 2026 07:32:19 +0200
    Ready:          True
    Restart Count:  0
    Environment:
      Hermod__Features__DeviceStateTracking:    true
      Hermod__Engine__LogBatchSize:             100
      Hermod__Engine__LogBatching:              true
      Hermod__Engine__Parallelism:              0
      Hermod__Features__MessagePersistence:     true
      Hermod__Features__RuleAuditLog:           true
      Hermod__Features__RuleCache:              true
      Hermod__Features__StatsRollup:            true
      Hermod__Storage__Mode:                    Postgres
      Logging__LogLevel__Hermod:                Information
      Logging__LogLevel__Microsoft.AspNetCore:  Warning
      HERMOD_UUID_TRACE_ENABLED:                true
    Mounts:
      /var/run/secrets/kubernetes.io/serviceaccount from kube-api-access-g2nzb (ro)
  wait-for-nanomq:
    Container ID:  containerd://0893944fc1f5b7dd76e5282d53fb2b42de5f95224d5e2ef45ecf7dd6f96fc268
    Image:         busybox:1.36
    Image ID:      docker.io/library/busybox@sha256:73aaf090f3d85aa34ee199857f03fa3a95c8ede2ffd4cc2cdb5b94e566b11662
    Port:          <none>
    Host Port:     <none>
    Command:
      sh
      -c
      until nc -z nanomq 1883; do sleep 2; done
    State:          Terminated
      Reason:       Completed
      Exit Code:    0
      Started:      Mon, 27 Apr 2026 07:32:20 +0200
      Finished:     Mon, 27 Apr 2026 07:32:20 +0200
    Ready:          True
    Restart Count:  0
    Environment:
      Hermod__Features__DeviceStateTracking:    true
      Hermod__Engine__LogBatchSize:             100
      Hermod__Engine__LogBatching:              true
      Hermod__Engine__Parallelism:              0
      Hermod__Features__MessagePersistence:     true
      Hermod__Features__RuleAuditLog:           true
      Hermod__Features__RuleCache:              true
      Hermod__Features__StatsRollup:            true
      Hermod__Storage__Mode:                    Postgres
      Logging__LogLevel__Hermod:                Information
      Logging__LogLevel__Microsoft.AspNetCore:  Warning
      HERMOD_UUID_TRACE_ENABLED:                true
    Mounts:
      /var/run/secrets/kubernetes.io/serviceaccount from kube-api-access-g2nzb (ro)
Containers:
  hermod-coordinator:
    Container ID:   containerd://61c0b775a752d0143334fe959f4c823df4ec1e0e92b7206a032d393697c5245e
    Image:          hermod-coordinator:latest
    Image ID:       sha256:ca91ccdfcd269dd5e4e25d5ffe8d863ca5db57e5c4f62f08c8adf90d23c15eaf
    Port:           42069/TCP (http)
    Host Port:      0/TCP (http)
    State:          Running
      Started:      Mon, 27 Apr 2026 07:32:21 +0200
    Ready:          False
    Restart Count:  0
    Limits:
      cpu:     1500m
      memory:  1536Mi
    Requests:
      cpu:      200m
      memory:   256Mi
    Liveness:   http-get http://:42069/healthz delay=60s timeout=1s period=30s #success=1 #failure=3
    Readiness:  http-get http://:42069/healthz/ready delay=5s timeout=1s period=10s #success=1 #failure=3
    Startup:    http-get http://:42069/healthz delay=0s timeout=1s period=5s #success=1 #failure=30
    Environment:
      ASPNETCORE_ENVIRONMENT:                   Production
      ASPNETCORE_URLS:                          http://+:42069
      DOTNET_USE_POLLING_FILE_WATCHER:          true
      Hermod__Security__AuthBypass:             true
      Hermod__Security__VaultRequireHttps:      false
      Hermod__Features__MetricsEndpoint:        true
      Hermod__Dev__Endpoints:                   true
      Hermod__Mqtt__Host:                       nanomq
      Hermod__Mqtt__Port:                       1883
      Hermod__Mqtt__UseTls:                     false
      Hermod__Mqtt__Tls__UseTls:                false
      Hermod__Mqtt__Username:                   <set to the key 'mqtt-username' in secret 'hermod-secrets'>  Optional: false
      Hermod__Mqtt__Password:                   <set to the key 'mqtt-password' in secret 'hermod-secrets'>  Optional: false
      Hermod__Database__ConnectionString:       Host=postgres;Port=5432;Database=hermod;Username=hermod_app
      Hermod__Database__Password:               <set to the key 'hermod-db-password' in secret 'hermod-db-credentials'>  Optional: false
      Hermod__Features__DeviceStateTracking:    true
      Hermod__Engine__LogBatchSize:             100
      Hermod__Engine__LogBatching:              true
      Hermod__Engine__Parallelism:              0
      Hermod__Features__MessagePersistence:     true
      Hermod__Features__RuleAuditLog:           true
      Hermod__Features__RuleCache:              true
      Hermod__Features__StatsRollup:            true
      Hermod__Storage__Mode:                    Postgres
      Logging__LogLevel__Hermod:                Information
      Logging__LogLevel__Microsoft.AspNetCore:  Warning
      HERMOD_UUID_TRACE_ENABLED:                true
    Mounts:
      /var/run/secrets/kubernetes.io/serviceaccount from kube-api-access-g2nzb (ro)
Conditions:
  Type                        Status
  PodReadyToStartContainers   True 
  Initialized                 True 
  Ready                       False 
  ContainersReady             False 
  PodScheduled                True 
Volumes:
  kube-api-access-g2nzb:
    Type:                    Projected (a volume that contains injected data from multiple sources)
    TokenExpirationSeconds:  3607
    ConfigMapName:           kube-root-ca.crt
    Optional:                false
    DownwardAPI:             true
QoS Class:                   Burstable
Node-Selectors:              <none>
Tolerations:                 node.kubernetes.io/not-ready:NoExecute op=Exists for 300s
                             node.kubernetes.io/unreachable:NoExecute op=Exists for 300s
Events:
  Type    Reason     Age   From               Message
  ----    ------     ----  ----               -------
  Normal  Scheduled  8s    default-scheduler  Successfully assigned coord-only/hermod-coordinator-7db5c97c54-jhh6m to <pi-host>
  Normal  Pulled     8s    kubelet            spec.initContainers{wait-for-postgres}: Container image "busybox:1.36" already present on machine
  Normal  Created    8s    kubelet            spec.initContainers{wait-for-postgres}: Created container: wait-for-postgres
  Normal  Started    8s    kubelet            spec.initContainers{wait-for-postgres}: Started container wait-for-postgres
  Normal  Pulled     7s    kubelet            spec.initContainers{wait-for-nanomq}: Container image "busybox:1.36" already present on machine
  Normal  Created    7s    kubelet            spec.initContainers{wait-for-nanomq}: Created container: wait-for-nanomq
  Normal  Started    7s    kubelet            spec.initContainers{wait-for-nanomq}: Started container wait-for-nanomq
  Normal  Pulled     6s    kubelet            spec.containers{hermod-coordinator}: Container image "hermod-coordinator:latest" already present on machine
  Normal  Created    6s    kubelet            spec.containers{hermod-coordinator}: Created container: hermod-coordinator
  Normal  Started    6s    kubelet            spec.containers{hermod-coordinator}: Started container hermod-coordinator


Name:             nanomq-d6c898bcc-hz5s5
Namespace:        coord-only
Priority:         0
Service Account:  default
Node:             <pi-host>/<pi-ip>
Start Time:       Mon, 27 Apr 2026 07:32:04 +0200
Labels:           app=nanomq
                  pod-template-hash=d6c898bcc
Annotations:      cni.projectcalico.org/containerID: c110998772d8193528fa9ba2064db6ced4a8343d711ad63f6cd647f9106c23e1
                  cni.projectcalico.org/podIP: <pod-ip>/32
                  cni.projectcalico.org/podIPs: <pod-ip>/32
                  kubectl.kubernetes.io/restartedAt: 2026-04-27T07:32:03+02:00
Status:           Running
IP:               <pod-ip>
IPs:
  IP:           <pod-ip>
Controlled By:  ReplicaSet/nanomq-d6c898bcc
Containers:
  nanomq:
    Container ID:   containerd://8ff41f1e718ab50a37a41bbfa7b9433cb02d1c566035821c9f17eccd2a391f9c
    Image:          emqx/nanomq:0.21-slim
    Image ID:       docker.io/emqx/nanomq@sha256:53bea7acb547aced1cc45e08c514628f1e41c4da9ad544fd8c5fa96d3e9eb41b
    Ports:          1883/TCP (mqtt), 8081/TCP (http)
    Host Ports:     0/TCP (mqtt), 0/TCP (http)
    State:          Running
      Started:      Mon, 27 Apr 2026 07:32:05 +0200
    Ready:          True
    Restart Count:  0
    Limits:
      cpu:     1
      memory:  512Mi
    Requests:
      cpu:        50m
      memory:     64Mi
    Liveness:     tcp-socket :1883 delay=10s timeout=1s period=10s #success=1 #failure=3
    Readiness:    tcp-socket :1883 delay=3s timeout=1s period=5s #success=1 #failure=3
    Environment:  <none>
    Mounts:
      /etc/nanomq.conf from config (rw,path="nanomq.conf")
      /var/run/secrets/kubernetes.io/serviceaccount from kube-api-access-shsrs (ro)
Conditions:
  Type                        Status
  PodReadyToStartContainers   True 
  Initialized                 True 
  Ready                       True 
  ContainersReady             True 
  PodScheduled                True 
Volumes:
  config:
    Type:      ConfigMap (a volume populated by a ConfigMap)
    Name:      nanomq-config
    Optional:  false
  kube-api-access-shsrs:
    Type:                    Projected (a volume that contains injected data from multiple sources)
    TokenExpirationSeconds:  3607
    ConfigMapName:           kube-root-ca.crt
    Optional:                false
    DownwardAPI:             true
QoS Class:                   Burstable
Node-Selectors:              <none>
Tolerations:                 node.kubernetes.io/not-ready:NoExecute op=Exists for 300s
                             node.kubernetes.io/unreachable:NoExecute op=Exists for 300s
Events:
  Type    Reason     Age   From               Message
  ----    ------     ----  ----               -------
  Normal  Scheduled  22s   default-scheduler  Successfully assigned coord-only/nanomq-d6c898bcc-hz5s5 to <pi-host>
  Normal  Pulled     22s   kubelet            spec.containers{nanomq}: Container image "emqx/nanomq:0.21-slim" already present on machine
  Normal  Created    22s   kubelet            spec.containers{nanomq}: Created container: nanomq
  Normal  Started    22s   kubelet            spec.containers{nanomq}: Started container nanomq


Name:             postgres-0
Namespace:        coord-only
Priority:         0
Service Account:  default
Node:             <pi-host>/<pi-ip>
Start Time:       Mon, 27 Apr 2026 04:16:57 +0200
Labels:           app=postgres
                  apps.kubernetes.io/pod-index=0
                  controller-revision-hash=postgres-6497897965
                  statefulset.kubernetes.io/pod-name=postgres-0
Annotations:      cni.projectcalico.org/containerID: 69fb4823b666d3d2a1395c00ab9b26a33337431372918fb41d9f85f42d91a056
                  cni.projectcalico.org/podIP: <pod-ip>/32
                  cni.projectcalico.org/podIPs: <pod-ip>/32
Status:           Running
IP:               <pod-ip>
IPs:
  IP:           <pod-ip>
Controlled By:  StatefulSet/postgres
Containers:
  postgres:
    Container ID:  containerd://adf8585ccc9b705cf0261f22f8e1c254a24670c72b998bb7a052f31e3a5ae5be
    Image:         postgres:17-alpine
    Image ID:      docker.io/library/postgres@sha256:778d0b486d6daa02b77434d0358ec57a1b21fd8b6d22ac2eef56a33e816928f6
    Port:          5432/TCP
    Host Port:     0/TCP
    Args:
      -c
      shared_buffers=256MB
      -c
      max_connections=200
      -c
      work_mem=16MB
    State:          Running
      Started:      Mon, 27 Apr 2026 04:16:58 +0200
    Ready:          True
    Restart Count:  0
    Limits:
      cpu:     1500m
      memory:  1536Mi
    Requests:
      cpu:      100m
      memory:   256Mi
    Liveness:   exec [pg_isready -U postgres] delay=30s timeout=1s period=10s #success=1 #failure=3
    Readiness:  exec [pg_isready -U postgres] delay=5s timeout=1s period=5s #success=1 #failure=3
    Environment:
      POSTGRES_DB:        postgres
      POSTGRES_USER:      postgres
      POSTGRES_PASSWORD:  <set to the key 'postgres-superuser-password' in secret 'hermod-secrets'>  Optional: false
    Mounts:
      /docker-entrypoint-initdb.d from init (rw)
      /var/lib/postgresql/data from data (rw)
      /var/run/secrets/kubernetes.io/serviceaccount from kube-api-access-79j56 (ro)
Conditions:
  Type                        Status
  PodReadyToStartContainers   True 
  Initialized                 True 
  Ready                       True 
  ContainersReady             True 
  PodScheduled                True 
Volumes:
  data:
    Type:       PersistentVolumeClaim (a reference to a PersistentVolumeClaim in the same namespace)
    ClaimName:  data-postgres-0
    ReadOnly:   false
  init:
    Type:      ConfigMap (a volume populated by a ConfigMap)
    Name:      postgres-init
    Optional:  false
  kube-api-access-79j56:
    Type:                    Projected (a volume that contains injected data from multiple sources)
    TokenExpirationSeconds:  3607
    ConfigMapName:           kube-root-ca.crt
    Optional:                false
    DownwardAPI:             true
QoS Class:                   Burstable
Node-Selectors:              <none>
Tolerations:                 node.kubernetes.io/not-ready:NoExecute op=Exists for 300s
                             node.kubernetes.io/unreachable:NoExecute op=Exists for 300s
Events:                      <none>

=== ts=1777267958 ===
Name:             hermod-coordinator-7db5c97c54-jhh6m
Namespace:        coord-only
Priority:         0
Service Account:  default
Node:             <pi-host>/<pi-ip>
Start Time:       Mon, 27 Apr 2026 07:32:18 +0200
Labels:           app=hermod-coordinator
                  pod-template-hash=7db5c97c54
Annotations:      cni.projectcalico.org/containerID: c6f618e8f3ce48e7428393b036bc4b20ccf62c6741d919f6c010314dfc414078
                  cni.projectcalico.org/podIP: <pod-ip>/32
                  cni.projectcalico.org/podIPs: <pod-ip>/32
                  kubectl.kubernetes.io/restartedAt: 2026-04-27T07:32:03+02:00
Status:           Running
IP:               <pod-ip>
IPs:
  IP:           <pod-ip>
Controlled By:  ReplicaSet/hermod-coordinator-7db5c97c54
Init Containers:
  wait-for-postgres:
    Container ID:  containerd://184204c5b0f650ad50097a2f3fd310e5b278cbcdfafc6c90b42d972a85c98b72
    Image:         busybox:1.36
    Image ID:      docker.io/library/busybox@sha256:73aaf090f3d85aa34ee199857f03fa3a95c8ede2ffd4cc2cdb5b94e566b11662
    Port:          <none>
    Host Port:     <none>
    Command:
      sh
      -c
      until nc -z postgres 5432; do sleep 2; done
    State:          Terminated
      Reason:       Completed
      Exit Code:    0
      Started:      Mon, 27 Apr 2026 07:32:19 +0200
      Finished:     Mon, 27 Apr 2026 07:32:19 +0200
    Ready:          True
    Restart Count:  0
    Environment:
      Hermod__Features__DeviceStateTracking:    true
      Hermod__Engine__LogBatchSize:             100
      Hermod__Engine__LogBatching:              true
      Hermod__Engine__Parallelism:              0
      Hermod__Features__MessagePersistence:     true
      Hermod__Features__RuleAuditLog:           true
      Hermod__Features__RuleCache:              true
      Hermod__Features__StatsRollup:            true
      Hermod__Storage__Mode:                    Postgres
      Logging__LogLevel__Hermod:                Information
      Logging__LogLevel__Microsoft.AspNetCore:  Warning
      HERMOD_UUID_TRACE_ENABLED:                true
    Mounts:
      /var/run/secrets/kubernetes.io/serviceaccount from kube-api-access-g2nzb (ro)
  wait-for-nanomq:
    Container ID:  containerd://0893944fc1f5b7dd76e5282d53fb2b42de5f95224d5e2ef45ecf7dd6f96fc268
    Image:         busybox:1.36
    Image ID:      docker.io/library/busybox@sha256:73aaf090f3d85aa34ee199857f03fa3a95c8ede2ffd4cc2cdb5b94e566b11662
    Port:          <none>
    Host Port:     <none>
    Command:
      sh
      -c
      until nc -z nanomq 1883; do sleep 2; done
    State:          Terminated
      Reason:       Completed
      Exit Code:    0
      Started:      Mon, 27 Apr 2026 07:32:20 +0200
      Finished:     Mon, 27 Apr 2026 07:32:20 +0200
    Ready:          True
    Restart Count:  0
    Environment:
      Hermod__Features__DeviceStateTracking:    true
      Hermod__Engine__LogBatchSize:             100
      Hermod__Engine__LogBatching:              true
      Hermod__Engine__Parallelism:              0
      Hermod__Features__MessagePersistence:     true
      Hermod__Features__RuleAuditLog:           true
      Hermod__Features__RuleCache:              true
      Hermod__Features__StatsRollup:            true
      Hermod__Storage__Mode:                    Postgres
      Logging__LogLevel__Hermod:                Information
      Logging__LogLevel__Microsoft.AspNetCore:  Warning
      HERMOD_UUID_TRACE_ENABLED:                true
    Mounts:
      /var/run/secrets/kubernetes.io/serviceaccount from kube-api-access-g2nzb (ro)
Containers:
  hermod-coordinator:
    Container ID:   containerd://61c0b775a752d0143334fe959f4c823df4ec1e0e92b7206a032d393697c5245e
    Image:          hermod-coordinator:latest
    Image ID:       sha256:ca91ccdfcd269dd5e4e25d5ffe8d863ca5db57e5c4f62f08c8adf90d23c15eaf
    Port:           42069/TCP (http)
    Host Port:      0/TCP (http)
    State:          Running
      Started:      Mon, 27 Apr 2026 07:32:21 +0200
    Ready:          True
    Restart Count:  0
    Limits:
      cpu:     1500m
      memory:  1536Mi
    Requests:
      cpu:      200m
      memory:   256Mi
    Liveness:   http-get http://:42069/healthz delay=60s timeout=1s period=30s #success=1 #failure=3
    Readiness:  http-get http://:42069/healthz/ready delay=5s timeout=1s period=10s #success=1 #failure=3
    Startup:    http-get http://:42069/healthz delay=0s timeout=1s period=5s #success=1 #failure=30
    Environment:
      ASPNETCORE_ENVIRONMENT:                   Production
      ASPNETCORE_URLS:                          http://+:42069
      DOTNET_USE_POLLING_FILE_WATCHER:          true
      Hermod__Security__AuthBypass:             true
      Hermod__Security__VaultRequireHttps:      false
      Hermod__Features__MetricsEndpoint:        true
      Hermod__Dev__Endpoints:                   true
      Hermod__Mqtt__Host:                       nanomq
      Hermod__Mqtt__Port:                       1883
      Hermod__Mqtt__UseTls:                     false
      Hermod__Mqtt__Tls__UseTls:                false
      Hermod__Mqtt__Username:                   <set to the key 'mqtt-username' in secret 'hermod-secrets'>  Optional: false
      Hermod__Mqtt__Password:                   <set to the key 'mqtt-password' in secret 'hermod-secrets'>  Optional: false
      Hermod__Database__ConnectionString:       Host=postgres;Port=5432;Database=hermod;Username=hermod_app
      Hermod__Database__Password:               <set to the key 'hermod-db-password' in secret 'hermod-db-credentials'>  Optional: false
      Hermod__Features__DeviceStateTracking:    true
      Hermod__Engine__LogBatchSize:             100
      Hermod__Engine__LogBatching:              true
      Hermod__Engine__Parallelism:              0
      Hermod__Features__MessagePersistence:     true
      Hermod__Features__RuleAuditLog:           true
      Hermod__Features__RuleCache:              true
      Hermod__Features__StatsRollup:            true
      Hermod__Storage__Mode:                    Postgres
      Logging__LogLevel__Hermod:                Information
      Logging__LogLevel__Microsoft.AspNetCore:  Warning
      HERMOD_UUID_TRACE_ENABLED:                true
    Mounts:
      /var/run/secrets/kubernetes.io/serviceaccount from kube-api-access-g2nzb (ro)
Conditions:
  Type                        Status
  PodReadyToStartContainers   True 
  Initialized                 True 
  Ready                       True 
  ContainersReady             True 
  PodScheduled                True 
Volumes:
  kube-api-access-g2nzb:
    Type:                    Projected (a volume that contains injected data from multiple sources)
    TokenExpirationSeconds:  3607
    ConfigMapName:           kube-root-ca.crt
    Optional:                false
    DownwardAPI:             true
QoS Class:                   Burstable
Node-Selectors:              <none>
Tolerations:                 node.kubernetes.io/not-ready:NoExecute op=Exists for 300s
                             node.kubernetes.io/unreachable:NoExecute op=Exists for 300s
Events:
  Type    Reason     Age   From               Message
  ----    ------     ----  ----               -------
  Normal  Scheduled  20s   default-scheduler  Successfully assigned coord-only/hermod-coordinator-7db5c97c54-jhh6m to <pi-host>
  Normal  Pulled     20s   kubelet            spec.initContainers{wait-for-postgres}: Container image "busybox:1.36" already present on machine
  Normal  Created    20s   kubelet            spec.initContainers{wait-for-postgres}: Created container: wait-for-postgres
  Normal  Started    20s   kubelet            spec.initContainers{wait-for-postgres}: Started container wait-for-postgres
  Normal  Pulled     19s   kubelet            spec.initContainers{wait-for-nanomq}: Container image "busybox:1.36" already present on machine
  Normal  Created    19s   kubelet            spec.initContainers{wait-for-nanomq}: Created container: wait-for-nanomq
  Normal  Started    19s   kubelet            spec.initContainers{wait-for-nanomq}: Started container wait-for-nanomq
  Normal  Pulled     18s   kubelet            spec.containers{hermod-coordinator}: Container image "hermod-coordinator:latest" already present on machine
  Normal  Created    18s   kubelet            spec.containers{hermod-coordinator}: Created container: hermod-coordinator
  Normal  Started    18s   kubelet            spec.containers{hermod-coordinator}: Started container hermod-coordinator


Name:             nanomq-d6c898bcc-hz5s5
Namespace:        coord-only
Priority:         0
Service Account:  default
Node:             <pi-host>/<pi-ip>
Start Time:       Mon, 27 Apr 2026 07:32:04 +0200
Labels:           app=nanomq
                  pod-template-hash=d6c898bcc
Annotations:      cni.projectcalico.org/containerID: c110998772d8193528fa9ba2064db6ced4a8343d711ad63f6cd647f9106c23e1
                  cni.projectcalico.org/podIP: <pod-ip>/32
                  cni.projectcalico.org/podIPs: <pod-ip>/32
                  kubectl.kubernetes.io/restartedAt: 2026-04-27T07:32:03+02:00
Status:           Running
IP:               <pod-ip>
IPs:
  IP:           <pod-ip>
Controlled By:  ReplicaSet/nanomq-d6c898bcc
Containers:
  nanomq:
    Container ID:   containerd://8ff41f1e718ab50a37a41bbfa7b9433cb02d1c566035821c9f17eccd2a391f9c
    Image:          emqx/nanomq:0.21-slim
    Image ID:       docker.io/emqx/nanomq@sha256:53bea7acb547aced1cc45e08c514628f1e41c4da9ad544fd8c5fa96d3e9eb41b
    Ports:          1883/TCP (mqtt), 8081/TCP (http)
    Host Ports:     0/TCP (mqtt), 0/TCP (http)
    State:          Running
      Started:      Mon, 27 Apr 2026 07:32:05 +0200
    Ready:          True
    Restart Count:  0
    Limits:
      cpu:     1
      memory:  512Mi
    Requests:
      cpu:        50m
      memory:     64Mi
    Liveness:     tcp-socket :1883 delay=10s timeout=1s period=10s #success=1 #failure=3
    Readiness:    tcp-socket :1883 delay=3s timeout=1s period=5s #success=1 #failure=3
    Environment:  <none>
    Mounts:
      /etc/nanomq.conf from config (rw,path="nanomq.conf")
      /var/run/secrets/kubernetes.io/serviceaccount from kube-api-access-shsrs (ro)
Conditions:
  Type                        Status
  PodReadyToStartContainers   True 
  Initialized                 True 
  Ready                       True 
  ContainersReady             True 
  PodScheduled                True 
Volumes:
  config:
    Type:      ConfigMap (a volume populated by a ConfigMap)
    Name:      nanomq-config
    Optional:  false
  kube-api-access-shsrs:
    Type:                    Projected (a volume that contains injected data from multiple sources)
    TokenExpirationSeconds:  3607
    ConfigMapName:           kube-root-ca.crt
    Optional:                false
    DownwardAPI:             true
QoS Class:                   Burstable
Node-Selectors:              <none>
Tolerations:                 node.kubernetes.io/not-ready:NoExecute op=Exists for 300s
                             node.kubernetes.io/unreachable:NoExecute op=Exists for 300s
Events:
  Type    Reason     Age   From               Message
  ----    ------     ----  ----               -------
  Normal  Scheduled  34s   default-scheduler  Successfully assigned coord-only/nanomq-d6c898bcc-hz5s5 to <pi-host>
  Normal  Pulled     34s   kubelet            spec.containers{nanomq}: Container image "emqx/nanomq:0.21-slim" already present on machine
  Normal  Created    34s   kubelet            spec.containers{nanomq}: Created container: nanomq
  Normal  Started    34s   kubelet            spec.containers{nanomq}: Started container nanomq


Name:             postgres-0
Namespace:        coord-only
Priority:         0
Service Account:  default
Node:             <pi-host>/<pi-ip>
Start Time:       Mon, 27 Apr 2026 04:16:57 +0200
Labels:           app=postgres
                  apps.kubernetes.io/pod-index=0
                  controller-revision-hash=postgres-6497897965
                  statefulset.kubernetes.io/pod-name=postgres-0
Annotations:      cni.projectcalico.org/containerID: 69fb4823b666d3d2a1395c00ab9b26a33337431372918fb41d9f85f42d91a056
                  cni.projectcalico.org/podIP: <pod-ip>/32
                  cni.projectcalico.org/podIPs: <pod-ip>/32
Status:           Running
IP:               <pod-ip>
IPs:
  IP:           <pod-ip>
Controlled By:  StatefulSet/postgres
Containers:
  postgres:
    Container ID:  containerd://adf8585ccc9b705cf0261f22f8e1c254a24670c72b998bb7a052f31e3a5ae5be
    Image:         postgres:17-alpine
    Image ID:      docker.io/library/postgres@sha256:778d0b486d6daa02b77434d0358ec57a1b21fd8b6d22ac2eef56a33e816928f6
    Port:          5432/TCP
    Host Port:     0/TCP
    Args:
      -c
      shared_buffers=256MB
      -c
      max_connections=200
      -c
      work_mem=16MB
    State:          Running
      Started:      Mon, 27 Apr 2026 04:16:58 +0200
    Ready:          True
    Restart Count:  0
    Limits:
      cpu:     1500m
      memory:  1536Mi
    Requests:
      cpu:      100m
      memory:   256Mi
    Liveness:   exec [pg_isready -U postgres] delay=30s timeout=1s period=10s #success=1 #failure=3
    Readiness:  exec [pg_isready -U postgres] delay=5s timeout=1s period=5s #success=1 #failure=3
    Environment:
      POSTGRES_DB:        postgres
      POSTGRES_USER:      postgres
      POSTGRES_PASSWORD:  <set to the key 'postgres-superuser-password' in secret 'hermod-secrets'>  Optional: false
    Mounts:
      /docker-entrypoint-initdb.d from init (rw)
      /var/lib/postgresql/data from data (rw)
      /var/run/secrets/kubernetes.io/serviceaccount from kube-api-access-79j56 (ro)
Conditions:
  Type                        Status
  PodReadyToStartContainers   True 
  Initialized                 True 
  Ready                       True 
  ContainersReady             True 
  PodScheduled                True 
Volumes:
  data:
    Type:       PersistentVolumeClaim (a reference to a PersistentVolumeClaim in the same namespace)
    ClaimName:  data-postgres-0
    ReadOnly:   false
  init:
    Type:      ConfigMap (a volume populated by a ConfigMap)
    Name:      postgres-init
    Optional:  false
  kube-api-access-79j56:
    Type:                    Projected (a volume that contains injected data from multiple sources)
    TokenExpirationSeconds:  3607
    ConfigMapName:           kube-root-ca.crt
    Optional:                false
    DownwardAPI:             true
QoS Class:                   Burstable
Node-Selectors:              <none>
Tolerations:                 node.kubernetes.io/not-ready:NoExecute op=Exists for 300s
                             node.kubernetes.io/unreachable:NoExecute op=Exists for 300s
Events:                      <none>

=== ts=1777267970 ===
Name:             hermod-coordinator-7db5c97c54-jhh6m
Namespace:        coord-only
Priority:         0
Service Account:  default
Node:             <pi-host>/<pi-ip>
Start Time:       Mon, 27 Apr 2026 07:32:18 +0200
Labels:           app=hermod-coordinator
                  pod-template-hash=7db5c97c54
Annotations:      cni.projectcalico.org/containerID: c6f618e8f3ce48e7428393b036bc4b20ccf62c6741d919f6c010314dfc414078
                  cni.projectcalico.org/podIP: <pod-ip>/32
                  cni.projectcalico.org/podIPs: <pod-ip>/32
                  kubectl.kubernetes.io/restartedAt: 2026-04-27T07:32:03+02:00
Status:           Running
IP:               <pod-ip>
IPs:
  IP:           <pod-ip>
Controlled By:  ReplicaSet/hermod-coordinator-7db5c97c54
Init Containers:
  wait-for-postgres:
    Container ID:  containerd://184204c5b0f650ad50097a2f3fd310e5b278cbcdfafc6c90b42d972a85c98b72
    Image:         busybox:1.36
    Image ID:      docker.io/library/busybox@sha256:73aaf090f3d85aa34ee199857f03fa3a95c8ede2ffd4cc2cdb5b94e566b11662
    Port:          <none>
    Host Port:     <none>
    Command:
      sh
      -c
      until nc -z postgres 5432; do sleep 2; done
    State:          Terminated
      Reason:       Completed
      Exit Code:    0
      Started:      Mon, 27 Apr 2026 07:32:19 +0200
      Finished:     Mon, 27 Apr 2026 07:32:19 +0200
    Ready:          True
    Restart Count:  0
    Environment:
      Hermod__Features__DeviceStateTracking:    true
      Hermod__Engine__LogBatchSize:             100
      Hermod__Engine__LogBatching:              true
      Hermod__Engine__Parallelism:              0
      Hermod__Features__MessagePersistence:     true
      Hermod__Features__RuleAuditLog:           true
      Hermod__Features__RuleCache:              true
      Hermod__Features__StatsRollup:            true
      Hermod__Storage__Mode:                    Postgres
      Logging__LogLevel__Hermod:                Information
      Logging__LogLevel__Microsoft.AspNetCore:  Warning
      HERMOD_UUID_TRACE_ENABLED:                true
    Mounts:
      /var/run/secrets/kubernetes.io/serviceaccount from kube-api-access-g2nzb (ro)
  wait-for-nanomq:
    Container ID:  containerd://0893944fc1f5b7dd76e5282d53fb2b42de5f95224d5e2ef45ecf7dd6f96fc268
    Image:         busybox:1.36
    Image ID:      docker.io/library/busybox@sha256:73aaf090f3d85aa34ee199857f03fa3a95c8ede2ffd4cc2cdb5b94e566b11662
    Port:          <none>
    Host Port:     <none>
    Command:
      sh
      -c
      until nc -z nanomq 1883; do sleep 2; done
    State:          Terminated
      Reason:       Completed
      Exit Code:    0
      Started:      Mon, 27 Apr 2026 07:32:20 +0200
      Finished:     Mon, 27 Apr 2026 07:32:20 +0200
    Ready:          True
    Restart Count:  0
    Environment:
      Hermod__Features__DeviceStateTracking:    true
      Hermod__Engine__LogBatchSize:             100
      Hermod__Engine__LogBatching:              true
      Hermod__Engine__Parallelism:              0
      Hermod__Features__MessagePersistence:     true
      Hermod__Features__RuleAuditLog:           true
      Hermod__Features__RuleCache:              true
      Hermod__Features__StatsRollup:            true
      Hermod__Storage__Mode:                    Postgres
      Logging__LogLevel__Hermod:                Information
      Logging__LogLevel__Microsoft.AspNetCore:  Warning
      HERMOD_UUID_TRACE_ENABLED:                true
    Mounts:
      /var/run/secrets/kubernetes.io/serviceaccount from kube-api-access-g2nzb (ro)
Containers:
  hermod-coordinator:
    Container ID:   containerd://61c0b775a752d0143334fe959f4c823df4ec1e0e92b7206a032d393697c5245e
    Image:          hermod-coordinator:latest
    Image ID:       sha256:ca91ccdfcd269dd5e4e25d5ffe8d863ca5db57e5c4f62f08c8adf90d23c15eaf
    Port:           42069/TCP (http)
    Host Port:      0/TCP (http)
    State:          Running
      Started:      Mon, 27 Apr 2026 07:32:21 +0200
    Ready:          True
    Restart Count:  0
    Limits:
      cpu:     1500m
      memory:  1536Mi
    Requests:
      cpu:      200m
      memory:   256Mi
    Liveness:   http-get http://:42069/healthz delay=60s timeout=1s period=30s #success=1 #failure=3
    Readiness:  http-get http://:42069/healthz/ready delay=5s timeout=1s period=10s #success=1 #failure=3
    Startup:    http-get http://:42069/healthz delay=0s timeout=1s period=5s #success=1 #failure=30
    Environment:
      ASPNETCORE_ENVIRONMENT:                   Production
      ASPNETCORE_URLS:                          http://+:42069
      DOTNET_USE_POLLING_FILE_WATCHER:          true
      Hermod__Security__AuthBypass:             true
      Hermod__Security__VaultRequireHttps:      false
      Hermod__Features__MetricsEndpoint:        true
      Hermod__Dev__Endpoints:                   true
      Hermod__Mqtt__Host:                       nanomq
      Hermod__Mqtt__Port:                       1883
      Hermod__Mqtt__UseTls:                     false
      Hermod__Mqtt__Tls__UseTls:                false
      Hermod__Mqtt__Username:                   <set to the key 'mqtt-username' in secret 'hermod-secrets'>  Optional: false
      Hermod__Mqtt__Password:                   <set to the key 'mqtt-password' in secret 'hermod-secrets'>  Optional: false
      Hermod__Database__ConnectionString:       Host=postgres;Port=5432;Database=hermod;Username=hermod_app
      Hermod__Database__Password:               <set to the key 'hermod-db-password' in secret 'hermod-db-credentials'>  Optional: false
      Hermod__Features__DeviceStateTracking:    true
      Hermod__Engine__LogBatchSize:             100
      Hermod__Engine__LogBatching:              true
      Hermod__Engine__Parallelism:              0
      Hermod__Features__MessagePersistence:     true
      Hermod__Features__RuleAuditLog:           true
      Hermod__Features__RuleCache:              true
      Hermod__Features__StatsRollup:            true
      Hermod__Storage__Mode:                    Postgres
      Logging__LogLevel__Hermod:                Information
      Logging__LogLevel__Microsoft.AspNetCore:  Warning
      HERMOD_UUID_TRACE_ENABLED:                true
    Mounts:
      /var/run/secrets/kubernetes.io/serviceaccount from kube-api-access-g2nzb (ro)
Conditions:
  Type                        Status
  PodReadyToStartContainers   True 
  Initialized                 True 
  Ready                       True 
  ContainersReady             True 
  PodScheduled                True 
Volumes:
  kube-api-access-g2nzb:
    Type:                    Projected (a volume that contains injected data from multiple sources)
    TokenExpirationSeconds:  3607
    ConfigMapName:           kube-root-ca.crt
    Optional:                false
    DownwardAPI:             true
QoS Class:                   Burstable
Node-Selectors:              <none>
Tolerations:                 node.kubernetes.io/not-ready:NoExecute op=Exists for 300s
                             node.kubernetes.io/unreachable:NoExecute op=Exists for 300s
Events:
  Type    Reason     Age   From               Message
  ----    ------     ----  ----               -------
  Normal  Scheduled  31s   default-scheduler  Successfully assigned coord-only/hermod-coordinator-7db5c97c54-jhh6m to <pi-host>
  Normal  Pulled     31s   kubelet            spec.initContainers{wait-for-postgres}: Container image "busybox:1.36" already present on machine
  Normal  Created    31s   kubelet            spec.initContainers{wait-for-postgres}: Created container: wait-for-postgres
  Normal  Started    31s   kubelet            spec.initContainers{wait-for-postgres}: Started container wait-for-postgres
  Normal  Pulled     30s   kubelet            spec.initContainers{wait-for-nanomq}: Container image "busybox:1.36" already present on machine
  Normal  Created    30s   kubelet            spec.initContainers{wait-for-nanomq}: Created container: wait-for-nanomq
  Normal  Started    30s   kubelet            spec.initContainers{wait-for-nanomq}: Started container wait-for-nanomq
  Normal  Pulled     29s   kubelet            spec.containers{hermod-coordinator}: Container image "hermod-coordinator:latest" already present on machine
  Normal  Created    29s   kubelet            spec.containers{hermod-coordinator}: Created container: hermod-coordinator
  Normal  Started    29s   kubelet            spec.containers{hermod-coordinator}: Started container hermod-coordinator


Name:             nanomq-d6c898bcc-hz5s5
Namespace:        coord-only
Priority:         0
Service Account:  default
Node:             <pi-host>/<pi-ip>
Start Time:       Mon, 27 Apr 2026 07:32:04 +0200
Labels:           app=nanomq
                  pod-template-hash=d6c898bcc
Annotations:      cni.projectcalico.org/containerID: c110998772d8193528fa9ba2064db6ced4a8343d711ad63f6cd647f9106c23e1
                  cni.projectcalico.org/podIP: <pod-ip>/32
                  cni.projectcalico.org/podIPs: <pod-ip>/32
                  kubectl.kubernetes.io/restartedAt: 2026-04-27T07:32:03+02:00
Status:           Running
IP:               <pod-ip>
IPs:
  IP:           <pod-ip>
Controlled By:  ReplicaSet/nanomq-d6c898bcc
Containers:
  nanomq:
    Container ID:   containerd://8ff41f1e718ab50a37a41bbfa7b9433cb02d1c566035821c9f17eccd2a391f9c
    Image:          emqx/nanomq:0.21-slim
    Image ID:       docker.io/emqx/nanomq@sha256:53bea7acb547aced1cc45e08c514628f1e41c4da9ad544fd8c5fa96d3e9eb41b
    Ports:          1883/TCP (mqtt), 8081/TCP (http)
    Host Ports:     0/TCP (mqtt), 0/TCP (http)
    State:          Running
      Started:      Mon, 27 Apr 2026 07:32:05 +0200
    Ready:          True
    Restart Count:  0
    Limits:
      cpu:     1
      memory:  512Mi
    Requests:
      cpu:        50m
      memory:     64Mi
    Liveness:     tcp-socket :1883 delay=10s timeout=1s period=10s #success=1 #failure=3
    Readiness:    tcp-socket :1883 delay=3s timeout=1s period=5s #success=1 #failure=3
    Environment:  <none>
    Mounts:
      /etc/nanomq.conf from config (rw,path="nanomq.conf")
      /var/run/secrets/kubernetes.io/serviceaccount from kube-api-access-shsrs (ro)
Conditions:
  Type                        Status
  PodReadyToStartContainers   True 
  Initialized                 True 
  Ready                       True 
  ContainersReady             True 
  PodScheduled                True 
Volumes:
  config:
    Type:      ConfigMap (a volume populated by a ConfigMap)
    Name:      nanomq-config
    Optional:  false
  kube-api-access-shsrs:
    Type:                    Projected (a volume that contains injected data from multiple sources)
    TokenExpirationSeconds:  3607
    ConfigMapName:           kube-root-ca.crt
    Optional:                false
    DownwardAPI:             true
QoS Class:                   Burstable
Node-Selectors:              <none>
Tolerations:                 node.kubernetes.io/not-ready:NoExecute op=Exists for 300s
                             node.kubernetes.io/unreachable:NoExecute op=Exists for 300s
Events:
  Type    Reason     Age   From               Message
  ----    ------     ----  ----               -------
  Normal  Scheduled  45s   default-scheduler  Successfully assigned coord-only/nanomq-d6c898bcc-hz5s5 to <pi-host>
  Normal  Pulled     45s   kubelet            spec.containers{nanomq}: Container image "emqx/nanomq:0.21-slim" already present on machine
  Normal  Created    45s   kubelet            spec.containers{nanomq}: Created container: nanomq
  Normal  Started    45s   kubelet            spec.containers{nanomq}: Started container nanomq


Name:             postgres-0
Namespace:        coord-only
Priority:         0
Service Account:  default
Node:             <pi-host>/<pi-ip>
Start Time:       Mon, 27 Apr 2026 04:16:57 +0200
Labels:           app=postgres
                  apps.kubernetes.io/pod-index=0
                  controller-revision-hash=postgres-6497897965
                  statefulset.kubernetes.io/pod-name=postgres-0
Annotations:      cni.projectcalico.org/containerID: 69fb4823b666d3d2a1395c00ab9b26a33337431372918fb41d9f85f42d91a056
                  cni.projectcalico.org/podIP: <pod-ip>/32
                  cni.projectcalico.org/podIPs: <pod-ip>/32
Status:           Running
IP:               <pod-ip>
IPs:
  IP:           <pod-ip>
Controlled By:  StatefulSet/postgres
Containers:
  postgres:
    Container ID:  containerd://adf8585ccc9b705cf0261f22f8e1c254a24670c72b998bb7a052f31e3a5ae5be
    Image:         postgres:17-alpine
    Image ID:      docker.io/library/postgres@sha256:778d0b486d6daa02b77434d0358ec57a1b21fd8b6d22ac2eef56a33e816928f6
    Port:          5432/TCP
    Host Port:     0/TCP
    Args:
      -c
      shared_buffers=256MB
      -c
      max_connections=200
      -c
      work_mem=16MB
    State:          Running
      Started:      Mon, 27 Apr 2026 04:16:58 +0200
    Ready:          True
    Restart Count:  0
    Limits:
      cpu:     1500m
      memory:  1536Mi
    Requests:
      cpu:      100m
      memory:   256Mi
    Liveness:   exec [pg_isready -U postgres] delay=30s timeout=1s period=10s #success=1 #failure=3
    Readiness:  exec [pg_isready -U postgres] delay=5s timeout=1s period=5s #success=1 #failure=3
    Environment:
      POSTGRES_DB:        postgres
      POSTGRES_USER:      postgres
      POSTGRES_PASSWORD:  <set to the key 'postgres-superuser-password' in secret 'hermod-secrets'>  Optional: false
    Mounts:
      /docker-entrypoint-initdb.d from init (rw)
      /var/lib/postgresql/data from data (rw)
      /var/run/secrets/kubernetes.io/serviceaccount from kube-api-access-79j56 (ro)
Conditions:
  Type                        Status
  PodReadyToStartContainers   True 
  Initialized                 True 
  Ready                       True 
  ContainersReady             True 
  PodScheduled                True 
Volumes:
  data:
    Type:       PersistentVolumeClaim (a reference to a PersistentVolumeClaim in the same namespace)
    ClaimName:  data-postgres-0
    ReadOnly:   false
  init:
    Type:      ConfigMap (a volume populated by a ConfigMap)
    Name:      postgres-init
    Optional:  false
  kube-api-access-79j56:
    Type:                    Projected (a volume that contains injected data from multiple sources)
    TokenExpirationSeconds:  3607
    ConfigMapName:           kube-root-ca.crt
    Optional:                false
    DownwardAPI:             true
QoS Class:                   Burstable
Node-Selectors:              <none>
Tolerations:                 node.kubernetes.io/not-ready:NoExecute op=Exists for 300s
                             node.kubernetes.io/unreachable:NoExecute op=Exists for 300s
Events:                      <none>

=== ts=1777267982 ===
Name:             hermod-coordinator-7db5c97c54-jhh6m
Namespace:        coord-only
Priority:         0
Service Account:  default
Node:             <pi-host>/<pi-ip>
Start Time:       Mon, 27 Apr 2026 07:32:18 +0200
Labels:           app=hermod-coordinator
                  pod-template-hash=7db5c97c54
Annotations:      cni.projectcalico.org/containerID: c6f618e8f3ce48e7428393b036bc4b20ccf62c6741d919f6c010314dfc414078
                  cni.projectcalico.org/podIP: <pod-ip>/32
                  cni.projectcalico.org/podIPs: <pod-ip>/32
                  kubectl.kubernetes.io/restartedAt: 2026-04-27T07:32:03+02:00
Status:           Running
IP:               <pod-ip>
IPs:
  IP:           <pod-ip>
Controlled By:  ReplicaSet/hermod-coordinator-7db5c97c54
Init Containers:
  wait-for-postgres:
    Container ID:  containerd://184204c5b0f650ad50097a2f3fd310e5b278cbcdfafc6c90b42d972a85c98b72
    Image:         busybox:1.36
    Image ID:      docker.io/library/busybox@sha256:73aaf090f3d85aa34ee199857f03fa3a95c8ede2ffd4cc2cdb5b94e566b11662
    Port:          <none>
    Host Port:     <none>
    Command:
      sh
      -c
      until nc -z postgres 5432; do sleep 2; done
    State:          Terminated
      Reason:       Completed
      Exit Code:    0
      Started:      Mon, 27 Apr 2026 07:32:19 +0200
      Finished:     Mon, 27 Apr 2026 07:32:19 +0200
    Ready:          True
    Restart Count:  0
    Environment:
      Hermod__Features__DeviceStateTracking:    true
      Hermod__Engine__LogBatchSize:             100
      Hermod__Engine__LogBatching:              true
      Hermod__Engine__Parallelism:              0
      Hermod__Features__MessagePersistence:     true
      Hermod__Features__RuleAuditLog:           true
      Hermod__Features__RuleCache:              true
      Hermod__Features__StatsRollup:            true
      Hermod__Storage__Mode:                    Postgres
      Logging__LogLevel__Hermod:                Information
      Logging__LogLevel__Microsoft.AspNetCore:  Warning
      HERMOD_UUID_TRACE_ENABLED:                true
    Mounts:
      /var/run/secrets/kubernetes.io/serviceaccount from kube-api-access-g2nzb (ro)
  wait-for-nanomq:
    Container ID:  containerd://0893944fc1f5b7dd76e5282d53fb2b42de5f95224d5e2ef45ecf7dd6f96fc268
    Image:         busybox:1.36
    Image ID:      docker.io/library/busybox@sha256:73aaf090f3d85aa34ee199857f03fa3a95c8ede2ffd4cc2cdb5b94e566b11662
    Port:          <none>
    Host Port:     <none>
    Command:
      sh
      -c
      until nc -z nanomq 1883; do sleep 2; done
    State:          Terminated
      Reason:       Completed
      Exit Code:    0
      Started:      Mon, 27 Apr 2026 07:32:20 +0200
      Finished:     Mon, 27 Apr 2026 07:32:20 +0200
    Ready:          True
    Restart Count:  0
    Environment:
      Hermod__Features__DeviceStateTracking:    true
      Hermod__Engine__LogBatchSize:             100
      Hermod__Engine__LogBatching:              true
      Hermod__Engine__Parallelism:              0
      Hermod__Features__MessagePersistence:     true
      Hermod__Features__RuleAuditLog:           true
      Hermod__Features__RuleCache:              true
      Hermod__Features__StatsRollup:            true
      Hermod__Storage__Mode:                    Postgres
      Logging__LogLevel__Hermod:                Information
      Logging__LogLevel__Microsoft.AspNetCore:  Warning
      HERMOD_UUID_TRACE_ENABLED:                true
    Mounts:
      /var/run/secrets/kubernetes.io/serviceaccount from kube-api-access-g2nzb (ro)
Containers:
  hermod-coordinator:
    Container ID:   containerd://61c0b775a752d0143334fe959f4c823df4ec1e0e92b7206a032d393697c5245e
    Image:          hermod-coordinator:latest
    Image ID:       sha256:ca91ccdfcd269dd5e4e25d5ffe8d863ca5db57e5c4f62f08c8adf90d23c15eaf
    Port:           42069/TCP (http)
    Host Port:      0/TCP (http)
    State:          Running
      Started:      Mon, 27 Apr 2026 07:32:21 +0200
    Ready:          True
    Restart Count:  0
    Limits:
      cpu:     1500m
      memory:  1536Mi
    Requests:
      cpu:      200m
      memory:   256Mi
    Liveness:   http-get http://:42069/healthz delay=60s timeout=1s period=30s #success=1 #failure=3
    Readiness:  http-get http://:42069/healthz/ready delay=5s timeout=1s period=10s #success=1 #failure=3
    Startup:    http-get http://:42069/healthz delay=0s timeout=1s period=5s #success=1 #failure=30
    Environment:
      ASPNETCORE_ENVIRONMENT:                   Production
      ASPNETCORE_URLS:                          http://+:42069
      DOTNET_USE_POLLING_FILE_WATCHER:          true
      Hermod__Security__AuthBypass:             true
      Hermod__Security__VaultRequireHttps:      false
      Hermod__Features__MetricsEndpoint:        true
      Hermod__Dev__Endpoints:                   true
      Hermod__Mqtt__Host:                       nanomq
      Hermod__Mqtt__Port:                       1883
      Hermod__Mqtt__UseTls:                     false
      Hermod__Mqtt__Tls__UseTls:                false
      Hermod__Mqtt__Username:                   <set to the key 'mqtt-username' in secret 'hermod-secrets'>  Optional: false
      Hermod__Mqtt__Password:                   <set to the key 'mqtt-password' in secret 'hermod-secrets'>  Optional: false
      Hermod__Database__ConnectionString:       Host=postgres;Port=5432;Database=hermod;Username=hermod_app
      Hermod__Database__Password:               <set to the key 'hermod-db-password' in secret 'hermod-db-credentials'>  Optional: false
      Hermod__Features__DeviceStateTracking:    true
      Hermod__Engine__LogBatchSize:             100
      Hermod__Engine__LogBatching:              true
      Hermod__Engine__Parallelism:              0
      Hermod__Features__MessagePersistence:     true
      Hermod__Features__RuleAuditLog:           true
      Hermod__Features__RuleCache:              true
      Hermod__Features__StatsRollup:            true
      Hermod__Storage__Mode:                    Postgres
      Logging__LogLevel__Hermod:                Information
      Logging__LogLevel__Microsoft.AspNetCore:  Warning
      HERMOD_UUID_TRACE_ENABLED:                true
    Mounts:
      /var/run/secrets/kubernetes.io/serviceaccount from kube-api-access-g2nzb (ro)
Conditions:
  Type                        Status
  PodReadyToStartContainers   True 
  Initialized                 True 
  Ready                       True 
  ContainersReady             True 
  PodScheduled                True 
Volumes:
  kube-api-access-g2nzb:
    Type:                    Projected (a volume that contains injected data from multiple sources)
    TokenExpirationSeconds:  3607
    ConfigMapName:           kube-root-ca.crt
    Optional:                false
    DownwardAPI:             true
QoS Class:                   Burstable
Node-Selectors:              <none>
Tolerations:                 node.kubernetes.io/not-ready:NoExecute op=Exists for 300s
                             node.kubernetes.io/unreachable:NoExecute op=Exists for 300s
Events:
  Type    Reason     Age   From               Message
  ----    ------     ----  ----               -------
  Normal  Scheduled  43s   default-scheduler  Successfully assigned coord-only/hermod-coordinator-7db5c97c54-jhh6m to <pi-host>
  Normal  Pulled     43s   kubelet            spec.initContainers{wait-for-postgres}: Container image "busybox:1.36" already present on machine
  Normal  Created    43s   kubelet            spec.initContainers{wait-for-postgres}: Created container: wait-for-postgres
  Normal  Started    43s   kubelet            spec.initContainers{wait-for-postgres}: Started container wait-for-postgres
  Normal  Pulled     42s   kubelet            spec.initContainers{wait-for-nanomq}: Container image "busybox:1.36" already present on machine
  Normal  Created    42s   kubelet            spec.initContainers{wait-for-nanomq}: Created container: wait-for-nanomq
  Normal  Started    42s   kubelet            spec.initContainers{wait-for-nanomq}: Started container wait-for-nanomq
  Normal  Pulled     41s   kubelet            spec.containers{hermod-coordinator}: Container image "hermod-coordinator:latest" already present on machine
  Normal  Created    41s   kubelet            spec.containers{hermod-coordinator}: Created container: hermod-coordinator
  Normal  Started    41s   kubelet            spec.containers{hermod-coordinator}: Started container hermod-coordinator


Name:             nanomq-d6c898bcc-hz5s5
Namespace:        coord-only
Priority:         0
Service Account:  default
Node:             <pi-host>/<pi-ip>
Start Time:       Mon, 27 Apr 2026 07:32:04 +0200
Labels:           app=nanomq
                  pod-template-hash=d6c898bcc
Annotations:      cni.projectcalico.org/containerID: c110998772d8193528fa9ba2064db6ced4a8343d711ad63f6cd647f9106c23e1
                  cni.projectcalico.org/podIP: <pod-ip>/32
                  cni.projectcalico.org/podIPs: <pod-ip>/32
                  kubectl.kubernetes.io/restartedAt: 2026-04-27T07:32:03+02:00
Status:           Running
IP:               <pod-ip>
IPs:
  IP:           <pod-ip>
Controlled By:  ReplicaSet/nanomq-d6c898bcc
Containers:
  nanomq:
    Container ID:   containerd://8ff41f1e718ab50a37a41bbfa7b9433cb02d1c566035821c9f17eccd2a391f9c
    Image:          emqx/nanomq:0.21-slim
    Image ID:       docker.io/emqx/nanomq@sha256:53bea7acb547aced1cc45e08c514628f1e41c4da9ad544fd8c5fa96d3e9eb41b
    Ports:          1883/TCP (mqtt), 8081/TCP (http)
    Host Ports:     0/TCP (mqtt), 0/TCP (http)
    State:          Running
      Started:      Mon, 27 Apr 2026 07:32:05 +0200
    Ready:          True
    Restart Count:  0
    Limits:
      cpu:     1
      memory:  512Mi
    Requests:
      cpu:        50m
      memory:     64Mi
    Liveness:     tcp-socket :1883 delay=10s timeout=1s period=10s #success=1 #failure=3
    Readiness:    tcp-socket :1883 delay=3s timeout=1s period=5s #success=1 #failure=3
    Environment:  <none>
    Mounts:
      /etc/nanomq.conf from config (rw,path="nanomq.conf")
      /var/run/secrets/kubernetes.io/serviceaccount from kube-api-access-shsrs (ro)
Conditions:
  Type                        Status
  PodReadyToStartContainers   True 
  Initialized                 True 
  Ready                       True 
  ContainersReady             True 
  PodScheduled                True 
Volumes:
  config:
    Type:      ConfigMap (a volume populated by a ConfigMap)
    Name:      nanomq-config
    Optional:  false
  kube-api-access-shsrs:
    Type:                    Projected (a volume that contains injected data from multiple sources)
    TokenExpirationSeconds:  3607
    ConfigMapName:           kube-root-ca.crt
    Optional:                false
    DownwardAPI:             true
QoS Class:                   Burstable
Node-Selectors:              <none>
Tolerations:                 node.kubernetes.io/not-ready:NoExecute op=Exists for 300s
                             node.kubernetes.io/unreachable:NoExecute op=Exists for 300s
Events:
  Type    Reason     Age   From               Message
  ----    ------     ----  ----               -------
  Normal  Scheduled  57s   default-scheduler  Successfully assigned coord-only/nanomq-d6c898bcc-hz5s5 to <pi-host>
  Normal  Pulled     57s   kubelet            spec.containers{nanomq}: Container image "emqx/nanomq:0.21-slim" already present on machine
  Normal  Created    57s   kubelet            spec.containers{nanomq}: Created container: nanomq
  Normal  Started    57s   kubelet            spec.containers{nanomq}: Started container nanomq


Name:             postgres-0
Namespace:        coord-only
Priority:         0
Service Account:  default
Node:             <pi-host>/<pi-ip>
Start Time:       Mon, 27 Apr 2026 04:16:57 +0200
Labels:           app=postgres
                  apps.kubernetes.io/pod-index=0
                  controller-revision-hash=postgres-6497897965
                  statefulset.kubernetes.io/pod-name=postgres-0
Annotations:      cni.projectcalico.org/containerID: 69fb4823b666d3d2a1395c00ab9b26a33337431372918fb41d9f85f42d91a056
                  cni.projectcalico.org/podIP: <pod-ip>/32
                  cni.projectcalico.org/podIPs: <pod-ip>/32
Status:           Running
IP:               <pod-ip>
IPs:
  IP:           <pod-ip>
Controlled By:  StatefulSet/postgres
Containers:
  postgres:
    Container ID:  containerd://adf8585ccc9b705cf0261f22f8e1c254a24670c72b998bb7a052f31e3a5ae5be
    Image:         postgres:17-alpine
    Image ID:      docker.io/library/postgres@sha256:778d0b486d6daa02b77434d0358ec57a1b21fd8b6d22ac2eef56a33e816928f6
    Port:          5432/TCP
    Host Port:     0/TCP
    Args:
      -c
      shared_buffers=256MB
      -c
      max_connections=200
      -c
      work_mem=16MB
    State:          Running
      Started:      Mon, 27 Apr 2026 04:16:58 +0200
    Ready:          True
    Restart Count:  0
    Limits:
      cpu:     1500m
      memory:  1536Mi
    Requests:
      cpu:      100m
      memory:   256Mi
    Liveness:   exec [pg_isready -U postgres] delay=30s timeout=1s period=10s #success=1 #failure=3
    Readiness:  exec [pg_isready -U postgres] delay=5s timeout=1s period=5s #success=1 #failure=3
    Environment:
      POSTGRES_DB:        postgres
      POSTGRES_USER:      postgres
      POSTGRES_PASSWORD:  <set to the key 'postgres-superuser-password' in secret 'hermod-secrets'>  Optional: false
    Mounts:
      /docker-entrypoint-initdb.d from init (rw)
      /var/lib/postgresql/data from data (rw)
      /var/run/secrets/kubernetes.io/serviceaccount from kube-api-access-79j56 (ro)
Conditions:
  Type                        Status
  PodReadyToStartContainers   True 
  Initialized                 True 
  Ready                       True 
  ContainersReady             True 
  PodScheduled                True 
Volumes:
  data:
    Type:       PersistentVolumeClaim (a reference to a PersistentVolumeClaim in the same namespace)
    ClaimName:  data-postgres-0
    ReadOnly:   false
  init:
    Type:      ConfigMap (a volume populated by a ConfigMap)
    Name:      postgres-init
    Optional:  false
  kube-api-access-79j56:
    Type:                    Projected (a volume that contains injected data from multiple sources)
    TokenExpirationSeconds:  3607
    ConfigMapName:           kube-root-ca.crt
    Optional:                false
    DownwardAPI:             true
QoS Class:                   Burstable
Node-Selectors:              <none>
Tolerations:                 node.kubernetes.io/not-ready:NoExecute op=Exists for 300s
                             node.kubernetes.io/unreachable:NoExecute op=Exists for 300s
Events:                      <none>

=== ts=1777267993 ===
Name:             hermod-coordinator-7db5c97c54-jhh6m
Namespace:        coord-only
Priority:         0
Service Account:  default
Node:             <pi-host>/<pi-ip>
Start Time:       Mon, 27 Apr 2026 07:32:18 +0200
Labels:           app=hermod-coordinator
                  pod-template-hash=7db5c97c54
Annotations:      cni.projectcalico.org/containerID: c6f618e8f3ce48e7428393b036bc4b20ccf62c6741d919f6c010314dfc414078
                  cni.projectcalico.org/podIP: <pod-ip>/32
                  cni.projectcalico.org/podIPs: <pod-ip>/32
                  kubectl.kubernetes.io/restartedAt: 2026-04-27T07:32:03+02:00
Status:           Running
IP:               <pod-ip>
IPs:
  IP:           <pod-ip>
Controlled By:  ReplicaSet/hermod-coordinator-7db5c97c54
Init Containers:
  wait-for-postgres:
    Container ID:  containerd://184204c5b0f650ad50097a2f3fd310e5b278cbcdfafc6c90b42d972a85c98b72
    Image:         busybox:1.36
    Image ID:      docker.io/library/busybox@sha256:73aaf090f3d85aa34ee199857f03fa3a95c8ede2ffd4cc2cdb5b94e566b11662
    Port:          <none>
    Host Port:     <none>
    Command:
      sh
      -c
      until nc -z postgres 5432; do sleep 2; done
    State:          Terminated
      Reason:       Completed
      Exit Code:    0
      Started:      Mon, 27 Apr 2026 07:32:19 +0200
      Finished:     Mon, 27 Apr 2026 07:32:19 +0200
    Ready:          True
    Restart Count:  0
    Environment:
      Hermod__Features__DeviceStateTracking:    true
      Hermod__Engine__LogBatchSize:             100
      Hermod__Engine__LogBatching:              true
      Hermod__Engine__Parallelism:              0
      Hermod__Features__MessagePersistence:     true
      Hermod__Features__RuleAuditLog:           true
      Hermod__Features__RuleCache:              true
      Hermod__Features__StatsRollup:            true
      Hermod__Storage__Mode:                    Postgres
      Logging__LogLevel__Hermod:                Information
      Logging__LogLevel__Microsoft.AspNetCore:  Warning
      HERMOD_UUID_TRACE_ENABLED:                true
    Mounts:
      /var/run/secrets/kubernetes.io/serviceaccount from kube-api-access-g2nzb (ro)
  wait-for-nanomq:
    Container ID:  containerd://0893944fc1f5b7dd76e5282d53fb2b42de5f95224d5e2ef45ecf7dd6f96fc268
    Image:         busybox:1.36
    Image ID:      docker.io/library/busybox@sha256:73aaf090f3d85aa34ee199857f03fa3a95c8ede2ffd4cc2cdb5b94e566b11662
    Port:          <none>
    Host Port:     <none>
    Command:
      sh
      -c
      until nc -z nanomq 1883; do sleep 2; done
    State:          Terminated
      Reason:       Completed
      Exit Code:    0
      Started:      Mon, 27 Apr 2026 07:32:20 +0200
      Finished:     Mon, 27 Apr 2026 07:32:20 +0200
    Ready:          True
    Restart Count:  0
    Environment:
      Hermod__Features__DeviceStateTracking:    true
      Hermod__Engine__LogBatchSize:             100
      Hermod__Engine__LogBatching:              true
      Hermod__Engine__Parallelism:              0
      Hermod__Features__MessagePersistence:     true
      Hermod__Features__RuleAuditLog:           true
      Hermod__Features__RuleCache:              true
      Hermod__Features__StatsRollup:            true
      Hermod__Storage__Mode:                    Postgres
      Logging__LogLevel__Hermod:                Information
      Logging__LogLevel__Microsoft.AspNetCore:  Warning
      HERMOD_UUID_TRACE_ENABLED:                true
    Mounts:
      /var/run/secrets/kubernetes.io/serviceaccount from kube-api-access-g2nzb (ro)
Containers:
  hermod-coordinator:
    Container ID:   containerd://61c0b775a752d0143334fe959f4c823df4ec1e0e92b7206a032d393697c5245e
    Image:          hermod-coordinator:latest
    Image ID:       sha256:ca91ccdfcd269dd5e4e25d5ffe8d863ca5db57e5c4f62f08c8adf90d23c15eaf
    Port:           42069/TCP (http)
    Host Port:      0/TCP (http)
    State:          Running
      Started:      Mon, 27 Apr 2026 07:32:21 +0200
    Ready:          True
    Restart Count:  0
    Limits:
      cpu:     1500m
      memory:  1536Mi
    Requests:
      cpu:      200m
      memory:   256Mi
    Liveness:   http-get http://:42069/healthz delay=60s timeout=1s period=30s #success=1 #failure=3
    Readiness:  http-get http://:42069/healthz/ready delay=5s timeout=1s period=10s #success=1 #failure=3
    Startup:    http-get http://:42069/healthz delay=0s timeout=1s period=5s #success=1 #failure=30
    Environment:
      ASPNETCORE_ENVIRONMENT:                   Production
      ASPNETCORE_URLS:                          http://+:42069
      DOTNET_USE_POLLING_FILE_WATCHER:          true
      Hermod__Security__AuthBypass:             true
      Hermod__Security__VaultRequireHttps:      false
      Hermod__Features__MetricsEndpoint:        true
      Hermod__Dev__Endpoints:                   true
      Hermod__Mqtt__Host:                       nanomq
      Hermod__Mqtt__Port:                       1883
      Hermod__Mqtt__UseTls:                     false
      Hermod__Mqtt__Tls__UseTls:                false
      Hermod__Mqtt__Username:                   <set to the key 'mqtt-username' in secret 'hermod-secrets'>  Optional: false
      Hermod__Mqtt__Password:                   <set to the key 'mqtt-password' in secret 'hermod-secrets'>  Optional: false
      Hermod__Database__ConnectionString:       Host=postgres;Port=5432;Database=hermod;Username=hermod_app
      Hermod__Database__Password:               <set to the key 'hermod-db-password' in secret 'hermod-db-credentials'>  Optional: false
      Hermod__Features__DeviceStateTracking:    true
      Hermod__Engine__LogBatchSize:             100
      Hermod__Engine__LogBatching:              true
      Hermod__Engine__Parallelism:              0
      Hermod__Features__MessagePersistence:     true
      Hermod__Features__RuleAuditLog:           true
      Hermod__Features__RuleCache:              true
      Hermod__Features__StatsRollup:            true
      Hermod__Storage__Mode:                    Postgres
      Logging__LogLevel__Hermod:                Information
      Logging__LogLevel__Microsoft.AspNetCore:  Warning
      HERMOD_UUID_TRACE_ENABLED:                true
    Mounts:
      /var/run/secrets/kubernetes.io/serviceaccount from kube-api-access-g2nzb (ro)
Conditions:
  Type                        Status
  PodReadyToStartContainers   True 
  Initialized                 True 
  Ready                       True 
  ContainersReady             True 
  PodScheduled                True 
Volumes:
  kube-api-access-g2nzb:
    Type:                    Projected (a volume that contains injected data from multiple sources)
    TokenExpirationSeconds:  3607
    ConfigMapName:           kube-root-ca.crt
    Optional:                false
    DownwardAPI:             true
QoS Class:                   Burstable
Node-Selectors:              <none>
Tolerations:                 node.kubernetes.io/not-ready:NoExecute op=Exists for 300s
                             node.kubernetes.io/unreachable:NoExecute op=Exists for 300s
Events:
  Type    Reason     Age   From               Message
  ----    ------     ----  ----               -------
  Normal  Scheduled  54s   default-scheduler  Successfully assigned coord-only/hermod-coordinator-7db5c97c54-jhh6m to <pi-host>
  Normal  Pulled     54s   kubelet            spec.initContainers{wait-for-postgres}: Container image "busybox:1.36" already present on machine
  Normal  Created    54s   kubelet            spec.initContainers{wait-for-postgres}: Created container: wait-for-postgres
  Normal  Started    54s   kubelet            spec.initContainers{wait-for-postgres}: Started container wait-for-postgres
  Normal  Pulled     53s   kubelet            spec.initContainers{wait-for-nanomq}: Container image "busybox:1.36" already present on machine
  Normal  Created    53s   kubelet            spec.initContainers{wait-for-nanomq}: Created container: wait-for-nanomq
  Normal  Started    53s   kubelet            spec.initContainers{wait-for-nanomq}: Started container wait-for-nanomq
  Normal  Pulled     52s   kubelet            spec.containers{hermod-coordinator}: Container image "hermod-coordinator:latest" already present on machine
  Normal  Created    52s   kubelet            spec.containers{hermod-coordinator}: Created container: hermod-coordinator
  Normal  Started    52s   kubelet            spec.containers{hermod-coordinator}: Started container hermod-coordinator


Name:             nanomq-d6c898bcc-hz5s5
Namespace:        coord-only
Priority:         0
Service Account:  default
Node:             <pi-host>/<pi-ip>
Start Time:       Mon, 27 Apr 2026 07:32:04 +0200
Labels:           app=nanomq
                  pod-template-hash=d6c898bcc
Annotations:      cni.projectcalico.org/containerID: c110998772d8193528fa9ba2064db6ced4a8343d711ad63f6cd647f9106c23e1
                  cni.projectcalico.org/podIP: <pod-ip>/32
                  cni.projectcalico.org/podIPs: <pod-ip>/32
                  kubectl.kubernetes.io/restartedAt: 2026-04-27T07:32:03+02:00
Status:           Running
IP:               <pod-ip>
IPs:
  IP:           <pod-ip>
Controlled By:  ReplicaSet/nanomq-d6c898bcc
Containers:
  nanomq:
    Container ID:   containerd://8ff41f1e718ab50a37a41bbfa7b9433cb02d1c566035821c9f17eccd2a391f9c
    Image:          emqx/nanomq:0.21-slim
    Image ID:       docker.io/emqx/nanomq@sha256:53bea7acb547aced1cc45e08c514628f1e41c4da9ad544fd8c5fa96d3e9eb41b
    Ports:          1883/TCP (mqtt), 8081/TCP (http)
    Host Ports:     0/TCP (mqtt), 0/TCP (http)
    State:          Running
      Started:      Mon, 27 Apr 2026 07:32:05 +0200
    Ready:          True
    Restart Count:  0
    Limits:
      cpu:     1
      memory:  512Mi
    Requests:
      cpu:        50m
      memory:     64Mi
    Liveness:     tcp-socket :1883 delay=10s timeout=1s period=10s #success=1 #failure=3
    Readiness:    tcp-socket :1883 delay=3s timeout=1s period=5s #success=1 #failure=3
    Environment:  <none>
    Mounts:
      /etc/nanomq.conf from config (rw,path="nanomq.conf")
      /var/run/secrets/kubernetes.io/serviceaccount from kube-api-access-shsrs (ro)
Conditions:
  Type                        Status
  PodReadyToStartContainers   True 
  Initialized                 True 
  Ready                       True 
  ContainersReady             True 
  PodScheduled                True 
Volumes:
  config:
    Type:      ConfigMap (a volume populated by a ConfigMap)
    Name:      nanomq-config
    Optional:  false
  kube-api-access-shsrs:
    Type:                    Projected (a volume that contains injected data from multiple sources)
    TokenExpirationSeconds:  3607
    ConfigMapName:           kube-root-ca.crt
    Optional:                false
    DownwardAPI:             true
QoS Class:                   Burstable
Node-Selectors:              <none>
Tolerations:                 node.kubernetes.io/not-ready:NoExecute op=Exists for 300s
                             node.kubernetes.io/unreachable:NoExecute op=Exists for 300s
Events:
  Type    Reason     Age   From               Message
  ----    ------     ----  ----               -------
  Normal  Scheduled  68s   default-scheduler  Successfully assigned coord-only/nanomq-d6c898bcc-hz5s5 to <pi-host>
  Normal  Pulled     68s   kubelet            spec.containers{nanomq}: Container image "emqx/nanomq:0.21-slim" already present on machine
  Normal  Created    68s   kubelet            spec.containers{nanomq}: Created container: nanomq
  Normal  Started    68s   kubelet            spec.containers{nanomq}: Started container nanomq


Name:             postgres-0
Namespace:        coord-only
Priority:         0
Service Account:  default
Node:             <pi-host>/<pi-ip>
Start Time:       Mon, 27 Apr 2026 04:16:57 +0200
Labels:           app=postgres
                  apps.kubernetes.io/pod-index=0
                  controller-revision-hash=postgres-6497897965
                  statefulset.kubernetes.io/pod-name=postgres-0
Annotations:      cni.projectcalico.org/containerID: 69fb4823b666d3d2a1395c00ab9b26a33337431372918fb41d9f85f42d91a056
                  cni.projectcalico.org/podIP: <pod-ip>/32
                  cni.projectcalico.org/podIPs: <pod-ip>/32
Status:           Running
IP:               <pod-ip>
IPs:
  IP:           <pod-ip>
Controlled By:  StatefulSet/postgres
Containers:
  postgres:
    Container ID:  containerd://adf8585ccc9b705cf0261f22f8e1c254a24670c72b998bb7a052f31e3a5ae5be
    Image:         postgres:17-alpine
    Image ID:      docker.io/library/postgres@sha256:778d0b486d6daa02b77434d0358ec57a1b21fd8b6d22ac2eef56a33e816928f6
    Port:          5432/TCP
    Host Port:     0/TCP
    Args:
      -c
      shared_buffers=256MB
      -c
      max_connections=200
      -c
      work_mem=16MB
    State:          Running
      Started:      Mon, 27 Apr 2026 04:16:58 +0200
    Ready:          True
    Restart Count:  0
    Limits:
      cpu:     1500m
      memory:  1536Mi
    Requests:
      cpu:      100m
      memory:   256Mi
    Liveness:   exec [pg_isready -U postgres] delay=30s timeout=1s period=10s #success=1 #failure=3
    Readiness:  exec [pg_isready -U postgres] delay=5s timeout=1s period=5s #success=1 #failure=3
    Environment:
      POSTGRES_DB:        postgres
      POSTGRES_USER:      postgres
      POSTGRES_PASSWORD:  <set to the key 'postgres-superuser-password' in secret 'hermod-secrets'>  Optional: false
    Mounts:
      /docker-entrypoint-initdb.d from init (rw)
      /var/lib/postgresql/data from data (rw)
      /var/run/secrets/kubernetes.io/serviceaccount from kube-api-access-79j56 (ro)
Conditions:
  Type                        Status
  PodReadyToStartContainers   True 
  Initialized                 True 
  Ready                       True 
  ContainersReady             True 
  PodScheduled                True 
Volumes:
  data:
    Type:       PersistentVolumeClaim (a reference to a PersistentVolumeClaim in the same namespace)
    ClaimName:  data-postgres-0
    ReadOnly:   false
  init:
    Type:      ConfigMap (a volume populated by a ConfigMap)
    Name:      postgres-init
    Optional:  false
  kube-api-access-79j56:
    Type:                    Projected (a volume that contains injected data from multiple sources)
    TokenExpirationSeconds:  3607
    ConfigMapName:           kube-root-ca.crt
    Optional:                false
    DownwardAPI:             true
QoS Class:                   Burstable
Node-Selectors:              <none>
Tolerations:                 node.kubernetes.io/not-ready:NoExecute op=Exists for 300s
                             node.kubernetes.io/unreachable:NoExecute op=Exists for 300s
Events:                      <none>

=== ts=1777268004 ===
Name:             hermod-coordinator-7db5c97c54-jhh6m
Namespace:        coord-only
Priority:         0
Service Account:  default
Node:             <pi-host>/<pi-ip>
Start Time:       Mon, 27 Apr 2026 07:32:18 +0200
Labels:           app=hermod-coordinator
                  pod-template-hash=7db5c97c54
Annotations:      cni.projectcalico.org/containerID: c6f618e8f3ce48e7428393b036bc4b20ccf62c6741d919f6c010314dfc414078
                  cni.projectcalico.org/podIP: <pod-ip>/32
                  cni.projectcalico.org/podIPs: <pod-ip>/32
                  kubectl.kubernetes.io/restartedAt: 2026-04-27T07:32:03+02:00
Status:           Running
IP:               <pod-ip>
IPs:
  IP:           <pod-ip>
Controlled By:  ReplicaSet/hermod-coordinator-7db5c97c54
Init Containers:
  wait-for-postgres:
    Container ID:  containerd://184204c5b0f650ad50097a2f3fd310e5b278cbcdfafc6c90b42d972a85c98b72
    Image:         busybox:1.36
    Image ID:      docker.io/library/busybox@sha256:73aaf090f3d85aa34ee199857f03fa3a95c8ede2ffd4cc2cdb5b94e566b11662
    Port:          <none>
    Host Port:     <none>
    Command:
      sh
      -c
      until nc -z postgres 5432; do sleep 2; done
    State:          Terminated
      Reason:       Completed
      Exit Code:    0
      Started:      Mon, 27 Apr 2026 07:32:19 +0200
      Finished:     Mon, 27 Apr 2026 07:32:19 +0200
    Ready:          True
    Restart Count:  0
    Environment:
      Hermod__Features__DeviceStateTracking:    true
      Hermod__Engine__LogBatchSize:             100
      Hermod__Engine__LogBatching:              true
      Hermod__Engine__Parallelism:              0
      Hermod__Features__MessagePersistence:     true
      Hermod__Features__RuleAuditLog:           true
      Hermod__Features__RuleCache:              true
      Hermod__Features__StatsRollup:            true
      Hermod__Storage__Mode:                    Postgres
      Logging__LogLevel__Hermod:                Information
      Logging__LogLevel__Microsoft.AspNetCore:  Warning
      HERMOD_UUID_TRACE_ENABLED:                true
    Mounts:
      /var/run/secrets/kubernetes.io/serviceaccount from kube-api-access-g2nzb (ro)
  wait-for-nanomq:
    Container ID:  containerd://0893944fc1f5b7dd76e5282d53fb2b42de5f95224d5e2ef45ecf7dd6f96fc268
    Image:         busybox:1.36
    Image ID:      docker.io/library/busybox@sha256:73aaf090f3d85aa34ee199857f03fa3a95c8ede2ffd4cc2cdb5b94e566b11662
    Port:          <none>
    Host Port:     <none>
    Command:
      sh
      -c
      until nc -z nanomq 1883; do sleep 2; done
    State:          Terminated
      Reason:       Completed
      Exit Code:    0
      Started:      Mon, 27 Apr 2026 07:32:20 +0200
      Finished:     Mon, 27 Apr 2026 07:32:20 +0200
    Ready:          True
    Restart Count:  0
    Environment:
      Hermod__Features__DeviceStateTracking:    true
      Hermod__Engine__LogBatchSize:             100
      Hermod__Engine__LogBatching:              true
      Hermod__Engine__Parallelism:              0
      Hermod__Features__MessagePersistence:     true
      Hermod__Features__RuleAuditLog:           true
      Hermod__Features__RuleCache:              true
      Hermod__Features__StatsRollup:            true
      Hermod__Storage__Mode:                    Postgres
      Logging__LogLevel__Hermod:                Information
      Logging__LogLevel__Microsoft.AspNetCore:  Warning
      HERMOD_UUID_TRACE_ENABLED:                true
    Mounts:
      /var/run/secrets/kubernetes.io/serviceaccount from kube-api-access-g2nzb (ro)
Containers:
  hermod-coordinator:
    Container ID:   containerd://61c0b775a752d0143334fe959f4c823df4ec1e0e92b7206a032d393697c5245e
    Image:          hermod-coordinator:latest
    Image ID:       sha256:ca91ccdfcd269dd5e4e25d5ffe8d863ca5db57e5c4f62f08c8adf90d23c15eaf
    Port:           42069/TCP (http)
    Host Port:      0/TCP (http)
    State:          Running
      Started:      Mon, 27 Apr 2026 07:32:21 +0200
    Ready:          True
    Restart Count:  0
    Limits:
      cpu:     1500m
      memory:  1536Mi
    Requests:
      cpu:      200m
      memory:   256Mi
    Liveness:   http-get http://:42069/healthz delay=60s timeout=1s period=30s #success=1 #failure=3
    Readiness:  http-get http://:42069/healthz/ready delay=5s timeout=1s period=10s #success=1 #failure=3
    Startup:    http-get http://:42069/healthz delay=0s timeout=1s period=5s #success=1 #failure=30
    Environment:
      ASPNETCORE_ENVIRONMENT:                   Production
      ASPNETCORE_URLS:                          http://+:42069
      DOTNET_USE_POLLING_FILE_WATCHER:          true
      Hermod__Security__AuthBypass:             true
      Hermod__Security__VaultRequireHttps:      false
      Hermod__Features__MetricsEndpoint:        true
      Hermod__Dev__Endpoints:                   true
      Hermod__Mqtt__Host:                       nanomq
      Hermod__Mqtt__Port:                       1883
      Hermod__Mqtt__UseTls:                     false
      Hermod__Mqtt__Tls__UseTls:                false
      Hermod__Mqtt__Username:                   <set to the key 'mqtt-username' in secret 'hermod-secrets'>  Optional: false
      Hermod__Mqtt__Password:                   <set to the key 'mqtt-password' in secret 'hermod-secrets'>  Optional: false
      Hermod__Database__ConnectionString:       Host=postgres;Port=5432;Database=hermod;Username=hermod_app
      Hermod__Database__Password:               <set to the key 'hermod-db-password' in secret 'hermod-db-credentials'>  Optional: false
      Hermod__Features__DeviceStateTracking:    true
      Hermod__Engine__LogBatchSize:             100
      Hermod__Engine__LogBatching:              true
      Hermod__Engine__Parallelism:              0
      Hermod__Features__MessagePersistence:     true
      Hermod__Features__RuleAuditLog:           true
      Hermod__Features__RuleCache:              true
      Hermod__Features__StatsRollup:            true
      Hermod__Storage__Mode:                    Postgres
      Logging__LogLevel__Hermod:                Information
      Logging__LogLevel__Microsoft.AspNetCore:  Warning
      HERMOD_UUID_TRACE_ENABLED:                true
    Mounts:
      /var/run/secrets/kubernetes.io/serviceaccount from kube-api-access-g2nzb (ro)
Conditions:
  Type                        Status
  PodReadyToStartContainers   True 
  Initialized                 True 
  Ready                       True 
  ContainersReady             True 
  PodScheduled                True 
Volumes:
  kube-api-access-g2nzb:
    Type:                    Projected (a volume that contains injected data from multiple sources)
    TokenExpirationSeconds:  3607
    ConfigMapName:           kube-root-ca.crt
    Optional:                false
    DownwardAPI:             true
QoS Class:                   Burstable
Node-Selectors:              <none>
Tolerations:                 node.kubernetes.io/not-ready:NoExecute op=Exists for 300s
                             node.kubernetes.io/unreachable:NoExecute op=Exists for 300s
Events:
  Type    Reason     Age   From               Message
  ----    ------     ----  ----               -------
  Normal  Scheduled  65s   default-scheduler  Successfully assigned coord-only/hermod-coordinator-7db5c97c54-jhh6m to <pi-host>
  Normal  Pulled     65s   kubelet            spec.initContainers{wait-for-postgres}: Container image "busybox:1.36" already present on machine
  Normal  Created    65s   kubelet            spec.initContainers{wait-for-postgres}: Created container: wait-for-postgres
  Normal  Started    65s   kubelet            spec.initContainers{wait-for-postgres}: Started container wait-for-postgres
  Normal  Pulled     64s   kubelet            spec.initContainers{wait-for-nanomq}: Container image "busybox:1.36" already present on machine
  Normal  Created    64s   kubelet            spec.initContainers{wait-for-nanomq}: Created container: wait-for-nanomq
  Normal  Started    64s   kubelet            spec.initContainers{wait-for-nanomq}: Started container wait-for-nanomq
  Normal  Pulled     63s   kubelet            spec.containers{hermod-coordinator}: Container image "hermod-coordinator:latest" already present on machine
  Normal  Created    63s   kubelet            spec.containers{hermod-coordinator}: Created container: hermod-coordinator
  Normal  Started    63s   kubelet            spec.containers{hermod-coordinator}: Started container hermod-coordinator


Name:             nanomq-d6c898bcc-hz5s5
Namespace:        coord-only
Priority:         0
Service Account:  default
Node:             <pi-host>/<pi-ip>
Start Time:       Mon, 27 Apr 2026 07:32:04 +0200
Labels:           app=nanomq
                  pod-template-hash=d6c898bcc
Annotations:      cni.projectcalico.org/containerID: c110998772d8193528fa9ba2064db6ced4a8343d711ad63f6cd647f9106c23e1
                  cni.projectcalico.org/podIP: <pod-ip>/32
                  cni.projectcalico.org/podIPs: <pod-ip>/32
                  kubectl.kubernetes.io/restartedAt: 2026-04-27T07:32:03+02:00
Status:           Running
IP:               <pod-ip>
IPs:
  IP:           <pod-ip>
Controlled By:  ReplicaSet/nanomq-d6c898bcc
Containers:
  nanomq:
    Container ID:   containerd://8ff41f1e718ab50a37a41bbfa7b9433cb02d1c566035821c9f17eccd2a391f9c
    Image:          emqx/nanomq:0.21-slim
    Image ID:       docker.io/emqx/nanomq@sha256:53bea7acb547aced1cc45e08c514628f1e41c4da9ad544fd8c5fa96d3e9eb41b
    Ports:          1883/TCP (mqtt), 8081/TCP (http)
    Host Ports:     0/TCP (mqtt), 0/TCP (http)
    State:          Running
      Started:      Mon, 27 Apr 2026 07:32:05 +0200
    Ready:          True
    Restart Count:  0
    Limits:
      cpu:     1
      memory:  512Mi
    Requests:
      cpu:        50m
      memory:     64Mi
    Liveness:     tcp-socket :1883 delay=10s timeout=1s period=10s #success=1 #failure=3
    Readiness:    tcp-socket :1883 delay=3s timeout=1s period=5s #success=1 #failure=3
    Environment:  <none>
    Mounts:
      /etc/nanomq.conf from config (rw,path="nanomq.conf")
      /var/run/secrets/kubernetes.io/serviceaccount from kube-api-access-shsrs (ro)
Conditions:
  Type                        Status
  PodReadyToStartContainers   True 
  Initialized                 True 
  Ready                       True 
  ContainersReady             True 
  PodScheduled                True 
Volumes:
  config:
    Type:      ConfigMap (a volume populated by a ConfigMap)
    Name:      nanomq-config
    Optional:  false
  kube-api-access-shsrs:
    Type:                    Projected (a volume that contains injected data from multiple sources)
    TokenExpirationSeconds:  3607
    ConfigMapName:           kube-root-ca.crt
    Optional:                false
    DownwardAPI:             true
QoS Class:                   Burstable
Node-Selectors:              <none>
Tolerations:                 node.kubernetes.io/not-ready:NoExecute op=Exists for 300s
                             node.kubernetes.io/unreachable:NoExecute op=Exists for 300s
Events:
  Type    Reason     Age   From               Message
  ----    ------     ----  ----               -------
  Normal  Scheduled  79s   default-scheduler  Successfully assigned coord-only/nanomq-d6c898bcc-hz5s5 to <pi-host>
  Normal  Pulled     79s   kubelet            spec.containers{nanomq}: Container image "emqx/nanomq:0.21-slim" already present on machine
  Normal  Created    79s   kubelet            spec.containers{nanomq}: Created container: nanomq
  Normal  Started    79s   kubelet            spec.containers{nanomq}: Started container nanomq


Name:             postgres-0
Namespace:        coord-only
Priority:         0
Service Account:  default
Node:             <pi-host>/<pi-ip>
Start Time:       Mon, 27 Apr 2026 04:16:57 +0200
Labels:           app=postgres
                  apps.kubernetes.io/pod-index=0
                  controller-revision-hash=postgres-6497897965
                  statefulset.kubernetes.io/pod-name=postgres-0
Annotations:      cni.projectcalico.org/containerID: 69fb4823b666d3d2a1395c00ab9b26a33337431372918fb41d9f85f42d91a056
                  cni.projectcalico.org/podIP: <pod-ip>/32
                  cni.projectcalico.org/podIPs: <pod-ip>/32
Status:           Running
IP:               <pod-ip>
IPs:
  IP:           <pod-ip>
Controlled By:  StatefulSet/postgres
Containers:
  postgres:
    Container ID:  containerd://adf8585ccc9b705cf0261f22f8e1c254a24670c72b998bb7a052f31e3a5ae5be
    Image:         postgres:17-alpine
    Image ID:      docker.io/library/postgres@sha256:778d0b486d6daa02b77434d0358ec57a1b21fd8b6d22ac2eef56a33e816928f6
    Port:          5432/TCP
    Host Port:     0/TCP
    Args:
      -c
      shared_buffers=256MB
      -c
      max_connections=200
      -c
      work_mem=16MB
    State:          Running
      Started:      Mon, 27 Apr 2026 04:16:58 +0200
    Ready:          True
    Restart Count:  0
    Limits:
      cpu:     1500m
      memory:  1536Mi
    Requests:
      cpu:      100m
      memory:   256Mi
    Liveness:   exec [pg_isready -U postgres] delay=30s timeout=1s period=10s #success=1 #failure=3
    Readiness:  exec [pg_isready -U postgres] delay=5s timeout=1s period=5s #success=1 #failure=3
    Environment:
      POSTGRES_DB:        postgres
      POSTGRES_USER:      postgres
      POSTGRES_PASSWORD:  <set to the key 'postgres-superuser-password' in secret 'hermod-secrets'>  Optional: false
    Mounts:
      /docker-entrypoint-initdb.d from init (rw)
      /var/lib/postgresql/data from data (rw)
      /var/run/secrets/kubernetes.io/serviceaccount from kube-api-access-79j56 (ro)
Conditions:
  Type                        Status
  PodReadyToStartContainers   True 
  Initialized                 True 
  Ready                       True 
  ContainersReady             True 
  PodScheduled                True 
Volumes:
  data:
    Type:       PersistentVolumeClaim (a reference to a PersistentVolumeClaim in the same namespace)
    ClaimName:  data-postgres-0
    ReadOnly:   false
  init:
    Type:      ConfigMap (a volume populated by a ConfigMap)
    Name:      postgres-init
    Optional:  false
  kube-api-access-79j56:
    Type:                    Projected (a volume that contains injected data from multiple sources)
    TokenExpirationSeconds:  3607
    ConfigMapName:           kube-root-ca.crt
    Optional:                false
    DownwardAPI:             true
QoS Class:                   Burstable
Node-Selectors:              <none>
Tolerations:                 node.kubernetes.io/not-ready:NoExecute op=Exists for 300s
                             node.kubernetes.io/unreachable:NoExecute op=Exists for 300s
Events:                      <none>

=== ts=1777268015 ===
Name:             hermod-coordinator-7db5c97c54-jhh6m
Namespace:        coord-only
Priority:         0
Service Account:  default
Node:             <pi-host>/<pi-ip>
Start Time:       Mon, 27 Apr 2026 07:32:18 +0200
Labels:           app=hermod-coordinator
                  pod-template-hash=7db5c97c54
Annotations:      cni.projectcalico.org/containerID: c6f618e8f3ce48e7428393b036bc4b20ccf62c6741d919f6c010314dfc414078
                  cni.projectcalico.org/podIP: <pod-ip>/32
                  cni.projectcalico.org/podIPs: <pod-ip>/32
                  kubectl.kubernetes.io/restartedAt: 2026-04-27T07:32:03+02:00
Status:           Running
IP:               <pod-ip>
IPs:
  IP:           <pod-ip>
Controlled By:  ReplicaSet/hermod-coordinator-7db5c97c54
Init Containers:
  wait-for-postgres:
    Container ID:  containerd://184204c5b0f650ad50097a2f3fd310e5b278cbcdfafc6c90b42d972a85c98b72
    Image:         busybox:1.36
    Image ID:      docker.io/library/busybox@sha256:73aaf090f3d85aa34ee199857f03fa3a95c8ede2ffd4cc2cdb5b94e566b11662
    Port:          <none>
    Host Port:     <none>
    Command:
      sh
      -c
      until nc -z postgres 5432; do sleep 2; done
    State:          Terminated
      Reason:       Completed
      Exit Code:    0
      Started:      Mon, 27 Apr 2026 07:32:19 +0200
      Finished:     Mon, 27 Apr 2026 07:32:19 +0200
    Ready:          True
    Restart Count:  0
    Environment:
      Hermod__Features__DeviceStateTracking:    true
      Hermod__Engine__LogBatchSize:             100
      Hermod__Engine__LogBatching:              true
      Hermod__Engine__Parallelism:              0
      Hermod__Features__MessagePersistence:     true
      Hermod__Features__RuleAuditLog:           true
      Hermod__Features__RuleCache:              true
      Hermod__Features__StatsRollup:            true
      Hermod__Storage__Mode:                    Postgres
      Logging__LogLevel__Hermod:                Information
      Logging__LogLevel__Microsoft.AspNetCore:  Warning
      HERMOD_UUID_TRACE_ENABLED:                true
    Mounts:
      /var/run/secrets/kubernetes.io/serviceaccount from kube-api-access-g2nzb (ro)
  wait-for-nanomq:
    Container ID:  containerd://0893944fc1f5b7dd76e5282d53fb2b42de5f95224d5e2ef45ecf7dd6f96fc268
    Image:         busybox:1.36
    Image ID:      docker.io/library/busybox@sha256:73aaf090f3d85aa34ee199857f03fa3a95c8ede2ffd4cc2cdb5b94e566b11662
    Port:          <none>
    Host Port:     <none>
    Command:
      sh
      -c
      until nc -z nanomq 1883; do sleep 2; done
    State:          Terminated
      Reason:       Completed
      Exit Code:    0
      Started:      Mon, 27 Apr 2026 07:32:20 +0200
      Finished:     Mon, 27 Apr 2026 07:32:20 +0200
    Ready:          True
    Restart Count:  0
    Environment:
      Hermod__Features__DeviceStateTracking:    true
      Hermod__Engine__LogBatchSize:             100
      Hermod__Engine__LogBatching:              true
      Hermod__Engine__Parallelism:              0
      Hermod__Features__MessagePersistence:     true
      Hermod__Features__RuleAuditLog:           true
      Hermod__Features__RuleCache:              true
      Hermod__Features__StatsRollup:            true
      Hermod__Storage__Mode:                    Postgres
      Logging__LogLevel__Hermod:                Information
      Logging__LogLevel__Microsoft.AspNetCore:  Warning
      HERMOD_UUID_TRACE_ENABLED:                true
    Mounts:
      /var/run/secrets/kubernetes.io/serviceaccount from kube-api-access-g2nzb (ro)
Containers:
  hermod-coordinator:
    Container ID:   containerd://61c0b775a752d0143334fe959f4c823df4ec1e0e92b7206a032d393697c5245e
    Image:          hermod-coordinator:latest
    Image ID:       sha256:ca91ccdfcd269dd5e4e25d5ffe8d863ca5db57e5c4f62f08c8adf90d23c15eaf
    Port:           42069/TCP (http)
    Host Port:      0/TCP (http)
    State:          Running
      Started:      Mon, 27 Apr 2026 07:32:21 +0200
    Ready:          True
    Restart Count:  0
    Limits:
      cpu:     1500m
      memory:  1536Mi
    Requests:
      cpu:      200m
      memory:   256Mi
    Liveness:   http-get http://:42069/healthz delay=60s timeout=1s period=30s #success=1 #failure=3
    Readiness:  http-get http://:42069/healthz/ready delay=5s timeout=1s period=10s #success=1 #failure=3
    Startup:    http-get http://:42069/healthz delay=0s timeout=1s period=5s #success=1 #failure=30
    Environment:
      ASPNETCORE_ENVIRONMENT:                   Production
      ASPNETCORE_URLS:                          http://+:42069
      DOTNET_USE_POLLING_FILE_WATCHER:          true
      Hermod__Security__AuthBypass:             true
      Hermod__Security__VaultRequireHttps:      false
      Hermod__Features__MetricsEndpoint:        true
      Hermod__Dev__Endpoints:                   true
      Hermod__Mqtt__Host:                       nanomq
      Hermod__Mqtt__Port:                       1883
      Hermod__Mqtt__UseTls:                     false
      Hermod__Mqtt__Tls__UseTls:                false
      Hermod__Mqtt__Username:                   <set to the key 'mqtt-username' in secret 'hermod-secrets'>  Optional: false
      Hermod__Mqtt__Password:                   <set to the key 'mqtt-password' in secret 'hermod-secrets'>  Optional: false
      Hermod__Database__ConnectionString:       Host=postgres;Port=5432;Database=hermod;Username=hermod_app
      Hermod__Database__Password:               <set to the key 'hermod-db-password' in secret 'hermod-db-credentials'>  Optional: false
      Hermod__Features__DeviceStateTracking:    true
      Hermod__Engine__LogBatchSize:             100
      Hermod__Engine__LogBatching:              true
      Hermod__Engine__Parallelism:              0
      Hermod__Features__MessagePersistence:     true
      Hermod__Features__RuleAuditLog:           true
      Hermod__Features__RuleCache:              true
      Hermod__Features__StatsRollup:            true
      Hermod__Storage__Mode:                    Postgres
      Logging__LogLevel__Hermod:                Information
      Logging__LogLevel__Microsoft.AspNetCore:  Warning
      HERMOD_UUID_TRACE_ENABLED:                true
    Mounts:
      /var/run/secrets/kubernetes.io/serviceaccount from kube-api-access-g2nzb (ro)
Conditions:
  Type                        Status
  PodReadyToStartContainers   True 
  Initialized                 True 
  Ready                       True 
  ContainersReady             True 
  PodScheduled                True 
Volumes:
  kube-api-access-g2nzb:
    Type:                    Projected (a volume that contains injected data from multiple sources)
    TokenExpirationSeconds:  3607
    ConfigMapName:           kube-root-ca.crt
    Optional:                false
    DownwardAPI:             true
QoS Class:                   Burstable
Node-Selectors:              <none>
Tolerations:                 node.kubernetes.io/not-ready:NoExecute op=Exists for 300s
                             node.kubernetes.io/unreachable:NoExecute op=Exists for 300s
Events:
  Type    Reason     Age   From               Message
  ----    ------     ----  ----               -------
  Normal  Scheduled  76s   default-scheduler  Successfully assigned coord-only/hermod-coordinator-7db5c97c54-jhh6m to <pi-host>
  Normal  Pulled     76s   kubelet            spec.initContainers{wait-for-postgres}: Container image "busybox:1.36" already present on machine
  Normal  Created    76s   kubelet            spec.initContainers{wait-for-postgres}: Created container: wait-for-postgres
  Normal  Started    76s   kubelet            spec.initContainers{wait-for-postgres}: Started container wait-for-postgres
  Normal  Pulled     75s   kubelet            spec.initContainers{wait-for-nanomq}: Container image "busybox:1.36" already present on machine
  Normal  Created    75s   kubelet            spec.initContainers{wait-for-nanomq}: Created container: wait-for-nanomq
  Normal  Started    75s   kubelet            spec.initContainers{wait-for-nanomq}: Started container wait-for-nanomq
  Normal  Pulled     74s   kubelet            spec.containers{hermod-coordinator}: Container image "hermod-coordinator:latest" already present on machine
  Normal  Created    74s   kubelet            spec.containers{hermod-coordinator}: Created container: hermod-coordinator
  Normal  Started    74s   kubelet            spec.containers{hermod-coordinator}: Started container hermod-coordinator


Name:             nanomq-d6c898bcc-hz5s5
Namespace:        coord-only
Priority:         0
Service Account:  default
Node:             <pi-host>/<pi-ip>
Start Time:       Mon, 27 Apr 2026 07:32:04 +0200
Labels:           app=nanomq
                  pod-template-hash=d6c898bcc
Annotations:      cni.projectcalico.org/containerID: c110998772d8193528fa9ba2064db6ced4a8343d711ad63f6cd647f9106c23e1
                  cni.projectcalico.org/podIP: <pod-ip>/32
                  cni.projectcalico.org/podIPs: <pod-ip>/32
                  kubectl.kubernetes.io/restartedAt: 2026-04-27T07:32:03+02:00
Status:           Running
IP:               <pod-ip>
IPs:
  IP:           <pod-ip>
Controlled By:  ReplicaSet/nanomq-d6c898bcc
Containers:
  nanomq:
    Container ID:   containerd://8ff41f1e718ab50a37a41bbfa7b9433cb02d1c566035821c9f17eccd2a391f9c
    Image:          emqx/nanomq:0.21-slim
    Image ID:       docker.io/emqx/nanomq@sha256:53bea7acb547aced1cc45e08c514628f1e41c4da9ad544fd8c5fa96d3e9eb41b
    Ports:          1883/TCP (mqtt), 8081/TCP (http)
    Host Ports:     0/TCP (mqtt), 0/TCP (http)
    State:          Running
      Started:      Mon, 27 Apr 2026 07:32:05 +0200
    Ready:          True
    Restart Count:  0
    Limits:
      cpu:     1
      memory:  512Mi
    Requests:
      cpu:        50m
      memory:     64Mi
    Liveness:     tcp-socket :1883 delay=10s timeout=1s period=10s #success=1 #failure=3
    Readiness:    tcp-socket :1883 delay=3s timeout=1s period=5s #success=1 #failure=3
    Environment:  <none>
    Mounts:
      /etc/nanomq.conf from config (rw,path="nanomq.conf")
      /var/run/secrets/kubernetes.io/serviceaccount from kube-api-access-shsrs (ro)
Conditions:
  Type                        Status
  PodReadyToStartContainers   True 
  Initialized                 True 
  Ready                       True 
  ContainersReady             True 
  PodScheduled                True 
Volumes:
  config:
    Type:      ConfigMap (a volume populated by a ConfigMap)
    Name:      nanomq-config
    Optional:  false
  kube-api-access-shsrs:
    Type:                    Projected (a volume that contains injected data from multiple sources)
    TokenExpirationSeconds:  3607
    ConfigMapName:           kube-root-ca.crt
    Optional:                false
    DownwardAPI:             true
QoS Class:                   Burstable
Node-Selectors:              <none>
Tolerations:                 node.kubernetes.io/not-ready:NoExecute op=Exists for 300s
                             node.kubernetes.io/unreachable:NoExecute op=Exists for 300s
Events:
  Type    Reason     Age   From               Message
  ----    ------     ----  ----               -------
  Normal  Scheduled  90s   default-scheduler  Successfully assigned coord-only/nanomq-d6c898bcc-hz5s5 to <pi-host>
  Normal  Pulled     90s   kubelet            spec.containers{nanomq}: Container image "emqx/nanomq:0.21-slim" already present on machine
  Normal  Created    90s   kubelet            spec.containers{nanomq}: Created container: nanomq
  Normal  Started    90s   kubelet            spec.containers{nanomq}: Started container nanomq


Name:             postgres-0
Namespace:        coord-only
Priority:         0
Service Account:  default
Node:             <pi-host>/<pi-ip>
Start Time:       Mon, 27 Apr 2026 04:16:57 +0200
Labels:           app=postgres
                  apps.kubernetes.io/pod-index=0
                  controller-revision-hash=postgres-6497897965
                  statefulset.kubernetes.io/pod-name=postgres-0
Annotations:      cni.projectcalico.org/containerID: 69fb4823b666d3d2a1395c00ab9b26a33337431372918fb41d9f85f42d91a056
                  cni.projectcalico.org/podIP: <pod-ip>/32
                  cni.projectcalico.org/podIPs: <pod-ip>/32
Status:           Running
IP:               <pod-ip>
IPs:
  IP:           <pod-ip>
Controlled By:  StatefulSet/postgres
Containers:
  postgres:
    Container ID:  containerd://adf8585ccc9b705cf0261f22f8e1c254a24670c72b998bb7a052f31e3a5ae5be
    Image:         postgres:17-alpine
    Image ID:      docker.io/library/postgres@sha256:778d0b486d6daa02b77434d0358ec57a1b21fd8b6d22ac2eef56a33e816928f6
    Port:          5432/TCP
    Host Port:     0/TCP
    Args:
      -c
      shared_buffers=256MB
      -c
      max_connections=200
      -c
      work_mem=16MB
    State:          Running
      Started:      Mon, 27 Apr 2026 04:16:58 +0200
    Ready:          True
    Restart Count:  0
    Limits:
      cpu:     1500m
      memory:  1536Mi
    Requests:
      cpu:      100m
      memory:   256Mi
    Liveness:   exec [pg_isready -U postgres] delay=30s timeout=1s period=10s #success=1 #failure=3
    Readiness:  exec [pg_isready -U postgres] delay=5s timeout=1s period=5s #success=1 #failure=3
    Environment:
      POSTGRES_DB:        postgres
      POSTGRES_USER:      postgres
      POSTGRES_PASSWORD:  <set to the key 'postgres-superuser-password' in secret 'hermod-secrets'>  Optional: false
    Mounts:
      /docker-entrypoint-initdb.d from init (rw)
      /var/lib/postgresql/data from data (rw)
      /var/run/secrets/kubernetes.io/serviceaccount from kube-api-access-79j56 (ro)
Conditions:
  Type                        Status
  PodReadyToStartContainers   True 
  Initialized                 True 
  Ready                       True 
  ContainersReady             True 
  PodScheduled                True 
Volumes:
  data:
    Type:       PersistentVolumeClaim (a reference to a PersistentVolumeClaim in the same namespace)
    ClaimName:  data-postgres-0
    ReadOnly:   false
  init:
    Type:      ConfigMap (a volume populated by a ConfigMap)
    Name:      postgres-init
    Optional:  false
  kube-api-access-79j56:
    Type:                    Projected (a volume that contains injected data from multiple sources)
    TokenExpirationSeconds:  3607
    ConfigMapName:           kube-root-ca.crt
    Optional:                false
    DownwardAPI:             true
QoS Class:                   Burstable
Node-Selectors:              <none>
Tolerations:                 node.kubernetes.io/not-ready:NoExecute op=Exists for 300s
                             node.kubernetes.io/unreachable:NoExecute op=Exists for 300s
Events:                      <none>

=== ts=1777268026 ===
Name:             hermod-coordinator-7db5c97c54-jhh6m
Namespace:        coord-only
Priority:         0
Service Account:  default
Node:             <pi-host>/<pi-ip>
Start Time:       Mon, 27 Apr 2026 07:32:18 +0200
Labels:           app=hermod-coordinator
                  pod-template-hash=7db5c97c54
Annotations:      cni.projectcalico.org/containerID: c6f618e8f3ce48e7428393b036bc4b20ccf62c6741d919f6c010314dfc414078
                  cni.projectcalico.org/podIP: <pod-ip>/32
                  cni.projectcalico.org/podIPs: <pod-ip>/32
                  kubectl.kubernetes.io/restartedAt: 2026-04-27T07:32:03+02:00
Status:           Running
IP:               <pod-ip>
IPs:
  IP:           <pod-ip>
Controlled By:  ReplicaSet/hermod-coordinator-7db5c97c54
Init Containers:
  wait-for-postgres:
    Container ID:  containerd://184204c5b0f650ad50097a2f3fd310e5b278cbcdfafc6c90b42d972a85c98b72
    Image:         busybox:1.36
    Image ID:      docker.io/library/busybox@sha256:73aaf090f3d85aa34ee199857f03fa3a95c8ede2ffd4cc2cdb5b94e566b11662
    Port:          <none>
    Host Port:     <none>
    Command:
      sh
      -c
      until nc -z postgres 5432; do sleep 2; done
    State:          Terminated
      Reason:       Completed
      Exit Code:    0
      Started:      Mon, 27 Apr 2026 07:32:19 +0200
      Finished:     Mon, 27 Apr 2026 07:32:19 +0200
    Ready:          True
    Restart Count:  0
    Environment:
      Hermod__Features__DeviceStateTracking:    true
      Hermod__Engine__LogBatchSize:             100
      Hermod__Engine__LogBatching:              true
      Hermod__Engine__Parallelism:              0
      Hermod__Features__MessagePersistence:     true
      Hermod__Features__RuleAuditLog:           true
      Hermod__Features__RuleCache:              true
      Hermod__Features__StatsRollup:            true
      Hermod__Storage__Mode:                    Postgres
      Logging__LogLevel__Hermod:                Information
      Logging__LogLevel__Microsoft.AspNetCore:  Warning
      HERMOD_UUID_TRACE_ENABLED:                true
    Mounts:
      /var/run/secrets/kubernetes.io/serviceaccount from kube-api-access-g2nzb (ro)
  wait-for-nanomq:
    Container ID:  containerd://0893944fc1f5b7dd76e5282d53fb2b42de5f95224d5e2ef45ecf7dd6f96fc268
    Image:         busybox:1.36
    Image ID:      docker.io/library/busybox@sha256:73aaf090f3d85aa34ee199857f03fa3a95c8ede2ffd4cc2cdb5b94e566b11662
    Port:          <none>
    Host Port:     <none>
    Command:
      sh
      -c
      until nc -z nanomq 1883; do sleep 2; done
    State:          Terminated
      Reason:       Completed
      Exit Code:    0
      Started:      Mon, 27 Apr 2026 07:32:20 +0200
      Finished:     Mon, 27 Apr 2026 07:32:20 +0200
    Ready:          True
    Restart Count:  0
    Environment:
      Hermod__Features__DeviceStateTracking:    true
      Hermod__Engine__LogBatchSize:             100
      Hermod__Engine__LogBatching:              true
      Hermod__Engine__Parallelism:              0
      Hermod__Features__MessagePersistence:     true
      Hermod__Features__RuleAuditLog:           true
      Hermod__Features__RuleCache:              true
      Hermod__Features__StatsRollup:            true
      Hermod__Storage__Mode:                    Postgres
      Logging__LogLevel__Hermod:                Information
      Logging__LogLevel__Microsoft.AspNetCore:  Warning
      HERMOD_UUID_TRACE_ENABLED:                true
    Mounts:
      /var/run/secrets/kubernetes.io/serviceaccount from kube-api-access-g2nzb (ro)
Containers:
  hermod-coordinator:
    Container ID:   containerd://61c0b775a752d0143334fe959f4c823df4ec1e0e92b7206a032d393697c5245e
    Image:          hermod-coordinator:latest
    Image ID:       sha256:ca91ccdfcd269dd5e4e25d5ffe8d863ca5db57e5c4f62f08c8adf90d23c15eaf
    Port:           42069/TCP (http)
    Host Port:      0/TCP (http)
    State:          Running
      Started:      Mon, 27 Apr 2026 07:32:21 +0200
    Ready:          True
    Restart Count:  0
    Limits:
      cpu:     1500m
      memory:  1536Mi
    Requests:
      cpu:      200m
      memory:   256Mi
    Liveness:   http-get http://:42069/healthz delay=60s timeout=1s period=30s #success=1 #failure=3
    Readiness:  http-get http://:42069/healthz/ready delay=5s timeout=1s period=10s #success=1 #failure=3
    Startup:    http-get http://:42069/healthz delay=0s timeout=1s period=5s #success=1 #failure=30
    Environment:
      ASPNETCORE_ENVIRONMENT:                   Production
      ASPNETCORE_URLS:                          http://+:42069
      DOTNET_USE_POLLING_FILE_WATCHER:          true
      Hermod__Security__AuthBypass:             true
      Hermod__Security__VaultRequireHttps:      false
      Hermod__Features__MetricsEndpoint:        true
      Hermod__Dev__Endpoints:                   true
      Hermod__Mqtt__Host:                       nanomq
      Hermod__Mqtt__Port:                       1883
      Hermod__Mqtt__UseTls:                     false
      Hermod__Mqtt__Tls__UseTls:                false
      Hermod__Mqtt__Username:                   <set to the key 'mqtt-username' in secret 'hermod-secrets'>  Optional: false
      Hermod__Mqtt__Password:                   <set to the key 'mqtt-password' in secret 'hermod-secrets'>  Optional: false
      Hermod__Database__ConnectionString:       Host=postgres;Port=5432;Database=hermod;Username=hermod_app
      Hermod__Database__Password:               <set to the key 'hermod-db-password' in secret 'hermod-db-credentials'>  Optional: false
      Hermod__Features__DeviceStateTracking:    true
      Hermod__Engine__LogBatchSize:             100
      Hermod__Engine__LogBatching:              true
      Hermod__Engine__Parallelism:              0
      Hermod__Features__MessagePersistence:     true
      Hermod__Features__RuleAuditLog:           true
      Hermod__Features__RuleCache:              true
      Hermod__Features__StatsRollup:            true
      Hermod__Storage__Mode:                    Postgres
      Logging__LogLevel__Hermod:                Information
      Logging__LogLevel__Microsoft.AspNetCore:  Warning
      HERMOD_UUID_TRACE_ENABLED:                true
    Mounts:
      /var/run/secrets/kubernetes.io/serviceaccount from kube-api-access-g2nzb (ro)
Conditions:
  Type                        Status
  PodReadyToStartContainers   True 
  Initialized                 True 
  Ready                       True 
  ContainersReady             True 
  PodScheduled                True 
Volumes:
  kube-api-access-g2nzb:
    Type:                    Projected (a volume that contains injected data from multiple sources)
    TokenExpirationSeconds:  3607
    ConfigMapName:           kube-root-ca.crt
    Optional:                false
    DownwardAPI:             true
QoS Class:                   Burstable
Node-Selectors:              <none>
Tolerations:                 node.kubernetes.io/not-ready:NoExecute op=Exists for 300s
                             node.kubernetes.io/unreachable:NoExecute op=Exists for 300s
Events:
  Type    Reason     Age   From               Message
  ----    ------     ----  ----               -------
  Normal  Scheduled  87s   default-scheduler  Successfully assigned coord-only/hermod-coordinator-7db5c97c54-jhh6m to <pi-host>
  Normal  Pulled     87s   kubelet            spec.initContainers{wait-for-postgres}: Container image "busybox:1.36" already present on machine
  Normal  Created    87s   kubelet            spec.initContainers{wait-for-postgres}: Created container: wait-for-postgres
  Normal  Started    87s   kubelet            spec.initContainers{wait-for-postgres}: Started container wait-for-postgres
  Normal  Pulled     86s   kubelet            spec.initContainers{wait-for-nanomq}: Container image "busybox:1.36" already present on machine
  Normal  Created    86s   kubelet            spec.initContainers{wait-for-nanomq}: Created container: wait-for-nanomq
  Normal  Started    86s   kubelet            spec.initContainers{wait-for-nanomq}: Started container wait-for-nanomq
  Normal  Pulled     85s   kubelet            spec.containers{hermod-coordinator}: Container image "hermod-coordinator:latest" already present on machine
  Normal  Created    85s   kubelet            spec.containers{hermod-coordinator}: Created container: hermod-coordinator
  Normal  Started    85s   kubelet            spec.containers{hermod-coordinator}: Started container hermod-coordinator


Name:             nanomq-d6c898bcc-hz5s5
Namespace:        coord-only
Priority:         0
Service Account:  default
Node:             <pi-host>/<pi-ip>
Start Time:       Mon, 27 Apr 2026 07:32:04 +0200
Labels:           app=nanomq
                  pod-template-hash=d6c898bcc
Annotations:      cni.projectcalico.org/containerID: c110998772d8193528fa9ba2064db6ced4a8343d711ad63f6cd647f9106c23e1
                  cni.projectcalico.org/podIP: <pod-ip>/32
                  cni.projectcalico.org/podIPs: <pod-ip>/32
                  kubectl.kubernetes.io/restartedAt: 2026-04-27T07:32:03+02:00
Status:           Running
IP:               <pod-ip>
IPs:
  IP:           <pod-ip>
Controlled By:  ReplicaSet/nanomq-d6c898bcc
Containers:
  nanomq:
    Container ID:   containerd://8ff41f1e718ab50a37a41bbfa7b9433cb02d1c566035821c9f17eccd2a391f9c
    Image:          emqx/nanomq:0.21-slim
    Image ID:       docker.io/emqx/nanomq@sha256:53bea7acb547aced1cc45e08c514628f1e41c4da9ad544fd8c5fa96d3e9eb41b
    Ports:          1883/TCP (mqtt), 8081/TCP (http)
    Host Ports:     0/TCP (mqtt), 0/TCP (http)
    State:          Running
      Started:      Mon, 27 Apr 2026 07:32:05 +0200
    Ready:          True
    Restart Count:  0
    Limits:
      cpu:     1
      memory:  512Mi
    Requests:
      cpu:        50m
      memory:     64Mi
    Liveness:     tcp-socket :1883 delay=10s timeout=1s period=10s #success=1 #failure=3
    Readiness:    tcp-socket :1883 delay=3s timeout=1s period=5s #success=1 #failure=3
    Environment:  <none>
    Mounts:
      /etc/nanomq.conf from config (rw,path="nanomq.conf")
      /var/run/secrets/kubernetes.io/serviceaccount from kube-api-access-shsrs (ro)
Conditions:
  Type                        Status
  PodReadyToStartContainers   True 
  Initialized                 True 
  Ready                       True 
  ContainersReady             True 
  PodScheduled                True 
Volumes:
  config:
    Type:      ConfigMap (a volume populated by a ConfigMap)
    Name:      nanomq-config
    Optional:  false
  kube-api-access-shsrs:
    Type:                    Projected (a volume that contains injected data from multiple sources)
    TokenExpirationSeconds:  3607
    ConfigMapName:           kube-root-ca.crt
    Optional:                false
    DownwardAPI:             true
QoS Class:                   Burstable
Node-Selectors:              <none>
Tolerations:                 node.kubernetes.io/not-ready:NoExecute op=Exists for 300s
                             node.kubernetes.io/unreachable:NoExecute op=Exists for 300s
Events:
  Type    Reason     Age   From               Message
  ----    ------     ----  ----               -------
  Normal  Scheduled  102s  default-scheduler  Successfully assigned coord-only/nanomq-d6c898bcc-hz5s5 to <pi-host>
  Normal  Pulled     101s  kubelet            spec.containers{nanomq}: Container image "emqx/nanomq:0.21-slim" already present on machine
  Normal  Created    101s  kubelet            spec.containers{nanomq}: Created container: nanomq
  Normal  Started    101s  kubelet            spec.containers{nanomq}: Started container nanomq


Name:             postgres-0
Namespace:        coord-only
Priority:         0
Service Account:  default
Node:             <pi-host>/<pi-ip>
Start Time:       Mon, 27 Apr 2026 04:16:57 +0200
Labels:           app=postgres
                  apps.kubernetes.io/pod-index=0
                  controller-revision-hash=postgres-6497897965
                  statefulset.kubernetes.io/pod-name=postgres-0
Annotations:      cni.projectcalico.org/containerID: 69fb4823b666d3d2a1395c00ab9b26a33337431372918fb41d9f85f42d91a056
                  cni.projectcalico.org/podIP: <pod-ip>/32
                  cni.projectcalico.org/podIPs: <pod-ip>/32
Status:           Running
IP:               <pod-ip>
IPs:
  IP:           <pod-ip>
Controlled By:  StatefulSet/postgres
Containers:
  postgres:
    Container ID:  containerd://adf8585ccc9b705cf0261f22f8e1c254a24670c72b998bb7a052f31e3a5ae5be
    Image:         postgres:17-alpine
    Image ID:      docker.io/library/postgres@sha256:778d0b486d6daa02b77434d0358ec57a1b21fd8b6d22ac2eef56a33e816928f6
    Port:          5432/TCP
    Host Port:     0/TCP
    Args:
      -c
      shared_buffers=256MB
      -c
      max_connections=200
      -c
      work_mem=16MB
    State:          Running
      Started:      Mon, 27 Apr 2026 04:16:58 +0200
    Ready:          True
    Restart Count:  0
    Limits:
      cpu:     1500m
      memory:  1536Mi
    Requests:
      cpu:      100m
      memory:   256Mi
    Liveness:   exec [pg_isready -U postgres] delay=30s timeout=1s period=10s #success=1 #failure=3
    Readiness:  exec [pg_isready -U postgres] delay=5s timeout=1s period=5s #success=1 #failure=3
    Environment:
      POSTGRES_DB:        postgres
      POSTGRES_USER:      postgres
      POSTGRES_PASSWORD:  <set to the key 'postgres-superuser-password' in secret 'hermod-secrets'>  Optional: false
    Mounts:
      /docker-entrypoint-initdb.d from init (rw)
      /var/lib/postgresql/data from data (rw)
      /var/run/secrets/kubernetes.io/serviceaccount from kube-api-access-79j56 (ro)
Conditions:
  Type                        Status
  PodReadyToStartContainers   True 
  Initialized                 True 
  Ready                       True 
  ContainersReady             True 
  PodScheduled                True 
Volumes:
  data:
    Type:       PersistentVolumeClaim (a reference to a PersistentVolumeClaim in the same namespace)
    ClaimName:  data-postgres-0
    ReadOnly:   false
  init:
    Type:      ConfigMap (a volume populated by a ConfigMap)
    Name:      postgres-init
    Optional:  false
  kube-api-access-79j56:
    Type:                    Projected (a volume that contains injected data from multiple sources)
    TokenExpirationSeconds:  3607
    ConfigMapName:           kube-root-ca.crt
    Optional:                false
    DownwardAPI:             true
QoS Class:                   Burstable
Node-Selectors:              <none>
Tolerations:                 node.kubernetes.io/not-ready:NoExecute op=Exists for 300s
                             node.kubernetes.io/unreachable:NoExecute op=Exists for 300s
Events:                      <none>

=== ts=1777268038 ===
Name:             hermod-coordinator-7db5c97c54-jhh6m
Namespace:        coord-only
Priority:         0
Service Account:  default
Node:             <pi-host>/<pi-ip>
Start Time:       Mon, 27 Apr 2026 07:32:18 +0200
Labels:           app=hermod-coordinator
                  pod-template-hash=7db5c97c54
Annotations:      cni.projectcalico.org/containerID: c6f618e8f3ce48e7428393b036bc4b20ccf62c6741d919f6c010314dfc414078
                  cni.projectcalico.org/podIP: <pod-ip>/32
                  cni.projectcalico.org/podIPs: <pod-ip>/32
                  kubectl.kubernetes.io/restartedAt: 2026-04-27T07:32:03+02:00
Status:           Running
IP:               <pod-ip>
IPs:
  IP:           <pod-ip>
Controlled By:  ReplicaSet/hermod-coordinator-7db5c97c54
Init Containers:
  wait-for-postgres:
    Container ID:  containerd://184204c5b0f650ad50097a2f3fd310e5b278cbcdfafc6c90b42d972a85c98b72
    Image:         busybox:1.36
    Image ID:      docker.io/library/busybox@sha256:73aaf090f3d85aa34ee199857f03fa3a95c8ede2ffd4cc2cdb5b94e566b11662
    Port:          <none>
    Host Port:     <none>
    Command:
      sh
      -c
      until nc -z postgres 5432; do sleep 2; done
    State:          Terminated
      Reason:       Completed
      Exit Code:    0
      Started:      Mon, 27 Apr 2026 07:32:19 +0200
      Finished:     Mon, 27 Apr 2026 07:32:19 +0200
    Ready:          True
    Restart Count:  0
    Environment:
      Hermod__Features__DeviceStateTracking:    true
      Hermod__Engine__LogBatchSize:             100
      Hermod__Engine__LogBatching:              true
      Hermod__Engine__Parallelism:              0
      Hermod__Features__MessagePersistence:     true
      Hermod__Features__RuleAuditLog:           true
      Hermod__Features__RuleCache:              true
      Hermod__Features__StatsRollup:            true
      Hermod__Storage__Mode:                    Postgres
      Logging__LogLevel__Hermod:                Information
      Logging__LogLevel__Microsoft.AspNetCore:  Warning
      HERMOD_UUID_TRACE_ENABLED:                true
    Mounts:
      /var/run/secrets/kubernetes.io/serviceaccount from kube-api-access-g2nzb (ro)
  wait-for-nanomq:
    Container ID:  containerd://0893944fc1f5b7dd76e5282d53fb2b42de5f95224d5e2ef45ecf7dd6f96fc268
    Image:         busybox:1.36
    Image ID:      docker.io/library/busybox@sha256:73aaf090f3d85aa34ee199857f03fa3a95c8ede2ffd4cc2cdb5b94e566b11662
    Port:          <none>
    Host Port:     <none>
    Command:
      sh
      -c
      until nc -z nanomq 1883; do sleep 2; done
    State:          Terminated
      Reason:       Completed
      Exit Code:    0
      Started:      Mon, 27 Apr 2026 07:32:20 +0200
      Finished:     Mon, 27 Apr 2026 07:32:20 +0200
    Ready:          True
    Restart Count:  0
    Environment:
      Hermod__Features__DeviceStateTracking:    true
      Hermod__Engine__LogBatchSize:             100
      Hermod__Engine__LogBatching:              true
      Hermod__Engine__Parallelism:              0
      Hermod__Features__MessagePersistence:     true
      Hermod__Features__RuleAuditLog:           true
      Hermod__Features__RuleCache:              true
      Hermod__Features__StatsRollup:            true
      Hermod__Storage__Mode:                    Postgres
      Logging__LogLevel__Hermod:                Information
      Logging__LogLevel__Microsoft.AspNetCore:  Warning
      HERMOD_UUID_TRACE_ENABLED:                true
    Mounts:
      /var/run/secrets/kubernetes.io/serviceaccount from kube-api-access-g2nzb (ro)
Containers:
  hermod-coordinator:
    Container ID:   containerd://61c0b775a752d0143334fe959f4c823df4ec1e0e92b7206a032d393697c5245e
    Image:          hermod-coordinator:latest
    Image ID:       sha256:ca91ccdfcd269dd5e4e25d5ffe8d863ca5db57e5c4f62f08c8adf90d23c15eaf
    Port:           42069/TCP (http)
    Host Port:      0/TCP (http)
    State:          Running
      Started:      Mon, 27 Apr 2026 07:32:21 +0200
    Ready:          True
    Restart Count:  0
    Limits:
      cpu:     1500m
      memory:  1536Mi
    Requests:
      cpu:      200m
      memory:   256Mi
    Liveness:   http-get http://:42069/healthz delay=60s timeout=1s period=30s #success=1 #failure=3
    Readiness:  http-get http://:42069/healthz/ready delay=5s timeout=1s period=10s #success=1 #failure=3
    Startup:    http-get http://:42069/healthz delay=0s timeout=1s period=5s #success=1 #failure=30
    Environment:
      ASPNETCORE_ENVIRONMENT:                   Production
      ASPNETCORE_URLS:                          http://+:42069
      DOTNET_USE_POLLING_FILE_WATCHER:          true
      Hermod__Security__AuthBypass:             true
      Hermod__Security__VaultRequireHttps:      false
      Hermod__Features__MetricsEndpoint:        true
      Hermod__Dev__Endpoints:                   true
      Hermod__Mqtt__Host:                       nanomq
      Hermod__Mqtt__Port:                       1883
      Hermod__Mqtt__UseTls:                     false
      Hermod__Mqtt__Tls__UseTls:                false
      Hermod__Mqtt__Username:                   <set to the key 'mqtt-username' in secret 'hermod-secrets'>  Optional: false
      Hermod__Mqtt__Password:                   <set to the key 'mqtt-password' in secret 'hermod-secrets'>  Optional: false
      Hermod__Database__ConnectionString:       Host=postgres;Port=5432;Database=hermod;Username=hermod_app
      Hermod__Database__Password:               <set to the key 'hermod-db-password' in secret 'hermod-db-credentials'>  Optional: false
      Hermod__Features__DeviceStateTracking:    true
      Hermod__Engine__LogBatchSize:             100
      Hermod__Engine__LogBatching:              true
      Hermod__Engine__Parallelism:              0
      Hermod__Features__MessagePersistence:     true
      Hermod__Features__RuleAuditLog:           true
      Hermod__Features__RuleCache:              true
      Hermod__Features__StatsRollup:            true
      Hermod__Storage__Mode:                    Postgres
      Logging__LogLevel__Hermod:                Information
      Logging__LogLevel__Microsoft.AspNetCore:  Warning
      HERMOD_UUID_TRACE_ENABLED:                true
    Mounts:
      /var/run/secrets/kubernetes.io/serviceaccount from kube-api-access-g2nzb (ro)
Conditions:
  Type                        Status
  PodReadyToStartContainers   True 
  Initialized                 True 
  Ready                       True 
  ContainersReady             True 
  PodScheduled                True 
Volumes:
  kube-api-access-g2nzb:
    Type:                    Projected (a volume that contains injected data from multiple sources)
    TokenExpirationSeconds:  3607
    ConfigMapName:           kube-root-ca.crt
    Optional:                false
    DownwardAPI:             true
QoS Class:                   Burstable
Node-Selectors:              <none>
Tolerations:                 node.kubernetes.io/not-ready:NoExecute op=Exists for 300s
                             node.kubernetes.io/unreachable:NoExecute op=Exists for 300s
Events:
  Type    Reason     Age   From               Message
  ----    ------     ----  ----               -------
  Normal  Scheduled  99s   default-scheduler  Successfully assigned coord-only/hermod-coordinator-7db5c97c54-jhh6m to <pi-host>
  Normal  Pulled     99s   kubelet            spec.initContainers{wait-for-postgres}: Container image "busybox:1.36" already present on machine
  Normal  Created    99s   kubelet            spec.initContainers{wait-for-postgres}: Created container: wait-for-postgres
  Normal  Started    99s   kubelet            spec.initContainers{wait-for-postgres}: Started container wait-for-postgres
  Normal  Pulled     98s   kubelet            spec.initContainers{wait-for-nanomq}: Container image "busybox:1.36" already present on machine
  Normal  Created    98s   kubelet            spec.initContainers{wait-for-nanomq}: Created container: wait-for-nanomq
  Normal  Started    98s   kubelet            spec.initContainers{wait-for-nanomq}: Started container wait-for-nanomq
  Normal  Pulled     97s   kubelet            spec.containers{hermod-coordinator}: Container image "hermod-coordinator:latest" already present on machine
  Normal  Created    97s   kubelet            spec.containers{hermod-coordinator}: Created container: hermod-coordinator
  Normal  Started    97s   kubelet            spec.containers{hermod-coordinator}: Started container hermod-coordinator


Name:             nanomq-d6c898bcc-hz5s5
Namespace:        coord-only
Priority:         0
Service Account:  default
Node:             <pi-host>/<pi-ip>
Start Time:       Mon, 27 Apr 2026 07:32:04 +0200
Labels:           app=nanomq
                  pod-template-hash=d6c898bcc
Annotations:      cni.projectcalico.org/containerID: c110998772d8193528fa9ba2064db6ced4a8343d711ad63f6cd647f9106c23e1
                  cni.projectcalico.org/podIP: <pod-ip>/32
                  cni.projectcalico.org/podIPs: <pod-ip>/32
                  kubectl.kubernetes.io/restartedAt: 2026-04-27T07:32:03+02:00
Status:           Running
IP:               <pod-ip>
IPs:
  IP:           <pod-ip>
Controlled By:  ReplicaSet/nanomq-d6c898bcc
Containers:
  nanomq:
    Container ID:   containerd://8ff41f1e718ab50a37a41bbfa7b9433cb02d1c566035821c9f17eccd2a391f9c
    Image:          emqx/nanomq:0.21-slim
    Image ID:       docker.io/emqx/nanomq@sha256:53bea7acb547aced1cc45e08c514628f1e41c4da9ad544fd8c5fa96d3e9eb41b
    Ports:          1883/TCP (mqtt), 8081/TCP (http)
    Host Ports:     0/TCP (mqtt), 0/TCP (http)
    State:          Running
      Started:      Mon, 27 Apr 2026 07:32:05 +0200
    Ready:          True
    Restart Count:  0
    Limits:
      cpu:     1
      memory:  512Mi
    Requests:
      cpu:        50m
      memory:     64Mi
    Liveness:     tcp-socket :1883 delay=10s timeout=1s period=10s #success=1 #failure=3
    Readiness:    tcp-socket :1883 delay=3s timeout=1s period=5s #success=1 #failure=3
    Environment:  <none>
    Mounts:
      /etc/nanomq.conf from config (rw,path="nanomq.conf")
      /var/run/secrets/kubernetes.io/serviceaccount from kube-api-access-shsrs (ro)
Conditions:
  Type                        Status
  PodReadyToStartContainers   True 
  Initialized                 True 
  Ready                       True 
  ContainersReady             True 
  PodScheduled                True 
Volumes:
  config:
    Type:      ConfigMap (a volume populated by a ConfigMap)
    Name:      nanomq-config
    Optional:  false
  kube-api-access-shsrs:
    Type:                    Projected (a volume that contains injected data from multiple sources)
    TokenExpirationSeconds:  3607
    ConfigMapName:           kube-root-ca.crt
    Optional:                false
    DownwardAPI:             true
QoS Class:                   Burstable
Node-Selectors:              <none>
Tolerations:                 node.kubernetes.io/not-ready:NoExecute op=Exists for 300s
                             node.kubernetes.io/unreachable:NoExecute op=Exists for 300s
Events:
  Type    Reason     Age   From               Message
  ----    ------     ----  ----               -------
  Normal  Scheduled  113s  default-scheduler  Successfully assigned coord-only/nanomq-d6c898bcc-hz5s5 to <pi-host>
  Normal  Pulled     113s  kubelet            spec.containers{nanomq}: Container image "emqx/nanomq:0.21-slim" already present on machine
  Normal  Created    113s  kubelet            spec.containers{nanomq}: Created container: nanomq
  Normal  Started    113s  kubelet            spec.containers{nanomq}: Started container nanomq


Name:             postgres-0
Namespace:        coord-only
Priority:         0
Service Account:  default
Node:             <pi-host>/<pi-ip>
Start Time:       Mon, 27 Apr 2026 04:16:57 +0200
Labels:           app=postgres
                  apps.kubernetes.io/pod-index=0
                  controller-revision-hash=postgres-6497897965
                  statefulset.kubernetes.io/pod-name=postgres-0
Annotations:      cni.projectcalico.org/containerID: 69fb4823b666d3d2a1395c00ab9b26a33337431372918fb41d9f85f42d91a056
                  cni.projectcalico.org/podIP: <pod-ip>/32
                  cni.projectcalico.org/podIPs: <pod-ip>/32
Status:           Running
IP:               <pod-ip>
IPs:
  IP:           <pod-ip>
Controlled By:  StatefulSet/postgres
Containers:
  postgres:
    Container ID:  containerd://adf8585ccc9b705cf0261f22f8e1c254a24670c72b998bb7a052f31e3a5ae5be
    Image:         postgres:17-alpine
    Image ID:      docker.io/library/postgres@sha256:778d0b486d6daa02b77434d0358ec57a1b21fd8b6d22ac2eef56a33e816928f6
    Port:          5432/TCP
    Host Port:     0/TCP
    Args:
      -c
      shared_buffers=256MB
      -c
      max_connections=200
      -c
      work_mem=16MB
    State:          Running
      Started:      Mon, 27 Apr 2026 04:16:58 +0200
    Ready:          True
    Restart Count:  0
    Limits:
      cpu:     1500m
      memory:  1536Mi
    Requests:
      cpu:      100m
      memory:   256Mi
    Liveness:   exec [pg_isready -U postgres] delay=30s timeout=1s period=10s #success=1 #failure=3
    Readiness:  exec [pg_isready -U postgres] delay=5s timeout=1s period=5s #success=1 #failure=3
    Environment:
      POSTGRES_DB:        postgres
      POSTGRES_USER:      postgres
      POSTGRES_PASSWORD:  <set to the key 'postgres-superuser-password' in secret 'hermod-secrets'>  Optional: false
    Mounts:
      /docker-entrypoint-initdb.d from init (rw)
      /var/lib/postgresql/data from data (rw)
      /var/run/secrets/kubernetes.io/serviceaccount from kube-api-access-79j56 (ro)
Conditions:
  Type                        Status
  PodReadyToStartContainers   True 
  Initialized                 True 
  Ready                       True 
  ContainersReady             True 
  PodScheduled                True 
Volumes:
  data:
    Type:       PersistentVolumeClaim (a reference to a PersistentVolumeClaim in the same namespace)
    ClaimName:  data-postgres-0
    ReadOnly:   false
  init:
    Type:      ConfigMap (a volume populated by a ConfigMap)
    Name:      postgres-init
    Optional:  false
  kube-api-access-79j56:
    Type:                    Projected (a volume that contains injected data from multiple sources)
    TokenExpirationSeconds:  3607
    ConfigMapName:           kube-root-ca.crt
    Optional:                false
    DownwardAPI:             true
QoS Class:                   Burstable
Node-Selectors:              <none>
Tolerations:                 node.kubernetes.io/not-ready:NoExecute op=Exists for 300s
                             node.kubernetes.io/unreachable:NoExecute op=Exists for 300s
Events:                      <none>

=== ts=1777268049 ===
Name:             hermod-coordinator-7db5c97c54-jhh6m
Namespace:        coord-only
Priority:         0
Service Account:  default
Node:             <pi-host>/<pi-ip>
Start Time:       Mon, 27 Apr 2026 07:32:18 +0200
Labels:           app=hermod-coordinator
                  pod-template-hash=7db5c97c54
Annotations:      cni.projectcalico.org/containerID: c6f618e8f3ce48e7428393b036bc4b20ccf62c6741d919f6c010314dfc414078
                  cni.projectcalico.org/podIP: <pod-ip>/32
                  cni.projectcalico.org/podIPs: <pod-ip>/32
                  kubectl.kubernetes.io/restartedAt: 2026-04-27T07:32:03+02:00
Status:           Running
IP:               <pod-ip>
IPs:
  IP:           <pod-ip>
Controlled By:  ReplicaSet/hermod-coordinator-7db5c97c54
Init Containers:
  wait-for-postgres:
    Container ID:  containerd://184204c5b0f650ad50097a2f3fd310e5b278cbcdfafc6c90b42d972a85c98b72
    Image:         busybox:1.36
    Image ID:      docker.io/library/busybox@sha256:73aaf090f3d85aa34ee199857f03fa3a95c8ede2ffd4cc2cdb5b94e566b11662
    Port:          <none>
    Host Port:     <none>
    Command:
      sh
      -c
      until nc -z postgres 5432; do sleep 2; done
    State:          Terminated
      Reason:       Completed
      Exit Code:    0
      Started:      Mon, 27 Apr 2026 07:32:19 +0200
      Finished:     Mon, 27 Apr 2026 07:32:19 +0200
    Ready:          True
    Restart Count:  0
    Environment:
      Hermod__Features__DeviceStateTracking:    true
      Hermod__Engine__LogBatchSize:             100
      Hermod__Engine__LogBatching:              true
      Hermod__Engine__Parallelism:              0
      Hermod__Features__MessagePersistence:     true
      Hermod__Features__RuleAuditLog:           true
      Hermod__Features__RuleCache:              true
      Hermod__Features__StatsRollup:            true
      Hermod__Storage__Mode:                    Postgres
      Logging__LogLevel__Hermod:                Information
      Logging__LogLevel__Microsoft.AspNetCore:  Warning
      HERMOD_UUID_TRACE_ENABLED:                true
    Mounts:
      /var/run/secrets/kubernetes.io/serviceaccount from kube-api-access-g2nzb (ro)
  wait-for-nanomq:
    Container ID:  containerd://0893944fc1f5b7dd76e5282d53fb2b42de5f95224d5e2ef45ecf7dd6f96fc268
    Image:         busybox:1.36
    Image ID:      docker.io/library/busybox@sha256:73aaf090f3d85aa34ee199857f03fa3a95c8ede2ffd4cc2cdb5b94e566b11662
    Port:          <none>
    Host Port:     <none>
    Command:
      sh
      -c
      until nc -z nanomq 1883; do sleep 2; done
    State:          Terminated
      Reason:       Completed
      Exit Code:    0
      Started:      Mon, 27 Apr 2026 07:32:20 +0200
      Finished:     Mon, 27 Apr 2026 07:32:20 +0200
    Ready:          True
    Restart Count:  0
    Environment:
      Hermod__Features__DeviceStateTracking:    true
      Hermod__Engine__LogBatchSize:             100
      Hermod__Engine__LogBatching:              true
      Hermod__Engine__Parallelism:              0
      Hermod__Features__MessagePersistence:     true
      Hermod__Features__RuleAuditLog:           true
      Hermod__Features__RuleCache:              true
      Hermod__Features__StatsRollup:            true
      Hermod__Storage__Mode:                    Postgres
      Logging__LogLevel__Hermod:                Information
      Logging__LogLevel__Microsoft.AspNetCore:  Warning
      HERMOD_UUID_TRACE_ENABLED:                true
    Mounts:
      /var/run/secrets/kubernetes.io/serviceaccount from kube-api-access-g2nzb (ro)
Containers:
  hermod-coordinator:
    Container ID:   containerd://61c0b775a752d0143334fe959f4c823df4ec1e0e92b7206a032d393697c5245e
    Image:          hermod-coordinator:latest
    Image ID:       sha256:ca91ccdfcd269dd5e4e25d5ffe8d863ca5db57e5c4f62f08c8adf90d23c15eaf
    Port:           42069/TCP (http)
    Host Port:      0/TCP (http)
    State:          Running
      Started:      Mon, 27 Apr 2026 07:32:21 +0200
    Ready:          True
    Restart Count:  0
    Limits:
      cpu:     1500m
      memory:  1536Mi
    Requests:
      cpu:      200m
      memory:   256Mi
    Liveness:   http-get http://:42069/healthz delay=60s timeout=1s period=30s #success=1 #failure=3
    Readiness:  http-get http://:42069/healthz/ready delay=5s timeout=1s period=10s #success=1 #failure=3
    Startup:    http-get http://:42069/healthz delay=0s timeout=1s period=5s #success=1 #failure=30
    Environment:
      ASPNETCORE_ENVIRONMENT:                   Production
      ASPNETCORE_URLS:                          http://+:42069
      DOTNET_USE_POLLING_FILE_WATCHER:          true
      Hermod__Security__AuthBypass:             true
      Hermod__Security__VaultRequireHttps:      false
      Hermod__Features__MetricsEndpoint:        true
      Hermod__Dev__Endpoints:                   true
      Hermod__Mqtt__Host:                       nanomq
      Hermod__Mqtt__Port:                       1883
      Hermod__Mqtt__UseTls:                     false
      Hermod__Mqtt__Tls__UseTls:                false
      Hermod__Mqtt__Username:                   <set to the key 'mqtt-username' in secret 'hermod-secrets'>  Optional: false
      Hermod__Mqtt__Password:                   <set to the key 'mqtt-password' in secret 'hermod-secrets'>  Optional: false
      Hermod__Database__ConnectionString:       Host=postgres;Port=5432;Database=hermod;Username=hermod_app
      Hermod__Database__Password:               <set to the key 'hermod-db-password' in secret 'hermod-db-credentials'>  Optional: false
      Hermod__Features__DeviceStateTracking:    true
      Hermod__Engine__LogBatchSize:             100
      Hermod__Engine__LogBatching:              true
      Hermod__Engine__Parallelism:              0
      Hermod__Features__MessagePersistence:     true
      Hermod__Features__RuleAuditLog:           true
      Hermod__Features__RuleCache:              true
      Hermod__Features__StatsRollup:            true
      Hermod__Storage__Mode:                    Postgres
      Logging__LogLevel__Hermod:                Information
      Logging__LogLevel__Microsoft.AspNetCore:  Warning
      HERMOD_UUID_TRACE_ENABLED:                true
    Mounts:
      /var/run/secrets/kubernetes.io/serviceaccount from kube-api-access-g2nzb (ro)
Conditions:
  Type                        Status
  PodReadyToStartContainers   True 
  Initialized                 True 
  Ready                       True 
  ContainersReady             True 
  PodScheduled                True 
Volumes:
  kube-api-access-g2nzb:
    Type:                    Projected (a volume that contains injected data from multiple sources)
    TokenExpirationSeconds:  3607
    ConfigMapName:           kube-root-ca.crt
    Optional:                false
    DownwardAPI:             true
QoS Class:                   Burstable
Node-Selectors:              <none>
Tolerations:                 node.kubernetes.io/not-ready:NoExecute op=Exists for 300s
                             node.kubernetes.io/unreachable:NoExecute op=Exists for 300s
Events:
  Type    Reason     Age   From               Message
  ----    ------     ----  ----               -------
  Normal  Scheduled  110s  default-scheduler  Successfully assigned coord-only/hermod-coordinator-7db5c97c54-jhh6m to <pi-host>
  Normal  Pulled     110s  kubelet            spec.initContainers{wait-for-postgres}: Container image "busybox:1.36" already present on machine
  Normal  Created    110s  kubelet            spec.initContainers{wait-for-postgres}: Created container: wait-for-postgres
  Normal  Started    110s  kubelet            spec.initContainers{wait-for-postgres}: Started container wait-for-postgres
  Normal  Pulled     109s  kubelet            spec.initContainers{wait-for-nanomq}: Container image "busybox:1.36" already present on machine
  Normal  Created    109s  kubelet            spec.initContainers{wait-for-nanomq}: Created container: wait-for-nanomq
  Normal  Started    109s  kubelet            spec.initContainers{wait-for-nanomq}: Started container wait-for-nanomq
  Normal  Pulled     108s  kubelet            spec.containers{hermod-coordinator}: Container image "hermod-coordinator:latest" already present on machine
  Normal  Created    108s  kubelet            spec.containers{hermod-coordinator}: Created container: hermod-coordinator
  Normal  Started    108s  kubelet            spec.containers{hermod-coordinator}: Started container hermod-coordinator


Name:             nanomq-d6c898bcc-hz5s5
Namespace:        coord-only
Priority:         0
Service Account:  default
Node:             <pi-host>/<pi-ip>
Start Time:       Mon, 27 Apr 2026 07:32:04 +0200
Labels:           app=nanomq
                  pod-template-hash=d6c898bcc
Annotations:      cni.projectcalico.org/containerID: c110998772d8193528fa9ba2064db6ced4a8343d711ad63f6cd647f9106c23e1
                  cni.projectcalico.org/podIP: <pod-ip>/32
                  cni.projectcalico.org/podIPs: <pod-ip>/32
                  kubectl.kubernetes.io/restartedAt: 2026-04-27T07:32:03+02:00
Status:           Running
IP:               <pod-ip>
IPs:
  IP:           <pod-ip>
Controlled By:  ReplicaSet/nanomq-d6c898bcc
Containers:
  nanomq:
    Container ID:   containerd://8ff41f1e718ab50a37a41bbfa7b9433cb02d1c566035821c9f17eccd2a391f9c
    Image:          emqx/nanomq:0.21-slim
    Image ID:       docker.io/emqx/nanomq@sha256:53bea7acb547aced1cc45e08c514628f1e41c4da9ad544fd8c5fa96d3e9eb41b
    Ports:          1883/TCP (mqtt), 8081/TCP (http)
    Host Ports:     0/TCP (mqtt), 0/TCP (http)
    State:          Running
      Started:      Mon, 27 Apr 2026 07:32:05 +0200
    Ready:          True
    Restart Count:  0
    Limits:
      cpu:     1
      memory:  512Mi
    Requests:
      cpu:        50m
      memory:     64Mi
    Liveness:     tcp-socket :1883 delay=10s timeout=1s period=10s #success=1 #failure=3
    Readiness:    tcp-socket :1883 delay=3s timeout=1s period=5s #success=1 #failure=3
    Environment:  <none>
    Mounts:
      /etc/nanomq.conf from config (rw,path="nanomq.conf")
      /var/run/secrets/kubernetes.io/serviceaccount from kube-api-access-shsrs (ro)
Conditions:
  Type                        Status
  PodReadyToStartContainers   True 
  Initialized                 True 
  Ready                       True 
  ContainersReady             True 
  PodScheduled                True 
Volumes:
  config:
    Type:      ConfigMap (a volume populated by a ConfigMap)
    Name:      nanomq-config
    Optional:  false
  kube-api-access-shsrs:
    Type:                    Projected (a volume that contains injected data from multiple sources)
    TokenExpirationSeconds:  3607
    ConfigMapName:           kube-root-ca.crt
    Optional:                false
    DownwardAPI:             true
QoS Class:                   Burstable
Node-Selectors:              <none>
Tolerations:                 node.kubernetes.io/not-ready:NoExecute op=Exists for 300s
                             node.kubernetes.io/unreachable:NoExecute op=Exists for 300s
Events:
  Type    Reason     Age   From               Message
  ----    ------     ----  ----               -------
  Normal  Scheduled  2m4s  default-scheduler  Successfully assigned coord-only/nanomq-d6c898bcc-hz5s5 to <pi-host>
  Normal  Pulled     2m4s  kubelet            spec.containers{nanomq}: Container image "emqx/nanomq:0.21-slim" already present on machine
  Normal  Created    2m4s  kubelet            spec.containers{nanomq}: Created container: nanomq
  Normal  Started    2m4s  kubelet            spec.containers{nanomq}: Started container nanomq


Name:             postgres-0
Namespace:        coord-only
Priority:         0
Service Account:  default
Node:             <pi-host>/<pi-ip>
Start Time:       Mon, 27 Apr 2026 04:16:57 +0200
Labels:           app=postgres
                  apps.kubernetes.io/pod-index=0
                  controller-revision-hash=postgres-6497897965
                  statefulset.kubernetes.io/pod-name=postgres-0
Annotations:      cni.projectcalico.org/containerID: 69fb4823b666d3d2a1395c00ab9b26a33337431372918fb41d9f85f42d91a056
                  cni.projectcalico.org/podIP: <pod-ip>/32
                  cni.projectcalico.org/podIPs: <pod-ip>/32
Status:           Running
IP:               <pod-ip>
IPs:
  IP:           <pod-ip>
Controlled By:  StatefulSet/postgres
Containers:
  postgres:
    Container ID:  containerd://adf8585ccc9b705cf0261f22f8e1c254a24670c72b998bb7a052f31e3a5ae5be
    Image:         postgres:17-alpine
    Image ID:      docker.io/library/postgres@sha256:778d0b486d6daa02b77434d0358ec57a1b21fd8b6d22ac2eef56a33e816928f6
    Port:          5432/TCP
    Host Port:     0/TCP
    Args:
      -c
      shared_buffers=256MB
      -c
      max_connections=200
      -c
      work_mem=16MB
    State:          Running
      Started:      Mon, 27 Apr 2026 04:16:58 +0200
    Ready:          True
    Restart Count:  0
    Limits:
      cpu:     1500m
      memory:  1536Mi
    Requests:
      cpu:      100m
      memory:   256Mi
    Liveness:   exec [pg_isready -U postgres] delay=30s timeout=1s period=10s #success=1 #failure=3
    Readiness:  exec [pg_isready -U postgres] delay=5s timeout=1s period=5s #success=1 #failure=3
    Environment:
      POSTGRES_DB:        postgres
      POSTGRES_USER:      postgres
      POSTGRES_PASSWORD:  <set to the key 'postgres-superuser-password' in secret 'hermod-secrets'>  Optional: false
    Mounts:
      /docker-entrypoint-initdb.d from init (rw)
      /var/lib/postgresql/data from data (rw)
      /var/run/secrets/kubernetes.io/serviceaccount from kube-api-access-79j56 (ro)
Conditions:
  Type                        Status
  PodReadyToStartContainers   True 
  Initialized                 True 
  Ready                       True 
  ContainersReady             True 
  PodScheduled                True 
Volumes:
  data:
    Type:       PersistentVolumeClaim (a reference to a PersistentVolumeClaim in the same namespace)
    ClaimName:  data-postgres-0
    ReadOnly:   false
  init:
    Type:      ConfigMap (a volume populated by a ConfigMap)
    Name:      postgres-init
    Optional:  false
  kube-api-access-79j56:
    Type:                    Projected (a volume that contains injected data from multiple sources)
    TokenExpirationSeconds:  3607
    ConfigMapName:           kube-root-ca.crt
    Optional:                false
    DownwardAPI:             true
QoS Class:                   Burstable
Node-Selectors:              <none>
Tolerations:                 node.kubernetes.io/not-ready:NoExecute op=Exists for 300s
                             node.kubernetes.io/unreachable:NoExecute op=Exists for 300s
Events:                      <none>

=== ts=1777268061 ===
Name:             hermod-coordinator-7db5c97c54-jhh6m
Namespace:        coord-only
Priority:         0
Service Account:  default
Node:             <pi-host>/<pi-ip>
Start Time:       Mon, 27 Apr 2026 07:32:18 +0200
Labels:           app=hermod-coordinator
                  pod-template-hash=7db5c97c54
Annotations:      cni.projectcalico.org/containerID: c6f618e8f3ce48e7428393b036bc4b20ccf62c6741d919f6c010314dfc414078
                  cni.projectcalico.org/podIP: <pod-ip>/32
                  cni.projectcalico.org/podIPs: <pod-ip>/32
                  kubectl.kubernetes.io/restartedAt: 2026-04-27T07:32:03+02:00
Status:           Running
IP:               <pod-ip>
IPs:
  IP:           <pod-ip>
Controlled By:  ReplicaSet/hermod-coordinator-7db5c97c54
Init Containers:
  wait-for-postgres:
    Container ID:  containerd://184204c5b0f650ad50097a2f3fd310e5b278cbcdfafc6c90b42d972a85c98b72
    Image:         busybox:1.36
    Image ID:      docker.io/library/busybox@sha256:73aaf090f3d85aa34ee199857f03fa3a95c8ede2ffd4cc2cdb5b94e566b11662
    Port:          <none>
    Host Port:     <none>
    Command:
      sh
      -c
      until nc -z postgres 5432; do sleep 2; done
    State:          Terminated
      Reason:       Completed
      Exit Code:    0
      Started:      Mon, 27 Apr 2026 07:32:19 +0200
      Finished:     Mon, 27 Apr 2026 07:32:19 +0200
    Ready:          True
    Restart Count:  0
    Environment:
      Hermod__Features__DeviceStateTracking:    true
      Hermod__Engine__LogBatchSize:             100
      Hermod__Engine__LogBatching:              true
      Hermod__Engine__Parallelism:              0
      Hermod__Features__MessagePersistence:     true
      Hermod__Features__RuleAuditLog:           true
      Hermod__Features__RuleCache:              true
      Hermod__Features__StatsRollup:            true
      Hermod__Storage__Mode:                    Postgres
      Logging__LogLevel__Hermod:                Information
      Logging__LogLevel__Microsoft.AspNetCore:  Warning
      HERMOD_UUID_TRACE_ENABLED:                true
    Mounts:
      /var/run/secrets/kubernetes.io/serviceaccount from kube-api-access-g2nzb (ro)
  wait-for-nanomq:
    Container ID:  containerd://0893944fc1f5b7dd76e5282d53fb2b42de5f95224d5e2ef45ecf7dd6f96fc268
    Image:         busybox:1.36
    Image ID:      docker.io/library/busybox@sha256:73aaf090f3d85aa34ee199857f03fa3a95c8ede2ffd4cc2cdb5b94e566b11662
    Port:          <none>
    Host Port:     <none>
    Command:
      sh
      -c
      until nc -z nanomq 1883; do sleep 2; done
    State:          Terminated
      Reason:       Completed
      Exit Code:    0
      Started:      Mon, 27 Apr 2026 07:32:20 +0200
      Finished:     Mon, 27 Apr 2026 07:32:20 +0200
    Ready:          True
    Restart Count:  0
    Environment:
      Hermod__Features__DeviceStateTracking:    true
      Hermod__Engine__LogBatchSize:             100
      Hermod__Engine__LogBatching:              true
      Hermod__Engine__Parallelism:              0
      Hermod__Features__MessagePersistence:     true
      Hermod__Features__RuleAuditLog:           true
      Hermod__Features__RuleCache:              true
      Hermod__Features__StatsRollup:            true
      Hermod__Storage__Mode:                    Postgres
      Logging__LogLevel__Hermod:                Information
      Logging__LogLevel__Microsoft.AspNetCore:  Warning
      HERMOD_UUID_TRACE_ENABLED:                true
    Mounts:
      /var/run/secrets/kubernetes.io/serviceaccount from kube-api-access-g2nzb (ro)
Containers:
  hermod-coordinator:
    Container ID:   containerd://61c0b775a752d0143334fe959f4c823df4ec1e0e92b7206a032d393697c5245e
    Image:          hermod-coordinator:latest
    Image ID:       sha256:ca91ccdfcd269dd5e4e25d5ffe8d863ca5db57e5c4f62f08c8adf90d23c15eaf
    Port:           42069/TCP (http)
    Host Port:      0/TCP (http)
    State:          Running
      Started:      Mon, 27 Apr 2026 07:32:21 +0200
    Ready:          True
    Restart Count:  0
    Limits:
      cpu:     1500m
      memory:  1536Mi
    Requests:
      cpu:      200m
      memory:   256Mi
    Liveness:   http-get http://:42069/healthz delay=60s timeout=1s period=30s #success=1 #failure=3
    Readiness:  http-get http://:42069/healthz/ready delay=5s timeout=1s period=10s #success=1 #failure=3
    Startup:    http-get http://:42069/healthz delay=0s timeout=1s period=5s #success=1 #failure=30
    Environment:
      ASPNETCORE_ENVIRONMENT:                   Production
      ASPNETCORE_URLS:                          http://+:42069
      DOTNET_USE_POLLING_FILE_WATCHER:          true
      Hermod__Security__AuthBypass:             true
      Hermod__Security__VaultRequireHttps:      false
      Hermod__Features__MetricsEndpoint:        true
      Hermod__Dev__Endpoints:                   true
      Hermod__Mqtt__Host:                       nanomq
      Hermod__Mqtt__Port:                       1883
      Hermod__Mqtt__UseTls:                     false
      Hermod__Mqtt__Tls__UseTls:                false
      Hermod__Mqtt__Username:                   <set to the key 'mqtt-username' in secret 'hermod-secrets'>  Optional: false
      Hermod__Mqtt__Password:                   <set to the key 'mqtt-password' in secret 'hermod-secrets'>  Optional: false
      Hermod__Database__ConnectionString:       Host=postgres;Port=5432;Database=hermod;Username=hermod_app
      Hermod__Database__Password:               <set to the key 'hermod-db-password' in secret 'hermod-db-credentials'>  Optional: false
      Hermod__Features__DeviceStateTracking:    true
      Hermod__Engine__LogBatchSize:             100
      Hermod__Engine__LogBatching:              true
      Hermod__Engine__Parallelism:              0
      Hermod__Features__MessagePersistence:     true
      Hermod__Features__RuleAuditLog:           true
      Hermod__Features__RuleCache:              true
      Hermod__Features__StatsRollup:            true
      Hermod__Storage__Mode:                    Postgres
      Logging__LogLevel__Hermod:                Information
      Logging__LogLevel__Microsoft.AspNetCore:  Warning
      HERMOD_UUID_TRACE_ENABLED:                true
    Mounts:
      /var/run/secrets/kubernetes.io/serviceaccount from kube-api-access-g2nzb (ro)
Conditions:
  Type                        Status
  PodReadyToStartContainers   True 
  Initialized                 True 
  Ready                       True 
  ContainersReady             True 
  PodScheduled                True 
Volumes:
  kube-api-access-g2nzb:
    Type:                    Projected (a volume that contains injected data from multiple sources)
    TokenExpirationSeconds:  3607
    ConfigMapName:           kube-root-ca.crt
    Optional:                false
    DownwardAPI:             true
QoS Class:                   Burstable
Node-Selectors:              <none>
Tolerations:                 node.kubernetes.io/not-ready:NoExecute op=Exists for 300s
                             node.kubernetes.io/unreachable:NoExecute op=Exists for 300s
Events:
  Type    Reason     Age   From               Message
  ----    ------     ----  ----               -------
  Normal  Scheduled  2m2s  default-scheduler  Successfully assigned coord-only/hermod-coordinator-7db5c97c54-jhh6m to <pi-host>
  Normal  Pulled     2m2s  kubelet            spec.initContainers{wait-for-postgres}: Container image "busybox:1.36" already present on machine
  Normal  Created    2m2s  kubelet            spec.initContainers{wait-for-postgres}: Created container: wait-for-postgres
  Normal  Started    2m2s  kubelet            spec.initContainers{wait-for-postgres}: Started container wait-for-postgres
  Normal  Pulled     2m1s  kubelet            spec.initContainers{wait-for-nanomq}: Container image "busybox:1.36" already present on machine
  Normal  Created    2m1s  kubelet            spec.initContainers{wait-for-nanomq}: Created container: wait-for-nanomq
  Normal  Started    2m1s  kubelet            spec.initContainers{wait-for-nanomq}: Started container wait-for-nanomq
  Normal  Pulled     2m    kubelet            spec.containers{hermod-coordinator}: Container image "hermod-coordinator:latest" already present on machine
  Normal  Created    2m    kubelet            spec.containers{hermod-coordinator}: Created container: hermod-coordinator
  Normal  Started    2m    kubelet            spec.containers{hermod-coordinator}: Started container hermod-coordinator


Name:             nanomq-d6c898bcc-hz5s5
Namespace:        coord-only
Priority:         0
Service Account:  default
Node:             <pi-host>/<pi-ip>
Start Time:       Mon, 27 Apr 2026 07:32:04 +0200
Labels:           app=nanomq
                  pod-template-hash=d6c898bcc
Annotations:      cni.projectcalico.org/containerID: c110998772d8193528fa9ba2064db6ced4a8343d711ad63f6cd647f9106c23e1
                  cni.projectcalico.org/podIP: <pod-ip>/32
                  cni.projectcalico.org/podIPs: <pod-ip>/32
                  kubectl.kubernetes.io/restartedAt: 2026-04-27T07:32:03+02:00
Status:           Running
IP:               <pod-ip>
IPs:
  IP:           <pod-ip>
Controlled By:  ReplicaSet/nanomq-d6c898bcc
Containers:
  nanomq:
    Container ID:   containerd://8ff41f1e718ab50a37a41bbfa7b9433cb02d1c566035821c9f17eccd2a391f9c
    Image:          emqx/nanomq:0.21-slim
    Image ID:       docker.io/emqx/nanomq@sha256:53bea7acb547aced1cc45e08c514628f1e41c4da9ad544fd8c5fa96d3e9eb41b
    Ports:          1883/TCP (mqtt), 8081/TCP (http)
    Host Ports:     0/TCP (mqtt), 0/TCP (http)
    State:          Running
      Started:      Mon, 27 Apr 2026 07:32:05 +0200
    Ready:          True
    Restart Count:  0
    Limits:
      cpu:     1
      memory:  512Mi
    Requests:
      cpu:        50m
      memory:     64Mi
    Liveness:     tcp-socket :1883 delay=10s timeout=1s period=10s #success=1 #failure=3
    Readiness:    tcp-socket :1883 delay=3s timeout=1s period=5s #success=1 #failure=3
    Environment:  <none>
    Mounts:
      /etc/nanomq.conf from config (rw,path="nanomq.conf")
      /var/run/secrets/kubernetes.io/serviceaccount from kube-api-access-shsrs (ro)
Conditions:
  Type                        Status
  PodReadyToStartContainers   True 
  Initialized                 True 
  Ready                       True 
  ContainersReady             True 
  PodScheduled                True 
Volumes:
  config:
    Type:      ConfigMap (a volume populated by a ConfigMap)
    Name:      nanomq-config
    Optional:  false
  kube-api-access-shsrs:
    Type:                    Projected (a volume that contains injected data from multiple sources)
    TokenExpirationSeconds:  3607
    ConfigMapName:           kube-root-ca.crt
    Optional:                false
    DownwardAPI:             true
QoS Class:                   Burstable
Node-Selectors:              <none>
Tolerations:                 node.kubernetes.io/not-ready:NoExecute op=Exists for 300s
                             node.kubernetes.io/unreachable:NoExecute op=Exists for 300s
Events:
  Type    Reason     Age    From               Message
  ----    ------     ----   ----               -------
  Normal  Scheduled  2m16s  default-scheduler  Successfully assigned coord-only/nanomq-d6c898bcc-hz5s5 to <pi-host>
  Normal  Pulled     2m16s  kubelet            spec.containers{nanomq}: Container image "emqx/nanomq:0.21-slim" already present on machine
  Normal  Created    2m16s  kubelet            spec.containers{nanomq}: Created container: nanomq
  Normal  Started    2m16s  kubelet            spec.containers{nanomq}: Started container nanomq


Name:             postgres-0
Namespace:        coord-only
Priority:         0
Service Account:  default
Node:             <pi-host>/<pi-ip>
Start Time:       Mon, 27 Apr 2026 04:16:57 +0200
Labels:           app=postgres
                  apps.kubernetes.io/pod-index=0
                  controller-revision-hash=postgres-6497897965
                  statefulset.kubernetes.io/pod-name=postgres-0
Annotations:      cni.projectcalico.org/containerID: 69fb4823b666d3d2a1395c00ab9b26a33337431372918fb41d9f85f42d91a056
                  cni.projectcalico.org/podIP: <pod-ip>/32
                  cni.projectcalico.org/podIPs: <pod-ip>/32
Status:           Running
IP:               <pod-ip>
IPs:
  IP:           <pod-ip>
Controlled By:  StatefulSet/postgres
Containers:
  postgres:
    Container ID:  containerd://adf8585ccc9b705cf0261f22f8e1c254a24670c72b998bb7a052f31e3a5ae5be
    Image:         postgres:17-alpine
    Image ID:      docker.io/library/postgres@sha256:778d0b486d6daa02b77434d0358ec57a1b21fd8b6d22ac2eef56a33e816928f6
    Port:          5432/TCP
    Host Port:     0/TCP
    Args:
      -c
      shared_buffers=256MB
      -c
      max_connections=200
      -c
      work_mem=16MB
    State:          Running
      Started:      Mon, 27 Apr 2026 04:16:58 +0200
    Ready:          True
    Restart Count:  0
    Limits:
      cpu:     1500m
      memory:  1536Mi
    Requests:
      cpu:      100m
      memory:   256Mi
    Liveness:   exec [pg_isready -U postgres] delay=30s timeout=1s period=10s #success=1 #failure=3
    Readiness:  exec [pg_isready -U postgres] delay=5s timeout=1s period=5s #success=1 #failure=3
    Environment:
      POSTGRES_DB:        postgres
      POSTGRES_USER:      postgres
      POSTGRES_PASSWORD:  <set to the key 'postgres-superuser-password' in secret 'hermod-secrets'>  Optional: false
    Mounts:
      /docker-entrypoint-initdb.d from init (rw)
      /var/lib/postgresql/data from data (rw)
      /var/run/secrets/kubernetes.io/serviceaccount from kube-api-access-79j56 (ro)
Conditions:
  Type                        Status
  PodReadyToStartContainers   True 
  Initialized                 True 
  Ready                       True 
  ContainersReady             True 
  PodScheduled                True 
Volumes:
  data:
    Type:       PersistentVolumeClaim (a reference to a PersistentVolumeClaim in the same namespace)
    ClaimName:  data-postgres-0
    ReadOnly:   false
  init:
    Type:      ConfigMap (a volume populated by a ConfigMap)
    Name:      postgres-init
    Optional:  false
  kube-api-access-79j56:
    Type:                    Projected (a volume that contains injected data from multiple sources)
    TokenExpirationSeconds:  3607
    ConfigMapName:           kube-root-ca.crt
    Optional:                false
    DownwardAPI:             true
QoS Class:                   Burstable
Node-Selectors:              <none>
Tolerations:                 node.kubernetes.io/not-ready:NoExecute op=Exists for 300s
                             node.kubernetes.io/unreachable:NoExecute op=Exists for 300s
Events:                      <none>

=== ts=1777268072 ===
Name:             hermod-coordinator-7db5c97c54-jhh6m
Namespace:        coord-only
Priority:         0
Service Account:  default
Node:             <pi-host>/<pi-ip>
Start Time:       Mon, 27 Apr 2026 07:32:18 +0200
Labels:           app=hermod-coordinator
                  pod-template-hash=7db5c97c54
Annotations:      cni.projectcalico.org/containerID: c6f618e8f3ce48e7428393b036bc4b20ccf62c6741d919f6c010314dfc414078
                  cni.projectcalico.org/podIP: <pod-ip>/32
                  cni.projectcalico.org/podIPs: <pod-ip>/32
                  kubectl.kubernetes.io/restartedAt: 2026-04-27T07:32:03+02:00
Status:           Running
IP:               <pod-ip>
IPs:
  IP:           <pod-ip>
Controlled By:  ReplicaSet/hermod-coordinator-7db5c97c54
Init Containers:
  wait-for-postgres:
    Container ID:  containerd://184204c5b0f650ad50097a2f3fd310e5b278cbcdfafc6c90b42d972a85c98b72
    Image:         busybox:1.36
    Image ID:      docker.io/library/busybox@sha256:73aaf090f3d85aa34ee199857f03fa3a95c8ede2ffd4cc2cdb5b94e566b11662
    Port:          <none>
    Host Port:     <none>
    Command:
      sh
      -c
      until nc -z postgres 5432; do sleep 2; done
    State:          Terminated
      Reason:       Completed
      Exit Code:    0
      Started:      Mon, 27 Apr 2026 07:32:19 +0200
      Finished:     Mon, 27 Apr 2026 07:32:19 +0200
    Ready:          True
    Restart Count:  0
    Environment:
      Hermod__Features__DeviceStateTracking:    true
      Hermod__Engine__LogBatchSize:             100
      Hermod__Engine__LogBatching:              true
      Hermod__Engine__Parallelism:              0
      Hermod__Features__MessagePersistence:     true
      Hermod__Features__RuleAuditLog:           true
      Hermod__Features__RuleCache:              true
      Hermod__Features__StatsRollup:            true
      Hermod__Storage__Mode:                    Postgres
      Logging__LogLevel__Hermod:                Information
      Logging__LogLevel__Microsoft.AspNetCore:  Warning
      HERMOD_UUID_TRACE_ENABLED:                true
    Mounts:
      /var/run/secrets/kubernetes.io/serviceaccount from kube-api-access-g2nzb (ro)
  wait-for-nanomq:
    Container ID:  containerd://0893944fc1f5b7dd76e5282d53fb2b42de5f95224d5e2ef45ecf7dd6f96fc268
    Image:         busybox:1.36
    Image ID:      docker.io/library/busybox@sha256:73aaf090f3d85aa34ee199857f03fa3a95c8ede2ffd4cc2cdb5b94e566b11662
    Port:          <none>
    Host Port:     <none>
    Command:
      sh
      -c
      until nc -z nanomq 1883; do sleep 2; done
    State:          Terminated
      Reason:       Completed
      Exit Code:    0
      Started:      Mon, 27 Apr 2026 07:32:20 +0200
      Finished:     Mon, 27 Apr 2026 07:32:20 +0200
    Ready:          True
    Restart Count:  0
    Environment:
      Hermod__Features__DeviceStateTracking:    true
      Hermod__Engine__LogBatchSize:             100
      Hermod__Engine__LogBatching:              true
      Hermod__Engine__Parallelism:              0
      Hermod__Features__MessagePersistence:     true
      Hermod__Features__RuleAuditLog:           true
      Hermod__Features__RuleCache:              true
      Hermod__Features__StatsRollup:            true
      Hermod__Storage__Mode:                    Postgres
      Logging__LogLevel__Hermod:                Information
      Logging__LogLevel__Microsoft.AspNetCore:  Warning
      HERMOD_UUID_TRACE_ENABLED:                true
    Mounts:
      /var/run/secrets/kubernetes.io/serviceaccount from kube-api-access-g2nzb (ro)
Containers:
  hermod-coordinator:
    Container ID:   containerd://61c0b775a752d0143334fe959f4c823df4ec1e0e92b7206a032d393697c5245e
    Image:          hermod-coordinator:latest
    Image ID:       sha256:ca91ccdfcd269dd5e4e25d5ffe8d863ca5db57e5c4f62f08c8adf90d23c15eaf
    Port:           42069/TCP (http)
    Host Port:      0/TCP (http)
    State:          Running
      Started:      Mon, 27 Apr 2026 07:32:21 +0200
    Ready:          True
    Restart Count:  0
    Limits:
      cpu:     1500m
      memory:  1536Mi
    Requests:
      cpu:      200m
      memory:   256Mi
    Liveness:   http-get http://:42069/healthz delay=60s timeout=1s period=30s #success=1 #failure=3
    Readiness:  http-get http://:42069/healthz/ready delay=5s timeout=1s period=10s #success=1 #failure=3
    Startup:    http-get http://:42069/healthz delay=0s timeout=1s period=5s #success=1 #failure=30
    Environment:
      ASPNETCORE_ENVIRONMENT:                   Production
      ASPNETCORE_URLS:                          http://+:42069
      DOTNET_USE_POLLING_FILE_WATCHER:          true
      Hermod__Security__AuthBypass:             true
      Hermod__Security__VaultRequireHttps:      false
      Hermod__Features__MetricsEndpoint:        true
      Hermod__Dev__Endpoints:                   true
      Hermod__Mqtt__Host:                       nanomq
      Hermod__Mqtt__Port:                       1883
      Hermod__Mqtt__UseTls:                     false
      Hermod__Mqtt__Tls__UseTls:                false
      Hermod__Mqtt__Username:                   <set to the key 'mqtt-username' in secret 'hermod-secrets'>  Optional: false
      Hermod__Mqtt__Password:                   <set to the key 'mqtt-password' in secret 'hermod-secrets'>  Optional: false
      Hermod__Database__ConnectionString:       Host=postgres;Port=5432;Database=hermod;Username=hermod_app
      Hermod__Database__Password:               <set to the key 'hermod-db-password' in secret 'hermod-db-credentials'>  Optional: false
      Hermod__Features__DeviceStateTracking:    true
      Hermod__Engine__LogBatchSize:             100
      Hermod__Engine__LogBatching:              true
      Hermod__Engine__Parallelism:              0
      Hermod__Features__MessagePersistence:     true
      Hermod__Features__RuleAuditLog:           true
      Hermod__Features__RuleCache:              true
      Hermod__Features__StatsRollup:            true
      Hermod__Storage__Mode:                    Postgres
      Logging__LogLevel__Hermod:                Information
      Logging__LogLevel__Microsoft.AspNetCore:  Warning
      HERMOD_UUID_TRACE_ENABLED:                true
    Mounts:
      /var/run/secrets/kubernetes.io/serviceaccount from kube-api-access-g2nzb (ro)
Conditions:
  Type                        Status
  PodReadyToStartContainers   True 
  Initialized                 True 
  Ready                       True 
  ContainersReady             True 
  PodScheduled                True 
Volumes:
  kube-api-access-g2nzb:
    Type:                    Projected (a volume that contains injected data from multiple sources)
    TokenExpirationSeconds:  3607
    ConfigMapName:           kube-root-ca.crt
    Optional:                false
    DownwardAPI:             true
QoS Class:                   Burstable
Node-Selectors:              <none>
Tolerations:                 node.kubernetes.io/not-ready:NoExecute op=Exists for 300s
                             node.kubernetes.io/unreachable:NoExecute op=Exists for 300s
Events:
  Type    Reason     Age    From               Message
  ----    ------     ----   ----               -------
  Normal  Scheduled  2m13s  default-scheduler  Successfully assigned coord-only/hermod-coordinator-7db5c97c54-jhh6m to <pi-host>
  Normal  Pulled     2m13s  kubelet            spec.initContainers{wait-for-postgres}: Container image "busybox:1.36" already present on machine
  Normal  Created    2m13s  kubelet            spec.initContainers{wait-for-postgres}: Created container: wait-for-postgres
  Normal  Started    2m13s  kubelet            spec.initContainers{wait-for-postgres}: Started container wait-for-postgres
  Normal  Pulled     2m12s  kubelet            spec.initContainers{wait-for-nanomq}: Container image "busybox:1.36" already present on machine
  Normal  Created    2m12s  kubelet            spec.initContainers{wait-for-nanomq}: Created container: wait-for-nanomq
  Normal  Started    2m12s  kubelet            spec.initContainers{wait-for-nanomq}: Started container wait-for-nanomq
  Normal  Pulled     2m11s  kubelet            spec.containers{hermod-coordinator}: Container image "hermod-coordinator:latest" already present on machine
  Normal  Created    2m11s  kubelet            spec.containers{hermod-coordinator}: Created container: hermod-coordinator
  Normal  Started    2m11s  kubelet            spec.containers{hermod-coordinator}: Started container hermod-coordinator


Name:             nanomq-d6c898bcc-hz5s5
Namespace:        coord-only
Priority:         0
Service Account:  default
Node:             <pi-host>/<pi-ip>
Start Time:       Mon, 27 Apr 2026 07:32:04 +0200
Labels:           app=nanomq
                  pod-template-hash=d6c898bcc
Annotations:      cni.projectcalico.org/containerID: c110998772d8193528fa9ba2064db6ced4a8343d711ad63f6cd647f9106c23e1
                  cni.projectcalico.org/podIP: <pod-ip>/32
                  cni.projectcalico.org/podIPs: <pod-ip>/32
                  kubectl.kubernetes.io/restartedAt: 2026-04-27T07:32:03+02:00
Status:           Running
IP:               <pod-ip>
IPs:
  IP:           <pod-ip>
Controlled By:  ReplicaSet/nanomq-d6c898bcc
Containers:
  nanomq:
    Container ID:   containerd://8ff41f1e718ab50a37a41bbfa7b9433cb02d1c566035821c9f17eccd2a391f9c
    Image:          emqx/nanomq:0.21-slim
    Image ID:       docker.io/emqx/nanomq@sha256:53bea7acb547aced1cc45e08c514628f1e41c4da9ad544fd8c5fa96d3e9eb41b
    Ports:          1883/TCP (mqtt), 8081/TCP (http)
    Host Ports:     0/TCP (mqtt), 0/TCP (http)
    State:          Running
      Started:      Mon, 27 Apr 2026 07:32:05 +0200
    Ready:          True
    Restart Count:  0
    Limits:
      cpu:     1
      memory:  512Mi
    Requests:
      cpu:        50m
      memory:     64Mi
    Liveness:     tcp-socket :1883 delay=10s timeout=1s period=10s #success=1 #failure=3
    Readiness:    tcp-socket :1883 delay=3s timeout=1s period=5s #success=1 #failure=3
    Environment:  <none>
    Mounts:
      /etc/nanomq.conf from config (rw,path="nanomq.conf")
      /var/run/secrets/kubernetes.io/serviceaccount from kube-api-access-shsrs (ro)
Conditions:
  Type                        Status
  PodReadyToStartContainers   True 
  Initialized                 True 
  Ready                       True 
  ContainersReady             True 
  PodScheduled                True 
Volumes:
  config:
    Type:      ConfigMap (a volume populated by a ConfigMap)
    Name:      nanomq-config
    Optional:  false
  kube-api-access-shsrs:
    Type:                    Projected (a volume that contains injected data from multiple sources)
    TokenExpirationSeconds:  3607
    ConfigMapName:           kube-root-ca.crt
    Optional:                false
    DownwardAPI:             true
QoS Class:                   Burstable
Node-Selectors:              <none>
Tolerations:                 node.kubernetes.io/not-ready:NoExecute op=Exists for 300s
                             node.kubernetes.io/unreachable:NoExecute op=Exists for 300s
Events:
  Type    Reason     Age    From               Message
  ----    ------     ----   ----               -------
  Normal  Scheduled  2m27s  default-scheduler  Successfully assigned coord-only/nanomq-d6c898bcc-hz5s5 to <pi-host>
  Normal  Pulled     2m27s  kubelet            spec.containers{nanomq}: Container image "emqx/nanomq:0.21-slim" already present on machine
  Normal  Created    2m27s  kubelet            spec.containers{nanomq}: Created container: nanomq
  Normal  Started    2m27s  kubelet            spec.containers{nanomq}: Started container nanomq


Name:             postgres-0
Namespace:        coord-only
Priority:         0
Service Account:  default
Node:             <pi-host>/<pi-ip>
Start Time:       Mon, 27 Apr 2026 04:16:57 +0200
Labels:           app=postgres
                  apps.kubernetes.io/pod-index=0
                  controller-revision-hash=postgres-6497897965
                  statefulset.kubernetes.io/pod-name=postgres-0
Annotations:      cni.projectcalico.org/containerID: 69fb4823b666d3d2a1395c00ab9b26a33337431372918fb41d9f85f42d91a056
                  cni.projectcalico.org/podIP: <pod-ip>/32
                  cni.projectcalico.org/podIPs: <pod-ip>/32
Status:           Running
IP:               <pod-ip>
IPs:
  IP:           <pod-ip>
Controlled By:  StatefulSet/postgres
Containers:
  postgres:
    Container ID:  containerd://adf8585ccc9b705cf0261f22f8e1c254a24670c72b998bb7a052f31e3a5ae5be
    Image:         postgres:17-alpine
    Image ID:      docker.io/library/postgres@sha256:778d0b486d6daa02b77434d0358ec57a1b21fd8b6d22ac2eef56a33e816928f6
    Port:          5432/TCP
    Host Port:     0/TCP
    Args:
      -c
      shared_buffers=256MB
      -c
      max_connections=200
      -c
      work_mem=16MB
    State:          Running
      Started:      Mon, 27 Apr 2026 04:16:58 +0200
    Ready:          True
    Restart Count:  0
    Limits:
      cpu:     1500m
      memory:  1536Mi
    Requests:
      cpu:      100m
      memory:   256Mi
    Liveness:   exec [pg_isready -U postgres] delay=30s timeout=1s period=10s #success=1 #failure=3
    Readiness:  exec [pg_isready -U postgres] delay=5s timeout=1s period=5s #success=1 #failure=3
    Environment:
      POSTGRES_DB:        postgres
      POSTGRES_USER:      postgres
      POSTGRES_PASSWORD:  <set to the key 'postgres-superuser-password' in secret 'hermod-secrets'>  Optional: false
    Mounts:
      /docker-entrypoint-initdb.d from init (rw)
      /var/lib/postgresql/data from data (rw)
      /var/run/secrets/kubernetes.io/serviceaccount from kube-api-access-79j56 (ro)
Conditions:
  Type                        Status
  PodReadyToStartContainers   True 
  Initialized                 True 
  Ready                       True 
  ContainersReady             True 
  PodScheduled                True 
Volumes:
  data:
    Type:       PersistentVolumeClaim (a reference to a PersistentVolumeClaim in the same namespace)
    ClaimName:  data-postgres-0
    ReadOnly:   false
  init:
    Type:      ConfigMap (a volume populated by a ConfigMap)
    Name:      postgres-init
    Optional:  false
  kube-api-access-79j56:
    Type:                    Projected (a volume that contains injected data from multiple sources)
    TokenExpirationSeconds:  3607
    ConfigMapName:           kube-root-ca.crt
    Optional:                false
    DownwardAPI:             true
QoS Class:                   Burstable
Node-Selectors:              <none>
Tolerations:                 node.kubernetes.io/not-ready:NoExecute op=Exists for 300s
                             node.kubernetes.io/unreachable:NoExecute op=Exists for 300s
Events:                      <none>

=== ts=1777268083 ===
Name:             hermod-coordinator-7db5c97c54-jhh6m
Namespace:        coord-only
Priority:         0
Service Account:  default
Node:             <pi-host>/<pi-ip>
Start Time:       Mon, 27 Apr 2026 07:32:18 +0200
Labels:           app=hermod-coordinator
                  pod-template-hash=7db5c97c54
Annotations:      cni.projectcalico.org/containerID: c6f618e8f3ce48e7428393b036bc4b20ccf62c6741d919f6c010314dfc414078
                  cni.projectcalico.org/podIP: <pod-ip>/32
                  cni.projectcalico.org/podIPs: <pod-ip>/32
                  kubectl.kubernetes.io/restartedAt: 2026-04-27T07:32:03+02:00
Status:           Running
IP:               <pod-ip>
IPs:
  IP:           <pod-ip>
Controlled By:  ReplicaSet/hermod-coordinator-7db5c97c54
Init Containers:
  wait-for-postgres:
    Container ID:  containerd://184204c5b0f650ad50097a2f3fd310e5b278cbcdfafc6c90b42d972a85c98b72
    Image:         busybox:1.36
    Image ID:      docker.io/library/busybox@sha256:73aaf090f3d85aa34ee199857f03fa3a95c8ede2ffd4cc2cdb5b94e566b11662
    Port:          <none>
    Host Port:     <none>
    Command:
      sh
      -c
      until nc -z postgres 5432; do sleep 2; done
    State:          Terminated
      Reason:       Completed
      Exit Code:    0
      Started:      Mon, 27 Apr 2026 07:32:19 +0200
      Finished:     Mon, 27 Apr 2026 07:32:19 +0200
    Ready:          True
    Restart Count:  0
    Environment:
      Hermod__Features__DeviceStateTracking:    true
      Hermod__Engine__LogBatchSize:             100
      Hermod__Engine__LogBatching:              true
      Hermod__Engine__Parallelism:              0
      Hermod__Features__MessagePersistence:     true
      Hermod__Features__RuleAuditLog:           true
      Hermod__Features__RuleCache:              true
      Hermod__Features__StatsRollup:            true
      Hermod__Storage__Mode:                    Postgres
      Logging__LogLevel__Hermod:                Information
      Logging__LogLevel__Microsoft.AspNetCore:  Warning
      HERMOD_UUID_TRACE_ENABLED:                true
    Mounts:
      /var/run/secrets/kubernetes.io/serviceaccount from kube-api-access-g2nzb (ro)
  wait-for-nanomq:
    Container ID:  containerd://0893944fc1f5b7dd76e5282d53fb2b42de5f95224d5e2ef45ecf7dd6f96fc268
    Image:         busybox:1.36
    Image ID:      docker.io/library/busybox@sha256:73aaf090f3d85aa34ee199857f03fa3a95c8ede2ffd4cc2cdb5b94e566b11662
    Port:          <none>
    Host Port:     <none>
    Command:
      sh
      -c
      until nc -z nanomq 1883; do sleep 2; done
    State:          Terminated
      Reason:       Completed
      Exit Code:    0
      Started:      Mon, 27 Apr 2026 07:32:20 +0200
      Finished:     Mon, 27 Apr 2026 07:32:20 +0200
    Ready:          True
    Restart Count:  0
    Environment:
      Hermod__Features__DeviceStateTracking:    true
      Hermod__Engine__LogBatchSize:             100
      Hermod__Engine__LogBatching:              true
      Hermod__Engine__Parallelism:              0
      Hermod__Features__MessagePersistence:     true
      Hermod__Features__RuleAuditLog:           true
      Hermod__Features__RuleCache:              true
      Hermod__Features__StatsRollup:            true
      Hermod__Storage__Mode:                    Postgres
      Logging__LogLevel__Hermod:                Information
      Logging__LogLevel__Microsoft.AspNetCore:  Warning
      HERMOD_UUID_TRACE_ENABLED:                true
    Mounts:
      /var/run/secrets/kubernetes.io/serviceaccount from kube-api-access-g2nzb (ro)
Containers:
  hermod-coordinator:
    Container ID:   containerd://61c0b775a752d0143334fe959f4c823df4ec1e0e92b7206a032d393697c5245e
    Image:          hermod-coordinator:latest
    Image ID:       sha256:ca91ccdfcd269dd5e4e25d5ffe8d863ca5db57e5c4f62f08c8adf90d23c15eaf
    Port:           42069/TCP (http)
    Host Port:      0/TCP (http)
    State:          Running
      Started:      Mon, 27 Apr 2026 07:32:21 +0200
    Ready:          True
    Restart Count:  0
    Limits:
      cpu:     1500m
      memory:  1536Mi
    Requests:
      cpu:      200m
      memory:   256Mi
    Liveness:   http-get http://:42069/healthz delay=60s timeout=1s period=30s #success=1 #failure=3
    Readiness:  http-get http://:42069/healthz/ready delay=5s timeout=1s period=10s #success=1 #failure=3
    Startup:    http-get http://:42069/healthz delay=0s timeout=1s period=5s #success=1 #failure=30
    Environment:
      ASPNETCORE_ENVIRONMENT:                   Production
      ASPNETCORE_URLS:                          http://+:42069
      DOTNET_USE_POLLING_FILE_WATCHER:          true
      Hermod__Security__AuthBypass:             true
      Hermod__Security__VaultRequireHttps:      false
      Hermod__Features__MetricsEndpoint:        true
      Hermod__Dev__Endpoints:                   true
      Hermod__Mqtt__Host:                       nanomq
      Hermod__Mqtt__Port:                       1883
      Hermod__Mqtt__UseTls:                     false
      Hermod__Mqtt__Tls__UseTls:                false
      Hermod__Mqtt__Username:                   <set to the key 'mqtt-username' in secret 'hermod-secrets'>  Optional: false
      Hermod__Mqtt__Password:                   <set to the key 'mqtt-password' in secret 'hermod-secrets'>  Optional: false
      Hermod__Database__ConnectionString:       Host=postgres;Port=5432;Database=hermod;Username=hermod_app
      Hermod__Database__Password:               <set to the key 'hermod-db-password' in secret 'hermod-db-credentials'>  Optional: false
      Hermod__Features__DeviceStateTracking:    true
      Hermod__Engine__LogBatchSize:             100
      Hermod__Engine__LogBatching:              true
      Hermod__Engine__Parallelism:              0
      Hermod__Features__MessagePersistence:     true
      Hermod__Features__RuleAuditLog:           true
      Hermod__Features__RuleCache:              true
      Hermod__Features__StatsRollup:            true
      Hermod__Storage__Mode:                    Postgres
      Logging__LogLevel__Hermod:                Information
      Logging__LogLevel__Microsoft.AspNetCore:  Warning
      HERMOD_UUID_TRACE_ENABLED:                true
    Mounts:
      /var/run/secrets/kubernetes.io/serviceaccount from kube-api-access-g2nzb (ro)
Conditions:
  Type                        Status
  PodReadyToStartContainers   True 
  Initialized                 True 
  Ready                       True 
  ContainersReady             True 
  PodScheduled                True 
Volumes:
  kube-api-access-g2nzb:
    Type:                    Projected (a volume that contains injected data from multiple sources)
    TokenExpirationSeconds:  3607
    ConfigMapName:           kube-root-ca.crt
    Optional:                false
    DownwardAPI:             true
QoS Class:                   Burstable
Node-Selectors:              <none>
Tolerations:                 node.kubernetes.io/not-ready:NoExecute op=Exists for 300s
                             node.kubernetes.io/unreachable:NoExecute op=Exists for 300s
Events:
  Type    Reason     Age    From               Message
  ----    ------     ----   ----               -------
  Normal  Scheduled  2m24s  default-scheduler  Successfully assigned coord-only/hermod-coordinator-7db5c97c54-jhh6m to <pi-host>
  Normal  Pulled     2m24s  kubelet            spec.initContainers{wait-for-postgres}: Container image "busybox:1.36" already present on machine
  Normal  Created    2m24s  kubelet            spec.initContainers{wait-for-postgres}: Created container: wait-for-postgres
  Normal  Started    2m24s  kubelet            spec.initContainers{wait-for-postgres}: Started container wait-for-postgres
  Normal  Pulled     2m23s  kubelet            spec.initContainers{wait-for-nanomq}: Container image "busybox:1.36" already present on machine
  Normal  Created    2m23s  kubelet            spec.initContainers{wait-for-nanomq}: Created container: wait-for-nanomq
  Normal  Started    2m23s  kubelet            spec.initContainers{wait-for-nanomq}: Started container wait-for-nanomq
  Normal  Pulled     2m22s  kubelet            spec.containers{hermod-coordinator}: Container image "hermod-coordinator:latest" already present on machine
  Normal  Created    2m22s  kubelet            spec.containers{hermod-coordinator}: Created container: hermod-coordinator
  Normal  Started    2m22s  kubelet            spec.containers{hermod-coordinator}: Started container hermod-coordinator


Name:             nanomq-d6c898bcc-hz5s5
Namespace:        coord-only
Priority:         0
Service Account:  default
Node:             <pi-host>/<pi-ip>
Start Time:       Mon, 27 Apr 2026 07:32:04 +0200
Labels:           app=nanomq
                  pod-template-hash=d6c898bcc
Annotations:      cni.projectcalico.org/containerID: c110998772d8193528fa9ba2064db6ced4a8343d711ad63f6cd647f9106c23e1
                  cni.projectcalico.org/podIP: <pod-ip>/32
                  cni.projectcalico.org/podIPs: <pod-ip>/32
                  kubectl.kubernetes.io/restartedAt: 2026-04-27T07:32:03+02:00
Status:           Running
IP:               <pod-ip>
IPs:
  IP:           <pod-ip>
Controlled By:  ReplicaSet/nanomq-d6c898bcc
Containers:
  nanomq:
    Container ID:   containerd://8ff41f1e718ab50a37a41bbfa7b9433cb02d1c566035821c9f17eccd2a391f9c
    Image:          emqx/nanomq:0.21-slim
    Image ID:       docker.io/emqx/nanomq@sha256:53bea7acb547aced1cc45e08c514628f1e41c4da9ad544fd8c5fa96d3e9eb41b
    Ports:          1883/TCP (mqtt), 8081/TCP (http)
    Host Ports:     0/TCP (mqtt), 0/TCP (http)
    State:          Running
      Started:      Mon, 27 Apr 2026 07:32:05 +0200
    Ready:          True
    Restart Count:  0
    Limits:
      cpu:     1
      memory:  512Mi
    Requests:
      cpu:        50m
      memory:     64Mi
    Liveness:     tcp-socket :1883 delay=10s timeout=1s period=10s #success=1 #failure=3
    Readiness:    tcp-socket :1883 delay=3s timeout=1s period=5s #success=1 #failure=3
    Environment:  <none>
    Mounts:
      /etc/nanomq.conf from config (rw,path="nanomq.conf")
      /var/run/secrets/kubernetes.io/serviceaccount from kube-api-access-shsrs (ro)
Conditions:
  Type                        Status
  PodReadyToStartContainers   True 
  Initialized                 True 
  Ready                       True 
  ContainersReady             True 
  PodScheduled                True 
Volumes:
  config:
    Type:      ConfigMap (a volume populated by a ConfigMap)
    Name:      nanomq-config
    Optional:  false
  kube-api-access-shsrs:
    Type:                    Projected (a volume that contains injected data from multiple sources)
    TokenExpirationSeconds:  3607
    ConfigMapName:           kube-root-ca.crt
    Optional:                false
    DownwardAPI:             true
QoS Class:                   Burstable
Node-Selectors:              <none>
Tolerations:                 node.kubernetes.io/not-ready:NoExecute op=Exists for 300s
                             node.kubernetes.io/unreachable:NoExecute op=Exists for 300s
Events:
  Type    Reason     Age    From               Message
  ----    ------     ----   ----               -------
  Normal  Scheduled  2m38s  default-scheduler  Successfully assigned coord-only/nanomq-d6c898bcc-hz5s5 to <pi-host>
  Normal  Pulled     2m38s  kubelet            spec.containers{nanomq}: Container image "emqx/nanomq:0.21-slim" already present on machine
  Normal  Created    2m38s  kubelet            spec.containers{nanomq}: Created container: nanomq
  Normal  Started    2m38s  kubelet            spec.containers{nanomq}: Started container nanomq


Name:             postgres-0
Namespace:        coord-only
Priority:         0
Service Account:  default
Node:             <pi-host>/<pi-ip>
Start Time:       Mon, 27 Apr 2026 04:16:57 +0200
Labels:           app=postgres
                  apps.kubernetes.io/pod-index=0
                  controller-revision-hash=postgres-6497897965
                  statefulset.kubernetes.io/pod-name=postgres-0
Annotations:      cni.projectcalico.org/containerID: 69fb4823b666d3d2a1395c00ab9b26a33337431372918fb41d9f85f42d91a056
                  cni.projectcalico.org/podIP: <pod-ip>/32
                  cni.projectcalico.org/podIPs: <pod-ip>/32
Status:           Running
IP:               <pod-ip>
IPs:
  IP:           <pod-ip>
Controlled By:  StatefulSet/postgres
Containers:
  postgres:
    Container ID:  containerd://adf8585ccc9b705cf0261f22f8e1c254a24670c72b998bb7a052f31e3a5ae5be
    Image:         postgres:17-alpine
    Image ID:      docker.io/library/postgres@sha256:778d0b486d6daa02b77434d0358ec57a1b21fd8b6d22ac2eef56a33e816928f6
    Port:          5432/TCP
    Host Port:     0/TCP
    Args:
      -c
      shared_buffers=256MB
      -c
      max_connections=200
      -c
      work_mem=16MB
    State:          Running
      Started:      Mon, 27 Apr 2026 04:16:58 +0200
    Ready:          True
    Restart Count:  0
    Limits:
      cpu:     1500m
      memory:  1536Mi
    Requests:
      cpu:      100m
      memory:   256Mi
    Liveness:   exec [pg_isready -U postgres] delay=30s timeout=1s period=10s #success=1 #failure=3
    Readiness:  exec [pg_isready -U postgres] delay=5s timeout=1s period=5s #success=1 #failure=3
    Environment:
      POSTGRES_DB:        postgres
      POSTGRES_USER:      postgres
      POSTGRES_PASSWORD:  <set to the key 'postgres-superuser-password' in secret 'hermod-secrets'>  Optional: false
    Mounts:
      /docker-entrypoint-initdb.d from init (rw)
      /var/lib/postgresql/data from data (rw)
      /var/run/secrets/kubernetes.io/serviceaccount from kube-api-access-79j56 (ro)
Conditions:
  Type                        Status
  PodReadyToStartContainers   True 
  Initialized                 True 
  Ready                       True 
  ContainersReady             True 
  PodScheduled                True 
Volumes:
  data:
    Type:       PersistentVolumeClaim (a reference to a PersistentVolumeClaim in the same namespace)
    ClaimName:  data-postgres-0
    ReadOnly:   false
  init:
    Type:      ConfigMap (a volume populated by a ConfigMap)
    Name:      postgres-init
    Optional:  false
  kube-api-access-79j56:
    Type:                    Projected (a volume that contains injected data from multiple sources)
    TokenExpirationSeconds:  3607
    ConfigMapName:           kube-root-ca.crt
    Optional:                false
    DownwardAPI:             true
QoS Class:                   Burstable
Node-Selectors:              <none>
Tolerations:                 node.kubernetes.io/not-ready:NoExecute op=Exists for 300s
                             node.kubernetes.io/unreachable:NoExecute op=Exists for 300s
Events:                      <none>

=== ts=1777268094 ===
Name:             hermod-coordinator-7db5c97c54-jhh6m
Namespace:        coord-only
Priority:         0
Service Account:  default
Node:             <pi-host>/<pi-ip>
Start Time:       Mon, 27 Apr 2026 07:32:18 +0200
Labels:           app=hermod-coordinator
                  pod-template-hash=7db5c97c54
Annotations:      cni.projectcalico.org/containerID: c6f618e8f3ce48e7428393b036bc4b20ccf62c6741d919f6c010314dfc414078
                  cni.projectcalico.org/podIP: <pod-ip>/32
                  cni.projectcalico.org/podIPs: <pod-ip>/32
                  kubectl.kubernetes.io/restartedAt: 2026-04-27T07:32:03+02:00
Status:           Running
IP:               <pod-ip>
IPs:
  IP:           <pod-ip>
Controlled By:  ReplicaSet/hermod-coordinator-7db5c97c54
Init Containers:
  wait-for-postgres:
    Container ID:  containerd://184204c5b0f650ad50097a2f3fd310e5b278cbcdfafc6c90b42d972a85c98b72
    Image:         busybox:1.36
    Image ID:      docker.io/library/busybox@sha256:73aaf090f3d85aa34ee199857f03fa3a95c8ede2ffd4cc2cdb5b94e566b11662
    Port:          <none>
    Host Port:     <none>
    Command:
      sh
      -c
      until nc -z postgres 5432; do sleep 2; done
    State:          Terminated
      Reason:       Completed
      Exit Code:    0
      Started:      Mon, 27 Apr 2026 07:32:19 +0200
      Finished:     Mon, 27 Apr 2026 07:32:19 +0200
    Ready:          True
    Restart Count:  0
    Environment:
      Hermod__Features__DeviceStateTracking:    true
      Hermod__Engine__LogBatchSize:             100
      Hermod__Engine__LogBatching:              true
      Hermod__Engine__Parallelism:              0
      Hermod__Features__MessagePersistence:     true
      Hermod__Features__RuleAuditLog:           true
      Hermod__Features__RuleCache:              true
      Hermod__Features__StatsRollup:            true
      Hermod__Storage__Mode:                    Postgres
      Logging__LogLevel__Hermod:                Information
      Logging__LogLevel__Microsoft.AspNetCore:  Warning
      HERMOD_UUID_TRACE_ENABLED:                true
    Mounts:
      /var/run/secrets/kubernetes.io/serviceaccount from kube-api-access-g2nzb (ro)
  wait-for-nanomq:
    Container ID:  containerd://0893944fc1f5b7dd76e5282d53fb2b42de5f95224d5e2ef45ecf7dd6f96fc268
    Image:         busybox:1.36
    Image ID:      docker.io/library/busybox@sha256:73aaf090f3d85aa34ee199857f03fa3a95c8ede2ffd4cc2cdb5b94e566b11662
    Port:          <none>
    Host Port:     <none>
    Command:
      sh
      -c
      until nc -z nanomq 1883; do sleep 2; done
    State:          Terminated
      Reason:       Completed
      Exit Code:    0
      Started:      Mon, 27 Apr 2026 07:32:20 +0200
      Finished:     Mon, 27 Apr 2026 07:32:20 +0200
    Ready:          True
    Restart Count:  0
    Environment:
      Hermod__Features__DeviceStateTracking:    true
      Hermod__Engine__LogBatchSize:             100
      Hermod__Engine__LogBatching:              true
      Hermod__Engine__Parallelism:              0
      Hermod__Features__MessagePersistence:     true
      Hermod__Features__RuleAuditLog:           true
      Hermod__Features__RuleCache:              true
      Hermod__Features__StatsRollup:            true
      Hermod__Storage__Mode:                    Postgres
      Logging__LogLevel__Hermod:                Information
      Logging__LogLevel__Microsoft.AspNetCore:  Warning
      HERMOD_UUID_TRACE_ENABLED:                true
    Mounts:
      /var/run/secrets/kubernetes.io/serviceaccount from kube-api-access-g2nzb (ro)
Containers:
  hermod-coordinator:
    Container ID:   containerd://61c0b775a752d0143334fe959f4c823df4ec1e0e92b7206a032d393697c5245e
    Image:          hermod-coordinator:latest
    Image ID:       sha256:ca91ccdfcd269dd5e4e25d5ffe8d863ca5db57e5c4f62f08c8adf90d23c15eaf
    Port:           42069/TCP (http)
    Host Port:      0/TCP (http)
    State:          Running
      Started:      Mon, 27 Apr 2026 07:32:21 +0200
    Ready:          True
    Restart Count:  0
    Limits:
      cpu:     1500m
      memory:  1536Mi
    Requests:
      cpu:      200m
      memory:   256Mi
    Liveness:   http-get http://:42069/healthz delay=60s timeout=1s period=30s #success=1 #failure=3
    Readiness:  http-get http://:42069/healthz/ready delay=5s timeout=1s period=10s #success=1 #failure=3
    Startup:    http-get http://:42069/healthz delay=0s timeout=1s period=5s #success=1 #failure=30
    Environment:
      ASPNETCORE_ENVIRONMENT:                   Production
      ASPNETCORE_URLS:                          http://+:42069
      DOTNET_USE_POLLING_FILE_WATCHER:          true
      Hermod__Security__AuthBypass:             true
      Hermod__Security__VaultRequireHttps:      false
      Hermod__Features__MetricsEndpoint:        true
      Hermod__Dev__Endpoints:                   true
      Hermod__Mqtt__Host:                       nanomq
      Hermod__Mqtt__Port:                       1883
      Hermod__Mqtt__UseTls:                     false
      Hermod__Mqtt__Tls__UseTls:                false
      Hermod__Mqtt__Username:                   <set to the key 'mqtt-username' in secret 'hermod-secrets'>  Optional: false
      Hermod__Mqtt__Password:                   <set to the key 'mqtt-password' in secret 'hermod-secrets'>  Optional: false
      Hermod__Database__ConnectionString:       Host=postgres;Port=5432;Database=hermod;Username=hermod_app
      Hermod__Database__Password:               <set to the key 'hermod-db-password' in secret 'hermod-db-credentials'>  Optional: false
      Hermod__Features__DeviceStateTracking:    true
      Hermod__Engine__LogBatchSize:             100
      Hermod__Engine__LogBatching:              true
      Hermod__Engine__Parallelism:              0
      Hermod__Features__MessagePersistence:     true
      Hermod__Features__RuleAuditLog:           true
      Hermod__Features__RuleCache:              true
      Hermod__Features__StatsRollup:            true
      Hermod__Storage__Mode:                    Postgres
      Logging__LogLevel__Hermod:                Information
      Logging__LogLevel__Microsoft.AspNetCore:  Warning
      HERMOD_UUID_TRACE_ENABLED:                true
    Mounts:
      /var/run/secrets/kubernetes.io/serviceaccount from kube-api-access-g2nzb (ro)
Conditions:
  Type                        Status
  PodReadyToStartContainers   True 
  Initialized                 True 
  Ready                       True 
  ContainersReady             True 
  PodScheduled                True 
Volumes:
  kube-api-access-g2nzb:
    Type:                    Projected (a volume that contains injected data from multiple sources)
    TokenExpirationSeconds:  3607
    ConfigMapName:           kube-root-ca.crt
    Optional:                false
    DownwardAPI:             true
QoS Class:                   Burstable
Node-Selectors:              <none>
Tolerations:                 node.kubernetes.io/not-ready:NoExecute op=Exists for 300s
                             node.kubernetes.io/unreachable:NoExecute op=Exists for 300s
Events:
  Type    Reason     Age    From               Message
  ----    ------     ----   ----               -------
  Normal  Scheduled  2m35s  default-scheduler  Successfully assigned coord-only/hermod-coordinator-7db5c97c54-jhh6m to <pi-host>
  Normal  Pulled     2m35s  kubelet            spec.initContainers{wait-for-postgres}: Container image "busybox:1.36" already present on machine
  Normal  Created    2m35s  kubelet            spec.initContainers{wait-for-postgres}: Created container: wait-for-postgres
  Normal  Started    2m35s  kubelet            spec.initContainers{wait-for-postgres}: Started container wait-for-postgres
  Normal  Pulled     2m34s  kubelet            spec.initContainers{wait-for-nanomq}: Container image "busybox:1.36" already present on machine
  Normal  Created    2m34s  kubelet            spec.initContainers{wait-for-nanomq}: Created container: wait-for-nanomq
  Normal  Started    2m34s  kubelet            spec.initContainers{wait-for-nanomq}: Started container wait-for-nanomq
  Normal  Pulled     2m33s  kubelet            spec.containers{hermod-coordinator}: Container image "hermod-coordinator:latest" already present on machine
  Normal  Created    2m33s  kubelet            spec.containers{hermod-coordinator}: Created container: hermod-coordinator
  Normal  Started    2m33s  kubelet            spec.containers{hermod-coordinator}: Started container hermod-coordinator


Name:             nanomq-d6c898bcc-hz5s5
Namespace:        coord-only
Priority:         0
Service Account:  default
Node:             <pi-host>/<pi-ip>
Start Time:       Mon, 27 Apr 2026 07:32:04 +0200
Labels:           app=nanomq
                  pod-template-hash=d6c898bcc
Annotations:      cni.projectcalico.org/containerID: c110998772d8193528fa9ba2064db6ced4a8343d711ad63f6cd647f9106c23e1
                  cni.projectcalico.org/podIP: <pod-ip>/32
                  cni.projectcalico.org/podIPs: <pod-ip>/32
                  kubectl.kubernetes.io/restartedAt: 2026-04-27T07:32:03+02:00
Status:           Running
IP:               <pod-ip>
IPs:
  IP:           <pod-ip>
Controlled By:  ReplicaSet/nanomq-d6c898bcc
Containers:
  nanomq:
    Container ID:   containerd://8ff41f1e718ab50a37a41bbfa7b9433cb02d1c566035821c9f17eccd2a391f9c
    Image:          emqx/nanomq:0.21-slim
    Image ID:       docker.io/emqx/nanomq@sha256:53bea7acb547aced1cc45e08c514628f1e41c4da9ad544fd8c5fa96d3e9eb41b
    Ports:          1883/TCP (mqtt), 8081/TCP (http)
    Host Ports:     0/TCP (mqtt), 0/TCP (http)
    State:          Running
      Started:      Mon, 27 Apr 2026 07:32:05 +0200
    Ready:          True
    Restart Count:  0
    Limits:
      cpu:     1
      memory:  512Mi
    Requests:
      cpu:        50m
      memory:     64Mi
    Liveness:     tcp-socket :1883 delay=10s timeout=1s period=10s #success=1 #failure=3
    Readiness:    tcp-socket :1883 delay=3s timeout=1s period=5s #success=1 #failure=3
    Environment:  <none>
    Mounts:
      /etc/nanomq.conf from config (rw,path="nanomq.conf")
      /var/run/secrets/kubernetes.io/serviceaccount from kube-api-access-shsrs (ro)
Conditions:
  Type                        Status
  PodReadyToStartContainers   True 
  Initialized                 True 
  Ready                       True 
  ContainersReady             True 
  PodScheduled                True 
Volumes:
  config:
    Type:      ConfigMap (a volume populated by a ConfigMap)
    Name:      nanomq-config
    Optional:  false
  kube-api-access-shsrs:
    Type:                    Projected (a volume that contains injected data from multiple sources)
    TokenExpirationSeconds:  3607
    ConfigMapName:           kube-root-ca.crt
    Optional:                false
    DownwardAPI:             true
QoS Class:                   Burstable
Node-Selectors:              <none>
Tolerations:                 node.kubernetes.io/not-ready:NoExecute op=Exists for 300s
                             node.kubernetes.io/unreachable:NoExecute op=Exists for 300s
Events:
  Type    Reason     Age    From               Message
  ----    ------     ----   ----               -------
  Normal  Scheduled  2m49s  default-scheduler  Successfully assigned coord-only/nanomq-d6c898bcc-hz5s5 to <pi-host>
  Normal  Pulled     2m49s  kubelet            spec.containers{nanomq}: Container image "emqx/nanomq:0.21-slim" already present on machine
  Normal  Created    2m49s  kubelet            spec.containers{nanomq}: Created container: nanomq
  Normal  Started    2m49s  kubelet            spec.containers{nanomq}: Started container nanomq


Name:             postgres-0
Namespace:        coord-only
Priority:         0
Service Account:  default
Node:             <pi-host>/<pi-ip>
Start Time:       Mon, 27 Apr 2026 04:16:57 +0200
Labels:           app=postgres
                  apps.kubernetes.io/pod-index=0
                  controller-revision-hash=postgres-6497897965
                  statefulset.kubernetes.io/pod-name=postgres-0
Annotations:      cni.projectcalico.org/containerID: 69fb4823b666d3d2a1395c00ab9b26a33337431372918fb41d9f85f42d91a056
                  cni.projectcalico.org/podIP: <pod-ip>/32
                  cni.projectcalico.org/podIPs: <pod-ip>/32
Status:           Running
IP:               <pod-ip>
IPs:
  IP:           <pod-ip>
Controlled By:  StatefulSet/postgres
Containers:
  postgres:
    Container ID:  containerd://adf8585ccc9b705cf0261f22f8e1c254a24670c72b998bb7a052f31e3a5ae5be
    Image:         postgres:17-alpine
    Image ID:      docker.io/library/postgres@sha256:778d0b486d6daa02b77434d0358ec57a1b21fd8b6d22ac2eef56a33e816928f6
    Port:          5432/TCP
    Host Port:     0/TCP
    Args:
      -c
      shared_buffers=256MB
      -c
      max_connections=200
      -c
      work_mem=16MB
    State:          Running
      Started:      Mon, 27 Apr 2026 04:16:58 +0200
    Ready:          True
    Restart Count:  0
    Limits:
      cpu:     1500m
      memory:  1536Mi
    Requests:
      cpu:      100m
      memory:   256Mi
    Liveness:   exec [pg_isready -U postgres] delay=30s timeout=1s period=10s #success=1 #failure=3
    Readiness:  exec [pg_isready -U postgres] delay=5s timeout=1s period=5s #success=1 #failure=3
    Environment:
      POSTGRES_DB:        postgres
      POSTGRES_USER:      postgres
      POSTGRES_PASSWORD:  <set to the key 'postgres-superuser-password' in secret 'hermod-secrets'>  Optional: false
    Mounts:
      /docker-entrypoint-initdb.d from init (rw)
      /var/lib/postgresql/data from data (rw)
      /var/run/secrets/kubernetes.io/serviceaccount from kube-api-access-79j56 (ro)
Conditions:
  Type                        Status
  PodReadyToStartContainers   True 
  Initialized                 True 
  Ready                       True 
  ContainersReady             True 
  PodScheduled                True 
Volumes:
  data:
    Type:       PersistentVolumeClaim (a reference to a PersistentVolumeClaim in the same namespace)
    ClaimName:  data-postgres-0
    ReadOnly:   false
  init:
    Type:      ConfigMap (a volume populated by a ConfigMap)
    Name:      postgres-init
    Optional:  false
  kube-api-access-79j56:
    Type:                    Projected (a volume that contains injected data from multiple sources)
    TokenExpirationSeconds:  3607
    ConfigMapName:           kube-root-ca.crt
    Optional:                false
    DownwardAPI:             true
QoS Class:                   Burstable
Node-Selectors:              <none>
Tolerations:                 node.kubernetes.io/not-ready:NoExecute op=Exists for 300s
                             node.kubernetes.io/unreachable:NoExecute op=Exists for 300s
Events:                      <none>

=== ts=1777268105 ===
Name:             hermod-coordinator-7db5c97c54-jhh6m
Namespace:        coord-only
Priority:         0
Service Account:  default
Node:             <pi-host>/<pi-ip>
Start Time:       Mon, 27 Apr 2026 07:32:18 +0200
Labels:           app=hermod-coordinator
                  pod-template-hash=7db5c97c54
Annotations:      cni.projectcalico.org/containerID: c6f618e8f3ce48e7428393b036bc4b20ccf62c6741d919f6c010314dfc414078
                  cni.projectcalico.org/podIP: <pod-ip>/32
                  cni.projectcalico.org/podIPs: <pod-ip>/32
                  kubectl.kubernetes.io/restartedAt: 2026-04-27T07:32:03+02:00
Status:           Running
IP:               <pod-ip>
IPs:
  IP:           <pod-ip>
Controlled By:  ReplicaSet/hermod-coordinator-7db5c97c54
Init Containers:
  wait-for-postgres:
    Container ID:  containerd://184204c5b0f650ad50097a2f3fd310e5b278cbcdfafc6c90b42d972a85c98b72
    Image:         busybox:1.36
    Image ID:      docker.io/library/busybox@sha256:73aaf090f3d85aa34ee199857f03fa3a95c8ede2ffd4cc2cdb5b94e566b11662
    Port:          <none>
    Host Port:     <none>
    Command:
      sh
      -c
      until nc -z postgres 5432; do sleep 2; done
    State:          Terminated
      Reason:       Completed
      Exit Code:    0
      Started:      Mon, 27 Apr 2026 07:32:19 +0200
      Finished:     Mon, 27 Apr 2026 07:32:19 +0200
    Ready:          True
    Restart Count:  0
    Environment:
      Hermod__Features__DeviceStateTracking:    true
      Hermod__Engine__LogBatchSize:             100
      Hermod__Engine__LogBatching:              true
      Hermod__Engine__Parallelism:              0
      Hermod__Features__MessagePersistence:     true
      Hermod__Features__RuleAuditLog:           true
      Hermod__Features__RuleCache:              true
      Hermod__Features__StatsRollup:            true
      Hermod__Storage__Mode:                    Postgres
      Logging__LogLevel__Hermod:                Information
      Logging__LogLevel__Microsoft.AspNetCore:  Warning
      HERMOD_UUID_TRACE_ENABLED:                true
    Mounts:
      /var/run/secrets/kubernetes.io/serviceaccount from kube-api-access-g2nzb (ro)
  wait-for-nanomq:
    Container ID:  containerd://0893944fc1f5b7dd76e5282d53fb2b42de5f95224d5e2ef45ecf7dd6f96fc268
    Image:         busybox:1.36
    Image ID:      docker.io/library/busybox@sha256:73aaf090f3d85aa34ee199857f03fa3a95c8ede2ffd4cc2cdb5b94e566b11662
    Port:          <none>
    Host Port:     <none>
    Command:
      sh
      -c
      until nc -z nanomq 1883; do sleep 2; done
    State:          Terminated
      Reason:       Completed
      Exit Code:    0
      Started:      Mon, 27 Apr 2026 07:32:20 +0200
      Finished:     Mon, 27 Apr 2026 07:32:20 +0200
    Ready:          True
    Restart Count:  0
    Environment:
      Hermod__Features__DeviceStateTracking:    true
      Hermod__Engine__LogBatchSize:             100
      Hermod__Engine__LogBatching:              true
      Hermod__Engine__Parallelism:              0
      Hermod__Features__MessagePersistence:     true
      Hermod__Features__RuleAuditLog:           true
      Hermod__Features__RuleCache:              true
      Hermod__Features__StatsRollup:            true
      Hermod__Storage__Mode:                    Postgres
      Logging__LogLevel__Hermod:                Information
      Logging__LogLevel__Microsoft.AspNetCore:  Warning
      HERMOD_UUID_TRACE_ENABLED:                true
    Mounts:
      /var/run/secrets/kubernetes.io/serviceaccount from kube-api-access-g2nzb (ro)
Containers:
  hermod-coordinator:
    Container ID:   containerd://61c0b775a752d0143334fe959f4c823df4ec1e0e92b7206a032d393697c5245e
    Image:          hermod-coordinator:latest
    Image ID:       sha256:ca91ccdfcd269dd5e4e25d5ffe8d863ca5db57e5c4f62f08c8adf90d23c15eaf
    Port:           42069/TCP (http)
    Host Port:      0/TCP (http)
    State:          Running
      Started:      Mon, 27 Apr 2026 07:32:21 +0200
    Ready:          True
    Restart Count:  0
    Limits:
      cpu:     1500m
      memory:  1536Mi
    Requests:
      cpu:      200m
      memory:   256Mi
    Liveness:   http-get http://:42069/healthz delay=60s timeout=1s period=30s #success=1 #failure=3
    Readiness:  http-get http://:42069/healthz/ready delay=5s timeout=1s period=10s #success=1 #failure=3
    Startup:    http-get http://:42069/healthz delay=0s timeout=1s period=5s #success=1 #failure=30
    Environment:
      ASPNETCORE_ENVIRONMENT:                   Production
      ASPNETCORE_URLS:                          http://+:42069
      DOTNET_USE_POLLING_FILE_WATCHER:          true
      Hermod__Security__AuthBypass:             true
      Hermod__Security__VaultRequireHttps:      false
      Hermod__Features__MetricsEndpoint:        true
      Hermod__Dev__Endpoints:                   true
      Hermod__Mqtt__Host:                       nanomq
      Hermod__Mqtt__Port:                       1883
      Hermod__Mqtt__UseTls:                     false
      Hermod__Mqtt__Tls__UseTls:                false
      Hermod__Mqtt__Username:                   <set to the key 'mqtt-username' in secret 'hermod-secrets'>  Optional: false
      Hermod__Mqtt__Password:                   <set to the key 'mqtt-password' in secret 'hermod-secrets'>  Optional: false
      Hermod__Database__ConnectionString:       Host=postgres;Port=5432;Database=hermod;Username=hermod_app
      Hermod__Database__Password:               <set to the key 'hermod-db-password' in secret 'hermod-db-credentials'>  Optional: false
      Hermod__Features__DeviceStateTracking:    true
      Hermod__Engine__LogBatchSize:             100
      Hermod__Engine__LogBatching:              true
      Hermod__Engine__Parallelism:              0
      Hermod__Features__MessagePersistence:     true
      Hermod__Features__RuleAuditLog:           true
      Hermod__Features__RuleCache:              true
      Hermod__Features__StatsRollup:            true
      Hermod__Storage__Mode:                    Postgres
      Logging__LogLevel__Hermod:                Information
      Logging__LogLevel__Microsoft.AspNetCore:  Warning
      HERMOD_UUID_TRACE_ENABLED:                true
    Mounts:
      /var/run/secrets/kubernetes.io/serviceaccount from kube-api-access-g2nzb (ro)
Conditions:
  Type                        Status
  PodReadyToStartContainers   True 
  Initialized                 True 
  Ready                       True 
  ContainersReady             True 
  PodScheduled                True 
Volumes:
  kube-api-access-g2nzb:
    Type:                    Projected (a volume that contains injected data from multiple sources)
    TokenExpirationSeconds:  3607
    ConfigMapName:           kube-root-ca.crt
    Optional:                false
    DownwardAPI:             true
QoS Class:                   Burstable
Node-Selectors:              <none>
Tolerations:                 node.kubernetes.io/not-ready:NoExecute op=Exists for 300s
                             node.kubernetes.io/unreachable:NoExecute op=Exists for 300s
Events:
  Type    Reason     Age    From               Message
  ----    ------     ----   ----               -------
  Normal  Scheduled  2m46s  default-scheduler  Successfully assigned coord-only/hermod-coordinator-7db5c97c54-jhh6m to <pi-host>
  Normal  Pulled     2m46s  kubelet            spec.initContainers{wait-for-postgres}: Container image "busybox:1.36" already present on machine
  Normal  Created    2m46s  kubelet            spec.initContainers{wait-for-postgres}: Created container: wait-for-postgres
  Normal  Started    2m46s  kubelet            spec.initContainers{wait-for-postgres}: Started container wait-for-postgres
  Normal  Pulled     2m45s  kubelet            spec.initContainers{wait-for-nanomq}: Container image "busybox:1.36" already present on machine
  Normal  Created    2m45s  kubelet            spec.initContainers{wait-for-nanomq}: Created container: wait-for-nanomq
  Normal  Started    2m45s  kubelet            spec.initContainers{wait-for-nanomq}: Started container wait-for-nanomq
  Normal  Pulled     2m44s  kubelet            spec.containers{hermod-coordinator}: Container image "hermod-coordinator:latest" already present on machine
  Normal  Created    2m44s  kubelet            spec.containers{hermod-coordinator}: Created container: hermod-coordinator
  Normal  Started    2m44s  kubelet            spec.containers{hermod-coordinator}: Started container hermod-coordinator


Name:             nanomq-d6c898bcc-hz5s5
Namespace:        coord-only
Priority:         0
Service Account:  default
Node:             <pi-host>/<pi-ip>
Start Time:       Mon, 27 Apr 2026 07:32:04 +0200
Labels:           app=nanomq
                  pod-template-hash=d6c898bcc
Annotations:      cni.projectcalico.org/containerID: c110998772d8193528fa9ba2064db6ced4a8343d711ad63f6cd647f9106c23e1
                  cni.projectcalico.org/podIP: <pod-ip>/32
                  cni.projectcalico.org/podIPs: <pod-ip>/32
                  kubectl.kubernetes.io/restartedAt: 2026-04-27T07:32:03+02:00
Status:           Running
IP:               <pod-ip>
IPs:
  IP:           <pod-ip>
Controlled By:  ReplicaSet/nanomq-d6c898bcc
Containers:
  nanomq:
    Container ID:   containerd://8ff41f1e718ab50a37a41bbfa7b9433cb02d1c566035821c9f17eccd2a391f9c
    Image:          emqx/nanomq:0.21-slim
    Image ID:       docker.io/emqx/nanomq@sha256:53bea7acb547aced1cc45e08c514628f1e41c4da9ad544fd8c5fa96d3e9eb41b
    Ports:          1883/TCP (mqtt), 8081/TCP (http)
    Host Ports:     0/TCP (mqtt), 0/TCP (http)
    State:          Running
      Started:      Mon, 27 Apr 2026 07:32:05 +0200
    Ready:          True
    Restart Count:  0
    Limits:
      cpu:     1
      memory:  512Mi
    Requests:
      cpu:        50m
      memory:     64Mi
    Liveness:     tcp-socket :1883 delay=10s timeout=1s period=10s #success=1 #failure=3
    Readiness:    tcp-socket :1883 delay=3s timeout=1s period=5s #success=1 #failure=3
    Environment:  <none>
    Mounts:
      /etc/nanomq.conf from config (rw,path="nanomq.conf")
      /var/run/secrets/kubernetes.io/serviceaccount from kube-api-access-shsrs (ro)
Conditions:
  Type                        Status
  PodReadyToStartContainers   True 
  Initialized                 True 
  Ready                       True 
  ContainersReady             True 
  PodScheduled                True 
Volumes:
  config:
    Type:      ConfigMap (a volume populated by a ConfigMap)
    Name:      nanomq-config
    Optional:  false
  kube-api-access-shsrs:
    Type:                    Projected (a volume that contains injected data from multiple sources)
    TokenExpirationSeconds:  3607
    ConfigMapName:           kube-root-ca.crt
    Optional:                false
    DownwardAPI:             true
QoS Class:                   Burstable
Node-Selectors:              <none>
Tolerations:                 node.kubernetes.io/not-ready:NoExecute op=Exists for 300s
                             node.kubernetes.io/unreachable:NoExecute op=Exists for 300s
Events:
  Type    Reason     Age   From               Message
  ----    ------     ----  ----               -------
  Normal  Scheduled  3m    default-scheduler  Successfully assigned coord-only/nanomq-d6c898bcc-hz5s5 to <pi-host>
  Normal  Pulled     3m    kubelet            spec.containers{nanomq}: Container image "emqx/nanomq:0.21-slim" already present on machine
  Normal  Created    3m    kubelet            spec.containers{nanomq}: Created container: nanomq
  Normal  Started    3m    kubelet            spec.containers{nanomq}: Started container nanomq


Name:             postgres-0
Namespace:        coord-only
Priority:         0
Service Account:  default
Node:             <pi-host>/<pi-ip>
Start Time:       Mon, 27 Apr 2026 04:16:57 +0200
Labels:           app=postgres
                  apps.kubernetes.io/pod-index=0
                  controller-revision-hash=postgres-6497897965
                  statefulset.kubernetes.io/pod-name=postgres-0
Annotations:      cni.projectcalico.org/containerID: 69fb4823b666d3d2a1395c00ab9b26a33337431372918fb41d9f85f42d91a056
                  cni.projectcalico.org/podIP: <pod-ip>/32
                  cni.projectcalico.org/podIPs: <pod-ip>/32
Status:           Running
IP:               <pod-ip>
IPs:
  IP:           <pod-ip>
Controlled By:  StatefulSet/postgres
Containers:
  postgres:
    Container ID:  containerd://adf8585ccc9b705cf0261f22f8e1c254a24670c72b998bb7a052f31e3a5ae5be
    Image:         postgres:17-alpine
    Image ID:      docker.io/library/postgres@sha256:778d0b486d6daa02b77434d0358ec57a1b21fd8b6d22ac2eef56a33e816928f6
    Port:          5432/TCP
    Host Port:     0/TCP
    Args:
      -c
      shared_buffers=256MB
      -c
      max_connections=200
      -c
      work_mem=16MB
    State:          Running
      Started:      Mon, 27 Apr 2026 04:16:58 +0200
    Ready:          True
    Restart Count:  0
    Limits:
      cpu:     1500m
      memory:  1536Mi
    Requests:
      cpu:      100m
      memory:   256Mi
    Liveness:   exec [pg_isready -U postgres] delay=30s timeout=1s period=10s #success=1 #failure=3
    Readiness:  exec [pg_isready -U postgres] delay=5s timeout=1s period=5s #success=1 #failure=3
    Environment:
      POSTGRES_DB:        postgres
      POSTGRES_USER:      postgres
      POSTGRES_PASSWORD:  <set to the key 'postgres-superuser-password' in secret 'hermod-secrets'>  Optional: false
    Mounts:
      /docker-entrypoint-initdb.d from init (rw)
      /var/lib/postgresql/data from data (rw)
      /var/run/secrets/kubernetes.io/serviceaccount from kube-api-access-79j56 (ro)
Conditions:
  Type                        Status
  PodReadyToStartContainers   True 
  Initialized                 True 
  Ready                       True 
  ContainersReady             True 
  PodScheduled                True 
Volumes:
  data:
    Type:       PersistentVolumeClaim (a reference to a PersistentVolumeClaim in the same namespace)
    ClaimName:  data-postgres-0
    ReadOnly:   false
  init:
    Type:      ConfigMap (a volume populated by a ConfigMap)
    Name:      postgres-init
    Optional:  false
  kube-api-access-79j56:
    Type:                    Projected (a volume that contains injected data from multiple sources)
    TokenExpirationSeconds:  3607
    ConfigMapName:           kube-root-ca.crt
    Optional:                false
    DownwardAPI:             true
QoS Class:                   Burstable
Node-Selectors:              <none>
Tolerations:                 node.kubernetes.io/not-ready:NoExecute op=Exists for 300s
                             node.kubernetes.io/unreachable:NoExecute op=Exists for 300s
Events:                      <none>

=== ts=1777268117 ===
Name:             hermod-coordinator-7db5c97c54-jhh6m
Namespace:        coord-only
Priority:         0
Service Account:  default
Node:             <pi-host>/<pi-ip>
Start Time:       Mon, 27 Apr 2026 07:32:18 +0200
Labels:           app=hermod-coordinator
                  pod-template-hash=7db5c97c54
Annotations:      cni.projectcalico.org/containerID: c6f618e8f3ce48e7428393b036bc4b20ccf62c6741d919f6c010314dfc414078
                  cni.projectcalico.org/podIP: <pod-ip>/32
                  cni.projectcalico.org/podIPs: <pod-ip>/32
                  kubectl.kubernetes.io/restartedAt: 2026-04-27T07:32:03+02:00
Status:           Running
IP:               <pod-ip>
IPs:
  IP:           <pod-ip>
Controlled By:  ReplicaSet/hermod-coordinator-7db5c97c54
Init Containers:
  wait-for-postgres:
    Container ID:  containerd://184204c5b0f650ad50097a2f3fd310e5b278cbcdfafc6c90b42d972a85c98b72
    Image:         busybox:1.36
    Image ID:      docker.io/library/busybox@sha256:73aaf090f3d85aa34ee199857f03fa3a95c8ede2ffd4cc2cdb5b94e566b11662
    Port:          <none>
    Host Port:     <none>
    Command:
      sh
      -c
      until nc -z postgres 5432; do sleep 2; done
    State:          Terminated
      Reason:       Completed
      Exit Code:    0
      Started:      Mon, 27 Apr 2026 07:32:19 +0200
      Finished:     Mon, 27 Apr 2026 07:32:19 +0200
    Ready:          True
    Restart Count:  0
    Environment:
      Hermod__Features__DeviceStateTracking:    true
      Hermod__Engine__LogBatchSize:             100
      Hermod__Engine__LogBatching:              true
      Hermod__Engine__Parallelism:              0
      Hermod__Features__MessagePersistence:     true
      Hermod__Features__RuleAuditLog:           true
      Hermod__Features__RuleCache:              true
      Hermod__Features__StatsRollup:            true
      Hermod__Storage__Mode:                    Postgres
      Logging__LogLevel__Hermod:                Information
      Logging__LogLevel__Microsoft.AspNetCore:  Warning
      HERMOD_UUID_TRACE_ENABLED:                true
    Mounts:
      /var/run/secrets/kubernetes.io/serviceaccount from kube-api-access-g2nzb (ro)
  wait-for-nanomq:
    Container ID:  containerd://0893944fc1f5b7dd76e5282d53fb2b42de5f95224d5e2ef45ecf7dd6f96fc268
    Image:         busybox:1.36
    Image ID:      docker.io/library/busybox@sha256:73aaf090f3d85aa34ee199857f03fa3a95c8ede2ffd4cc2cdb5b94e566b11662
    Port:          <none>
    Host Port:     <none>
    Command:
      sh
      -c
      until nc -z nanomq 1883; do sleep 2; done
    State:          Terminated
      Reason:       Completed
      Exit Code:    0
      Started:      Mon, 27 Apr 2026 07:32:20 +0200
      Finished:     Mon, 27 Apr 2026 07:32:20 +0200
    Ready:          True
    Restart Count:  0
    Environment:
      Hermod__Features__DeviceStateTracking:    true
      Hermod__Engine__LogBatchSize:             100
      Hermod__Engine__LogBatching:              true
      Hermod__Engine__Parallelism:              0
      Hermod__Features__MessagePersistence:     true
      Hermod__Features__RuleAuditLog:           true
      Hermod__Features__RuleCache:              true
      Hermod__Features__StatsRollup:            true
      Hermod__Storage__Mode:                    Postgres
      Logging__LogLevel__Hermod:                Information
      Logging__LogLevel__Microsoft.AspNetCore:  Warning
      HERMOD_UUID_TRACE_ENABLED:                true
    Mounts:
      /var/run/secrets/kubernetes.io/serviceaccount from kube-api-access-g2nzb (ro)
Containers:
  hermod-coordinator:
    Container ID:   containerd://61c0b775a752d0143334fe959f4c823df4ec1e0e92b7206a032d393697c5245e
    Image:          hermod-coordinator:latest
    Image ID:       sha256:ca91ccdfcd269dd5e4e25d5ffe8d863ca5db57e5c4f62f08c8adf90d23c15eaf
    Port:           42069/TCP (http)
    Host Port:      0/TCP (http)
    State:          Running
      Started:      Mon, 27 Apr 2026 07:32:21 +0200
    Ready:          True
    Restart Count:  0
    Limits:
      cpu:     1500m
      memory:  1536Mi
    Requests:
      cpu:      200m
      memory:   256Mi
    Liveness:   http-get http://:42069/healthz delay=60s timeout=1s period=30s #success=1 #failure=3
    Readiness:  http-get http://:42069/healthz/ready delay=5s timeout=1s period=10s #success=1 #failure=3
    Startup:    http-get http://:42069/healthz delay=0s timeout=1s period=5s #success=1 #failure=30
    Environment:
      ASPNETCORE_ENVIRONMENT:                   Production
      ASPNETCORE_URLS:                          http://+:42069
      DOTNET_USE_POLLING_FILE_WATCHER:          true
      Hermod__Security__AuthBypass:             true
      Hermod__Security__VaultRequireHttps:      false
      Hermod__Features__MetricsEndpoint:        true
      Hermod__Dev__Endpoints:                   true
      Hermod__Mqtt__Host:                       nanomq
      Hermod__Mqtt__Port:                       1883
      Hermod__Mqtt__UseTls:                     false
      Hermod__Mqtt__Tls__UseTls:                false
      Hermod__Mqtt__Username:                   <set to the key 'mqtt-username' in secret 'hermod-secrets'>  Optional: false
      Hermod__Mqtt__Password:                   <set to the key 'mqtt-password' in secret 'hermod-secrets'>  Optional: false
      Hermod__Database__ConnectionString:       Host=postgres;Port=5432;Database=hermod;Username=hermod_app
      Hermod__Database__Password:               <set to the key 'hermod-db-password' in secret 'hermod-db-credentials'>  Optional: false
      Hermod__Features__DeviceStateTracking:    true
      Hermod__Engine__LogBatchSize:             100
      Hermod__Engine__LogBatching:              true
      Hermod__Engine__Parallelism:              0
      Hermod__Features__MessagePersistence:     true
      Hermod__Features__RuleAuditLog:           true
      Hermod__Features__RuleCache:              true
      Hermod__Features__StatsRollup:            true
      Hermod__Storage__Mode:                    Postgres
      Logging__LogLevel__Hermod:                Information
      Logging__LogLevel__Microsoft.AspNetCore:  Warning
      HERMOD_UUID_TRACE_ENABLED:                true
    Mounts:
      /var/run/secrets/kubernetes.io/serviceaccount from kube-api-access-g2nzb (ro)
Conditions:
  Type                        Status
  PodReadyToStartContainers   True 
  Initialized                 True 
  Ready                       True 
  ContainersReady             True 
  PodScheduled                True 
Volumes:
  kube-api-access-g2nzb:
    Type:                    Projected (a volume that contains injected data from multiple sources)
    TokenExpirationSeconds:  3607
    ConfigMapName:           kube-root-ca.crt
    Optional:                false
    DownwardAPI:             true
QoS Class:                   Burstable
Node-Selectors:              <none>
Tolerations:                 node.kubernetes.io/not-ready:NoExecute op=Exists for 300s
                             node.kubernetes.io/unreachable:NoExecute op=Exists for 300s
Events:
  Type    Reason     Age    From               Message
  ----    ------     ----   ----               -------
  Normal  Scheduled  2m58s  default-scheduler  Successfully assigned coord-only/hermod-coordinator-7db5c97c54-jhh6m to <pi-host>
  Normal  Pulled     2m58s  kubelet            spec.initContainers{wait-for-postgres}: Container image "busybox:1.36" already present on machine
  Normal  Created    2m58s  kubelet            spec.initContainers{wait-for-postgres}: Created container: wait-for-postgres
  Normal  Started    2m58s  kubelet            spec.initContainers{wait-for-postgres}: Started container wait-for-postgres
  Normal  Pulled     2m57s  kubelet            spec.initContainers{wait-for-nanomq}: Container image "busybox:1.36" already present on machine
  Normal  Created    2m57s  kubelet            spec.initContainers{wait-for-nanomq}: Created container: wait-for-nanomq
  Normal  Started    2m57s  kubelet            spec.initContainers{wait-for-nanomq}: Started container wait-for-nanomq
  Normal  Pulled     2m56s  kubelet            spec.containers{hermod-coordinator}: Container image "hermod-coordinator:latest" already present on machine
  Normal  Created    2m56s  kubelet            spec.containers{hermod-coordinator}: Created container: hermod-coordinator
  Normal  Started    2m56s  kubelet            spec.containers{hermod-coordinator}: Started container hermod-coordinator


Name:             nanomq-d6c898bcc-hz5s5
Namespace:        coord-only
Priority:         0
Service Account:  default
Node:             <pi-host>/<pi-ip>
Start Time:       Mon, 27 Apr 2026 07:32:04 +0200
Labels:           app=nanomq
                  pod-template-hash=d6c898bcc
Annotations:      cni.projectcalico.org/containerID: c110998772d8193528fa9ba2064db6ced4a8343d711ad63f6cd647f9106c23e1
                  cni.projectcalico.org/podIP: <pod-ip>/32
                  cni.projectcalico.org/podIPs: <pod-ip>/32
                  kubectl.kubernetes.io/restartedAt: 2026-04-27T07:32:03+02:00
Status:           Running
IP:               <pod-ip>
IPs:
  IP:           <pod-ip>
Controlled By:  ReplicaSet/nanomq-d6c898bcc
Containers:
  nanomq:
    Container ID:   containerd://8ff41f1e718ab50a37a41bbfa7b9433cb02d1c566035821c9f17eccd2a391f9c
    Image:          emqx/nanomq:0.21-slim
    Image ID:       docker.io/emqx/nanomq@sha256:53bea7acb547aced1cc45e08c514628f1e41c4da9ad544fd8c5fa96d3e9eb41b
    Ports:          1883/TCP (mqtt), 8081/TCP (http)
    Host Ports:     0/TCP (mqtt), 0/TCP (http)
    State:          Running
      Started:      Mon, 27 Apr 2026 07:32:05 +0200
    Ready:          True
    Restart Count:  0
    Limits:
      cpu:     1
      memory:  512Mi
    Requests:
      cpu:        50m
      memory:     64Mi
    Liveness:     tcp-socket :1883 delay=10s timeout=1s period=10s #success=1 #failure=3
    Readiness:    tcp-socket :1883 delay=3s timeout=1s period=5s #success=1 #failure=3
    Environment:  <none>
    Mounts:
      /etc/nanomq.conf from config (rw,path="nanomq.conf")
      /var/run/secrets/kubernetes.io/serviceaccount from kube-api-access-shsrs (ro)
Conditions:
  Type                        Status
  PodReadyToStartContainers   True 
  Initialized                 True 
  Ready                       True 
  ContainersReady             True 
  PodScheduled                True 
Volumes:
  config:
    Type:      ConfigMap (a volume populated by a ConfigMap)
    Name:      nanomq-config
    Optional:  false
  kube-api-access-shsrs:
    Type:                    Projected (a volume that contains injected data from multiple sources)
    TokenExpirationSeconds:  3607
    ConfigMapName:           kube-root-ca.crt
    Optional:                false
    DownwardAPI:             true
QoS Class:                   Burstable
Node-Selectors:              <none>
Tolerations:                 node.kubernetes.io/not-ready:NoExecute op=Exists for 300s
                             node.kubernetes.io/unreachable:NoExecute op=Exists for 300s
Events:
  Type    Reason     Age    From               Message
  ----    ------     ----   ----               -------
  Normal  Scheduled  3m12s  default-scheduler  Successfully assigned coord-only/nanomq-d6c898bcc-hz5s5 to <pi-host>
  Normal  Pulled     3m12s  kubelet            spec.containers{nanomq}: Container image "emqx/nanomq:0.21-slim" already present on machine
  Normal  Created    3m12s  kubelet            spec.containers{nanomq}: Created container: nanomq
  Normal  Started    3m12s  kubelet            spec.containers{nanomq}: Started container nanomq


Name:             postgres-0
Namespace:        coord-only
Priority:         0
Service Account:  default
Node:             <pi-host>/<pi-ip>
Start Time:       Mon, 27 Apr 2026 04:16:57 +0200
Labels:           app=postgres
                  apps.kubernetes.io/pod-index=0
                  controller-revision-hash=postgres-6497897965
                  statefulset.kubernetes.io/pod-name=postgres-0
Annotations:      cni.projectcalico.org/containerID: 69fb4823b666d3d2a1395c00ab9b26a33337431372918fb41d9f85f42d91a056
                  cni.projectcalico.org/podIP: <pod-ip>/32
                  cni.projectcalico.org/podIPs: <pod-ip>/32
Status:           Running
IP:               <pod-ip>
IPs:
  IP:           <pod-ip>
Controlled By:  StatefulSet/postgres
Containers:
  postgres:
    Container ID:  containerd://adf8585ccc9b705cf0261f22f8e1c254a24670c72b998bb7a052f31e3a5ae5be
    Image:         postgres:17-alpine
    Image ID:      docker.io/library/postgres@sha256:778d0b486d6daa02b77434d0358ec57a1b21fd8b6d22ac2eef56a33e816928f6
    Port:          5432/TCP
    Host Port:     0/TCP
    Args:
      -c
      shared_buffers=256MB
      -c
      max_connections=200
      -c
      work_mem=16MB
    State:          Running
      Started:      Mon, 27 Apr 2026 04:16:58 +0200
    Ready:          True
    Restart Count:  0
    Limits:
      cpu:     1500m
      memory:  1536Mi
    Requests:
      cpu:      100m
      memory:   256Mi
    Liveness:   exec [pg_isready -U postgres] delay=30s timeout=1s period=10s #success=1 #failure=3
    Readiness:  exec [pg_isready -U postgres] delay=5s timeout=1s period=5s #success=1 #failure=3
    Environment:
      POSTGRES_DB:        postgres
      POSTGRES_USER:      postgres
      POSTGRES_PASSWORD:  <set to the key 'postgres-superuser-password' in secret 'hermod-secrets'>  Optional: false
    Mounts:
      /docker-entrypoint-initdb.d from init (rw)
      /var/lib/postgresql/data from data (rw)
      /var/run/secrets/kubernetes.io/serviceaccount from kube-api-access-79j56 (ro)
Conditions:
  Type                        Status
  PodReadyToStartContainers   True 
  Initialized                 True 
  Ready                       True 
  ContainersReady             True 
  PodScheduled                True 
Volumes:
  data:
    Type:       PersistentVolumeClaim (a reference to a PersistentVolumeClaim in the same namespace)
    ClaimName:  data-postgres-0
    ReadOnly:   false
  init:
    Type:      ConfigMap (a volume populated by a ConfigMap)
    Name:      postgres-init
    Optional:  false
  kube-api-access-79j56:
    Type:                    Projected (a volume that contains injected data from multiple sources)
    TokenExpirationSeconds:  3607
    ConfigMapName:           kube-root-ca.crt
    Optional:                false
    DownwardAPI:             true
QoS Class:                   Burstable
Node-Selectors:              <none>
Tolerations:                 node.kubernetes.io/not-ready:NoExecute op=Exists for 300s
                             node.kubernetes.io/unreachable:NoExecute op=Exists for 300s
Events:                      <none>

=== ts=1777268128 ===
Name:             hermod-coordinator-7db5c97c54-jhh6m
Namespace:        coord-only
Priority:         0
Service Account:  default
Node:             <pi-host>/<pi-ip>
Start Time:       Mon, 27 Apr 2026 07:32:18 +0200
Labels:           app=hermod-coordinator
                  pod-template-hash=7db5c97c54
Annotations:      cni.projectcalico.org/containerID: c6f618e8f3ce48e7428393b036bc4b20ccf62c6741d919f6c010314dfc414078
                  cni.projectcalico.org/podIP: <pod-ip>/32
                  cni.projectcalico.org/podIPs: <pod-ip>/32
                  kubectl.kubernetes.io/restartedAt: 2026-04-27T07:32:03+02:00
Status:           Running
IP:               <pod-ip>
IPs:
  IP:           <pod-ip>
Controlled By:  ReplicaSet/hermod-coordinator-7db5c97c54
Init Containers:
  wait-for-postgres:
    Container ID:  containerd://184204c5b0f650ad50097a2f3fd310e5b278cbcdfafc6c90b42d972a85c98b72
    Image:         busybox:1.36
    Image ID:      docker.io/library/busybox@sha256:73aaf090f3d85aa34ee199857f03fa3a95c8ede2ffd4cc2cdb5b94e566b11662
    Port:          <none>
    Host Port:     <none>
    Command:
      sh
      -c
      until nc -z postgres 5432; do sleep 2; done
    State:          Terminated
      Reason:       Completed
      Exit Code:    0
      Started:      Mon, 27 Apr 2026 07:32:19 +0200
      Finished:     Mon, 27 Apr 2026 07:32:19 +0200
    Ready:          True
    Restart Count:  0
    Environment:
      Hermod__Features__DeviceStateTracking:    true
      Hermod__Engine__LogBatchSize:             100
      Hermod__Engine__LogBatching:              true
      Hermod__Engine__Parallelism:              0
      Hermod__Features__MessagePersistence:     true
      Hermod__Features__RuleAuditLog:           true
      Hermod__Features__RuleCache:              true
      Hermod__Features__StatsRollup:            true
      Hermod__Storage__Mode:                    Postgres
      Logging__LogLevel__Hermod:                Information
      Logging__LogLevel__Microsoft.AspNetCore:  Warning
      HERMOD_UUID_TRACE_ENABLED:                true
    Mounts:
      /var/run/secrets/kubernetes.io/serviceaccount from kube-api-access-g2nzb (ro)
  wait-for-nanomq:
    Container ID:  containerd://0893944fc1f5b7dd76e5282d53fb2b42de5f95224d5e2ef45ecf7dd6f96fc268
    Image:         busybox:1.36
    Image ID:      docker.io/library/busybox@sha256:73aaf090f3d85aa34ee199857f03fa3a95c8ede2ffd4cc2cdb5b94e566b11662
    Port:          <none>
    Host Port:     <none>
    Command:
      sh
      -c
      until nc -z nanomq 1883; do sleep 2; done
    State:          Terminated
      Reason:       Completed
      Exit Code:    0
      Started:      Mon, 27 Apr 2026 07:32:20 +0200
      Finished:     Mon, 27 Apr 2026 07:32:20 +0200
    Ready:          True
    Restart Count:  0
    Environment:
      Hermod__Features__DeviceStateTracking:    true
      Hermod__Engine__LogBatchSize:             100
      Hermod__Engine__LogBatching:              true
      Hermod__Engine__Parallelism:              0
      Hermod__Features__MessagePersistence:     true
      Hermod__Features__RuleAuditLog:           true
      Hermod__Features__RuleCache:              true
      Hermod__Features__StatsRollup:            true
      Hermod__Storage__Mode:                    Postgres
      Logging__LogLevel__Hermod:                Information
      Logging__LogLevel__Microsoft.AspNetCore:  Warning
      HERMOD_UUID_TRACE_ENABLED:                true
    Mounts:
      /var/run/secrets/kubernetes.io/serviceaccount from kube-api-access-g2nzb (ro)
Containers:
  hermod-coordinator:
    Container ID:   containerd://61c0b775a752d0143334fe959f4c823df4ec1e0e92b7206a032d393697c5245e
    Image:          hermod-coordinator:latest
    Image ID:       sha256:ca91ccdfcd269dd5e4e25d5ffe8d863ca5db57e5c4f62f08c8adf90d23c15eaf
    Port:           42069/TCP (http)
    Host Port:      0/TCP (http)
    State:          Running
      Started:      Mon, 27 Apr 2026 07:32:21 +0200
    Ready:          True
    Restart Count:  0
    Limits:
      cpu:     1500m
      memory:  1536Mi
    Requests:
      cpu:      200m
      memory:   256Mi
    Liveness:   http-get http://:42069/healthz delay=60s timeout=1s period=30s #success=1 #failure=3
    Readiness:  http-get http://:42069/healthz/ready delay=5s timeout=1s period=10s #success=1 #failure=3
    Startup:    http-get http://:42069/healthz delay=0s timeout=1s period=5s #success=1 #failure=30
    Environment:
      ASPNETCORE_ENVIRONMENT:                   Production
      ASPNETCORE_URLS:                          http://+:42069
      DOTNET_USE_POLLING_FILE_WATCHER:          true
      Hermod__Security__AuthBypass:             true
      Hermod__Security__VaultRequireHttps:      false
      Hermod__Features__MetricsEndpoint:        true
      Hermod__Dev__Endpoints:                   true
      Hermod__Mqtt__Host:                       nanomq
      Hermod__Mqtt__Port:                       1883
      Hermod__Mqtt__UseTls:                     false
      Hermod__Mqtt__Tls__UseTls:                false
      Hermod__Mqtt__Username:                   <set to the key 'mqtt-username' in secret 'hermod-secrets'>  Optional: false
      Hermod__Mqtt__Password:                   <set to the key 'mqtt-password' in secret 'hermod-secrets'>  Optional: false
      Hermod__Database__ConnectionString:       Host=postgres;Port=5432;Database=hermod;Username=hermod_app
      Hermod__Database__Password:               <set to the key 'hermod-db-password' in secret 'hermod-db-credentials'>  Optional: false
      Hermod__Features__DeviceStateTracking:    true
      Hermod__Engine__LogBatchSize:             100
      Hermod__Engine__LogBatching:              true
      Hermod__Engine__Parallelism:              0
      Hermod__Features__MessagePersistence:     true
      Hermod__Features__RuleAuditLog:           true
      Hermod__Features__RuleCache:              true
      Hermod__Features__StatsRollup:            true
      Hermod__Storage__Mode:                    Postgres
      Logging__LogLevel__Hermod:                Information
      Logging__LogLevel__Microsoft.AspNetCore:  Warning
      HERMOD_UUID_TRACE_ENABLED:                true
    Mounts:
      /var/run/secrets/kubernetes.io/serviceaccount from kube-api-access-g2nzb (ro)
Conditions:
  Type                        Status
  PodReadyToStartContainers   True 
  Initialized                 True 
  Ready                       True 
  ContainersReady             True 
  PodScheduled                True 
Volumes:
  kube-api-access-g2nzb:
    Type:                    Projected (a volume that contains injected data from multiple sources)
    TokenExpirationSeconds:  3607
    ConfigMapName:           kube-root-ca.crt
    Optional:                false
    DownwardAPI:             true
QoS Class:                   Burstable
Node-Selectors:              <none>
Tolerations:                 node.kubernetes.io/not-ready:NoExecute op=Exists for 300s
                             node.kubernetes.io/unreachable:NoExecute op=Exists for 300s
Events:
  Type    Reason     Age   From               Message
  ----    ------     ----  ----               -------
  Normal  Scheduled  3m9s  default-scheduler  Successfully assigned coord-only/hermod-coordinator-7db5c97c54-jhh6m to <pi-host>
  Normal  Pulled     3m9s  kubelet            spec.initContainers{wait-for-postgres}: Container image "busybox:1.36" already present on machine
  Normal  Created    3m9s  kubelet            spec.initContainers{wait-for-postgres}: Created container: wait-for-postgres
  Normal  Started    3m9s  kubelet            spec.initContainers{wait-for-postgres}: Started container wait-for-postgres
  Normal  Pulled     3m8s  kubelet            spec.initContainers{wait-for-nanomq}: Container image "busybox:1.36" already present on machine
  Normal  Created    3m8s  kubelet            spec.initContainers{wait-for-nanomq}: Created container: wait-for-nanomq
  Normal  Started    3m8s  kubelet            spec.initContainers{wait-for-nanomq}: Started container wait-for-nanomq
  Normal  Pulled     3m7s  kubelet            spec.containers{hermod-coordinator}: Container image "hermod-coordinator:latest" already present on machine
  Normal  Created    3m7s  kubelet            spec.containers{hermod-coordinator}: Created container: hermod-coordinator
  Normal  Started    3m7s  kubelet            spec.containers{hermod-coordinator}: Started container hermod-coordinator


Name:             nanomq-d6c898bcc-hz5s5
Namespace:        coord-only
Priority:         0
Service Account:  default
Node:             <pi-host>/<pi-ip>
Start Time:       Mon, 27 Apr 2026 07:32:04 +0200
Labels:           app=nanomq
                  pod-template-hash=d6c898bcc
Annotations:      cni.projectcalico.org/containerID: c110998772d8193528fa9ba2064db6ced4a8343d711ad63f6cd647f9106c23e1
                  cni.projectcalico.org/podIP: <pod-ip>/32
                  cni.projectcalico.org/podIPs: <pod-ip>/32
                  kubectl.kubernetes.io/restartedAt: 2026-04-27T07:32:03+02:00
Status:           Running
IP:               <pod-ip>
IPs:
  IP:           <pod-ip>
Controlled By:  ReplicaSet/nanomq-d6c898bcc
Containers:
  nanomq:
    Container ID:   containerd://8ff41f1e718ab50a37a41bbfa7b9433cb02d1c566035821c9f17eccd2a391f9c
    Image:          emqx/nanomq:0.21-slim
    Image ID:       docker.io/emqx/nanomq@sha256:53bea7acb547aced1cc45e08c514628f1e41c4da9ad544fd8c5fa96d3e9eb41b
    Ports:          1883/TCP (mqtt), 8081/TCP (http)
    Host Ports:     0/TCP (mqtt), 0/TCP (http)
    State:          Running
      Started:      Mon, 27 Apr 2026 07:32:05 +0200
    Ready:          True
    Restart Count:  0
    Limits:
      cpu:     1
      memory:  512Mi
    Requests:
      cpu:        50m
      memory:     64Mi
    Liveness:     tcp-socket :1883 delay=10s timeout=1s period=10s #success=1 #failure=3
    Readiness:    tcp-socket :1883 delay=3s timeout=1s period=5s #success=1 #failure=3
    Environment:  <none>
    Mounts:
      /etc/nanomq.conf from config (rw,path="nanomq.conf")
      /var/run/secrets/kubernetes.io/serviceaccount from kube-api-access-shsrs (ro)
Conditions:
  Type                        Status
  PodReadyToStartContainers   True 
  Initialized                 True 
  Ready                       True 
  ContainersReady             True 
  PodScheduled                True 
Volumes:
  config:
    Type:      ConfigMap (a volume populated by a ConfigMap)
    Name:      nanomq-config
    Optional:  false
  kube-api-access-shsrs:
    Type:                    Projected (a volume that contains injected data from multiple sources)
    TokenExpirationSeconds:  3607
    ConfigMapName:           kube-root-ca.crt
    Optional:                false
    DownwardAPI:             true
QoS Class:                   Burstable
Node-Selectors:              <none>
Tolerations:                 node.kubernetes.io/not-ready:NoExecute op=Exists for 300s
                             node.kubernetes.io/unreachable:NoExecute op=Exists for 300s
Events:
  Type    Reason     Age    From               Message
  ----    ------     ----   ----               -------
  Normal  Scheduled  3m23s  default-scheduler  Successfully assigned coord-only/nanomq-d6c898bcc-hz5s5 to <pi-host>
  Normal  Pulled     3m23s  kubelet            spec.containers{nanomq}: Container image "emqx/nanomq:0.21-slim" already present on machine
  Normal  Created    3m23s  kubelet            spec.containers{nanomq}: Created container: nanomq
  Normal  Started    3m23s  kubelet            spec.containers{nanomq}: Started container nanomq


Name:             postgres-0
Namespace:        coord-only
Priority:         0
Service Account:  default
Node:             <pi-host>/<pi-ip>
Start Time:       Mon, 27 Apr 2026 04:16:57 +0200
Labels:           app=postgres
                  apps.kubernetes.io/pod-index=0
                  controller-revision-hash=postgres-6497897965
                  statefulset.kubernetes.io/pod-name=postgres-0
Annotations:      cni.projectcalico.org/containerID: 69fb4823b666d3d2a1395c00ab9b26a33337431372918fb41d9f85f42d91a056
                  cni.projectcalico.org/podIP: <pod-ip>/32
                  cni.projectcalico.org/podIPs: <pod-ip>/32
Status:           Running
IP:               <pod-ip>
IPs:
  IP:           <pod-ip>
Controlled By:  StatefulSet/postgres
Containers:
  postgres:
    Container ID:  containerd://adf8585ccc9b705cf0261f22f8e1c254a24670c72b998bb7a052f31e3a5ae5be
    Image:         postgres:17-alpine
    Image ID:      docker.io/library/postgres@sha256:778d0b486d6daa02b77434d0358ec57a1b21fd8b6d22ac2eef56a33e816928f6
    Port:          5432/TCP
    Host Port:     0/TCP
    Args:
      -c
      shared_buffers=256MB
      -c
      max_connections=200
      -c
      work_mem=16MB
    State:          Running
      Started:      Mon, 27 Apr 2026 04:16:58 +0200
    Ready:          True
    Restart Count:  0
    Limits:
      cpu:     1500m
      memory:  1536Mi
    Requests:
      cpu:      100m
      memory:   256Mi
    Liveness:   exec [pg_isready -U postgres] delay=30s timeout=1s period=10s #success=1 #failure=3
    Readiness:  exec [pg_isready -U postgres] delay=5s timeout=1s period=5s #success=1 #failure=3
    Environment:
      POSTGRES_DB:        postgres
      POSTGRES_USER:      postgres
      POSTGRES_PASSWORD:  <set to the key 'postgres-superuser-password' in secret 'hermod-secrets'>  Optional: false
    Mounts:
      /docker-entrypoint-initdb.d from init (rw)
      /var/lib/postgresql/data from data (rw)
      /var/run/secrets/kubernetes.io/serviceaccount from kube-api-access-79j56 (ro)
Conditions:
  Type                        Status
  PodReadyToStartContainers   True 
  Initialized                 True 
  Ready                       True 
  ContainersReady             True 
  PodScheduled                True 
Volumes:
  data:
    Type:       PersistentVolumeClaim (a reference to a PersistentVolumeClaim in the same namespace)
    ClaimName:  data-postgres-0
    ReadOnly:   false
  init:
    Type:      ConfigMap (a volume populated by a ConfigMap)
    Name:      postgres-init
    Optional:  false
  kube-api-access-79j56:
    Type:                    Projected (a volume that contains injected data from multiple sources)
    TokenExpirationSeconds:  3607
    ConfigMapName:           kube-root-ca.crt
    Optional:                false
    DownwardAPI:             true
QoS Class:                   Burstable
Node-Selectors:              <none>
Tolerations:                 node.kubernetes.io/not-ready:NoExecute op=Exists for 300s
                             node.kubernetes.io/unreachable:NoExecute op=Exists for 300s
Events:                      <none>

